# MuJoCo material-split OBJ
v -1.85534024 3.95488191 1.76173818
v -2.06035876 3.95488191 1.63961089
v -2.1824863 3.95488191 1.43459225
v -2.1824863 3.95488191 1.43459225
v -2.22494864 3.95488191 1.12816536
v -2.22494864 3.95488191 -1.46966136
v -2.22494864 3.95488191 -1.46966136
v -2.1824863 3.95488191 -1.77608824
v -2.06035876 3.95488191 -1.98110688
v -2.1824863 3.95488191 1.43459225
v -2.22494864 3.95488191 -1.46966136
v -2.06035876 3.95488191 -1.98110688
v -2.06035876 3.95488191 -1.98110688
v -1.85534024 3.95488191 -2.10323429
v -1.5489136 3.95488191 -2.14569664
v -2.1824863 3.95488191 1.43459225
v -2.06035876 3.95488191 -1.98110688
v -1.5489136 3.95488191 -2.14569664
v -1.5489136 3.95488191 -2.14569664
v 0 3.95488191 -2.14569664
v 0 3.95488191 1.80420065
v -2.1824863 3.95488191 1.43459225
v -1.5489136 3.95488191 -2.14569664
v 0 3.95488191 1.80420065
v -1.85534024 3.95488191 1.76173818
v -2.1824863 3.95488191 1.43459225
v 0 3.95488191 1.80420065
v -1.5489136 3.95488191 1.80420065
v -1.85534024 3.95488191 1.76173818
v 0 3.95488191 1.80420065
v -2.08456063 4.49107409 1.39982462
v -1.98688018 4.49107409 1.56613219
v -1.82057261 4.49107409 1.66381264
v -1.82057261 4.49107409 1.66381264
v -1.54154718 4.49107409 1.7005477
v 0 4.49107409 1.7005477
v 0 4.49107409 1.7005477
v 0 4.49107409 -2.04204369
v -1.54154718 4.49107409 -2.04204369
v -1.82057261 4.49107409 1.66381264
v 0 4.49107409 1.7005477
v -1.54154718 4.49107409 -2.04204369
v -1.54154718 4.49107409 -2.04204369
v -1.82057261 4.49107409 -2.00530863
v -1.98688018 4.49107409 -1.90762818
v -1.98688018 4.49107409 -1.90762818
v -2.08456063 4.49107409 -1.74132061
v -2.12129569 4.49107409 -1.46229506
v -1.54154718 4.49107409 -2.04204369
v -1.98688018 4.49107409 -1.90762818
v -2.12129569 4.49107409 -1.46229506
v -1.82057261 4.49107409 1.66381264
v -1.54154718 4.49107409 -2.04204369
v -2.12129569 4.49107409 -1.46229506
v -2.08456063 4.49107409 1.39982462
v -1.82057261 4.49107409 1.66381264
v -2.12129569 4.49107409 -1.46229506
v -2.12129569 4.49107409 1.12079906
v -2.08456063 4.49107409 1.39982462
v -2.12129569 4.49107409 -1.46229506
v 0 4.02213001 1.87925196
v 0 4.31191921 1.87925196
v -1.55424726 4.31191921 1.87925196
v -1.55424726 4.31191921 1.87925196
v -1.55424726 4.02213001 1.87925196
v 0 4.02213001 1.87925196
v -2.29999995 4.02213001 -1.47499514
v -2.29999995 4.02213001 1.13349915
v -2.29999995 4.31191921 1.13349915
v -2.29999995 4.31191921 1.13349915
v -2.29999995 4.31191921 -1.47499514
v -2.29999995 4.02213001 -1.47499514
v -1.88051403 4.02213001 1.83264256
v -1.55424726 4.02213001 1.87925196
v -1.55424726 4.31191921 1.87925196
v -1.55424726 4.31191921 1.87925196
v -1.88051403 4.31191921 1.83264256
v -1.88051403 4.02213001 1.83264256
v -1.88051403 4.31191921 -2.17413855
v -1.55424726 4.31191921 -2.22074795
v -1.55424726 4.02213001 -2.22074795
v -1.55424726 4.02213001 -2.22074795
v -1.88051403 4.02213001 -2.17413855
v -1.88051403 4.31191921 -2.17413855
v -2.11356187 4.02213001 1.69281387
v -1.88051403 4.02213001 1.83264256
v -1.88051403 4.31191921 1.83264256
v -1.88051403 4.31191921 1.83264256
v -2.11356187 4.31191921 1.69281387
v -2.11356187 4.02213001 1.69281387
v -2.25339055 4.02213001 1.45976603
v -2.11356187 4.02213001 1.69281387
v -2.11356187 4.31191921 1.69281387
v -2.11356187 4.31191921 1.69281387
v -2.25339055 4.31191921 1.45976603
v -2.25339055 4.02213001 1.45976603
v -2.29999995 4.02213001 1.13349915
v -2.25339055 4.02213001 1.45976603
v -2.25339055 4.31191921 1.45976603
v -2.25339055 4.31191921 1.45976603
v -2.29999995 4.31191921 1.13349915
v -2.29999995 4.02213001 1.13349915
v -2.11356187 4.31191921 -2.03430986
v -1.88051403 4.31191921 -2.17413855
v -1.88051403 4.02213001 -2.17413855
v -1.88051403 4.02213001 -2.17413855
v -2.11356187 4.02213001 -2.03430986
v -2.11356187 4.31191921 -2.03430986
v -2.25339055 4.31191921 -1.80126202
v -2.11356187 4.31191921 -2.03430986
v -2.11356187 4.02213001 -2.03430986
v -2.11356187 4.02213001 -2.03430986
v -2.25339055 4.02213001 -1.80126202
v -2.25339055 4.31191921 -1.80126202
v -2.29999995 4.31191921 -1.47499514
v -2.25339055 4.31191921 -1.80126202
v -2.25339055 4.02213001 -1.80126202
v -2.25339055 4.02213001 -1.80126202
v -2.29999995 4.02213001 -1.47499514
v -2.29999995 4.31191921 -1.47499514
v -1.54154718 4.49107409 1.7005477
v -1.55107224 4.44628525 1.83457589
v 0 4.44628525 1.83457589
v 0 4.44628525 1.83457589
v 0 4.49107409 1.7005477
v -1.54154718 4.49107409 1.7005477
v -2.25532389 4.44628525 1.13032401
v -2.12129569 4.49107409 1.12079906
v -2.12129569 4.49107409 -1.46229506
v -2.12129569 4.49107409 -1.46229506
v -2.25532389 4.44628525 -1.47182
v -2.25532389 4.44628525 1.13032401
v -1.55107224 4.44628525 1.83457589
v -1.54154718 4.49107409 1.7005477
v -1.82057261 4.49107409 1.66381264
v -1.82057261 4.49107409 1.66381264
v -1.8655287 4.44628525 1.79043496
v -1.55107224 4.44628525 1.83457589
v -2.25532389 4.44628525 -1.47182
v -2.12129569 4.49107409 -1.46229506
v -2.08456063 4.49107409 -1.74132061
v -2.08456063 4.49107409 -1.74132061
v -2.21118307 4.44628525 -1.7862767
v -2.25532389 4.44628525 -1.47182
v -2.21118307 4.44628525 1.44478071
v -2.08456063 4.49107409 1.39982462
v -2.12129569 4.49107409 1.12079906
v -2.12129569 4.49107409 1.12079906
v -2.25532389 4.44628525 1.13032401
v -2.21118307 4.44628525 1.44478071
v -2.08189154 4.44628525 1.66114342
v -1.98688018 4.49107409 1.56613219
v -2.08456063 4.49107409 1.39982462
v -2.08456063 4.49107409 1.39982462
v -2.21118307 4.44628525 1.44478071
v -2.08189154 4.44628525 1.66114342
v -1.8655287 4.44628525 1.79043496
v -1.82057261 4.49107409 1.66381264
v -1.98688018 4.49107409 1.56613219
v -1.98688018 4.49107409 1.56613219
v -2.08189154 4.44628525 1.66114342
v -1.8655287 4.44628525 1.79043496
v -1.8655287 4.44628525 -2.13193083
v -1.82057261 4.49107409 -2.00530863
v -1.54154718 4.49107409 -2.04204369
v -1.54154718 4.49107409 -2.04204369
v -1.55107224 4.44628525 -2.17607188
v -1.8655287 4.44628525 -2.13193083
v -2.08189154 4.44628525 -2.00263929
v -1.98688018 4.49107409 -1.90762818
v -1.82057261 4.49107409 -2.00530863
v -1.82057261 4.49107409 -2.00530863
v -1.8655287 4.44628525 -2.13193083
v -2.08189154 4.44628525 -2.00263929
v -2.21118307 4.44628525 -1.7862767
v -2.08456063 4.49107409 -1.74132061
v -1.98688018 4.49107409 -1.90762818
v -1.98688018 4.49107409 -1.90762818
v -2.08189154 4.44628525 -2.00263929
v -2.21118307 4.44628525 -1.7862767
v -1.55424726 4.31191921 1.87925196
v 0 4.31191921 1.87925196
v 0 4.44628525 1.83457589
v 0 4.44628525 1.83457589
v -1.55107224 4.44628525 1.83457589
v -1.55424726 4.31191921 1.87925196
v -2.29999995 4.31191921 1.13349915
v -2.25532389 4.44628525 1.13032401
v -2.25532389 4.44628525 -1.47182
v -2.25532389 4.44628525 -1.47182
v -2.29999995 4.31191921 -1.47499514
v -2.29999995 4.31191921 1.13349915
v -1.55424726 4.31191921 1.87925196
v -1.55107224 4.44628525 1.83457589
v -1.8655287 4.44628525 1.79043496
v -1.8655287 4.44628525 1.79043496
v -1.88051403 4.31191921 1.83264256
v -1.55424726 4.31191921 1.87925196
v -2.29999995 4.31191921 -1.47499514
v -2.25532389 4.44628525 -1.47182
v -2.21118307 4.44628525 -1.7862767
v -2.21118307 4.44628525 -1.7862767
v -2.25339055 4.31191921 -1.80126202
v -2.29999995 4.31191921 -1.47499514
v -2.25339055 4.31191921 1.45976603
v -2.21118307 4.44628525 1.44478071
v -2.25532389 4.44628525 1.13032401
v -2.25532389 4.44628525 1.13032401
v -2.29999995 4.31191921 1.13349915
v -2.25339055 4.31191921 1.45976603
v -2.11356187 4.31191921 1.69281387
v -2.08189154 4.44628525 1.66114342
v -2.21118307 4.44628525 1.44478071
v -2.21118307 4.44628525 1.44478071
v -2.25339055 4.31191921 1.45976603
v -2.11356187 4.31191921 1.69281387
v -1.88051403 4.31191921 1.83264256
v -1.8655287 4.44628525 1.79043496
v -2.08189154 4.44628525 1.66114342
v -2.08189154 4.44628525 1.66114342
v -2.11356187 4.31191921 1.69281387
v -1.88051403 4.31191921 1.83264256
v -1.88051403 4.31191921 -2.17413855
v -1.8655287 4.44628525 -2.13193083
v -1.55107224 4.44628525 -2.17607188
v -1.55107224 4.44628525 -2.17607188
v -1.55424726 4.31191921 -2.22074795
v -1.88051403 4.31191921 -2.17413855
v -2.11356187 4.31191921 -2.03430986
v -2.08189154 4.44628525 -2.00263929
v -1.8655287 4.44628525 -2.13193083
v -1.8655287 4.44628525 -2.13193083
v -1.88051403 4.31191921 -2.17413855
v -2.11356187 4.31191921 -2.03430986
v -2.25339055 4.31191921 -1.80126202
v -2.21118307 4.44628525 -1.7862767
v -2.08189154 4.44628525 -2.00263929
v -2.08189154 4.44628525 -2.00263929
v -2.11356187 4.31191921 -2.03430986
v -2.25339055 4.31191921 -1.80126202
v -1.55424726 4.02213001 -2.22074795
v -1.55424726 4.31191921 -2.22074795
v 0 4.31191921 -2.22074795
v 0 4.31191921 -2.22074795
v 0 4.02213001 -2.22074795
v -1.55424726 4.02213001 -2.22074795
v 0 4.44628525 -2.17607188
v -1.55107224 4.44628525 -2.17607188
v -1.54154718 4.49107409 -2.04204369
v -1.54154718 4.49107409 -2.04204369
v 0 4.49107409 -2.04204369
v 0 4.44628525 -2.17607188
v -1.55424726 4.31191921 -2.22074795
v -1.55107224 4.44628525 -2.17607188
v 0 4.44628525 -2.17607188
v 0 4.44628525 -2.17607188
v 0 4.31191921 -2.22074795
v -1.55424726 4.31191921 -2.22074795
v -1.55424726 4.02213001 1.87925196
v -1.5489136 3.95488191 1.80420065
v 0 3.95488191 1.80420065
v 0 3.95488191 1.80420065
v 0 4.02213001 1.87925196
v -1.55424726 4.02213001 1.87925196
v -2.29999995 4.02213001 1.13349915
v -2.29999995 4.02213001 -1.47499514
v -2.22494864 3.95488191 -1.46966136
v -2.22494864 3.95488191 -1.46966136
v -2.22494864 3.95488191 1.12816536
v -2.29999995 4.02213001 1.13349915
v -1.55424726 4.02213001 -2.22074795
v 0 4.02213001 -2.22074795
v 0 3.95488191 -2.14569664
v 0 3.95488191 -2.14569664
v -1.5489136 3.95488191 -2.14569664
v -1.55424726 4.02213001 -2.22074795
v -2.1824863 3.95488191 1.43459225
v -2.25339055 4.02213001 1.45976603
v -2.29999995 4.02213001 1.13349915
v -2.29999995 4.02213001 1.13349915
v -2.22494864 3.95488191 1.12816536
v -2.1824863 3.95488191 1.43459225
v -1.85534024 3.95488191 -2.10323429
v -1.88051403 4.02213001 -2.17413855
v -1.55424726 4.02213001 -2.22074795
v -1.55424726 4.02213001 -2.22074795
v -1.5489136 3.95488191 -2.14569664
v -1.85534024 3.95488191 -2.10323429
v -1.55424726 4.02213001 1.87925196
v -1.88051403 4.02213001 1.83264256
v -1.85534024 3.95488191 1.76173818
v -1.85534024 3.95488191 1.76173818
v -1.5489136 3.95488191 1.80420065
v -1.55424726 4.02213001 1.87925196
v -1.88051403 4.02213001 1.83264256
v -2.11356187 4.02213001 1.69281387
v -2.06035876 3.95488191 1.63961089
v -2.06035876 3.95488191 1.63961089
v -1.85534024 3.95488191 1.76173818
v -1.88051403 4.02213001 1.83264256
v -2.06035876 3.95488191 1.63961089
v -2.11356187 4.02213001 1.69281387
v -2.25339055 4.02213001 1.45976603
v -2.25339055 4.02213001 1.45976603
v -2.1824863 3.95488191 1.43459225
v -2.06035876 3.95488191 1.63961089
v -2.29999995 4.02213001 -1.47499514
v -2.25339055 4.02213001 -1.80126202
v -2.1824863 3.95488191 -1.77608824
v -2.1824863 3.95488191 -1.77608824
v -2.22494864 3.95488191 -1.46966136
v -2.29999995 4.02213001 -1.47499514
v -2.25339055 4.02213001 -1.80126202
v -2.11356187 4.02213001 -2.03430986
v -2.06035876 3.95488191 -1.98110688
v -2.06035876 3.95488191 -1.98110688
v -2.1824863 3.95488191 -1.77608824
v -2.25339055 4.02213001 -1.80126202
v -2.06035876 3.95488191 -1.98110688
v -2.11356187 4.02213001 -2.03430986
v -1.88051403 4.02213001 -2.17413855
v -1.88051403 4.02213001 -2.17413855
v -1.85534024 3.95488191 -2.10323429
v -2.06035876 3.95488191 -1.98110688
v -2.26249671 0.440877914 1.6205039
v -2.30789495 0.49191165 1.71749949
v -2.27660346 0.153106213 1.93116426
v -2.27660346 0.153106213 1.93116426
v -2.21802831 0.0874099731 1.80593729
v -2.26249671 0.440877914 1.6205039
v -2.30789495 0.49191165 1.71749949
v -2.41749668 0.513281584 1.75755489
v -2.41801691 0.18031764 1.98303533
v -2.41801691 0.18031764 1.98303533
v -2.27660346 0.153106213 1.93116426
v -2.30789495 0.49191165 1.71749949
v -2.41749668 0.513281584 1.75755489
v -2.52709794 0.492471695 1.71720576
v -2.55943012 0.153106213 1.93116426
v -2.55943012 0.153106213 1.93116426
v -2.41801691 0.18031764 1.98303533
v -2.41749668 0.513281584 1.75755489
v -2.52709794 0.492471695 1.71720576
v -2.57249618 0.441670179 1.62008846
v -2.61800551 0.0874099731 1.80593729
v -2.61800551 0.0874099731 1.80593729
v -2.55943012 0.153106213 1.93116426
v -2.52709794 0.492471695 1.71720576
v -2.57249618 0.441670179 1.62008846
v -2.52709794 0.390637875 1.52309275
v -2.55943012 0.0217144489 1.68070984
v -2.55943012 0.0217144489 1.68070984
v -2.61800551 0.0874099731 1.80593729
v -2.57249618 0.441670179 1.62008846
v -2.52709794 0.390637875 1.52309275
v -2.41749644 0.369266748 1.48303747
v -2.41801691 -0.00549769402 1.62883925
v -2.41801691 -0.00549769402 1.62883925
v -2.55943012 0.0217144489 1.68070984
v -2.52709794 0.390637875 1.52309275
v -2.41749644 0.369266748 1.48303747
v -2.30789495 0.390077829 1.52338648
v -2.27660346 0.0217144489 1.68071008
v -2.27660346 0.0217144489 1.68071008
v -2.41801691 -0.00549769402 1.62883925
v -2.41749644 0.369266748 1.48303747
v -2.30789495 0.390077829 1.52338648
v -2.26249671 0.440877914 1.6205039
v -2.21802831 0.0874099731 1.80593729
v -2.21802831 0.0874099731 1.80593729
v -2.27660346 0.0217144489 1.68071008
v -2.30789495 0.390077829 1.52338648
v -2.24424267 6.94073868 -1.66562605
v -2.30841541 6.30116558 -1.33009923
v -2.26301694 6.24814034 -1.42604959
v -2.26301694 6.24814034 -1.42604959
v -2.19974184 6.88015461 -1.75761151
v -2.24424267 6.94073868 -1.66562605
v -2.35167694 6.9851656 -1.63766658
v -2.41801691 6.3273468 -1.29256761
v -2.30841541 6.30116558 -1.33009923
v -2.30841541 6.30116558 -1.33009923
v -2.24424267 6.94073868 -1.66562605
v -2.35167694 6.9851656 -1.63766658
v -2.45911121 6.98741198 -1.69011152
v -2.52761841 6.31134605 -1.33544016
v -2.41801691 6.3273468 -1.29256761
v -2.41801691 6.3273468 -1.29256761
v -2.35167694 6.9851656 -1.63766658
v -2.45911121 6.98741198 -1.69011152
v -2.5036118 6.94616127 -1.79223919
v -2.57301688 6.26253796 -1.43360269
v -2.52761841 6.31134605 -1.33544016
v -2.52761841 6.31134605 -1.33544016
v -2.45911121 6.98741198 -1.69011152
v -2.5036118 6.94616127 -1.79223919
v -2.45911121 6.88557816 -1.88422453
v -2.52761841 6.20951271 -1.52955317
v -2.57301688 6.26253796 -1.43360269
v -2.57301688 6.26253796 -1.43360269
v -2.5036118 6.94616127 -1.79223919
v -2.45911121 6.88557816 -1.88422453
v -2.35167694 6.84115076 -1.912184
v -2.41801691 6.18333149 -1.56708491
v -2.52761841 6.20951271 -1.52955317
v -2.52761841 6.20951271 -1.52955317
v -2.45911121 6.88557816 -1.88422453
v -2.35167694 6.84115076 -1.912184
v -2.24424267 6.83890438 -1.85973907
v -2.30841541 6.19933176 -1.52421236
v -2.41801691 6.18333149 -1.56708491
v -2.41801691 6.18333149 -1.56708491
v -2.35167694 6.84115076 -1.912184
v -2.24424267 6.83890438 -1.85973907
v -2.19974184 6.88015461 -1.75761151
v -2.26301694 6.24814034 -1.42604959
v -2.30841541 6.19933176 -1.52421236
v -2.30841541 6.19933176 -1.52421236
v -2.24424267 6.83890438 -1.85973907
v -2.19974184 6.88015461 -1.75761151
v -2.0599308 7.36332417 -1.88731945
v -2.24424267 6.94073868 -1.66562605
v -2.19974184 6.88015461 -1.75761151
v -2.19974184 6.88015461 -1.75761151
v -2.0209024 7.29047728 -1.97287095
v -2.0599308 7.36332417 -1.88731945
v -2.15415406 7.43735981 -1.87489283
v -2.35167694 6.9851656 -1.63766658
v -2.24424267 6.94073868 -1.66562605
v -2.24424267 6.94073868 -1.66562605
v -2.0599308 7.36332417 -1.88731945
v -2.15415406 7.43735981 -1.87489283
v -2.24837708 7.46921444 -1.94287062
v -2.45911121 6.98741198 -1.69011152
v -2.35167694 6.9851656 -1.63766658
v -2.35167694 6.9851656 -1.63766658
v -2.15415406 7.43735981 -1.87489283
v -2.24837708 7.46921444 -1.94287062
v -2.28740573 7.44022846 -2.05143213
v -2.5036118 6.94616127 -1.79223919
v -2.45911121 6.98741198 -1.69011152
v -2.45911121 6.98741198 -1.69011152
v -2.24837708 7.46921444 -1.94287062
v -2.28740573 7.44022846 -2.05143213
v -2.24837708 7.36738062 -2.13698363
v -2.45911121 6.88557816 -1.88422453
v -2.5036118 6.94616127 -1.79223919
v -2.5036118 6.94616127 -1.79223919
v -2.28740573 7.44022846 -2.05143213
v -2.24837708 7.36738062 -2.13698363
v -2.15415406 7.29334545 -2.14941025
v -2.35167694 6.84115076 -1.912184
v -2.45911121 6.88557816 -1.88422453
v -2.45911121 6.88557816 -1.88422453
v -2.24837708 7.36738062 -2.13698363
v -2.15415406 7.29334545 -2.14941025
v -2.0599308 7.26149035 -2.08143234
v -2.24424267 6.83890438 -1.85973907
v -2.35167694 6.84115076 -1.912184
v -2.35167694 6.84115076 -1.912184
v -2.15415406 7.29334545 -2.14941025
v -2.0599308 7.26149035 -2.08143234
v -2.0209024 7.29047728 -1.97287095
v -2.19974184 6.88015461 -1.75761151
v -2.24424267 6.83890438 -1.85973907
v -2.24424267 6.83890438 -1.85973907
v -2.0599308 7.26149035 -2.08143234
v -2.0209024 7.29047728 -1.97287095
v -1.79079461 7.62275314 -2.0234189
v -2.0599308 7.36332417 -1.88731945
v -2.0209024 7.29047728 -1.97287095
v -2.0209024 7.29047728 -1.97287095
v -1.76365304 7.53870964 -2.10309649
v -1.79079461 7.62275314 -2.0234189
v -1.85632014 7.72381973 -2.02517271
v -2.15415406 7.43735981 -1.87489283
v -2.0599308 7.36332417 -1.88731945
v -2.0599308 7.36332417 -1.88731945
v -1.79079461 7.62275314 -2.0234189
v -1.85632014 7.72381973 -2.02517271
v -1.92184567 7.78270435 -2.1073308
v -2.24837708 7.46921444 -1.94287062
v -2.15415406 7.43735981 -1.87489283
v -2.15415406 7.43735981 -1.87489283
v -1.85632014 7.72381973 -2.02517271
v -1.92184567 7.78270435 -2.1073308
v -1.94898713 7.76491451 -2.221766
v -2.28740573 7.44022846 -2.05143213
v -2.24837708 7.46921444 -1.94287062
v -2.24837708 7.46921444 -1.94287062
v -1.92184567 7.78270435 -2.1073308
v -1.94898713 7.76491451 -2.221766
v -1.92184556 7.68087006 -2.30144382
v -2.24837708 7.36738062 -2.13698363
v -2.28740573 7.44022846 -2.05143213
v -2.28740573 7.44022846 -2.05143213
v -1.94898713 7.76491451 -2.221766
v -1.92184556 7.68087006 -2.30144382
v -1.85632014 7.57980442 -2.29969001
v -2.15415406 7.29334545 -2.14941025
v -2.24837708 7.36738062 -2.13698363
v -2.24837708 7.36738062 -2.13698363
v -1.92184556 7.68087006 -2.30144382
v -1.85632014 7.57980442 -2.29969001
v -1.79079461 7.5209198 -2.21753192
v -2.0599308 7.26149035 -2.08143234
v -2.15415406 7.29334545 -2.14941025
v -2.15415406 7.29334545 -2.14941025
v -1.85632014 7.57980442 -2.29969001
v -1.79079461 7.5209198 -2.21753192
v -1.76365304 7.53870964 -2.10309649
v -2.0209024 7.29047728 -1.97287095
v -2.0599308 7.26149035 -2.08143234
v -2.0599308 7.26149035 -2.08143234
v -1.79079461 7.5209198 -2.21753192
v -1.76365304 7.53870964 -2.10309649
v -1.44529855 7.76377249 -2.097399
v -1.79079461 7.62275314 -2.0234189
v -1.76365304 7.53870964 -2.10309649
v -1.76365304 7.53870964 -2.10309649
v -1.43121517 7.67429733 -2.17422748
v -1.44529855 7.76377249 -2.097399
v -1.47929895 7.87795019 -2.10603142
v -1.85632014 7.72381973 -2.02517271
v -1.79079461 7.62275314 -2.0234189
v -1.79079461 7.62275314 -2.0234189
v -1.44529855 7.76377249 -2.097399
v -1.47929895 7.87795019 -2.10603142
v -1.51329923 7.94994736 -2.19506812
v -1.92184567 7.78270435 -2.1073308
v -1.85632014 7.72381973 -2.02517271
v -1.85632014 7.72381973 -2.02517271
v -1.47929895 7.87795019 -2.10603142
v -1.51329923 7.94994736 -2.19506812
v -1.52738261 7.93758869 -2.31235266
v -1.94898713 7.76491451 -2.221766
v -1.92184567 7.78270435 -2.1073308
v -1.92184567 7.78270435 -2.1073308
v -1.51329923 7.94994736 -2.19506812
v -1.52738261 7.93758869 -2.31235266
v -1.51329923 7.84811306 -2.38918114
v -1.92184556 7.68087006 -2.30144382
v -1.94898713 7.76491451 -2.221766
v -1.94898713 7.76491451 -2.221766
v -1.52738261 7.93758869 -2.31235266
v -1.51329923 7.84811306 -2.38918114
v -1.47929895 7.73393536 -2.38054872
v -1.85632014 7.57980442 -2.29969001
v -1.92184556 7.68087006 -2.30144382
v -1.92184556 7.68087006 -2.30144382
v -1.51329923 7.84811306 -2.38918114
v -1.47929895 7.73393536 -2.38054872
v -1.44529855 7.66193867 -2.29151201
v -1.79079461 7.5209198 -2.21753192
v -1.85632014 7.57980442 -2.29969001
v -1.85632014 7.57980442 -2.29969001
v -1.47929895 7.73393536 -2.38054872
v -1.44529855 7.66193867 -2.29151201
v -1.43121517 7.67429733 -2.17422748
v -1.76365304 7.53870964 -2.10309649
v -1.79079461 7.5209198 -2.21753192
v -1.79079461 7.5209198 -2.21753192
v -1.44529855 7.66193867 -2.29151201
v -1.43121517 7.67429733 -2.17422748
v -1.03954303 7.8244729 -2.12924314
v -1.44529855 7.76377249 -2.097399
v -1.43121517 7.67429733 -2.17422748
v -1.43121517 7.67429733 -2.17422748
v -1.03369498 7.7336216 -2.20534945
v -1.03954303 7.8244729 -2.12924314
v -1.05366123 7.94197369 -2.13961887
v -1.47929895 7.87795019 -2.10603142
v -1.44529855 7.76377249 -2.097399
v -1.44529855 7.76377249 -2.097399
v -1.03954303 7.8244729 -2.12924314
v -1.05366123 7.94197369 -2.13961887
v -1.06777954 8.01729393 -2.23039913
v -1.51329923 7.94994736 -2.19506812
v -1.47929895 7.87795019 -2.10603142
v -1.47929895 7.87795019 -2.10603142
v -1.05366123 7.94197369 -2.13961887
v -1.06777954 8.01729393 -2.23039913
v -1.07362747 8.00631142 -2.34840584
v -1.52738261 7.93758869 -2.31235266
v -1.51329923 7.94994736 -2.19506812
v -1.51329923 7.94994736 -2.19506812
v -1.06777954 8.01729393 -2.23039913
v -1.07362747 8.00631142 -2.34840584
v -1.06777954 7.91546011 -2.42451215
v -1.51329923 7.84811306 -2.38918114
v -1.52738261 7.93758869 -2.31235266
v -1.52738261 7.93758869 -2.31235266
v -1.07362747 8.00631142 -2.34840584
v -1.06777954 7.91546011 -2.42451215
v -1.05366123 7.79795933 -2.41413617
v -1.47929895 7.73393536 -2.38054872
v -1.51329923 7.84811306 -2.38918114
v -1.51329923 7.84811306 -2.38918114
v -1.06777954 7.91546011 -2.42451215
v -1.05366123 7.79795933 -2.41413617
v -1.03954303 7.72263861 -2.32335591
v -1.44529855 7.66193867 -2.29151201
v -1.47929895 7.73393536 -2.38054872
v -1.47929895 7.73393536 -2.38054872
v -1.05366123 7.79795933 -2.41413617
v -1.03954303 7.72263861 -2.32335591
v -1.03369498 7.7336216 -2.20534945
v -1.43121517 7.67429733 -2.17422748
v -1.44529855 7.66193867 -2.29151201
v -1.44529855 7.66193867 -2.29151201
v -1.03954303 7.72263861 -2.32335591
v -1.03369498 7.7336216 -2.20534945
v -0.606485188 7.84692192 -2.14101982
v -1.03954303 7.8244729 -2.12924314
v -1.03369498 7.7336216 -2.20534945
v -1.03369498 7.7336216 -2.20534945
v -0.604864955 7.75580311 -2.21698594
v -0.606485188 7.84692192 -2.14101982
v -0.610396922 7.96506882 -2.15173459
v -1.05366123 7.94197369 -2.13961887
v -1.03954303 7.8244729 -2.12924314
v -1.03954303 7.8244729 -2.12924314
v -0.606485188 7.84692192 -2.14101982
v -0.610396922 7.96506882 -2.15173459
v -0.614308715 8.0410347 -2.2428534
v -1.06777954 8.01729393 -2.23039913
v -1.05366123 7.94197369 -2.13961887
v -1.05366123 7.94197369 -2.13961887
v -0.610396922 7.96506882 -2.15173459
v -0.614308715 8.0410347 -2.2428534
v -0.615928948 8.03032017 -2.36100054
v -1.07362747 8.00631142 -2.34840584
v -1.06777954 8.01729393 -2.23039913
v -1.06777954 8.01729393 -2.23039913
v -0.614308715 8.0410347 -2.2428534
v -0.615928948 8.03032017 -2.36100054
v -0.614308715 7.9392004 -2.43696666
v -1.06777954 7.91546011 -2.42451215
v -1.07362747 8.00631142 -2.34840584
v -1.07362747 8.00631142 -2.34840584
v -0.615928948 8.03032017 -2.36100054
v -0.614308715 7.9392004 -2.43696666
v -0.610396922 7.82105398 -2.42625189
v -1.05366123 7.79795933 -2.41413617
v -1.06777954 7.91546011 -2.42451215
v -1.06777954 7.91546011 -2.42451215
v -0.614308715 7.9392004 -2.43696666
v -0.610396922 7.82105398 -2.42625189
v -0.606485188 7.7450881 -2.33513284
v -1.03954303 7.72263861 -2.32335591
v -1.05366123 7.79795933 -2.41413617
v -1.05366123 7.79795933 -2.41413617
v -0.610396922 7.82105398 -2.42625189
v -0.606485188 7.7450881 -2.33513284
v -0.604864955 7.75580311 -2.21698594
v -1.03369498 7.7336216 -2.20534945
v -1.03954303 7.72263861 -2.32335591
v -1.03954303 7.72263861 -2.32335591
v -0.606485188 7.7450881 -2.33513284
v -0.604864955 7.75580311 -2.21698594
v 0 7.84692192 -2.14101982
v -0.606485188 7.84692192 -2.14101982
v -0.604864955 7.75580311 -2.21698594
v -0.604864955 7.75580311 -2.21698594
v 0 7.75580311 -2.21698594
v 0 7.84692192 -2.14101982
v 0 7.96506882 -2.15173459
v -0.610396922 7.96506882 -2.15173459
v -0.606485188 7.84692192 -2.14101982
v -0.606485188 7.84692192 -2.14101982
v 0 7.84692192 -2.14101982
v 0 7.96506882 -2.15173459
v 0 8.0410347 -2.2428534
v -0.614308715 8.0410347 -2.2428534
v -0.610396922 7.96506882 -2.15173459
v -0.610396922 7.96506882 -2.15173459
v 0 7.96506882 -2.15173459
v 0 8.0410347 -2.2428534
v 0 8.03032017 -2.36100054
v -0.615928948 8.03032017 -2.36100054
v -0.614308715 8.0410347 -2.2428534
v -0.614308715 8.0410347 -2.2428534
v 0 8.0410347 -2.2428534
v 0 8.03032017 -2.36100054
v 0 7.9392004 -2.43696666
v -0.614308715 7.9392004 -2.43696666
v -0.615928948 8.03032017 -2.36100054
v -0.615928948 8.03032017 -2.36100054
v 0 8.03032017 -2.36100054
v 0 7.9392004 -2.43696666
v 0 7.82105398 -2.42625189
v -0.610396922 7.82105398 -2.42625189
v -0.614308715 7.9392004 -2.43696666
v -0.614308715 7.9392004 -2.43696666
v 0 7.9392004 -2.43696666
v 0 7.82105398 -2.42625189
v 0 7.7450881 -2.33513284
v -0.606485188 7.7450881 -2.33513284
v -0.610396922 7.82105398 -2.42625189
v -0.610396922 7.82105398 -2.42625189
v 0 7.82105398 -2.42625189
v 0 7.7450881 -2.33513284
v 0 7.75580311 -2.21698594
v -0.604864955 7.75580311 -2.21698594
v -0.606485188 7.7450881 -2.33513284
v -0.606485188 7.7450881 -2.33513284
v 0 7.7450881 -2.33513284
v 0 7.75580311 -2.21698594
v -2.26301694 6.24814034 -1.42604959
v -2.30841541 6.30116558 -1.33009923
v -2.30789495 0.49191165 1.71749949
v -2.30789495 0.49191165 1.71749949
v -2.26249671 0.440877914 1.6205039
v -2.26301694 6.24814034 -1.42604959
v -2.30841541 6.30116558 -1.33009923
v -2.41801691 6.3273468 -1.29256761
v -2.41749668 0.513281584 1.75755489
v -2.41749668 0.513281584 1.75755489
v -2.30789495 0.49191165 1.71749949
v -2.30841541 6.30116558 -1.33009923
v -2.41801691 6.3273468 -1.29256761
v -2.52761841 6.31134605 -1.33544016
v -2.52709794 0.492471695 1.71720576
v -2.52709794 0.492471695 1.71720576
v -2.41749668 0.513281584 1.75755489
v -2.41801691 6.3273468 -1.29256761
v -2.52761841 6.31134605 -1.33544016
v -2.57301688 6.26253796 -1.43360269
v -2.57249618 0.441670179 1.62008846
v -2.57249618 0.441670179 1.62008846
v -2.52709794 0.492471695 1.71720576
v -2.52761841 6.31134605 -1.33544016
v -2.57301688 6.26253796 -1.43360269
v -2.52761841 6.20951271 -1.52955317
v -2.52709794 0.390637875 1.52309275
v -2.52709794 0.390637875 1.52309275
v -2.57249618 0.441670179 1.62008846
v -2.57301688 6.26253796 -1.43360269
v -2.52761841 6.20951271 -1.52955317
v -2.41801691 6.18333149 -1.56708491
v -2.41749644 0.369266748 1.48303747
v -2.41749644 0.369266748 1.48303747
v -2.52709794 0.390637875 1.52309275
v -2.52761841 6.20951271 -1.52955317
v -2.41801691 6.18333149 -1.56708491
v -2.30841541 6.19933176 -1.52421236
v -2.30789495 0.390077829 1.52338648
v -2.30789495 0.390077829 1.52338648
v -2.41749644 0.369266748 1.48303747
v -2.41801691 6.18333149 -1.56708491
v -2.30841541 6.19933176 -1.52421236
v -2.26301694 6.24814034 -1.42604959
v -2.26249671 0.440877914 1.6205039
v -2.26249671 0.440877914 1.6205039
v -2.30789495 0.390077829 1.52338648
v -2.30841541 6.19933176 -1.52421236
v -2.21802831 0.0874099731 1.80593729
v -2.27660346 0.153106213 1.93116426
v -2.41801691 0.0486166477 1.82628858
v -2.27660346 0.153106213 1.93116426
v -2.41801691 0.18031764 1.98303533
v -2.41801691 0.0486166477 1.82628858
v -2.41801691 0.18031764 1.98303533
v -2.55943012 0.153106213 1.93116426
v -2.41801691 0.0486166477 1.82628858
v -2.55943012 0.153106213 1.93116426
v -2.61800551 0.0874099731 1.80593729
v -2.41801691 0.0486166477 1.82628858
v -2.61800551 0.0874099731 1.80593729
v -2.55943012 0.0217144489 1.68070984
v -2.41801691 0.0486166477 1.82628858
v -2.55943012 0.0217144489 1.68070984
v -2.41801691 -0.00549769402 1.62883925
v -2.41801691 0.0486166477 1.82628858
v -2.41801691 -0.00549769402 1.62883925
v -2.27660346 0.0217144489 1.68071008
v -2.41801691 0.0486166477 1.82628858
v -2.27660346 0.0217144489 1.68071008
v -2.21802831 0.0874099731 1.80593729
v -2.41801691 0.0486166477 1.82628858
v -0.604050577 7.82325935 -2.42244291
v -0.507929265 6.07483768 -1.76541948
v 0 6.07448959 -1.77343917
v 0 6.07448959 -1.77343917
v 0 7.82325935 -2.42244291
v -0.604050577 7.82325935 -2.42244291
v -0.887741387 6.07588005 -1.74096346
v -0.507929265 6.07483768 -1.76541948
v -0.604050577 7.82325935 -2.42244291
v -0.604050577 7.82325935 -2.42244291
v -1.03689086 7.79789352 -2.40913606
v -0.887741387 6.07588005 -1.74096346
v -1.20795929 6.07675838 -1.72034478
v -1.44108737 7.73025322 -2.37365103
v -1.72116041 7.64006567 -2.32633781
v -1.72116041 7.64006567 -2.32633781
v -1.42437959 6.07775784 -1.69628167
v -1.20795929 6.07675838 -1.72034478
v -1.42437959 6.07775784 -1.69628167
v -1.72116041 7.64006567 -2.32633781
v -1.95667624 7.48505592 -2.24501777
v -1.95667624 7.48505592 -2.24501777
v -1.65353024 6.07903862 -1.664693
v -1.42437959 6.07775784 -1.69628167
v -1.65353024 6.07903862 -1.664693
v -1.95667624 7.48505592 -2.24501777
v -2.15718365 7.2624054 -2.12821293
v -2.15718365 7.2624054 -2.12821293
v -1.8572197 6.08036709 -1.6308943
v -1.65353024 6.07903862 -1.664693
v -1.8572197 6.08036709 -1.6308943
v -2.15718365 7.2624054 -2.12821293
v -2.31313348 6.95520401 -1.96705163
v -2.31313348 6.95520401 -1.96705163
v -2.02908278 6.08162117 -1.59788418
v -1.8572197 6.08036709 -1.6308943
v -2.02908278 6.08162117 -1.59788418
v -2.31313348 6.95520401 -1.96705163
v -2.37360382 6.69591427 -1.83102548
v -2.37360382 6.69591427 -1.83102548
v -2.15002322 6.08257008 -1.57205141
v -2.02908278 6.08162117 -1.59788418
v -2.15002322 6.08257008 -1.57205141
v -2.37360382 6.69591427 -1.83102548
v -2.40861297 6.36052942 -1.65507889
v -2.40861297 6.36052942 -1.65507889
v -2.24550295 6.08335495 -1.55007362
v -2.15002322 6.08257008 -1.57205141
v -2.41497874 6.18438244 -1.56267023
v -2.41497874 6.09480667 -1.51567805
v -2.40523505 6.08580208 -1.51327693
v -2.41497874 6.18438244 -1.56267023
v -2.40523505 6.08580208 -1.51327693
v -2.24550295 6.08335495 -1.55007362
v -2.41497874 6.18438244 -1.56267023
v -2.24550295 6.08335495 -1.55007362
v -2.40861297 6.36052942 -1.65507889
v -1.44108737 7.73025322 -2.37365103
v -1.20795929 6.07675838 -1.72034478
v -0.887741387 6.07588005 -1.74096346
v -0.887741387 6.07588005 -1.74096346
v -1.03689086 7.79789352 -2.40913606
v -1.44108737 7.73025322 -2.37365103
v 0 6.06487179 -1.7971617
v -0.508884847 6.06518936 -1.78911257
v -0.604225278 7.81357288 -2.4461391
v -0.604225278 7.81357288 -2.4461391
v 0 7.81371689 -2.44619799
v 0 6.06487179 -1.7971617
v -0.604225278 7.81357288 -2.4461391
v -0.508884847 6.06518936 -1.78911257
v -0.889142275 6.0660162 -1.76454532
v -0.889142275 6.0660162 -1.76454532
v -1.03717351 7.78805351 -2.43276763
v -0.604225278 7.81357288 -2.4461391
v -1.7221936 7.62994099 -2.34982777
v -1.44170928 7.72031689 -2.39723587
v -1.20994401 6.06654453 -1.74373484
v -1.20994401 6.06654453 -1.74373484
v -1.42722237 6.06726027 -1.71945655
v -1.7221936 7.62994099 -2.34982777
v -1.95823514 7.47470379 -2.26837921
v -1.7221936 7.62994099 -2.34982777
v -1.42722237 6.06726027 -1.71945655
v -1.42722237 6.06726027 -1.71945655
v -1.65697801 6.06825876 -1.68765533
v -1.95823514 7.47470379 -2.26837921
v -2.1592629 7.2518034 -2.15142155
v -1.95823514 7.47470379 -2.26837921
v -1.65697801 6.06825876 -1.68765533
v -1.65697801 6.06825876 -1.68765533
v -1.86125398 6.06928968 -1.65361798
v -2.1592629 7.2518034 -2.15142155
v -2.31586242 6.94432163 -1.99006224
v -2.1592629 7.2518034 -2.15142155
v -1.86125398 6.06928968 -1.65361798
v -1.86125398 6.06928968 -1.65361798
v -2.03366518 6.07028675 -1.62037659
v -2.31586242 6.94432163 -1.99006224
v -2.37717509 6.68473244 -1.85377562
v -2.31586242 6.94432163 -1.99006224
v -2.03366518 6.07028675 -1.62037659
v -2.03366518 6.07028675 -1.62037659
v -2.15501237 6.07106876 -1.59437144
v -2.37717509 6.68473244 -1.85377562
v -2.41294122 6.34912872 -1.67758787
v -2.37717509 6.68473244 -1.85377562
v -2.15501237 6.07106876 -1.59437144
v -2.15501237 6.07106876 -1.59437144
v -2.25073671 6.07174492 -1.57228136
v -2.41294122 6.34912872 -1.67758787
v -2.41052294 6.07416534 -1.53545773
v -2.42026663 6.08317041 -1.53785884
v -2.41980577 6.17282581 -1.58499753
v -2.41980577 6.17282581 -1.58499753
v -2.41294122 6.34912872 -1.67758787
v -2.25073671 6.07174492 -1.57228136
v -2.41052294 6.07416534 -1.53545773
v -2.41980577 6.17282581 -1.58499753
v -2.25073671 6.07174492 -1.57228136
v -0.889142275 6.0660162 -1.76454532
v -1.20994401 6.06654453 -1.74373484
v -1.44170928 7.72031689 -2.39723587
v -1.44170928 7.72031689 -2.39723587
v -1.03717351 7.78805351 -2.43276763
v -0.889142275 6.0660162 -1.76454532
v -0.604050577 7.82325935 -2.42244291
v 0 7.82325935 -2.42244291
v 0 7.81371689 -2.44619799
v 0 7.81371689 -2.44619799
v -0.604225278 7.81357288 -2.4461391
v -0.604050577 7.82325935 -2.42244291
v 0 6.07448959 -1.77343917
v -0.507929265 6.07483768 -1.76541948
v -0.508884847 6.06518936 -1.78911257
v -0.508884847 6.06518936 -1.78911257
v 0 6.06487179 -1.7971617
v 0 6.07448959 -1.77343917
v -1.03689086 7.79789352 -2.40913606
v -0.604050577 7.82325935 -2.42244291
v -0.604225278 7.81357288 -2.4461391
v -0.604225278 7.81357288 -2.4461391
v -1.03717351 7.78805351 -2.43276763
v -1.03689086 7.79789352 -2.40913606
v -0.507929265 6.07483768 -1.76541948
v -0.887741387 6.07588005 -1.74096346
v -0.889142275 6.0660162 -1.76454532
v -0.889142275 6.0660162 -1.76454532
v -0.508884847 6.06518936 -1.78911257
v -0.507929265 6.07483768 -1.76541948
v -1.20795929 6.07675838 -1.72034478
v -1.42437959 6.07775784 -1.69628167
v -1.42722237 6.06726027 -1.71945655
v -1.42722237 6.06726027 -1.71945655
v -1.20994401 6.06654453 -1.74373484
v -1.20795929 6.07675838 -1.72034478
v -1.72116041 7.64006567 -2.32633781
v -1.44108737 7.73025322 -2.37365103
v -1.44170928 7.72031689 -2.39723587
v -1.44170928 7.72031689 -2.39723587
v -1.7221936 7.62994099 -2.34982777
v -1.72116041 7.64006567 -2.32633781
v -1.42437959 6.07775784 -1.69628167
v -1.65353024 6.07903862 -1.664693
v -1.65697801 6.06825876 -1.68765533
v -1.65697801 6.06825876 -1.68765533
v -1.42722237 6.06726027 -1.71945655
v -1.42437959 6.07775784 -1.69628167
v -1.95667624 7.48505592 -2.24501777
v -1.72116041 7.64006567 -2.32633781
v -1.7221936 7.62994099 -2.34982777
v -1.7221936 7.62994099 -2.34982777
v -1.95823514 7.47470379 -2.26837921
v -1.95667624 7.48505592 -2.24501777
v -1.65353024 6.07903862 -1.664693
v -1.8572197 6.08036709 -1.6308943
v -1.86125398 6.06928968 -1.65361798
v -1.86125398 6.06928968 -1.65361798
v -1.65697801 6.06825876 -1.68765533
v -1.65353024 6.07903862 -1.664693
v -2.15718365 7.2624054 -2.12821293
v -1.95667624 7.48505592 -2.24501777
v -1.95823514 7.47470379 -2.26837921
v -1.95823514 7.47470379 -2.26837921
v -2.1592629 7.2518034 -2.15142155
v -2.15718365 7.2624054 -2.12821293
v -1.8572197 6.08036709 -1.6308943
v -2.02908278 6.08162117 -1.59788418
v -2.03366518 6.07028675 -1.62037659
v -2.03366518 6.07028675 -1.62037659
v -1.86125398 6.06928968 -1.65361798
v -1.8572197 6.08036709 -1.6308943
v -2.31313348 6.95520401 -1.96705163
v -2.15718365 7.2624054 -2.12821293
v -2.1592629 7.2518034 -2.15142155
v -2.1592629 7.2518034 -2.15142155
v -2.31586242 6.94432163 -1.99006224
v -2.31313348 6.95520401 -1.96705163
v -2.02908278 6.08162117 -1.59788418
v -2.15002322 6.08257008 -1.57205141
v -2.15501237 6.07106876 -1.59437144
v -2.15501237 6.07106876 -1.59437144
v -2.03366518 6.07028675 -1.62037659
v -2.02908278 6.08162117 -1.59788418
v -2.37360382 6.69591427 -1.83102548
v -2.31313348 6.95520401 -1.96705163
v -2.31586242 6.94432163 -1.99006224
v -2.31586242 6.94432163 -1.99006224
v -2.37717509 6.68473244 -1.85377562
v -2.37360382 6.69591427 -1.83102548
v -2.15002322 6.08257008 -1.57205141
v -2.24550295 6.08335495 -1.55007362
v -2.25073671 6.07174492 -1.57228136
v -2.25073671 6.07174492 -1.57228136
v -2.15501237 6.07106876 -1.59437144
v -2.15002322 6.08257008 -1.57205141
v -2.40861297 6.36052942 -1.65507889
v -2.37360382 6.69591427 -1.83102548
v -2.37717509 6.68473244 -1.85377562
v -2.37717509 6.68473244 -1.85377562
v -2.41294122 6.34912872 -1.67758787
v -2.40861297 6.36052942 -1.65507889
v -2.41497874 6.09480667 -1.51567805
v -2.41497874 6.18438244 -1.56267023
v -2.41980577 6.17282581 -1.58499753
v -2.41980577 6.17282581 -1.58499753
v -2.42026663 6.08317041 -1.53785884
v -2.41497874 6.09480667 -1.51567805
v -2.40523505 6.08580208 -1.51327693
v -2.41497874 6.09480667 -1.51567805
v -2.42026663 6.08317041 -1.53785884
v -2.42026663 6.08317041 -1.53785884
v -2.41052294 6.07416534 -1.53545773
v -2.40523505 6.08580208 -1.51327693
v -2.24550295 6.08335495 -1.55007362
v -2.40523505 6.08580208 -1.51327693
v -2.41052294 6.07416534 -1.53545773
v -2.41052294 6.07416534 -1.53545773
v -2.25073671 6.07174492 -1.57228136
v -2.24550295 6.08335495 -1.55007362
v -2.41497874 6.18438244 -1.56267023
v -2.40861297 6.36052942 -1.65507889
v -2.41294122 6.34912872 -1.67758787
v -2.41294122 6.34912872 -1.67758787
v -2.41980577 6.17282581 -1.58499753
v -2.41497874 6.18438244 -1.56267023
v -1.44108737 7.73025322 -2.37365103
v -1.03689086 7.79789352 -2.40913606
v -1.03717351 7.78805351 -2.43276763
v -1.03717351 7.78805351 -2.43276763
v -1.44170928 7.72031689 -2.39723587
v -1.44108737 7.73025322 -2.37365103
v -0.887741387 6.07588005 -1.74096346
v -1.20795929 6.07675838 -1.72034478
v -1.20994401 6.06654453 -1.74373484
v -1.20994401 6.06654453 -1.74373484
v -0.889142275 6.0660162 -1.76454532
v -0.887741387 6.07588005 -1.74096346
v -2.41802073 5.46255255 -1.30631685
v -2.49584079 5.4518795 -1.27589762
v -2.52807283 5.42611217 -1.20246494
v -2.52807283 5.42611217 -1.20246494
v -2.49583554 5.40034485 -1.12903452
v -2.4180131 5.3896718 -1.09862113
v -2.4180131 5.3896718 -1.09862113
v -2.34019303 5.40034485 -1.12904024
v -2.30796099 5.42611217 -1.20247293
v -2.52807283 5.42611217 -1.20246494
v -2.4180131 5.3896718 -1.09862113
v -2.30796099 5.42611217 -1.20247293
v -2.41802073 5.46255255 -1.30631685
v -2.52807283 5.42611217 -1.20246494
v -2.30796099 5.42611217 -1.20247293
v -2.34019852 5.4518795 -1.27590334
v -2.41802073 5.46255255 -1.30631685
v -2.30796099 5.42611217 -1.20247293
v -2.30841231 5.32585716 -1.1214993
v -2.30847549 0.405310392 -2.84812546
v -2.26308107 0.441600323 -2.95154619
v -2.26308107 0.441600323 -2.95154619
v -2.26301765 5.36214685 -1.22492015
v -2.30841231 5.32585716 -1.1214993
v -2.41801238 5.31082535 -1.07865751
v -2.41807556 0.390278578 -2.80528378
v -2.30847549 0.405310392 -2.84812546
v -2.30847549 0.405310392 -2.84812546
v -2.30841231 5.32585716 -1.1214993
v -2.41801238 5.31082535 -1.07865751
v -2.52761555 5.32585716 -1.12149119
v -2.52767873 0.405310392 -2.84811735
v -2.41807556 0.390278578 -2.80528378
v -2.41807556 0.390278578 -2.80528378
v -2.41801238 5.31082535 -1.07865751
v -2.52761555 5.32585716 -1.12149119
v -2.57301784 5.36214685 -1.22490883
v -2.57308102 0.441600323 -2.95153499
v -2.52767873 0.405310392 -2.84811735
v -2.52767873 0.405310392 -2.84811735
v -2.52761555 5.32585716 -1.12149119
v -2.57301784 5.36214685 -1.22490883
v -2.52762318 5.39843702 -1.32832968
v -2.52768636 0.477890253 -3.05495596
v -2.57308102 0.441600323 -2.95153499
v -2.57308102 0.441600323 -2.95153499
v -2.57301784 5.36214685 -1.22490883
v -2.52762318 5.39843702 -1.32832968
v -2.41802311 5.41346884 -1.37117136
v -2.41808629 0.492922068 -3.09779739
v -2.52768636 0.477890253 -3.05495596
v -2.52768636 0.477890253 -3.05495596
v -2.52762318 5.39843702 -1.32832968
v -2.41802311 5.41346884 -1.37117136
v -2.30841994 5.39843702 -1.32833767
v -2.30848312 0.477890253 -3.05496383
v -2.41808629 0.492922068 -3.09779739
v -2.41808629 0.492922068 -3.09779739
v -2.41802311 5.41346884 -1.37117136
v -2.30841994 5.39843702 -1.32833767
v -2.26301765 5.36214685 -1.22492015
v -2.26308107 0.441600323 -2.95154619
v -2.30848312 0.477890253 -3.05496383
v -2.30848312 0.477890253 -3.05496383
v -2.30841994 5.39843702 -1.32833767
v -2.26301765 5.36214685 -1.22492015
v -2.34019303 5.40034485 -1.12904024
v -2.30841231 5.32585716 -1.1214993
v -2.26301765 5.36214685 -1.22492015
v -2.26301765 5.36214685 -1.22492015
v -2.30796099 5.42611217 -1.20247293
v -2.34019303 5.40034485 -1.12904024
v -2.4180131 5.3896718 -1.09862113
v -2.41801238 5.31082535 -1.07865751
v -2.30841231 5.32585716 -1.1214993
v -2.30841231 5.32585716 -1.1214993
v -2.34019303 5.40034485 -1.12904024
v -2.4180131 5.3896718 -1.09862113
v -2.49583554 5.40034485 -1.12903452
v -2.52761555 5.32585716 -1.12149119
v -2.41801238 5.31082535 -1.07865751
v -2.41801238 5.31082535 -1.07865751
v -2.4180131 5.3896718 -1.09862113
v -2.49583554 5.40034485 -1.12903452
v -2.52807283 5.42611217 -1.20246494
v -2.57301784 5.36214685 -1.22490883
v -2.52761555 5.32585716 -1.12149119
v -2.52761555 5.32585716 -1.12149119
v -2.49583554 5.40034485 -1.12903452
v -2.52807283 5.42611217 -1.20246494
v -2.49584079 5.4518795 -1.27589762
v -2.52762318 5.39843702 -1.32832968
v -2.57301784 5.36214685 -1.22490883
v -2.57301784 5.36214685 -1.22490883
v -2.52807283 5.42611217 -1.20246494
v -2.49584079 5.4518795 -1.27589762
v -2.41802073 5.46255255 -1.30631685
v -2.41802311 5.41346884 -1.37117136
v -2.52762318 5.39843702 -1.32832968
v -2.52762318 5.39843702 -1.32832968
v -2.49584079 5.4518795 -1.27589762
v -2.41802073 5.46255255 -1.30631685
v -2.34019852 5.4518795 -1.27590334
v -2.30841994 5.39843702 -1.32833767
v -2.41802311 5.41346884 -1.37117136
v -2.41802311 5.41346884 -1.37117136
v -2.41802073 5.46255255 -1.30631685
v -2.34019852 5.4518795 -1.27590334
v -2.30796099 5.42611217 -1.20247293
v -2.26301765 5.36214685 -1.22492015
v -2.30841994 5.39843702 -1.32833767
v -2.30841994 5.39843702 -1.32833767
v -2.34019852 5.4518795 -1.27590334
v -2.30796099 5.42611217 -1.20247293
v -2.27777028 0.0205013752 -2.95061183
v -2.21965671 0.0669589043 -3.0830102
v -2.26308107 0.441600323 -2.95154619
v -2.26308107 0.441600323 -2.95154619
v -2.30847549 0.405310392 -2.84812546
v -2.27777028 0.0205013752 -2.95061183
v -2.4180789 0.00125837326 -2.8957665
v -2.27777028 0.0205013752 -2.95061183
v -2.30847549 0.405310392 -2.84812546
v -2.30847549 0.405310392 -2.84812546
v -2.41807556 0.390278578 -2.80528378
v -2.4180789 0.00125837326 -2.8957665
v -2.55839157 0.0205013752 -2.95060182
v -2.4180789 0.00125837326 -2.8957665
v -2.41807556 0.390278578 -2.80528378
v -2.41807556 0.390278578 -2.80528378
v -2.52767873 0.405310392 -2.84811735
v -2.55839157 0.0205013752 -2.95060182
v -2.61651492 0.0669589043 -3.08299565
v -2.55839157 0.0205013752 -2.95060182
v -2.52767873 0.405310392 -2.84811735
v -2.52767873 0.405310392 -2.84811735
v -2.57308102 0.441600323 -2.95153499
v -2.61651492 0.0669589043 -3.08299565
v -2.55840111 0.113417149 -3.21539402
v -2.61651492 0.0669589043 -3.08299565
v -2.57308102 0.441600323 -2.95153499
v -2.57308102 0.441600323 -2.95153499
v -2.52768636 0.477890253 -3.05495596
v -2.55840111 0.113417149 -3.21539402
v -2.41809249 0.132660151 -3.27023911
v -2.55840111 0.113417149 -3.21539402
v -2.52768636 0.477890253 -3.05495596
v -2.52768636 0.477890253 -3.05495596
v -2.41808629 0.492922068 -3.09779739
v -2.41809249 0.132660151 -3.27023911
v -2.27778006 0.113417149 -3.21540403
v -2.41809249 0.132660151 -3.27023911
v -2.41808629 0.492922068 -3.09779739
v -2.41808629 0.492922068 -3.09779739
v -2.30848312 0.477890253 -3.05496383
v -2.27778006 0.113417149 -3.21540403
v -2.21965671 0.0669589043 -3.0830102
v -2.27778006 0.113417149 -3.21540403
v -2.30848312 0.477890253 -3.05496383
v -2.30848312 0.477890253 -3.05496383
v -2.26308107 0.441600323 -2.95154619
v -2.21965671 0.0669589043 -3.0830102
v -2.21965671 0.0669589043 -3.0830102
v -2.27777028 0.0205013752 -2.95061183
v -2.41808629 0.0181515217 -3.10012937
v -2.27777028 0.0205013752 -2.95061183
v -2.4180789 0.00125837326 -2.8957665
v -2.41808629 0.0181515217 -3.10012937
v -2.4180789 0.00125837326 -2.8957665
v -2.55839157 0.0205013752 -2.95060182
v -2.41808629 0.0181515217 -3.10012937
v -2.55839157 0.0205013752 -2.95060182
v -2.61651492 0.0669589043 -3.08299565
v -2.41808629 0.0181515217 -3.10012937
v -2.61651492 0.0669589043 -3.08299565
v -2.55840111 0.113417149 -3.21539402
v -2.41808629 0.0181515217 -3.10012937
v -2.55840111 0.113417149 -3.21539402
v -2.41809249 0.132660151 -3.27023911
v -2.41808629 0.0181515217 -3.10012937
v -2.41809249 0.132660151 -3.27023911
v -2.27778006 0.113417149 -3.21540403
v -2.41808629 0.0181515217 -3.10012937
v -2.27778006 0.113417149 -3.21540403
v -2.21965671 0.0669589043 -3.0830102
v -2.41808629 0.0181515217 -3.10012937
v 0 1.1895752 -2.6943686
v 0 1.16877985 -2.65834999
v -2.41801691 1.16877985 -2.65834999
v 0 1.1895752 -2.6943686
v -2.41801691 1.16877985 -2.65834999
v -2.41801691 1.22292304 -2.7521286
v 0 1.1895752 -2.6943686
v -2.41801691 1.22292304 -2.7521286
v 0 1.22292304 -2.7521286
v 0 1.26451397 -2.7521286
v 0 1.22292304 -2.7521286
v -2.41801691 1.22292304 -2.7521286
v 0 1.26451397 -2.7521286
v -2.41801691 1.22292304 -2.7521286
v -2.41801691 1.33120918 -2.7521286
v 0 1.26451397 -2.7521286
v -2.41801691 1.33120918 -2.7521286
v 0 1.33120871 -2.7521286
v 0 1.35200429 -2.71610975
v 0 1.33120871 -2.7521286
v -2.41801691 1.33120918 -2.7521286
v 0 1.35200429 -2.71610975
v -2.41801691 1.33120918 -2.7521286
v -2.41801691 1.38535213 -2.65834999
v 0 1.35200429 -2.71610975
v -2.41801691 1.38535213 -2.65834999
v 0 1.3853519 -2.65834999
v 0 1.36455655 -2.62233138
v 0 1.3853519 -2.65834999
v -2.41801691 1.38535213 -2.65834999
v 0 1.36455655 -2.62233138
v -2.41801691 1.38535213 -2.65834999
v -2.41801691 1.33120918 -2.56457162
v 0 1.36455655 -2.62233138
v -2.41801691 1.33120918 -2.56457162
v 0 1.33120871 -2.56457162
v 0 1.28961825 -2.56457162
v 0 1.33120871 -2.56457162
v -2.41801691 1.33120918 -2.56457162
v 0 1.28961825 -2.56457162
v -2.41801691 1.33120918 -2.56457162
v -2.41801691 1.22292304 -2.56457162
v 0 1.28961825 -2.56457162
v -2.41801691 1.22292304 -2.56457162
v 0 1.22292304 -2.56457162
v 0 1.2021277 -2.60059023
v 0 1.22292304 -2.56457162
v -2.41801691 1.22292304 -2.56457162
v 0 1.2021277 -2.60059023
v -2.41801691 1.22292304 -2.56457162
v -2.41801691 1.16877985 -2.65834999
v 0 1.2021277 -2.60059023
v -2.41801691 1.16877985 -2.65834999
v 0 1.16877985 -2.65834999
v 0 1.18957543 1.14580071
v 0 1.16878033 1.18181932
v -2.41801715 1.16878057 1.18181932
v 0 1.18957543 1.14580071
v -2.41801715 1.16878057 1.18181932
v -2.41801715 1.22292328 1.08804107
v 0 1.18957543 1.14580071
v -2.41801715 1.22292328 1.08804107
v 0 1.22292304 1.08804107
v 0 1.26451397 1.08804107
v 0 1.22292304 1.08804107
v -2.41801715 1.22292328 1.08804107
v 0 1.26451397 1.08804107
v -2.41801715 1.22292328 1.08804107
v -2.41801715 1.33120871 1.08804107
v 0 1.26451397 1.08804107
v -2.41801715 1.33120871 1.08804107
v 0 1.33120871 1.08804107
v 0 1.35200405 1.12405968
v 0 1.33120871 1.08804107
v -2.41801715 1.33120871 1.08804107
v 0 1.35200405 1.12405968
v -2.41801715 1.33120871 1.08804107
v -2.41801715 1.38535166 1.18181932
v 0 1.35200405 1.12405968
v -2.41801715 1.38535166 1.18181932
v 0 1.38535166 1.18181932
v 0 1.36455631 1.21783781
v 0 1.38535166 1.18181932
v -2.41801715 1.38535166 1.18181932
v 0 1.36455631 1.21783781
v -2.41801715 1.38535166 1.18181932
v -2.41801715 1.33120871 1.27559733
v 0 1.36455631 1.21783781
v -2.41801715 1.33120871 1.27559733
v 0 1.33120871 1.27559733
v 0 1.28961825 1.27559733
v 0 1.33120871 1.27559733
v -2.41801715 1.33120871 1.27559733
v 0 1.28961825 1.27559733
v -2.41801715 1.33120871 1.27559733
v -2.41801715 1.22292328 1.27559733
v 0 1.28961825 1.27559733
v -2.41801715 1.22292328 1.27559733
v 0 1.22292304 1.27559733
v 0 1.2021277 1.23957884
v 0 1.22292304 1.27559733
v -2.41801715 1.22292328 1.27559733
v 0 1.2021277 1.23957884
v -2.41801715 1.22292328 1.27559733
v -2.41801715 1.16878057 1.18181932
v 0 1.2021277 1.23957884
v -2.41801715 1.16878057 1.18181932
v 0 1.16878033 1.18181932
v -2.56539917 4.56296968 -0.521154046
v -2.56539917 4.56296968 -0.442972124
v -2.56539917 4.52387857 -0.453446507
v -2.56539917 4.56296968 -0.521154046
v -2.56539917 4.60206079 -0.453446597
v -2.56539917 4.56296968 -0.442972124
v -2.56539917 4.56296968 -0.521154046
v -2.56539917 4.63067722 -0.482063144
v -2.56539917 4.60206079 -0.453446597
v -2.56539917 5.03498268 -1.33870471
v -2.56539917 5.1131649 -1.33870471
v -2.56539917 5.10269022 -1.29961371
v -2.56539917 5.03498268 -1.33870471
v -2.56539917 5.10269022 -1.37779558
v -2.56539917 5.1131649 -1.33870471
v -2.56539917 5.03498268 -1.33870471
v -2.56539917 5.07407379 -1.40641212
v -2.56539917 5.10269022 -1.37779558
v -2.56539917 5.03498268 -1.33870471
v -2.56539917 5.03498268 -1.41688657
v -2.56539917 5.07407379 -1.40641212
v -2.56539917 5.03498268 -1.33870471
v -2.56539917 4.99589205 -1.40641212
v -2.56539917 5.03498268 -1.41688657
v -2.56539917 5.03498268 -1.33870471
v -2.56539917 4.96727562 -1.37779558
v -2.56539917 4.99589205 -1.40641212
v -2.56539917 4.56296968 -0.521154046
v -2.56539917 4.48478794 -0.521154046
v -2.56539917 4.49526215 -0.560244977
v -2.56539917 4.56296968 -0.521154046
v -2.56539917 4.49526215 -0.482063055
v -2.56539917 4.48478794 -0.521154046
v -2.56539917 4.56296968 -0.521154046
v -2.56539917 4.52387857 -0.453446507
v -2.56539917 4.49526215 -0.482063055
v -2.56539917 4.52387857 -0.453446507
v -2.56539917 4.56296968 -0.442972124
v -2.59278703 4.56296968 -0.442972124
v -2.59278703 4.56296968 -0.442972124
v -2.59278703 4.52387857 -0.453446507
v -2.56539917 4.52387857 -0.453446507
v -2.56539917 4.56296968 -0.442972124
v -2.56539917 4.60206079 -0.453446597
v -2.59278703 4.60206079 -0.453446597
v -2.59278703 4.60206079 -0.453446597
v -2.59278703 4.56296968 -0.442972124
v -2.56539917 4.56296968 -0.442972124
v -2.56539917 4.60206079 -0.453446597
v -2.56539917 4.63067722 -0.482063144
v -2.59278703 4.63067722 -0.482063144
v -2.59278703 4.63067722 -0.482063144
v -2.59278703 4.60206079 -0.453446597
v -2.56539917 4.60206079 -0.453446597
v -2.56539917 5.10269022 -1.29961371
v -2.56539917 5.1131649 -1.33870471
v -2.59278703 5.1131649 -1.33870471
v -2.59278703 5.1131649 -1.33870471
v -2.59278703 5.10269022 -1.29961371
v -2.56539917 5.10269022 -1.29961371
v -2.56539917 5.1131649 -1.33870471
v -2.56539917 5.10269022 -1.37779558
v -2.59278703 5.10269022 -1.37779558
v -2.59278703 5.10269022 -1.37779558
v -2.59278703 5.1131649 -1.33870471
v -2.56539917 5.1131649 -1.33870471
v -2.56539917 5.10269022 -1.37779558
v -2.56539917 5.07407379 -1.40641212
v -2.59278703 5.07407379 -1.40641212
v -2.59278703 5.07407379 -1.40641212
v -2.59278703 5.10269022 -1.37779558
v -2.56539917 5.10269022 -1.37779558
v -2.56539917 5.07407379 -1.40641212
v -2.56539917 5.03498268 -1.41688657
v -2.59278703 5.03498268 -1.41688657
v -2.59278703 5.03498268 -1.41688657
v -2.59278703 5.07407379 -1.40641212
v -2.56539917 5.07407379 -1.40641212
v -2.56539917 5.03498268 -1.41688657
v -2.56539917 4.99589205 -1.40641212
v -2.59278703 4.99589205 -1.40641212
v -2.59278703 4.99589205 -1.40641212
v -2.59278703 5.03498268 -1.41688657
v -2.56539917 5.03498268 -1.41688657
v -2.56539917 4.99589205 -1.40641212
v -2.56539917 4.96727562 -1.37779558
v -2.59278703 4.96727562 -1.37779558
v -2.59278703 4.96727562 -1.37779558
v -2.59278703 4.99589205 -1.40641212
v -2.56539917 4.99589205 -1.40641212
v -2.56539917 4.49526215 -0.560244977
v -2.56539917 4.48478794 -0.521154046
v -2.59278703 4.48478794 -0.521154046
v -2.59278703 4.48478794 -0.521154046
v -2.59278703 4.49526215 -0.560244977
v -2.56539917 4.49526215 -0.560244977
v -2.56539917 4.48478794 -0.521154046
v -2.56539917 4.49526215 -0.482063055
v -2.59278703 4.49526215 -0.482063055
v -2.59278703 4.49526215 -0.482063055
v -2.59278703 4.48478794 -0.521154046
v -2.56539917 4.48478794 -0.521154046
v -2.56539917 4.49526215 -0.482063055
v -2.56539917 4.52387857 -0.453446507
v -2.59278703 4.52387857 -0.453446507
v -2.59278703 4.52387857 -0.453446507
v -2.59278703 4.49526215 -0.482063055
v -2.56539917 4.49526215 -0.482063055
v -2.59278703 4.52387857 -0.453446507
v -2.59278703 4.56296968 -0.442972124
v -2.59278703 4.56296968 -0.521154046
v -2.59278703 4.56296968 -0.442972124
v -2.59278703 4.60206079 -0.453446597
v -2.59278703 4.56296968 -0.521154046
v -2.59278703 4.60206079 -0.453446597
v -2.59278703 4.63067722 -0.482063144
v -2.59278703 4.56296968 -0.521154046
v -2.59278703 5.10269022 -1.29961371
v -2.59278703 5.1131649 -1.33870471
v -2.59278703 5.03498268 -1.33870471
v -2.59278703 5.1131649 -1.33870471
v -2.59278703 5.10269022 -1.37779558
v -2.59278703 5.03498268 -1.33870471
v -2.59278703 5.10269022 -1.37779558
v -2.59278703 5.07407379 -1.40641212
v -2.59278703 5.03498268 -1.33870471
v -2.59278703 5.07407379 -1.40641212
v -2.59278703 5.03498268 -1.41688657
v -2.59278703 5.03498268 -1.33870471
v -2.59278703 5.03498268 -1.41688657
v -2.59278703 4.99589205 -1.40641212
v -2.59278703 5.03498268 -1.33870471
v -2.59278703 4.99589205 -1.40641212
v -2.59278703 4.96727562 -1.37779558
v -2.59278703 5.03498268 -1.33870471
v -2.59278703 4.49526215 -0.560244977
v -2.59278703 4.48478794 -0.521154046
v -2.59278703 4.56296968 -0.521154046
v -2.59278703 4.48478794 -0.521154046
v -2.59278703 4.49526215 -0.482063055
v -2.59278703 4.56296968 -0.521154046
v -2.59278703 4.49526215 -0.482063055
v -2.59278703 4.52387857 -0.453446507
v -2.59278703 4.56296968 -0.521154046
v -2.56539917 5.03498268 -1.33870471
v -2.56539917 5.10269022 -1.29961371
v -2.56539917 4.63067722 -0.482063144
v -2.56539917 4.63067722 -0.482063144
v -2.56539917 4.56296968 -0.521154046
v -2.56539917 5.03498268 -1.33870471
v -2.56539917 5.10269022 -1.29961371
v -2.59278703 5.10269022 -1.29961371
v -2.59278703 4.63067722 -0.482063144
v -2.59278703 4.63067722 -0.482063144
v -2.56539917 4.63067722 -0.482063144
v -2.56539917 5.10269022 -1.29961371
v -2.59278703 5.10269022 -1.29961371
v -2.59278703 5.03498268 -1.33870471
v -2.59278703 4.56296968 -0.521154046
v -2.59278703 4.56296968 -0.521154046
v -2.59278703 4.63067722 -0.482063144
v -2.59278703 5.10269022 -1.29961371
v -2.59278703 5.03498268 -1.33870471
v -2.59278703 4.96727562 -1.37779558
v -2.59278703 4.49526215 -0.560244977
v -2.59278703 4.49526215 -0.560244977
v -2.59278703 4.56296968 -0.521154046
v -2.59278703 5.03498268 -1.33870471
v -2.59278703 4.96727562 -1.37779558
v -2.56539917 4.96727562 -1.37779558
v -2.56539917 4.49526215 -0.560244977
v -2.56539917 4.49526215 -0.560244977
v -2.59278703 4.49526215 -0.560244977
v -2.59278703 4.96727562 -1.37779558
v -2.56539917 4.96727562 -1.37779558
v -2.56539917 5.03498268 -1.33870471
v -2.56539917 4.56296968 -0.521154046
v -2.56539917 4.56296968 -0.521154046
v -2.56539917 4.49526215 -0.560244977
v -2.56539917 4.96727562 -1.37779558
v 0 3.95488191 1.80420065
v 0 3.95488191 -2.14569664
v 1.5489136 3.95488191 -2.14569664
v 1.5489136 3.95488191 -2.14569664
v 1.85534024 3.95488191 -2.10323429
v 2.06035876 3.95488191 -1.98110688
v 2.06035876 3.95488191 -1.98110688
v 2.1824863 3.95488191 -1.77608824
v 2.22494864 3.95488191 -1.46966136
v 2.22494864 3.95488191 -1.46966136
v 2.22494864 3.95488191 1.12816536
v 2.1824863 3.95488191 1.43459225
v 2.06035876 3.95488191 -1.98110688
v 2.22494864 3.95488191 -1.46966136
v 2.1824863 3.95488191 1.43459225
v 1.5489136 3.95488191 -2.14569664
v 2.06035876 3.95488191 -1.98110688
v 2.1824863 3.95488191 1.43459225
v 0 3.95488191 1.80420065
v 1.5489136 3.95488191 -2.14569664
v 2.1824863 3.95488191 1.43459225
v 2.1824863 3.95488191 1.43459225
v 2.06035876 3.95488191 1.63961089
v 1.85534024 3.95488191 1.76173818
v 0 3.95488191 1.80420065
v 2.1824863 3.95488191 1.43459225
v 1.85534024 3.95488191 1.76173818
v 1.5489136 3.95488191 1.80420065
v 0 3.95488191 1.80420065
v 1.85534024 3.95488191 1.76173818
v 2.12129569 4.49107409 -1.46229506
v 2.08456063 4.49107409 -1.74132061
v 1.98688018 4.49107409 -1.90762818
v 1.98688018 4.49107409 -1.90762818
v 1.82057261 4.49107409 -2.00530863
v 1.54154718 4.49107409 -2.04204369
v 2.12129569 4.49107409 -1.46229506
v 1.98688018 4.49107409 -1.90762818
v 1.54154718 4.49107409 -2.04204369
v 1.54154718 4.49107409 -2.04204369
v 0 4.49107409 -2.04204369
v 0 4.49107409 1.7005477
v 0 4.49107409 1.7005477
v 1.54154718 4.49107409 1.7005477
v 1.82057261 4.49107409 1.66381264
v 1.54154718 4.49107409 -2.04204369
v 0 4.49107409 1.7005477
v 1.82057261 4.49107409 1.66381264
v 2.12129569 4.49107409 -1.46229506
v 1.54154718 4.49107409 -2.04204369
v 1.82057261 4.49107409 1.66381264
v 1.82057261 4.49107409 1.66381264
v 1.98688018 4.49107409 1.56613219
v 2.08456063 4.49107409 1.39982462
v 2.12129569 4.49107409 -1.46229506
v 1.82057261 4.49107409 1.66381264
v 2.08456063 4.49107409 1.39982462
v 2.12129569 4.49107409 1.12079906
v 2.12129569 4.49107409 -1.46229506
v 2.08456063 4.49107409 1.39982462
v 0 4.02213001 1.87925196
v 1.55424726 4.02213001 1.87925196
v 1.55424726 4.31191921 1.87925196
v 1.55424726 4.31191921 1.87925196
v 0 4.31191921 1.87925196
v 0 4.02213001 1.87925196
v 2.29999995 4.02213001 -1.47499514
v 2.29999995 4.31191921 -1.47499514
v 2.29999995 4.31191921 1.13349915
v 2.29999995 4.31191921 1.13349915
v 2.29999995 4.02213001 1.13349915
v 2.29999995 4.02213001 -1.47499514
v 1.88051403 4.02213001 1.83264256
v 1.88051403 4.31191921 1.83264256
v 1.55424726 4.31191921 1.87925196
v 1.55424726 4.31191921 1.87925196
v 1.55424726 4.02213001 1.87925196
v 1.88051403 4.02213001 1.83264256
v 1.88051403 4.31191921 -2.17413855
v 1.88051403 4.02213001 -2.17413855
v 1.55424726 4.02213001 -2.22074795
v 1.55424726 4.02213001 -2.22074795
v 1.55424726 4.31191921 -2.22074795
v 1.88051403 4.31191921 -2.17413855
v 2.11356187 4.02213001 1.69281387
v 2.11356187 4.31191921 1.69281387
v 1.88051403 4.31191921 1.83264256
v 1.88051403 4.31191921 1.83264256
v 1.88051403 4.02213001 1.83264256
v 2.11356187 4.02213001 1.69281387
v 2.25339055 4.02213001 1.45976603
v 2.25339055 4.31191921 1.45976603
v 2.11356187 4.31191921 1.69281387
v 2.11356187 4.31191921 1.69281387
v 2.11356187 4.02213001 1.69281387
v 2.25339055 4.02213001 1.45976603
v 2.29999995 4.02213001 1.13349915
v 2.29999995 4.31191921 1.13349915
v 2.25339055 4.31191921 1.45976603
v 2.25339055 4.31191921 1.45976603
v 2.25339055 4.02213001 1.45976603
v 2.29999995 4.02213001 1.13349915
v 2.11356187 4.31191921 -2.03430986
v 2.11356187 4.02213001 -2.03430986
v 1.88051403 4.02213001 -2.17413855
v 1.88051403 4.02213001 -2.17413855
v 1.88051403 4.31191921 -2.17413855
v 2.11356187 4.31191921 -2.03430986
v 2.25339055 4.31191921 -1.80126202
v 2.25339055 4.02213001 -1.80126202
v 2.11356187 4.02213001 -2.03430986
v 2.11356187 4.02213001 -2.03430986
v 2.11356187 4.31191921 -2.03430986
v 2.25339055 4.31191921 -1.80126202
v 2.29999995 4.31191921 -1.47499514
v 2.29999995 4.02213001 -1.47499514
v 2.25339055 4.02213001 -1.80126202
v 2.25339055 4.02213001 -1.80126202
v 2.25339055 4.31191921 -1.80126202
v 2.29999995 4.31191921 -1.47499514
v 1.54154718 4.49107409 1.7005477
v 0 4.49107409 1.7005477
v 0 4.44628525 1.83457589
v 0 4.44628525 1.83457589
v 1.55107224 4.44628525 1.83457589
v 1.54154718 4.49107409 1.7005477
v 2.25532389 4.44628525 1.13032401
v 2.25532389 4.44628525 -1.47182
v 2.12129569 4.49107409 -1.46229506
v 2.12129569 4.49107409 -1.46229506
v 2.12129569 4.49107409 1.12079906
v 2.25532389 4.44628525 1.13032401
v 1.55107224 4.44628525 1.83457589
v 1.8655287 4.44628525 1.79043496
v 1.82057261 4.49107409 1.66381264
v 1.82057261 4.49107409 1.66381264
v 1.54154718 4.49107409 1.7005477
v 1.55107224 4.44628525 1.83457589
v 2.25532389 4.44628525 -1.47182
v 2.21118307 4.44628525 -1.7862767
v 2.08456063 4.49107409 -1.74132061
v 2.08456063 4.49107409 -1.74132061
v 2.12129569 4.49107409 -1.46229506
v 2.25532389 4.44628525 -1.47182
v 2.21118307 4.44628525 1.44478071
v 2.25532389 4.44628525 1.13032401
v 2.12129569 4.49107409 1.12079906
v 2.12129569 4.49107409 1.12079906
v 2.08456063 4.49107409 1.39982462
v 2.21118307 4.44628525 1.44478071
v 2.08189154 4.44628525 1.66114342
v 2.21118307 4.44628525 1.44478071
v 2.08456063 4.49107409 1.39982462
v 2.08456063 4.49107409 1.39982462
v 1.98688018 4.49107409 1.56613219
v 2.08189154 4.44628525 1.66114342
v 1.8655287 4.44628525 1.79043496
v 2.08189154 4.44628525 1.66114342
v 1.98688018 4.49107409 1.56613219
v 1.98688018 4.49107409 1.56613219
v 1.82057261 4.49107409 1.66381264
v 1.8655287 4.44628525 1.79043496
v 1.8655287 4.44628525 -2.13193083
v 1.55107224 4.44628525 -2.17607188
v 1.54154718 4.49107409 -2.04204369
v 1.54154718 4.49107409 -2.04204369
v 1.82057261 4.49107409 -2.00530863
v 1.8655287 4.44628525 -2.13193083
v 2.08189154 4.44628525 -2.00263929
v 1.8655287 4.44628525 -2.13193083
v 1.82057261 4.49107409 -2.00530863
v 1.82057261 4.49107409 -2.00530863
v 1.98688018 4.49107409 -1.90762818
v 2.08189154 4.44628525 -2.00263929
v 2.21118307 4.44628525 -1.7862767
v 2.08189154 4.44628525 -2.00263929
v 1.98688018 4.49107409 -1.90762818
v 1.98688018 4.49107409 -1.90762818
v 2.08456063 4.49107409 -1.74132061
v 2.21118307 4.44628525 -1.7862767
v 1.55424726 4.31191921 1.87925196
v 1.55107224 4.44628525 1.83457589
v 0 4.44628525 1.83457589
v 0 4.44628525 1.83457589
v 0 4.31191921 1.87925196
v 1.55424726 4.31191921 1.87925196
v 2.29999995 4.31191921 1.13349915
v 2.29999995 4.31191921 -1.47499514
v 2.25532389 4.44628525 -1.47182
v 2.25532389 4.44628525 -1.47182
v 2.25532389 4.44628525 1.13032401
v 2.29999995 4.31191921 1.13349915
v 1.55424726 4.31191921 1.87925196
v 1.88051403 4.31191921 1.83264256
v 1.8655287 4.44628525 1.79043496
v 1.8655287 4.44628525 1.79043496
v 1.55107224 4.44628525 1.83457589
v 1.55424726 4.31191921 1.87925196
v 2.29999995 4.31191921 -1.47499514
v 2.25339055 4.31191921 -1.80126202
v 2.21118307 4.44628525 -1.7862767
v 2.21118307 4.44628525 -1.7862767
v 2.25532389 4.44628525 -1.47182
v 2.29999995 4.31191921 -1.47499514
v 2.25339055 4.31191921 1.45976603
v 2.29999995 4.31191921 1.13349915
v 2.25532389 4.44628525 1.13032401
v 2.25532389 4.44628525 1.13032401
v 2.21118307 4.44628525 1.44478071
v 2.25339055 4.31191921 1.45976603
v 2.11356187 4.31191921 1.69281387
v 2.25339055 4.31191921 1.45976603
v 2.21118307 4.44628525 1.44478071
v 2.21118307 4.44628525 1.44478071
v 2.08189154 4.44628525 1.66114342
v 2.11356187 4.31191921 1.69281387
v 1.88051403 4.31191921 1.83264256
v 2.11356187 4.31191921 1.69281387
v 2.08189154 4.44628525 1.66114342
v 2.08189154 4.44628525 1.66114342
v 1.8655287 4.44628525 1.79043496
v 1.88051403 4.31191921 1.83264256
v 1.88051403 4.31191921 -2.17413855
v 1.55424726 4.31191921 -2.22074795
v 1.55107224 4.44628525 -2.17607188
v 1.55107224 4.44628525 -2.17607188
v 1.8655287 4.44628525 -2.13193083
v 1.88051403 4.31191921 -2.17413855
v 2.11356187 4.31191921 -2.03430986
v 1.88051403 4.31191921 -2.17413855
v 1.8655287 4.44628525 -2.13193083
v 1.8655287 4.44628525 -2.13193083
v 2.08189154 4.44628525 -2.00263929
v 2.11356187 4.31191921 -2.03430986
v 2.25339055 4.31191921 -1.80126202
v 2.11356187 4.31191921 -2.03430986
v 2.08189154 4.44628525 -2.00263929
v 2.08189154 4.44628525 -2.00263929
v 2.21118307 4.44628525 -1.7862767
v 2.25339055 4.31191921 -1.80126202
v 1.55424726 4.02213001 -2.22074795
v 0 4.02213001 -2.22074795
v 0 4.31191921 -2.22074795
v 0 4.31191921 -2.22074795
v 1.55424726 4.31191921 -2.22074795
v 1.55424726 4.02213001 -2.22074795
v 0 4.44628525 -2.17607188
v 0 4.49107409 -2.04204369
v 1.54154718 4.49107409 -2.04204369
v 1.54154718 4.49107409 -2.04204369
v 1.55107224 4.44628525 -2.17607188
v 0 4.44628525 -2.17607188
v 1.55424726 4.31191921 -2.22074795
v 0 4.31191921 -2.22074795
v 0 4.44628525 -2.17607188
v 0 4.44628525 -2.17607188
v 1.55107224 4.44628525 -2.17607188
v 1.55424726 4.31191921 -2.22074795
v 1.55424726 4.02213001 1.87925196
v 0 4.02213001 1.87925196
v 0 3.95488191 1.80420065
v 0 3.95488191 1.80420065
v 1.5489136 3.95488191 1.80420065
v 1.55424726 4.02213001 1.87925196
v 2.29999995 4.02213001 1.13349915
v 2.22494864 3.95488191 1.12816536
v 2.22494864 3.95488191 -1.46966136
v 2.22494864 3.95488191 -1.46966136
v 2.29999995 4.02213001 -1.47499514
v 2.29999995 4.02213001 1.13349915
v 1.55424726 4.02213001 -2.22074795
v 1.5489136 3.95488191 -2.14569664
v 0 3.95488191 -2.14569664
v 0 3.95488191 -2.14569664
v 0 4.02213001 -2.22074795
v 1.55424726 4.02213001 -2.22074795
v 2.1824863 3.95488191 1.43459225
v 2.22494864 3.95488191 1.12816536
v 2.29999995 4.02213001 1.13349915
v 2.29999995 4.02213001 1.13349915
v 2.25339055 4.02213001 1.45976603
v 2.1824863 3.95488191 1.43459225
v 1.85534024 3.95488191 -2.10323429
v 1.5489136 3.95488191 -2.14569664
v 1.55424726 4.02213001 -2.22074795
v 1.55424726 4.02213001 -2.22074795
v 1.88051403 4.02213001 -2.17413855
v 1.85534024 3.95488191 -2.10323429
v 1.55424726 4.02213001 1.87925196
v 1.5489136 3.95488191 1.80420065
v 1.85534024 3.95488191 1.76173818
v 1.85534024 3.95488191 1.76173818
v 1.88051403 4.02213001 1.83264256
v 1.55424726 4.02213001 1.87925196
v 1.88051403 4.02213001 1.83264256
v 1.85534024 3.95488191 1.76173818
v 2.06035876 3.95488191 1.63961089
v 2.06035876 3.95488191 1.63961089
v 2.11356187 4.02213001 1.69281387
v 1.88051403 4.02213001 1.83264256
v 2.06035876 3.95488191 1.63961089
v 2.1824863 3.95488191 1.43459225
v 2.25339055 4.02213001 1.45976603
v 2.25339055 4.02213001 1.45976603
v 2.11356187 4.02213001 1.69281387
v 2.06035876 3.95488191 1.63961089
v 2.29999995 4.02213001 -1.47499514
v 2.22494864 3.95488191 -1.46966136
v 2.1824863 3.95488191 -1.77608824
v 2.1824863 3.95488191 -1.77608824
v 2.25339055 4.02213001 -1.80126202
v 2.29999995 4.02213001 -1.47499514
v 2.25339055 4.02213001 -1.80126202
v 2.1824863 3.95488191 -1.77608824
v 2.06035876 3.95488191 -1.98110688
v 2.06035876 3.95488191 -1.98110688
v 2.11356187 4.02213001 -2.03430986
v 2.25339055 4.02213001 -1.80126202
v 2.06035876 3.95488191 -1.98110688
v 1.85534024 3.95488191 -2.10323429
v 1.88051403 4.02213001 -2.17413855
v 1.88051403 4.02213001 -2.17413855
v 2.11356187 4.02213001 -2.03430986
v 2.06035876 3.95488191 -1.98110688
v 2.26249671 0.440877914 1.6205039
v 2.21802831 0.0874099731 1.80593729
v 2.27660346 0.153106213 1.93116426
v 2.27660346 0.153106213 1.93116426
v 2.30789495 0.49191165 1.71749949
v 2.26249671 0.440877914 1.6205039
v 2.30789495 0.49191165 1.71749949
v 2.27660346 0.153106213 1.93116426
v 2.41801691 0.18031764 1.98303533
v 2.41801691 0.18031764 1.98303533
v 2.41749668 0.513281584 1.75755489
v 2.30789495 0.49191165 1.71749949
v 2.41749668 0.513281584 1.75755489
v 2.41801691 0.18031764 1.98303533
v 2.55943012 0.153106213 1.93116426
v 2.55943012 0.153106213 1.93116426
v 2.52709794 0.492471695 1.71720576
v 2.41749668 0.513281584 1.75755489
v 2.52709794 0.492471695 1.71720576
v 2.55943012 0.153106213 1.93116426
v 2.61800551 0.0874099731 1.80593729
v 2.61800551 0.0874099731 1.80593729
v 2.57249618 0.441670179 1.62008846
v 2.52709794 0.492471695 1.71720576
v 2.57249618 0.441670179 1.62008846
v 2.61800551 0.0874099731 1.80593729
v 2.55943012 0.0217144489 1.68070984
v 2.55943012 0.0217144489 1.68070984
v 2.52709794 0.390637875 1.52309275
v 2.57249618 0.441670179 1.62008846
v 2.52709794 0.390637875 1.52309275
v 2.55943012 0.0217144489 1.68070984
v 2.41801691 -0.00549769402 1.62883925
v 2.41801691 -0.00549769402 1.62883925
v 2.41749644 0.369266748 1.48303747
v 2.52709794 0.390637875 1.52309275
v 2.41749644 0.369266748 1.48303747
v 2.41801691 -0.00549769402 1.62883925
v 2.27660346 0.0217144489 1.68071008
v 2.27660346 0.0217144489 1.68071008
v 2.30789495 0.390077829 1.52338648
v 2.41749644 0.369266748 1.48303747
v 2.30789495 0.390077829 1.52338648
v 2.27660346 0.0217144489 1.68071008
v 2.21802831 0.0874099731 1.80593729
v 2.21802831 0.0874099731 1.80593729
v 2.26249671 0.440877914 1.6205039
v 2.30789495 0.390077829 1.52338648
v 2.24424267 6.94073868 -1.66562605
v 2.19974184 6.88015461 -1.75761151
v 2.26301694 6.24814034 -1.42604959
v 2.26301694 6.24814034 -1.42604959
v 2.30841541 6.30116558 -1.33009923
v 2.24424267 6.94073868 -1.66562605
v 2.35167694 6.9851656 -1.63766658
v 2.24424267 6.94073868 -1.66562605
v 2.30841541 6.30116558 -1.33009923
v 2.30841541 6.30116558 -1.33009923
v 2.41801691 6.3273468 -1.29256761
v 2.35167694 6.9851656 -1.63766658
v 2.45911121 6.98741198 -1.69011152
v 2.35167694 6.9851656 -1.63766658
v 2.41801691 6.3273468 -1.29256761
v 2.41801691 6.3273468 -1.29256761
v 2.52761841 6.31134605 -1.33544016
v 2.45911121 6.98741198 -1.69011152
v 2.5036118 6.94616127 -1.79223919
v 2.45911121 6.98741198 -1.69011152
v 2.52761841 6.31134605 -1.33544016
v 2.52761841 6.31134605 -1.33544016
v 2.57301688 6.26253796 -1.43360269
v 2.5036118 6.94616127 -1.79223919
v 2.45911121 6.88557816 -1.88422453
v 2.5036118 6.94616127 -1.79223919
v 2.57301688 6.26253796 -1.43360269
v 2.57301688 6.26253796 -1.43360269
v 2.52761841 6.20951271 -1.52955317
v 2.45911121 6.88557816 -1.88422453
v 2.35167694 6.84115076 -1.912184
v 2.45911121 6.88557816 -1.88422453
v 2.52761841 6.20951271 -1.52955317
v 2.52761841 6.20951271 -1.52955317
v 2.41801691 6.18333149 -1.56708491
v 2.35167694 6.84115076 -1.912184
v 2.24424267 6.83890438 -1.85973907
v 2.35167694 6.84115076 -1.912184
v 2.41801691 6.18333149 -1.56708491
v 2.41801691 6.18333149 -1.56708491
v 2.30841541 6.19933176 -1.52421236
v 2.24424267 6.83890438 -1.85973907
v 2.19974184 6.88015461 -1.75761151
v 2.24424267 6.83890438 -1.85973907
v 2.30841541 6.19933176 -1.52421236
v 2.30841541 6.19933176 -1.52421236
v 2.26301694 6.24814034 -1.42604959
v 2.19974184 6.88015461 -1.75761151
v 2.0599308 7.36332417 -1.88731945
v 2.0209024 7.29047728 -1.97287095
v 2.19974184 6.88015461 -1.75761151
v 2.19974184 6.88015461 -1.75761151
v 2.24424267 6.94073868 -1.66562605
v 2.0599308 7.36332417 -1.88731945
v 2.15415406 7.43735981 -1.87489283
v 2.0599308 7.36332417 -1.88731945
v 2.24424267 6.94073868 -1.66562605
v 2.24424267 6.94073868 -1.66562605
v 2.35167694 6.9851656 -1.63766658
v 2.15415406 7.43735981 -1.87489283
v 2.24837708 7.46921444 -1.94287062
v 2.15415406 7.43735981 -1.87489283
v 2.35167694 6.9851656 -1.63766658
v 2.35167694 6.9851656 -1.63766658
v 2.45911121 6.98741198 -1.69011152
v 2.24837708 7.46921444 -1.94287062
v 2.28740573 7.44022846 -2.05143213
v 2.24837708 7.46921444 -1.94287062
v 2.45911121 6.98741198 -1.69011152
v 2.45911121 6.98741198 -1.69011152
v 2.5036118 6.94616127 -1.79223919
v 2.28740573 7.44022846 -2.05143213
v 2.24837708 7.36738062 -2.13698363
v 2.28740573 7.44022846 -2.05143213
v 2.5036118 6.94616127 -1.79223919
v 2.5036118 6.94616127 -1.79223919
v 2.45911121 6.88557816 -1.88422453
v 2.24837708 7.36738062 -2.13698363
v 2.15415406 7.29334545 -2.14941025
v 2.24837708 7.36738062 -2.13698363
v 2.45911121 6.88557816 -1.88422453
v 2.45911121 6.88557816 -1.88422453
v 2.35167694 6.84115076 -1.912184
v 2.15415406 7.29334545 -2.14941025
v 2.0599308 7.26149035 -2.08143234
v 2.15415406 7.29334545 -2.14941025
v 2.35167694 6.84115076 -1.912184
v 2.35167694 6.84115076 -1.912184
v 2.24424267 6.83890438 -1.85973907
v 2.0599308 7.26149035 -2.08143234
v 2.0209024 7.29047728 -1.97287095
v 2.0599308 7.26149035 -2.08143234
v 2.24424267 6.83890438 -1.85973907
v 2.24424267 6.83890438 -1.85973907
v 2.19974184 6.88015461 -1.75761151
v 2.0209024 7.29047728 -1.97287095
v 1.79079461 7.62275314 -2.0234189
v 1.76365304 7.53870964 -2.10309649
v 2.0209024 7.29047728 -1.97287095
v 2.0209024 7.29047728 -1.97287095
v 2.0599308 7.36332417 -1.88731945
v 1.79079461 7.62275314 -2.0234189
v 1.85632014 7.72381973 -2.02517271
v 1.79079461 7.62275314 -2.0234189
v 2.0599308 7.36332417 -1.88731945
v 2.0599308 7.36332417 -1.88731945
v 2.15415406 7.43735981 -1.87489283
v 1.85632014 7.72381973 -2.02517271
v 1.92184567 7.78270435 -2.1073308
v 1.85632014 7.72381973 -2.02517271
v 2.15415406 7.43735981 -1.87489283
v 2.15415406 7.43735981 -1.87489283
v 2.24837708 7.46921444 -1.94287062
v 1.92184567 7.78270435 -2.1073308
v 1.94898713 7.76491451 -2.221766
v 1.92184567 7.78270435 -2.1073308
v 2.24837708 7.46921444 -1.94287062
v 2.24837708 7.46921444 -1.94287062
v 2.28740573 7.44022846 -2.05143213
v 1.94898713 7.76491451 -2.221766
v 1.92184556 7.68087006 -2.30144382
v 1.94898713 7.76491451 -2.221766
v 2.28740573 7.44022846 -2.05143213
v 2.28740573 7.44022846 -2.05143213
v 2.24837708 7.36738062 -2.13698363
v 1.92184556 7.68087006 -2.30144382
v 1.85632014 7.57980442 -2.29969001
v 1.92184556 7.68087006 -2.30144382
v 2.24837708 7.36738062 -2.13698363
v 2.24837708 7.36738062 -2.13698363
v 2.15415406 7.29334545 -2.14941025
v 1.85632014 7.57980442 -2.29969001
v 1.79079461 7.5209198 -2.21753192
v 1.85632014 7.57980442 -2.29969001
v 2.15415406 7.29334545 -2.14941025
v 2.15415406 7.29334545 -2.14941025
v 2.0599308 7.26149035 -2.08143234
v 1.79079461 7.5209198 -2.21753192
v 1.76365304 7.53870964 -2.10309649
v 1.79079461 7.5209198 -2.21753192
v 2.0599308 7.26149035 -2.08143234
v 2.0599308 7.26149035 -2.08143234
v 2.0209024 7.29047728 -1.97287095
v 1.76365304 7.53870964 -2.10309649
v 1.44529855 7.76377249 -2.097399
v 1.43121517 7.67429733 -2.17422748
v 1.76365304 7.53870964 -2.10309649
v 1.76365304 7.53870964 -2.10309649
v 1.79079461 7.62275314 -2.0234189
v 1.44529855 7.76377249 -2.097399
v 1.47929895 7.87795019 -2.10603142
v 1.44529855 7.76377249 -2.097399
v 1.79079461 7.62275314 -2.0234189
v 1.79079461 7.62275314 -2.0234189
v 1.85632014 7.72381973 -2.02517271
v 1.47929895 7.87795019 -2.10603142
v 1.51329923 7.94994736 -2.19506812
v 1.47929895 7.87795019 -2.10603142
v 1.85632014 7.72381973 -2.02517271
v 1.85632014 7.72381973 -2.02517271
v 1.92184567 7.78270435 -2.1073308
v 1.51329923 7.94994736 -2.19506812
v 1.52738261 7.93758869 -2.31235266
v 1.51329923 7.94994736 -2.19506812
v 1.92184567 7.78270435 -2.1073308
v 1.92184567 7.78270435 -2.1073308
v 1.94898713 7.76491451 -2.221766
v 1.52738261 7.93758869 -2.31235266
v 1.51329923 7.84811306 -2.38918114
v 1.52738261 7.93758869 -2.31235266
v 1.94898713 7.76491451 -2.221766
v 1.94898713 7.76491451 -2.221766
v 1.92184556 7.68087006 -2.30144382
v 1.51329923 7.84811306 -2.38918114
v 1.47929895 7.73393536 -2.38054872
v 1.51329923 7.84811306 -2.38918114
v 1.92184556 7.68087006 -2.30144382
v 1.92184556 7.68087006 -2.30144382
v 1.85632014 7.57980442 -2.29969001
v 1.47929895 7.73393536 -2.38054872
v 1.44529855 7.66193867 -2.29151201
v 1.47929895 7.73393536 -2.38054872
v 1.85632014 7.57980442 -2.29969001
v 1.85632014 7.57980442 -2.29969001
v 1.79079461 7.5209198 -2.21753192
v 1.44529855 7.66193867 -2.29151201
v 1.43121517 7.67429733 -2.17422748
v 1.44529855 7.66193867 -2.29151201
v 1.79079461 7.5209198 -2.21753192
v 1.79079461 7.5209198 -2.21753192
v 1.76365304 7.53870964 -2.10309649
v 1.43121517 7.67429733 -2.17422748
v 1.03954303 7.8244729 -2.12924314
v 1.03369498 7.7336216 -2.20534945
v 1.43121517 7.67429733 -2.17422748
v 1.43121517 7.67429733 -2.17422748
v 1.44529855 7.76377249 -2.097399
v 1.03954303 7.8244729 -2.12924314
v 1.05366123 7.94197369 -2.13961887
v 1.03954303 7.8244729 -2.12924314
v 1.44529855 7.76377249 -2.097399
v 1.44529855 7.76377249 -2.097399
v 1.47929895 7.87795019 -2.10603142
v 1.05366123 7.94197369 -2.13961887
v 1.06777954 8.01729393 -2.23039913
v 1.05366123 7.94197369 -2.13961887
v 1.47929895 7.87795019 -2.10603142
v 1.47929895 7.87795019 -2.10603142
v 1.51329923 7.94994736 -2.19506812
v 1.06777954 8.01729393 -2.23039913
v 1.07362747 8.00631142 -2.34840584
v 1.06777954 8.01729393 -2.23039913
v 1.51329923 7.94994736 -2.19506812
v 1.51329923 7.94994736 -2.19506812
v 1.52738261 7.93758869 -2.31235266
v 1.07362747 8.00631142 -2.34840584
v 1.06777954 7.91546011 -2.42451215
v 1.07362747 8.00631142 -2.34840584
v 1.52738261 7.93758869 -2.31235266
v 1.52738261 7.93758869 -2.31235266
v 1.51329923 7.84811306 -2.38918114
v 1.06777954 7.91546011 -2.42451215
v 1.05366123 7.79795933 -2.41413617
v 1.06777954 7.91546011 -2.42451215
v 1.51329923 7.84811306 -2.38918114
v 1.51329923 7.84811306 -2.38918114
v 1.47929895 7.73393536 -2.38054872
v 1.05366123 7.79795933 -2.41413617
v 1.03954303 7.72263861 -2.32335591
v 1.05366123 7.79795933 -2.41413617
v 1.47929895 7.73393536 -2.38054872
v 1.47929895 7.73393536 -2.38054872
v 1.44529855 7.66193867 -2.29151201
v 1.03954303 7.72263861 -2.32335591
v 1.03369498 7.7336216 -2.20534945
v 1.03954303 7.72263861 -2.32335591
v 1.44529855 7.66193867 -2.29151201
v 1.44529855 7.66193867 -2.29151201
v 1.43121517 7.67429733 -2.17422748
v 1.03369498 7.7336216 -2.20534945
v 0.606485188 7.84692192 -2.14101982
v 0.604864955 7.75580311 -2.21698594
v 1.03369498 7.7336216 -2.20534945
v 1.03369498 7.7336216 -2.20534945
v 1.03954303 7.8244729 -2.12924314
v 0.606485188 7.84692192 -2.14101982
v 0.610396922 7.96506882 -2.15173459
v 0.606485188 7.84692192 -2.14101982
v 1.03954303 7.8244729 -2.12924314
v 1.03954303 7.8244729 -2.12924314
v 1.05366123 7.94197369 -2.13961887
v 0.610396922 7.96506882 -2.15173459
v 0.614308715 8.0410347 -2.2428534
v 0.610396922 7.96506882 -2.15173459
v 1.05366123 7.94197369 -2.13961887
v 1.05366123 7.94197369 -2.13961887
v 1.06777954 8.01729393 -2.23039913
v 0.614308715 8.0410347 -2.2428534
v 0.615928948 8.03032017 -2.36100054
v 0.614308715 8.0410347 -2.2428534
v 1.06777954 8.01729393 -2.23039913
v 1.06777954 8.01729393 -2.23039913
v 1.07362747 8.00631142 -2.34840584
v 0.615928948 8.03032017 -2.36100054
v 0.614308715 7.9392004 -2.43696666
v 0.615928948 8.03032017 -2.36100054
v 1.07362747 8.00631142 -2.34840584
v 1.07362747 8.00631142 -2.34840584
v 1.06777954 7.91546011 -2.42451215
v 0.614308715 7.9392004 -2.43696666
v 0.610396922 7.82105398 -2.42625189
v 0.614308715 7.9392004 -2.43696666
v 1.06777954 7.91546011 -2.42451215
v 1.06777954 7.91546011 -2.42451215
v 1.05366123 7.79795933 -2.41413617
v 0.610396922 7.82105398 -2.42625189
v 0.606485188 7.7450881 -2.33513284
v 0.610396922 7.82105398 -2.42625189
v 1.05366123 7.79795933 -2.41413617
v 1.05366123 7.79795933 -2.41413617
v 1.03954303 7.72263861 -2.32335591
v 0.606485188 7.7450881 -2.33513284
v 0.604864955 7.75580311 -2.21698594
v 0.606485188 7.7450881 -2.33513284
v 1.03954303 7.72263861 -2.32335591
v 1.03954303 7.72263861 -2.32335591
v 1.03369498 7.7336216 -2.20534945
v 0.604864955 7.75580311 -2.21698594
v 0 7.84692192 -2.14101982
v 0 7.75580311 -2.21698594
v 0.604864955 7.75580311 -2.21698594
v 0.604864955 7.75580311 -2.21698594
v 0.606485188 7.84692192 -2.14101982
v 0 7.84692192 -2.14101982
v 0 7.96506882 -2.15173459
v 0 7.84692192 -2.14101982
v 0.606485188 7.84692192 -2.14101982
v 0.606485188 7.84692192 -2.14101982
v 0.610396922 7.96506882 -2.15173459
v 0 7.96506882 -2.15173459
v 0 8.0410347 -2.2428534
v 0 7.96506882 -2.15173459
v 0.610396922 7.96506882 -2.15173459
v 0.610396922 7.96506882 -2.15173459
v 0.614308715 8.0410347 -2.2428534
v 0 8.0410347 -2.2428534
v 0 8.03032017 -2.36100054
v 0 8.0410347 -2.2428534
v 0.614308715 8.0410347 -2.2428534
v 0.614308715 8.0410347 -2.2428534
v 0.615928948 8.03032017 -2.36100054
v 0 8.03032017 -2.36100054
v 0 7.9392004 -2.43696666
v 0 8.03032017 -2.36100054
v 0.615928948 8.03032017 -2.36100054
v 0.615928948 8.03032017 -2.36100054
v 0.614308715 7.9392004 -2.43696666
v 0 7.9392004 -2.43696666
v 0 7.82105398 -2.42625189
v 0 7.9392004 -2.43696666
v 0.614308715 7.9392004 -2.43696666
v 0.614308715 7.9392004 -2.43696666
v 0.610396922 7.82105398 -2.42625189
v 0 7.82105398 -2.42625189
v 0 7.7450881 -2.33513284
v 0 7.82105398 -2.42625189
v 0.610396922 7.82105398 -2.42625189
v 0.610396922 7.82105398 -2.42625189
v 0.606485188 7.7450881 -2.33513284
v 0 7.7450881 -2.33513284
v 0 7.75580311 -2.21698594
v 0 7.7450881 -2.33513284
v 0.606485188 7.7450881 -2.33513284
v 0.606485188 7.7450881 -2.33513284
v 0.604864955 7.75580311 -2.21698594
v 0 7.75580311 -2.21698594
v 2.26301694 6.24814034 -1.42604959
v 2.26249671 0.440877914 1.6205039
v 2.30789495 0.49191165 1.71749949
v 2.30789495 0.49191165 1.71749949
v 2.30841541 6.30116558 -1.33009923
v 2.26301694 6.24814034 -1.42604959
v 2.30841541 6.30116558 -1.33009923
v 2.30789495 0.49191165 1.71749949
v 2.41749668 0.513281584 1.75755489
v 2.41749668 0.513281584 1.75755489
v 2.41801691 6.3273468 -1.29256761
v 2.30841541 6.30116558 -1.33009923
v 2.41801691 6.3273468 -1.29256761
v 2.41749668 0.513281584 1.75755489
v 2.52709794 0.492471695 1.71720576
v 2.52709794 0.492471695 1.71720576
v 2.52761841 6.31134605 -1.33544016
v 2.41801691 6.3273468 -1.29256761
v 2.52761841 6.31134605 -1.33544016
v 2.52709794 0.492471695 1.71720576
v 2.57249618 0.441670179 1.62008846
v 2.57249618 0.441670179 1.62008846
v 2.57301688 6.26253796 -1.43360269
v 2.52761841 6.31134605 -1.33544016
v 2.57301688 6.26253796 -1.43360269
v 2.57249618 0.441670179 1.62008846
v 2.52709794 0.390637875 1.52309275
v 2.52709794 0.390637875 1.52309275
v 2.52761841 6.20951271 -1.52955317
v 2.57301688 6.26253796 -1.43360269
v 2.52761841 6.20951271 -1.52955317
v 2.52709794 0.390637875 1.52309275
v 2.41749644 0.369266748 1.48303747
v 2.41749644 0.369266748 1.48303747
v 2.41801691 6.18333149 -1.56708491
v 2.52761841 6.20951271 -1.52955317
v 2.41801691 6.18333149 -1.56708491
v 2.41749644 0.369266748 1.48303747
v 2.30789495 0.390077829 1.52338648
v 2.30789495 0.390077829 1.52338648
v 2.30841541 6.19933176 -1.52421236
v 2.41801691 6.18333149 -1.56708491
v 2.30841541 6.19933176 -1.52421236
v 2.30789495 0.390077829 1.52338648
v 2.26249671 0.440877914 1.6205039
v 2.26249671 0.440877914 1.6205039
v 2.26301694 6.24814034 -1.42604959
v 2.30841541 6.19933176 -1.52421236
v 2.21802831 0.0874099731 1.80593729
v 2.41801691 0.0486166477 1.82628858
v 2.27660346 0.153106213 1.93116426
v 2.27660346 0.153106213 1.93116426
v 2.41801691 0.0486166477 1.82628858
v 2.41801691 0.18031764 1.98303533
v 2.41801691 0.18031764 1.98303533
v 2.41801691 0.0486166477 1.82628858
v 2.55943012 0.153106213 1.93116426
v 2.55943012 0.153106213 1.93116426
v 2.41801691 0.0486166477 1.82628858
v 2.61800551 0.0874099731 1.80593729
v 2.61800551 0.0874099731 1.80593729
v 2.41801691 0.0486166477 1.82628858
v 2.55943012 0.0217144489 1.68070984
v 2.55943012 0.0217144489 1.68070984
v 2.41801691 0.0486166477 1.82628858
v 2.41801691 -0.00549769402 1.62883925
v 2.41801691 -0.00549769402 1.62883925
v 2.41801691 0.0486166477 1.82628858
v 2.27660346 0.0217144489 1.68071008
v 2.27660346 0.0217144489 1.68071008
v 2.41801691 0.0486166477 1.82628858
v 2.21802831 0.0874099731 1.80593729
v 0.604050577 7.82325935 -2.42244291
v 0 7.82325935 -2.42244291
v 0 6.07448959 -1.77343917
v 0 6.07448959 -1.77343917
v 0.507929265 6.07483768 -1.76541948
v 0.604050577 7.82325935 -2.42244291
v 0.887741387 6.07588005 -1.74096346
v 1.03689086 7.79789352 -2.40913606
v 0.604050577 7.82325935 -2.42244291
v 0.604050577 7.82325935 -2.42244291
v 0.507929265 6.07483768 -1.76541948
v 0.887741387 6.07588005 -1.74096346
v 1.20795929 6.07675838 -1.72034478
v 1.42437959 6.07775784 -1.69628167
v 1.72116041 7.64006567 -2.32633781
v 1.72116041 7.64006567 -2.32633781
v 1.44108737 7.73025322 -2.37365103
v 1.20795929 6.07675838 -1.72034478
v 1.42437959 6.07775784 -1.69628167
v 1.65353024 6.07903862 -1.664693
v 1.95667624 7.48505592 -2.24501777
v 1.95667624 7.48505592 -2.24501777
v 1.72116041 7.64006567 -2.32633781
v 1.42437959 6.07775784 -1.69628167
v 1.65353024 6.07903862 -1.664693
v 1.8572197 6.08036709 -1.6308943
v 2.15718365 7.2624054 -2.12821293
v 2.15718365 7.2624054 -2.12821293
v 1.95667624 7.48505592 -2.24501777
v 1.65353024 6.07903862 -1.664693
v 1.8572197 6.08036709 -1.6308943
v 2.02908278 6.08162117 -1.59788418
v 2.31313348 6.95520401 -1.96705163
v 2.31313348 6.95520401 -1.96705163
v 2.15718365 7.2624054 -2.12821293
v 1.8572197 6.08036709 -1.6308943
v 2.02908278 6.08162117 -1.59788418
v 2.15002322 6.08257008 -1.57205141
v 2.37360382 6.69591427 -1.83102548
v 2.37360382 6.69591427 -1.83102548
v 2.31313348 6.95520401 -1.96705163
v 2.02908278 6.08162117 -1.59788418
v 2.15002322 6.08257008 -1.57205141
v 2.24550295 6.08335495 -1.55007362
v 2.40861297 6.36052942 -1.65507889
v 2.40861297 6.36052942 -1.65507889
v 2.37360382 6.69591427 -1.83102548
v 2.15002322 6.08257008 -1.57205141
v 2.41497874 6.18438244 -1.56267023
v 2.40861297 6.36052942 -1.65507889
v 2.24550295 6.08335495 -1.55007362
v 2.41497874 6.18438244 -1.56267023
v 2.24550295 6.08335495 -1.55007362
v 2.40523505 6.08580208 -1.51327693
v 2.41497874 6.18438244 -1.56267023
v 2.40523505 6.08580208 -1.51327693
v 2.41497874 6.09480667 -1.51567805
v 1.44108737 7.73025322 -2.37365103
v 1.03689086 7.79789352 -2.40913606
v 0.887741387 6.07588005 -1.74096346
v 0.887741387 6.07588005 -1.74096346
v 1.20795929 6.07675838 -1.72034478
v 1.44108737 7.73025322 -2.37365103
v 0 6.06487179 -1.7971617
v 0 7.81371689 -2.44619799
v 0.604225278 7.81357288 -2.4461391
v 0.604225278 7.81357288 -2.4461391
v 0.508884847 6.06518936 -1.78911257
v 0 6.06487179 -1.7971617
v 0.604225278 7.81357288 -2.4461391
v 1.03717351 7.78805351 -2.43276763
v 0.889142275 6.0660162 -1.76454532
v 0.889142275 6.0660162 -1.76454532
v 0.508884847 6.06518936 -1.78911257
v 0.604225278 7.81357288 -2.4461391
v 1.7221936 7.62994099 -2.34982777
v 1.42722237 6.06726027 -1.71945655
v 1.20994401 6.06654453 -1.74373484
v 1.20994401 6.06654453 -1.74373484
v 1.44170928 7.72031689 -2.39723587
v 1.7221936 7.62994099 -2.34982777
v 1.95823514 7.47470379 -2.26837921
v 1.65697801 6.06825876 -1.68765533
v 1.42722237 6.06726027 -1.71945655
v 1.42722237 6.06726027 -1.71945655
v 1.7221936 7.62994099 -2.34982777
v 1.95823514 7.47470379 -2.26837921
v 2.1592629 7.2518034 -2.15142155
v 1.86125398 6.06928968 -1.65361798
v 1.65697801 6.06825876 -1.68765533
v 1.65697801 6.06825876 -1.68765533
v 1.95823514 7.47470379 -2.26837921
v 2.1592629 7.2518034 -2.15142155
v 2.31586242 6.94432163 -1.99006224
v 2.03366518 6.07028675 -1.62037659
v 1.86125398 6.06928968 -1.65361798
v 1.86125398 6.06928968 -1.65361798
v 2.1592629 7.2518034 -2.15142155
v 2.31586242 6.94432163 -1.99006224
v 2.37717509 6.68473244 -1.85377562
v 2.15501237 6.07106876 -1.59437144
v 2.03366518 6.07028675 -1.62037659
v 2.03366518 6.07028675 -1.62037659
v 2.31586242 6.94432163 -1.99006224
v 2.37717509 6.68473244 -1.85377562
v 2.41294122 6.34912872 -1.67758787
v 2.25073671 6.07174492 -1.57228136
v 2.15501237 6.07106876 -1.59437144
v 2.15501237 6.07106876 -1.59437144
v 2.37717509 6.68473244 -1.85377562
v 2.41294122 6.34912872 -1.67758787
v 2.25073671 6.07174492 -1.57228136
v 2.41294122 6.34912872 -1.67758787
v 2.41980577 6.17282581 -1.58499753
v 2.41052294 6.07416534 -1.53545773
v 2.25073671 6.07174492 -1.57228136
v 2.41980577 6.17282581 -1.58499753
v 2.41052294 6.07416534 -1.53545773
v 2.41980577 6.17282581 -1.58499753
v 2.42026663 6.08317041 -1.53785884
v 0.889142275 6.0660162 -1.76454532
v 1.03717351 7.78805351 -2.43276763
v 1.44170928 7.72031689 -2.39723587
v 1.44170928 7.72031689 -2.39723587
v 1.20994401 6.06654453 -1.74373484
v 0.889142275 6.0660162 -1.76454532
v 0.604050577 7.82325935 -2.42244291
v 0.604225278 7.81357288 -2.4461391
v 0 7.81371689 -2.44619799
v 0 7.81371689 -2.44619799
v 0 7.82325935 -2.42244291
v 0.604050577 7.82325935 -2.42244291
v 0 6.07448959 -1.77343917
v 0 6.06487179 -1.7971617
v 0.508884847 6.06518936 -1.78911257
v 0.508884847 6.06518936 -1.78911257
v 0.507929265 6.07483768 -1.76541948
v 0 6.07448959 -1.77343917
v 1.03689086 7.79789352 -2.40913606
v 1.03717351 7.78805351 -2.43276763
v 0.604225278 7.81357288 -2.4461391
v 0.604225278 7.81357288 -2.4461391
v 0.604050577 7.82325935 -2.42244291
v 1.03689086 7.79789352 -2.40913606
v 0.507929265 6.07483768 -1.76541948
v 0.508884847 6.06518936 -1.78911257
v 0.889142275 6.0660162 -1.76454532
v 0.889142275 6.0660162 -1.76454532
v 0.887741387 6.07588005 -1.74096346
v 0.507929265 6.07483768 -1.76541948
v 1.20795929 6.07675838 -1.72034478
v 1.20994401 6.06654453 -1.74373484
v 1.42722237 6.06726027 -1.71945655
v 1.42722237 6.06726027 -1.71945655
v 1.42437959 6.07775784 -1.69628167
v 1.20795929 6.07675838 -1.72034478
v 1.72116041 7.64006567 -2.32633781
v 1.7221936 7.62994099 -2.34982777
v 1.44170928 7.72031689 -2.39723587
v 1.44170928 7.72031689 -2.39723587
v 1.44108737 7.73025322 -2.37365103
v 1.72116041 7.64006567 -2.32633781
v 1.42437959 6.07775784 -1.69628167
v 1.42722237 6.06726027 -1.71945655
v 1.65697801 6.06825876 -1.68765533
v 1.65697801 6.06825876 -1.68765533
v 1.65353024 6.07903862 -1.664693
v 1.42437959 6.07775784 -1.69628167
v 1.95667624 7.48505592 -2.24501777
v 1.95823514 7.47470379 -2.26837921
v 1.7221936 7.62994099 -2.34982777
v 1.7221936 7.62994099 -2.34982777
v 1.72116041 7.64006567 -2.32633781
v 1.95667624 7.48505592 -2.24501777
v 1.65353024 6.07903862 -1.664693
v 1.65697801 6.06825876 -1.68765533
v 1.86125398 6.06928968 -1.65361798
v 1.86125398 6.06928968 -1.65361798
v 1.8572197 6.08036709 -1.6308943
v 1.65353024 6.07903862 -1.664693
v 2.15718365 7.2624054 -2.12821293
v 2.1592629 7.2518034 -2.15142155
v 1.95823514 7.47470379 -2.26837921
v 1.95823514 7.47470379 -2.26837921
v 1.95667624 7.48505592 -2.24501777
v 2.15718365 7.2624054 -2.12821293
v 1.8572197 6.08036709 -1.6308943
v 1.86125398 6.06928968 -1.65361798
v 2.03366518 6.07028675 -1.62037659
v 2.03366518 6.07028675 -1.62037659
v 2.02908278 6.08162117 -1.59788418
v 1.8572197 6.08036709 -1.6308943
v 2.31313348 6.95520401 -1.96705163
v 2.31586242 6.94432163 -1.99006224
v 2.1592629 7.2518034 -2.15142155
v 2.1592629 7.2518034 -2.15142155
v 2.15718365 7.2624054 -2.12821293
v 2.31313348 6.95520401 -1.96705163
v 2.02908278 6.08162117 -1.59788418
v 2.03366518 6.07028675 -1.62037659
v 2.15501237 6.07106876 -1.59437144
v 2.15501237 6.07106876 -1.59437144
v 2.15002322 6.08257008 -1.57205141
v 2.02908278 6.08162117 -1.59788418
v 2.37360382 6.69591427 -1.83102548
v 2.37717509 6.68473244 -1.85377562
v 2.31586242 6.94432163 -1.99006224
v 2.31586242 6.94432163 -1.99006224
v 2.31313348 6.95520401 -1.96705163
v 2.37360382 6.69591427 -1.83102548
v 2.15002322 6.08257008 -1.57205141
v 2.15501237 6.07106876 -1.59437144
v 2.25073671 6.07174492 -1.57228136
v 2.25073671 6.07174492 -1.57228136
v 2.24550295 6.08335495 -1.55007362
v 2.15002322 6.08257008 -1.57205141
v 2.40861297 6.36052942 -1.65507889
v 2.41294122 6.34912872 -1.67758787
v 2.37717509 6.68473244 -1.85377562
v 2.37717509 6.68473244 -1.85377562
v 2.37360382 6.69591427 -1.83102548
v 2.40861297 6.36052942 -1.65507889
v 2.41497874 6.09480667 -1.51567805
v 2.42026663 6.08317041 -1.53785884
v 2.41980577 6.17282581 -1.58499753
v 2.41980577 6.17282581 -1.58499753
v 2.41497874 6.18438244 -1.56267023
v 2.41497874 6.09480667 -1.51567805
v 2.40523505 6.08580208 -1.51327693
v 2.41052294 6.07416534 -1.53545773
v 2.42026663 6.08317041 -1.53785884
v 2.42026663 6.08317041 -1.53785884
v 2.41497874 6.09480667 -1.51567805
v 2.40523505 6.08580208 -1.51327693
v 2.24550295 6.08335495 -1.55007362
v 2.25073671 6.07174492 -1.57228136
v 2.41052294 6.07416534 -1.53545773
v 2.41052294 6.07416534 -1.53545773
v 2.40523505 6.08580208 -1.51327693
v 2.24550295 6.08335495 -1.55007362
v 2.41497874 6.18438244 -1.56267023
v 2.41980577 6.17282581 -1.58499753
v 2.41294122 6.34912872 -1.67758787
v 2.41294122 6.34912872 -1.67758787
v 2.40861297 6.36052942 -1.65507889
v 2.41497874 6.18438244 -1.56267023
v 1.44108737 7.73025322 -2.37365103
v 1.44170928 7.72031689 -2.39723587
v 1.03717351 7.78805351 -2.43276763
v 1.03717351 7.78805351 -2.43276763
v 1.03689086 7.79789352 -2.40913606
v 1.44108737 7.73025322 -2.37365103
v 0.887741387 6.07588005 -1.74096346
v 0.889142275 6.0660162 -1.76454532
v 1.20994401 6.06654453 -1.74373484
v 1.20994401 6.06654453 -1.74373484
v 1.20795929 6.07675838 -1.72034478
v 0.887741387 6.07588005 -1.74096346
v 2.30796099 5.42611217 -1.20247293
v 2.34019303 5.40034485 -1.12904024
v 2.4180131 5.3896718 -1.09862113
v 2.4180131 5.3896718 -1.09862113
v 2.49583554 5.40034485 -1.12903452
v 2.52807283 5.42611217 -1.20246494
v 2.30796099 5.42611217 -1.20247293
v 2.4180131 5.3896718 -1.09862113
v 2.52807283 5.42611217 -1.20246494
v 2.52807283 5.42611217 -1.20246494
v 2.49584079 5.4518795 -1.27589762
v 2.41802073 5.46255255 -1.30631685
v 2.30796099 5.42611217 -1.20247293
v 2.52807283 5.42611217 -1.20246494
v 2.41802073 5.46255255 -1.30631685
v 2.34019852 5.4518795 -1.27590334
v 2.30796099 5.42611217 -1.20247293
v 2.41802073 5.46255255 -1.30631685
v 2.30841231 5.32585716 -1.1214993
v 2.26301765 5.36214685 -1.22492015
v 2.26308107 0.441600323 -2.95154619
v 2.26308107 0.441600323 -2.95154619
v 2.30847549 0.405310392 -2.84812546
v 2.30841231 5.32585716 -1.1214993
v 2.41801238 5.31082535 -1.07865751
v 2.30841231 5.32585716 -1.1214993
v 2.30847549 0.405310392 -2.84812546
v 2.30847549 0.405310392 -2.84812546
v 2.41807556 0.390278578 -2.80528378
v 2.41801238 5.31082535 -1.07865751
v 2.52761555 5.32585716 -1.12149119
v 2.41801238 5.31082535 -1.07865751
v 2.41807556 0.390278578 -2.80528378
v 2.41807556 0.390278578 -2.80528378
v 2.52767873 0.405310392 -2.84811735
v 2.52761555 5.32585716 -1.12149119
v 2.57301784 5.36214685 -1.22490883
v 2.52761555 5.32585716 -1.12149119
v 2.52767873 0.405310392 -2.84811735
v 2.52767873 0.405310392 -2.84811735
v 2.57308102 0.441600323 -2.95153499
v 2.57301784 5.36214685 -1.22490883
v 2.52762318 5.39843702 -1.32832968
v 2.57301784 5.36214685 -1.22490883
v 2.57308102 0.441600323 -2.95153499
v 2.57308102 0.441600323 -2.95153499
v 2.52768636 0.477890253 -3.05495596
v 2.52762318 5.39843702 -1.32832968
v 2.41802311 5.41346884 -1.37117136
v 2.52762318 5.39843702 -1.32832968
v 2.52768636 0.477890253 -3.05495596
v 2.52768636 0.477890253 -3.05495596
v 2.41808629 0.492922068 -3.09779739
v 2.41802311 5.41346884 -1.37117136
v 2.30841994 5.39843702 -1.32833767
v 2.41802311 5.41346884 -1.37117136
v 2.41808629 0.492922068 -3.09779739
v 2.41808629 0.492922068 -3.09779739
v 2.30848312 0.477890253 -3.05496383
v 2.30841994 5.39843702 -1.32833767
v 2.26301765 5.36214685 -1.22492015
v 2.30841994 5.39843702 -1.32833767
v 2.30848312 0.477890253 -3.05496383
v 2.30848312 0.477890253 -3.05496383
v 2.26308107 0.441600323 -2.95154619
v 2.26301765 5.36214685 -1.22492015
v 2.34019303 5.40034485 -1.12904024
v 2.30796099 5.42611217 -1.20247293
v 2.26301765 5.36214685 -1.22492015
v 2.26301765 5.36214685 -1.22492015
v 2.30841231 5.32585716 -1.1214993
v 2.34019303 5.40034485 -1.12904024
v 2.4180131 5.3896718 -1.09862113
v 2.34019303 5.40034485 -1.12904024
v 2.30841231 5.32585716 -1.1214993
v 2.30841231 5.32585716 -1.1214993
v 2.41801238 5.31082535 -1.07865751
v 2.4180131 5.3896718 -1.09862113
v 2.49583554 5.40034485 -1.12903452
v 2.4180131 5.3896718 -1.09862113
v 2.41801238 5.31082535 -1.07865751
v 2.41801238 5.31082535 -1.07865751
v 2.52761555 5.32585716 -1.12149119
v 2.49583554 5.40034485 -1.12903452
v 2.52807283 5.42611217 -1.20246494
v 2.49583554 5.40034485 -1.12903452
v 2.52761555 5.32585716 -1.12149119
v 2.52761555 5.32585716 -1.12149119
v 2.57301784 5.36214685 -1.22490883
v 2.52807283 5.42611217 -1.20246494
v 2.49584079 5.4518795 -1.27589762
v 2.52807283 5.42611217 -1.20246494
v 2.57301784 5.36214685 -1.22490883
v 2.57301784 5.36214685 -1.22490883
v 2.52762318 5.39843702 -1.32832968
v 2.49584079 5.4518795 -1.27589762
v 2.41802073 5.46255255 -1.30631685
v 2.49584079 5.4518795 -1.27589762
v 2.52762318 5.39843702 -1.32832968
v 2.52762318 5.39843702 -1.32832968
v 2.41802311 5.41346884 -1.37117136
v 2.41802073 5.46255255 -1.30631685
v 2.34019852 5.4518795 -1.27590334
v 2.41802073 5.46255255 -1.30631685
v 2.41802311 5.41346884 -1.37117136
v 2.41802311 5.41346884 -1.37117136
v 2.30841994 5.39843702 -1.32833767
v 2.34019852 5.4518795 -1.27590334
v 2.30796099 5.42611217 -1.20247293
v 2.34019852 5.4518795 -1.27590334
v 2.30841994 5.39843702 -1.32833767
v 2.30841994 5.39843702 -1.32833767
v 2.26301765 5.36214685 -1.22492015
v 2.30796099 5.42611217 -1.20247293
v 2.27777028 0.0205013752 -2.95061183
v 2.30847549 0.405310392 -2.84812546
v 2.26308107 0.441600323 -2.95154619
v 2.26308107 0.441600323 -2.95154619
v 2.21965671 0.0669589043 -3.0830102
v 2.27777028 0.0205013752 -2.95061183
v 2.4180789 0.00125837326 -2.8957665
v 2.41807556 0.390278578 -2.80528378
v 2.30847549 0.405310392 -2.84812546
v 2.30847549 0.405310392 -2.84812546
v 2.27777028 0.0205013752 -2.95061183
v 2.4180789 0.00125837326 -2.8957665
v 2.55839157 0.0205013752 -2.95060182
v 2.52767873 0.405310392 -2.84811735
v 2.41807556 0.390278578 -2.80528378
v 2.41807556 0.390278578 -2.80528378
v 2.4180789 0.00125837326 -2.8957665
v 2.55839157 0.0205013752 -2.95060182
v 2.61651492 0.0669589043 -3.08299565
v 2.57308102 0.441600323 -2.95153499
v 2.52767873 0.405310392 -2.84811735
v 2.52767873 0.405310392 -2.84811735
v 2.55839157 0.0205013752 -2.95060182
v 2.61651492 0.0669589043 -3.08299565
v 2.55840111 0.113417149 -3.21539402
v 2.52768636 0.477890253 -3.05495596
v 2.57308102 0.441600323 -2.95153499
v 2.57308102 0.441600323 -2.95153499
v 2.61651492 0.0669589043 -3.08299565
v 2.55840111 0.113417149 -3.21539402
v 2.41809249 0.132660151 -3.27023911
v 2.41808629 0.492922068 -3.09779739
v 2.52768636 0.477890253 -3.05495596
v 2.52768636 0.477890253 -3.05495596
v 2.55840111 0.113417149 -3.21539402
v 2.41809249 0.132660151 -3.27023911
v 2.27778006 0.113417149 -3.21540403
v 2.30848312 0.477890253 -3.05496383
v 2.41808629 0.492922068 -3.09779739
v 2.41808629 0.492922068 -3.09779739
v 2.41809249 0.132660151 -3.27023911
v 2.27778006 0.113417149 -3.21540403
v 2.21965671 0.0669589043 -3.0830102
v 2.26308107 0.441600323 -2.95154619
v 2.30848312 0.477890253 -3.05496383
v 2.30848312 0.477890253 -3.05496383
v 2.27778006 0.113417149 -3.21540403
v 2.21965671 0.0669589043 -3.0830102
v 2.21965671 0.0669589043 -3.0830102
v 2.41808629 0.0181515217 -3.10012937
v 2.27777028 0.0205013752 -2.95061183
v 2.27777028 0.0205013752 -2.95061183
v 2.41808629 0.0181515217 -3.10012937
v 2.4180789 0.00125837326 -2.8957665
v 2.4180789 0.00125837326 -2.8957665
v 2.41808629 0.0181515217 -3.10012937
v 2.55839157 0.0205013752 -2.95060182
v 2.55839157 0.0205013752 -2.95060182
v 2.41808629 0.0181515217 -3.10012937
v 2.61651492 0.0669589043 -3.08299565
v 2.61651492 0.0669589043 -3.08299565
v 2.41808629 0.0181515217 -3.10012937
v 2.55840111 0.113417149 -3.21539402
v 2.55840111 0.113417149 -3.21539402
v 2.41808629 0.0181515217 -3.10012937
v 2.41809249 0.132660151 -3.27023911
v 2.41809249 0.132660151 -3.27023911
v 2.41808629 0.0181515217 -3.10012937
v 2.27778006 0.113417149 -3.21540403
v 2.27778006 0.113417149 -3.21540403
v 2.41808629 0.0181515217 -3.10012937
v 2.21965671 0.0669589043 -3.0830102
v 0 1.1895752 -2.6943686
v 0 1.22292304 -2.7521286
v 2.41801691 1.22292304 -2.7521286
v 0 1.1895752 -2.6943686
v 2.41801691 1.22292304 -2.7521286
v 2.41801691 1.16877985 -2.65834999
v 0 1.1895752 -2.6943686
v 2.41801691 1.16877985 -2.65834999
v 0 1.16877985 -2.65834999
v 0 1.26451397 -2.7521286
v 0 1.33120871 -2.7521286
v 2.41801691 1.33120918 -2.7521286
v 0 1.26451397 -2.7521286
v 2.41801691 1.33120918 -2.7521286
v 2.41801691 1.22292304 -2.7521286
v 0 1.26451397 -2.7521286
v 2.41801691 1.22292304 -2.7521286
v 0 1.22292304 -2.7521286
v 0 1.35200429 -2.71610975
v 0 1.3853519 -2.65834999
v 2.41801691 1.38535213 -2.65834999
v 0 1.35200429 -2.71610975
v 2.41801691 1.38535213 -2.65834999
v 2.41801691 1.33120918 -2.7521286
v 0 1.35200429 -2.71610975
v 2.41801691 1.33120918 -2.7521286
v 0 1.33120871 -2.7521286
v 0 1.36455655 -2.62233138
v 0 1.33120871 -2.56457162
v 2.41801691 1.33120918 -2.56457162
v 0 1.36455655 -2.62233138
v 2.41801691 1.33120918 -2.56457162
v 2.41801691 1.38535213 -2.65834999
v 0 1.36455655 -2.62233138
v 2.41801691 1.38535213 -2.65834999
v 0 1.3853519 -2.65834999
v 0 1.28961825 -2.56457162
v 0 1.22292304 -2.56457162
v 2.41801691 1.22292304 -2.56457162
v 0 1.28961825 -2.56457162
v 2.41801691 1.22292304 -2.56457162
v 2.41801691 1.33120918 -2.56457162
v 0 1.28961825 -2.56457162
v 2.41801691 1.33120918 -2.56457162
v 0 1.33120871 -2.56457162
v 0 1.2021277 -2.60059023
v 0 1.16877985 -2.65834999
v 2.41801691 1.16877985 -2.65834999
v 0 1.2021277 -2.60059023
v 2.41801691 1.16877985 -2.65834999
v 2.41801691 1.22292304 -2.56457162
v 0 1.2021277 -2.60059023
v 2.41801691 1.22292304 -2.56457162
v 0 1.22292304 -2.56457162
v 0 1.18957543 1.14580071
v 0 1.22292304 1.08804107
v 2.41801715 1.22292328 1.08804107
v 0 1.18957543 1.14580071
v 2.41801715 1.22292328 1.08804107
v 2.41801715 1.16878057 1.18181932
v 0 1.18957543 1.14580071
v 2.41801715 1.16878057 1.18181932
v 0 1.16878033 1.18181932
v 0 1.26451397 1.08804107
v 0 1.33120871 1.08804107
v 2.41801715 1.33120871 1.08804107
v 0 1.26451397 1.08804107
v 2.41801715 1.33120871 1.08804107
v 2.41801715 1.22292328 1.08804107
v 0 1.26451397 1.08804107
v 2.41801715 1.22292328 1.08804107
v 0 1.22292304 1.08804107
v 0 1.35200405 1.12405968
v 0 1.38535166 1.18181932
v 2.41801715 1.38535166 1.18181932
v 0 1.35200405 1.12405968
v 2.41801715 1.38535166 1.18181932
v 2.41801715 1.33120871 1.08804107
v 0 1.35200405 1.12405968
v 2.41801715 1.33120871 1.08804107
v 0 1.33120871 1.08804107
v 0 1.36455631 1.21783781
v 0 1.33120871 1.27559733
v 2.41801715 1.33120871 1.27559733
v 0 1.36455631 1.21783781
v 2.41801715 1.33120871 1.27559733
v 2.41801715 1.38535166 1.18181932
v 0 1.36455631 1.21783781
v 2.41801715 1.38535166 1.18181932
v 0 1.38535166 1.18181932
v 0 1.28961825 1.27559733
v 0 1.22292304 1.27559733
v 2.41801715 1.22292328 1.27559733
v 0 1.28961825 1.27559733
v 2.41801715 1.22292328 1.27559733
v 2.41801715 1.33120871 1.27559733
v 0 1.28961825 1.27559733
v 2.41801715 1.33120871 1.27559733
v 0 1.33120871 1.27559733
v 0 1.2021277 1.23957884
v 0 1.16878033 1.18181932
v 2.41801715 1.16878057 1.18181932
v 0 1.2021277 1.23957884
v 2.41801715 1.16878057 1.18181932
v 2.41801715 1.22292328 1.27559733
v 0 1.2021277 1.23957884
v 2.41801715 1.22292328 1.27559733
v 0 1.22292304 1.27559733
v 2.56539917 4.56296968 -0.521154046
v 2.56539917 4.52387857 -0.453446507
v 2.56539917 4.56296968 -0.442972124
v 2.56539917 4.56296968 -0.521154046
v 2.56539917 4.56296968 -0.442972124
v 2.56539917 4.60206079 -0.453446597
v 2.56539917 4.56296968 -0.521154046
v 2.56539917 4.60206079 -0.453446597
v 2.56539917 4.63067722 -0.482063144
v 2.56539917 5.03498268 -1.33870471
v 2.56539917 5.10269022 -1.29961371
v 2.56539917 5.1131649 -1.33870471
v 2.56539917 5.03498268 -1.33870471
v 2.56539917 5.1131649 -1.33870471
v 2.56539917 5.10269022 -1.37779558
v 2.56539917 5.03498268 -1.33870471
v 2.56539917 5.10269022 -1.37779558
v 2.56539917 5.07407379 -1.40641212
v 2.56539917 5.03498268 -1.33870471
v 2.56539917 5.07407379 -1.40641212
v 2.56539917 5.03498268 -1.41688657
v 2.56539917 5.03498268 -1.33870471
v 2.56539917 5.03498268 -1.41688657
v 2.56539917 4.99589205 -1.40641212
v 2.56539917 5.03498268 -1.33870471
v 2.56539917 4.99589205 -1.40641212
v 2.56539917 4.96727562 -1.37779558
v 2.56539917 4.56296968 -0.521154046
v 2.56539917 4.49526215 -0.560244977
v 2.56539917 4.48478794 -0.521154046
v 2.56539917 4.56296968 -0.521154046
v 2.56539917 4.48478794 -0.521154046
v 2.56539917 4.49526215 -0.482063055
v 2.56539917 4.56296968 -0.521154046
v 2.56539917 4.49526215 -0.482063055
v 2.56539917 4.52387857 -0.453446507
v 2.56539917 4.52387857 -0.453446507
v 2.59278703 4.52387857 -0.453446507
v 2.59278703 4.56296968 -0.442972124
v 2.59278703 4.56296968 -0.442972124
v 2.56539917 4.56296968 -0.442972124
v 2.56539917 4.52387857 -0.453446507
v 2.56539917 4.56296968 -0.442972124
v 2.59278703 4.56296968 -0.442972124
v 2.59278703 4.60206079 -0.453446597
v 2.59278703 4.60206079 -0.453446597
v 2.56539917 4.60206079 -0.453446597
v 2.56539917 4.56296968 -0.442972124
v 2.56539917 4.60206079 -0.453446597
v 2.59278703 4.60206079 -0.453446597
v 2.59278703 4.63067722 -0.482063144
v 2.59278703 4.63067722 -0.482063144
v 2.56539917 4.63067722 -0.482063144
v 2.56539917 4.60206079 -0.453446597
v 2.56539917 5.10269022 -1.29961371
v 2.59278703 5.10269022 -1.29961371
v 2.59278703 5.1131649 -1.33870471
v 2.59278703 5.1131649 -1.33870471
v 2.56539917 5.1131649 -1.33870471
v 2.56539917 5.10269022 -1.29961371
v 2.56539917 5.1131649 -1.33870471
v 2.59278703 5.1131649 -1.33870471
v 2.59278703 5.10269022 -1.37779558
v 2.59278703 5.10269022 -1.37779558
v 2.56539917 5.10269022 -1.37779558
v 2.56539917 5.1131649 -1.33870471
v 2.56539917 5.10269022 -1.37779558
v 2.59278703 5.10269022 -1.37779558
v 2.59278703 5.07407379 -1.40641212
v 2.59278703 5.07407379 -1.40641212
v 2.56539917 5.07407379 -1.40641212
v 2.56539917 5.10269022 -1.37779558
v 2.56539917 5.07407379 -1.40641212
v 2.59278703 5.07407379 -1.40641212
v 2.59278703 5.03498268 -1.41688657
v 2.59278703 5.03498268 -1.41688657
v 2.56539917 5.03498268 -1.41688657
v 2.56539917 5.07407379 -1.40641212
v 2.56539917 5.03498268 -1.41688657
v 2.59278703 5.03498268 -1.41688657
v 2.59278703 4.99589205 -1.40641212
v 2.59278703 4.99589205 -1.40641212
v 2.56539917 4.99589205 -1.40641212
v 2.56539917 5.03498268 -1.41688657
v 2.56539917 4.99589205 -1.40641212
v 2.59278703 4.99589205 -1.40641212
v 2.59278703 4.96727562 -1.37779558
v 2.59278703 4.96727562 -1.37779558
v 2.56539917 4.96727562 -1.37779558
v 2.56539917 4.99589205 -1.40641212
v 2.56539917 4.49526215 -0.560244977
v 2.59278703 4.49526215 -0.560244977
v 2.59278703 4.48478794 -0.521154046
v 2.59278703 4.48478794 -0.521154046
v 2.56539917 4.48478794 -0.521154046
v 2.56539917 4.49526215 -0.560244977
v 2.56539917 4.48478794 -0.521154046
v 2.59278703 4.48478794 -0.521154046
v 2.59278703 4.49526215 -0.482063055
v 2.59278703 4.49526215 -0.482063055
v 2.56539917 4.49526215 -0.482063055
v 2.56539917 4.48478794 -0.521154046
v 2.56539917 4.49526215 -0.482063055
v 2.59278703 4.49526215 -0.482063055
v 2.59278703 4.52387857 -0.453446507
v 2.59278703 4.52387857 -0.453446507
v 2.56539917 4.52387857 -0.453446507
v 2.56539917 4.49526215 -0.482063055
v 2.59278703 4.52387857 -0.453446507
v 2.59278703 4.56296968 -0.521154046
v 2.59278703 4.56296968 -0.442972124
v 2.59278703 4.56296968 -0.442972124
v 2.59278703 4.56296968 -0.521154046
v 2.59278703 4.60206079 -0.453446597
v 2.59278703 4.60206079 -0.453446597
v 2.59278703 4.56296968 -0.521154046
v 2.59278703 4.63067722 -0.482063144
v 2.59278703 5.10269022 -1.29961371
v 2.59278703 5.03498268 -1.33870471
v 2.59278703 5.1131649 -1.33870471
v 2.59278703 5.1131649 -1.33870471
v 2.59278703 5.03498268 -1.33870471
v 2.59278703 5.10269022 -1.37779558
v 2.59278703 5.10269022 -1.37779558
v 2.59278703 5.03498268 -1.33870471
v 2.59278703 5.07407379 -1.40641212
v 2.59278703 5.07407379 -1.40641212
v 2.59278703 5.03498268 -1.33870471
v 2.59278703 5.03498268 -1.41688657
v 2.59278703 5.03498268 -1.41688657
v 2.59278703 5.03498268 -1.33870471
v 2.59278703 4.99589205 -1.40641212
v 2.59278703 4.99589205 -1.40641212
v 2.59278703 5.03498268 -1.33870471
v 2.59278703 4.96727562 -1.37779558
v 2.59278703 4.49526215 -0.560244977
v 2.59278703 4.56296968 -0.521154046
v 2.59278703 4.48478794 -0.521154046
v 2.59278703 4.48478794 -0.521154046
v 2.59278703 4.56296968 -0.521154046
v 2.59278703 4.49526215 -0.482063055
v 2.59278703 4.49526215 -0.482063055
v 2.59278703 4.56296968 -0.521154046
v 2.59278703 4.52387857 -0.453446507
v 2.56539917 5.03498268 -1.33870471
v 2.56539917 4.56296968 -0.521154046
v 2.56539917 4.63067722 -0.482063144
v 2.56539917 4.63067722 -0.482063144
v 2.56539917 5.10269022 -1.29961371
v 2.56539917 5.03498268 -1.33870471
v 2.56539917 5.10269022 -1.29961371
v 2.56539917 4.63067722 -0.482063144
v 2.59278703 4.63067722 -0.482063144
v 2.59278703 4.63067722 -0.482063144
v 2.59278703 5.10269022 -1.29961371
v 2.56539917 5.10269022 -1.29961371
v 2.59278703 5.10269022 -1.29961371
v 2.59278703 4.63067722 -0.482063144
v 2.59278703 4.56296968 -0.521154046
v 2.59278703 4.56296968 -0.521154046
v 2.59278703 5.03498268 -1.33870471
v 2.59278703 5.10269022 -1.29961371
v 2.59278703 5.03498268 -1.33870471
v 2.59278703 4.56296968 -0.521154046
v 2.59278703 4.49526215 -0.560244977
v 2.59278703 4.49526215 -0.560244977
v 2.59278703 4.96727562 -1.37779558
v 2.59278703 5.03498268 -1.33870471
v 2.59278703 4.96727562 -1.37779558
v 2.59278703 4.49526215 -0.560244977
v 2.56539917 4.49526215 -0.560244977
v 2.56539917 4.49526215 -0.560244977
v 2.56539917 4.96727562 -1.37779558
v 2.59278703 4.96727562 -1.37779558
v 2.56539917 4.96727562 -1.37779558
v 2.56539917 4.49526215 -0.560244977
v 2.56539917 4.56296968 -0.521154046
v 2.56539917 4.56296968 -0.521154046
v 2.56539917 5.03498268 -1.33870471
v 2.56539917 4.96727562 -1.37779558
vt 0.842077017 0.0751369968 0
vt 0.867641985 0.0904740021 0
vt 0.882956982 0.116070002 0
vt 0.888484001 0.154540002 0
vt 0.888484001 0.481209993 0
vt 0.882957995 0.51967901 0
vt 0.867641985 0.545274973 0
vt 0.842077017 0.560612977 0
vt 0.803676009 0.566172004 0
vt 0.608959973 0.566163003 0
vt 0.608959973 0.0695879981 0
vt 0.803676009 0.0695789978 0
vt 0.330511004 0.129914001 0
vt 0.342803001 0.109343998 0
vt 0.363319993 0.0969469994 0
vt 0.398027003 0.0918470025 0
vt 0.591389 0.0918510035 0
vt 0.591389 0.562481999 0
vt 0.398027003 0.562487006 0
vt 0.363319993 0.557385981 0
vt 0.342803001 0.544987977 0
vt 0.330511004 0.524417996 0
vt 0.325937003 0.489540994 0
vt 0.325937003 0.164791003 0
vt 0.999495029 0.000500000024 0
vt 0.999499977 0.0359739996 0
vt 0.809238017 0.0360010006 0
vt 0.809234023 0.000525999989 0
vt 0.342664003 0.000538999971 0
vt 0.662002027 0.000538000022 0
vt 0.662002981 0.0360150002 0
vt 0.34266299 0.0360159986 0
vt 0.76888901 0.000531999976 0
vt 0.768893003 0.0360059999 0
vt 0.235770002 0.0360080004 0
vt 0.195421994 0.036003001 0
vt 0.195426002 0.000525999989 0
vt 0.235773996 0.000531000027 0
vt 0.735619009 0.000534999999 0
vt 0.735621989 0.0360100009 0
vt 0.702349007 0.000537000014 0
vt 0.702350974 0.0360129997 0
vt 0.269041985 0.0360109992 0
vt 0.269044995 0.000534999999 0
vt 0.302314013 0.0360140018 0
vt 0.30231601 0.000537000014 0
vt 0.396117002 0.0741460025 0
vt 0.591389 0.0740159974 0
vt 0.308387011 0.163497999 0
vt 0.308387011 0.490833014 0
vt 0.356959999 0.0809520036 0
vt 0.314330012 0.530183017 0
vt 0.314330012 0.124149002 0
vt 0.330577999 0.0975330025 0
vt 0.356959999 0.573381007 0
vt 0.396117002 0.580187976 0
vt 0.330577999 0.556798995 0
vt 0.394190013 0.0565089993 0
vt 0.591389 0.0561450012 0
vt 0.290672004 0.161902994 0
vt 0.290672004 0.492428005 0
vt 0.350432992 0.0649380013 0
vt 0.298233002 0.536401987 0
vt 0.298233002 0.117928997 0
vt 0.318345994 0.0855050012 0
vt 0.350432009 0.589394987 0
vt 0.394190013 0.597826004 0
vt 0.318345994 0.56882602 0
vt 0.00514899986 0.0359800011 0
vt 0.00515299989 0.000503999996 0
vt 0.591389 0.580318987 0
vt 0.591389 0.598188996 0
vt 0.804717004 0.0569280013 0
vt 0.608959973 0.056919001 0
vt 0.901125014 0.153573006 0
vt 0.901125014 0.482176989 0
vt 0.804717004 0.57882297 0
vt 0.608959973 0.578831971 0
vt 0.894773006 0.111773998 0
vt 0.84642297 0.572417021 0
vt 0.84642297 0.0633319989 0
vt 0.876522005 0.0816240013 0
vt 0.894773006 0.523976028 0
vt 0.876522005 0.554125011 0
vt 0.114404999 0.106624998 0
vt 0.0979970023 0.106624998 0
vt 0.0979970023 0.0554599985 0
vt 0.114404999 0.0554599985 0
vt 0.0818080008 0.106624998 0
vt 0.0818080008 0.0554599985 0
vt 0.0655900016 0.106624998 0
vt 0.0655900016 0.0554599985 0
vt 0.0492810011 0.106624998 0
vt 0.0492810011 0.0554599985 0
vt 0.032912001 0.106624998 0
vt 0.032912001 0.0554599985 0
vt 0.0165309999 0.106624998 0
vt 0.0165309999 0.0554599985 0
vt 0.000500000024 0.106624998 0
vt 0.000500000024 0.0554599985 0
vt 0.132007003 0.106624998 0
vt 0.132007003 0.0554599985 0
vt 0.369325995 0.640900016 0
vt 0.291085005 0.640900016 0
vt 0.291085005 0.624427974 0
vt 0.369325995 0.624427974 0
vt 0.369325995 0.657151997 0
vt 0.291085005 0.657151997 0
vt 0.369325995 0.673434019 0
vt 0.291085005 0.673434019 0
vt 0.369325995 0.689806998 0
vt 0.291085005 0.689806998 0
vt 0.369325995 0.706241012 0
vt 0.291085005 0.706241012 0
vt 0.369325995 0.722685993 0
vt 0.291085005 0.722685993 0
vt 0.369325995 0.738780022 0
vt 0.291085005 0.738780022 0
vt 0.291085005 0.606755972 0
vt 0.369325995 0.606755972 0
vt 0.429506987 0.640900016 0
vt 0.429506987 0.624427974 0
vt 0.429506987 0.657151997 0
vt 0.429506987 0.673434019 0
vt 0.429506987 0.689806998 0
vt 0.429506987 0.706241012 0
vt 0.429506987 0.722685993 0
vt 0.429506987 0.738780022 0
vt 0.429506987 0.606755972 0
vt 0.482677996 0.640900016 0
vt 0.482677996 0.624427974 0
vt 0.482677996 0.657151997 0
vt 0.482677996 0.673434019 0
vt 0.482677996 0.689806998 0
vt 0.482677996 0.706241012 0
vt 0.482677996 0.722685993 0
vt 0.482677996 0.738780022 0
vt 0.482677996 0.606755972 0
vt 0.536180019 0.640900016 0
vt 0.536180019 0.624427974 0
vt 0.536180019 0.657151997 0
vt 0.536180019 0.673434019 0
vt 0.536180019 0.689806998 0
vt 0.536180019 0.706241012 0
vt 0.536180019 0.722685993 0
vt 0.536180019 0.738780022 0
vt 0.536180019 0.606755972 0
vt 0.59195298 0.640900016 0
vt 0.59195298 0.624427974 0
vt 0.59195298 0.657151997 0
vt 0.59195298 0.673434019 0
vt 0.59195298 0.689806998 0
vt 0.59195298 0.706241012 0
vt 0.59195298 0.722685993 0
vt 0.59195298 0.738780022 0
vt 0.59195298 0.606755972 0
vt 0.659597993 0.640900016 0
vt 0.659597993 0.624427974 0
vt 0.659597993 0.657151997 0
vt 0.659597993 0.673434019 0
vt 0.659597993 0.689806998 0
vt 0.659597993 0.706241012 0
vt 0.659597993 0.722685993 0
vt 0.659597993 0.738780022 0
vt 0.659597993 0.606755972 0
vt 0.738128006 0.640900016 0
vt 0.738128006 0.624427974 0
vt 0.738128006 0.657151997 0
vt 0.738128006 0.673434019 0
vt 0.738128006 0.689806998 0
vt 0.738128006 0.706241012 0
vt 0.738128006 0.722685993 0
vt 0.738128006 0.738780022 0
vt 0.738128006 0.606755972 0
vt 0.114404999 0.931882977 0
vt 0.0979970023 0.931882977 0
vt 0.0818080008 0.931882977 0
vt 0.0655900016 0.931882977 0
vt 0.0492810011 0.931882977 0
vt 0.032912001 0.931882977 0
vt 0.0165309999 0.931882977 0
vt 0.000500000024 0.931882977 0
vt 0.132007003 0.931882977 0
vt 0.194982007 0.839547992 0
vt 0.184184998 0.855907977 0
vt 0.169835001 0.834694982 0
vt 0.164982006 0.859842002 0
vt 0.148622006 0.849044979 0
vt 0.144687995 0.829841971 0
vt 0.155484006 0.813481987 0
vt 0.174686998 0.80954802 0
vt 0.191047996 0.820344985 0
vt 0.644306004 0.99565202 0
vt 0.656401992 0.76049 0
vt 0.720359027 0.760800004 0
vt 0.720358014 0.995649993 0
vt 0.60849297 0.759526014 0
vt 0.589806974 0.992089987 0
vt 0.568100989 0.75869298 0
vt 0.538901985 0.982554018 0
vt 0.503606021 0.969825029 0
vt 0.540704012 0.757685006 0
vt 0.473854005 0.947920978 0
vt 0.511610985 0.75633198 0
vt 0.448408991 0.916426003 0
vt 0.485657007 0.754848003 0
vt 0.428406 0.872916996 0
vt 0.463672996 0.75336498 0
vt 0.420388997 0.836136997 0
vt 0.448146999 0.752183974 0
vt 0.415374011 0.788514018 0
vt 0.435853004 0.751164973 0
vt 0.414222986 0.763482988 0
vt 0.414036989 0.750748992 0
vt 0.415275007 0.749586999 0
vt 0.761636019 0.978403986 0
vt 0.761321008 0.914327025 0
vt 0.996478021 0.902329981 0
vt 0.996495008 0.978403986 0
vt 0.760326982 0.866361022 0
vt 0.99289602 0.847818017 0
vt 0.970591009 0.761521995 0
vt 0.983345985 0.796869993 0
vt 0.759443998 0.825896025 0
vt 0.75839299 0.798389971 0
vt 0.948655009 0.731703997 0
vt 0.756996989 0.769219995 0
vt 0.917123973 0.70619297 0
vt 0.755466998 0.743191004 0
vt 0.873573005 0.68610698 0
vt 0.753943026 0.721135974 0
vt 0.836746991 0.677981973 0
vt 0.752734005 0.705558002 0
vt 0.789085984 0.672869027 0
vt 0.751697004 0.693232 0
vt 0.750114024 0.672644973 0
vt 0.75127703 0.671407998 0
vt 0.764028013 0.671653986 0
vt 0.0820010006 0.0450420007 0
vt 0.00549100013 0.0450420007 0
vt 0.00549100013 0.0418299995 0
vt 0.0820010006 0.0418299995 0
vt 0.80192697 0.0450420007 0
vt 0.744010985 0.0450420007 0
vt 0.744010985 0.0418299995 0
vt 0.80192697 0.0418299995 0
vt 0.158520997 0.0450420007 0
vt 0.158520997 0.0418299995 0
vt 0.700375021 0.0450420007 0
vt 0.700375021 0.0418299995 0
vt 0.666827977 0.0450420007 0
vt 0.638839006 0.0450420007 0
vt 0.638839006 0.0418299995 0
vt 0.666827977 0.0418299995 0
vt 0.257167011 0.0450420007 0
vt 0.212121993 0.0450420007 0
vt 0.212121993 0.0418299995 0
vt 0.257167011 0.0418299995 0
vt 0.611522973 0.0450420007 0
vt 0.611522973 0.0418299995 0
vt 0.294759989 0.0450420007 0
vt 0.294759989 0.0418299995 0
vt 0.587684989 0.0450420007 0
vt 0.587684989 0.0418299995 0
vt 0.333857 0.0450420007 0
vt 0.333857 0.0418299995 0
vt 0.568992972 0.0450420007 0
vt 0.568992972 0.0418299995 0
vt 0.378443986 0.0450420007 0
vt 0.378443986 0.0418299995 0
vt 0.55509901 0.0450420007 0
vt 0.55509901 0.0418299995 0
vt 0.421562999 0.0450420007 0
vt 0.421562999 0.0418299995 0
vt 0.538661003 0.0450420007 0
vt 0.538661003 0.0418299995 0
vt 0.464628011 0.0450420007 0
vt 0.464628011 0.0418299995 0
vt 0.520281017 0.0450420007 0
vt 0.501308978 0.0450420007 0
vt 0.501308978 0.0418299995 0
vt 0.520281017 0.0418299995 0
vt 0.527517974 0.0450420007 0
vt 0.527517974 0.0418299995 0
vt 0.219439998 0.804078996 0
vt 0.210868999 0.800996006 0
vt 0.207218006 0.792563975 0
vt 0.210180998 0.783892989 0
vt 0.218493 0.780134976 0
vt 0.227063999 0.783218026 0
vt 0.230715007 0.791649997 0
vt 0.227752 0.800320983 0
vt 0.261308014 0.759534001 0
vt 0.261308014 0.0984280035 0
vt 0.278061002 0.0984280035 0
vt 0.278061002 0.759534001 0
vt 0.244299993 0.759534001 0
vt 0.244299993 0.0984280035 0
vt 0.227553993 0.759534001 0
vt 0.227553993 0.0984280035 0
vt 0.211016998 0.759534001 0
vt 0.211016998 0.0984280035 0
vt 0.194580004 0.759534001 0
vt 0.194580004 0.0984280035 0
vt 0.178131998 0.759534001 0
vt 0.178131998 0.0984280035 0
vt 0.161564007 0.759534001 0
vt 0.161564007 0.0984280035 0
vt 0.144043997 0.759534001 0
vt 0.144043997 0.0984280035 0
vt 0.234911993 0.77620101 0
vt 0.241315007 0.792107999 0
vt 0.218992993 0.769572973 0
vt 0.203079 0.77610898 0
vt 0.196618006 0.792105973 0
vt 0.203021005 0.808012009 0
vt 0.218941003 0.814640999 0
vt 0.234853998 0.808104992 0
vt 0.261308014 0.0542399995 0
vt 0.278061002 0.0542399995 0
vt 0.244299993 0.0542399995 0
vt 0.227553993 0.0542399995 0
vt 0.211016998 0.0542399995 0
vt 0.194580004 0.0542399995 0
vt 0.178131998 0.0542399995 0
vt 0.161564007 0.0542399995 0
vt 0.144043997 0.0542399995 0
vt 0.192000002 0.904797971 0
vt 0.184505999 0.922891021 0
vt 0.166413993 0.904797971 0
vt 0.166413993 0.930384994 0
vt 0.148321003 0.922891021 0
vt 0.140827 0.904797971 0
vt 0.148321003 0.886705995 0
vt 0.166413993 0.879212022 0
vt 0.184505999 0.886705995 0
vt 0.919393003 0.0618799999 0
vt 0.914080024 0.0618799999 0
vt 0.91436398 0.366290987 0
vt 0.927996993 0.366281986 0
vt 0.927788973 0.0618799999 0
vt 0.933102012 0.0618799999 0
vt 0.941628993 0.366275996 0
vt 0.941497982 0.0618799999 0
vt 0.94681102 0.0618799999 0
vt 0.955262005 0.366273999 0
vt 0.955205977 0.0618799999 0
vt 0.960519016 0.0618799999 0
vt 0.968894005 0.366275012 0
vt 0.968913972 0.0618799999 0
vt 0.974227011 0.0618799999 0
vt 0.982527018 0.366279006 0
vt 0.982622981 0.0618799999 0
vt 0.98793602 0.0618799999 0
vt 0.996159017 0.366286993 0
vt 0.99633199 0.0618799999 0
vt 0.91791898 0.382254988 0
vt 0.912606001 0.382254988 0
vt 0.912891984 0.686667025 0
vt 0.926523983 0.686657012 0
vt 0.92631501 0.382254988 0
vt 0.931627989 0.382254988 0
vt 0.940156996 0.686650991 0
vt 0.940024018 0.382254988 0
vt 0.945336998 0.382254988 0
vt 0.953788996 0.686649024 0
vt 0.953732014 0.382254988 0
vt 0.959044993 0.382254988 0
vt 0.967422009 0.686649024 0
vt 0.967441022 0.382254988 0
vt 0.972754002 0.382254988 0
vt 0.981054008 0.686653972 0
vt 0.981149018 0.382254988 0
vt 0.986461997 0.382254988 0
vt 0.994686007 0.686662018 0
vt 0.994858027 0.382254988 0
vt 0.384719998 0.891331971 0
vt 0.393243998 0.886411011 0
vt 0.394562989 0.891331971 0
vt 0.389642 0.88280803 0
vt 0.384719998 0.881488979 0
vt 0.265863001 0.891337991 0
vt 0.260940999 0.882812977 0
vt 0.265863001 0.881493986 0
vt 0.257339001 0.886416018 0
vt 0.25602001 0.891337991 0
vt 0.257339001 0.896260023 0
vt 0.260942012 0.899861991 0
vt 0.265864015 0.901180983 0
vt 0.389642 0.899856985 0
vt 0.384721011 0.901175022 0
vt 0.393245012 0.896254003 0
vt 0.293956995 0.950860023 0
vt 0.288868994 0.950860023 0
vt 0.288868994 0.947416008 0
vt 0.293956995 0.947416008 0
vt 0.283780992 0.95085901 0
vt 0.283780992 0.947416008 0
vt 0.278692991 0.95085901 0
vt 0.278692991 0.947416008 0
vt 0.159995005 0.950855017 0
vt 0.154903993 0.95085597 0
vt 0.154903993 0.947409987 0
vt 0.159995005 0.947411001 0
vt 0.149811998 0.950856984 0
vt 0.149811998 0.947408974 0
vt 0.144715995 0.950856984 0
vt 0.144715995 0.94740802 0
vt 0.139617994 0.950857997 0
vt 0.139617994 0.947407007 0
vt 0.134517998 0.95085901 0
vt 0.134517998 0.947407007 0
vt 0.129416004 0.950860023 0
vt 0.129415005 0.947405994 0
vt 0.309219986 0.950860023 0
vt 0.304132015 0.950860023 0
vt 0.304132998 0.947417021 0
vt 0.309219986 0.947417021 0
vt 0.299044013 0.950860023 0
vt 0.299044013 0.947417021 0
vt 0.394017011 0.915668011 0
vt 0.39269799 0.920589983 0
vt 0.384171993 0.915668011 0
vt 0.389095008 0.924193025 0
vt 0.384173006 0.925511003 0
vt 0.26531899 0.925521016 0
vt 0.260396987 0.924202979 0
vt 0.265318006 0.915678024 0
vt 0.256794006 0.920599997 0
vt 0.255475014 0.915678978 0
vt 0.256792992 0.910757005 0
vt 0.260396004 0.907154024 0
vt 0.265316993 0.905834973 0
vt 0.384171993 0.905824006 0
vt 0.389093995 0.907142997 0
vt 0.392697006 0.910745978 0
vt 0.0103420001 0.950868011 0
vt 0.0103409998 0.947413981 0
vt 1.60895991 0.0695879981 0
vt 1.60895991 0.566163003 0
vt 1.80367601 0.566172004 0
vt 1.84207702 0.560612977 0
vt 1.86764193 0.545274973 0
vt 1.88295794 0.51967901 0
vt 1.888484 0.481209993 0
vt 1.888484 0.154540002 0
vt 1.88295698 0.116070002 0
vt 1.86764193 0.0904740021 0
vt 1.84207702 0.0751369968 0
vt 1.80367601 0.0695789978 0
vt 1.32593703 0.489540994 0
vt 1.33051097 0.524417996 0
vt 1.342803 0.544987977 0
vt 1.36331999 0.557385981 0
vt 1.39802694 0.562487006 0
vt 1.59138894 0.562481999 0
vt 1.59138894 0.0918510035 0
vt 1.39802694 0.0918470025 0
vt 1.36331999 0.0969469994 0
vt 1.342803 0.109343998 0
vt 1.33051097 0.129914001 0
vt 1.32593703 0.164791003 0
vt 1.99949503 0.000500000024 0
vt 1.80923402 0.000525999989 0
vt 1.80923796 0.0360010006 0
vt 1.99950004 0.0359739996 0
vt 1.342664 0.000538999971 0
vt 1.34266305 0.0360159986 0
vt 1.66200304 0.0360150002 0
vt 1.66200209 0.000538000022 0
vt 1.76888895 0.000531999976 0
vt 1.768893 0.0360059999 0
vt 1.23576999 0.0360080004 0
vt 1.23577404 0.000531000027 0
vt 1.19542599 0.000525999989 0
vt 1.19542193 0.036003001 0
vt 1.73561907 0.000534999999 0
vt 1.73562193 0.0360100009 0
vt 1.70234895 0.000537000014 0
vt 1.70235097 0.0360129997 0
vt 1.26904202 0.0360109992 0
vt 1.269045 0.000534999999 0
vt 1.30231404 0.0360140018 0
vt 1.30231595 0.000537000014 0
vt 1.59138894 0.0740159974 0
vt 1.39611697 0.0741460025 0
vt 1.30838704 0.163497999 0
vt 1.30838704 0.490833014 0
vt 1.35696006 0.0809520036 0
vt 1.31432998 0.530183017 0
vt 1.31432998 0.124149002 0
vt 1.33057797 0.0975330025 0
vt 1.35696006 0.573381007 0
vt 1.39611697 0.580187976 0
vt 1.33057797 0.556798995 0
vt 1.39419007 0.0565089993 0
vt 1.59138894 0.0561450012 0
vt 1.29067206 0.161902994 0
vt 1.29067206 0.492428005 0
vt 1.35043299 0.0649380013 0
vt 1.29823303 0.536401987 0
vt 1.29823303 0.117928997 0
vt 1.31834602 0.0855050012 0
vt 1.35043299 0.589394987 0
vt 1.39419007 0.597826004 0
vt 1.31834602 0.56882602 0
vt 1.00515294 0.000503999996 0
vt 1.00514901 0.0359800011 0
vt 1.59138894 0.580318987 0
vt 1.59138894 0.598188996 0
vt 1.80471706 0.0569280013 0
vt 1.60895991 0.056919001 0
vt 1.90112495 0.153573006 0
vt 1.90112495 0.482176989 0
vt 1.80471706 0.57882297 0
vt 1.60895991 0.578831971 0
vt 1.89477301 0.111773998 0
vt 1.84642291 0.572417021 0
vt 1.84642291 0.0633319989 0
vt 1.87652206 0.0816240013 0
vt 1.89477301 0.523976028 0
vt 1.87652206 0.554125011 0
vt 1.11440504 0.106624998 0
vt 1.11440504 0.0554599985 0
vt 1.09799695 0.0554599985 0
vt 1.09799695 0.106624998 0
vt 1.08180797 0.0554599985 0
vt 1.08180797 0.106624998 0
vt 1.06559002 0.0554599985 0
vt 1.06559002 0.106624998 0
vt 1.049281 0.0554599985 0
vt 1.049281 0.106624998 0
vt 1.03291202 0.0554599985 0
vt 1.03291202 0.106624998 0
vt 1.01653099 0.0554599985 0
vt 1.01653099 0.106624998 0
vt 1.00049996 0.0554599985 0
vt 1.00049996 0.106624998 0
vt 1.132007 0.106624998 0
vt 1.132007 0.0554599985 0
vt 1.369326 0.640900016 0
vt 1.369326 0.624427974 0
vt 1.291085 0.624427974 0
vt 1.291085 0.640900016 0
vt 1.369326 0.657151997 0
vt 1.291085 0.657151997 0
vt 1.369326 0.673434019 0
vt 1.291085 0.673434019 0
vt 1.369326 0.689806998 0
vt 1.291085 0.689806998 0
vt 1.369326 0.706241012 0
vt 1.291085 0.706241012 0
vt 1.369326 0.722685993 0
vt 1.291085 0.722685993 0
vt 1.369326 0.738780022 0
vt 1.291085 0.738780022 0
vt 1.369326 0.606755972 0
vt 1.291085 0.606755972 0
vt 1.42950702 0.640900016 0
vt 1.42950702 0.624427974 0
vt 1.42950702 0.657151997 0
vt 1.42950702 0.673434019 0
vt 1.42950702 0.689806998 0
vt 1.42950702 0.706241012 0
vt 1.42950702 0.722685993 0
vt 1.42950702 0.738780022 0
vt 1.42950702 0.606755972 0
vt 1.48267794 0.640900016 0
vt 1.48267794 0.624427974 0
vt 1.48267794 0.657151997 0
vt 1.48267794 0.673434019 0
vt 1.48267794 0.689806998 0
vt 1.48267794 0.706241012 0
vt 1.48267794 0.722685993 0
vt 1.48267794 0.738780022 0
vt 1.48267794 0.606755972 0
vt 1.53618002 0.640900016 0
vt 1.53618002 0.624427974 0
vt 1.53618002 0.657151997 0
vt 1.53618002 0.673434019 0
vt 1.53618002 0.689806998 0
vt 1.53618002 0.706241012 0
vt 1.53618002 0.722685993 0
vt 1.53618002 0.738780022 0
vt 1.53618002 0.606755972 0
vt 1.59195304 0.640900016 0
vt 1.59195304 0.624427974 0
vt 1.59195304 0.657151997 0
vt 1.59195304 0.673434019 0
vt 1.59195304 0.689806998 0
vt 1.59195304 0.706241012 0
vt 1.59195304 0.722685993 0
vt 1.59195304 0.738780022 0
vt 1.59195304 0.606755972 0
vt 1.65959799 0.640900016 0
vt 1.65959799 0.624427974 0
vt 1.65959799 0.657151997 0
vt 1.65959799 0.673434019 0
vt 1.65959799 0.689806998 0
vt 1.65959799 0.706241012 0
vt 1.65959799 0.722685993 0
vt 1.65959799 0.738780022 0
vt 1.65959799 0.606755972 0
vt 1.73812795 0.640900016 0
vt 1.73812795 0.624427974 0
vt 1.73812795 0.657151997 0
vt 1.73812795 0.673434019 0
vt 1.73812795 0.689806998 0
vt 1.73812795 0.706241012 0
vt 1.73812795 0.722685993 0
vt 1.73812795 0.738780022 0
vt 1.73812795 0.606755972 0
vt 1.11440504 0.931882977 0
vt 1.09799695 0.931882977 0
vt 1.08180797 0.931882977 0
vt 1.06559002 0.931882977 0
vt 1.049281 0.931882977 0
vt 1.03291202 0.931882977 0
vt 1.01653099 0.931882977 0
vt 1.00049996 0.931882977 0
vt 1.132007 0.931882977 0
vt 1.19498205 0.839547992 0
vt 1.16983497 0.834694982 0
vt 1.18418503 0.855907977 0
vt 1.16498196 0.859842002 0
vt 1.14862204 0.849044979 0
vt 1.14468801 0.829841971 0
vt 1.15548396 0.813481987 0
vt 1.17468798 0.80954802 0
vt 1.19104803 0.820344985 0
vt 1.64430594 0.99565202 0
vt 1.72035801 0.995649993 0
vt 1.72035909 0.760800004 0
vt 1.65640199 0.76049 0
vt 1.60849297 0.759526014 0
vt 1.58980703 0.992089987 0
vt 1.56810093 0.75869298 0
vt 1.54070401 0.757685006 0
vt 1.50360608 0.969825029 0
vt 1.53890204 0.982554018 0
vt 1.51161098 0.75633198 0
vt 1.47385406 0.947920978 0
vt 1.48565698 0.754848003 0
vt 1.44840896 0.916426003 0
vt 1.463673 0.75336498 0
vt 1.428406 0.872916996 0
vt 1.44814706 0.752183974 0
vt 1.42038894 0.836136997 0
vt 1.435853 0.751164973 0
vt 1.41537404 0.788514018 0
vt 1.41422296 0.763482988 0
vt 1.41527498 0.749586999 0
vt 1.41403699 0.750748992 0
vt 1.76163602 0.978403986 0
vt 1.99649501 0.978403986 0
vt 1.99647808 0.902329981 0
vt 1.76132107 0.914327025 0
vt 1.99289608 0.847818017 0
vt 1.76032698 0.866361022 0
vt 1.97059202 0.761521995 0
vt 1.75839305 0.798389971 0
vt 1.759444 0.825896025 0
vt 1.98334599 0.796869993 0
vt 1.94865501 0.731703997 0
vt 1.75699699 0.769219995 0
vt 1.91712403 0.70619297 0
vt 1.75546694 0.743191004 0
vt 1.87357306 0.68610698 0
vt 1.75394297 0.721135974 0
vt 1.83674598 0.677981973 0
vt 1.75273395 0.705558002 0
vt 1.78908598 0.672869027 0
vt 1.75169706 0.693232 0
vt 1.76402807 0.671653986 0
vt 1.75011396 0.672644973 0
vt 1.75127697 0.671407998 0
vt 1.08200097 0.0450420007 0
vt 1.08200097 0.0418299995 0
vt 1.00549102 0.0418299995 0
vt 1.00549102 0.0450420007 0
vt 1.80192697 0.0450420007 0
vt 1.80192697 0.0418299995 0
vt 1.74401093 0.0418299995 0
vt 1.74401093 0.0450420007 0
vt 1.15852094 0.0450420007 0
vt 1.15852094 0.0418299995 0
vt 1.70037508 0.0418299995 0
vt 1.70037508 0.0450420007 0
vt 1.66682792 0.0450420007 0
vt 1.66682792 0.0418299995 0
vt 1.63883901 0.0418299995 0
vt 1.63883901 0.0450420007 0
vt 1.25716698 0.0450420007 0
vt 1.25716698 0.0418299995 0
vt 1.21212196 0.0418299995 0
vt 1.21212196 0.0450420007 0
vt 1.61152291 0.0418299995 0
vt 1.61152291 0.0450420007 0
vt 1.29475999 0.0450420007 0
vt 1.29475999 0.0418299995 0
vt 1.58768499 0.0418299995 0
vt 1.58768499 0.0450420007 0
vt 1.33385706 0.0450420007 0
vt 1.33385706 0.0418299995 0
vt 1.56899297 0.0418299995 0
vt 1.56899297 0.0450420007 0
vt 1.37844396 0.0450420007 0
vt 1.37844396 0.0418299995 0
vt 1.55509901 0.0418299995 0
vt 1.55509901 0.0450420007 0
vt 1.42156303 0.0450420007 0
vt 1.42156303 0.0418299995 0
vt 1.538661 0.0418299995 0
vt 1.538661 0.0450420007 0
vt 1.46462798 0.0450420007 0
vt 1.46462798 0.0418299995 0
vt 1.52028108 0.0450420007 0
vt 1.52028108 0.0418299995 0
vt 1.50130892 0.0418299995 0
vt 1.50130892 0.0450420007 0
vt 1.52751803 0.0450420007 0
vt 1.52751803 0.0418299995 0
vt 1.23071504 0.791649997 0
vt 1.22706401 0.783218026 0
vt 1.21849298 0.780134976 0
vt 1.210181 0.783892989 0
vt 1.20721805 0.792563975 0
vt 1.21086895 0.800996006 0
vt 1.21943998 0.804078996 0
vt 1.22775197 0.800320983 0
vt 1.26130795 0.759534001 0
vt 1.27806103 0.759534001 0
vt 1.27806103 0.0984280035 0
vt 1.26130795 0.0984280035 0
vt 1.24430001 0.759534001 0
vt 1.24430001 0.0984280035 0
vt 1.22755396 0.759534001 0
vt 1.22755396 0.0984280035 0
vt 1.21101701 0.759534001 0
vt 1.21101701 0.0984280035 0
vt 1.19457996 0.759534001 0
vt 1.19457996 0.0984280035 0
vt 1.17813206 0.759534001 0
vt 1.17813206 0.0984280035 0
vt 1.16156399 0.759534001 0
vt 1.16156399 0.0984280035 0
vt 1.14404404 0.759534001 0
vt 1.14404404 0.0984280035 0
vt 1.24131501 0.792107999 0
vt 1.23491204 0.77620101 0
vt 1.21899295 0.769572973 0
vt 1.20307899 0.77610898 0
vt 1.19661796 0.792105973 0
vt 1.20302105 0.808012009 0
vt 1.21894097 0.814640999 0
vt 1.23485398 0.808104992 0
vt 1.26130795 0.0542399995 0
vt 1.27806103 0.0542399995 0
vt 1.24430001 0.0542399995 0
vt 1.22755396 0.0542399995 0
vt 1.21101701 0.0542399995 0
vt 1.19457996 0.0542399995 0
vt 1.17813206 0.0542399995 0
vt 1.16156399 0.0542399995 0
vt 1.14404404 0.0542399995 0
vt 1.19200003 0.904797971 0
vt 1.16641402 0.904797971 0
vt 1.18450594 0.922891021 0
vt 1.16641402 0.930384994 0
vt 1.14832103 0.922891021 0
vt 1.14082694 0.904797971 0
vt 1.14832103 0.886705995 0
vt 1.16641402 0.879212022 0
vt 1.18450594 0.886705995 0
vt 1.91939306 0.0618799999 0
vt 1.92778897 0.0618799999 0
vt 1.92799699 0.366281986 0
vt 1.91436398 0.366290987 0
vt 1.91408002 0.0618799999 0
vt 1.93310201 0.0618799999 0
vt 1.94149804 0.0618799999 0
vt 1.94162893 0.366275996 0
vt 1.94681096 0.0618799999 0
vt 1.95520592 0.0618799999 0
vt 1.95526195 0.366273999 0
vt 1.96051908 0.0618799999 0
vt 1.96891403 0.0618799999 0
vt 1.968894 0.366275012 0
vt 1.97422695 0.0618799999 0
vt 1.98262298 0.0618799999 0
vt 1.98252702 0.366279006 0
vt 1.98793602 0.0618799999 0
vt 1.99633193 0.0618799999 0
vt 1.99615908 0.366286993 0
vt 1.91791892 0.382254988 0
vt 1.92631507 0.382254988 0
vt 1.92652392 0.686657012 0
vt 1.91289198 0.686667025 0
vt 1.912606 0.382254988 0
vt 1.93162799 0.382254988 0
vt 1.94002402 0.382254988 0
vt 1.94015598 0.686650991 0
vt 1.94533706 0.382254988 0
vt 1.95373201 0.382254988 0
vt 1.953789 0.686649024 0
vt 1.95904493 0.382254988 0
vt 1.96744108 0.382254988 0
vt 1.96742201 0.686649024 0
vt 1.972754 0.382254988 0
vt 1.98114896 0.382254988 0
vt 1.98105407 0.686653972 0
vt 1.986462 0.382254988 0
vt 1.99485803 0.382254988 0
vt 1.99468601 0.686662018 0
vt 1.38471997 0.891331971 0
vt 1.39456296 0.891331971 0
vt 1.39324403 0.886411011 0
vt 1.389642 0.88280803 0
vt 1.38471997 0.881488979 0
vt 1.26586294 0.891337991 0
vt 1.26586294 0.881493986 0
vt 1.26094103 0.882812977 0
vt 1.257339 0.886416018 0
vt 1.25602007 0.891337991 0
vt 1.257339 0.896260023 0
vt 1.26094198 0.899861991 0
vt 1.26586401 0.901180983 0
vt 1.38472104 0.901175022 0
vt 1.389642 0.899856985 0
vt 1.39324498 0.896254003 0
vt 1.293957 0.950860023 0
vt 1.293957 0.947416008 0
vt 1.28886902 0.947416008 0
vt 1.28886902 0.950860023 0
vt 1.28378105 0.947416008 0
vt 1.28378105 0.95085901 0
vt 1.27869296 0.947416008 0
vt 1.27869296 0.95085901 0
vt 1.15999496 0.950855017 0
vt 1.15999496 0.947411001 0
vt 1.15490401 0.947409987 0
vt 1.15490401 0.95085597 0
vt 1.14981198 0.947408974 0
vt 1.14981198 0.950856984 0
vt 1.14471602 0.94740802 0
vt 1.14471602 0.950856984 0
vt 1.13961804 0.947407007 0
vt 1.13961804 0.950857997 0
vt 1.13451803 0.947407007 0
vt 1.13451803 0.95085901 0
vt 1.12941504 0.947405994 0
vt 1.12941599 0.950860023 0
vt 1.30921996 0.950860023 0
vt 1.30922103 0.947417021 0
vt 1.30413294 0.947417021 0
vt 1.30413198 0.950860023 0
vt 1.29904401 0.947417021 0
vt 1.29904401 0.950860023 0
vt 1.39401698 0.915668011 0
vt 1.38417196 0.915668011 0
vt 1.39269805 0.920589983 0
vt 1.38909507 0.924193025 0
vt 1.38417304 0.925511003 0
vt 1.26531899 0.925521016 0
vt 1.26531804 0.915678024 0
vt 1.26039696 0.924202979 0
vt 1.25679398 0.920599997 0
vt 1.25547504 0.915678978 0
vt 1.25679302 0.910757005 0
vt 1.260396 0.907154024 0
vt 1.26531696 0.905834973 0
vt 1.38417101 0.905824006 0
vt 1.389094 0.907142997 0
vt 1.39269698 0.910745978 0
vt 1.010342 0.947413981 0
vt 1.010342 0.950868011 0
vn -0 -0.00999999978 0
vn -0.00170420995 0.00983610936 0.000588660012
vn -0.00131132 0.00982767995 0.00130273995
vn -0.000587260001 0.00983757991 0.00169621001
vn -0.000108629996 0.00986011978 0.00166318996
vn 0 0.00987026934 0.00160555006
vn 0 0.00987026934 -0.00160555006
vn -0.000114429997 0.00985942967 -0.00166687986
vn -0.000588660012 0.00983610936 -0.00170420995
vn -0.00130273995 0.00982767995 -0.00131132
vn -0.00169621001 0.00983757991 -0.000587260001
vn -0.00166318996 0.00986011978 -0.000108629996
vn -0.00166688988 0.00985942967 0.000114429997
vn 0 -0.00407842966 0.00913051981
vn 0 0 0.00999999978
vn -0.000708890031 0 0.0099748401
vn -0.000643539999 -0.00401312998 0.00913678017
vn -0.00913678017 -0.00401312998 -0.000643539999
vn -0.00913678017 -0.00401312998 0.000643539999
vn -0.0099748401 0 0.000708890031
vn -0.0099748401 0 -0.000708890031
vn -0.00307727 -0.00390097988 0.00867829006
vn -0.00334578985 0 0.00942367967
vn -0.00334578985 0 -0.00942367967
vn -0.000708890031 0 -0.0099748401
vn -0.000643539999 -0.00401312998 -0.00913678017
vn -0.00307727 -0.00390097988 -0.00867829006
vn -0.00652127946 -0.00386597007 0.00652127946
vn -0.00707106991 0 0.00707106991
vn -0.00867829937 -0.00390097988 0.00307727
vn -0.00942367967 0 0.00334578985
vn -0.00707106991 0 -0.00707106991
vn -0.00652127946 -0.00386597007 -0.00652127946
vn -0.00942367967 0 -0.00334578985
vn -0.00867829937 -0.00390097988 -0.00307727
vn -0.00049467996 0.00697040977 0.00715322932
vn 0 0.00706571992 0.00707641011
vn -0.00715223001 0.00697072968 0.000504559954
vn -0.00715322932 0.00697040977 -0.00049467996
vn -0.00244085002 0.00679922989 0.00691466965
vn -0.00691466965 0.00679922989 -0.00244085002
vn -0.00691505009 0.00679983944 0.00243809004
vn -0.00522687938 0.0067424099 0.00521724997
vn -0.00243809004 0.00679983944 -0.00691505009
vn -0.000504559954 0.00697072968 -0.00715221977
vn -0.00521724997 0.0067424099 -0.00522687938
vn -0.000664379972 0.00315565988 0.00946574938
vn 0 0.00315511995 0.00948921964
vn -0.00946296938 0.00316227996 0.000672509952
vn -0.00946574938 0.00315565988 -0.000664379972
vn -0.00316953007 0.00315746991 0.00894339941
vn -0.00894339941 0.00315746991 -0.00316953007
vn -0.00894062966 0.00316906977 0.00316577987
vn -0.00671082968 0.00316714984 0.00670327991
vn -0.00316577987 0.00316906977 -0.00894062966
vn -0.000672509952 0.00316227996 -0.00946296938
vn -0.00670327991 0.00316714984 -0.00671082968
vn 0 0 -0.00999999978
vn 0 -0.00407842966 -0.00913051981
vn 0 0.00706571992 -0.00707641011
vn 0 0.00315511995 -0.00948921964
vn -0.000457959977 -0.00745597994 0.00664821034
vn 0 -0.00744763948 0.00667327968
vn -0.00664821034 -0.00745597994 -0.000457959977
vn -0.00664821034 -0.00745597994 0.000457959977
vn 0 -0.00744763948 -0.00667327968
vn -0.000457959977 -0.00745597994 -0.00664821034
vn -0.00627879985 -0.00746152969 0.00221410999
vn -0.00221410999 -0.00746152969 -0.00627879985
vn -0.00221410999 -0.00746152969 0.00627879985
vn -0.0047055399 -0.00746429944 0.0047055399
vn -0.00627879985 -0.00746152969 -0.00221410999
vn -0.0047055399 -0.00746429944 -0.0047055399
vn 0.00993852969 0.000980379991 -0.00051416998
vn 0.00702674966 0.0042480398 0.00570779946
vn 0.00702588027 0.00424890965 0.00570821995
vn 0.00993852969 0.000980400015 -0.000514219981
vn -1.07999995e-06 0.00560683012 0.00828030985
vn -2.77999993e-06 0.00560748996 0.00827986002
vn -0.00702650007 0.00426159985 0.00569797959
vn -0.00702732988 0.00426165992 0.00569692021
vn -0.00993588939 0.00100115 -0.000525059993
vn -0.00993589964 0.00100109994 -0.000525080017
vn -0.00702660019 -0.00226541003 -0.00674497988
vn -0.00702746958 -0.00226556999 -0.00674402993
vn -1.06999994e-06 -0.00362534984 -0.00931969937
vn -2.77000004e-06 -0.00362609001 -0.00931940973
vn 0.00702684978 -0.00228120992 -0.00673939986
vn 0.00702601997 -0.00228210003 -0.00673995959
vn 0.00668984 0.00199856004 0.00715903984
vn 0.00700613018 0.00303651975 0.00645705964
vn 0.00999027025 -0.000390769972 0.000204679993
vn 0.00974109955 -0.00200227997 0.00104967994
vn -0.000330509996 0.00470835995 0.00881601963
vn -0.000108629996 0.00464926008 0.00885283016
vn -0.00702260947 0.00467081973 0.00537273986
vn -0.00711453008 0.00354346004 0.00606855983
vn -0.00973675027 0.00201873994 -0.00105851993
vn -0.00998994987 0.000397019961 -0.000208009995
vn -0.00702262996 -0.00176585 -0.00689670024
vn -0.00711457012 -0.00297980011 -0.00636425009
vn -0.000329439994 -0.00457780017 -0.00888454914
vn -0.000108109998 -0.00464151986 -0.00885689911
vn 0.00668988982 -0.00475431979 -0.00571331009
vn 0.00700618979 -0.00358612998 -0.00616871007
vn 0.00576025993 0.000246279989 0.00817061029
vn 0.00849846005 -0.00466760993 0.00244735996
vn -0.000383469975 0.00484932959 0.00873709936
vn -0.00614731992 0.0065951799 0.00432597985
vn -0.00848433934 0.00468748994 -0.00245833979
vn -0.00614771014 0.000188639999 -0.0078847995
vn -0.000382080005 -0.00443346985 -0.00895535946
vn 0.00576089974 -0.00658180984 -0.0048468397
vn 0.00398608996 -0.00141909998 0.00906074978
vn 0.00589157967 -0.00715548964 0.00375341997
vn -0.000278689986 0.00497800997 0.00866843946
vn -0.00426979968 0.00838945992 0.00337426993
vn -0.00588552002 0.00715932017 -0.00375564001
vn -0.00426800968 0.00199312996 -0.00882107951
vn -0.000277969986 -0.00430301996 -0.00902257022
vn 0.0039834897 -0.00826326013 -0.00398126012
vn 0.00203109998 -0.00245221006 0.00947951991
vn 0.00294537004 -0.00846209005 0.00444047991
vn -9.16099962e-05 0.0049135196 0.00870912988
vn -0.00213644002 0.0093151601 0.0029433798
vn -0.00297001004 0.00845548976 -0.00443662982
vn -0.00213593012 0.0028727199 -0.00933730975
vn -9.19899976e-05 -0.00437157974 -0.00899337977
vn 0.00203057006 -0.00919341948 -0.00337012997
vn 0.000788079982 -0.00284161 0.00955532026
vn 0.00112301996 -0.00879900996 0.00461693993
vn -1.393e-05 0.00476191007 0.00879340991
vn -0.00081134995 0.00953159947 0.00291382009
vn -0.00114134001 0.00879724976 -0.00461582001
vn -0.00081221998 0.00301982998 -0.00949846953
vn -1.40900001e-05 -0.00452733971 -0.00891643949
vn 0.000789140002 -0.00947686005 -0.00309295999
vn 0.000205329983 -0.00292371004 0.00956085045
vn 0.000291479984 -0.00885154959 0.00464383001
vn -1.88999991e-06 0.00470869988 0.00882202946
vn -0.000209509992 0.00955825951 0.00293186982
vn -0.000295979989 0.00885143969 -0.00464374991
vn -0.000209989987 0.00302021997 -0.00953068957
vn -1.91000004e-06 -0.00458204001 -0.00888847001
vn 0.000205860008 -0.00952817034 -0.00302846008
vn 0 -0.00297675002 0.0095466692
vn 0 -0.00885539968 0.00464564003
vn 0 0.00464564003 0.00885539968
vn 0 0.0095466692 0.00297675002
vn 0 0.00885538943 -0.00464564003
vn 0 0.00297674001 -0.00954667944
vn 0 -0.00464564003 -0.00885538943
vn 0 -0.0095466692 -0.00297675002
vn 0.00707468949 0.00328377984 0.0062582395
vn 0.00999999978 6.99999987e-07 -3.79999989e-07
vn 7.22000004e-06 0.00464564003 0.00885538943
vn -0.00706745964 0.00328613981 0.0062651597
vn -0.00999999978 -6.99999987e-07 3.70000009e-07
vn -0.00706746988 -0.00328713004 -0.00626464002
vn 7.22000004e-06 -0.00464564003 -0.00885538943
vn 0.00707468949 -0.00328278006 -0.00625876011
vn 0.00213975995 -0.00865028985 0.00453806017
vn 0.00151305995 -0.00794737972 0.00587791018
vn -0 -0.00885538943 0.00464564981
vn -0 -0.0076562399 0.00643288996
vn -0.00151305995 -0.00794737972 0.00587791018
vn -0.00213975995 -0.00865028985 0.00453804992
vn -0.00151305005 -0.00935319997 0.00319817988
vn -0 -0.00964435004 0.00264319987
vn 0.00151305005 -0.00935319997 0.00319817988
vn 8.5560001e-05 0.0035508899 0.00934792962
vn 0.000374809984 0.00353321992 0.00934750959
vn 0 0.00351583003 0.00936156977
vn 0 0.00347932009 0.00937519968
vn 0.000541139976 0.00363626005 0.00929971971
vn 0.000140029995 0.0036275899 0.00931777991
vn 0.00077228999 0.0038025598 0.00921650976
vn 0.000305630005 0.00367752998 0.00929421
vn 0.000509230013 0.0037725498 0.00924707949
vn 0.00111213 0.00393893011 0.00912402943
vn 0.000763920019 0.00388720003 0.00918183941
vn 0.0013485899 0.00407083007 0.00903380942
vn 0.00101859006 0.00401083985 0.00910361018
vn 0.00157707999 0.00421094988 0.00893200003
vn 0.00132780999 0.00415374013 0.00899907947
vn 0.00179116987 0.00434016995 0.0088291904
vn 0.00168019987 0.00430739997 0.00886697974
vn 0.00194767991 0.00442844955 0.00875187945
vn 0.00194510992 0.00442502974 0.00875417981
vn 0.00204249984 0.00450370973 0.00869164988
vn 0.00204261998 0.00450984994 0.00868843962
vn 0.00206560991 0.00454543997 0.00866441987
vn 0 -0.00351584982 -0.00936155953
vn -0.000374959985 -0.00353316008 -0.00934751984
vn -8.56799961e-05 -0.00355092995 -0.00934791937
vn 0 -0.00347934989 -0.00937519036
vn -0.000541270012 -0.00363629987 -0.00929970015
vn -0.000140040007 -0.00362771004 -0.00931772962
vn -0.000509180012 -0.00377266994 -0.00924704038
vn -0.000305689988 -0.00367761985 -0.00929416995
vn -0.000772679981 -0.00380254001 -0.00921648927
vn -0.00111225003 -0.00393876992 -0.00912408996
vn -0.000763679971 -0.00388727989 -0.00918181986
vn -0.00134882994 -0.00407062005 -0.00903385971
vn -0.00101818994 -0.00401085988 -0.00910363998
vn -0.00157725997 -0.00421064999 -0.00893210992
vn -0.00132715004 -0.00415357994 -0.0089992499
vn -0.00179123995 -0.00433974992 -0.0088293897
vn -0.00167895993 -0.00430680998 -0.00886749942
vn -0.00194772996 -0.00442805002 -0.00875206944
vn -0.00194468 -0.00442447001 -0.00875455979
vn -0.00204246002 -0.00450323988 -0.00869190972
vn -0.00206551002 -0.00454506977 -0.00866463967
vn -0.00206520013 -0.00454508001 -0.00866470952
vn -0.00204251008 -0.00450940011 -0.00868870039
vn -0.000329330011 0.00925264973 -0.00377889979
vn 0 0.00927934982 -0.00372743001
vn 0 0.0092787398 -0.00372894993
vn -0.000330969982 0.00925184973 -0.00378071005
vn -0 -0.00926714018 0.00375766982
vn 0.000138079995 -0.00926190987 0.00376801006
vn 0.000138060001 -0.00926271919 0.00376603985
vn 0 -0.00926729944 0.00375728006
vn -0.00125770993 0.00916413032 -0.00379958982
vn -0.00125765987 0.00916356035 -0.00380097982
vn 0.000228269986 -0.00922643952 0.00384976994
vn 0.000228310004 -0.00922864955 0.00384447002
vn 0.000322519976 -0.00916778948 0.00398090016
vn 0.000467670005 -0.00911877956 0.00407788018
vn 0.000467399979 -0.0091223903 0.00406984007
vn 0.000322180014 -0.00917110965 0.00397327961
vn -0.0047248397 0.00816744938 -0.00331189972
vn -0.00263554975 0.00891452003 -0.00368581992
vn -0.00263675977 0.00891385972 -0.00368654006
vn -0.00472390978 0.00816809013 -0.00331163988
vn 0.000586769951 -0.0090679992 0.00417457987
vn 0.00058623997 -0.00907193962 0.00416608015
vn -0.00692175981 0.0067578298 -0.00253395992
vn -0.00691901008 0.00676136976 -0.00253200997
vn 0.000710370019 -0.00901294965 0.00427342998
vn 0.000709759945 -0.00901739951 0.00426411955
vn -0.00849589985 0.00504304981 -0.00154510001
vn -0.00849170983 0.00505092973 -0.00154237996
vn 0.000822329952 -0.00896422006 0.00435505994
vn 0.000822080008 -0.00896865968 0.00434594974
vn -0.00945181958 0.00323894992 -0.000415129995
vn -0.00944751035 0.00325228972 -0.000408749969
vn 0.000910750008 -0.00893194973 0.00440349989
vn 0.000910900009 -0.00893587992 0.0043954798
vn -0.00979045965 0.00195604982 0.000566449948
vn -0.00978775974 0.00196648994 0.000576780003
vn 0.000919060025 -0.0089115398 0.00444294978
vn 0.000919250015 -0.00891358964 0.00443879003
vn -0.00983659923 0.00133428001 0.00120869
vn -0.00983403996 0.00134310999 0.00121973001
vn -0.00979019981 0.000981059973 0.0017859299
vn -0.0098205395 0.00102177996 0.00158524001
vn -0.00981620979 0.00103656005 0.00160233001
vn -0.00978423003 0.00100068003 0.00180759991
vn -0.0031178901 -0.00808794983 0.00498635974
vn -0.0065961401 -0.00589358993 0.00466438988
vn -0.00311792991 -0.00808827952 0.00498580001
vn 1.19999996e-07 0.00943593029 0.00331107993
vn 1.09999995e-07 0.00943593029 0.00331106992
vn 1.29999989e-07 0.00943593029 0.00331107993
vn 0.00707131019 -0.00234129 0.00667195022
vn 0.0070713195 -0.00234129 0.00667195022
vn 0.00999999978 0 -3.60000001e-07
vn 0.00999999978 0 -3.70000009e-07
vn 3.39999985e-07 -0.00331107993 0.00943593029
vn 3.49999993e-07 -0.00331107993 0.00943593029
vn -0.00707081938 -0.00234129 0.0066724699
vn -0.00999999978 -0 3.70000009e-07
vn -0.00999999978 0 3.60000001e-07
vn -0.00707131019 0.00234129 -0.00667195022
vn -3.39999985e-07 0.00331107993 -0.00943593029
vn -3.49999993e-07 0.00331107993 -0.00943593029
vn 0.00707081938 0.00234129 -0.0066724699
vn 0.00589371007 0.00326275988 0.00739043998
vn 0.00833464973 0.00521413004 0.00182934001
vn 0.00833464041 0.00521413982 0.00182932999
vn 3.60000001e-07 0.00245448994 0.00969409943
vn -0.00589317968 0.00326275988 0.00739085954
vn -0.0058931699 0.00326275988 0.00739086978
vn -0.0083345091 0.00521413004 0.00182996003
vn -0.0083345091 0.00521413004 0.00182995002
vn -0.00589356991 0.00716549996 -0.0037311397
vn -0.00589356991 0.00716549996 -0.00373114995
vn -2.1999999e-07 0.00797376968 -0.00603480963
vn -2.09999996e-07 0.00797376968 -0.00603480963
vn 0.00589329982 0.00716549996 -0.00373157999
vn 0.00702939974 -0.00130138989 0.00699241972
vn 0.00994072016 0.00102601002 0.000359660015
vn 0.00994072016 0.00102601002 0.000359669997
vn 3.49999993e-07 -0.00226543983 0.0097400099
vn 3.60000001e-07 -0.00226543983 0.0097400099
vn -0.00702889031 -0.00130140001 0.00699293008
vn -0.00702888006 -0.00130140001 0.00699293939
vn -0.00994069967 0.00102601002 0.000360389968
vn -0.00702936994 0.00335341971 -0.00627237
vn -3.30000006e-07 0.00431746012 -0.00901994947
vn 0.00702890987 0.00335341971 -0.00627287989
vn 0.00252231001 -0.00913080946 -0.00320410007
vn 0.00178357004 -0.00972138997 -0.00152101985
vn -1.19999996e-07 -0.00943593029 -0.0033110599
vn -2.99999989e-08 -0.0099660093 -0.00082382001
vn -0.00178367994 -0.00972138997 -0.00152089994
vn -0.00252254982 -0.00913080946 -0.00320390984
vn -0.00178380997 -0.00854022987 -0.00488696992
vn -1.99999988e-07 -0.00829560962 -0.00558414962
vn 0.00178345991 -0.00854022987 -0.00488709984
vn 0 -0.00866025966 -0.00499999989
vn 0 -0.00999999978 1.99999999e-08
vn 0 -0.00499999989 -0.00866025966
vn 0 -0.00499998964 -0.00866025966
vn 0 0.00499999989 -0.00866024941
vn 0 0.00499998964 -0.00866025966
vn 0 0.00866024941 -0.00499999989
vn 0 0.00999999978 9.99999994e-09
vn 0 0.00999999978 0
vn 0 0.00866024941 0.00499999989
vn 0 0.00499998964 0.00866025966
vn 0 -0.00499999989 0.00866024941
vn 0 -0.00500001013 0.00866024941
vn 0 -0.00866024941 0.00499999989
vn 0 -0.00866025966 -0.00499998964
vn 0 -0.00499999989 -0.00866024941
vn 0 0.00500001013 -0.00866024941
vn 0 0.00866025966 -0.00499998964
vn 0 0.00866025966 0.00499999989
vn 0 0.00499999989 0.00866024941
vn -0 -0.00866025966 0.00499999989
vn 0.00999999978 0 0
vn 0 9.99999994e-09 0.00999999978
vn 0 -0.00499999989 0.00866025966
vn 0 0.00500001013 0.00866024941
vn 0 0.00793353934 0.00608761003
vn 0 0.00923880003 0.00382683985
vn 0 0.00923878979 0.00382683985
vn 9.99999994e-09 0.00866024941 -0.00499999989
vn 9.99999994e-09 0.00866024941 -0.00500001013
vn 1.99999999e-08 0.00500001013 -0.00866024941
vn 1.99999999e-08 0.00499999989 -0.00866024941
vn 0 9.99999994e-09 -0.00999999978
vn 9.99999994e-09 9.99999994e-09 -0.00999999978
vn 0 -0.00793353003 -0.00608761003
vn 0 -0.00923880003 -0.00382683985
vn 0 -0.00999999978 -9.99999994e-09
vn -0.00999999978 0 0
vn 0.00166318996 0.00986011978 -0.000108629996
vn 0.00169621001 0.00983757991 -0.000587260001
vn 0.00130273995 0.00982767995 -0.00131132
vn 0.000588660012 0.00983610936 -0.00170420995
vn 0.000114429997 0.00985942967 -0.00166687986
vn 0.000108629996 0.00986011978 0.00166318996
vn 0.000587260001 0.00983757991 0.00169621001
vn 0.00131132 0.00982767995 0.00130273995
vn 0.00170420995 0.00983610936 0.000588660012
vn 0.00166688988 0.00985942967 0.000114429997
vn 0.000643539999 -0.00401312998 0.00913678017
vn 0.000708890031 0 0.0099748401
vn 0.00913678017 -0.00401312998 -0.000643539999
vn 0.0099748401 0 -0.000708890031
vn 0.0099748401 0 0.000708890031
vn 0.00913678017 -0.00401312998 0.000643539999
vn 0.00307727 -0.00390097988 0.00867829937
vn 0.00334578985 0 0.00942367967
vn 0.00334578985 0 -0.00942367967
vn 0.00307727 -0.00390097988 -0.00867829937
vn 0.000643539999 -0.00401312998 -0.00913678017
vn 0.000708890031 0 -0.0099748401
vn 0.00652127946 -0.00386597007 0.00652127946
vn 0.00707106991 0 0.00707106991
vn 0.00867829937 -0.00390097988 0.00307727
vn 0.00942367967 0 0.00334578985
vn 0.00707106991 0 -0.00707106991
vn 0.00652127946 -0.00386597007 -0.00652127946
vn 0.00942367967 0 -0.00334578985
vn 0.00867829937 -0.00390097988 -0.00307727
vn 0.00049467996 0.00697040977 0.00715322932
vn 0.00715223001 0.00697072968 0.000504559954
vn 0.00715322932 0.00697040977 -0.00049467996
vn 0.00244085002 0.00679922989 0.00691466965
vn 0.00691466965 0.00679922989 -0.00244085002
vn 0.00691505009 0.00679983944 0.00243809004
vn 0.00522687938 0.0067424099 0.00521724997
vn 0.00243809004 0.00679983944 -0.00691505009
vn 0.000504559954 0.00697072968 -0.00715221977
vn 0.00521724997 0.0067424099 -0.00522687938
vn 0.000664379972 0.00315565988 0.00946574938
vn 0.00946296938 0.00316227996 0.000672509952
vn 0.00946574938 0.00315565988 -0.000664379972
vn 0.00316953007 0.00315746991 0.00894339941
vn 0.00894339941 0.00315746991 -0.00316953007
vn 0.00894062966 0.00316906977 0.00316577987
vn 0.00671082968 0.00316714984 0.00670327991
vn 0.00316577987 0.00316906977 -0.00894062966
vn 0.000672509952 0.00316227996 -0.00946296938
vn 0.00670327991 0.00316714984 -0.00671082968
vn 0.000457959977 -0.00745597994 0.00664821034
vn 0.00664821034 -0.00745597994 0.000457959977
vn 0.00664821034 -0.00745597994 -0.000457959977
vn 0.000457959977 -0.00745597994 -0.00664821034
vn 0.00627879985 -0.00746152969 0.00221410999
vn 0.00221410999 -0.00746152969 -0.00627879985
vn 0.00221410999 -0.00746152969 0.00627879985
vn 0.0047055399 -0.00746429944 0.0047055399
vn 0.00627879985 -0.00746152969 -0.00221410999
vn 0.0047055399 -0.00746429944 -0.0047055399
vn -0.00993852969 0.000980379991 -0.00051416998
vn -0.00993852969 0.000980400015 -0.000514219981
vn -0.00702588027 0.00424890965 0.00570821995
vn -0.00702674966 0.0042480398 0.00570779946
vn 2.77999993e-06 0.00560748996 0.00827986002
vn 1.07999995e-06 0.00560681988 0.00828030985
vn 0.00702732988 0.00426165992 0.00569692021
vn 0.00702650007 0.00426159985 0.00569797959
vn 0.00993589964 0.00100109994 -0.000525080017
vn 0.00993588939 0.00100115 -0.000525059993
vn 0.00702746958 -0.00226556999 -0.00674402993
vn 0.00702660019 -0.00226541003 -0.00674497988
vn 2.77000004e-06 -0.00362609001 -0.00931940973
vn 1.06999994e-06 -0.00362534984 -0.00931969937
vn -0.00702601997 -0.00228210003 -0.00673995959
vn -0.00702684978 -0.00228120992 -0.00673939986
vn -0.00668984 0.00199856004 0.00715903984
vn -0.00974109955 -0.00200227997 0.00104967994
vn -0.00999027025 -0.000390769972 0.000204679993
vn -0.00700613018 0.00303651975 0.00645705964
vn 0.000330509996 0.00470835995 0.00881601963
vn 0.000108629996 0.00464926008 0.00885283016
vn 0.00702260947 0.00467081973 0.00537273986
vn 0.00711453008 0.00354346004 0.00606855983
vn 0.00973675027 0.00201873994 -0.00105851993
vn 0.00998994987 0.000397019961 -0.000208009995
vn 0.00702262996 -0.00176585 -0.00689670024
vn 0.00711457012 -0.00297980011 -0.00636425009
vn 0.000329439994 -0.00457780017 -0.00888454914
vn 0.000108109998 -0.00464151986 -0.00885689911
vn -0.00668988982 -0.00475431979 -0.00571331009
vn -0.00700618979 -0.00358612998 -0.00616871007
vn -0.00576025993 0.000246279989 0.00817061029
vn -0.00849846005 -0.00466760993 0.00244735996
vn 0.000383469975 0.00484932959 0.00873709936
vn 0.00614731992 0.0065951799 0.00432597985
vn 0.00848433934 0.00468748994 -0.00245833979
vn 0.00614771014 0.000188639999 -0.0078847995
vn 0.000382080005 -0.00443346985 -0.00895535946
vn -0.00576089974 -0.00658180984 -0.0048468397
vn -0.00398608996 -0.00141909998 0.00906074978
vn -0.00589157967 -0.00715548964 0.00375341997
vn 0.000278689986 0.00497800997 0.00866843946
vn 0.00426979968 0.00838945992 0.00337426993
vn 0.00588552002 0.00715932017 -0.00375564001
vn 0.00426800968 0.00199312996 -0.00882107951
vn 0.000277969986 -0.00430301996 -0.00902257022
vn -0.0039834897 -0.00826326013 -0.00398126012
vn -0.00203109998 -0.00245221006 0.00947951991
vn -0.00294537004 -0.00846209005 0.00444047991
vn 9.16099962e-05 0.00491350982 0.00870912988
vn 0.00213644002 0.0093151601 0.0029433798
vn 0.00297001004 0.00845548976 -0.00443662982
vn 0.00213593012 0.0028727199 -0.00933730975
vn 9.19899976e-05 -0.00437157974 -0.00899337977
vn -0.00203058007 -0.00919341948 -0.00337013975
vn -0.000788079982 -0.00284161 0.00955532026
vn -0.00112301996 -0.0087990202 0.00461693993
vn 1.393e-05 0.00476191007 0.00879340991
vn 0.00081134995 0.00953159947 0.00291382009
vn 0.00114134001 0.00879724976 -0.00461582001
vn 0.00081221998 0.00301982998 -0.00949846953
vn 1.40900001e-05 -0.00452733971 -0.00891643949
vn -0.000789140002 -0.00947686005 -0.00309295999
vn -0.000205329983 -0.00292371004 0.00956085045
vn -0.000291479984 -0.00885154959 0.00464383001
vn 1.88999991e-06 0.00470869988 0.00882202946
vn 0.000209509992 0.00955825951 0.00293186982
vn 0.000295979989 0.00885143969 -0.00464374991
vn 0.000209989987 0.00302021997 -0.00953068957
vn 1.91000004e-06 -0.00458204001 -0.00888847001
vn -0.000205860008 -0.00952817034 -0.00302846008
vn -0.00999999978 6.99999987e-07 -3.79999989e-07
vn -0.00707468949 0.00328377984 0.0062582395
vn -7.22000004e-06 0.00464564003 0.00885538943
vn 0.00706745964 0.00328613981 0.0062651597
vn 0.00999999978 -6.99999987e-07 3.70000009e-07
vn 0.00706746988 -0.00328713004 -0.00626464002
vn -7.22000004e-06 -0.00464564003 -0.00885538943
vn -0.00707468949 -0.00328278006 -0.00625876011
vn -0.00213975995 -0.00865028985 0.00453806017
vn 0.00213975995 -0.00865028985 0.00453804992
vn -8.5560001e-05 0.0035508899 0.00934792962
vn -0.000374809984 0.00353321992 0.00934750959
vn -0.000541139976 0.00363626005 0.00929971971
vn -0.000140029995 0.0036275899 0.00931777991
vn -0.00077228999 0.0038025598 0.00921650976
vn -0.00111213 0.00393893011 0.00912402943
vn -0.000509230013 0.0037725498 0.00924707949
vn -0.000305630005 0.00367752998 0.00929421
vn -0.0013485899 0.00407083007 0.00903380942
vn -0.000763920019 0.00388720003 0.00918183941
vn -0.00157707999 0.00421094988 0.00893200003
vn -0.00101859006 0.00401083985 0.00910361018
vn -0.00179116987 0.00434016995 0.0088291904
vn -0.00132780999 0.00415374013 0.00899907947
vn -0.00194767991 0.00442844955 0.00875187945
vn -0.00168019987 0.00430739997 0.00886697974
vn -0.00204249984 0.00450370973 0.00869164988
vn -0.00194510992 0.00442502974 0.00875417981
vn -0.00204261998 0.00450984994 0.00868843962
vn -0.00206560991 0.00454543997 0.00866441987
vn 8.56799961e-05 -0.00355092995 -0.00934791937
vn 0.000374959985 -0.00353316008 -0.00934751984
vn 0.000140040007 -0.00362771004 -0.00931772962
vn 0.000541279966 -0.00363629987 -0.00929970015
vn 0.000509180012 -0.00377266994 -0.00924704038
vn 0.00111225003 -0.00393876992 -0.00912408996
vn 0.000772679981 -0.00380254001 -0.00921648927
vn 0.000305689988 -0.00367761985 -0.00929416995
vn 0.000763679971 -0.00388727989 -0.00918181986
vn 0.00134882994 -0.00407062005 -0.00903385971
vn 0.00101818994 -0.00401085988 -0.00910363998
vn 0.00157725997 -0.00421064999 -0.00893210992
vn 0.00132715004 -0.00415357994 -0.0089992499
vn 0.00179123995 -0.00433974992 -0.0088293897
vn 0.00167895993 -0.00430680998 -0.00886749942
vn 0.00194772996 -0.00442805002 -0.00875206944
vn 0.00194468 -0.00442447001 -0.00875455979
vn 0.00204246002 -0.00450323988 -0.00869190972
vn 0.00204251008 -0.00450940011 -0.00868870039
vn 0.00206551002 -0.00454506977 -0.00866463967
vn 0.00206520013 -0.00454508001 -0.00866470952
vn 0.000329330011 0.00925264973 -0.00377889979
vn 0.000330969982 0.00925184973 -0.00378071005
vn -0.000138060001 -0.00926271919 0.00376603985
vn -0.000138079995 -0.00926190987 0.00376801006
vn 0.00125770993 0.00916413032 -0.00379958982
vn 0.00125765987 0.00916356035 -0.00380097982
vn -0.000228310004 -0.00922864955 0.00384447002
vn -0.000228269986 -0.00922643952 0.00384976994
vn -0.000322519976 -0.00916778948 0.00398090016
vn -0.000322180014 -0.00917110965 0.00397327961
vn -0.000467399979 -0.0091223903 0.00406984007
vn -0.000467670005 -0.00911877956 0.00407788018
vn 0.0047248397 0.00816744938 -0.00331189972
vn 0.00472392002 0.00816809013 -0.00331163988
vn 0.00263675977 0.00891385972 -0.00368654006
vn 0.00263554975 0.00891452003 -0.00368581992
vn -0.00058623997 -0.00907193962 0.00416608015
vn -0.000586769951 -0.0090679992 0.00417457987
vn 0.00692175981 0.0067578298 -0.00253395992
vn 0.00691901008 0.00676136976 -0.00253200997
vn -0.000709759945 -0.00901739951 0.00426411955
vn -0.000710370019 -0.00901294965 0.00427342998
vn 0.00849589985 0.00504304981 -0.00154510001
vn 0.00849172007 0.00505092973 -0.00154237996
vn -0.000822080008 -0.00896865968 0.00434594974
vn -0.000822329952 -0.00896422006 0.00435505994
vn 0.00945181958 0.00323894992 -0.000415129995
vn 0.00944751035 0.00325228972 -0.000408749969
vn -0.000910900009 -0.00893587992 0.0043954798
vn -0.000910750008 -0.00893194973 0.00440349989
vn 0.00979045965 0.00195604982 0.000566449948
vn 0.00978775974 0.00196648994 0.000576780003
vn -0.000919250015 -0.00891358964 0.00443879003
vn -0.000919060025 -0.0089115398 0.00444294978
vn 0.00983659923 0.00133428001 0.00120869
vn 0.00983403996 0.00134310999 0.00121973001
vn 0.00979019981 0.000981059973 0.0017859299
vn 0.00978423003 0.00100068003 0.00180759991
vn 0.00981620979 0.00103656005 0.00160233001
vn 0.0098205395 0.00102177996 0.00158524001
vn 0.0031178901 -0.00808794983 0.00498635974
vn 0.00311792991 -0.00808827952 0.00498580001
vn 0.0065961401 -0.00589358993 0.00466438988
vn -1.19999996e-07 0.00943593029 0.00331107993
vn -1.09999995e-07 0.00943593029 0.00331106992
vn -1.29999989e-07 0.00943593029 0.00331107993
vn -0.00707131019 -0.00234129 0.00667195022
vn -0.00999999978 0 -3.70000009e-07
vn -0.00999999978 0 -3.60000001e-07
vn -0.0070713195 -0.00234129 0.00667195022
vn -3.39999985e-07 -0.00331107993 0.00943593029
vn -3.49999993e-07 -0.00331107993 0.00943593029
vn 0.00707081938 -0.00234129 0.0066724699
vn 0.00999999978 0 3.70000009e-07
vn 0.00999999978 0 3.60000001e-07
vn 0.00707131019 0.00234129 -0.00667195022
vn 3.39999985e-07 0.00331107993 -0.00943593029
vn 3.49999993e-07 0.00331107993 -0.00943593029
vn -0.00707081938 0.00234129 -0.0066724699
vn -0.00589371007 0.00326275988 0.00739043998
vn -0.00833464041 0.00521413982 0.00182932999
vn -0.00833464973 0.00521413004 0.00182934001
vn -3.60000001e-07 0.00245448994 0.00969409943
vn 0.00589317968 0.00326275988 0.00739085954
vn 0.0058931699 0.00326275988 0.00739086978
vn 0.0083345091 0.00521413004 0.00182996003
vn 0.0083345091 0.00521413004 0.00182995002
vn 0.00589356991 0.00716549996 -0.0037311397
vn 0.00589356991 0.00716549996 -0.00373114995
vn 2.1999999e-07 0.00797376968 -0.00603480963
vn 2.09999996e-07 0.00797376968 -0.00603480963
vn -0.00589329982 0.00716549996 -0.00373157999
vn -0.00702939974 -0.00130138989 0.00699241972
vn -0.00994072016 0.00102601002 0.000359669997
vn -0.00994072016 0.00102601002 0.000359660015
vn -3.49999993e-07 -0.00226543983 0.0097400099
vn -3.60000001e-07 -0.00226543983 0.0097400099
vn 0.00702889031 -0.00130140001 0.00699293008
vn 0.00702888006 -0.00130140001 0.00699293939
vn 0.00994069967 0.00102601002 0.000360389968
vn 0.00702936994 0.00335341971 -0.00627237
vn 3.30000006e-07 0.00431746012 -0.00901994947
vn -0.00702890987 0.00335341971 -0.00627287989
vn -0.00252231001 -0.00913080946 -0.00320410007
vn 1.19999996e-07 -0.00943593029 -0.0033110599
vn -0.00178357004 -0.00972138997 -0.00152101985
vn 2.99999989e-08 -0.0099660093 -0.00082382001
vn 0.00178367994 -0.00972138997 -0.00152089994
vn 0.00252254982 -0.00913080946 -0.00320390984
vn 0.00178380997 -0.00854022987 -0.00488696992
vn 1.99999988e-07 -0.00829560962 -0.00558414962
vn -0.00178345991 -0.00854022987 -0.00488709984
vn 0 0.00499999989 0.00866025966
vn 0 0.00923880003 0.00382683007
vn -9.99999994e-09 0.00866024941 -0.00500001013
vn -9.99999994e-09 0.00866024941 -0.00499999989
vn -1.99999999e-08 0.00499999989 -0.00866024941
vn -1.99999999e-08 0.00500001013 -0.00866024941
vn -9.99999994e-09 9.99999994e-09 -0.00999999978
f 1/1/1 2/2/1 3/3/1
f 4/3/1 5/4/1 6/5/1
f 7/5/1 8/6/1 9/7/1
f 10/3/1 11/5/1 12/7/1
f 13/7/1 14/8/1 15/9/1
f 16/3/1 17/7/1 18/9/1
f 19/9/1 20/10/1 21/11/1
f 22/3/1 23/9/1 24/11/1
f 25/1/1 26/3/1 27/11/1
f 28/12/1 29/1/1 30/11/1
f 31/13/2 32/14/3 33/15/4
f 34/15/4 35/16/5 36/17/6
f 37/17/6 38/18/7 39/19/8
f 40/15/4 41/17/6 42/19/8
f 43/19/8 44/20/9 45/21/10
f 46/21/10 47/22/11 48/23/12
f 49/19/8 50/21/10 51/23/12
f 52/15/4 53/19/8 54/23/12
f 55/13/2 56/15/4 57/23/12
f 58/24/13 59/13/2 60/23/12
f 61/25/14 62/26/15 63/27/16
f 64/27/16 65/28/17 66/25/14
f 67/29/18 68/30/19 69/31/20
f 70/31/20 71/32/21 72/29/18
f 73/33/22 74/28/17 75/27/16
f 76/27/16 77/34/23 78/33/22
f 79/35/24 80/36/25 81/37/26
f 82/37/26 83/38/27 84/35/24
f 85/39/28 86/33/22 87/34/23
f 88/34/23 89/40/29 90/39/28
f 91/41/30 92/39/28 93/40/29
f 94/40/29 95/42/31 96/41/30
f 97/30/19 98/41/30 99/42/31
f 100/42/31 101/31/20 102/30/19
f 103/43/32 104/35/24 105/38/27
f 106/38/27 107/44/33 108/43/32
f 109/45/34 110/43/32 111/44/33
f 112/44/33 113/46/35 114/45/34
f 115/32/21 116/45/34 117/46/35
f 118/46/35 119/29/18 120/32/21
f 121/16/5 122/47/36 123/48/37
f 124/48/37 125/17/6 126/16/5
f 127/49/38 128/24/13 129/23/12
f 130/23/12 131/50/39 132/49/38
f 133/47/36 134/16/5 135/15/4
f 136/15/4 137/51/40 138/47/36
f 139/50/39 140/23/12 141/22/11
f 142/22/11 143/52/41 144/50/39
f 145/53/42 146/13/2 147/24/13
f 148/24/13 149/49/38 150/53/42
f 151/54/43 152/14/3 153/13/2
f 154/13/2 155/53/42 156/54/43
f 157/51/40 158/15/4 159/14/3
f 160/14/3 161/54/43 162/51/40
f 163/55/44 164/20/9 165/19/8
f 166/19/8 167/56/45 168/55/44
f 169/57/46 170/21/10 171/20/9
f 172/20/9 173/55/44 174/57/46
f 175/52/41 176/22/11 177/21/10
f 178/21/10 179/57/46 180/52/41
f 181/58/47 182/59/48 183/48/37
f 184/48/37 185/47/36 186/58/47
f 187/60/49 188/49/38 189/50/39
f 190/50/39 191/61/50 192/60/49
f 193/58/47 194/47/36 195/51/40
f 196/51/40 197/62/51 198/58/47
f 199/61/50 200/50/39 201/52/41
f 202/52/41 203/63/52 204/61/50
f 205/64/53 206/53/42 207/49/38
f 208/49/38 209/60/49 210/64/53
f 211/65/54 212/54/43 213/53/42
f 214/53/42 215/64/53 216/65/54
f 217/62/51 218/51/40 219/54/43
f 220/54/43 221/65/54 222/62/51
f 223/66/55 224/55/44 225/56/45
f 226/56/45 227/67/56 228/66/55
f 229/68/57 230/57/46 231/55/44
f 232/55/44 233/66/55 234/68/57
f 235/63/52 236/52/41 237/57/46
f 238/57/46 239/68/57 240/63/52
f 241/37/26 242/36/25 243/69/58
f 244/69/58 245/70/59 246/37/26
f 247/71/60 248/56/45 249/19/8
f 250/19/8 251/18/7 252/71/60
f 253/67/56 254/56/45 255/71/60
f 256/71/60 257/72/61 258/67/56
f 259/73/17 260/12/62 261/11/63
f 262/11/63 263/74/14 264/73/17
f 265/75/19 266/76/18 267/5/64
f 268/5/64 269/4/65 270/75/19
f 271/77/26 272/78/59 273/10/66
f 274/10/66 275/9/67 276/77/26
f 277/3/68 278/79/30 279/75/19
f 280/75/19 281/4/65 282/3/68
f 283/8/69 284/80/27 285/77/26
f 286/77/26 287/9/67 288/8/69
f 289/73/17 290/81/22 291/1/70
f 292/1/70 293/12/62 294/73/17
f 295/81/22 296/82/28 297/2/71
f 298/2/71 299/1/70 300/81/22
f 301/2/71 302/82/28 303/79/30
f 304/79/30 305/3/68 306/2/71
f 307/76/18 308/83/35 309/6/72
f 310/6/72 311/5/64 312/76/18
f 313/83/35 314/84/33 315/7/73
f 316/7/73 317/6/72 318/83/35
f 319/7/73 320/84/33 321/80/27
f 322/80/27 323/8/69 324/7/73
f 325/85/74 326/86/75 327/87/76
f 328/87/76 329/88/77 330/85/74
f 331/86/75 332/89/78 333/90/79
f 334/90/79 335/87/76 336/86/75
f 337/89/78 338/91/80 339/92/81
f 340/92/81 341/90/79 342/89/78
f 343/91/80 344/93/82 345/94/83
f 346/94/83 347/92/81 348/91/80
f 349/93/82 350/95/84 351/96/85
f 352/96/85 353/94/83 354/93/82
f 355/95/84 356/97/86 357/98/87
f 358/98/87 359/96/85 360/95/84
f 361/97/86 362/99/88 363/100/89
f 364/100/89 365/98/87 366/97/86
f 367/101/88 368/85/74 369/88/77
f 370/88/77 371/102/89 372/101/88
f 373/103/90 374/104/91 375/105/92
f 376/105/92 377/106/93 378/103/90
f 379/107/94 380/108/95 381/104/91
f 382/104/91 383/103/90 384/107/94
f 385/109/96 386/110/97 387/108/95
f 388/108/95 389/107/94 390/109/96
f 391/111/98 392/112/99 393/110/97
f 394/110/97 395/109/96 396/111/98
f 397/113/100 398/114/101 399/112/99
f 400/112/99 401/111/98 402/113/100
f 403/115/102 404/116/103 405/114/101
f 406/114/101 407/113/100 408/115/102
f 409/117/104 410/118/105 411/116/103
f 412/116/103 413/115/102 414/117/104
f 415/106/93 416/105/92 417/119/105
f 418/119/105 419/120/104 420/106/93
f 421/121/106 422/103/90 423/106/93
f 424/106/93 425/122/107 426/121/106
f 427/123/108 428/107/94 429/103/90
f 430/103/90 431/121/106 432/123/108
f 433/124/109 434/109/96 435/107/94
f 436/107/94 437/123/108 438/124/109
f 439/125/110 440/111/98 441/109/96
f 442/109/96 443/124/109 444/125/110
f 445/126/111 446/113/100 447/111/98
f 448/111/98 449/125/110 450/126/111
f 451/127/112 452/115/102 453/113/100
f 454/113/100 455/126/111 456/127/112
f 457/128/113 458/117/104 459/115/102
f 460/115/102 461/127/112 462/128/113
f 463/122/107 464/106/93 465/120/104
f 466/120/104 467/129/113 468/122/107
f 469/130/114 470/121/106 471/122/107
f 472/122/107 473/131/115 474/130/114
f 475/132/116 476/123/108 477/121/106
f 478/121/106 479/130/114 480/132/116
f 481/133/117 482/124/109 483/123/108
f 484/123/108 485/132/116 486/133/117
f 487/134/118 488/125/110 489/124/109
f 490/124/109 491/133/117 492/134/118
f 493/135/119 494/126/111 495/125/110
f 496/125/110 497/134/118 498/135/119
f 499/136/120 500/127/112 501/126/111
f 502/126/111 503/135/119 504/136/120
f 505/137/121 506/128/113 507/127/112
f 508/127/112 509/136/120 510/137/121
f 511/131/115 512/122/107 513/129/113
f 514/129/113 515/138/121 516/131/115
f 517/139/122 518/130/114 519/131/115
f 520/131/115 521/140/123 522/139/122
f 523/141/124 524/132/116 525/130/114
f 526/130/114 527/139/122 528/141/124
f 529/142/125 530/133/117 531/132/116
f 532/132/116 533/141/124 534/142/125
f 535/143/126 536/134/118 537/133/117
f 538/133/117 539/142/125 540/143/126
f 541/144/127 542/135/119 543/134/118
f 544/134/118 545/143/126 546/144/127
f 547/145/128 548/136/120 549/135/119
f 550/135/119 551/144/127 552/145/128
f 553/146/129 554/137/121 555/136/120
f 556/136/120 557/145/128 558/146/129
f 559/140/123 560/131/115 561/138/121
f 562/138/121 563/147/129 564/140/123
f 565/148/130 566/139/122 567/140/123
f 568/140/123 569/149/131 570/148/130
f 571/150/132 572/141/124 573/139/122
f 574/139/122 575/148/130 576/150/132
f 577/151/133 578/142/125 579/141/124
f 580/141/124 581/150/132 582/151/133
f 583/152/134 584/143/126 585/142/125
f 586/142/125 587/151/133 588/152/134
f 589/153/135 590/144/127 591/143/126
f 592/143/126 593/152/134 594/153/135
f 595/154/136 596/145/128 597/144/127
f 598/144/127 599/153/135 600/154/136
f 601/155/137 602/146/129 603/145/128
f 604/145/128 605/154/136 606/155/137
f 607/149/131 608/140/123 609/147/129
f 610/147/129 611/156/137 612/149/131
f 613/157/138 614/148/130 615/149/131
f 616/149/131 617/158/139 618/157/138
f 619/159/140 620/150/132 621/148/130
f 622/148/130 623/157/138 624/159/140
f 625/160/141 626/151/133 627/150/132
f 628/150/132 629/159/140 630/160/141
f 631/161/142 632/152/134 633/151/133
f 634/151/133 635/160/141 636/161/142
f 637/162/143 638/153/135 639/152/134
f 640/152/134 641/161/142 642/162/143
f 643/163/144 644/154/136 645/153/135
f 646/153/135 647/162/143 648/163/144
f 649/164/145 650/155/137 651/154/136
f 652/154/136 653/163/144 654/164/145
f 655/158/139 656/149/131 657/156/137
f 658/156/137 659/165/145 660/158/139
f 661/166/146 662/157/138 663/158/139
f 664/158/139 665/167/147 666/166/146
f 667/168/148 668/159/140 669/157/138
f 670/157/138 671/166/146 672/168/148
f 673/169/149 674/160/141 675/159/140
f 676/159/140 677/168/148 678/169/149
f 679/170/150 680/161/142 681/160/141
f 682/160/141 683/169/149 684/170/150
f 685/171/151 686/162/143 687/161/142
f 688/161/142 689/170/150 690/171/151
f 691/172/152 692/163/144 693/162/143
f 694/162/143 695/171/151 696/172/152
f 697/173/153 698/164/145 699/163/144
f 700/163/144 701/172/152 702/173/153
f 703/167/147 704/158/139 705/165/145
f 706/165/145 707/174/153 708/167/147
f 709/175/92 710/176/91 711/86/154
f 712/86/154 713/85/155 714/175/92
f 715/176/91 716/177/95 717/89/156
f 718/89/156 719/86/154 720/176/91
f 721/177/95 722/178/97 723/91/157
f 724/91/157 725/89/156 726/177/95
f 727/178/97 728/179/99 729/93/158
f 730/93/158 731/91/157 732/178/97
f 733/179/99 734/180/101 735/95/159
f 736/95/159 737/93/158 738/179/99
f 739/180/101 740/181/103 741/97/160
f 742/97/160 743/95/159 744/180/101
f 745/181/103 746/182/105 747/99/161
f 748/99/161 749/97/160 750/181/103
f 751/183/105 752/175/92 753/85/155
f 754/85/155 755/101/161 756/183/105
f 757/184/162 758/185/163 759/186/164
f 760/185/163 761/187/165 762/186/164
f 763/187/165 764/188/166 765/186/164
f 766/188/166 767/189/167 768/186/164
f 769/189/167 770/190/168 771/186/164
f 772/190/168 773/191/169 774/186/164
f 775/191/169 776/192/170 777/186/164
f 778/192/170 779/184/162 780/186/164
f 781/193/171 782/194/172 783/195/173
f 784/195/173 785/196/174 786/193/171
f 787/197/175 788/194/172 789/193/171
f 790/193/171 791/198/176 792/197/175
f 793/199/177 794/200/178 795/201/179
f 796/201/179 797/202/180 798/199/177
f 799/202/180 800/201/179 801/203/181
f 802/203/181 803/204/182 804/202/180
f 805/204/182 806/203/181 807/205/183
f 808/205/183 809/206/184 810/204/182
f 811/206/184 812/205/183 813/207/185
f 814/207/185 815/208/186 816/206/184
f 817/208/186 818/207/185 819/209/187
f 820/209/187 821/210/188 822/208/186
f 823/210/188 824/209/187 825/211/189
f 826/211/189 827/212/190 828/210/188
f 829/213/191 830/214/192 831/215/192
f 832/213/191 833/215/192 834/212/190
f 835/213/191 836/212/190 837/211/189
f 838/200/178 839/199/177 840/197/175
f 841/197/175 842/198/176 843/200/178
f 844/216/193 845/217/194 846/218/195
f 847/218/195 848/219/196 849/216/193
f 850/218/195 851/217/194 852/220/197
f 853/220/197 854/221/198 855/218/195
f 856/222/199 857/223/200 858/224/201
f 859/224/201 860/225/202 861/222/199
f 862/226/203 863/222/199 864/225/202
f 865/225/202 866/227/204 867/226/203
f 868/228/205 869/226/203 870/227/204
f 871/227/204 872/229/206 873/228/205
f 874/230/207 875/228/205 876/229/206
f 877/229/206 878/231/208 879/230/207
f 880/232/209 881/230/207 882/231/208
f 883/231/208 884/233/210 885/232/209
f 886/234/211 887/232/209 888/233/210
f 889/233/210 890/235/212 891/234/211
f 892/236/213 893/237/214 894/238/215
f 895/238/215 896/234/211 897/235/212
f 898/236/213 899/238/215 900/235/212
f 901/220/197 902/224/201 903/223/200
f 904/223/200 905/221/198 906/220/197
f 907/239/216 908/240/217 909/241/218
f 910/241/218 911/242/219 912/239/216
f 913/243/220 914/244/221 915/245/222
f 916/245/222 917/246/223 918/243/220
f 919/247/224 920/239/216 921/242/219
f 922/242/219 923/248/225 924/247/224
f 925/244/221 926/249/226 927/250/227
f 928/250/227 929/245/222 930/244/221
f 931/251/228 932/252/229 933/253/230
f 934/253/230 935/254/231 936/251/228
f 937/255/232 938/256/233 939/257/234
f 940/257/234 941/258/235 942/255/232
f 943/252/229 944/259/236 945/260/237
f 946/260/237 947/253/230 948/252/229
f 949/261/238 950/255/232 951/258/235
f 952/258/235 953/262/239 954/261/238
f 955/259/236 956/263/240 957/264/241
f 958/264/241 959/260/237 960/259/236
f 961/265/242 962/261/238 963/262/239
f 964/262/239 965/266/243 966/265/242
f 967/263/240 968/267/244 969/268/245
f 970/268/245 971/264/241 972/263/240
f 973/269/246 974/265/242 975/266/243
f 976/266/243 977/270/247 978/269/246
f 979/267/244 980/271/248 981/272/249
f 982/272/249 983/268/245 984/267/244
f 985/273/250 986/269/246 987/270/247
f 988/270/247 989/274/251 990/273/250
f 991/271/248 992/275/252 993/276/253
f 994/276/253 995/272/249 996/271/248
f 997/277/254 998/273/250 999/274/251
f 1000/274/251 1001/278/255 1002/277/254
f 1003/279/256 1004/280/257 1005/281/258
f 1006/281/258 1007/282/259 1008/279/256
f 1009/283/260 1010/279/261 1011/282/261
f 1012/282/261 1013/284/262 1014/283/260
f 1015/275/252 1016/283/260 1017/284/262
f 1018/284/262 1019/276/253 1020/275/252
f 1021/280/257 1022/277/254 1023/278/255
f 1024/278/255 1025/281/258 1026/280/257
f 1027/256/233 1028/247/224 1029/248/225
f 1030/248/225 1031/257/234 1032/256/233
f 1033/249/226 1034/251/228 1035/254/231
f 1036/254/231 1037/250/227 1038/249/226
f 1039/285/263 1040/286/264 1041/287/263
f 1042/287/263 1043/288/265 1044/289/263
f 1045/289/263 1046/290/264 1047/291/263
f 1048/287/263 1049/289/263 1050/291/263
f 1051/285/263 1052/287/263 1053/291/263
f 1054/292/265 1055/285/263 1056/291/263
f 1057/293/266 1058/294/267 1059/295/268
f 1060/295/268 1061/296/269 1062/293/266
f 1063/297/270 1064/298/271 1065/294/267
f 1066/294/267 1067/293/266 1068/297/270
f 1069/299/272 1070/300/272 1071/298/271
f 1072/298/271 1073/297/270 1074/299/272
f 1075/301/273 1076/302/274 1077/300/272
f 1078/300/272 1079/299/272 1080/301/273
f 1081/303/275 1082/304/275 1083/302/274
f 1084/302/274 1085/301/273 1086/303/275
f 1087/305/276 1088/306/277 1089/304/275
f 1090/304/275 1091/303/275 1092/305/276
f 1093/307/278 1094/308/278 1095/306/277
f 1096/306/277 1097/305/276 1098/307/278
f 1099/309/269 1100/310/268 1101/308/278
f 1102/308/278 1103/307/278 1104/309/269
f 1105/290/279 1106/311/279 1107/312/280
f 1108/312/280 1109/291/281 1110/290/279
f 1111/289/282 1112/313/282 1113/311/279
f 1114/311/279 1115/290/279 1116/289/282
f 1117/288/283 1118/314/284 1119/313/282
f 1120/313/282 1121/289/282 1122/288/283
f 1123/287/285 1124/315/286 1125/314/284
f 1126/314/284 1127/288/283 1128/287/285
f 1129/286/287 1130/316/288 1131/315/286
f 1132/315/286 1133/287/285 1134/286/287
f 1135/285/289 1136/317/290 1137/316/288
f 1138/316/288 1139/286/287 1140/285/289
f 1141/292/291 1142/318/291 1143/317/290
f 1144/317/290 1145/285/289 1146/292/291
f 1147/291/281 1148/312/280 1149/318/291
f 1150/318/291 1151/292/291 1152/291/281
f 1153/319/292 1154/320/293 1155/295/294
f 1156/295/294 1157/294/292 1158/319/292
f 1159/321/295 1160/319/292 1161/294/292
f 1162/294/292 1163/298/296 1164/321/295
f 1165/322/297 1166/321/295 1167/298/296
f 1168/298/296 1169/300/298 1170/322/297
f 1171/323/299 1172/322/297 1173/300/298
f 1174/300/298 1175/302/299 1176/323/299
f 1177/324/300 1178/323/299 1179/302/299
f 1180/302/299 1181/304/300 1182/324/300
f 1183/325/301 1184/324/300 1185/304/300
f 1186/304/300 1187/306/301 1188/325/301
f 1189/326/302 1190/325/301 1191/306/301
f 1192/306/301 1193/308/302 1194/326/302
f 1195/327/293 1196/326/302 1197/308/302
f 1198/308/302 1199/310/294 1200/327/293
f 1201/328/303 1202/329/304 1203/330/305
f 1204/329/304 1205/331/306 1206/330/305
f 1207/331/306 1208/332/307 1209/330/305
f 1210/332/307 1211/333/308 1212/330/305
f 1213/333/308 1214/334/309 1215/330/305
f 1216/334/309 1217/335/310 1218/330/305
f 1219/335/310 1220/336/311 1221/330/305
f 1222/336/311 1223/328/303 1224/330/305
f 1225/337/312 1226/338/313 1227/339/1
f 1228/337/312 1229/339/1 1230/340/314
f 1231/337/312 1232/340/314 1233/341/315
f 1234/342/58 1235/341/315 1236/340/314
f 1237/342/58 1238/340/314 1239/343/316
f 1240/342/58 1241/343/316 1242/344/317
f 1243/345/318 1244/344/317 1245/343/316
f 1246/345/318 1247/343/316 1248/346/319
f 1249/345/318 1250/346/319 1251/347/320
f 1252/348/321 1253/347/320 1254/346/319
f 1255/348/321 1256/346/319 1257/349/322
f 1258/348/321 1259/349/322 1260/350/322
f 1261/351/15 1262/350/322 1263/349/322
f 1264/351/15 1265/349/322 1266/352/323
f 1267/351/15 1268/352/323 1269/353/324
f 1270/354/325 1271/353/324 1272/352/323
f 1273/354/325 1274/352/323 1275/355/1
f 1276/354/325 1277/355/1 1278/356/313
f 1279/357/326 1280/358/1 1281/359/1
f 1282/357/326 1283/359/1 1284/360/327
f 1285/357/326 1286/360/327 1287/361/327
f 1288/362/58 1289/361/327 1290/360/327
f 1291/362/58 1292/360/327 1293/363/316
f 1294/362/58 1295/363/316 1296/364/328
f 1297/365/329 1298/364/328 1299/363/316
f 1300/365/329 1301/363/316 1302/366/320
f 1303/365/329 1304/366/320 1305/367/320
f 1306/368/330 1307/367/320 1308/366/320
f 1309/368/330 1310/366/320 1311/369/331
f 1312/368/330 1313/369/331 1314/370/331
f 1315/371/15 1316/370/331 1317/369/331
f 1318/371/15 1319/369/331 1320/372/323
f 1321/371/15 1322/372/323 1323/373/323
f 1324/374/332 1325/373/323 1326/372/323
f 1327/374/332 1328/372/323 1329/375/1
f 1330/374/332 1331/375/1 1332/376/1
f 1333/377/333 1334/378/333 1335/379/333
f 1336/377/333 1337/380/333 1338/378/333
f 1339/377/333 1340/381/333 1341/380/333
f 1342/382/333 1343/383/333 1344/384/333
f 1345/382/333 1346/385/333 1347/383/333
f 1348/382/333 1349/386/333 1350/385/333
f 1351/382/333 1352/387/333 1353/386/333
f 1354/382/333 1355/388/333 1356/387/333
f 1357/382/333 1358/389/333 1359/388/333
f 1360/377/333 1361/390/333 1362/391/333
f 1363/377/333 1364/392/333 1365/390/333
f 1366/377/333 1367/379/333 1368/392/333
f 1369/393/323 1370/394/334 1371/395/334
f 1372/395/334 1373/396/335 1374/393/323
f 1375/394/334 1376/397/336 1377/398/336
f 1378/398/336 1379/395/334 1380/394/334
f 1381/397/336 1382/399/337 1383/400/337
f 1384/400/337 1385/398/336 1386/397/336
f 1387/401/338 1388/402/320 1389/403/320
f 1390/403/320 1391/404/339 1392/401/338
f 1393/402/320 1394/405/340 1395/406/341
f 1396/406/341 1397/403/320 1398/402/320
f 1399/405/340 1400/407/342 1401/408/343
f 1402/408/343 1403/406/341 1404/405/340
f 1405/407/342 1406/409/344 1407/410/345
f 1408/410/345 1409/408/343 1410/407/342
f 1411/409/344 1412/411/327 1413/412/327
f 1414/412/327 1415/410/345 1416/409/344
f 1417/411/327 1418/413/346 1419/414/346
f 1420/414/346 1421/412/327 1422/411/327
f 1423/415/347 1424/416/348 1425/417/348
f 1426/417/348 1427/418/347 1428/415/347
f 1429/416/348 1430/419/332 1431/420/332
f 1432/420/332 1433/417/348 1434/416/348
f 1435/419/332 1436/393/323 1437/396/335
f 1438/396/335 1439/420/332 1440/419/332
f 1441/421/349 1442/422/349 1443/423/349
f 1444/422/349 1445/424/349 1446/423/349
f 1447/424/349 1448/425/349 1449/423/349
f 1450/426/349 1451/427/349 1452/428/349
f 1453/427/349 1454/429/349 1455/428/349
f 1456/429/349 1457/430/349 1458/428/349
f 1459/430/349 1460/431/349 1461/428/349
f 1462/431/349 1463/432/349 1464/428/349
f 1465/432/349 1466/433/349 1467/428/349
f 1468/434/349 1469/435/349 1470/423/349
f 1471/435/349 1472/436/349 1473/423/349
f 1474/436/349 1475/421/349 1476/423/349
f 1477/382/333 1478/384/333 1479/381/333
f 1480/381/333 1481/377/333 1482/382/333
f 1483/401/338 1484/404/339 1485/400/337
f 1486/400/337 1487/399/337 1488/401/338
f 1489/426/349 1490/428/349 1491/423/349
f 1492/423/349 1493/425/349 1494/426/349
f 1495/428/349 1496/433/349 1497/434/349
f 1498/434/349 1499/423/349 1500/428/349
f 1501/414/346 1502/413/346 1503/437/347
f 1504/437/347 1505/438/347 1506/414/346
f 1507/389/333 1508/382/333 1509/377/333
f 1510/377/333 1511/391/333 1512/389/333
f 1513/439/1 1514/440/1 1515/441/1
f 1516/441/1 1517/442/1 1518/443/1
f 1519/443/1 1520/444/1 1521/445/1
f 1522/445/1 1523/446/1 1524/447/1
f 1525/443/1 1526/445/1 1527/447/1
f 1528/441/1 1529/443/1 1530/447/1
f 1531/439/1 1532/441/1 1533/447/1
f 1534/447/1 1535/448/1 1536/449/1
f 1537/439/1 1538/447/1 1539/449/1
f 1540/450/1 1541/439/1 1542/449/1
f 1543/451/350 1544/452/351 1545/453/352
f 1546/453/352 1547/454/353 1548/455/354
f 1549/451/350 1550/453/352 1551/455/354
f 1552/455/354 1553/456/7 1554/457/6
f 1555/457/6 1556/458/355 1557/459/356
f 1558/455/354 1559/457/6 1560/459/356
f 1561/451/350 1562/455/354 1563/459/356
f 1564/459/356 1565/460/357 1566/461/358
f 1567/451/350 1568/459/356 1569/461/358
f 1570/462/359 1571/451/350 1572/461/358
f 1573/463/14 1574/464/360 1575/465/361
f 1576/465/361 1577/466/15 1578/463/14
f 1579/467/362 1580/468/363 1581/469/364
f 1582/469/364 1583/470/365 1584/467/362
f 1585/471/366 1586/472/367 1587/465/361
f 1588/465/361 1589/464/360 1590/471/366
f 1591/473/368 1592/474/369 1593/475/370
f 1594/475/370 1595/476/371 1596/473/368
f 1597/477/372 1598/478/373 1599/472/367
f 1600/472/367 1601/471/366 1602/477/372
f 1603/479/374 1604/480/375 1605/478/373
f 1606/478/373 1607/477/372 1608/479/374
f 1609/470/365 1610/469/364 1611/480/375
f 1612/480/375 1613/479/374 1614/470/365
f 1615/481/376 1616/482/377 1617/474/369
f 1618/474/369 1619/473/368 1620/481/376
f 1621/483/378 1622/484/379 1623/482/377
f 1624/482/377 1625/481/376 1626/483/378
f 1627/468/363 1628/467/362 1629/484/379
f 1630/484/379 1631/483/378 1632/468/363
f 1633/458/355 1634/457/6 1635/485/37
f 1636/485/37 1637/486/380 1638/458/355
f 1639/487/381 1640/488/382 1641/451/350
f 1642/451/350 1643/462/359 1644/487/381
f 1645/486/380 1646/489/383 1647/459/356
f 1648/459/356 1649/458/355 1650/486/380
f 1651/488/382 1652/490/384 1653/452/351
f 1654/452/351 1655/451/350 1656/488/382
f 1657/491/385 1658/487/381 1659/462/359
f 1660/462/359 1661/461/358 1662/491/385
f 1663/492/386 1664/491/385 1665/461/358
f 1666/461/358 1667/460/357 1668/492/386
f 1669/489/383 1670/492/386 1671/460/357
f 1672/460/357 1673/459/356 1674/489/383
f 1675/493/387 1676/494/388 1677/455/354
f 1678/455/354 1679/454/353 1680/493/387
f 1681/495/389 1682/493/387 1683/454/353
f 1684/454/353 1685/453/352 1686/495/389
f 1687/490/384 1688/495/389 1689/453/352
f 1690/453/352 1691/452/351 1692/490/384
f 1693/496/390 1694/486/380 1695/485/37
f 1696/485/37 1697/497/48 1698/496/390
f 1699/498/391 1700/499/392 1701/488/382
f 1702/488/382 1703/487/381 1704/498/391
f 1705/496/390 1706/500/393 1707/489/383
f 1708/489/383 1709/486/380 1710/496/390
f 1711/499/392 1712/501/394 1713/490/384
f 1714/490/384 1715/488/382 1716/499/392
f 1717/502/395 1718/498/391 1719/487/381
f 1720/487/381 1721/491/385 1722/502/395
f 1723/503/396 1724/502/395 1725/491/385
f 1726/491/385 1727/492/386 1728/503/396
f 1729/500/393 1730/503/396 1731/492/386
f 1732/492/386 1733/489/383 1734/500/393
f 1735/504/397 1736/505/398 1737/494/388
f 1738/494/388 1739/493/387 1740/504/397
f 1741/506/399 1742/504/397 1743/493/387
f 1744/493/387 1745/495/389 1746/506/399
f 1747/501/394 1748/506/399 1749/495/389
f 1750/495/389 1751/490/384 1752/501/394
f 1753/475/370 1754/507/59 1755/508/58
f 1756/508/58 1757/476/371 1758/475/370
f 1759/509/60 1760/456/7 1761/455/354
f 1762/455/354 1763/494/388 1764/509/60
f 1765/505/398 1766/510/61 1767/509/60
f 1768/509/60 1769/494/388 1770/505/398
f 1771/511/360 1772/512/14 1773/439/63
f 1774/439/63 1775/450/400 1776/511/360
f 1777/513/365 1778/446/401 1779/445/402
f 1780/445/402 1781/514/362 1782/513/365
f 1783/515/370 1784/441/403 1785/440/66
f 1786/440/66 1787/516/59 1788/515/370
f 1789/447/404 1790/446/401 1791/513/365
f 1792/513/365 1793/517/374 1794/447/404
f 1795/442/405 1796/441/403 1797/515/370
f 1798/515/370 1799/518/369 1800/442/405
f 1801/511/360 1802/450/400 1803/449/406
f 1804/449/406 1805/519/366 1806/511/360
f 1807/519/366 1808/449/406 1809/448/407
f 1810/448/407 1811/520/372 1812/519/366
f 1813/448/407 1814/447/404 1815/517/374
f 1816/517/374 1817/520/372 1818/448/407
f 1819/514/362 1820/445/402 1821/444/408
f 1822/444/408 1823/521/379 1824/514/362
f 1825/521/379 1826/444/408 1827/443/409
f 1828/443/409 1829/522/377 1830/521/379
f 1831/443/409 1832/442/405 1833/518/369
f 1834/518/369 1835/522/377 1836/443/409
f 1837/523/410 1838/524/411 1839/525/412
f 1840/525/412 1841/526/413 1842/523/410
f 1843/526/413 1844/525/412 1845/527/414
f 1846/527/414 1847/528/415 1848/526/413
f 1849/528/415 1850/527/414 1851/529/416
f 1852/529/416 1853/530/417 1854/528/415
f 1855/530/417 1856/529/416 1857/531/418
f 1858/531/418 1859/532/419 1860/530/417
f 1861/532/419 1862/531/418 1863/533/420
f 1864/533/420 1865/534/421 1866/532/419
f 1867/534/421 1868/533/420 1869/535/422
f 1870/535/422 1871/536/423 1872/534/421
f 1873/536/423 1874/535/422 1875/537/424
f 1876/537/424 1877/538/425 1878/536/423
f 1879/539/425 1880/540/424 1881/524/411
f 1882/524/411 1883/523/410 1884/539/425
f 1885/541/426 1886/542/427 1887/543/428
f 1888/543/428 1889/544/429 1890/541/426
f 1891/545/430 1892/541/426 1893/544/429
f 1894/544/429 1895/546/431 1896/545/430
f 1897/547/432 1898/545/430 1899/546/431
f 1900/546/431 1901/548/433 1902/547/432
f 1903/549/434 1904/547/432 1905/548/433
f 1906/548/433 1907/550/435 1908/549/434
f 1909/551/436 1910/549/434 1911/550/435
f 1912/550/435 1913/552/437 1914/551/436
f 1915/553/438 1916/551/436 1917/552/437
f 1918/552/437 1919/554/439 1920/553/438
f 1921/555/440 1922/553/438 1923/554/439
f 1924/554/439 1925/556/441 1926/555/440
f 1927/542/427 1928/557/440 1929/558/441
f 1930/558/441 1931/543/428 1932/542/427
f 1933/559/442 1934/560/443 1935/542/427
f 1936/542/427 1937/541/426 1938/559/442
f 1939/561/444 1940/559/442 1941/541/426
f 1942/541/426 1943/545/430 1944/561/444
f 1945/562/445 1946/561/444 1947/545/430
f 1948/545/430 1949/547/432 1950/562/445
f 1951/563/446 1952/562/445 1953/547/432
f 1954/547/432 1955/549/434 1956/563/446
f 1957/564/447 1958/563/446 1959/549/434
f 1960/549/434 1961/551/436 1962/564/447
f 1963/565/448 1964/564/447 1965/551/436
f 1966/551/436 1967/553/438 1968/565/448
f 1969/566/449 1970/565/448 1971/553/438
f 1972/553/438 1973/555/440 1974/566/449
f 1975/560/443 1976/567/449 1977/557/440
f 1978/557/440 1979/542/427 1980/560/443
f 1981/568/450 1982/569/451 1983/560/443
f 1984/560/443 1985/559/442 1986/568/450
f 1987/570/452 1988/568/450 1989/559/442
f 1990/559/442 1991/561/444 1992/570/452
f 1993/571/453 1994/570/452 1995/561/444
f 1996/561/444 1997/562/445 1998/571/453
f 1999/572/454 2000/571/453 2001/562/445
f 2002/562/445 2003/563/446 2004/572/454
f 2005/573/455 2006/572/454 2007/563/446
f 2008/563/446 2009/564/447 2010/573/455
f 2011/574/456 2012/573/455 2013/564/447
f 2014/564/447 2015/565/448 2016/574/456
f 2017/575/457 2018/574/456 2019/565/448
f 2020/565/448 2021/566/449 2022/575/457
f 2023/569/451 2024/576/457 2025/567/449
f 2026/567/449 2027/560/443 2028/569/451
f 2029/577/458 2030/578/459 2031/569/451
f 2032/569/451 2033/568/450 2034/577/458
f 2035/579/460 2036/577/458 2037/568/450
f 2038/568/450 2039/570/452 2040/579/460
f 2041/580/461 2042/579/460 2043/570/452
f 2044/570/452 2045/571/453 2046/580/461
f 2047/581/462 2048/580/461 2049/571/453
f 2050/571/453 2051/572/454 2052/581/462
f 2053/582/463 2054/581/462 2055/572/454
f 2056/572/454 2057/573/455 2058/582/463
f 2059/583/464 2060/582/463 2061/573/455
f 2062/573/455 2063/574/456 2064/583/464
f 2065/584/465 2066/583/464 2067/574/456
f 2068/574/456 2069/575/457 2070/584/465
f 2071/578/459 2072/585/465 2073/576/457
f 2074/576/457 2075/569/451 2076/578/459
f 2077/586/466 2078/587/467 2079/578/459
f 2080/578/459 2081/577/458 2082/586/466
f 2083/588/468 2084/586/466 2085/577/458
f 2086/577/458 2087/579/460 2088/588/468
f 2089/589/469 2090/588/468 2091/579/460
f 2092/579/460 2093/580/461 2094/589/469
f 2095/590/470 2096/589/469 2097/580/461
f 2098/580/461 2099/581/462 2100/590/470
f 2101/591/471 2102/590/470 2103/581/462
f 2104/581/462 2105/582/463 2106/591/471
f 2107/592/472 2108/591/471 2109/582/463
f 2110/582/463 2111/583/464 2112/592/472
f 2113/593/473 2114/592/472 2115/583/464
f 2116/583/464 2117/584/465 2118/593/473
f 2119/587/467 2120/594/473 2121/585/465
f 2122/585/465 2123/578/459 2124/587/467
f 2125/595/474 2126/596/475 2127/587/467
f 2128/587/467 2129/586/466 2130/595/474
f 2131/597/476 2132/595/474 2133/586/466
f 2134/586/466 2135/588/468 2136/597/476
f 2137/598/477 2138/597/476 2139/588/468
f 2140/588/468 2141/589/469 2142/598/477
f 2143/599/478 2144/598/477 2145/589/469
f 2146/589/469 2147/590/470 2148/599/478
f 2149/600/479 2150/599/478 2151/590/470
f 2152/590/470 2153/591/471 2154/600/479
f 2155/601/480 2156/600/479 2157/591/471
f 2158/591/471 2159/592/472 2160/601/480
f 2161/602/481 2162/601/480 2163/592/472
f 2164/592/472 2165/593/473 2166/602/481
f 2167/596/475 2168/603/481 2169/594/473
f 2170/594/473 2171/587/467 2172/596/475
f 2173/604/146 2174/605/147 2175/596/475
f 2176/596/475 2177/595/474 2178/604/146
f 2179/606/148 2180/604/146 2181/595/474
f 2182/595/474 2183/597/476 2184/606/148
f 2185/607/149 2186/606/148 2187/597/476
f 2188/597/476 2189/598/477 2190/607/149
f 2191/608/150 2192/607/149 2193/598/477
f 2194/598/477 2195/599/478 2196/608/150
f 2197/609/151 2198/608/150 2199/599/478
f 2200/599/478 2201/600/479 2202/609/151
f 2203/610/152 2204/609/151 2205/600/479
f 2206/600/479 2207/601/480 2208/610/152
f 2209/611/153 2210/610/152 2211/601/480
f 2212/601/480 2213/602/481 2214/611/153
f 2215/605/147 2216/612/153 2217/603/481
f 2218/603/481 2219/596/475 2220/605/147
f 2221/613/428 2222/523/482 2223/526/483
f 2224/526/483 2225/614/429 2226/613/428
f 2227/614/429 2228/526/483 2229/528/484
f 2230/528/484 2231/615/431 2232/614/429
f 2233/615/431 2234/528/484 2235/530/485
f 2236/530/485 2237/616/433 2238/615/431
f 2239/616/433 2240/530/485 2241/532/486
f 2242/532/486 2243/617/435 2244/616/433
f 2245/617/435 2246/532/486 2247/534/487
f 2248/534/487 2249/618/437 2250/617/435
f 2251/618/437 2252/534/487 2253/536/488
f 2254/536/488 2255/619/439 2256/618/437
f 2257/619/439 2258/536/488 2259/538/489
f 2260/538/489 2261/620/441 2262/619/439
f 2263/621/441 2264/539/489 2265/523/482
f 2266/523/482 2267/613/428 2268/621/441
f 2269/622/490 2270/623/164 2271/624/166
f 2272/624/166 2273/623/164 2274/625/165
f 2275/625/165 2276/623/164 2277/626/163
f 2278/626/163 2279/623/164 2280/627/491
f 2281/627/491 2282/623/164 2283/628/170
f 2284/628/170 2285/623/164 2286/629/169
f 2287/629/169 2288/623/164 2289/630/168
f 2290/630/168 2291/623/164 2292/622/490
f 2293/631/492 2294/632/174 2295/633/173
f 2296/633/173 2297/634/493 2298/631/492
f 2299/635/494 2300/636/495 2301/631/492
f 2302/631/492 2303/634/493 2304/635/494
f 2305/637/496 2306/638/497 2307/639/498
f 2308/639/498 2309/640/499 2310/637/496
f 2311/638/497 2312/641/500 2313/642/501
f 2314/642/501 2315/639/498 2316/638/497
f 2317/641/500 2318/643/502 2319/644/503
f 2320/644/503 2321/642/501 2322/641/500
f 2323/643/502 2324/645/504 2325/646/505
f 2326/646/505 2327/644/503 2328/643/502
f 2329/645/504 2330/647/506 2331/648/507
f 2332/648/507 2333/646/505 2334/645/504
f 2335/647/506 2336/649/508 2337/650/509
f 2338/650/509 2339/648/507 2340/647/506
f 2341/651/510 2342/650/509 2343/649/508
f 2344/651/510 2345/649/508 2346/652/511
f 2347/651/510 2348/652/511 2349/653/511
f 2350/640/499 2351/636/495 2352/635/494
f 2353/635/494 2354/637/496 2355/640/499
f 2356/654/193 2357/655/196 2358/656/512
f 2359/656/512 2360/657/513 2361/654/193
f 2362/656/512 2363/658/514 2364/659/515
f 2365/659/515 2366/657/513 2367/656/512
f 2368/660/516 2369/661/517 2370/662/518
f 2371/662/518 2372/663/519 2373/660/516
f 2374/664/520 2375/665/521 2376/661/517
f 2377/661/517 2378/660/516 2379/664/520
f 2380/666/522 2381/667/523 2382/665/521
f 2383/665/521 2384/664/520 2385/666/522
f 2386/668/524 2387/669/525 2388/667/523
f 2389/667/523 2390/666/522 2391/668/524
f 2392/670/526 2393/671/527 2394/669/525
f 2395/669/525 2396/668/524 2397/670/526
f 2398/672/528 2399/673/529 2400/671/527
f 2401/671/527 2402/670/526 2403/672/528
f 2404/673/529 2405/672/528 2406/674/530
f 2407/675/531 2408/673/529 2409/674/530
f 2410/675/531 2411/674/530 2412/676/532
f 2413/659/515 2414/658/514 2415/663/519
f 2416/663/519 2417/662/518 2418/659/515
f 2419/677/533 2420/678/534 2421/679/218
f 2422/679/218 2423/680/217 2424/677/533
f 2425/681/220 2426/682/223 2427/683/535
f 2428/683/535 2429/684/536 2430/681/220
f 2431/685/537 2432/686/538 2433/678/534
f 2434/678/534 2435/677/533 2436/685/537
f 2437/684/536 2438/683/535 2439/687/539
f 2440/687/539 2441/688/540 2442/684/536
f 2443/689/541 2444/690/542 2445/691/543
f 2446/691/543 2447/692/544 2448/689/541
f 2449/693/545 2450/694/546 2451/695/547
f 2452/695/547 2453/696/548 2454/693/545
f 2455/692/544 2456/691/543 2457/697/549
f 2458/697/549 2459/698/550 2460/692/544
f 2461/699/551 2462/700/552 2463/694/546
f 2464/694/546 2465/693/545 2466/699/551
f 2467/698/550 2468/697/549 2469/701/553
f 2470/701/553 2471/702/554 2472/698/550
f 2473/703/555 2474/704/556 2475/700/552
f 2476/700/552 2477/699/551 2478/703/555
f 2479/702/554 2480/701/553 2481/705/557
f 2482/705/557 2483/706/558 2484/702/554
f 2485/707/559 2486/708/560 2487/704/556
f 2488/704/556 2489/703/555 2490/707/559
f 2491/706/558 2492/705/557 2493/709/561
f 2494/709/561 2495/710/562 2496/706/558
f 2497/711/563 2498/712/564 2499/708/560
f 2500/708/560 2501/707/559 2502/711/563
f 2503/710/562 2504/709/561 2505/713/565
f 2506/713/565 2507/714/566 2508/710/562
f 2509/715/567 2510/716/568 2511/712/564
f 2512/712/564 2513/711/563 2514/715/567
f 2515/717/569 2516/718/570 2517/719/571
f 2518/719/571 2519/720/572 2520/717/569
f 2521/721/573 2522/722/574 2523/718/575
f 2524/718/575 2525/717/575 2526/721/573
f 2527/714/566 2528/713/565 2529/722/574
f 2530/722/574 2531/721/573 2532/714/566
f 2533/720/572 2534/719/571 2535/716/568
f 2536/716/568 2537/715/567 2538/720/572
f 2539/696/548 2540/695/547 2541/686/538
f 2542/686/538 2543/685/537 2544/696/548
f 2545/688/540 2546/687/539 2547/690/542
f 2548/690/542 2549/689/541 2550/688/540
f 2551/723/576 2552/724/577 2553/725/576
f 2554/725/576 2555/726/578 2556/727/576
f 2557/723/576 2558/725/576 2559/727/576
f 2560/727/576 2561/728/577 2562/729/576
f 2563/723/576 2564/727/576 2565/729/576
f 2566/730/578 2567/723/576 2568/729/576
f 2569/731/579 2570/732/580 2571/733/581
f 2572/733/581 2573/734/582 2574/731/579
f 2575/735/583 2576/731/579 2577/734/582
f 2578/734/582 2579/736/584 2580/735/583
f 2581/737/585 2582/735/583 2583/736/584
f 2584/736/584 2585/738/585 2586/737/585
f 2587/739/586 2588/737/585 2589/738/585
f 2590/738/585 2591/740/587 2592/739/586
f 2593/741/588 2594/739/586 2595/740/587
f 2596/740/587 2597/742/588 2598/741/588
f 2599/743/589 2600/741/588 2601/742/588
f 2602/742/588 2603/744/590 2604/743/589
f 2605/745/591 2606/743/589 2607/744/590
f 2608/744/590 2609/746/591 2610/745/591
f 2611/747/580 2612/745/591 2613/746/591
f 2614/746/591 2615/748/581 2616/747/580
f 2617/724/592 2618/723/593 2619/749/594
f 2620/749/594 2621/750/592 2622/724/592
f 2623/725/595 2624/724/592 2625/750/592
f 2626/750/592 2627/751/595 2628/725/595
f 2629/726/596 2630/725/595 2631/751/595
f 2632/751/595 2633/752/597 2634/726/596
f 2635/727/598 2636/726/596 2637/752/597
f 2638/752/597 2639/753/599 2640/727/598
f 2641/728/600 2642/727/598 2643/753/599
f 2644/753/599 2645/754/601 2646/728/600
f 2647/729/602 2648/728/600 2649/754/601
f 2650/754/601 2651/755/603 2652/729/602
f 2653/730/604 2654/729/602 2655/755/603
f 2656/755/603 2657/756/604 2658/730/604
f 2659/723/593 2660/730/604 2661/756/604
f 2662/756/604 2663/749/594 2664/723/593
f 2665/757/605 2666/734/605 2667/733/606
f 2668/733/606 2669/758/607 2670/757/605
f 2671/759/608 2672/736/609 2673/734/605
f 2674/734/605 2675/757/605 2676/759/608
f 2677/760/610 2678/738/611 2679/736/609
f 2680/736/609 2681/759/608 2682/760/610
f 2683/761/612 2684/740/612 2685/738/611
f 2686/738/611 2687/760/610 2688/761/612
f 2689/762/613 2690/742/613 2691/740/612
f 2692/740/612 2693/761/612 2694/762/613
f 2695/763/614 2696/744/614 2697/742/613
f 2698/742/613 2699/762/613 2700/763/614
f 2701/764/615 2702/746/615 2703/744/614
f 2704/744/614 2705/763/614 2706/764/615
f 2707/765/607 2708/748/606 2709/746/615
f 2710/746/615 2711/764/615 2712/765/607
f 2713/766/616 2714/767/617 2715/768/618
f 2716/768/618 2717/767/617 2718/769/619
f 2719/769/619 2720/767/617 2721/770/620
f 2722/770/620 2723/767/617 2724/771/621
f 2725/771/621 2726/767/617 2727/772/622
f 2728/772/622 2729/767/617 2730/773/623
f 2731/773/623 2732/767/617 2733/774/624
f 2734/774/624 2735/767/617 2736/766/616
f 2737/775/312 2738/776/315 2739/777/314
f 2740/775/312 2741/777/314 2742/778/1
f 2743/775/312 2744/778/1 2745/779/313
f 2746/780/58 2747/781/317 2748/782/316
f 2749/780/58 2750/782/316 2751/777/314
f 2752/780/58 2753/777/314 2754/776/315
f 2755/783/318 2756/784/320 2757/785/319
f 2758/783/318 2759/785/319 2760/782/316
f 2761/783/318 2762/782/316 2763/781/317
f 2764/786/321 2765/787/322 2766/788/625
f 2767/786/321 2768/788/625 2769/785/319
f 2770/786/321 2771/785/319 2772/784/320
f 2773/789/15 2774/790/324 2775/791/323
f 2776/789/15 2777/791/323 2778/788/625
f 2779/789/15 2780/788/625 2781/787/322
f 2782/792/325 2783/793/313 2784/794/1
f 2785/792/325 2786/794/1 2787/791/323
f 2788/792/325 2789/791/323 2790/790/324
f 2791/795/326 2792/796/327 2793/797/327
f 2794/795/326 2795/797/327 2796/798/1
f 2797/795/326 2798/798/1 2799/799/1
f 2800/800/58 2801/801/328 2802/802/316
f 2803/800/58 2804/802/316 2805/797/327
f 2806/800/58 2807/797/327 2808/796/327
f 2809/803/329 2810/804/320 2811/805/320
f 2812/803/329 2813/805/320 2814/802/316
f 2815/803/329 2816/802/316 2817/801/328
f 2818/806/330 2819/807/331 2820/808/331
f 2821/806/330 2822/808/331 2823/805/320
f 2824/806/330 2825/805/320 2826/804/320
f 2827/809/15 2828/810/323 2829/811/323
f 2830/809/15 2831/811/323 2832/808/331
f 2833/809/15 2834/808/331 2835/807/331
f 2836/812/332 2837/813/1 2838/814/1
f 2839/812/332 2840/814/1 2841/811/323
f 2842/812/332 2843/811/323 2844/810/323
f 2845/815/349 2846/816/349 2847/817/349
f 2848/815/349 2849/817/349 2850/818/349
f 2851/815/349 2852/818/349 2853/819/349
f 2854/820/349 2855/821/349 2856/822/349
f 2857/820/349 2858/822/349 2859/823/349
f 2860/820/349 2861/823/349 2862/824/349
f 2863/820/349 2864/824/349 2865/825/349
f 2866/820/349 2867/825/349 2868/826/349
f 2869/820/349 2870/826/349 2871/827/349
f 2872/815/349 2873/828/349 2874/829/349
f 2875/815/349 2876/829/349 2877/830/349
f 2878/815/349 2879/830/349 2880/816/349
f 2881/831/323 2882/832/335 2883/833/334
f 2884/833/334 2885/834/334 2886/831/323
f 2887/834/334 2888/833/334 2889/835/336
f 2890/835/336 2891/836/336 2892/834/334
f 2893/836/336 2894/835/336 2895/837/337
f 2896/837/337 2897/838/337 2898/836/336
f 2899/839/626 2900/840/339 2901/841/320
f 2902/841/320 2903/842/320 2904/839/626
f 2905/842/320 2906/841/320 2907/843/627
f 2908/843/627 2909/844/628 2910/842/320
f 2911/844/628 2912/843/627 2913/845/629
f 2914/845/629 2915/846/630 2916/844/628
f 2917/846/630 2918/845/629 2919/847/631
f 2920/847/631 2921/848/344 2922/846/630
f 2923/848/344 2924/847/631 2925/849/327
f 2926/849/327 2927/850/327 2928/848/344
f 2929/850/327 2930/849/327 2931/851/346
f 2932/851/346 2933/852/346 2934/850/327
f 2935/853/347 2936/854/347 2937/855/348
f 2938/855/348 2939/856/348 2940/853/347
f 2941/856/348 2942/855/348 2943/857/332
f 2944/857/332 2945/858/332 2946/856/348
f 2947/858/332 2948/857/332 2949/832/335
f 2950/832/335 2951/831/323 2952/858/332
f 2953/859/333 2954/860/333 2955/861/333
f 2956/861/333 2957/860/333 2958/862/333
f 2959/862/333 2960/860/333 2961/863/333
f 2962/864/333 2963/865/333 2964/866/333
f 2965/866/333 2966/865/333 2967/867/333
f 2968/867/333 2969/865/333 2970/868/333
f 2971/868/333 2972/865/333 2973/869/333
f 2974/869/333 2975/865/333 2976/870/333
f 2977/870/333 2978/865/333 2979/871/333
f 2980/872/333 2981/860/333 2982/873/333
f 2983/873/333 2984/860/333 2985/874/333
f 2986/874/333 2987/860/333 2988/859/333
f 2989/820/349 2990/815/349 2991/819/349
f 2992/819/349 2993/821/349 2994/820/349
f 2995/839/626 2996/838/337 2997/837/337
f 2998/837/337 2999/840/339 3000/839/626
f 3001/864/333 3002/863/333 3003/860/333
f 3004/860/333 3005/865/333 3006/864/333
f 3007/865/333 3008/860/333 3009/872/333
f 3010/872/333 3011/871/333 3012/865/333
f 3013/851/346 3014/875/347 3015/876/347
f 3016/876/347 3017/852/346 3018/851/346
f 3019/827/349 3020/828/349 3021/815/349
f 3022/815/349 3023/820/349 3024/827/349
