# MuJoCo material-split OBJ
v -0.178592 0.528991 0.739651
v -0.203349 0.539955 0.739651
v -0.364089 0.381834 0.739651
v -0.211925 0.965847 0.738116
v -0.211925 0.567236 0.731986
v -0.211925 0.965847 0.731986
v 0.219060 0.991621 0.731986
v 0.229045 0.965847 0.738116
v 0.219060 0.991621 0.738116
v -0.201941 0.991621 0.738116
v 0.194955 1.002297 0.731986
v -0.177836 1.002297 0.738116
v -0.177836 1.002297 0.731986
v -0.364089 1.145183 0.699274
v -0.364089 0.381834 0.699274
v 0.354940 1.145183 0.739651
v -0.364089 1.145183 0.739651
v 0.229045 0.567236 0.731986
v 0.229045 0.567236 0.738116
v 0.354940 0.377787 0.260916
v 0.354940 0.377787 0.055246
v 0.354940 0.385593 0.055246
v 0.244335 -1.128530 0.739651
v -0.215495 -1.125039 0.741587
v -0.218214 -1.128530 0.739651
v -0.364089 0.000001 0.055246
v -0.364089 -0.381833 0.699274
v -0.364089 0.000001 0.699274
v -0.364089 0.381834 0.055246
v 0.375742 1.145183 0.737031
v 0.375742 1.145183 0.701894
v -0.364089 -0.381833 -0.000001
v -0.364089 -1.145181 0.055246
v -0.364089 -0.381833 0.055246
v 0.354940 1.145183 -0.000001
v 0.354940 0.759477 0.055246
v 0.354940 -0.378196 0.690831
v 0.354940 -1.145181 0.699274
v 0.354940 -0.385928 0.690831
v 0.375742 -1.145181 0.737031
v 0.354940 -1.145181 0.739651
v -0.364089 -1.145181 0.699274
v 0.354940 -1.145181 -0.000001
v 0.354940 -1.145181 0.055246
v -0.364089 -0.381833 0.739651
v -0.364089 -1.145181 0.739651
v -0.218214 -0.399364 0.739651
v 0.354940 -0.381833 0.739651
v 0.244335 -0.399364 0.739651
v 0.241616 -0.402855 0.741587
v 0.373885 -1.145181 0.739651
v 0.373885 1.145183 0.739651
v -0.206851 -0.416257 0.741587
v -0.215495 -0.495419 0.741587
v -0.206851 -0.482017 0.741587
v 0.232971 -0.416257 0.741587
v 0.241616 -0.495419 0.741587
v 0.232971 -0.482017 0.741587
v -0.202348 -0.478318 0.744845
v -0.215495 -0.402855 0.741587
v 0.228468 -0.478318 0.744845
v -0.202348 -0.419956 0.744845
v 0.228468 -0.419956 0.744845
v 0.375742 -1.145181 0.701894
v 0.354940 0.000001 0.739651
v -0.205104 -0.507406 0.741587
v -0.205104 -1.113052 0.741587
v 0.241616 -1.125039 0.741587
v 0.231225 -1.113052 0.741587
v 0.231225 -0.507406 0.741587
v 0.026093 -0.610520 0.748418
v 0.028641 -0.686123 0.746942
v 0.028641 -0.610520 0.746942
v 0.036246 -0.698249 0.748418
v 0.038525 -0.695848 0.746942
v 0.125534 -0.698249 0.748418
v 0.206718 -0.695848 0.746942
v 0.125534 -0.695848 0.746942
v 0.209003 -0.698249 0.748418
v 0.216154 -0.686123 0.746942
v 0.218696 -0.604179 0.748418
v 0.216154 -0.528577 0.746942
v 0.216154 -0.604179 0.746942
v 0.209003 -0.516564 0.748418
v 0.206718 -0.518964 0.746942
v 0.119715 -0.516564 0.748418
v 0.038525 -0.518964 0.746942
v 0.119715 -0.518964 0.746942
v 0.036246 -0.516564 0.748418
v 0.028641 -0.528577 0.746942
v 0.038525 -0.897153 0.741530
v 0.119715 -0.897153 0.746942
v 0.119715 -0.897153 0.741530
v 0.221238 -0.811826 0.747126
v 0.221238 -0.891703 0.741346
v 0.221238 -0.811826 0.741346
v 0.119715 -0.901956 0.747126
v 0.033966 -0.901956 0.741346
v 0.119715 -0.901956 0.741346
v 0.023545 -0.805484 0.747126
v 0.023545 -0.725605 0.741346
v 0.023545 -0.805484 0.741346
v 0.216154 -0.887428 0.741530
v 0.216154 -0.811826 0.746942
v 0.216154 -0.811826 0.741530
v 0.028641 -0.729883 0.741530
v 0.028641 -0.805484 0.746942
v 0.028641 -0.805484 0.741530
v 0.221238 -0.725605 0.741346
v 0.211289 -0.715469 0.747126
v 0.221238 -0.725605 0.747126
v 0.033966 -0.715469 0.741346
v 0.023545 -0.725605 0.747126
v 0.033966 -0.715469 0.747126
v 0.025597 -1.014466 0.748418
v 0.028145 -1.090069 0.746942
v 0.028145 -1.014466 0.746942
v 0.035750 -1.102195 0.748418
v 0.038029 -1.099794 0.746942
v 0.125038 -1.102195 0.748418
v 0.206221 -1.099794 0.746942
v 0.125038 -1.099794 0.746942
v 0.208507 -1.102195 0.748418
v 0.215658 -1.090069 0.746942
v 0.218199 -1.008125 0.748418
v 0.215658 -0.932524 0.746942
v 0.215658 -1.008125 0.746942
v 0.208507 -0.920510 0.748418
v 0.206221 -0.922910 0.746942
v 0.119219 -0.920510 0.748418
v 0.038029 -0.922910 0.746942
v 0.119219 -0.922910 0.746942
v 0.035750 -0.920510 0.748418
v 0.028145 -0.932524 0.746942
v 0.033966 -0.514164 0.747126
v 0.026093 -0.526438 0.748418
v 0.119715 -0.514164 0.747126
v 0.218696 -0.526438 0.748418
v 0.211289 -0.514164 0.747126
v 0.221238 -0.604179 0.747126
v 0.211289 -0.700650 0.747126
v 0.218696 -0.688260 0.748418
v 0.125534 -0.700650 0.747126
v 0.026093 -0.688260 0.748418
v 0.033966 -0.700650 0.747126
v 0.023545 -0.610520 0.747126
v 0.206718 -0.518964 0.741530
v 0.125534 -0.518964 0.746942
v 0.125534 -0.518964 0.741530
v 0.206718 -0.695848 0.741530
v 0.216154 -0.686123 0.741530
v 0.028641 -0.686123 0.741530
v 0.038525 -0.518964 0.741530
v 0.216154 -0.528577 0.741530
v 0.125534 -0.514164 0.747126
v 0.211289 -0.514164 0.741346
v 0.125534 -0.514164 0.741346
v 0.221238 -0.690398 0.747126
v 0.211289 -0.700650 0.741346
v 0.221238 -0.690398 0.741346
v 0.023545 -0.690398 0.741346
v 0.023545 -0.690398 0.747126
v 0.033966 -0.514164 0.741346
v 0.023545 -0.524300 0.747126
v 0.221238 -0.524300 0.741346
v 0.221238 -0.524300 0.747126
v 0.028641 -0.528577 0.741530
v 0.028641 -0.604179 0.746942
v 0.028641 -0.604179 0.741530
v 0.216154 -0.610520 0.746942
v 0.216154 -0.610520 0.741530
v 0.023545 -0.604179 0.747126
v 0.023545 -0.524300 0.741346
v 0.023545 -0.604179 0.741346
v 0.119715 -0.700650 0.747126
v 0.033966 -0.700650 0.741346
v 0.119715 -0.700650 0.741346
v 0.221238 -0.610520 0.747126
v 0.221238 -0.610520 0.741346
v 0.038525 -0.695848 0.741530
v 0.119715 -0.695848 0.746942
v 0.119715 -0.695848 0.741530
v 0.023545 -0.891703 0.741346
v 0.033966 -0.901956 0.747126
v 0.023545 -0.891703 0.747126
v 0.221238 -0.891703 0.747126
v 0.211289 -0.901956 0.741346
v 0.125534 -0.715469 0.747126
v 0.211289 -0.715469 0.741346
v 0.125534 -0.715469 0.741346
v 0.206718 -0.720269 0.746942
v 0.216154 -0.729883 0.741530
v 0.216154 -0.729883 0.746942
v 0.028641 -0.729883 0.746942
v 0.038525 -0.720269 0.741530
v 0.038525 -0.720269 0.746942
v 0.038525 -0.897153 0.746942
v 0.028641 -0.887428 0.741530
v 0.028641 -0.887428 0.746942
v 0.206718 -0.897153 0.741530
v 0.216154 -0.887428 0.746942
v 0.206718 -0.720269 0.741530
v 0.125534 -0.720269 0.746942
v 0.125534 -0.720269 0.741530
v 0.023545 -0.811826 0.747126
v 0.026093 -0.889566 0.748418
v 0.026093 -0.811826 0.748418
v 0.036246 -0.899554 0.748418
v 0.125534 -0.901956 0.747126
v 0.209003 -0.899554 0.748418
v 0.125534 -0.899554 0.748418
v 0.211289 -0.901956 0.747126
v 0.218696 -0.889566 0.748418
v 0.221238 -0.805484 0.747126
v 0.218696 -0.727744 0.748418
v 0.218696 -0.805484 0.748418
v 0.209003 -0.717869 0.748418
v 0.119715 -0.715469 0.747126
v 0.036246 -0.717869 0.748418
v 0.119715 -0.717869 0.748418
v 0.026093 -0.727744 0.748418
v 0.119715 -0.720269 0.746942
v 0.033470 -0.918110 0.747126
v 0.025597 -0.930385 0.748418
v 0.119219 -0.918110 0.747126
v 0.218199 -0.930385 0.748418
v 0.210793 -0.918110 0.747126
v 0.220741 -1.008125 0.747126
v 0.210793 -1.104596 0.747126
v 0.218199 -1.092207 0.748418
v -0.185407 -0.813215 0.748418
v -0.182859 -0.888818 0.746942
v -0.182859 -0.813215 0.746942
v -0.175254 -0.900944 0.748418
v -0.172974 -0.898543 0.746942
v -0.085966 -0.900944 0.748418
v -0.004782 -0.898543 0.746942
v -0.085966 -0.898543 0.746942
v -0.002496 -0.900944 0.748418
v 0.004654 -0.888818 0.746942
v 0.007196 -0.806874 0.748418
v 0.004654 -0.731273 0.746942
v 0.004654 -0.806874 0.746942
v -0.172186 -1.099645 0.741530
v -0.090996 -1.099645 0.746942
v -0.090996 -1.099645 0.741530
v 0.010526 -1.014317 0.747126
v 0.010526 -1.094195 0.741346
v 0.010526 -1.014317 0.741346
v -0.090996 -1.104447 0.747126
v -0.176745 -1.104447 0.741346
v -0.090996 -1.104447 0.741346
v -0.187166 -1.007976 0.747126
v -0.187166 -0.928097 0.741346
v -0.187166 -1.007976 0.741346
v 0.005442 -1.089920 0.741530
v 0.005442 -1.014317 0.746942
v 0.005442 -1.014317 0.741530
v -0.182071 -0.932375 0.741530
v -0.182071 -1.007976 0.746942
v -0.182071 -1.007976 0.741530
v 0.010526 -0.928097 0.741346
v 0.000577 -0.917961 0.747126
v 0.010526 -0.928097 0.747126
v -0.176745 -0.917961 0.741346
v -0.187166 -0.928097 0.747126
v -0.176745 -0.917961 0.747126
v -0.187166 -1.094195 0.741346
v -0.176745 -1.104447 0.747126
v -0.187166 -1.094195 0.747126
v 0.010526 -1.094195 0.747126
v 0.000577 -1.104447 0.741346
v -0.085177 -0.917961 0.747126
v 0.000577 -0.917961 0.741346
v -0.085177 -0.917961 0.741346
v -0.003994 -0.922761 0.746942
v 0.005442 -0.932375 0.741530
v 0.005442 -0.932375 0.746942
v -0.182071 -0.932375 0.746942
v -0.172186 -0.922761 0.741530
v -0.172186 -0.922761 0.746942
v -0.172186 -1.099645 0.746942
v -0.182071 -1.089920 0.741530
v -0.182071 -1.089920 0.746942
v -0.003994 -1.099645 0.741530
v 0.005442 -1.089920 0.746942
v -0.003994 -0.922761 0.741530
v -0.085177 -0.922761 0.746942
v -0.085177 -0.922761 0.741530
v -0.187166 -1.014317 0.747126
v -0.184618 -1.092058 0.748418
v -0.184618 -1.014317 0.748418
v -0.174466 -1.102046 0.748418
v -0.085177 -1.104447 0.747126
v -0.001708 -1.102046 0.748418
v -0.085177 -1.102046 0.748418
v 0.000577 -1.104447 0.747126
v 0.007984 -1.092058 0.748418
v 0.010526 -1.007976 0.747126
v 0.007984 -0.930236 0.748418
v 0.007984 -1.007976 0.748418
v -0.001708 -0.920361 0.748418
v -0.090996 -0.917961 0.747126
v -0.174466 -0.920361 0.748418
v -0.090996 -0.920361 0.748418
v -0.184618 -0.930236 0.748418
v -0.002496 -0.719259 0.748418
v -0.004782 -0.721659 0.746942
v -0.091785 -0.719259 0.748418
v -0.172974 -0.721659 0.746942
v -0.091785 -0.721659 0.746942
v -0.175254 -0.719259 0.748418
v -0.182859 -0.731273 0.746942
v -0.177533 -0.716859 0.747126
v -0.185407 -0.729134 0.748418
v -0.091785 -0.716859 0.747126
v 0.007196 -0.729134 0.748418
v -0.000211 -0.716859 0.747126
v 0.009738 -0.806874 0.747126
v -0.000211 -0.903345 0.747126
v 0.007196 -0.890956 0.748418
v -0.085966 -0.903345 0.747126
v -0.185407 -0.890956 0.748418
v -0.177533 -0.903345 0.747126
v -0.187954 -0.813215 0.747126
v -0.004782 -0.721659 0.741530
v -0.085966 -0.721659 0.746942
v -0.085966 -0.721659 0.741530
v -0.004782 -0.898543 0.741530
v 0.004654 -0.888818 0.741530
v -0.182859 -0.888818 0.741530
v -0.172974 -0.721659 0.741530
v 0.004654 -0.731273 0.741530
v -0.085966 -0.716859 0.747126
v -0.000211 -0.716859 0.741346
v -0.085966 -0.716859 0.741346
v 0.009738 -0.893093 0.747126
v -0.000211 -0.903345 0.741346
v 0.009738 -0.893093 0.741346
v -0.187954 -0.893093 0.741346
v -0.187954 -0.893093 0.747126
v -0.172379 -0.695947 0.741530
v -0.091189 -0.695947 0.746942
v -0.091189 -0.695947 0.741530
v 0.010333 -0.610620 0.747126
v 0.010333 -0.690497 0.741346
v 0.010333 -0.610620 0.741346
v -0.091189 -0.700749 0.747126
v -0.176938 -0.700749 0.741346
v -0.091189 -0.700749 0.741346
v -0.187359 -0.604278 0.747126
v -0.187359 -0.524399 0.741346
v -0.187359 -0.604278 0.741346
v 0.005250 -0.686222 0.741530
v 0.005250 -0.610620 0.746942
v 0.005250 -0.610620 0.741530
v -0.182263 -0.528677 0.741530
v -0.182263 -0.604278 0.746942
v -0.182263 -0.604278 0.741530
v 0.010333 -0.524399 0.741346
v 0.000385 -0.514263 0.747126
v 0.010333 -0.524399 0.747126
v -0.176938 -0.514263 0.741346
v -0.187359 -0.524399 0.747126
v -0.176938 -0.514263 0.747126
v -0.187359 -0.690497 0.741346
v -0.176938 -0.700749 0.747126
v -0.187359 -0.690497 0.747126
v 0.010333 -0.690497 0.747126
v 0.000385 -0.700749 0.741346
v -0.085370 -0.514263 0.747126
v 0.000385 -0.514263 0.741346
v -0.085370 -0.514263 0.741346
v -0.004186 -0.519063 0.746942
v 0.005250 -0.528677 0.741530
v 0.005250 -0.528677 0.746942
v -0.182263 -0.528677 0.746942
v -0.172379 -0.519063 0.741530
v -0.172379 -0.519063 0.746942
v -0.172379 -0.695947 0.746942
v -0.182263 -0.686222 0.741530
v -0.182263 -0.686222 0.746942
v -0.004186 -0.695947 0.741530
v 0.005250 -0.686222 0.746942
v -0.004186 -0.519063 0.741530
v -0.085370 -0.519063 0.746942
v -0.085370 -0.519063 0.741530
v -0.187359 -0.610620 0.747126
v -0.184811 -0.688360 0.748418
v -0.184811 -0.610620 0.748418
v -0.174658 -0.698348 0.748418
v -0.085370 -0.700749 0.747126
v -0.001901 -0.698348 0.748418
v -0.085370 -0.698348 0.748418
v 0.000385 -0.700749 0.747126
v 0.007792 -0.688360 0.748418
v 0.010333 -0.604278 0.747126
v 0.007792 -0.526538 0.748418
v 0.007792 -0.604278 0.748418
v -0.001901 -0.516663 0.748418
v -0.091189 -0.514263 0.747126
v -0.174658 -0.516663 0.748418
v -0.091189 -0.516663 0.748418
v -0.184811 -0.526538 0.748418
v -0.090996 -0.922761 0.746942
v 0.005442 -1.007976 0.746942
v -0.003994 -1.099645 0.746942
v -0.085177 -1.099645 0.746942
v -0.182071 -1.014317 0.746942
v -0.177533 -0.716859 0.741346
v -0.187954 -0.726995 0.747126
v 0.009738 -0.726995 0.741346
v 0.009738 -0.726995 0.747126
v -0.182859 -0.731273 0.741530
v -0.182859 -0.806874 0.746942
v -0.182859 -0.806874 0.741530
v 0.004654 -0.813215 0.746942
v 0.004654 -0.813215 0.741530
v -0.187954 -0.806874 0.747126
v -0.187954 -0.726995 0.741346
v -0.187954 -0.806874 0.741346
v -0.091785 -0.903345 0.747126
v -0.177533 -0.903345 0.741346
v -0.091785 -0.903345 0.741346
v 0.009738 -0.813215 0.747126
v 0.009738 -0.813215 0.741346
v -0.172974 -0.898543 0.741530
v -0.091785 -0.898543 0.746942
v -0.091785 -0.898543 0.741530
v -0.091189 -0.519063 0.746942
v 0.005250 -0.604278 0.746942
v -0.004186 -0.695947 0.746942
v -0.085370 -0.695947 0.746942
v -0.182263 -0.610620 0.746942
v 0.125038 -1.104596 0.747126
v 0.025597 -1.092207 0.748418
v 0.033470 -1.104596 0.747126
v 0.023049 -1.014466 0.747126
v 0.206221 -0.922910 0.741530
v 0.125038 -0.922910 0.746942
v 0.125038 -0.922910 0.741530
v 0.206221 -1.099794 0.741530
v 0.215658 -1.090069 0.741530
v 0.028145 -1.090069 0.741530
v 0.038029 -0.922910 0.741530
v 0.215658 -0.932524 0.741530
v 0.125038 -0.918110 0.747126
v 0.210793 -0.918110 0.741346
v 0.125038 -0.918110 0.741346
v 0.220741 -1.094344 0.747126
v 0.210793 -1.104596 0.741346
v 0.220741 -1.094344 0.741346
v 0.023049 -1.094344 0.741346
v 0.023049 -1.094344 0.747126
v 0.033470 -0.918110 0.741346
v 0.023049 -0.928246 0.747126
v 0.220741 -0.928246 0.741346
v 0.220741 -0.928246 0.747126
v 0.028145 -0.932524 0.741530
v 0.028145 -1.008125 0.746942
v 0.028145 -1.008125 0.741530
v 0.215658 -1.014466 0.746942
v 0.215658 -1.014466 0.741530
v 0.023049 -1.008125 0.747126
v 0.023049 -0.928246 0.741346
v 0.023049 -1.008125 0.741346
v 0.119219 -1.104596 0.747126
v 0.033470 -1.104596 0.741346
v 0.119219 -1.104596 0.741346
v 0.220741 -1.014466 0.747126
v 0.220741 -1.014466 0.741346
v 0.038029 -1.099794 0.741530
v 0.119219 -1.099794 0.746942
v 0.119219 -1.099794 0.741530
v 0.216154 -0.805484 0.746942
v 0.206718 -0.897153 0.746942
v 0.125534 -0.897153 0.746942
v 0.028641 -0.811826 0.746942
v 0.007984 -1.014317 0.748418
v 0.005442 -1.007976 0.741530
v 0.010526 -1.007976 0.741346
v -0.184618 -1.007976 0.748418
v -0.182071 -1.014317 0.741530
v -0.187166 -1.014317 0.741346
v -0.090996 -1.102046 0.748418
v -0.085177 -1.104447 0.741346
v -0.085177 -1.099645 0.741530
v -0.085177 -0.920361 0.748418
v -0.090996 -0.922761 0.741530
v -0.090996 -0.917961 0.741346
v 0.010526 -1.007976 0.754639
v -0.182071 -1.014317 0.754639
v -0.184618 -1.014317 0.754639
v 0.005442 -1.007976 0.754639
v -0.187166 -1.007976 0.754639
v -0.090996 -1.104447 0.754639
v -0.184618 -1.007976 0.754639
v -0.090996 -1.099645 0.754639
v -0.090996 -0.922761 0.754639
v -0.187166 -1.014317 0.754639
v -0.085177 -1.099645 0.754639
v -0.085177 -1.102046 0.754639
v -0.090996 -1.102046 0.754639
v -0.085177 -0.922761 0.754639
v 0.010526 -1.014317 0.754639
v -0.085177 -1.104447 0.754639
v 0.005442 -1.014317 0.754639
v -0.090996 -0.920361 0.754639
v -0.085177 -0.917961 0.754639
v 0.007984 -1.007976 0.754639
v -0.085177 -0.920361 0.754639
v 0.007984 -1.014317 0.754639
v -0.090996 -0.917961 0.754639
v -0.182071 -1.007976 0.754639
v 0.007984 -1.007976 0.757999
v -0.085177 -0.917961 0.757999
v -0.187166 -1.014317 0.757999
v 0.007984 -1.014317 0.757999
v -0.109108 -1.009390 0.753627
v -0.109108 -1.009390 0.751719
v -0.090996 -1.104447 0.757999
v 0.010526 -1.007976 0.757999
v -0.085177 -0.922761 0.757999
v -0.109108 -1.012991 0.753627
v -0.182071 -1.014317 0.757999
v -0.187166 -1.007976 0.757999
v -0.090996 -0.920361 0.757999
v -0.090996 -1.099645 0.757999
v -0.086611 -1.030818 0.753627
v -0.089916 -1.030818 0.753627
v -0.085177 -0.920361 0.757999
v 0.010526 -1.014317 0.757999
v -0.085177 -1.102046 0.757999
v -0.182071 -1.007976 0.757999
v -0.090996 -0.917961 0.757999
v -0.067520 -1.009390 0.751719
v -0.090996 -1.102046 0.757999
v -0.184618 -1.014317 0.757999
v 0.005442 -1.014317 0.757999
v -0.085177 -1.104447 0.757999
v -0.184618 -1.007976 0.757999
v 0.005442 -1.007976 0.757999
v -0.085177 -1.099645 0.757999
v -0.090996 -0.922761 0.757999
v -0.086611 -0.991587 0.751719
v -0.089916 -0.991587 0.753627
v -0.089916 -0.991587 0.751719
v -0.089916 -1.030818 0.751719
v -0.086611 -1.030818 0.751719
v -0.109108 -1.012991 0.751719
v -0.067520 -1.012991 0.751719
v -0.067520 -1.009390 0.753627
v -0.067520 -1.012991 0.753627
v -0.086611 -0.991587 0.753627
v 0.007196 -0.813215 0.748418
v 0.004654 -0.806874 0.741530
v 0.009738 -0.806874 0.741346
v -0.185407 -0.806874 0.748418
v -0.182859 -0.813215 0.741530
v -0.187954 -0.813215 0.741346
v -0.091785 -0.900944 0.748418
v -0.085966 -0.903345 0.741346
v -0.085966 -0.898543 0.741530
v -0.085966 -0.719259 0.748418
v -0.091785 -0.721659 0.741530
v -0.091785 -0.716859 0.741346
v 0.009738 -0.806874 0.754639
v -0.182859 -0.813215 0.754639
v -0.185407 -0.813215 0.754639
v 0.004654 -0.806874 0.754639
v -0.187954 -0.806874 0.754639
v -0.091785 -0.903345 0.754639
v -0.185407 -0.806874 0.754639
v -0.091785 -0.898543 0.754639
v -0.091785 -0.721659 0.754639
v -0.187954 -0.813215 0.754639
v -0.085966 -0.898543 0.754639
v -0.085966 -0.900944 0.754639
v -0.091785 -0.900944 0.754639
v -0.085966 -0.721659 0.754639
v 0.009738 -0.813215 0.754639
v -0.085966 -0.903345 0.754639
v 0.004654 -0.813215 0.754639
v -0.091785 -0.719259 0.754639
v -0.085966 -0.716859 0.754639
v 0.007196 -0.806874 0.754639
v -0.085966 -0.719259 0.754639
v 0.007196 -0.813215 0.754639
v -0.091785 -0.716859 0.754639
v -0.182859 -0.806874 0.754639
v 0.007196 -0.806874 0.757999
v -0.085966 -0.716859 0.757999
v -0.187954 -0.813215 0.757999
v 0.007196 -0.813215 0.757999
v -0.109896 -0.808288 0.753627
v -0.109896 -0.808288 0.751719
v -0.091785 -0.903345 0.757999
v 0.009738 -0.806874 0.757999
v -0.085966 -0.721659 0.757999
v -0.109896 -0.811889 0.753627
v -0.182859 -0.813215 0.757999
v -0.187954 -0.806874 0.757999
v -0.091785 -0.719259 0.757999
v -0.091785 -0.898543 0.757999
v -0.087400 -0.829716 0.753627
v -0.090704 -0.829716 0.753627
v -0.085966 -0.719259 0.757999
v 0.009738 -0.813215 0.757999
v -0.085966 -0.900944 0.757999
v -0.182859 -0.806874 0.757999
v -0.091785 -0.716859 0.757999
v -0.068308 -0.808288 0.751719
v -0.091785 -0.900944 0.757999
v -0.185407 -0.813215 0.757999
v 0.004654 -0.813215 0.757999
v -0.085966 -0.903345 0.757999
v -0.185407 -0.806874 0.757999
v 0.004654 -0.806874 0.757999
v -0.085966 -0.898543 0.757999
v -0.091785 -0.721659 0.757999
v -0.087400 -0.790485 0.751719
v -0.090704 -0.790485 0.753627
v -0.090704 -0.790485 0.751719
v -0.090704 -0.829716 0.751719
v -0.087400 -0.829716 0.751719
v -0.109896 -0.811889 0.751719
v -0.068308 -0.811889 0.751719
v -0.068308 -0.808288 0.753627
v -0.068308 -0.811889 0.753627
v -0.087400 -0.790485 0.753627
v 0.007792 -0.610620 0.748418
v 0.005250 -0.604278 0.741530
v 0.010333 -0.604278 0.741346
v -0.184811 -0.604278 0.748418
v -0.182263 -0.610620 0.741530
v -0.187359 -0.610620 0.741346
v -0.091189 -0.698348 0.748418
v -0.085370 -0.700749 0.741346
v -0.085370 -0.695947 0.741530
v -0.085370 -0.516663 0.748418
v -0.091189 -0.519063 0.741530
v -0.091189 -0.514263 0.741346
v 0.010333 -0.604278 0.754639
v -0.182263 -0.610620 0.754639
v -0.184811 -0.610620 0.754639
v 0.005250 -0.604278 0.754639
v -0.187359 -0.604278 0.754639
v -0.091189 -0.700749 0.754639
v -0.184811 -0.604278 0.754639
v -0.091189 -0.695947 0.754639
v -0.091189 -0.519063 0.754639
v -0.187359 -0.610620 0.754639
v -0.085370 -0.695947 0.754639
v -0.085370 -0.698348 0.754639
v -0.091189 -0.698348 0.754639
v -0.085370 -0.519063 0.754639
v 0.010333 -0.610620 0.754639
v -0.085370 -0.700749 0.754639
v 0.005250 -0.610620 0.754639
v -0.091189 -0.516663 0.754639
v -0.085370 -0.514263 0.754639
v 0.007792 -0.604278 0.754639
v -0.085370 -0.516663 0.754639
v 0.007792 -0.610620 0.754639
v -0.091189 -0.514263 0.754639
v -0.182263 -0.604278 0.754639
v 0.007792 -0.604278 0.757999
v -0.085370 -0.514263 0.757999
v -0.187359 -0.610620 0.757999
v 0.007792 -0.610620 0.757999
v -0.109301 -0.605692 0.753627
v -0.109301 -0.605692 0.751719
v -0.091189 -0.700749 0.757999
v 0.010333 -0.604278 0.757999
v -0.085370 -0.519063 0.757999
v -0.109301 -0.609293 0.753627
v -0.182263 -0.610620 0.757999
v -0.187359 -0.604278 0.757999
v -0.091189 -0.516663 0.757999
v -0.091189 -0.695947 0.757999
v -0.086804 -0.627120 0.753627
v -0.090108 -0.627120 0.753627
v -0.085370 -0.516663 0.757999
v 0.010333 -0.610620 0.757999
v -0.085370 -0.698348 0.757999
v -0.182263 -0.604278 0.757999
v -0.091189 -0.514263 0.757999
v -0.067712 -0.605692 0.751719
v -0.091189 -0.698348 0.757999
v -0.184811 -0.610620 0.757999
v 0.005250 -0.610620 0.757999
v -0.085370 -0.700749 0.757999
v -0.184811 -0.604278 0.757999
v 0.005250 -0.604278 0.757999
v -0.085370 -0.695947 0.757999
v -0.091189 -0.519063 0.757999
v -0.086804 -0.587889 0.751719
v -0.090108 -0.587889 0.753627
v -0.090108 -0.587889 0.751719
v -0.090108 -0.627120 0.751719
v -0.086804 -0.627120 0.751719
v -0.109301 -0.609293 0.751719
v -0.067712 -0.609293 0.751719
v -0.067712 -0.605692 0.753627
v -0.067712 -0.609293 0.753627
v -0.086804 -0.587889 0.753627
v 0.218199 -1.014466 0.748418
v 0.215658 -1.008125 0.741530
v 0.220741 -1.008125 0.741346
v 0.025597 -1.008125 0.748418
v 0.028145 -1.014466 0.741530
v 0.023049 -1.014466 0.741346
v 0.119219 -1.102195 0.748418
v 0.125038 -1.104596 0.741346
v 0.125038 -1.099794 0.741530
v 0.125038 -0.920510 0.748418
v 0.119219 -0.922910 0.741530
v 0.119219 -0.918110 0.741346
v 0.220741 -1.008125 0.754639
v 0.028145 -1.014466 0.754639
v 0.025597 -1.014466 0.754639
v 0.215658 -1.008125 0.754639
v 0.023049 -1.008125 0.754639
v 0.119219 -1.104596 0.754639
v 0.025597 -1.008125 0.754639
v 0.119219 -1.099794 0.754639
v 0.119219 -0.922910 0.754639
v 0.023049 -1.014466 0.754639
v 0.125038 -1.099794 0.754639
v 0.125038 -1.102195 0.754639
v 0.119219 -1.102195 0.754639
v 0.125038 -0.922910 0.754639
v 0.220741 -1.014466 0.754639
v 0.125038 -1.104596 0.754639
v 0.215658 -1.014466 0.754639
v 0.119219 -0.920510 0.754639
v 0.125038 -0.918110 0.754639
v 0.218199 -1.008125 0.754639
v 0.125038 -0.920510 0.754639
v 0.218199 -1.014466 0.754639
v 0.119219 -0.918110 0.754639
v 0.028145 -1.008125 0.754639
v 0.218199 -1.008125 0.757999
v 0.125038 -0.918110 0.757999
v 0.023049 -1.014466 0.757999
v 0.218199 -1.014466 0.757999
v 0.101107 -1.009539 0.753627
v 0.101107 -1.009539 0.751719
v 0.119219 -1.104596 0.757999
v 0.220741 -1.008125 0.757999
v 0.125038 -0.922910 0.757999
v 0.101107 -1.013140 0.753627
v 0.028145 -1.014466 0.757999
v 0.023049 -1.008125 0.757999
v 0.119219 -0.920510 0.757999
v 0.119219 -1.099794 0.757999
v 0.123604 -1.030967 0.753627
v 0.120299 -1.030967 0.753627
v 0.125038 -0.920510 0.757999
v 0.220741 -1.014466 0.757999
v 0.125038 -1.102195 0.757999
v 0.028145 -1.008125 0.757999
v 0.119219 -0.918110 0.757999
v 0.142695 -1.009539 0.751719
v 0.119219 -1.102195 0.757999
v 0.025597 -1.014466 0.757999
v 0.215658 -1.014466 0.757999
v 0.125038 -1.104596 0.757999
v 0.025597 -1.008125 0.757999
v 0.215658 -1.008125 0.757999
v 0.125038 -1.099794 0.757999
v 0.119219 -0.922910 0.757999
v 0.123604 -0.991736 0.751719
v 0.120299 -0.991736 0.753627
v 0.120299 -0.991736 0.751719
v 0.120299 -1.030967 0.751719
v 0.123604 -1.030967 0.751719
v 0.101107 -1.013140 0.751719
v 0.142695 -1.013140 0.751719
v 0.142695 -1.009539 0.753627
v 0.142695 -1.013140 0.753627
v 0.123604 -0.991736 0.753627
v 0.218696 -0.811826 0.748418
v 0.216154 -0.805484 0.741530
v 0.221238 -0.805484 0.741346
v 0.026093 -0.805484 0.748418
v 0.028641 -0.811826 0.741530
v 0.023545 -0.811826 0.741346
v 0.119715 -0.899554 0.748418
v 0.125534 -0.901956 0.741346
v 0.125534 -0.897153 0.741530
v 0.125534 -0.717869 0.748418
v 0.119715 -0.720269 0.741530
v 0.119715 -0.715469 0.741346
v 0.221238 -0.805484 0.754639
v 0.028641 -0.811826 0.754639
v 0.026093 -0.811826 0.754639
v 0.216154 -0.805484 0.754639
v 0.023545 -0.805484 0.754639
v 0.119715 -0.901956 0.754639
v 0.026093 -0.805484 0.754639
v 0.119715 -0.897153 0.754639
v 0.119715 -0.720269 0.754639
v 0.023545 -0.811826 0.754639
v 0.125534 -0.897153 0.754639
v 0.125534 -0.899554 0.754639
v 0.119715 -0.899554 0.754639
v 0.125534 -0.720269 0.754639
v 0.221238 -0.811826 0.754639
v 0.125534 -0.901956 0.754639
v 0.216154 -0.811826 0.754639
v 0.119715 -0.717869 0.754639
v 0.125534 -0.715469 0.754639
v 0.218696 -0.805484 0.754639
v 0.125534 -0.717869 0.754639
v 0.218696 -0.811826 0.754639
v 0.119715 -0.715469 0.754639
v 0.028641 -0.805484 0.754639
v 0.218696 -0.805484 0.757999
v 0.125534 -0.715469 0.757999
v 0.023545 -0.811826 0.757999
v 0.218696 -0.811826 0.757999
v 0.101603 -0.806898 0.753627
v 0.101603 -0.806898 0.751719
v 0.119715 -0.901956 0.757999
v 0.221238 -0.805484 0.757999
v 0.125534 -0.720269 0.757999
v 0.101603 -0.810499 0.753627
v 0.028641 -0.811826 0.757999
v 0.023545 -0.805484 0.757999
v 0.119715 -0.717869 0.757999
v 0.119715 -0.897153 0.757999
v 0.124100 -0.828326 0.753627
v 0.120796 -0.828326 0.753627
v 0.125534 -0.717869 0.757999
v 0.221238 -0.811826 0.757999
v 0.125534 -0.899554 0.757999
v 0.028641 -0.805484 0.757999
v 0.119715 -0.715469 0.757999
v 0.143192 -0.806898 0.751719
v 0.119715 -0.899554 0.757999
v 0.026093 -0.811826 0.757999
v 0.216154 -0.811826 0.757999
v 0.125534 -0.901956 0.757999
v 0.026093 -0.805484 0.757999
v 0.216154 -0.805484 0.757999
v 0.125534 -0.897153 0.757999
v 0.119715 -0.720269 0.757999
v 0.124100 -0.789095 0.751719
v 0.120796 -0.789095 0.753627
v 0.120796 -0.789095 0.751719
v 0.120796 -0.828326 0.751719
v 0.124100 -0.828326 0.751719
v 0.101603 -0.810499 0.751719
v 0.143192 -0.810499 0.751719
v 0.143192 -0.806898 0.753627
v 0.143192 -0.810499 0.753627
v 0.124100 -0.789095 0.753627
v 0.218696 -0.610520 0.748418
v 0.216154 -0.604179 0.741530
v 0.221238 -0.604179 0.741346
v 0.026093 -0.604179 0.748418
v 0.028641 -0.610520 0.741530
v 0.023545 -0.610520 0.741346
v 0.119715 -0.698249 0.748418
v 0.125534 -0.700650 0.741346
v 0.125534 -0.695848 0.741530
v 0.125534 -0.516564 0.748418
v 0.119715 -0.518964 0.741530
v 0.119715 -0.514164 0.741346
v 0.221238 -0.604179 0.754639
v 0.028641 -0.610520 0.754639
v 0.026093 -0.610520 0.754639
v 0.216154 -0.604179 0.754639
v 0.023545 -0.604179 0.754639
v 0.119715 -0.700650 0.754639
v 0.026093 -0.604179 0.754639
v 0.119715 -0.695848 0.754639
v 0.119715 -0.518964 0.754639
v 0.023545 -0.610520 0.754639
v 0.125534 -0.695848 0.754639
v 0.125534 -0.698249 0.754639
v 0.119715 -0.698249 0.754639
v 0.125534 -0.518964 0.754639
v 0.221238 -0.610520 0.754639
v 0.125534 -0.700650 0.754639
v 0.216154 -0.610520 0.754639
v 0.119715 -0.516564 0.754639
v 0.125534 -0.514164 0.754639
v 0.218696 -0.604179 0.754639
v 0.125534 -0.516564 0.754639
v 0.218696 -0.610520 0.754639
v 0.119715 -0.514164 0.754639
v 0.028641 -0.604179 0.754639
v 0.218696 -0.604179 0.757999
v 0.125534 -0.514164 0.757999
v 0.023545 -0.610520 0.757999
v 0.218696 -0.610520 0.757999
v 0.101603 -0.605592 0.753627
v 0.101603 -0.605592 0.751719
v 0.119715 -0.700650 0.757999
v 0.221238 -0.604179 0.757999
v 0.125534 -0.518964 0.757999
v 0.101603 -0.609194 0.753627
v 0.028641 -0.610520 0.757999
v 0.023545 -0.604179 0.757999
v 0.119715 -0.516564 0.757999
v 0.119715 -0.695848 0.757999
v 0.124100 -0.627021 0.753627
v 0.120796 -0.627021 0.753627
v 0.125534 -0.516564 0.757999
v 0.221238 -0.610520 0.757999
v 0.125534 -0.698249 0.757999
v 0.028641 -0.604179 0.757999
v 0.119715 -0.514164 0.757999
v 0.143192 -0.605592 0.751719
v 0.119715 -0.698249 0.757999
v 0.026093 -0.610520 0.757999
v 0.216154 -0.610520 0.757999
v 0.125534 -0.700650 0.757999
v 0.026093 -0.604179 0.757999
v 0.216154 -0.604179 0.757999
v 0.125534 -0.695848 0.757999
v 0.119715 -0.518964 0.757999
v 0.124100 -0.587790 0.751719
v 0.120796 -0.587790 0.753627
v 0.120796 -0.587790 0.751719
v 0.120796 -0.627021 0.751719
v 0.124100 -0.627021 0.751719
v 0.101603 -0.609194 0.751719
v 0.143192 -0.609194 0.751719
v 0.143192 -0.605592 0.753627
v 0.143192 -0.609194 0.753627
v 0.124100 -0.587790 0.753627
v -0.201941 0.991621 0.731986
v 0.194955 0.530785 0.731986
v 0.219060 0.541461 0.738116
v 0.219060 0.541461 0.731986
v 0.196430 1.003999 0.730450
v -0.181128 1.006104 0.730450
v 0.198255 1.006104 0.730450
v -0.177836 0.530785 0.731986
v 0.194955 0.530785 0.738116
v 0.354940 -0.385928 0.055246
v 0.354940 -0.378196 0.260916
v 0.354940 -0.378196 0.273049
v 0.354940 1.145183 0.690831
v -0.364089 1.145183 0.055246
v -0.364089 1.145183 -0.000001
v -0.364089 0.381834 -0.000001
v 0.354940 -0.759490 0.690831
v 0.354940 -0.767239 0.055246
v 0.354940 -0.759490 0.055246
v 0.367432 -1.141055 0.055246
v 0.354940 -1.141055 0.055246
v 0.367432 -0.385928 0.690831
v 0.354940 0.759478 0.690831
v 0.354940 0.767553 0.055246
v 0.354940 0.767553 0.690831
v -0.364089 0.000001 -0.000001
v -0.364089 0.000001 0.739651
v 0.367022 -0.378196 0.055246
v 0.354940 -0.378196 0.055246
v 0.373885 1.145183 0.699274
v 0.354940 1.145183 0.699274
v 0.373885 -1.145181 0.699274
v -0.201941 0.541461 0.738116
v -0.177836 0.530785 0.738116
v 0.220726 0.539520 0.730451
v 0.232947 0.563350 0.730450
v 0.222786 0.537120 0.730450
v 0.198255 0.526255 0.730450
v 0.196430 0.528760 0.730451
v 0.230790 0.565499 0.730451
v 0.232947 0.969009 0.730450
v -0.203603 0.539520 0.730451
v -0.181128 0.526255 0.730450
v -0.205659 0.537120 0.730450
v -0.215820 0.563350 0.730450
v -0.213666 0.565499 0.730451
v -0.203603 0.993239 0.730450
v -0.215820 0.969009 0.730450
v -0.205659 0.995239 0.730450
v -0.179307 1.003999 0.730450
v 0.220726 0.993239 0.730450
v 0.222786 0.995239 0.730450
v 0.354940 0.385593 0.690831
v 0.367432 0.759478 0.690831
v 0.367432 0.767553 0.690831
v 0.367432 1.140464 0.690831
v 0.354940 1.140464 0.690831
v 0.367432 0.385593 0.055246
v 0.354940 -1.145181 0.690831
v 0.354940 1.140464 0.055246
v 0.367432 0.767553 0.055246
v 0.367432 -0.759490 0.055246
v 0.367432 0.385593 0.690831
v 0.354940 0.377787 0.273049
v 0.367022 -0.378196 0.273049
v 0.354940 0.377787 0.472860
v 0.354940 -0.378196 0.485085
v 0.354940 -0.378196 0.472860
v 0.354940 0.377787 0.690831
v 0.367022 0.377787 0.485085
v 0.354940 0.377787 0.485085
v 0.354940 1.145183 0.055246
v 0.354940 -1.141055 0.690831
v 0.367432 1.140464 0.055246
v 0.367432 -0.385928 0.055246
v 0.367432 -0.759490 0.690831
v 0.367432 0.759477 0.055246
v 0.354940 -0.767239 0.690831
v 0.367432 -0.767239 0.055246
v 0.367022 -0.378196 0.690831
v 0.367022 -0.378196 0.485085
v 0.367022 0.377787 0.472860
v 0.367022 -0.378196 0.472860
v 0.367022 0.377787 0.260916
v 0.367022 -0.378196 0.260916
v 0.367022 0.377787 0.055246
v 0.367022 0.377787 0.273049
v 0.367022 0.377787 0.690831
v -0.179307 0.528760 0.730451
v -0.213666 0.967260 0.730450
v 0.230790 0.967260 0.730450
v -0.201941 0.541461 0.731986
v -0.211925 0.567236 0.738116
v -0.179141 1.004043 0.739651
v 0.230885 0.966238 0.739651
v 0.220468 0.993127 0.739651
v 0.195821 1.004043 0.739651
v 0.194955 1.002297 0.738116
v 0.230885 0.566844 0.739651
v 0.220394 0.539764 0.739651
v 0.196070 0.528991 0.739651
v -0.203258 0.993362 0.739651
v -0.213765 0.566844 0.739651
v -0.213765 0.966238 0.739651
v 0.110739 -1.011522 0.748244
v 0.110586 -1.000807 0.741399
v 0.105854 -1.011522 0.741399
v 0.114040 -1.004047 0.748244
v 0.122010 -0.996369 0.741399
v 0.129979 -1.004047 0.748244
v 0.133433 -1.000807 0.741399
v 0.133280 -1.011522 0.748244
v 0.138165 -1.011522 0.741399
v 0.133433 -1.022237 0.741399
v 0.129979 -1.018997 0.748244
v 0.122010 -1.026675 0.741399
v 0.122010 -1.000951 0.748244
v 0.122010 -1.022093 0.748244
v 0.114040 -1.018997 0.748244
v 0.110586 -1.022237 0.741399
v -0.099443 -1.011373 0.748244
v -0.099596 -1.000658 0.741399
v -0.104328 -1.011373 0.741399
v -0.096142 -1.003898 0.748244
v -0.088173 -0.996220 0.741399
v -0.080203 -1.003898 0.748244
v -0.076749 -1.000658 0.741399
v -0.076902 -1.011373 0.748244
v -0.072017 -1.011373 0.741399
v -0.076749 -1.022088 0.741399
v -0.080203 -1.018848 0.748244
v -0.088173 -1.026526 0.741399
v -0.088173 -1.000802 0.748244
v -0.088173 -1.021944 0.748244
v -0.096142 -1.018848 0.748244
v -0.099596 -1.022088 0.741399
v 0.111235 -0.808753 0.748244
v 0.111082 -0.798038 0.741399
v 0.106350 -0.808753 0.741399
v 0.114536 -0.801278 0.748244
v 0.122506 -0.793600 0.741399
v 0.130475 -0.801278 0.748244
v 0.133930 -0.798038 0.741399
v 0.133776 -0.808753 0.748244
v 0.138662 -0.808753 0.741399
v 0.133930 -0.819468 0.741399
v 0.130475 -0.816228 0.748244
v 0.122506 -0.823906 0.741399
v 0.122506 -0.798182 0.748244
v 0.122506 -0.819324 0.748244
v 0.114536 -0.816228 0.748244
v 0.111082 -0.819468 0.741399
v -0.100231 -0.810143 0.748244
v -0.100385 -0.799428 0.741399
v -0.105117 -0.810143 0.741399
v -0.096930 -0.802668 0.748244
v -0.088961 -0.794990 0.741399
v -0.080991 -0.802668 0.748244
v -0.077537 -0.799428 0.741399
v -0.077690 -0.810143 0.748244
v -0.072805 -0.810143 0.741399
v -0.077537 -0.820858 0.741399
v -0.080991 -0.817618 0.748244
v -0.088961 -0.825296 0.741399
v -0.088961 -0.799572 0.748244
v -0.096930 -0.817618 0.748244
v -0.100385 -0.820858 0.741399
v 0.111235 -0.607342 0.748244
v 0.111082 -0.596628 0.741399
v 0.106350 -0.607342 0.741399
v 0.114536 -0.599868 0.748244
v 0.122506 -0.592189 0.741399
v 0.130475 -0.599868 0.748244
v 0.133930 -0.596628 0.741399
v 0.133776 -0.607342 0.748244
v 0.138662 -0.607342 0.741399
v 0.133930 -0.618057 0.741399
v 0.130475 -0.614817 0.748244
v 0.122506 -0.622496 0.741399
v 0.122506 -0.596771 0.748244
v 0.122506 -0.617914 0.748244
v 0.114536 -0.614817 0.748244
v 0.111082 -0.618057 0.741399
v -0.099636 -0.607442 0.748244
v -0.099789 -0.596727 0.741399
v -0.104521 -0.607442 0.741399
v -0.096335 -0.599967 0.748244
v -0.088365 -0.592289 0.741399
v -0.080396 -0.599967 0.748244
v -0.076941 -0.596727 0.741399
v -0.077095 -0.607442 0.748244
v -0.072209 -0.607442 0.741399
v -0.076941 -0.618157 0.741399
v -0.080396 -0.614917 0.748244
v -0.088365 -0.622595 0.741399
v -0.088365 -0.596871 0.748244
v -0.088365 -0.618013 0.748244
v -0.096335 -0.614917 0.748244
v -0.099789 -0.618157 0.741399
v 0.367432 -0.767239 0.690831
v 0.354940 0.381834 0.739651
v 0.229045 0.965847 0.731986
v -0.364089 -1.145181 -0.000001
v -0.088961 -0.820714 0.748244
v 0.367432 -1.141055 0.690831
v -0.092692 0.780486 0.936589
v -0.109122 0.767747 0.976715
v -0.086193 0.767747 0.938696
v -0.199419 0.767747 0.976005
v -0.174996 0.780486 0.988045
v -0.174689 0.767747 0.981411
v -0.232831 0.767747 0.979915
v -0.210009 0.755007 0.993765
v -0.213539 0.767747 0.999685
v -0.216754 0.780486 0.967632
v -0.211396 0.767747 0.963537
v -0.243619 0.780486 0.908692
v -0.249527 0.767747 0.813571
v -0.250441 0.767747 0.908642
v -0.114241 0.755007 0.972297
v -0.105690 0.755007 0.932375
v -0.092692 0.755007 0.936589
v -0.175609 0.755007 1.001312
v -0.202949 0.755007 0.981925
v -0.174996 0.755007 0.988045
v -0.239680 0.755007 0.953488
v -0.243619 0.755007 0.908692
v -0.227472 0.755007 0.975821
v -0.226636 0.755007 0.949424
v -0.216754 0.755007 0.967632
v -0.202949 0.780486 0.981925
v -0.175609 0.780486 1.001312
v -0.124480 0.780486 0.963461
v -0.112189 0.767747 0.930268
v -0.129599 0.767747 0.959044
v -0.210009 0.780486 0.993765
v -0.227472 0.780486 0.975821
v -0.148031 0.767747 0.976198
v -0.144756 0.755007 0.982196
v -0.138206 0.755007 0.994194
v -0.175916 0.767747 1.007946
v -0.134930 0.767747 1.000192
v -0.220113 0.767747 0.947392
v -0.226636 0.780486 0.949424
v -0.105690 0.780486 0.932375
v -0.114241 0.780486 0.972297
v -0.124480 0.755007 0.963461
v -0.239680 0.780486 0.953488
v -0.229973 0.755007 0.908793
v -0.223150 0.767747 0.908843
v -0.229058 0.780486 0.813587
v -0.222236 0.767747 0.813593
v -0.242704 0.780486 0.813577
v -0.229973 0.780486 0.908793
v -0.242704 0.755007 0.813577
v -0.229058 0.755007 0.813587
v -0.138206 0.780486 0.994194
v -0.144756 0.780486 0.982196
v -0.246202 0.767747 0.955521
v -0.249510 0.767747 0.811918
v -0.242687 0.780486 0.811918
v -0.229042 0.780486 0.811918
v -0.229042 0.755007 0.811918
v -0.242687 0.755007 0.811918
v -0.243718 0.782300 0.811918
v -0.253516 0.767747 0.811918
v -0.251513 0.767747 0.811918
v -0.228130 0.753193 0.811918
v -0.218451 0.767747 0.811918
v -0.220335 0.767747 0.811918
v -0.228130 0.782300 0.811918
v -0.227218 0.784114 0.811918
v -0.243718 0.753193 0.811918
v -0.227218 0.751379 0.811918
v -0.244750 0.751379 0.811918
v -0.244750 0.784114 0.811918
v -0.143301 -0.450259 0.751697
v -0.135912 -0.433528 0.749302
v -0.143301 -0.450259 0.749302
v -0.135912 -0.433528 0.751697
v -0.118074 -0.426598 0.749302
v -0.118074 -0.426598 0.751697
v -0.100236 -0.433528 0.749302
v -0.100236 -0.433528 0.751697
v -0.092847 -0.450259 0.749302
v -0.092847 -0.450259 0.751697
v -0.100236 -0.466990 0.749302
v -0.100236 -0.466990 0.751697
v -0.118074 -0.473920 0.749302
v -0.118074 -0.443127 0.759626
v -0.108876 -0.447470 0.762346
v -0.107763 -0.447133 0.759626
v -0.118074 -0.473920 0.751697
v -0.135912 -0.466990 0.749302
v -0.135912 -0.466990 0.751697
v -0.135042 -0.436092 0.751697
v -0.141299 -0.450259 0.751697
v -0.118074 -0.429500 0.751697
v -0.101106 -0.436092 0.751697
v -0.101106 -0.464425 0.751697
v -0.094850 -0.450259 0.751697
v -0.118074 -0.471018 0.751697
v -0.135042 -0.464425 0.751697
v -0.109506 -0.448899 0.762346
v -0.118074 -0.445367 0.762346
v -0.118074 -0.455150 0.762346
v -0.128386 -0.447133 0.759626
v -0.128504 -0.450259 0.762346
v -0.127273 -0.447470 0.762346
v -0.128386 -0.453385 0.759626
v -0.129766 -0.450259 0.759626
v -0.118074 -0.457391 0.759626
v -0.108876 -0.453047 0.762346
v -0.118074 -0.456621 0.762346
v -0.107644 -0.450259 0.762346
v -0.106382 -0.450259 0.759626
v -0.118074 -0.443897 0.762346
v -0.127273 -0.453047 0.762346
v -0.107763 -0.453385 0.759626
v -0.135912 -0.466990 0.746565
v -0.143301 -0.450259 0.744775
v -0.135912 -0.466990 0.744775
v -0.118074 -0.473920 0.746565
v -0.118074 -0.473920 0.744775
v -0.100236 -0.466990 0.746565
v -0.100236 -0.466990 0.744775
v -0.092847 -0.450259 0.746565
v -0.092847 -0.450259 0.744775
v -0.100236 -0.433528 0.746565
v -0.100236 -0.433528 0.744775
v -0.118074 -0.426598 0.746565
v -0.118074 -0.426598 0.744775
v -0.135912 -0.433528 0.746565
v -0.135912 -0.433528 0.744775
v -0.143301 -0.450259 0.746565
v -0.131631 -0.454368 0.751697
v -0.135348 -0.450259 0.751697
v -0.132457 -0.456804 0.751697
v -0.118074 -0.459635 0.751697
v -0.118074 -0.462392 0.751697
v -0.103691 -0.456804 0.751697
v -0.104517 -0.454368 0.751697
v -0.100801 -0.450259 0.751697
v -0.102702 -0.450259 0.751697
v -0.104517 -0.446149 0.751697
v -0.103691 -0.443714 0.751697
v -0.118074 -0.440882 0.751697
v -0.118074 -0.438126 0.751697
v -0.132457 -0.443714 0.751697
v -0.131631 -0.446149 0.751697
v -0.133446 -0.450259 0.751697
v -0.103573 -0.450259 0.753573
v -0.105285 -0.454136 0.753573
v -0.130863 -0.454136 0.753573
v -0.130863 -0.446382 0.753573
v -0.118074 -0.441413 0.753573
v -0.118074 -0.459104 0.753573
v -0.132575 -0.450259 0.753573
v -0.105285 -0.446382 0.753573
v -0.126643 -0.448899 0.762346
v -0.127209 -0.450259 0.762346
v -0.109506 -0.451619 0.762346
v -0.108940 -0.450259 0.762346
v -0.126643 -0.451619 0.762346
v -0.050740 -0.450259 0.751697
v -0.043352 -0.433528 0.749302
v -0.050740 -0.450259 0.749302
v -0.043352 -0.433528 0.751697
v -0.025513 -0.426598 0.749302
v -0.025513 -0.426598 0.751697
v -0.007675 -0.433528 0.749302
v -0.007675 -0.433528 0.751697
v -0.000287 -0.450259 0.749302
v -0.000287 -0.450259 0.751697
v -0.007675 -0.466990 0.749302
v -0.007675 -0.466990 0.751697
v -0.025513 -0.473920 0.749302
v -0.025513 -0.443127 0.759626
v -0.016315 -0.447470 0.762346
v -0.015202 -0.447133 0.759626
v -0.025513 -0.473920 0.751697
v -0.043352 -0.466990 0.749302
v -0.043352 -0.466990 0.751697
v -0.042482 -0.436092 0.751697
v -0.048738 -0.450259 0.751697
v -0.025513 -0.429500 0.751697
v -0.008545 -0.436092 0.751697
v -0.008545 -0.464425 0.751697
v -0.002289 -0.450259 0.751697
v -0.025513 -0.471018 0.751697
v -0.042482 -0.464425 0.751697
v -0.016945 -0.448899 0.762346
v -0.025513 -0.445367 0.762346
v -0.025513 -0.455150 0.762346
v -0.035825 -0.447133 0.759626
v -0.035944 -0.450259 0.762346
v -0.034712 -0.447470 0.762346
v -0.035825 -0.453385 0.759626
v -0.037206 -0.450259 0.759626
v -0.025513 -0.457391 0.759626
v -0.016315 -0.453047 0.762346
v -0.025513 -0.456621 0.762346
v -0.015083 -0.450259 0.762346
v -0.013821 -0.450259 0.759626
v -0.025513 -0.443897 0.762346
v -0.034712 -0.453047 0.762346
v -0.015202 -0.453385 0.759626
v -0.043352 -0.466990 0.746565
v -0.050740 -0.450259 0.744775
v -0.043352 -0.466990 0.744775
v -0.025513 -0.473920 0.746565
v -0.025513 -0.473920 0.744775
v -0.007675 -0.466990 0.746565
v -0.007675 -0.466990 0.744775
v -0.000287 -0.450259 0.746565
v -0.000287 -0.450259 0.744775
v -0.007675 -0.433528 0.746565
v -0.007675 -0.433528 0.744775
v -0.025513 -0.426598 0.746565
v -0.025513 -0.426598 0.744775
v -0.043352 -0.433528 0.746565
v -0.043352 -0.433528 0.744775
v -0.050740 -0.450259 0.746565
v -0.039070 -0.454368 0.751697
v -0.042787 -0.450259 0.751697
v -0.039897 -0.456804 0.751697
v -0.025513 -0.459635 0.751697
v -0.025513 -0.462392 0.751697
v -0.011130 -0.456804 0.751697
v -0.011957 -0.454368 0.751697
v -0.008240 -0.450259 0.751697
v -0.010142 -0.450259 0.751697
v -0.011957 -0.446149 0.751697
v -0.011130 -0.443714 0.751697
v -0.025513 -0.440882 0.751697
v -0.025513 -0.438126 0.751697
v -0.039897 -0.443714 0.751697
v -0.039070 -0.446149 0.751697
v -0.040885 -0.450259 0.751697
v -0.011012 -0.450259 0.753573
v -0.012724 -0.454136 0.753573
v -0.038302 -0.454136 0.753573
v -0.038302 -0.446382 0.753573
v -0.025513 -0.441413 0.753573
v -0.025513 -0.459104 0.753573
v -0.040015 -0.450259 0.753573
v -0.012724 -0.446382 0.753573
v -0.034082 -0.448899 0.762346
v -0.034648 -0.450259 0.762346
v -0.016945 -0.451619 0.762346
v -0.016379 -0.450259 0.762346
v -0.034082 -0.451619 0.762346
v 0.049225 -0.450259 0.751697
v 0.056614 -0.433528 0.749302
v 0.049225 -0.450259 0.749302
v 0.056614 -0.433528 0.751697
v 0.074452 -0.426598 0.749302
v 0.074452 -0.426598 0.751697
v 0.092290 -0.433528 0.749302
v 0.092290 -0.433528 0.751697
v 0.099679 -0.450259 0.749302
v 0.099679 -0.450259 0.751697
v 0.092290 -0.466990 0.749302
v 0.092290 -0.466990 0.751697
v 0.074452 -0.473920 0.749302
v 0.074452 -0.443127 0.759626
v 0.083651 -0.447470 0.762346
v 0.084764 -0.447133 0.759626
v 0.074452 -0.473920 0.751697
v 0.056614 -0.466990 0.749302
v 0.056614 -0.466990 0.751697
v 0.057484 -0.436092 0.751697
v 0.051228 -0.450259 0.751697
v 0.074452 -0.429500 0.751697
v 0.091420 -0.436092 0.751697
v 0.091420 -0.464425 0.751697
v 0.097676 -0.450259 0.751697
v 0.074452 -0.471018 0.751697
v 0.057484 -0.464425 0.751697
v 0.083021 -0.448899 0.762346
v 0.074452 -0.445367 0.762346
v 0.074452 -0.455150 0.762346
v 0.064140 -0.447133 0.759626
v 0.064022 -0.450259 0.762346
v 0.065253 -0.447470 0.762346
v 0.064140 -0.453385 0.759626
v 0.062760 -0.450259 0.759626
v 0.074452 -0.457391 0.759626
v 0.083651 -0.453047 0.762346
v 0.074452 -0.456621 0.762346
v 0.084882 -0.450259 0.762346
v 0.086144 -0.450259 0.759626
v 0.074452 -0.443897 0.762346
v 0.065253 -0.453047 0.762346
v 0.084764 -0.453385 0.759626
v 0.056614 -0.466990 0.746565
v 0.049225 -0.450259 0.744775
v 0.056614 -0.466990 0.744775
v 0.074452 -0.473920 0.746565
v 0.074452 -0.473920 0.744775
v 0.092290 -0.466990 0.746565
v 0.092290 -0.466990 0.744775
v 0.099679 -0.450259 0.746565
v 0.099679 -0.450259 0.744775
v 0.092290 -0.433528 0.746565
v 0.092290 -0.433528 0.744775
v 0.074452 -0.426598 0.746565
v 0.074452 -0.426598 0.744775
v 0.056614 -0.433528 0.746565
v 0.056614 -0.433528 0.744775
v 0.049225 -0.450259 0.746565
v 0.060895 -0.454368 0.751697
v 0.057179 -0.450259 0.751697
v 0.060069 -0.456804 0.751697
v 0.074452 -0.459635 0.751697
v 0.074452 -0.462392 0.751697
v 0.088835 -0.456804 0.751697
v 0.088009 -0.454368 0.751697
v 0.091726 -0.450259 0.751697
v 0.089824 -0.450259 0.751697
v 0.088009 -0.446149 0.751697
v 0.088835 -0.443714 0.751697
v 0.074452 -0.440882 0.751697
v 0.074452 -0.438126 0.751697
v 0.060069 -0.443714 0.751697
v 0.060895 -0.446149 0.751697
v 0.059080 -0.450259 0.751697
v 0.088953 -0.450259 0.753573
v 0.087241 -0.454136 0.753573
v 0.061663 -0.454136 0.753573
v 0.061663 -0.446382 0.753573
v 0.074452 -0.441413 0.753573
v 0.074452 -0.459104 0.753573
v 0.059951 -0.450259 0.753573
v 0.087241 -0.446382 0.753573
v 0.065884 -0.448899 0.762346
v 0.065317 -0.450259 0.762346
v 0.083021 -0.451619 0.762346
v 0.083587 -0.450259 0.762346
v 0.065884 -0.451619 0.762346
v 0.141786 -0.450259 0.751697
v 0.149175 -0.433528 0.749302
v 0.141786 -0.450259 0.749302
v 0.149175 -0.433528 0.751697
v 0.167013 -0.426598 0.749302
v 0.167013 -0.426598 0.751697
v 0.184851 -0.433528 0.749302
v 0.184851 -0.433528 0.751697
v 0.192240 -0.450259 0.749302
v 0.192240 -0.450259 0.751697
v 0.184851 -0.466990 0.749302
v 0.184851 -0.466990 0.751697
v 0.167013 -0.473920 0.749302
v 0.167013 -0.443127 0.759626
v 0.176211 -0.447470 0.762346
v 0.177324 -0.447133 0.759626
v 0.167013 -0.473920 0.751697
v 0.149175 -0.466990 0.749302
v 0.149175 -0.466990 0.751697
v 0.150045 -0.436092 0.751697
v 0.143788 -0.450259 0.751697
v 0.167013 -0.429500 0.751697
v 0.183981 -0.436092 0.751697
v 0.183981 -0.464425 0.751697
v 0.190237 -0.450259 0.751697
v 0.167013 -0.471018 0.751697
v 0.150045 -0.464425 0.751697
v 0.175581 -0.448899 0.762346
v 0.167013 -0.445367 0.762346
v 0.167013 -0.455150 0.762346
v 0.156701 -0.447133 0.759626
v 0.156583 -0.450259 0.762346
v 0.157814 -0.447470 0.762346
v 0.156701 -0.453385 0.759626
v 0.155321 -0.450259 0.759626
v 0.167013 -0.457391 0.759626
v 0.176211 -0.453047 0.762346
v 0.167013 -0.456621 0.762346
v 0.177443 -0.450259 0.762346
v 0.178705 -0.450259 0.759626
v 0.167013 -0.443897 0.762346
v 0.157814 -0.453047 0.762346
v 0.177324 -0.453385 0.759626
v 0.149175 -0.466990 0.746565
v 0.141786 -0.450259 0.744775
v 0.149175 -0.466990 0.744775
v 0.167013 -0.473920 0.746565
v 0.167013 -0.473920 0.744775
v 0.184851 -0.466990 0.746565
v 0.184851 -0.466990 0.744775
v 0.192240 -0.450259 0.746565
v 0.192240 -0.450259 0.744775
v 0.184851 -0.433528 0.746565
v 0.184851 -0.433528 0.744775
v 0.167013 -0.426598 0.746565
v 0.167013 -0.426598 0.744775
v 0.149175 -0.433528 0.746565
v 0.149175 -0.433528 0.744775
v 0.141786 -0.450259 0.746565
v 0.153456 -0.454368 0.751697
v 0.149739 -0.450259 0.751697
v 0.152630 -0.456804 0.751697
v 0.167013 -0.459635 0.751697
v 0.167013 -0.462392 0.751697
v 0.181396 -0.456804 0.751697
v 0.180570 -0.454368 0.751697
v 0.184286 -0.450259 0.751697
v 0.182385 -0.450259 0.751697
v 0.180570 -0.446149 0.751697
v 0.181396 -0.443714 0.751697
v 0.167013 -0.440882 0.751697
v 0.167013 -0.438126 0.751697
v 0.152630 -0.443714 0.751697
v 0.153456 -0.446149 0.751697
v 0.151641 -0.450259 0.751697
v 0.181514 -0.450259 0.753573
v 0.179802 -0.454136 0.753573
v 0.154224 -0.454136 0.753573
v 0.154224 -0.446382 0.753573
v 0.167013 -0.441413 0.753573
v 0.167013 -0.459104 0.753573
v 0.152512 -0.450259 0.753573
v 0.179802 -0.446382 0.753573
v 0.158444 -0.448899 0.762346
v 0.157878 -0.450259 0.762346
v 0.175581 -0.451619 0.762346
v 0.176147 -0.450259 0.762346
v 0.158444 -0.451619 0.762346
v -0.252689 0.767747 0.739255
v -0.244732 0.751379 0.810557
v -0.253498 0.767747 0.810552
v -0.243922 0.751379 0.739255
v -0.227200 0.751379 0.810565
v -0.226390 0.784114 0.739255
v -0.218434 0.767747 0.810570
v -0.217623 0.767747 0.739255
v -0.226390 0.751379 0.739255
v -0.244732 0.784114 0.810557
v -0.243922 0.784114 0.739255
v -0.227200 0.784114 0.810565
v -0.222219 0.767747 0.811918
v -0.248235 0.797636 0.797492
v -0.244882 0.797100 0.789284
v -0.248235 0.797100 0.797492
v -0.244882 0.797636 0.789284
v -0.236786 0.797100 0.785884
v -0.236786 0.797636 0.785884
v -0.228690 0.797100 0.789284
v -0.228690 0.797636 0.789284
v -0.225337 0.797100 0.797492
v -0.225337 0.797636 0.797492
v -0.228690 0.797100 0.805700
v -0.228690 0.797636 0.805700
v -0.236786 0.797100 0.809100
v -0.236786 0.799341 0.788050
v -0.230201 0.799819 0.790815
v -0.230201 0.799341 0.790815
v -0.236786 0.797636 0.809100
v -0.244882 0.797100 0.805700
v -0.244882 0.797636 0.805700
v -0.244126 0.797636 0.790049
v -0.247167 0.797636 0.797492
v -0.236786 0.797636 0.786967
v -0.229446 0.797636 0.790049
v -0.229446 0.797636 0.804934
v -0.226405 0.797636 0.797492
v -0.236786 0.797636 0.808017
v -0.244126 0.797636 0.804934
v -0.236786 0.799819 0.807998
v -0.244855 0.799819 0.805673
v -0.244113 0.799819 0.804921
v -0.246099 0.799341 0.797492
v -0.243371 0.799819 0.790815
v -0.243371 0.799341 0.790815
v -0.243371 0.799341 0.804168
v -0.246099 0.799819 0.797492
v -0.230201 0.799341 0.804168
v -0.236786 0.799819 0.806934
v -0.236786 0.799341 0.806934
v -0.227474 0.799819 0.797492
v -0.227474 0.799341 0.797492
v -0.236786 0.799819 0.788050
v -0.243371 0.799819 0.804168
v -0.230201 0.799819 0.804168
v -0.228717 0.813101 0.789311
v -0.225375 0.813624 0.797492
v -0.225375 0.813101 0.797492
v -0.229459 0.799819 0.804921
v -0.225375 0.799819 0.797492
v -0.228717 0.799819 0.805673
v -0.236786 0.799819 0.786986
v -0.228717 0.799819 0.789311
v -0.229459 0.799819 0.790063
v -0.244113 0.799819 0.790063
v -0.248197 0.799819 0.797492
v -0.244855 0.799819 0.789311
v -0.247148 0.799819 0.797492
v -0.236786 0.799819 0.809061
v -0.226424 0.799819 0.797492
v -0.236786 0.799819 0.785922
v -0.226336 0.813624 0.797492
v -0.229397 0.813624 0.790000
v -0.247236 0.813624 0.797492
v -0.244855 0.813101 0.789311
v -0.236786 0.813624 0.785922
v -0.236786 0.813101 0.785922
v -0.236786 0.813101 0.809061
v -0.244855 0.813624 0.805673
v -0.244855 0.813101 0.805673
v -0.228717 0.813624 0.805673
v -0.228717 0.813101 0.805673
v -0.228717 0.813624 0.789311
v -0.248197 0.813101 0.797492
v -0.244855 0.813624 0.789311
v -0.248197 0.813624 0.797492
v -0.236786 0.813624 0.809061
v -0.205505 0.807529 0.812237
v -0.204096 0.808158 0.811285
v -0.204963 0.808158 0.810919
v -0.203554 0.807529 0.809967
v -0.204421 0.807529 0.809600
v -0.203330 0.806010 0.809421
v -0.204196 0.806010 0.809054
v -0.204421 0.804492 0.809600
v -0.203554 0.804492 0.809967
v -0.204963 0.803863 0.810919
v -0.204096 0.803863 0.811285
v -0.205505 0.804492 0.812237
v -0.204638 0.804492 0.812603
v -0.205729 0.806010 0.812783
v -0.203521 0.806010 0.809885
v -0.203689 0.807150 0.810295
v -0.204503 0.807150 0.812275
v -0.204638 0.807529 0.812603
v -0.204863 0.806010 0.813149
v -0.204672 0.806010 0.812685
v -0.204096 0.807623 0.811285
v -0.203689 0.804870 0.810295
v -0.204096 0.804398 0.811285
v -0.204503 0.804870 0.812275
v -0.244175 0.813624 0.790000
v -0.236786 0.813624 0.786897
v -0.229397 0.813624 0.804984
v -0.236786 0.813624 0.808087
v -0.244175 0.813624 0.804984
v -0.244882 0.773644 0.805700
v -0.236786 0.773644 0.809100
v -0.228690 0.773644 0.805700
v -0.225337 0.773644 0.797492
v -0.228690 0.773644 0.789284
v -0.236786 0.773644 0.785884
v -0.244882 0.773644 0.789284
v -0.248235 0.773644 0.797492
v -0.228717 0.800324 0.805673
v -0.236786 0.800324 0.809061
v -0.244855 0.800324 0.805673
v -0.248197 0.800324 0.797492
v -0.244855 0.800324 0.789311
v -0.236786 0.800324 0.785922
v -0.228717 0.800324 0.789311
v -0.225375 0.800324 0.797492
v -0.227474 0.797636 0.797492
v -0.230201 0.798066 0.804168
v -0.230201 0.797636 0.804168
v -0.236786 0.797636 0.806934
v -0.243371 0.798066 0.804168
v -0.243371 0.797636 0.804168
v -0.243371 0.797636 0.790815
v -0.236786 0.798066 0.788050
v -0.236786 0.797636 0.788050
v -0.230201 0.797636 0.790815
v -0.227474 0.798066 0.797492
v -0.236786 0.798066 0.806934
v -0.246099 0.798066 0.797492
v -0.246099 0.797636 0.797492
v -0.243371 0.798066 0.790815
v -0.230201 0.798066 0.790815
v -0.227554 0.806010 0.803560
v -0.227329 0.807529 0.803014
v -0.227329 0.804492 0.803014
v -0.226787 0.803863 0.801695
v -0.226245 0.804492 0.800377
v -0.226021 0.806010 0.799831
v -0.226245 0.807529 0.800377
v -0.226787 0.808158 0.801695
v 0.222786 0.537120 0.541861
v 0.198255 0.526255 0.541861
v 0.232947 0.969009 0.541861
v 0.222786 0.995239 0.541861
v 0.232947 0.563350 0.541861
v -0.215820 0.969009 0.541861
v -0.215820 0.563350 0.541861
v 0.007450 0.791459 0.512440
v 0.024693 0.750440 0.512440
v 0.024693 0.784421 0.512440
v 0.204726 0.556431 0.522171
v 0.226036 0.564820 0.527938
v 0.209351 0.568369 0.522171
v 0.217496 0.542776 0.527938
v 0.196880 0.533645 0.527938
v 0.193561 0.551486 0.522171
v -0.208909 0.564820 0.527938
v -0.187599 0.556431 0.522171
v -0.192223 0.568369 0.522171
v -0.200369 0.542776 0.527938
v -0.179753 0.533645 0.527938
v -0.176434 0.551486 0.522171
v -0.181128 0.526255 0.541861
v -0.179753 0.998714 0.527938
v -0.187599 0.975928 0.522170
v -0.176434 0.980873 0.522170
v -0.181128 1.006104 0.541861
v -0.200369 0.989583 0.527938
v -0.208909 0.967539 0.527938
v -0.192223 0.963990 0.522170
v 0.226036 0.967539 0.527938
v 0.204726 0.975928 0.522170
v 0.209351 0.963990 0.522170
v 0.217496 0.989583 0.527938
v 0.196880 0.998714 0.527938
v 0.193561 0.980873 0.522170
v 0.198255 1.006104 0.541861
v -0.205659 0.537120 0.541861
v -0.205659 0.995239 0.541861
v 0.033321 0.792923 0.522170
v -0.018421 0.741938 0.522170
v 0.007450 0.739552 0.514018
v -0.011420 0.748837 0.512440
v -0.012556 0.747718 0.514018
v 0.007450 0.795309 0.514018
v -0.011420 0.786025 0.512440
v 0.007450 0.793726 0.512440
v 0.026320 0.748837 0.512440
v 0.007450 0.741135 0.512440
v 0.026320 0.786025 0.512440
v 0.027455 0.787143 0.514018
v 0.034136 0.767431 0.512440
v 0.035742 0.767431 0.514018
v -0.019236 0.767431 0.512440
v -0.020842 0.767431 0.514018
v -0.012556 0.787143 0.514018
v 0.027455 0.747718 0.514018
v 0.033321 0.741938 0.522170
v 0.042341 0.767431 0.520503
v 0.032122 0.743120 0.520503
v -0.018421 0.792923 0.522170
v -0.027441 0.767431 0.520503
v -0.017222 0.791741 0.520503
v -0.029138 0.767431 0.522170
v 0.044037 0.767431 0.522170
v 0.007450 0.803483 0.522170
v 0.032122 0.791741 0.520503
v 0.007450 0.731379 0.522170
v 0.007450 0.733050 0.520503
v 0.007450 0.801811 0.520503
v -0.017222 0.743120 0.520503
v -0.016935 0.767431 0.512440
v -0.009793 0.784421 0.512440
v 0.031835 0.767431 0.512440
v -0.009793 0.750440 0.512440
v 0.007450 0.743402 0.512440
vt 0.874130 0.538446
vt 0.876188 0.544946
vt 0.846508 0.587148
vt 0.880212 0.544558
vt 0.955042 0.546167
vt 0.880212 0.546167
vt 0.959880 0.544390
vt 0.955042 0.542773
vt 0.959880 0.542780
vt 0.875374 0.544609
vt 0.873597 0.471710
vt 0.875205 0.541692
vt 0.873597 0.541692
vt 0.703192 0.398250
vt 0.559875 0.387650
vt 0.703192 0.387649
vt 0.563781 0.355919
vt 0.698777 0.345438
vt 0.698776 0.355919
vt 0.880213 0.544382
vt 0.880213 0.542773
vt 0.833427 0.206733
vt 0.833427 0.240642
vt 0.832507 0.240642
vt 0.428858 0.424709
vt 0.426814 0.006152
vt 0.428858 0.003675
vt 0.797448 0.126481
vt 0.752422 0.020281
vt 0.797448 0.020281
vt 0.932487 0.020281
vt 0.842474 0.126481
vt 0.842474 0.020281
vt 0.559875 0.355239
vt 0.559877 0.346118
vt 0.752422 0.135591
vt 0.662408 0.126481
vt 0.752422 0.126481
vt 0.663948 0.033164
vt 0.709431 0.024055
vt 0.753519 0.024055
vt 0.754391 0.022402
vt 0.663948 0.023794
vt 0.753479 0.022402
vt 0.563781 0.366633
vt 0.559875 0.356725
vt 0.563781 0.356037
vt 0.698776 0.366633
vt 0.662408 0.144959
vt 0.747196 0.135853
vt 0.747196 0.144959
vt 0.846568 0.398250
vt 0.989884 0.387649
vt 0.989884 0.398250
vt 0.563961 0.555689
vt 0.559875 0.398368
vt 0.563959 0.420567
vt 0.699446 0.555689
vt 0.703161 0.398368
vt 0.703163 0.587148
vt 0.699445 0.420567
vt 0.559878 0.587148
vt 0.006694 0.003670
vt 0.008691 0.422230
vt 0.006694 0.424704
vt 0.559875 0.387532
vt 0.989884 0.386834
vt 0.989884 0.387532
vt 0.016451 0.014015
vt 0.062283 0.006147
vt 0.054524 0.014016
vt 0.016451 0.414362
vt 0.062283 0.422231
vt 0.428973 0.003670
vt 0.432023 0.287023
vt 0.428974 0.289956
vt 0.008691 0.006146
vt 0.054524 0.414362
vt 0.482215 0.003671
vt 0.432023 0.006600
vt 0.479276 0.287024
vt 0.479276 0.006600
vt 0.482215 0.289957
vt 0.559875 0.377611
vt 0.989884 0.377611
vt 0.774833 0.376815
vt 0.559875 0.371841
vt 0.989791 0.371841
vt 0.485415 0.289956
vt 0.482330 0.006604
vt 0.485415 0.003670
vt 0.076580 0.023938
vt 0.412517 0.023942
vt 0.426814 0.422236
vt 0.412517 0.404444
vt 0.076580 0.404440
vt 0.279013 0.836095
vt 0.251114 0.818148
vt 0.279910 0.835308
vt 0.249222 0.813073
vt 0.250938 0.812914
vt 0.408230 0.581668
vt 0.380075 0.556321
vt 0.409132 0.581129
vt 0.378356 0.556162
vt 0.380395 0.551224
vt 0.176920 0.943181
vt 0.149089 0.925213
vt 0.177841 0.942411
vt 0.147065 0.920288
vt 0.148808 0.920141
vt 0.408957 0.825198
vt 0.380932 0.799772
vt 0.409883 0.824647
vt 0.379193 0.799625
vt 0.381071 0.794563
vt 0.441524 0.939270
vt 0.439488 0.906883
vt 0.442168 0.906911
vt 0.073926 0.968821
vt 0.045599 0.965925
vt 0.073926 0.965925
vt 0.112373 0.793873
vt 0.109338 0.828047
vt 0.109479 0.793867
vt 0.445565 0.561556
vt 0.448461 0.533229
vt 0.448461 0.561556
vt 0.463273 0.690359
vt 0.460562 0.663548
vt 0.463273 0.663548
vt 0.467834 0.854584
vt 0.465123 0.827774
vt 0.467834 0.827774
vt 0.444473 0.905453
vt 0.446660 0.901514
vt 0.447336 0.905482
vt 0.434313 0.871500
vt 0.437848 0.867306
vt 0.437176 0.871472
vt 0.279013 0.885882
vt 0.251114 0.867935
vt 0.279910 0.885095
vt 0.249222 0.862861
vt 0.250938 0.862701
vt 0.344483 0.927254
vt 0.316328 0.901907
vt 0.345385 0.926715
vt 0.314609 0.901748
vt 0.316647 0.896810
vt 0.106171 0.944195
vt 0.078340 0.926227
vt 0.107092 0.943424
vt 0.076316 0.921301
vt 0.078059 0.921155
vt 0.409044 0.926044
vt 0.381020 0.900618
vt 0.409970 0.925493
vt 0.379281 0.900471
vt 0.381159 0.895409
vt 0.314609 0.851339
vt 0.316469 0.846150
vt 0.316326 0.851500
vt 0.345188 0.877609
vt 0.346093 0.877071
vt 0.078325 0.876106
vt 0.076316 0.871055
vt 0.078036 0.870896
vt 0.106990 0.894574
vt 0.107888 0.893791
vt 0.179047 0.817425
vt 0.181115 0.812335
vt 0.180788 0.817571
vt 0.209741 0.843630
vt 0.210663 0.843077
vt 0.148233 0.825352
vt 0.146313 0.820123
vt 0.148052 0.819976
vt 0.176921 0.843773
vt 0.177841 0.842999
vt 0.455342 0.978609
vt 0.452765 0.946243
vt 0.455475 0.946249
vt 0.213916 0.939129
vt 0.211883 0.935383
vt 0.214563 0.935356
vt 0.211870 0.826226
vt 0.215194 0.830196
vt 0.212514 0.830168
vt 0.454648 0.745233
vt 0.457226 0.749168
vt 0.454516 0.749173
vt 0.452632 0.978603
vt 0.455475 0.982370
vt 0.452765 0.982365
vt 0.442592 0.827759
vt 0.439054 0.861908
vt 0.439729 0.827729
vt 0.455898 0.827774
vt 0.452862 0.831746
vt 0.453003 0.827780
vt 0.450416 0.823107
vt 0.453169 0.818959
vt 0.453310 0.823113
vt 0.108298 0.899974
vt 0.111833 0.895780
vt 0.111161 0.899946
vt 0.439729 0.865876
vt 0.441917 0.861938
vt 0.442592 0.865905
vt 0.467755 0.894116
vt 0.465044 0.867306
vt 0.467755 0.867306
vt 0.460729 0.944216
vt 0.463440 0.971027
vt 0.460729 0.971027
vt 0.445637 0.629485
vt 0.448533 0.601158
vt 0.448533 0.629485
vt 0.453310 0.784779
vt 0.450275 0.818953
vt 0.450416 0.784773
vt 0.395784 0.940616
vt 0.424111 0.943511
vt 0.395784 0.943511
vt 0.214550 0.826254
vt 0.212514 0.793867
vt 0.215194 0.793895
vt 0.109479 0.832201
vt 0.112233 0.828053
vt 0.112373 0.832207
vt 0.455308 0.702909
vt 0.452272 0.706881
vt 0.452413 0.702915
vt 0.447336 0.867335
vt 0.443798 0.901485
vt 0.444473 0.867306
vt 0.456514 0.737295
vt 0.459356 0.741063
vt 0.456646 0.741057
vt 0.454648 0.786811
vt 0.457226 0.790745
vt 0.454516 0.790751
vt 0.438844 0.939242
vt 0.442168 0.943212
vt 0.439488 0.943184
vt 0.451008 0.833544
vt 0.448976 0.829798
vt 0.451656 0.829771
vt 0.459223 0.737301
vt 0.456646 0.704935
vt 0.459356 0.704941
vt 0.312483 0.713455
vt 0.283795 0.695033
vt 0.313403 0.712681
vt 0.281875 0.689804
vt 0.283614 0.689657
vt 0.041365 0.843630
vt 0.012412 0.817571
vt 0.042288 0.843077
vt 0.010671 0.817426
vt 0.012739 0.812335
vt 0.074212 0.894574
vt 0.045547 0.876106
vt 0.075110 0.893791
vt 0.043538 0.871055
vt 0.045258 0.870896
vt 0.312455 0.877636
vt 0.283593 0.851527
vt 0.313359 0.877098
vt 0.281875 0.851366
vt 0.283735 0.846177
vt 0.379193 0.749865
vt 0.381071 0.744803
vt 0.380932 0.750011
vt 0.408957 0.775438
vt 0.409882 0.774886
vt 0.181071 0.926226
vt 0.179047 0.921301
vt 0.180789 0.921154
vt 0.216488 0.862236
vt 0.218348 0.857046
vt 0.218206 0.862396
vt 0.247067 0.888506
vt 0.247972 0.887968
vt 0.348470 0.626481
vt 0.346461 0.621430
vt 0.348181 0.621271
vt 0.377135 0.644949
vt 0.378033 0.644166
vt 0.313639 0.618770
vt 0.315707 0.613680
vt 0.315380 0.618916
vt 0.176944 0.893561
vt 0.149045 0.875613
vt 0.177841 0.892774
vt 0.147152 0.870539
vt 0.148868 0.870379
vt 0.377173 0.876169
vt 0.349018 0.850821
vt 0.378075 0.875630
vt 0.347299 0.850662
vt 0.349338 0.845724
vt 0.279076 0.935503
vt 0.251246 0.917535
vt 0.279997 0.934732
vt 0.214550 0.863789
vt 0.212514 0.831402
vt 0.215194 0.831430
vt 0.113535 0.961824
vt 0.141862 0.964719
vt 0.113535 0.964719
vt 0.112174 0.844842
vt 0.109139 0.879016
vt 0.109280 0.844836
vt 0.457025 0.895633
vt 0.459921 0.867306
vt 0.459921 0.895633
vt 0.465377 0.800054
vt 0.462666 0.773243
vt 0.465377 0.773243
vt 0.469293 0.772037
vt 0.466583 0.745227
vt 0.469293 0.745227
vt 0.300300 0.966634
vt 0.302488 0.962696
vt 0.303163 0.966663
vt 0.429572 0.871500
vt 0.433107 0.867306
vt 0.432435 0.871472
vt 0.109280 0.883170
vt 0.112033 0.879022
vt 0.112174 0.883176
vt 0.455475 0.906883
vt 0.452439 0.910855
vt 0.452580 0.906889
vt 0.303163 0.928517
vt 0.299625 0.962666
vt 0.300300 0.928487
vt 0.456681 0.976576
vt 0.459523 0.980344
vt 0.456813 0.980338
vt 0.033725 0.945406
vt 0.036303 0.949341
vt 0.033593 0.949347
vt 0.211870 0.863761
vt 0.215194 0.867731
vt 0.212514 0.867704
vt 0.448421 0.786363
vt 0.446389 0.782617
vt 0.449069 0.782590
vt 0.459390 0.976582
vt 0.456813 0.944216
vt 0.459523 0.944222
vt 0.247096 0.837420
vt 0.218408 0.818998
vt 0.248016 0.836646
vt 0.216488 0.813769
vt 0.218227 0.813622
vt 0.344333 0.582992
vt 0.315380 0.556933
vt 0.345256 0.582439
vt 0.313639 0.556787
vt 0.315707 0.551697
vt 0.144209 0.894717
vt 0.115544 0.876249
vt 0.145107 0.893934
vt 0.113535 0.871198
vt 0.115255 0.871039
vt 0.345189 0.713428
vt 0.316327 0.687319
vt 0.346093 0.712890
vt 0.314609 0.687158
vt 0.316469 0.681969
vt 0.249222 0.912609
vt 0.250964 0.912463
vt 0.409044 0.876284
vt 0.381020 0.850858
vt 0.409970 0.875732
vt 0.379281 0.850711
vt 0.381159 0.845649
vt 0.314609 0.749141
vt 0.316469 0.743952
vt 0.316326 0.749302
vt 0.345188 0.775411
vt 0.346093 0.774873
vt 0.012679 0.876106
vt 0.010671 0.871055
vt 0.012391 0.870896
vt 0.041345 0.894574
vt 0.042243 0.893791
vt 0.076316 0.817426
vt 0.078385 0.812336
vt 0.078057 0.817571
vt 0.107010 0.843630
vt 0.107933 0.843077
vt 0.115499 0.825352
vt 0.113580 0.820123
vt 0.115319 0.819976
vt 0.144187 0.843773
vt 0.145107 0.842999
vt 0.459390 0.939249
vt 0.456813 0.906883
vt 0.459523 0.906889
vt 0.450585 0.910656
vt 0.448553 0.906910
vt 0.451233 0.906883
vt 0.443374 0.939242
vt 0.446699 0.943212
vt 0.444019 0.943184
vt 0.454544 0.563801
vt 0.457122 0.567735
vt 0.454412 0.567741
vt 0.456681 0.939243
vt 0.459523 0.943010
vt 0.456813 0.943004
vt 0.442592 0.867335
vt 0.439054 0.901485
vt 0.439729 0.867306
vt 0.455308 0.663548
vt 0.452272 0.667520
vt 0.452413 0.663555
vt 0.450312 0.602129
vt 0.453065 0.597981
vt 0.453206 0.602135
vt 0.446478 0.862158
vt 0.444442 0.829771
vt 0.447122 0.829799
vt 0.292355 0.955588
vt 0.289460 0.983915
vt 0.289460 0.955588
vt 0.451577 0.867312
vt 0.448542 0.901486
vt 0.448683 0.867306
vt 0.441463 0.561556
vt 0.444359 0.533229
vt 0.444359 0.561556
vt 0.461127 0.867306
vt 0.463838 0.894117
vt 0.461127 0.894117
vt 0.469190 0.590605
vt 0.466479 0.563795
vt 0.469190 0.563795
vt 0.309788 0.966634
vt 0.311976 0.962696
vt 0.312651 0.966663
vt 0.429572 0.831924
vt 0.433107 0.827729
vt 0.432435 0.831895
vt 0.448683 0.905640
vt 0.451436 0.901492
vt 0.451577 0.905646
vt 0.455267 0.616499
vt 0.452231 0.620470
vt 0.452372 0.616505
vt 0.312651 0.928517
vt 0.309113 0.962666
vt 0.309788 0.928487
vt 0.456473 0.648859
vt 0.459315 0.652626
vt 0.456605 0.652620
vt 0.184191 0.945406
vt 0.186768 0.949341
vt 0.184059 0.949346
vt 0.443798 0.862130
vt 0.447122 0.866100
vt 0.444442 0.866072
vt 0.448421 0.749000
vt 0.446389 0.745254
vt 0.449069 0.745227
vt 0.459183 0.648864
vt 0.456605 0.616499
vt 0.459315 0.616504
vt 0.312483 0.826550
vt 0.283795 0.808129
vt 0.313403 0.825776
vt 0.281875 0.802900
vt 0.283614 0.802753
vt 0.074188 0.843630
vt 0.045234 0.817571
vt 0.075110 0.843077
vt 0.043494 0.817426
vt 0.045562 0.812335
vt 0.209720 0.894574
vt 0.181055 0.876105
vt 0.210619 0.893791
vt 0.179047 0.871054
vt 0.180766 0.870896
vt 0.345188 0.826523
vt 0.316326 0.800414
vt 0.346093 0.825985
vt 0.314609 0.800254
vt 0.316469 0.795064
vt 0.379281 0.686530
vt 0.381159 0.681468
vt 0.381020 0.686677
vt 0.409044 0.712103
vt 0.409970 0.711551
vt 0.218512 0.920158
vt 0.216488 0.915233
vt 0.218230 0.915086
vt 0.246343 0.938126
vt 0.247264 0.937356
vt 0.281875 0.901775
vt 0.283914 0.896837
vt 0.283595 0.901934
vt 0.311750 0.927281
vt 0.312651 0.926742
vt 0.349191 0.807278
vt 0.347299 0.802203
vt 0.349015 0.802044
vt 0.377090 0.825225
vt 0.377987 0.824438
vt 0.434313 0.831924
vt 0.437848 0.827729
vt 0.437176 0.831895
vt 0.439729 0.905453
vt 0.441916 0.901514
vt 0.442592 0.905482
vt 0.469293 0.800054
vt 0.466583 0.773243
vt 0.469293 0.773243
vt 0.463440 0.933694
vt 0.460729 0.906883
vt 0.463440 0.906883
vt 0.433259 0.561556
vt 0.436155 0.533229
vt 0.436155 0.561556
vt 0.453206 0.563801
vt 0.450171 0.597975
vt 0.450312 0.563795
vt 0.171394 0.964719
vt 0.143068 0.961824
vt 0.171394 0.961824
vt 0.446055 0.939270
vt 0.444019 0.906883
vt 0.446699 0.906911
vt 0.379239 0.618193
vt 0.381117 0.613131
vt 0.380978 0.618340
vt 0.409003 0.643766
vt 0.409929 0.643215
vt 0.012695 0.926227
vt 0.010671 0.921301
vt 0.012413 0.921154
vt 0.040525 0.944194
vt 0.041446 0.943424
vt 0.347299 0.686481
vt 0.349338 0.681543
vt 0.349019 0.686640
vt 0.377173 0.711988
vt 0.378075 0.711449
vt 0.349191 0.756165
vt 0.347299 0.751091
vt 0.349015 0.750931
vt 0.377090 0.774112
vt 0.377987 0.773326
vt 0.344333 0.644975
vt 0.345255 0.644421
vt 0.283795 0.757016
vt 0.281875 0.751787
vt 0.283614 0.751640
vt 0.312483 0.775438
vt 0.313403 0.774663
vt 0.459223 0.695914
vt 0.456646 0.663548
vt 0.459356 0.663554
vt 0.448317 0.567568
vt 0.446285 0.563822
vt 0.448965 0.563795
vt 0.434313 0.939242
vt 0.437638 0.943212
vt 0.434958 0.943184
vt 0.038737 0.945406
vt 0.041315 0.949341
vt 0.038605 0.949346
vt 0.456514 0.695908
vt 0.459356 0.699676
vt 0.456646 0.699670
vt 0.307907 0.928517
vt 0.304369 0.962666
vt 0.305044 0.928487
vt 0.455819 0.867306
vt 0.452783 0.871278
vt 0.452925 0.867312
vt 0.450416 0.783561
vt 0.453169 0.779413
vt 0.453310 0.783567
vt 0.211028 0.899974
vt 0.214563 0.895780
vt 0.213891 0.899945
vt 0.305044 0.966634
vt 0.307232 0.962696
vt 0.307907 0.966663
vt 0.468601 0.560039
vt 0.465891 0.533229
vt 0.468601 0.533229
vt 0.463273 0.731746
vt 0.460562 0.704935
vt 0.463273 0.704935
vt 0.437361 0.561556
vt 0.440257 0.533229
vt 0.440257 0.561556
vt 0.453310 0.745233
vt 0.450275 0.779407
vt 0.450416 0.745227
vt 0.461459 0.786805
vt 0.458564 0.815131
vt 0.458564 0.786805
vt 0.436993 0.939270
vt 0.434958 0.906883
vt 0.437638 0.906911
vt 0.208901 0.944194
vt 0.209822 0.943424
vt 0.347299 0.900308
vt 0.349338 0.895370
vt 0.349019 0.900467
vt 0.377173 0.925815
vt 0.378075 0.925275
vt 0.348354 0.563863
vt 0.346462 0.558788
vt 0.348178 0.558629
vt 0.376253 0.581810
vt 0.377150 0.581023
vt 0.311753 0.878842
vt 0.312651 0.879626
vt 0.344336 0.533229
vt 0.345256 0.533999
vt 0.467191 0.690358
vt 0.464479 0.663548
vt 0.467191 0.663548
vt 0.113369 0.986622
vt 0.110658 0.984373
vt 0.113369 0.984373
vt 0.103459 0.964719
vt 0.075132 0.961824
vt 0.103459 0.961824
vt 0.398243 0.715624
vt 0.401138 0.713375
vt 0.401138 0.715624
vt 0.409050 0.663548
vt 0.409970 0.664322
vt 0.345194 0.663548
vt 0.346093 0.664335
vt 0.045599 0.981636
vt 0.072410 0.978925
vt 0.072410 0.981636
vt 0.081889 0.986687
vt 0.079179 0.984438
vt 0.081889 0.984438
vt 0.453770 0.561555
vt 0.456665 0.533229
vt 0.456665 0.561555
vt 0.267408 0.597490
vt 0.270304 0.595241
vt 0.270304 0.597490
vt 0.377085 0.776644
vt 0.377987 0.777182
vt 0.247090 0.787513
vt 0.248016 0.788064
vt 0.455333 0.910849
vt 0.452580 0.945037
vt 0.068309 0.982842
vt 0.065415 0.985161
vt 0.065415 0.982842
vt 0.449069 0.818720
vt 0.445741 0.786390
vt 0.461673 0.900541
vt 0.463993 0.897861
vt 0.463993 0.900541
vt 0.246339 0.889712
vt 0.247264 0.890264
vt 0.144205 0.844979
vt 0.145107 0.845520
vt 0.036435 0.981703
vt 0.166786 0.983189
vt 0.169496 0.985509
vt 0.166786 0.985509
vt 0.430244 0.905677
vt 0.103459 0.968789
vt 0.101140 0.965926
vt 0.103459 0.965925
vt 0.235452 0.983610
vt 0.236868 0.981406
vt 0.236868 0.984067
vt 0.431489 0.934932
vt 0.432909 0.937160
vt 0.431489 0.937160
vt 0.347262 0.981001
vt 0.344117 0.983758
vt 0.344117 0.981001
vt 0.112373 0.833413
vt 0.109229 0.836104
vt 0.109229 0.833413
vt 0.428316 0.650531
vt 0.425073 0.653221
vt 0.425073 0.650531
vt 0.431489 0.942989
vt 0.430069 0.940785
vt 0.431489 0.940785
vt 0.449577 0.740098
vt 0.448387 0.742326
vt 0.448387 0.739569
vt 0.175844 0.961824
vt 0.172601 0.964580
vt 0.172601 0.961824
vt 0.430069 0.937160
vt 0.430069 0.934470
vt 0.387324 0.981153
vt 0.388515 0.983382
vt 0.387324 0.983382
vt 0.450768 0.742326
vt 0.449578 0.742326
vt 0.026847 0.984423
vt 0.028037 0.982195
vt 0.028037 0.984952
vt 0.103918 0.979273
vt 0.100773 0.981964
vt 0.100773 0.979273
vt 0.386133 0.983382
vt 0.386133 0.980691
vt 0.088675 0.982703
vt 0.090092 0.980476
vt 0.090092 0.983232
vt 0.413368 0.981153
vt 0.414558 0.983382
vt 0.413368 0.983382
vt 0.207715 0.981519
vt 0.204570 0.984276
vt 0.204570 0.981519
vt 0.317335 0.984244
vt 0.314609 0.981001
vt 0.317335 0.981001
vt 0.214563 0.977168
vt 0.211320 0.979830
vt 0.211319 0.977169
vt 0.234035 0.981406
vt 0.235452 0.981406
vt 0.025657 0.982195
vt 0.026847 0.982195
vt 0.087258 0.980476
vt 0.088675 0.980476
vt 0.412178 0.983382
vt 0.412178 0.980691
vt 0.432909 0.940785
vt 0.432909 0.943511
vt 0.235451 0.980216
vt 0.214563 0.979829
vt 0.211319 0.981020
vt 0.430069 0.938363
vt 0.088675 0.979273
vt 0.473511 0.896408
vt 0.472567 0.867317
vt 0.473511 0.867306
vt 0.428316 0.653221
vt 0.425073 0.654424
vt 0.236868 0.980216
vt 0.028037 0.980992
vt 0.470220 0.616521
vt 0.469266 0.645614
vt 0.468539 0.616499
vt 0.112373 0.836105
vt 0.109229 0.837308
vt 0.413368 0.984586
vt 0.448387 0.743530
vt 0.338979 0.976551
vt 0.314609 0.978994
vt 0.314609 0.977152
vt 0.026847 0.980992
vt 0.103918 0.981964
vt 0.100773 0.983167
vt 0.387324 0.984585
vt 0.432909 0.939595
vt 0.412178 0.984586
vt 0.279211 0.601840
vt 0.250112 0.599405
vt 0.279211 0.598696
vt 0.449577 0.743530
vt 0.431489 0.938363
vt 0.090092 0.979273
vt 0.386133 0.984585
vt 0.431489 0.939595
vt 0.460963 0.703715
vt 0.463211 0.702299
vt 0.463211 0.703715
vt 0.460963 0.700882
vt 0.463211 0.700882
vt 0.461752 0.863715
vt 0.464071 0.864906
vt 0.461752 0.864906
vt 0.464071 0.862524
vt 0.461752 0.862524
vt 0.460729 0.941590
vt 0.462977 0.943010
vt 0.460729 0.943010
vt 0.462977 0.940170
vt 0.460729 0.940170
vt 0.325619 0.984964
vt 0.323299 0.986154
vt 0.323299 0.984964
vt 0.325619 0.987344
vt 0.323299 0.987344
vt 0.279713 0.596172
vt 0.280669 0.597490
vt 0.279713 0.597490
vt 0.415206 0.656881
vt 0.414261 0.655564
vt 0.415206 0.655564
vt 0.182853 0.961576
vt 0.181897 0.960299
vt 0.182853 0.960299
vt 0.419530 0.656881
vt 0.418574 0.655604
vt 0.419530 0.655604
vt 0.373008 0.594005
vt 0.343927 0.591609
vt 0.373008 0.590861
vt 0.242114 0.974560
vt 0.266534 0.972138
vt 0.266534 0.973980
vt 0.306183 0.659197
vt 0.277099 0.661596
vt 0.277099 0.659810
vt 0.475049 0.794275
vt 0.474095 0.818695
vt 0.473368 0.794249
vt 0.125163 0.978067
vt 0.100773 0.975666
vt 0.125163 0.974824
vt 0.032387 0.993963
vt 0.031432 0.969543
vt 0.032387 0.969528
vt 0.464347 0.801287
vt 0.463392 0.825707
vt 0.462666 0.801260
vt 0.472077 0.592901
vt 0.471122 0.563807
vt 0.472077 0.563795
vt 0.473113 0.967564
vt 0.472169 0.996657
vt 0.471450 0.967544
vt 0.423867 0.650531
vt 0.394814 0.652941
vt 0.394814 0.651155
vt 0.475976 0.640933
vt 0.475022 0.616513
vt 0.475976 0.616499
vt 0.449508 0.661231
vt 0.425073 0.658788
vt 0.449508 0.657988
vt 0.377176 0.827729
vt 0.378075 0.828513
vt 0.107013 0.793867
vt 0.107933 0.794637
vt 0.465377 0.772037
vt 0.462666 0.745227
vt 0.465377 0.745227
vt 0.133451 0.986622
vt 0.130740 0.984373
vt 0.133451 0.984373
vt 0.460521 0.644826
vt 0.463417 0.616499
vt 0.463417 0.644826
vt 0.415278 0.935283
vt 0.418173 0.933034
vt 0.418173 0.935283
vt 0.409050 0.827729
vt 0.409970 0.828502
vt 0.345194 0.725531
vt 0.346093 0.726318
vt 0.467333 0.643309
vt 0.464623 0.616499
vt 0.467333 0.616499
vt 0.121116 0.986687
vt 0.118406 0.984438
vt 0.121116 0.984438
vt 0.457871 0.561555
vt 0.460767 0.533229
vt 0.460767 0.561555
vt 0.271509 0.777606
vt 0.274405 0.775358
vt 0.274405 0.777606
vt 0.176938 0.844979
vt 0.177841 0.845518
vt 0.144182 0.793867
vt 0.145107 0.794418
vt 0.455166 0.667514
vt 0.452413 0.701702
vt 0.355853 0.981001
vt 0.352959 0.983320
vt 0.352959 0.981001
vt 0.451233 0.943013
vt 0.447905 0.910683
vt 0.452632 0.986257
vt 0.454952 0.983576
vt 0.454952 0.986257
vt 0.279072 0.887088
vt 0.279997 0.887641
vt 0.041341 0.844836
vt 0.042243 0.845376
vt 0.457254 0.600098
vt 0.176146 0.983189
vt 0.178856 0.985509
vt 0.176146 0.985509
vt 0.434985 0.866100
vt 0.462882 0.735815
vt 0.460562 0.732953
vt 0.462882 0.732952
vt 0.247571 0.983610
vt 0.248988 0.981406
vt 0.248988 0.984067
vt 0.123743 0.979801
vt 0.125163 0.982029
vt 0.123743 0.982029
vt 0.360204 0.981001
vt 0.357059 0.983758
vt 0.357059 0.981001
vt 0.112284 0.889483
vt 0.109139 0.892174
vt 0.109139 0.889483
vt 0.427579 0.557356
vt 0.424336 0.560046
vt 0.424336 0.557356
vt 0.217908 0.983610
vt 0.216488 0.981406
vt 0.217908 0.981406
vt 0.072735 0.970555
vt 0.071544 0.972784
vt 0.071544 0.970027
vt 0.459757 0.700882
vt 0.456514 0.703638
vt 0.456514 0.700882
vt 0.122322 0.982029
vt 0.122322 0.979339
vt 0.265293 0.980744
vt 0.266484 0.982973
vt 0.265293 0.982973
vt 0.073926 0.972784
vt 0.072735 0.972784
vt 0.394497 0.984057
vt 0.395688 0.981828
vt 0.395688 0.984585
vt 0.137802 0.979273
vt 0.134657 0.981964
vt 0.134657 0.979273
vt 0.264102 0.982973
vt 0.264102 0.980282
vt 0.305988 0.982764
vt 0.307404 0.980536
vt 0.307404 0.983293
vt 0.416954 0.981153
vt 0.418144 0.983382
vt 0.416954 0.983382
vt 0.351613 0.981001
vt 0.348468 0.983758
vt 0.348468 0.981001
vt 0.342911 0.984245
vt 0.340185 0.981001
vt 0.342911 0.981001
vt 0.432029 0.557398
vt 0.428786 0.560059
vt 0.428786 0.557398
vt 0.246154 0.981406
vt 0.247571 0.981406
vt 0.393307 0.981828
vt 0.394497 0.981828
vt 0.304571 0.980536
vt 0.305988 0.980536
vt 0.415764 0.983382
vt 0.415764 0.980691
vt 0.219329 0.981406
vt 0.219329 0.984132
vt 0.247571 0.980216
vt 0.432029 0.560059
vt 0.428786 0.561249
vt 0.122322 0.983232
vt 0.305988 0.979334
vt 0.473590 0.856876
vt 0.472646 0.827784
vt 0.473590 0.827774
vt 0.427579 0.560046
vt 0.424336 0.561249
vt 0.248988 0.980216
vt 0.395688 0.980625
vt 0.470078 0.704957
vt 0.469123 0.734051
vt 0.468397 0.704935
vt 0.112284 0.892174
vt 0.109139 0.893378
vt 0.416954 0.984586
vt 0.071544 0.973988
vt 0.364555 0.976551
vt 0.340185 0.978993
vt 0.340185 0.977151
vt 0.394497 0.980625
vt 0.137802 0.981964
vt 0.134657 0.983167
vt 0.265293 0.984176
vt 0.219329 0.980216
vt 0.415764 0.984586
vt 0.275893 0.662342
vt 0.246794 0.659906
vt 0.275893 0.659197
vt 0.072735 0.973988
vt 0.123743 0.983232
vt 0.307404 0.979334
vt 0.264102 0.984176
vt 0.217908 0.980216
vt 0.041446 0.985163
vt 0.040030 0.982915
vt 0.041446 0.982915
vt 0.038613 0.985163
vt 0.038613 0.982915
vt 0.144413 0.985629
vt 0.146732 0.986819
vt 0.144413 0.986819
vt 0.146732 0.984438
vt 0.144413 0.984438
vt 0.060149 0.984262
vt 0.057901 0.982842
vt 0.060149 0.982842
vt 0.057901 0.985682
vt 0.060149 0.985682
vt 0.305085 0.986878
vt 0.307404 0.985689
vt 0.307404 0.986878
vt 0.305085 0.984499
vt 0.307404 0.984499
vt 0.292296 0.928487
vt 0.293252 0.929805
vt 0.292296 0.929805
vt 0.408199 0.717741
vt 0.409144 0.719058
vt 0.408199 0.719058
vt 0.182853 0.959093
vt 0.181897 0.957816
vt 0.182853 0.957816
vt 0.423853 0.656881
vt 0.422898 0.655604
vt 0.423853 0.655604
vt 0.401826 0.724325
vt 0.372744 0.721928
vt 0.401826 0.721181
vt 0.240908 0.971317
vt 0.216488 0.973740
vt 0.216488 0.971898
vt 0.310960 0.721181
vt 0.281875 0.723579
vt 0.281875 0.721794
vt 0.475834 0.663575
vt 0.474879 0.687994
vt 0.474153 0.663548
vt 0.130306 0.974824
vt 0.154696 0.977224
vt 0.130306 0.978067
vt 0.129100 0.994810
vt 0.128145 0.970390
vt 0.129100 0.970375
vt 0.467234 0.801287
vt 0.466279 0.825707
vt 0.465553 0.801260
vt 0.470721 0.856879
vt 0.469766 0.827786
vt 0.470721 0.827774
vt 0.472162 0.742933
vt 0.471218 0.772026
vt 0.470499 0.742914
vt 0.403267 0.590861
vt 0.374215 0.593271
vt 0.374215 0.591485
vt 0.476000 0.982652
vt 0.475045 0.958232
vt 0.476000 0.958217
vt 0.154741 0.969169
vt 0.130306 0.966726
vt 0.154741 0.965925
vt 0.377176 0.663548
vt 0.378075 0.664333
vt 0.074191 0.793867
vt 0.075110 0.794637
vt 0.465273 0.590605
vt 0.462562 0.563795
vt 0.465273 0.563795
vt 0.103918 0.986622
vt 0.101207 0.984373
vt 0.103918 0.984373
vt 0.073926 0.964719
vt 0.045599 0.961824
vt 0.073926 0.961824
vt 0.411176 0.935283
vt 0.414072 0.933034
vt 0.414072 0.935283
vt 0.409009 0.595212
vt 0.409929 0.595985
vt 0.345194 0.776644
vt 0.346093 0.777431
vt 0.467357 0.962916
vt 0.464646 0.989727
vt 0.464646 0.962916
vt 0.086052 0.986687
vt 0.083342 0.984438
vt 0.086052 0.984438
vt 0.457104 0.827774
vt 0.460000 0.856100
vt 0.457104 0.856100
vt 0.267407 0.777606
vt 0.270303 0.775358
vt 0.270303 0.777606
vt 0.377085 0.725531
vt 0.377987 0.726070
vt 0.312478 0.776644
vt 0.313403 0.777194
vt 0.455125 0.620464
vt 0.452372 0.654653
vt 0.056695 0.982842
vt 0.053800 0.985161
vt 0.053800 0.982842
vt 0.449069 0.781357
vt 0.445741 0.749027
vt 0.461752 0.859987
vt 0.464071 0.857306
vt 0.464071 0.859986
vt 0.040522 0.895780
vt 0.041446 0.896332
vt 0.209717 0.844836
vt 0.210619 0.845376
vt 0.186900 0.981703
vt 0.170702 0.983189
vt 0.173412 0.985509
vt 0.170702 0.985509
vt 0.430244 0.866100
vt 0.456681 0.981550
vt 0.459000 0.984413
vt 0.456681 0.984413
vt 0.225991 0.980739
vt 0.224574 0.982943
vt 0.224574 0.980282
vt 0.153276 0.979801
vt 0.154696 0.982029
vt 0.153276 0.982029
vt 0.364555 0.981001
vt 0.361410 0.983758
vt 0.361410 0.981001
vt 0.112373 0.838514
vt 0.109229 0.841206
vt 0.109229 0.838514
vt 0.410338 0.557356
vt 0.413028 0.560600
vt 0.410338 0.560600
vt 0.310031 0.979856
vt 0.311451 0.982059
vt 0.310031 0.982060
vt 0.231638 0.983648
vt 0.232829 0.981419
vt 0.232829 0.984177
vt 0.180294 0.961824
vt 0.177050 0.964580
vt 0.177050 0.961824
vt 0.151855 0.982029
vt 0.151855 0.979339
vt 0.254973 0.980744
vt 0.256164 0.982973
vt 0.254973 0.982973
vt 0.230447 0.981419
vt 0.231638 0.981419
vt 0.401670 0.984057
vt 0.402860 0.981828
vt 0.402860 0.984585
vt 0.139008 0.979273
vt 0.141699 0.982417
vt 0.139008 0.982417
vt 0.253782 0.982973
vt 0.253782 0.980282
vt 0.084635 0.982703
vt 0.086052 0.980476
vt 0.086052 0.983232
vt 0.424127 0.981153
vt 0.425317 0.983382
vt 0.424127 0.983382
vt 0.203364 0.981519
vt 0.200219 0.984276
vt 0.200219 0.981519
vt 0.321268 0.984244
vt 0.318541 0.981001
vt 0.321268 0.981001
vt 0.428317 0.645474
vt 0.425073 0.648135
vt 0.425073 0.645474
vt 0.227408 0.982942
vt 0.225991 0.982942
vt 0.400480 0.981828
vt 0.401670 0.981828
vt 0.083219 0.980476
vt 0.084635 0.980476
vt 0.422936 0.983382
vt 0.422936 0.980691
vt 0.308610 0.982060
vt 0.308611 0.979334
vt 0.225991 0.984132
vt 0.428317 0.648134
vt 0.425073 0.649325
vt 0.151855 0.983232
vt 0.084635 0.979273
vt 0.474357 0.562331
vt 0.473413 0.533239
vt 0.474357 0.533229
vt 0.413028 0.557356
vt 0.414231 0.560600
vt 0.224574 0.984133
vt 0.402860 0.980625
vt 0.471488 0.533251
vt 0.470534 0.562344
vt 0.469807 0.533229
vt 0.112373 0.841206
vt 0.109229 0.842409
vt 0.424127 0.984586
vt 0.232829 0.980216
vt 0.382545 0.979419
vt 0.406915 0.976977
vt 0.406915 0.978819
vt 0.401670 0.980625
vt 0.141699 0.979273
vt 0.142902 0.982417
vt 0.254973 0.984176
vt 0.308611 0.983250
vt 0.422936 0.984586
vt 0.279211 0.606191
vt 0.250112 0.603755
vt 0.279211 0.603046
vt 0.231638 0.980216
vt 0.153276 0.983232
vt 0.086052 0.979273
vt 0.253782 0.984176
vt 0.310031 0.983250
vt 0.159416 0.986023
vt 0.161664 0.984606
vt 0.161664 0.986023
vt 0.159416 0.983189
vt 0.161664 0.983189
vt 0.091175 0.985629
vt 0.093494 0.986819
vt 0.091175 0.986819
vt 0.093494 0.984438
vt 0.091175 0.984438
vt 0.064209 0.984262
vt 0.061960 0.982842
vt 0.064209 0.982842
vt 0.061960 0.985682
vt 0.064209 0.985682
vt 0.349293 0.987344
vt 0.351613 0.986154
vt 0.351613 0.987344
vt 0.349293 0.984964
vt 0.351613 0.984964
vt 0.408199 0.720485
vt 0.409154 0.721802
vt 0.408199 0.721802
vt 0.292307 0.931011
vt 0.293252 0.932328
vt 0.292307 0.932328
vt 0.182853 0.956610
vt 0.181897 0.955333
vt 0.182853 0.955333
vt 0.421692 0.656881
vt 0.420736 0.655604
vt 0.421692 0.655604
vt 0.373011 0.587342
vt 0.343930 0.584945
vt 0.373011 0.584198
vt 0.099552 0.970375
vt 0.075132 0.972798
vt 0.075132 0.970956
vt 0.341250 0.714661
vt 0.312166 0.717060
vt 0.312166 0.715274
vt 0.476477 0.827800
vt 0.475522 0.852220
vt 0.474796 0.827774
vt 0.214563 0.975962
vt 0.190173 0.973562
vt 0.214563 0.972719
vt 0.215194 0.893372
vt 0.214239 0.868953
vt 0.215194 0.868937
vt 0.300276 0.967897
vt 0.299321 0.992316
vt 0.298594 0.967870
vt 0.470642 0.896412
vt 0.469687 0.867319
vt 0.470642 0.867306
vt 0.472947 0.693902
vt 0.472002 0.722995
vt 0.471284 0.693882
vt 0.403270 0.584198
vt 0.374217 0.586607
vt 0.374217 0.584821
vt 0.476398 0.891741
vt 0.475443 0.867321
vt 0.476398 0.867306
vt 0.099567 0.969169
vt 0.075132 0.966726
vt 0.099567 0.965925
vt 0.344486 0.878815
vt 0.345385 0.879599
vt 0.344336 0.595212
vt 0.345255 0.595982
vt 0.467191 0.731745
vt 0.464479 0.704935
vt 0.467191 0.704935
vt 0.137802 0.986622
vt 0.135091 0.984373
vt 0.137802 0.984373
vt 0.424111 0.939410
vt 0.395784 0.936514
vt 0.424111 0.936514
vt 0.419379 0.935283
vt 0.422274 0.933034
vt 0.422274 0.935283
vt 0.409050 0.877490
vt 0.409970 0.878263
vt 0.247073 0.838626
vt 0.247972 0.839413
vt 0.467357 0.961710
vt 0.464646 0.934900
vt 0.467357 0.934900
vt 0.125163 0.986687
vt 0.122452 0.984438
vt 0.125163 0.984438
vt 0.293561 0.983915
vt 0.296457 0.955588
vt 0.296457 0.983915
vt 0.275611 0.777606
vt 0.278507 0.775358
vt 0.278507 0.777606
vt 0.279008 0.837301
vt 0.279910 0.837839
vt 0.312478 0.725531
vt 0.313403 0.726082
vt 0.455677 0.871272
vt 0.452925 0.905460
vt 0.072410 0.982842
vt 0.069515 0.985161
vt 0.069515 0.982842
vt 0.448965 0.599925
vt 0.445637 0.567595
vt 0.106699 0.986305
vt 0.109018 0.983624
vt 0.109018 0.986304
vt 0.106167 0.895780
vt 0.107092 0.896333
vt 0.377131 0.595212
vt 0.378033 0.595752
vt 0.041446 0.981703
vt 0.180062 0.983189
vt 0.182772 0.985509
vt 0.180062 0.985509
vt 0.211700 0.934150
vt 0.462882 0.694428
vt 0.460562 0.691565
vt 0.462882 0.691565
vt 0.243531 0.980739
vt 0.242114 0.982943
vt 0.242114 0.980282
vt 0.145528 0.979801
vt 0.146948 0.982029
vt 0.145528 0.982029
vt 0.107810 0.961824
vt 0.104665 0.964581
vt 0.104665 0.961824
vt 0.203364 0.980313
vt 0.200673 0.977168
vt 0.203364 0.977168
vt 0.310633 0.658449
vt 0.307389 0.661139
vt 0.307389 0.658449
vt 0.459984 0.822591
vt 0.458564 0.820388
vt 0.459984 0.820387
vt 0.251385 0.980745
vt 0.250194 0.982973
vt 0.250194 0.980216
vt 0.021695 0.980992
vt 0.024451 0.984235
vt 0.021695 0.984235
vt 0.144108 0.982029
vt 0.144108 0.979339
vt 0.431300 0.981153
vt 0.432491 0.983382
vt 0.431300 0.983382
vt 0.252576 0.982973
vt 0.251385 0.982973
vt 0.398084 0.984057
vt 0.399274 0.981828
vt 0.399274 0.984585
vt 0.113369 0.979273
vt 0.110224 0.981964
vt 0.110224 0.979273
vt 0.430109 0.983382
vt 0.430109 0.980691
vt 0.080596 0.982703
vt 0.082012 0.980476
vt 0.082012 0.983232
vt 0.427713 0.981153
vt 0.428903 0.983382
vt 0.427713 0.983382
vt 0.282634 0.982781
vt 0.279489 0.985538
vt 0.279489 0.982781
vt 0.335046 0.984244
vt 0.332320 0.981001
vt 0.335046 0.981001
vt 0.453957 0.657380
vt 0.450714 0.660041
vt 0.450714 0.657380
vt 0.244948 0.982942
vt 0.243531 0.982942
vt 0.396894 0.981828
vt 0.398084 0.981828
vt 0.079179 0.980476
vt 0.080596 0.980476
vt 0.426523 0.983382
vt 0.426523 0.980691
vt 0.461405 0.820387
vt 0.461405 0.823113
vt 0.243531 0.984132
vt 0.453957 0.660041
vt 0.450714 0.661231
vt 0.144108 0.983232
vt 0.080596 0.979273
vt 0.473113 0.935985
vt 0.472169 0.906894
vt 0.473113 0.906883
vt 0.310633 0.661139
vt 0.307389 0.662342
vt 0.242114 0.984133
vt 0.399274 0.980625
vt 0.470244 0.937239
vt 0.469289 0.966332
vt 0.468563 0.937217
vt 0.200673 0.980313
vt 0.199469 0.977168
vt 0.427713 0.984586
vt 0.250194 0.984177
vt 0.240858 0.975766
vt 0.216488 0.978207
vt 0.216488 0.976366
vt 0.398084 0.980625
vt 0.113369 0.981964
vt 0.110224 0.983167
vt 0.431300 0.984585
vt 0.461405 0.819197
vt 0.426523 0.984586
vt 0.245588 0.662342
vt 0.216489 0.659906
vt 0.245588 0.659197
vt 0.251385 0.984177
vt 0.145528 0.983232
vt 0.082012 0.979273
vt 0.430109 0.984585
vt 0.459984 0.819197
vt 0.184652 0.985748
vt 0.186900 0.984332
vt 0.186900 0.985748
vt 0.184652 0.982915
vt 0.186900 0.982915
vt 0.115766 0.984438
vt 0.114575 0.986757
vt 0.114575 0.984438
vt 0.116956 0.986757
vt 0.116956 0.984438
vt 0.454516 0.784162
vt 0.456765 0.785582
vt 0.454516 0.785582
vt 0.456765 0.782742
vt 0.454516 0.782742
vt 0.355853 0.984526
vt 0.353534 0.985716
vt 0.353533 0.984526
vt 0.355853 0.986906
vt 0.353533 0.986906
vt 0.408199 0.723008
vt 0.409154 0.724325
vt 0.408199 0.724325
vt 0.292307 0.936057
vt 0.293252 0.937375
vt 0.292307 0.937375
vt 0.182853 0.951644
vt 0.181897 0.950366
vt 0.182853 0.950366
vt 0.417368 0.656881
vt 0.416412 0.655604
vt 0.417368 0.655604
vt 0.342721 0.594005
vt 0.313639 0.591608
vt 0.342721 0.590861
vt 0.125193 0.970375
vt 0.100773 0.972797
vt 0.100773 0.970956
vt 0.310960 0.714661
vt 0.281875 0.717059
vt 0.281875 0.715274
vt 0.475834 0.693904
vt 0.474879 0.718324
vt 0.474153 0.693878
vt 0.099522 0.978067
vt 0.075132 0.975666
vt 0.099522 0.974824
vt 0.474964 0.588230
vt 0.474010 0.563810
vt 0.474964 0.563795
vt 0.303163 0.967897
vt 0.302208 0.992316
vt 0.301482 0.967870
vt 0.145131 0.925029
vt 0.144176 0.895936
vt 0.145131 0.895923
vt 0.472947 0.663568
vt 0.472002 0.692661
vt 0.471284 0.663548
vt 0.401797 0.716830
vt 0.372744 0.719239
vt 0.372744 0.717453
vt 0.477244 0.557663
vt 0.476289 0.533244
vt 0.477244 0.533229
vt 0.129100 0.969169
vt 0.104665 0.966726
vt 0.129100 0.965925
vt 0.377176 0.877375
vt 0.378075 0.878159
vt 0.041368 0.793867
vt 0.042288 0.794637
vt 0.464685 0.560039
vt 0.461973 0.533229
vt 0.464685 0.533229
vt 0.154696 0.986687
vt 0.151985 0.984438
vt 0.154696 0.984438
vt 0.287320 0.955588
vt 0.284425 0.983915
vt 0.284425 0.955588
vt 0.394141 0.715624
vt 0.397037 0.713375
vt 0.397037 0.715624
vt 0.408963 0.726883
vt 0.409882 0.727656
vt 0.312461 0.827756
vt 0.313359 0.828543
vt 0.467357 0.933694
vt 0.464646 0.906883
vt 0.467357 0.906883
vt 0.077973 0.986687
vt 0.075262 0.984438
vt 0.077973 0.984438
vt 0.449667 0.561555
vt 0.452563 0.533229
vt 0.452563 0.561555
vt 0.275611 0.597490
vt 0.278507 0.595241
vt 0.278507 0.597490
vt 0.376248 0.533229
vt 0.377150 0.533767
vt 0.312478 0.663548
vt 0.313403 0.664099
vt 0.455166 0.706874
vt 0.452413 0.741063
vt 0.052594 0.982842
vt 0.049700 0.985161
vt 0.049700 0.982842
vt 0.451656 0.865901
vt 0.448328 0.833571
vt 0.461673 0.905460
vt 0.463993 0.902780
vt 0.463993 0.905460
vt 0.208897 0.895780
vt 0.209822 0.896332
vt 0.074208 0.844836
vt 0.075110 0.845376
vt 0.457358 0.823108
vt 0.071216 0.975194
vt 0.073926 0.977513
vt 0.071216 0.977513
vt 0.434985 0.905677
vt 0.462882 0.699675
vt 0.460562 0.696813
vt 0.462882 0.696812
vt 0.239491 0.980739
vt 0.238074 0.982943
vt 0.238074 0.980282
vt 0.076552 0.979801
vt 0.077973 0.982029
vt 0.076552 0.982029
vt 0.325619 0.981001
vt 0.322474 0.983758
vt 0.322474 0.981001
vt 0.112284 0.884382
vt 0.109139 0.887074
vt 0.109139 0.884382
vt 0.423130 0.557356
vt 0.419886 0.560046
vt 0.419886 0.557356
vt 0.459984 0.783277
vt 0.458564 0.781073
vt 0.459984 0.781073
vt 0.119926 0.982705
vt 0.121116 0.980476
vt 0.121116 0.983234
vt 0.112329 0.961824
vt 0.109086 0.964580
vt 0.109086 0.961824
vt 0.075132 0.982029
vt 0.075132 0.979339
vt 0.383736 0.981153
vt 0.384927 0.983382
vt 0.383736 0.983382
vt 0.118735 0.980476
vt 0.119926 0.980476
vt 0.405725 0.984057
vt 0.406915 0.981828
vt 0.406915 0.984585
vt 0.130306 0.983167
vt 0.133451 0.980476
vt 0.133451 0.983167
vt 0.382545 0.983382
vt 0.382545 0.980691
vt 0.094066 0.979801
vt 0.092649 0.982029
vt 0.092649 0.979273
vt 0.420540 0.981153
vt 0.421730 0.983382
vt 0.420540 0.983382
vt 0.278283 0.982781
vt 0.275139 0.985538
vt 0.275139 0.982781
vt 0.338979 0.984244
vt 0.336252 0.981001
vt 0.338979 0.981001
vt 0.458407 0.657380
vt 0.455163 0.660041
vt 0.455163 0.657380
vt 0.240908 0.982942
vt 0.239491 0.982942
vt 0.404535 0.981828
vt 0.405725 0.981828
vt 0.095482 0.982029
vt 0.094066 0.982029
vt 0.419350 0.983382
vt 0.419350 0.980691
vt 0.461405 0.781073
vt 0.461405 0.783799
vt 0.239491 0.984132
vt 0.458407 0.660041
vt 0.455163 0.661231
vt 0.075132 0.983232
vt 0.094066 0.983232
vt 0.470226 0.996653
vt 0.469282 0.967562
vt 0.470226 0.967551
vt 0.423130 0.560046
vt 0.419886 0.561249
vt 0.238074 0.984133
vt 0.406915 0.980625
vt 0.045196 0.895802
vt 0.044242 0.924895
vt 0.043515 0.895780
vt 0.112284 0.887074
vt 0.109139 0.888277
vt 0.420540 0.984586
vt 0.121116 0.979273
vt 0.432491 0.976175
vt 0.408121 0.978617
vt 0.408121 0.976775
vt 0.405725 0.980625
vt 0.130306 0.980476
vt 0.133451 0.979273
vt 0.383736 0.984585
vt 0.461405 0.779883
vt 0.419350 0.984586
vt 0.279210 0.781957
vt 0.250111 0.779522
vt 0.279210 0.778813
vt 0.119926 0.979273
vt 0.076553 0.983232
vt 0.092649 0.983232
vt 0.382545 0.984585
vt 0.459984 0.779883
vt 0.037399 0.982915
vt 0.035150 0.984332
vt 0.035150 0.982915
vt 0.037399 0.985749
vt 0.035150 0.985749
vt 0.094700 0.985629
vt 0.097020 0.986819
vt 0.094700 0.986819
vt 0.097020 0.984438
vt 0.094700 0.984438
vt 0.460729 0.936320
vt 0.462977 0.937740
vt 0.460729 0.937740
vt 0.462977 0.934900
vt 0.460729 0.934900
vt 0.310990 0.986775
vt 0.309800 0.984456
vt 0.310990 0.984456
vt 0.308610 0.986775
vt 0.308610 0.984456
vt 0.279713 0.776289
vt 0.280668 0.777606
vt 0.279713 0.777606
vt 0.413055 0.656881
vt 0.412110 0.655564
vt 0.413055 0.655564
vt 0.182853 0.954127
vt 0.181897 0.952850
vt 0.182853 0.952850
vt 0.182853 0.946677
vt 0.181897 0.945400
vt 0.182853 0.945400
vt 0.371538 0.717805
vt 0.342456 0.715408
vt 0.371538 0.714661
vt 0.155961 0.973618
vt 0.180382 0.971197
vt 0.180382 0.973038
vt 0.342724 0.584198
vt 0.313639 0.586596
vt 0.313639 0.584811
vt 0.476000 0.932577
vt 0.475045 0.956996
vt 0.474319 0.932550
vt 0.069989 0.977719
vt 0.045599 0.975318
vt 0.069989 0.974476
vt 0.462410 0.996668
vt 0.461456 0.972248
vt 0.462410 0.972233
vt 0.273933 0.971345
vt 0.272978 0.995764
vt 0.272251 0.971317
vt 0.470244 0.935989
vt 0.469289 0.906895
vt 0.470244 0.906883
vt 0.473089 0.616518
vt 0.472145 0.645611
vt 0.471426 0.616499
vt 0.423867 0.658087
vt 0.394814 0.660497
vt 0.394814 0.658711
vt 0.475049 0.767349
vt 0.474095 0.742929
vt 0.475049 0.742914
vt 0.070034 0.973270
vt 0.045599 0.970827
vt 0.070034 0.970027
vt 0.408233 0.533229
vt 0.409132 0.534013
vt 0.209744 0.793867
vt 0.210663 0.794637
vt 0.463917 0.854584
vt 0.461206 0.827774
vt 0.463917 0.827774
vt 0.150649 0.986687
vt 0.147938 0.984438
vt 0.150649 0.984438
vt 0.458564 0.773554
vt 0.461459 0.745227
vt 0.461459 0.773554
vt 0.390040 0.715624
vt 0.392935 0.713375
vt 0.392935 0.715624
vt 0.408963 0.776644
vt 0.409883 0.777417
vt 0.345194 0.827729
vt 0.346093 0.828516
vt 0.182772 0.981983
vt 0.155961 0.979273
vt 0.182772 0.979273
vt 0.089969 0.986687
vt 0.087258 0.984438
vt 0.089969 0.984438
vt 0.458460 0.563795
vt 0.461356 0.592121
vt 0.458460 0.592121
vt 0.271510 0.597490
vt 0.274405 0.595241
vt 0.274405 0.597490
vt 0.279008 0.787513
vt 0.279910 0.788052
vt 0.176916 0.793867
vt 0.177841 0.794418
vt 0.455756 0.831739
vt 0.453003 0.865928
vt 0.048494 0.982842
vt 0.045599 0.985161
vt 0.045599 0.982842
vt 0.214563 0.971486
vt 0.211235 0.939156
vt 0.140582 0.986304
vt 0.142902 0.983624
vt 0.142902 0.986304
vt 0.176916 0.894767
vt 0.177841 0.895319
vt 0.106986 0.844836
vt 0.107888 0.845376
vt 0.457358 0.781530
vt 0.162870 0.983189
vt 0.165580 0.985509
vt 0.162870 0.985509
vt 0.108970 0.934151
vt 0.460562 0.738200
vt 0.462882 0.741062
vt 0.460562 0.741063
vt 0.221952 0.980739
vt 0.220535 0.982943
vt 0.220535 0.980282
vt 0.115995 0.979801
vt 0.117415 0.982029
vt 0.115995 0.982029
vt 0.331114 0.981001
vt 0.327969 0.983758
vt 0.327969 0.981001
vt 0.210113 0.980313
vt 0.207422 0.977168
vt 0.210113 0.977168
vt 0.418680 0.557356
vt 0.415437 0.560046
vt 0.415437 0.557356
vt 0.459984 0.778154
vt 0.458564 0.775951
vt 0.459984 0.775951
vt 0.149458 0.982705
vt 0.150649 0.980476
vt 0.150649 0.983234
vt 0.015995 0.980992
vt 0.018751 0.984235
vt 0.015995 0.984235
vt 0.114575 0.982029
vt 0.114575 0.979339
vt 0.258561 0.980744
vt 0.259751 0.982973
vt 0.258561 0.982973
vt 0.148268 0.980476
vt 0.149458 0.980476
vt 0.390911 0.984057
vt 0.392101 0.981828
vt 0.392101 0.984585
vt 0.105124 0.979273
vt 0.107815 0.982418
vt 0.105124 0.982418
vt 0.257370 0.982973
vt 0.257370 0.980282
vt 0.098105 0.982703
vt 0.099522 0.980476
vt 0.099522 0.983232
vt 0.409782 0.981153
vt 0.410972 0.983382
vt 0.409781 0.983382
vt 0.214563 0.982226
vt 0.211418 0.984983
vt 0.211418 0.982226
vt 0.013397 0.984236
vt 0.010671 0.980992
vt 0.013397 0.980992
vt 0.445741 0.825197
vt 0.448985 0.822535
vt 0.448985 0.825196
vt 0.223368 0.982942
vt 0.221952 0.982942
vt 0.389721 0.981828
vt 0.390911 0.981828
vt 0.096688 0.980476
vt 0.098105 0.980476
vt 0.408591 0.983382
vt 0.408591 0.980691
vt 0.461405 0.775950
vt 0.461405 0.778677
vt 0.221951 0.984132
vt 0.445741 0.822536
vt 0.448985 0.821345
vt 0.114575 0.983232
vt 0.098105 0.979273
vt 0.473113 0.966319
vt 0.472169 0.937227
vt 0.473113 0.937217
vt 0.418680 0.560046
vt 0.415437 0.561249
vt 0.220535 0.984133
vt 0.392101 0.980625
vt 0.044334 0.945423
vt 0.043379 0.974516
vt 0.042653 0.945400
vt 0.207422 0.980313
vt 0.206219 0.977168
vt 0.409782 0.984586
vt 0.150649 0.979273
vt 0.266484 0.975766
vt 0.242114 0.978208
vt 0.242114 0.976366
vt 0.390911 0.980625
vt 0.107815 0.979273
vt 0.109018 0.982418
vt 0.258561 0.984176
vt 0.461405 0.774760
vt 0.408591 0.984586
vt 0.279210 0.786307
vt 0.250111 0.783872
vt 0.279210 0.783163
vt 0.149458 0.979273
vt 0.115995 0.983232
vt 0.099522 0.979273
vt 0.257370 0.984176
vt 0.459984 0.774761
vt 0.158210 0.983189
vt 0.155961 0.984606
vt 0.155961 0.983189
vt 0.158210 0.986023
vt 0.155961 0.986023
vt 0.449577 0.738250
vt 0.450768 0.735931
vt 0.450768 0.738250
vt 0.448387 0.735931
vt 0.448387 0.738250
vt 0.457893 0.656080
vt 0.459313 0.653832
vt 0.459313 0.656080
vt 0.456473 0.653832
vt 0.456473 0.656080
vt 0.344882 0.984964
vt 0.346072 0.987284
vt 0.344882 0.987284
vt 0.347262 0.984964
vt 0.347262 0.987284
vt 0.408199 0.715218
vt 0.409154 0.716535
vt 0.408199 0.716535
vt 0.293252 0.934851
vt 0.292307 0.933534
vt 0.293252 0.933534
vt 0.182853 0.949160
vt 0.181897 0.947883
vt 0.182853 0.947883
vt 0.279442 0.937986
vt 0.278486 0.936709
vt 0.279442 0.936709
vt 0.371538 0.724325
vt 0.342456 0.721928
vt 0.371538 0.721181
vt 0.154726 0.970375
vt 0.130306 0.972797
vt 0.130306 0.970955
vt 0.341250 0.721181
vt 0.312166 0.723580
vt 0.312166 0.721794
vt 0.475049 0.768608
vt 0.474095 0.793027
vt 0.473368 0.768581
vt 0.155961 0.974824
vt 0.180351 0.977224
vt 0.155961 0.978067
vt 0.269422 0.995752
vt 0.268467 0.971333
vt 0.269422 0.971317
vt 0.474964 0.589490
vt 0.474009 0.613910
vt 0.473283 0.589463
vt 0.470078 0.692654
vt 0.469123 0.663561
vt 0.470078 0.663548
vt 0.472162 0.773263
vt 0.471218 0.802356
vt 0.470499 0.773244
vt 0.423867 0.646181
vt 0.394814 0.648590
vt 0.394814 0.646804
vt 0.476000 0.931317
vt 0.475046 0.906898
vt 0.476000 0.906883
vt 0.180382 0.969169
vt 0.155947 0.966726
vt 0.180382 0.965925
vt 0.873510 0.546217
vt 0.875118 0.546217
vt 0.960469 0.541689
vt 0.961640 0.546217
vt 0.960049 0.546217
vt 0.964181 0.538611
vt 0.964577 0.439519
vt 0.964577 0.539089
vt 0.960469 0.471707
vt 0.962060 0.541690
vt 0.923484 0.240642
vt 0.922573 0.206733
vt 0.922573 0.204733
vt 0.832245 0.249861
vt 0.747458 0.248497
vt 0.832245 0.144860
vt 0.932487 0.135591
vt 0.842474 0.135591
vt 0.747458 0.135865
vt 0.832245 0.135853
vt 0.662408 0.020281
vt 0.819925 0.325069
vt 0.818647 0.250135
vt 0.819925 0.250135
vt 0.739925 0.251369
vt 0.741984 0.295446
vt 0.739925 0.295445
vt 0.976024 0.284944
vt 0.973964 0.240903
vt 0.976024 0.240903
vt 0.822960 0.250135
vt 0.821628 0.325069
vt 0.821628 0.250135
vt 0.797448 0.135591
vt 0.774880 0.398250
vt 0.774880 0.387649
vt 0.975672 0.109417
vt 0.973680 0.020281
vt 0.975672 0.020281
vt 0.774833 0.398368
vt 0.774836 0.587148
vt 0.989884 0.376933
vt 0.559875 0.371723
vt 0.989840 0.366750
vt 0.989839 0.371723
vt 0.961640 0.467185
vt 0.962060 0.471707
vt 0.876996 0.545007
vt 0.881470 0.548214
vt 0.876546 0.545548
vt 0.874507 0.539110
vt 0.874977 0.538631
vt 0.881873 0.547647
vt 0.957614 0.548196
vt 0.876997 0.433641
vt 0.874507 0.439540
vt 0.876546 0.433101
vt 0.881470 0.430433
vt 0.881872 0.430999
vt 0.962162 0.433621
vt 0.957614 0.430416
vt 0.962537 0.433082
vt 0.964181 0.439997
vt 0.962162 0.544988
vt 0.962537 0.545528
vt 0.747196 0.295448
vt 0.745136 0.251370
vt 0.747196 0.251369
vt 0.813743 0.325047
vt 0.811683 0.250135
vt 0.813743 0.250135
vt 0.977993 0.064245
vt 0.975934 0.020281
vt 0.977993 0.020281
vt 0.739664 0.295454
vt 0.737604 0.251369
vt 0.739664 0.251370
vt 0.747196 0.249716
vt 0.975934 0.064506
vt 0.977993 0.108476
vt 0.975934 0.108475
vt 0.973964 0.285206
vt 0.976024 0.329252
vt 0.973964 0.329252
vt 0.809362 0.250135
vt 0.811421 0.325047
vt 0.809362 0.325047
vt 0.971711 0.240903
vt 0.973703 0.330040
vt 0.971711 0.330039
vt 0.833427 0.171790
vt 0.922573 0.169774
vt 0.922573 0.171790
vt 0.825543 0.324236
vt 0.827603 0.250135
vt 0.827603 0.324236
vt 0.939249 0.133675
vt 0.937257 0.109688
vt 0.939249 0.109687
vt 0.821367 0.250135
vt 0.820589 0.325069
vt 0.820589 0.250135
vt 0.976966 0.315838
vt 0.976286 0.240903
vt 0.976966 0.240903
vt 0.907703 0.315838
vt 0.969196 0.240903
vt 0.969196 0.315838
vt 0.662408 0.251369
vt 0.737343 0.312970
vt 0.662408 0.312970
vt 0.907441 0.240903
vt 0.832507 0.302557
vt 0.832507 0.240903
vt 0.823221 0.324236
vt 0.825281 0.250135
vt 0.825281 0.324236
vt 0.816064 0.324236
vt 0.814004 0.250135
vt 0.816064 0.250135
vt 0.818386 0.324236
vt 0.816326 0.250135
vt 0.818386 0.250135
vt 0.830185 0.250135
vt 0.832245 0.325047
vt 0.830185 0.325047
vt 0.923746 0.135853
vt 0.957667 0.224998
vt 0.923746 0.224998
vt 0.990872 0.135853
vt 0.957929 0.224998
vt 0.957929 0.135853
vt 0.932749 0.109426
vt 0.966658 0.020281
vt 0.966658 0.109426
vt 0.932749 0.109687
vt 0.934741 0.133937
vt 0.932749 0.133937
vt 0.941503 0.133675
vt 0.939510 0.109697
vt 0.941503 0.109696
vt 0.943756 0.133675
vt 0.941764 0.110125
vt 0.943756 0.110125
vt 0.946010 0.133675
vt 0.944018 0.110380
vt 0.946010 0.110379
vt 0.973419 0.109417
vt 0.971427 0.020281
vt 0.973419 0.020281
vt 0.968912 0.109407
vt 0.966919 0.020281
vt 0.968912 0.020281
vt 0.971450 0.330029
vt 0.969457 0.240903
vt 0.971450 0.240903
vt 0.935003 0.109687
vt 0.936995 0.133928
vt 0.935003 0.133928
vt 0.971165 0.109407
vt 0.969173 0.020281
vt 0.971165 0.020281
vt 0.875374 0.544390
vt 0.874977 0.440018
vt 0.957285 0.430981
vt 0.957285 0.547630
vt 0.959880 0.546217
vt 0.955042 0.544558
vt 0.959880 0.544609
vt 0.963300 0.538590
vt 0.989791 0.398368
vt 0.989794 0.587148
vt 0.961862 0.434066
vt 0.961862 0.544559
vt 0.963866 0.538233
vt 0.876587 0.544995
vt 0.881346 0.548100
vt 0.876299 0.545365
vt 0.874250 0.538895
vt 0.874584 0.538667
vt 0.956305 0.548101
vt 0.881425 0.547617
vt 0.956238 0.547618
vt 0.961075 0.544996
vt 0.961388 0.545347
vt 0.963410 0.538961
vt 0.963079 0.538669
vt 0.962529 0.471565
vt 0.874584 0.440803
vt 0.876587 0.434475
vt 0.874250 0.440461
vt 0.876255 0.434130
vt 0.963410 0.440606
vt 0.961075 0.434476
vt 0.961352 0.434107
vt 0.956305 0.431373
vt 0.881425 0.431854
vt 0.881346 0.431372
vt 0.877365 0.544579
vt 0.875361 0.538253
vt 0.882203 0.547198
vt 0.875361 0.440413
vt 0.882203 0.431464
vt 0.957024 0.431447
vt 0.877365 0.434086
vt 0.875118 0.467185
vt 0.875205 0.471710
vt 0.193610 0.980968
vt 0.190181 0.984768
vt 0.190173 0.980968
vt 0.408437 0.585574
vt 0.404476 0.588754
vt 0.404806 0.584198
vt 0.408437 0.591927
vt 0.404806 0.593305
vt 0.434345 0.735931
vt 0.437775 0.739730
vt 0.434294 0.739730
vt 0.434345 0.743530
vt 0.369306 0.977928
vt 0.365761 0.981105
vt 0.365829 0.976551
vt 0.310284 0.978128
vt 0.306938 0.977819
vt 0.310284 0.968178
vt 0.369306 0.984281
vt 0.365829 0.985658
vt 0.190181 0.977168
vt 0.447175 0.739730
vt 0.443746 0.743530
vt 0.443738 0.739730
vt 0.285837 0.929863
vt 0.281875 0.933043
vt 0.282205 0.928487
vt 0.285837 0.936217
vt 0.282205 0.937595
vt 0.406505 0.927251
vt 0.409934 0.931050
vt 0.406454 0.931050
vt 0.406505 0.934850
vt 0.381339 0.977928
vt 0.377794 0.981105
vt 0.377862 0.976551
vt 0.016384 0.979786
vt 0.013038 0.979478
vt 0.016384 0.969836
vt 0.381339 0.984281
vt 0.377862 0.985658
vt 0.443746 0.735931
vt 0.460541 0.861106
vt 0.457111 0.864906
vt 0.457104 0.861106
vt 0.406993 0.716594
vt 0.403032 0.719774
vt 0.403362 0.715218
vt 0.406993 0.722947
vt 0.403362 0.724325
vt 0.401782 0.927251
vt 0.405212 0.931050
vt 0.401732 0.931050
vt 0.401782 0.934850
vt 0.463003 0.604718
vt 0.459457 0.607895
vt 0.459525 0.603341
vt 0.439410 0.986433
vt 0.436064 0.986124
vt 0.439410 0.976483
vt 0.463003 0.611071
vt 0.459525 0.612448
vt 0.457111 0.857306
vt 0.460462 0.901661
vt 0.457033 0.905460
vt 0.457025 0.901661
vt 0.298419 0.929863
vt 0.294458 0.933043
vt 0.294788 0.928487
vt 0.298419 0.936217
vt 0.294788 0.937595
vt 0.397060 0.927251
vt 0.400490 0.931050
vt 0.397010 0.931050
vt 0.397060 0.934850
vt 0.428862 0.935781
vt 0.425317 0.938958
vt 0.425385 0.934404
vt 0.022324 0.979477
vt 0.028037 0.972968
vt 0.025671 0.979786
vt 0.428862 0.942134
vt 0.425385 0.943511
vt 0.457033 0.897861
vt 0.461897 0.597127
vt 0.458468 0.600927
vt 0.458460 0.597127
vt 0.112259 0.936733
vt 0.108298 0.939912
vt 0.108628 0.935357
vt 0.112259 0.943086
vt 0.108628 0.944464
vt 0.429623 0.735931
vt 0.433053 0.739730
vt 0.429572 0.739730
vt 0.429623 0.743530
vt 0.374058 0.977928
vt 0.370512 0.981105
vt 0.370581 0.976551
vt 0.452538 0.603341
vt 0.455884 0.603649
vt 0.452537 0.613290
vt 0.374058 0.984281
vt 0.370581 0.985658
vt 0.458468 0.593328
vt 0.198258 0.980968
vt 0.194829 0.984768
vt 0.194821 0.980968
vt 0.291004 0.929863
vt 0.287043 0.933043
vt 0.287373 0.928487
vt 0.291004 0.936217
vt 0.287373 0.937595
vt 0.439067 0.735931
vt 0.442497 0.739730
vt 0.439016 0.739730
vt 0.439067 0.743530
vt 0.449275 0.977552
vt 0.445730 0.980729
vt 0.445798 0.976175
vt 0.280852 0.981575
vt 0.277505 0.981267
vt 0.280852 0.971626
vt 0.449275 0.983905
vt 0.445798 0.985282
vt 0.194829 0.977168
vt 0.747458 0.250135
vt 0.809100 0.325069
vt 0.747458 0.325069
vt 0.744875 0.295440
vt 0.742815 0.251370
vt 0.744875 0.251369
vt 0.827864 0.325047
vt 0.829924 0.250135
vt 0.829924 0.325047
vt 0.846568 0.387650
vt 0.956204 0.547680
vt 0.961295 0.544922
vt 0.881234 0.430939
vt 0.846506 0.398368
vt 0.874129 0.440079
vt 0.955042 0.544382
vt 0.875374 0.546217
vt 0.559875 0.398250
vt 0.563782 0.345438
vt 0.832507 0.135853
vt 0.833427 0.135853
vt 0.833427 0.169774
vt 0.833427 0.204733
vt 0.932487 0.126481
vt 0.560225 0.345438
vt 0.560224 0.355919
vt 0.662408 0.135591
vt 0.843585 0.024055
vt 0.844496 0.024055
vt 0.934027 0.033164
vt 0.888547 0.024055
vt 0.889461 0.024055
vt 0.933541 0.024055
vt 0.934027 0.024055
vt 0.754439 0.024055
vt 0.664505 0.024055
vt 0.708478 0.024055
vt 0.663948 0.024055
vt 0.888545 0.022402
vt 0.889497 0.022402
vt 0.934027 0.023794
vt 0.933471 0.022402
vt 0.934027 0.022402
vt 0.663948 0.022402
vt 0.664435 0.022402
vt 0.708515 0.022402
vt 0.709429 0.022402
vt 0.843536 0.022402
vt 0.844457 0.022402
vt 0.560224 0.366633
vt 0.559875 0.365945
vt 0.560224 0.356037
vt 0.698776 0.356037
vt 0.662408 0.135853
vt 0.559875 0.386835
vt 0.989791 0.376815
vt 0.846506 0.376815
vt 0.703161 0.376815
vt 0.559875 0.376815
vt 0.482330 0.287027
vt 0.249403 0.818449
vt 0.378684 0.550926
vt 0.147355 0.925497
vt 0.379336 0.794275
vt 0.045599 0.968821
vt 0.445565 0.533229
vt 0.460562 0.690359
vt 0.465123 0.854584
vt 0.434985 0.867334
vt 0.249403 0.868237
vt 0.314937 0.896512
vt 0.076606 0.926511
vt 0.379424 0.895121
vt 0.314755 0.845848
vt 0.076613 0.876402
vt 0.179383 0.812052
vt 0.146499 0.825641
vt 0.457358 0.745227
vt 0.108970 0.895808
vt 0.465044 0.894116
vt 0.463440 0.944216
vt 0.445637 0.601158
vt 0.424111 0.940616
vt 0.457358 0.786805
vt 0.282061 0.695323
vt 0.011007 0.812052
vt 0.043835 0.876402
vt 0.282021 0.845875
vt 0.379336 0.744515
vt 0.179336 0.926510
vt 0.216634 0.856744
vt 0.346758 0.626777
vt 0.313975 0.613396
vt 0.147334 0.875915
vt 0.347627 0.845426
vt 0.249511 0.917819
vt 0.141862 0.961824
vt 0.457025 0.867306
vt 0.462666 0.800054
vt 0.466583 0.772037
vt 0.430244 0.867334
vt 0.036435 0.945400
vt 0.216674 0.819287
vt 0.313975 0.551413
vt 0.113832 0.876546
vt 0.314755 0.681667
vt 0.379424 0.845361
vt 0.314755 0.743650
vt 0.010968 0.876402
vt 0.076652 0.812052
vt 0.113765 0.825641
vt 0.457254 0.563795
vt 0.292355 0.983915
vt 0.441463 0.533229
vt 0.463838 0.867306
vt 0.466479 0.590605
vt 0.430244 0.827758
vt 0.186900 0.945400
vt 0.282061 0.808418
vt 0.043830 0.812052
vt 0.179343 0.876402
vt 0.314755 0.794762
vt 0.379424 0.681180
vt 0.216777 0.920442
vt 0.282203 0.896539
vt 0.347480 0.807579
vt 0.434985 0.827758
vt 0.466583 0.800054
vt 0.460729 0.933694
vt 0.433259 0.533229
vt 0.143068 0.964719
vt 0.379382 0.612843
vt 0.010960 0.926510
vt 0.347627 0.681246
vt 0.347480 0.756467
vt 0.282061 0.757305
vt 0.041446 0.945400
vt 0.211700 0.895808
vt 0.465891 0.560039
vt 0.460562 0.731746
vt 0.437361 0.533229
vt 0.461459 0.815131
vt 0.347627 0.895072
vt 0.346643 0.564164
vt 0.464479 0.690358
vt 0.110658 0.986622
vt 0.075132 0.964719
vt 0.398243 0.713375
vt 0.045599 0.978925
vt 0.079179 0.986687
vt 0.453770 0.533229
vt 0.267408 0.595241
vt 0.455475 0.945031
vt 0.068309 0.985161
vt 0.446389 0.818747
vt 0.461673 0.897861
vt 0.033725 0.981709
vt 0.169496 0.983189
vt 0.433107 0.905648
vt 0.101140 0.968789
vt 0.432909 0.934404
vt 0.347262 0.983758
vt 0.430069 0.943446
vt 0.175844 0.964580
vt 0.388515 0.980625
vt 0.450768 0.739635
vt 0.414558 0.980625
vt 0.207715 0.984276
vt 0.314609 0.984244
vt 0.234035 0.984133
vt 0.025657 0.984886
vt 0.087258 0.983166
vt 0.234035 0.980216
vt 0.214563 0.981019
vt 0.087258 0.979273
vt 0.471848 0.896427
vt 0.428316 0.654424
vt 0.470220 0.645626
vt 0.112373 0.837308
vt 0.414558 0.984586
vt 0.338979 0.979795
vt 0.025657 0.980992
vt 0.103918 0.983167
vt 0.388515 0.984585
vt 0.250112 0.601191
vt 0.450768 0.743530
vt 0.432909 0.938363
vt 0.430069 0.939595
vt 0.460963 0.702299
vt 0.464071 0.863715
vt 0.462977 0.941590
vt 0.325619 0.986154
vt 0.280669 0.596172
vt 0.414261 0.656881
vt 0.181897 0.961576
vt 0.418574 0.656881
vt 0.343927 0.593394
vt 0.242114 0.971317
vt 0.306183 0.662341
vt 0.475049 0.818710
vt 0.100773 0.977508
vt 0.030706 0.993990
vt 0.464347 0.825722
vt 0.470396 0.592923
vt 0.473113 0.996668
vt 0.423867 0.653675
vt 0.474296 0.640960
vt 0.425073 0.660630
vt 0.462666 0.772037
vt 0.130740 0.986622
vt 0.460521 0.616499
vt 0.415278 0.933034
vt 0.464623 0.643309
vt 0.118406 0.986687
vt 0.457871 0.533229
vt 0.271509 0.775358
vt 0.455308 0.701696
vt 0.355853 0.983320
vt 0.448553 0.943040
vt 0.452632 0.983577
vt 0.454544 0.600103
vt 0.178856 0.983189
vt 0.437848 0.866072
vt 0.460562 0.735816
vt 0.125163 0.979273
vt 0.360204 0.983758
vt 0.216488 0.984067
vt 0.459757 0.703638
vt 0.266484 0.980216
vt 0.073926 0.970093
vt 0.418144 0.980625
vt 0.351613 0.983758
vt 0.340185 0.984244
vt 0.246154 0.984133
vt 0.393307 0.984519
vt 0.304571 0.983227
vt 0.246154 0.980216
vt 0.432029 0.561249
vt 0.304571 0.979334
vt 0.471927 0.856895
vt 0.427579 0.561249
vt 0.470078 0.734063
vt 0.112284 0.893378
vt 0.418144 0.984586
vt 0.364555 0.979795
vt 0.393307 0.980625
vt 0.137802 0.983167
vt 0.266484 0.984176
vt 0.246794 0.661692
vt 0.073926 0.973988
vt 0.125163 0.983232
vt 0.216488 0.980216
vt 0.040030 0.985163
vt 0.146732 0.985629
vt 0.057901 0.984262
vt 0.305085 0.985689
vt 0.293252 0.928487
vt 0.409144 0.717741
vt 0.181897 0.959093
vt 0.422898 0.656881
vt 0.372744 0.723713
vt 0.240908 0.974560
vt 0.310960 0.724325
vt 0.475834 0.688010
vt 0.154696 0.975383
vt 0.127419 0.994837
vt 0.467234 0.825722
vt 0.469040 0.856901
vt 0.472162 0.772037
vt 0.403267 0.594006
vt 0.474319 0.982679
vt 0.130306 0.968568
vt 0.462562 0.590605
vt 0.101207 0.986622
vt 0.045599 0.964719
vt 0.411176 0.933034
vt 0.467357 0.989727
vt 0.083342 0.986687
vt 0.460000 0.827774
vt 0.267407 0.775358
vt 0.455267 0.654647
vt 0.056695 0.985161
vt 0.446389 0.781384
vt 0.461752 0.857306
vt 0.184191 0.981709
vt 0.173412 0.983189
vt 0.433107 0.866072
vt 0.459000 0.981550
vt 0.154696 0.979273
vt 0.364555 0.983758
vt 0.311451 0.979398
vt 0.180294 0.964580
vt 0.256164 0.980216
vt 0.230447 0.984111
vt 0.425317 0.980625
vt 0.203364 0.984276
vt 0.318541 0.984244
vt 0.227408 0.980216
vt 0.400480 0.984519
vt 0.083219 0.983166
vt 0.227408 0.984132
vt 0.428317 0.649324
vt 0.083219 0.979273
vt 0.472694 0.562350
vt 0.414231 0.557356
vt 0.471488 0.562357
vt 0.112373 0.842409
vt 0.425317 0.984586
vt 0.382545 0.976175
vt 0.400480 0.980625
vt 0.142902 0.979273
vt 0.256164 0.984176
vt 0.250112 0.605541
vt 0.230447 0.980216
vt 0.154696 0.983232
vt 0.311451 0.983249
vt 0.159416 0.984606
vt 0.093494 0.985629
vt 0.061960 0.984262
vt 0.349293 0.986154
vt 0.409154 0.720485
vt 0.293252 0.931011
vt 0.181897 0.956610
vt 0.420736 0.656881
vt 0.343930 0.586730
vt 0.099552 0.973618
vt 0.341250 0.717805
vt 0.476477 0.852235
vt 0.190173 0.975403
vt 0.213513 0.893400
vt 0.300276 0.992332
vt 0.468961 0.896434
vt 0.472947 0.723006
vt 0.403270 0.587342
vt 0.474717 0.891767
vt 0.075132 0.968568
vt 0.464479 0.731745
vt 0.135091 0.986622
vt 0.395784 0.939410
vt 0.419379 0.933034
vt 0.464646 0.961710
vt 0.122452 0.986687
vt 0.293561 0.955588
vt 0.275611 0.775358
vt 0.455819 0.905454
vt 0.072410 0.985161
vt 0.446285 0.599952
vt 0.106699 0.983624
vt 0.038737 0.981709
vt 0.182772 0.983189
vt 0.214563 0.934122
vt 0.460562 0.694429
vt 0.146948 0.979273
vt 0.107810 0.964581
vt 0.458564 0.823048
vt 0.024451 0.980992
vt 0.432491 0.980625
vt 0.252576 0.980282
vt 0.428903 0.980625
vt 0.282634 0.985538
vt 0.332320 0.984244
vt 0.244948 0.980216
vt 0.396894 0.984519
vt 0.079179 0.983166
vt 0.244948 0.984132
vt 0.453957 0.661231
vt 0.079179 0.979273
vt 0.471450 0.936004
vt 0.310633 0.662342
vt 0.470244 0.966345
vt 0.199469 0.980313
vt 0.428903 0.984586
vt 0.240858 0.979010
vt 0.396894 0.980625
vt 0.113369 0.983167
vt 0.432491 0.984585
vt 0.216489 0.661692
vt 0.252576 0.984177
vt 0.146948 0.983232
vt 0.458564 0.819198
vt 0.184652 0.984332
vt 0.115766 0.986757
vt 0.456765 0.784162
vt 0.355853 0.985716
vt 0.409154 0.723008
vt 0.293252 0.936058
vt 0.181897 0.951644
vt 0.416412 0.656881
vt 0.313639 0.593394
vt 0.125193 0.973618
vt 0.310960 0.717805
vt 0.475834 0.718339
vt 0.075132 0.977508
vt 0.473283 0.588257
vt 0.303163 0.992332
vt 0.143450 0.925051
vt 0.472947 0.692672
vt 0.401797 0.719975
vt 0.475563 0.557690
vt 0.104665 0.968568
vt 0.461973 0.560039
vt 0.151985 0.986687
vt 0.287320 0.983915
vt 0.394141 0.713375
vt 0.464646 0.933694
vt 0.075262 0.986687
vt 0.449667 0.533229
vt 0.275611 0.595241
vt 0.455308 0.741057
vt 0.052594 0.985161
vt 0.448976 0.865928
vt 0.461673 0.902780
vt 0.454648 0.823113
vt 0.073926 0.975194
vt 0.437848 0.905648
vt 0.460562 0.699676
vt 0.077973 0.979273
vt 0.325619 0.983758
vt 0.458564 0.783734
vt 0.112329 0.964580
vt 0.384927 0.980625
vt 0.118735 0.983168
vt 0.421730 0.980625
vt 0.278283 0.985538
vt 0.336252 0.984244
vt 0.240908 0.980216
vt 0.404535 0.984519
vt 0.095482 0.979339
vt 0.240908 0.984132
vt 0.458407 0.661231
vt 0.095482 0.983232
vt 0.468563 0.996672
vt 0.423130 0.561249
vt 0.045196 0.924908
vt 0.112284 0.888277
vt 0.421730 0.984586
vt 0.432491 0.979419
vt 0.404535 0.980625
vt 0.130306 0.979273
vt 0.384927 0.984585
vt 0.250111 0.781307
vt 0.118735 0.979273
vt 0.077973 0.983232
vt 0.458564 0.779883
vt 0.037399 0.984332
vt 0.097020 0.985629
vt 0.462977 0.936320
vt 0.309800 0.986775
vt 0.280668 0.776289
vt 0.412110 0.656881
vt 0.181897 0.954127
vt 0.181897 0.946677
vt 0.342456 0.717194
vt 0.155962 0.970375
vt 0.342724 0.587342
vt 0.476000 0.957011
vt 0.045599 0.977160
vt 0.460729 0.996695
vt 0.273933 0.995780
vt 0.468563 0.936011
vt 0.473089 0.645622
vt 0.423867 0.661231
vt 0.473368 0.767375
vt 0.045599 0.972669
vt 0.461206 0.854584
vt 0.147938 0.986687
vt 0.458564 0.745227
vt 0.390040 0.713375
vt 0.155961 0.981983
vt 0.087258 0.986687
vt 0.461356 0.563795
vt 0.271510 0.595241
vt 0.455898 0.865922
vt 0.048494 0.985161
vt 0.211883 0.971513
vt 0.140582 0.983624
vt 0.454648 0.781536
vt 0.165580 0.983189
vt 0.111833 0.934122
vt 0.462882 0.738199
vt 0.117415 0.979273
vt 0.331114 0.983758
vt 0.458564 0.778612
vt 0.018751 0.980992
vt 0.259751 0.980216
vt 0.148268 0.983168
vt 0.410972 0.980625
vt 0.214563 0.984983
vt 0.010671 0.984235
vt 0.223368 0.980216
vt 0.389721 0.984519
vt 0.096688 0.983166
vt 0.223368 0.984132
vt 0.445741 0.821346
vt 0.096688 0.979273
vt 0.471450 0.966338
vt 0.418680 0.561249
vt 0.044334 0.974529
vt 0.206219 0.980313
vt 0.410972 0.984586
vt 0.266484 0.979010
vt 0.389721 0.980625
vt 0.109018 0.979273
vt 0.259751 0.984176
vt 0.250111 0.785658
vt 0.148268 0.979273
vt 0.117415 0.983232
vt 0.458564 0.774761
vt 0.158210 0.984606
vt 0.449577 0.735931
vt 0.457893 0.653832
vt 0.346072 0.984964
vt 0.409154 0.715218
vt 0.292307 0.934851
vt 0.181897 0.949160
vt 0.278486 0.937986
vt 0.342456 0.723713
vt 0.154726 0.973618
vt 0.341250 0.724325
vt 0.475049 0.793042
vt 0.180351 0.975382
vt 0.267740 0.995780
vt 0.474964 0.613925
vt 0.468397 0.692676
vt 0.472162 0.802367
vt 0.423867 0.649325
vt 0.474319 0.931344
vt 0.155947 0.968568
vt 0.923484 0.135853
vt 0.922573 0.135853
vt 0.922572 0.240642
vt 0.747458 0.249873
vt 0.747458 0.144873
vt 0.818647 0.325069
vt 0.741984 0.251370
vt 0.973964 0.284944
vt 0.822960 0.325069
vt 0.973680 0.109417
vt 0.559875 0.376933
vt 0.559876 0.366751
vt 0.960049 0.467185
vt 0.745136 0.295448
vt 0.811683 0.325047
vt 0.975934 0.064245
vt 0.737604 0.295453
vt 0.747196 0.251108
vt 0.662408 0.251108
vt 0.977993 0.064507
vt 0.976024 0.285206
vt 0.811421 0.250135
vt 0.973703 0.240904
vt 0.825543 0.250135
vt 0.937257 0.133675
vt 0.821367 0.325069
vt 0.976286 0.315838
vt 0.907703 0.240903
vt 0.737343 0.251370
vt 0.907441 0.302557
vt 0.823221 0.250135
vt 0.814004 0.324236
vt 0.816326 0.324236
vt 0.832245 0.250135
vt 0.957667 0.135853
vt 0.990872 0.224998
vt 0.932749 0.020281
vt 0.934741 0.109687
vt 0.939510 0.133675
vt 0.941764 0.133675
vt 0.944018 0.133675
vt 0.971427 0.109417
vt 0.966919 0.109407
vt 0.969457 0.330029
vt 0.936995 0.109687
vt 0.969173 0.109407
vt 0.875374 0.542780
vt 0.963299 0.440145
vt 0.963866 0.440392
vt 0.957024 0.547181
vt 0.962529 0.541898
vt 0.963079 0.440804
vt 0.956238 0.431855
vt 0.873510 0.467185
vt 0.193615 0.983619
vt 0.408207 0.588752
vt 0.437810 0.737080
vt 0.437810 0.742381
vt 0.369259 0.981105
vt 0.304571 0.974687
vt 0.304571 0.970566
vt 0.306938 0.967870
vt 0.312651 0.971310
vt 0.312651 0.975431
vt 0.193615 0.978317
vt 0.447180 0.742381
vt 0.285606 0.933042
vt 0.409970 0.928400
vt 0.409970 0.933701
vt 0.381291 0.981105
vt 0.010671 0.976345
vt 0.010671 0.972224
vt 0.013038 0.969528
vt 0.018751 0.972969
vt 0.018751 0.977090
vt 0.447180 0.737079
vt 0.460546 0.863757
vt 0.406763 0.719772
vt 0.405248 0.928400
vt 0.405248 0.933701
vt 0.462955 0.607895
vt 0.433697 0.982992
vt 0.433697 0.978871
vt 0.436064 0.976175
vt 0.441777 0.979615
vt 0.441777 0.983737
vt 0.460546 0.858455
vt 0.460467 0.904311
vt 0.298189 0.933042
vt 0.400526 0.928400
vt 0.400526 0.933701
vt 0.428815 0.938958
vt 0.019957 0.976345
vt 0.022324 0.969528
vt 0.019957 0.972224
vt 0.025670 0.969836
vt 0.028037 0.977089
vt 0.460467 0.899010
vt 0.461902 0.599778
vt 0.112029 0.939911
vt 0.433088 0.737079
vt 0.433088 0.742381
vt 0.374010 0.981105
vt 0.458251 0.606782
vt 0.458251 0.610903
vt 0.455884 0.613599
vt 0.450171 0.610158
vt 0.450171 0.606037
vt 0.461902 0.594477
vt 0.198263 0.983619
vt 0.290774 0.933041
vt 0.442532 0.737079
vt 0.442532 0.742381
vt 0.449228 0.980729
vt 0.275139 0.978135
vt 0.277505 0.971317
vt 0.275139 0.974013
vt 0.283219 0.974758
vt 0.283219 0.978879
vt 0.198263 0.978317
vt 0.809100 0.250135
vt 0.742815 0.295440
vt 0.827864 0.250135
vt 0.881235 0.547680
vt 0.961250 0.433673
vt 0.956203 0.430939
vt 0.876151 0.433693
vt 0.808261 0.928440
vt 0.796867 0.929833
vt 0.807045 0.924975
vt 0.791499 0.954426
vt 0.790163 0.946776
vt 0.793549 0.948382
vt 0.762640 0.959465
vt 0.765907 0.965972
vt 0.762368 0.966433
vt 0.787993 0.959234
vt 0.791707 0.958767
vt 0.791307 0.975643
vt 0.800714 0.998121
vt 0.788123 0.977535
vt 0.780351 0.986465
vt 0.790498 0.987548
vt 0.789767 0.990984
vt 0.768833 0.974038
vt 0.769425 0.965560
vt 0.771741 0.972722
vt 0.767579 0.953840
vt 0.769708 0.942085
vt 0.772880 0.943971
vt 0.766298 0.959925
vt 0.770858 0.955042
vt 0.769580 0.960314
vt 0.787838 0.953966
vt 0.787244 0.945455
vt 0.800573 0.935811
vt 0.810176 0.935293
vt 0.802517 0.938973
vt 0.781025 0.960086
vt 0.784306 0.953553
vt 0.784698 0.959624
vt 0.778915 0.976786
vt 0.776329 0.979355
vt 0.773877 0.981873
vt 0.765475 0.975638
vt 0.771332 0.984389
vt 0.774304 0.956290
vt 0.789277 0.964527
vt 0.808996 0.931890
vt 0.798808 0.932977
vt 0.791674 0.984159
vt 0.782109 0.983643
vt 0.784046 0.980494
vt 0.773071 0.965102
vt 0.785984 0.965733
vt 0.792736 0.963274
vt 0.775752 0.945793
vt 0.778893 0.947672
vt 0.783871 0.943848
vt 0.806823 0.994435
vt 0.797344 0.971926
vt 0.809954 0.992536
vt 0.803863 0.996212
vt 0.794190 0.973813
vt 0.785385 0.923484
vt 0.788334 0.925254
vt 0.792308 0.937588
vt 0.789752 0.935062
vt 0.778418 0.989597
vt 0.797366 0.942695
vt 0.794770 0.940116
vt 0.788555 0.994435
vt 0.764204 0.952609
vt 0.782250 0.921583
vt 0.800934 0.998480
vt 0.804082 0.996571
vt 0.807043 0.994796
vt 0.788554 0.924895
vt 0.791453 0.927146
vt 0.785605 0.923126
vt 0.782469 0.921225
vt 0.959017 0.829487
vt 0.962708 0.827002
vt 0.962708 0.827510
vt 0.963292 0.829482
vt 0.966967 0.827038
vt 0.966967 0.827513
vt 0.959017 0.833440
vt 0.962708 0.835894
vt 0.958558 0.833672
vt 0.963292 0.833420
vt 0.962833 0.829252
vt 0.966967 0.835894
vt 0.962833 0.833680
vt 0.958557 0.829225
vt 0.415910 0.959173
vt 0.382545 0.952493
vt 0.415910 0.952428
vt 0.428366 0.827731
vt 0.418799 0.867734
vt 0.421696 0.827730
vt 0.425470 0.867735
vt 0.421696 0.907699
vt 0.112329 0.960618
vt 0.078964 0.953428
vt 0.112329 0.953872
vt 0.078964 0.960173
vt 0.045599 0.953872
vt 0.296457 0.954382
vt 0.256473 0.947038
vt 0.296457 0.947639
vt 0.239514 0.563629
vt 0.248906 0.584237
vt 0.241189 0.586732
vt 0.256473 0.953782
vt 0.216488 0.947639
vt 0.449276 0.959240
vt 0.449276 0.952493
vt 0.117617 0.613517
vt 0.113580 0.567165
vt 0.117617 0.569595
vt 0.145952 0.651019
vt 0.113580 0.619037
vt 0.185495 0.662342
vt 0.143368 0.658461
vt 0.186024 0.654710
vt 0.215282 0.628405
vt 0.211247 0.582053
vt 0.211246 0.625975
vt 0.182911 0.544551
vt 0.215282 0.576533
vt 0.143368 0.533229
vt 0.185495 0.537109
vt 0.142839 0.540860
vt 0.056314 0.899312
vt 0.071792 0.912693
vt 0.049721 0.927458
vt 0.445539 0.651908
vt 0.451017 0.643192
vt 0.451025 0.650968
vt 0.445539 0.634475
vt 0.445530 0.643192
vt 0.272635 0.693937
vt 0.280669 0.673318
vt 0.280359 0.693937
vt 0.204297 0.948144
vt 0.209769 0.956861
vt 0.204237 0.956861
vt 0.248906 0.542999
vt 0.247412 0.563627
vt 0.280669 0.714556
vt 0.272982 0.717050
vt 0.204297 0.965578
vt 0.209822 0.964637
vt 0.277280 0.937737
vt 0.270567 0.936709
vt 0.277280 0.936722
vt 0.258157 0.597369
vt 0.250112 0.596475
vt 0.258157 0.596355
vt 0.266202 0.597490
vt 0.266202 0.596475
vt 0.320352 0.589562
vt 0.313639 0.588637
vt 0.320352 0.588548
vt 0.327065 0.589652
vt 0.327065 0.588637
vt 0.144548 0.934306
vt 0.144127 0.942347
vt 0.143544 0.934306
vt 0.145131 0.926257
vt 0.144127 0.926257
vt 0.270567 0.937724
vt 0.263854 0.936722
vt 0.140762 0.570792
vt 0.129612 0.576819
vt 0.141265 0.563542
vt 0.172778 0.573740
vt 0.175232 0.566672
vt 0.199251 0.598460
vt 0.195417 0.603702
vt 0.199251 0.618751
vt 0.195417 0.616444
vt 0.188100 0.624779
vt 0.187597 0.632028
vt 0.156084 0.621830
vt 0.153631 0.628899
vt 0.129612 0.597111
vt 0.133445 0.591868
vt 0.133445 0.579126
vt 0.188185 0.968322
vt 0.191924 0.956861
vt 0.191997 0.967672
vt 0.250111 0.693937
vt 0.255872 0.722603
vt 0.250567 0.724325
vt 0.216489 0.563631
vt 0.224015 0.534950
vt 0.221938 0.563630
vt 0.188185 0.945400
vt 0.188107 0.956861
vt 0.255872 0.665270
vt 0.255441 0.693937
vt 0.429543 0.631731
vt 0.433317 0.643192
vt 0.429532 0.643192
vt 0.429543 0.654653
vt 0.433328 0.654003
vt 0.224015 0.592284
vt 0.218691 0.594005
vt 0.415910 0.944717
vt 0.449276 0.944783
vt 0.216488 0.939932
vt 0.256473 0.939332
vt 0.296457 0.939932
vt 0.045599 0.946164
vt 0.078964 0.945719
vt 0.112329 0.946164
vt 0.414073 0.907698
vt 0.411176 0.867732
vt 0.414073 0.827729
vt 0.382545 0.944783
vt 0.071335 0.936733
vt 0.069899 0.942851
vt 0.068764 0.940022
vt 0.075110 0.935954
vt 0.058984 0.895780
vt 0.075110 0.910473
vt 0.051614 0.897300
vt 0.050177 0.903417
vt 0.052749 0.900129
vt 0.046402 0.904198
vt 0.062528 0.944371
vt 0.046402 0.929679
vt 0.065199 0.940839
vt 0.241189 0.540504
vt 0.191997 0.946050
vt 0.272982 0.670823
vt 0.433328 0.632380
vt 0.249853 0.970045
vt 0.216488 0.963365
vt 0.249853 0.963298
vt 0.428325 0.563797
vt 0.418759 0.603799
vt 0.421655 0.563796
vt 0.425428 0.603800
vt 0.421655 0.643765
vt 0.444431 0.563795
vt 0.437242 0.597160
vt 0.437686 0.563795
vt 0.443986 0.597160
vt 0.437686 0.630525
vt 0.394578 0.943511
vt 0.354593 0.936167
vt 0.394578 0.936768
vt 0.239514 0.625611
vt 0.248906 0.646219
vt 0.241189 0.648713
vt 0.354594 0.942911
vt 0.314609 0.936768
vt 0.283219 0.970111
vt 0.283219 0.963365
vt 0.211246 0.712373
vt 0.215282 0.758725
vt 0.211246 0.756295
vt 0.182910 0.674872
vt 0.215282 0.706853
vt 0.143368 0.663548
vt 0.185494 0.667429
vt 0.142838 0.671180
vt 0.113580 0.697484
vt 0.117617 0.743837
vt 0.117616 0.699915
vt 0.145952 0.781338
vt 0.113580 0.749358
vt 0.185494 0.792661
vt 0.143368 0.788780
vt 0.186024 0.785029
vt 0.123447 0.899455
vt 0.138926 0.912835
vt 0.116854 0.927601
vt 0.445580 0.731981
vt 0.451058 0.723264
vt 0.451066 0.731040
vt 0.445580 0.714547
vt 0.445570 0.723264
vt 0.272636 0.563617
vt 0.280669 0.542998
vt 0.280360 0.563617
vt 0.026861 0.948144
vt 0.032334 0.956861
vt 0.026801 0.956861
vt 0.248906 0.604981
vt 0.247411 0.625610
vt 0.280669 0.584236
vt 0.272983 0.586731
vt 0.026861 0.965578
vt 0.032387 0.964638
vt 0.262648 0.937737
vt 0.255935 0.936709
vt 0.262648 0.936722
vt 0.402859 0.656760
vt 0.394814 0.655867
vt 0.402859 0.655746
vt 0.410904 0.656881
vt 0.410904 0.655867
vt 0.349617 0.589562
vt 0.342904 0.588637
vt 0.349617 0.588548
vt 0.356330 0.589652
vt 0.356330 0.588637
vt 0.044613 0.934163
vt 0.044193 0.942204
vt 0.043610 0.934163
vt 0.045196 0.926114
vt 0.044193 0.926114
vt 0.255935 0.937724
vt 0.249222 0.936722
vt 0.188100 0.755098
vt 0.199251 0.749072
vt 0.187597 0.762347
vt 0.156084 0.752150
vt 0.153630 0.759218
vt 0.129612 0.727431
vt 0.133445 0.722188
vt 0.129612 0.707138
vt 0.133445 0.709446
vt 0.140762 0.701110
vt 0.141265 0.693862
vt 0.172778 0.704060
vt 0.175232 0.696991
vt 0.199251 0.728780
vt 0.195417 0.734021
vt 0.195417 0.746763
vt 0.010749 0.968322
vt 0.014487 0.956861
vt 0.014562 0.967673
vt 0.250112 0.563617
vt 0.255872 0.592284
vt 0.250568 0.594005
vt 0.216489 0.625614
vt 0.224014 0.596933
vt 0.221937 0.625613
vt 0.010749 0.945400
vt 0.010671 0.956861
vt 0.255872 0.534950
vt 0.255442 0.563617
vt 0.429584 0.711803
vt 0.433358 0.723264
vt 0.429572 0.723264
vt 0.429584 0.734724
vt 0.433369 0.734075
vt 0.224015 0.654266
vt 0.218690 0.655987
vt 0.249853 0.955588
vt 0.283219 0.955654
vt 0.314609 0.929061
vt 0.354593 0.928461
vt 0.394578 0.929061
vt 0.429976 0.630525
vt 0.429532 0.597160
vt 0.429976 0.563795
vt 0.414032 0.643764
vt 0.411135 0.603798
vt 0.414033 0.563795
vt 0.216488 0.955654
vt 0.138468 0.936876
vt 0.137032 0.942993
vt 0.135897 0.940165
vt 0.142244 0.936096
vt 0.126118 0.895923
vt 0.142244 0.910616
vt 0.118748 0.897442
vt 0.117311 0.903559
vt 0.119883 0.900271
vt 0.113536 0.904340
vt 0.129661 0.944513
vt 0.113535 0.929820
vt 0.132331 0.940981
vt 0.241189 0.602486
vt 0.014562 0.946050
vt 0.272983 0.540503
vt 0.433369 0.712452
vt 0.415910 0.974903
vt 0.382545 0.968223
vt 0.415910 0.968156
vt 0.428279 0.745229
vt 0.418712 0.785232
vt 0.421609 0.745228
vt 0.425382 0.785233
vt 0.421609 0.825197
vt 0.180266 0.960618
vt 0.146901 0.953429
vt 0.180266 0.953873
vt 0.146901 0.960174
vt 0.113535 0.953873
vt 0.444535 0.745227
vt 0.437192 0.785212
vt 0.437792 0.745227
vt 0.239514 0.755931
vt 0.248905 0.776539
vt 0.241188 0.779034
vt 0.443935 0.785212
vt 0.437792 0.825197
vt 0.449275 0.974969
vt 0.449275 0.968223
vt 0.108337 0.712373
vt 0.112373 0.758725
vt 0.108337 0.756294
vt 0.080001 0.674871
vt 0.112373 0.706852
vt 0.040459 0.663548
vt 0.082585 0.667428
vt 0.039929 0.671180
vt 0.010671 0.697483
vt 0.014708 0.743836
vt 0.014707 0.699914
vt 0.043043 0.781337
vt 0.010671 0.749357
vt 0.082586 0.792661
vt 0.040459 0.788780
vt 0.083115 0.785029
vt 0.261872 0.729063
vt 0.277351 0.742443
vt 0.255278 0.757209
vt 0.445580 0.683726
vt 0.451058 0.675009
vt 0.451066 0.682785
vt 0.445580 0.666291
vt 0.445571 0.675009
vt 0.304399 0.625600
vt 0.312433 0.604981
vt 0.312123 0.625600
vt 0.426528 0.535973
vt 0.432000 0.544690
vt 0.426468 0.544690
vt 0.248905 0.735301
vt 0.247410 0.755930
vt 0.312433 0.646219
vt 0.304746 0.648714
vt 0.426528 0.553407
vt 0.432053 0.552466
vt 0.385594 0.589652
vt 0.378881 0.588624
vt 0.385594 0.588637
vt 0.258156 0.777486
vt 0.250111 0.776592
vt 0.258156 0.776471
vt 0.266201 0.777606
vt 0.266201 0.776592
vt 0.364249 0.589562
vt 0.357536 0.588637
vt 0.364249 0.588548
vt 0.370962 0.589652
vt 0.370962 0.588637
vt 0.461525 0.654080
vt 0.461104 0.662121
vt 0.460521 0.654080
vt 0.462108 0.646032
vt 0.461104 0.646032
vt 0.378881 0.589639
vt 0.372168 0.588637
vt 0.085191 0.755098
vt 0.096341 0.749071
vt 0.084688 0.762347
vt 0.053175 0.752149
vt 0.050722 0.759218
vt 0.026703 0.727430
vt 0.030537 0.722187
vt 0.026703 0.707138
vt 0.030536 0.709446
vt 0.037853 0.701110
vt 0.038356 0.693862
vt 0.069869 0.704059
vt 0.072323 0.696991
vt 0.096341 0.728778
vt 0.092508 0.734021
vt 0.092508 0.746762
vt 0.410416 0.556150
vt 0.414154 0.544690
vt 0.414228 0.555501
vt 0.281875 0.625600
vt 0.287635 0.654267
vt 0.282332 0.655988
vt 0.216488 0.755934
vt 0.224014 0.727253
vt 0.221937 0.755933
vt 0.410416 0.533229
vt 0.410338 0.544690
vt 0.287635 0.596933
vt 0.287205 0.625600
vt 0.429584 0.663548
vt 0.433358 0.675009
vt 0.429572 0.675009
vt 0.429584 0.686470
vt 0.433369 0.685821
vt 0.224014 0.784586
vt 0.218690 0.786307
vt 0.415910 0.960446
vt 0.449275 0.960513
vt 0.430085 0.825197
vt 0.429485 0.785212
vt 0.430085 0.745227
vt 0.113535 0.946164
vt 0.146901 0.945719
vt 0.180266 0.946164
vt 0.413986 0.825196
vt 0.411089 0.785230
vt 0.413986 0.745227
vt 0.382545 0.960513
vt 0.276893 0.766484
vt 0.275457 0.772601
vt 0.274321 0.769773
vt 0.280669 0.765703
vt 0.264543 0.725531
vt 0.280669 0.740224
vt 0.257173 0.727051
vt 0.255736 0.733168
vt 0.258308 0.729879
vt 0.251960 0.733948
vt 0.268086 0.774121
vt 0.251960 0.759429
vt 0.270758 0.770589
vt 0.241188 0.732806
vt 0.414228 0.533879
vt 0.304746 0.602486
vt 0.433369 0.664198
vt 0.347974 0.975279
vt 0.314609 0.968599
vt 0.347974 0.968533
vt 0.428366 0.663551
vt 0.418800 0.703553
vt 0.421697 0.663549
vt 0.425470 0.703554
vt 0.421697 0.743519
vt 0.381339 0.959616
vt 0.347974 0.952426
vt 0.381339 0.952871
vt 0.347974 0.959172
vt 0.314609 0.952871
vt 0.393608 0.661231
vt 0.353623 0.653887
vt 0.393608 0.654488
vt 0.239514 0.693948
vt 0.248905 0.714556
vt 0.241188 0.717051
vt 0.353623 0.660632
vt 0.313639 0.654488
vt 0.381339 0.975345
vt 0.381339 0.968599
vt 0.014708 0.613518
vt 0.010671 0.567165
vt 0.014708 0.569595
vt 0.043043 0.651019
vt 0.010671 0.619038
vt 0.082586 0.662342
vt 0.040459 0.658462
vt 0.083115 0.654710
vt 0.112374 0.628406
vt 0.108337 0.582053
vt 0.108338 0.625975
vt 0.080002 0.544552
vt 0.112374 0.576533
vt 0.040459 0.533229
vt 0.082585 0.537110
vt 0.039929 0.540861
vt 0.268908 0.652455
vt 0.253429 0.639075
vt 0.275502 0.624309
vt 0.445580 0.707854
vt 0.451058 0.699137
vt 0.451066 0.706912
vt 0.445580 0.690419
vt 0.445570 0.699136
vt 0.304399 0.563617
vt 0.312433 0.542998
vt 0.312124 0.563617
vt 0.427367 0.911650
vt 0.432839 0.920367
vt 0.427307 0.920367
vt 0.248905 0.673318
vt 0.247412 0.693947
vt 0.312433 0.584236
vt 0.304746 0.586731
vt 0.427367 0.929084
vt 0.432892 0.928143
vt 0.400227 0.589652
vt 0.393514 0.588624
vt 0.400227 0.588637
vt 0.380789 0.715503
vt 0.372744 0.714610
vt 0.380789 0.714489
vt 0.388834 0.715624
vt 0.388834 0.714610
vt 0.334984 0.589562
vt 0.328271 0.588637
vt 0.334984 0.588548
vt 0.341698 0.589652
vt 0.341698 0.588637
vt 0.464317 0.654080
vt 0.463897 0.662122
vt 0.463314 0.654080
vt 0.464900 0.646032
vt 0.463897 0.646032
vt 0.393514 0.589639
vt 0.386800 0.588637
vt 0.037853 0.570791
vt 0.026704 0.576819
vt 0.038356 0.563543
vt 0.069870 0.573741
vt 0.072323 0.566672
vt 0.096342 0.598460
vt 0.092508 0.603703
vt 0.096342 0.618752
vt 0.092508 0.616444
vt 0.085192 0.624780
vt 0.084688 0.632028
vt 0.053175 0.621830
vt 0.050721 0.628899
vt 0.026703 0.597111
vt 0.030536 0.591869
vt 0.030536 0.579127
vt 0.411254 0.931828
vt 0.414994 0.920367
vt 0.415067 0.931179
vt 0.281875 0.563617
vt 0.287635 0.592284
vt 0.282332 0.594005
vt 0.216488 0.693951
vt 0.224014 0.665270
vt 0.221937 0.693950
vt 0.411255 0.908906
vt 0.411176 0.920367
vt 0.287635 0.534950
vt 0.287205 0.563617
vt 0.429584 0.687676
vt 0.433358 0.699136
vt 0.429572 0.699137
vt 0.429584 0.710597
vt 0.433369 0.709948
vt 0.224014 0.722604
vt 0.218691 0.724325
vt 0.347974 0.960822
vt 0.381339 0.960889
vt 0.313639 0.646781
vt 0.353623 0.646181
vt 0.393608 0.646781
vt 0.314609 0.945162
vt 0.347974 0.944717
vt 0.381339 0.945162
vt 0.414073 0.743518
vt 0.411176 0.703551
vt 0.414073 0.663548
vt 0.314609 0.960889
vt 0.253888 0.615034
vt 0.255324 0.608917
vt 0.256459 0.611745
vt 0.250112 0.615814
vt 0.266237 0.655987
vt 0.250112 0.641295
vt 0.273608 0.654467
vt 0.275045 0.648350
vt 0.272473 0.651638
vt 0.278820 0.647570
vt 0.262695 0.607397
vt 0.278820 0.622089
vt 0.260025 0.610929
vt 0.241188 0.670823
vt 0.415067 0.909556
vt 0.304746 0.540503
vt 0.433369 0.688326
vt 0.841692 0.972118
vt 0.837002 0.954132
vt 0.841692 0.954108
vt 0.837003 0.972143
vt 0.832574 0.954181
vt 0.963266 0.807120
vt 0.958557 0.825181
vt 0.958557 0.807094
vt 0.832574 0.972193
vt 0.827884 0.954204
vt 0.972421 0.807196
vt 0.967712 0.825254
vt 0.967713 0.807170
vt 0.963266 0.825204
vt 0.837002 0.953788
vt 0.841692 0.953763
vt 0.832574 0.953840
vt 0.827885 0.953864
vt 0.958557 0.825523
vt 0.963266 0.825547
vt 0.967712 0.825599
vt 0.972420 0.825278
vt 0.972421 0.825624
vt 0.959477 0.829748
vt 0.963750 0.833159
vt 0.966967 0.835388
vt 0.963750 0.829713
vt 0.959477 0.833209
vt 0.962708 0.835417
vt 0.966967 0.827989
vt 0.962708 0.828018
vt 0.958558 0.858162
vt 0.959230 0.847037
vt 0.959230 0.858162
vt 0.958558 0.847037
vt 0.959230 0.836020
vt 0.841817 0.953763
vt 0.852834 0.954435
vt 0.841817 0.954435
vt 0.852834 0.953763
vt 0.863960 0.954435
vt 0.863960 0.953763
vt 0.875085 0.954436
vt 0.875085 0.953763
vt 0.886102 0.954436
vt 0.814710 0.952509
vt 0.814110 0.943547
vt 0.814710 0.943548
vt 0.958557 0.880303
vt 0.959230 0.869287
vt 0.959230 0.880303
vt 0.958558 0.869287
vt 0.935889 0.884109
vt 0.958432 0.902284
vt 0.955063 0.903660
vt 0.908771 0.883844
vt 0.937284 0.880721
vt 0.886227 0.901579
vt 0.907375 0.880429
vt 0.889596 0.903021
vt 0.886228 0.931782
vt 0.908771 0.949957
vt 0.889597 0.930406
vt 0.935889 0.950222
vt 0.907376 0.953346
vt 0.958432 0.932488
vt 0.937284 0.953638
vt 0.955063 0.931045
vt 0.863579 0.876938
vt 0.835046 0.880011
vt 0.836421 0.876673
vt 0.814497 0.898439
vt 0.813897 0.889390
vt 0.814497 0.889390
vt 0.814498 0.907488
vt 0.813897 0.898439
vt 0.814497 0.925535
vt 0.813897 0.916574
vt 0.814497 0.916574
vt 0.814497 0.943633
vt 0.813897 0.934584
vt 0.814497 0.934584
vt 0.813897 0.880429
vt 0.814497 0.880429
vt 0.814497 0.916448
vt 0.813897 0.907487
vt 0.813897 0.925535
vt 0.886883 0.986920
vt 0.886227 0.975832
vt 0.886883 0.975832
vt 0.882783 0.857732
vt 0.886102 0.828950
vt 0.886102 0.859153
vt 0.836420 0.810460
vt 0.864954 0.807386
vt 0.863579 0.810725
vt 0.817217 0.829666
vt 0.813898 0.858448
vt 0.813897 0.828245
vt 0.817217 0.857092
vt 0.864954 0.880304
vt 0.882782 0.830306
vt 0.835046 0.807094
vt 0.955392 0.830192
vt 0.955392 0.857852
vt 0.889268 0.857206
vt 0.928345 0.986919
vt 0.929001 0.997899
vt 0.928345 0.997899
vt 0.928345 0.953763
vt 0.929001 0.964743
vt 0.928345 0.964743
vt 0.886227 0.964744
vt 0.886883 0.964744
vt 0.886883 0.997900
vt 0.886227 0.986920
vt 0.928345 0.975831
vt 0.929001 0.986919
vt 0.929001 0.975831
vt 0.886227 0.953763
vt 0.886883 0.953763
vt 0.982306 0.883237
vt 0.986929 0.880488
vt 0.986929 0.883279
vt 0.991552 0.880529
vt 0.991552 0.883321
vt 0.996386 0.880546
vt 0.996386 0.883338
vt 0.958557 0.880546
vt 0.963391 0.883320
vt 0.958557 0.883338
vt 0.963391 0.880529
vt 0.968015 0.883279
vt 0.968015 0.880488
vt 0.972638 0.883237
vt 0.972638 0.880446
vt 0.977472 0.883220
vt 0.825941 0.907001
vt 0.841053 0.890505
vt 0.877538 0.904691
vt 0.982306 0.880446
vt 0.886102 0.930393
vt 0.877538 0.927063
vt 0.862426 0.889549
vt 0.886102 0.900597
vt 0.837506 0.881702
vt 0.865973 0.880429
vt 0.817379 0.903674
vt 0.825941 0.929376
vt 0.841053 0.944518
vt 0.817379 0.933469
vt 0.865973 0.952364
vt 0.837506 0.953638
vt 0.862426 0.943562
vt 0.908635 0.876954
vt 0.886227 0.858448
vt 0.936025 0.877221
vt 0.907375 0.880012
vt 0.958432 0.859154
vt 0.937284 0.880304
vt 0.958432 0.828950
vt 0.936025 0.810444
vt 0.908635 0.810177
vt 0.937284 0.807387
vt 0.886227 0.828245
vt 0.907375 0.807094
vt 0.889268 0.829546
vt 0.988660 0.869287
vt 0.988660 0.880304
vt 0.886102 0.983866
vt 0.875085 0.983866
vt 0.863960 0.983866
vt 0.852834 0.983866
vt 0.841817 0.983866
vt 0.988660 0.836020
vt 0.988660 0.847037
vt 0.988660 0.858162
vt 0.902914 0.964744
vt 0.902913 0.953763
vt 0.912315 0.964743
vt 0.912315 0.975831
vt 0.912315 0.986919
vt 0.902913 0.997900
vt 0.902914 0.986920
vt 0.902914 0.975832
vt 0.912315 0.953763
vt 0.912315 0.997899
vt 0.903548 0.986920
vt 0.903548 0.975832
vt 0.911680 0.986919
vt 0.911680 0.997899
vt 0.911680 0.953763
vt 0.911680 0.964743
vt 0.903548 0.964744
vt 0.903548 0.997900
vt 0.911680 0.975831
vt 0.903548 0.953763
vt 0.816636 0.934584
vt 0.816096 0.925535
vt 0.816636 0.925535
vt 0.816636 0.916448
vt 0.816097 0.907488
vt 0.816636 0.907487
vt 0.816636 0.889390
vt 0.816096 0.880429
vt 0.816636 0.880429
vt 0.816636 0.943633
vt 0.816096 0.934584
vt 0.816096 0.916574
vt 0.816636 0.916574
vt 0.816096 0.898439
vt 0.816636 0.898439
vt 0.816096 0.889390
vt 0.816636 0.952594
vt 0.816096 0.943633
vt 0.816097 0.916448
vt 0.816096 0.952594
vt 0.837795 0.813825
vt 0.862204 0.814064
vt 0.879463 0.831662
vt 0.862204 0.873572
vt 0.837796 0.873334
vt 0.820537 0.855736
vt 0.820536 0.831087
vt 0.879463 0.856311
vt 0.951695 0.929603
vt 0.934493 0.946807
vt 0.910167 0.946569
vt 0.892965 0.929030
vt 0.892964 0.904463
vt 0.910166 0.887260
vt 0.934493 0.887497
vt 0.951695 0.905037
vt 0.977472 0.953525
vt 0.982306 0.953542
vt 0.972638 0.953542
vt 0.968014 0.953583
vt 0.963392 0.953625
vt 0.958557 0.953642
vt 0.991552 0.953625
vt 0.996386 0.953642
vt 0.986929 0.953583
vt 0.626274 0.697113
vt 0.662193 0.692681
vt 0.661934 0.697113
vt 0.777605 0.659129
vt 0.704320 0.623435
vt 0.777605 0.623435
vt 0.782344 0.659357
vt 0.782344 0.623663
vt 0.699581 0.623663
vt 0.704320 0.659129
vt 0.699581 0.659357
vt 0.701833 0.838027
vt 0.775118 0.802333
vt 0.775118 0.838027
vt 0.743180 0.729205
vt 0.733584 0.729105
vt 0.740370 0.726335
vt 0.675043 0.672580
vt 0.677232 0.665799
vt 0.678579 0.671125
vt 0.670663 0.668624
vt 0.675804 0.660773
vt 0.667655 0.674844
vt 0.673344 0.676175
vt 0.662691 0.673401
vt 0.677873 0.795146
vt 0.675600 0.788523
vt 0.679120 0.789856
vt 0.676508 0.799999
vt 0.671489 0.792426
vt 0.668654 0.786480
vt 0.674125 0.785271
vt 0.663689 0.787897
vt 0.808573 0.786733
vt 0.801535 0.788817
vt 0.802997 0.785527
vt 0.813488 0.788143
vt 0.805696 0.792725
vt 0.799253 0.795436
vt 0.798009 0.790182
vt 0.800616 0.800406
vt 0.799192 0.665275
vt 0.801441 0.671995
vt 0.797902 0.670590
vt 0.800581 0.660379
vt 0.805628 0.668067
vt 0.808461 0.674105
vt 0.802922 0.675298
vt 0.813488 0.672706
vt 0.779857 0.838255
vt 0.779857 0.802561
vt 0.697095 0.802560
vt 0.701833 0.802333
vt 0.815361 0.761280
vt 0.850761 0.765712
vt 0.815102 0.765712
vt 0.815361 0.692742
vt 0.850761 0.688311
vt 0.851021 0.692742
vt 0.745851 0.723614
vt 0.795349 0.672681
vt 0.800234 0.677249
vt 0.680877 0.788874
vt 0.675992 0.784306
vt 0.731099 0.738585
vt 0.732442 0.733631
vt 0.736210 0.736845
vt 0.735996 0.737355
vt 0.744467 0.728667
vt 0.744015 0.733618
vt 0.743943 0.728879
vt 0.732894 0.728680
vt 0.732966 0.733419
vt 0.740699 0.725453
vt 0.740913 0.724942
vt 0.736099 0.725360
vt 0.735892 0.724858
vt 0.740810 0.736938
vt 0.741017 0.737440
vt 0.744527 0.733832
vt 0.732382 0.728466
vt 0.626274 0.765651
vt 0.661934 0.765651
vt 0.851021 0.761280
vt 0.729616 0.727277
vt 0.735006 0.722707
vt 0.730214 0.727530
vt 0.747293 0.735020
vt 0.741904 0.739591
vt 0.746696 0.734768
vt 0.734864 0.740140
vt 0.742148 0.740185
vt 0.742045 0.722158
vt 0.734761 0.722113
vt 0.747293 0.727515
vt 0.741797 0.722757
vt 0.729616 0.734783
vt 0.730222 0.734536
vt 0.746687 0.727762
vt 0.735113 0.739541
vt 0.740370 0.736033
vt 0.743633 0.733416
vt 0.740557 0.736492
vt 0.743180 0.733222
vt 0.743633 0.729020
vt 0.736395 0.726294
vt 0.740557 0.725880
vt 0.733131 0.728911
vt 0.736207 0.725834
vt 0.733131 0.733306
vt 0.736395 0.735991
vt 0.733584 0.733122
vt 0.736207 0.736447
vt 0.626534 0.770083
vt 0.738475 0.720513
vt 0.680877 0.672680
vt 0.738475 0.741686
vt 0.795349 0.788874
vt 0.780752 0.953091
vt 0.775113 0.971123
vt 0.773279 0.960779
vt 0.782595 0.966969
vt 0.810176 0.992897
vt 0.791674 0.926785
vt 0.382545 0.959240
vt 0.428366 0.907700
vt 0.045599 0.960618
vt 0.216488 0.954382
vt 0.451025 0.635416
vt 0.209822 0.949085
vt 0.250112 0.597490
vt 0.313639 0.589652
vt 0.145131 0.942347
vt 0.263854 0.937737
vt 0.218691 0.533229
vt 0.250567 0.663548
vt 0.216488 0.970111
vt 0.428325 0.643766
vt 0.444431 0.630525
vt 0.314609 0.943511
vt 0.451066 0.715487
vt 0.032387 0.949085
vt 0.394814 0.656881
vt 0.342904 0.589652
vt 0.045196 0.942204
vt 0.249222 0.937737
vt 0.218690 0.595211
vt 0.250568 0.533229
vt 0.382545 0.974969
vt 0.428279 0.825198
vt 0.113535 0.960618
vt 0.444535 0.825197
vt 0.451066 0.667233
vt 0.432053 0.536914
vt 0.250111 0.777606
vt 0.357536 0.589652
vt 0.462108 0.662122
vt 0.372168 0.589652
vt 0.218690 0.725531
vt 0.282332 0.595212
vt 0.314609 0.975345
vt 0.428366 0.743520
vt 0.314609 0.959616
vt 0.313639 0.661231
vt 0.451066 0.691361
vt 0.432892 0.912591
vt 0.372744 0.715624
vt 0.328271 0.589652
vt 0.464900 0.662122
vt 0.386800 0.589652
vt 0.218690 0.663548
vt 0.282332 0.533229
vt 0.827884 0.972219
vt 0.966967 0.834883
vt 0.962708 0.834939
vt 0.958557 0.836020
vt 0.886102 0.953763
vt 0.814110 0.952509
vt 0.813897 0.943633
vt 0.813898 0.916448
vt 0.929000 0.953763
vt 0.886227 0.997900
vt 0.977472 0.880429
vt 0.814497 0.952594
vt 0.626534 0.692681
vt 0.667000 0.665067
vt 0.667973 0.795908
vt 0.809250 0.796224
vt 0.809208 0.664563
vt 0.697095 0.838255
vt 0.815102 0.688311
vt 0.798803 0.787536
vt 0.800234 0.784306
vt 0.745851 0.738585
vt 0.748906 0.731100
vt 0.798803 0.674019
vt 0.675992 0.677249
vt 0.677423 0.674018
vt 0.731099 0.723614
vt 0.728043 0.731100
vt 0.677423 0.787536
vt 0.662193 0.770083
vn 0.0000 0.0000 1.0000
vn 1.0000 -0.0000 0.0000
vn -0.9325 -0.3612 0.0000
vn 0.9325 -0.3612 0.0000
vn 0.0000 -1.0000 0.0000
vn -1.0000 0.0000 0.0000
vn 0.0000 1.0000 0.0000
vn 0.0000 -0.4850 0.8745
vn 0.0000 0.4850 0.8745
vn 0.8157 0.0000 0.5784
vn 0.0000 -0.6610 0.7504
vn 0.5862 0.0000 0.8102
vn -0.5862 0.0000 0.8102
vn 0.5799 0.0000 0.8147
vn 0.0000 0.6610 0.7503
vn 0.5012 0.0000 0.8653
vn 0.2855 0.2903 0.9134
vn 0.0000 0.5236 0.8520
vn -0.2920 0.2834 0.9135
vn -0.5021 0.0000 0.8648
vn -0.2904 -0.2851 0.9134
vn 0.0000 -0.5238 0.8518
vn 0.2839 -0.2919 0.9133
vn 0.7137 0.7005 0.0000
vn -0.6972 0.7168 0.0000
vn 0.2856 0.2903 0.9133
vn 0.0000 0.5236 0.8519
vn -0.2921 0.2834 0.9134
vn 0.0000 -0.5239 0.8518
vn -0.2534 0.2606 0.9316
vn 0.0000 0.4739 0.8806
vn 0.2592 0.2544 0.9317
vn 0.4530 0.0000 0.8915
vn 0.2607 -0.2529 0.9317
vn 0.0000 -0.4736 0.8807
vn -0.2549 -0.2591 0.9316
vn -0.4521 0.0000 0.8920
vn -0.7177 0.6964 0.0000
vn 0.7013 0.7128 0.0000
vn 0.6972 -0.7169 0.0000
vn -0.7137 -0.7005 0.0000
vn 0.7177 -0.6964 0.0000
vn -0.7013 -0.7128 0.0000
vn -0.6972 0.7169 0.0000
vn 0.7013 0.7129 0.0000
vn 0.4529 0.0000 0.8916
vn 0.2592 0.2545 0.9317
vn -0.2905 -0.2851 0.9134
vn 0.2855 0.2902 0.9134
vn 0.0000 0.4738 0.8806
vn -0.2921 0.2834 0.9135
vn 0.0194 0.9998 0.0000
vn 0.0182 -0.9998 0.0000
vn 0.0000 0.0634 0.9980
vn 0.0400 0.0000 -0.9992
vn 0.0598 0.0000 0.9982
vn 0.0000 0.0424 -0.9991
vn -0.0598 0.0000 0.9982
vn 0.9998 0.0208 0.0000
vn 0.0000 -0.0424 -0.9991
vn -0.9999 0.0157 0.0000
vn -0.9999 -0.0157 0.0000
vn -0.0182 -0.9998 0.0000
vn -0.0194 0.9998 0.0000
vn -0.0400 0.0000 -0.9992
vn 0.9998 -0.0208 0.0000
vn 0.0000 -0.0634 0.9980
vn 0.4050 -0.9143 0.0000
vn -0.4050 0.9143 0.0000
vn 0.0000 -0.0003 -1.0000
vn 1.0000 -0.0001 0.0000
vn -0.5800 0.0000 0.8146
vn 0.0000 -0.0000 -1.0000
vn 0.8158 -0.0000 -0.5784
vn 0.4050 0.9143 0.0000
vn -0.0002 0.0001 -1.0000
vn -0.0001 0.0002 -1.0000
vn -0.0003 -0.0000 -1.0000
vn 0.0001 0.0002 -1.0000
vn 0.0002 0.0001 -1.0000
vn 0.0003 -0.0001 -1.0000
vn 0.0001 -0.0002 -1.0000
vn -0.0001 -0.0002 -1.0000
vn -0.9325 0.3612 0.0000
vn 0.0000 0.0003 -1.0000
vn 0.0003 -0.0000 -1.0000
vn -0.0002 -0.0001 -1.0000
vn 0.9325 0.3612 0.0000
vn 0.2352 -0.5311 -0.8140
vn -0.5441 -0.2108 -0.8122
vn -0.2351 -0.5309 -0.8142
vn -0.5942 -0.2302 0.7707
vn -0.2507 -0.5661 0.7852
vn -0.6407 0.0000 0.7678
vn -0.5942 0.2302 0.7707
vn -0.2396 0.5409 0.8062
vn 0.0000 0.6501 0.7598
vn 0.0000 -0.6603 0.7510
vn 0.2372 -0.5354 0.8106
vn 0.2507 0.5661 0.7852
vn 0.6407 0.0000 0.7678
vn 0.5941 0.2302 0.7707
vn 0.5941 -0.2302 0.7707
vn -0.2151 0.4857 -0.8472
vn -0.6607 -0.0000 -0.7507
vn 0.0000 0.6042 -0.7968
vn 0.6615 -0.0000 -0.7500
vn 0.0000 -0.6699 -0.7425
vn -0.5250 0.2034 -0.8265
vn 0.2152 0.4859 -0.8471
vn 0.5256 0.2036 -0.8260
vn 0.5447 -0.2110 -0.8117
vn -0.4050 -0.9143 0.0000
vn -0.7660 0.3383 0.5467
vn -0.3072 0.7908 0.5294
vn 0.3072 0.7908 0.5294
vn 0.7660 0.3383 0.5467
vn 0.7660 -0.3383 0.5467
vn 0.3072 -0.7908 0.5294
vn -0.3072 -0.7908 0.5294
vn -0.7660 -0.3383 0.5467
vn 0.0000 -1.0000 0.0001
vn 0.0000 -1.0000 -0.0001
vn 0.8158 0.0000 0.5784
vn 0.5800 0.0000 0.8146
vn 0.0000 0.6610 0.7504
vn 0.2856 0.2902 0.9134
vn 0.2840 -0.2919 0.9133
vn -0.7013 -0.7129 0.0000
vn -0.2548 -0.2590 0.9316
vn 0.2606 -0.2529 0.9317
vn -0.2549 -0.2590 0.9316
vn 0.4529 0.0000 0.8915
vn 0.2856 0.2903 0.9134
vn 0.0000 -0.4737 0.8807
vn -0.5799 0.0000 0.8147
vn 0.0002 -0.0001 -1.0000
vn -0.0003 -0.0001 -1.0000
vn -0.5441 -0.2108 -0.8121
vn -0.2351 -0.5308 -0.8142
vn -0.2508 -0.5661 0.7852
vn -0.5941 0.2302 0.7707
vn 0.2371 -0.5354 0.8106
vn 0.2508 0.5661 0.7852
vn 0.5942 0.2302 0.7707
vn -0.2152 0.4857 -0.8472
vn -0.6607 -0.0000 -0.7506
vn 0.0000 -0.6699 -0.7424
vn 0.5255 0.2036 -0.8261
vn 0.5446 -0.2110 -0.8117
vn -0.3073 0.7908 0.5294
vn 0.3073 0.7908 0.5294
vn 0.4921 0.8184 0.2968
vn 0.7725 0.0000 0.6350
vn 0.8563 0.0000 0.5164
vn 0.4853 0.0000 -0.8743
vn 0.0062 0.8848 -0.4660
vn 0.0087 0.0000 -0.9999
vn -0.8038 0.0000 0.5948
vn -0.2778 -0.8180 0.5037
vn -0.4875 0.0000 0.8731
vn 0.3887 0.8762 -0.2846
vn 0.8084 0.0000 -0.5885
vn -0.5250 0.8508 0.0208
vn -0.9999 0.0000 -0.0099
vn -0.9992 0.0000 0.0386
vn 0.4245 -0.8362 0.3472
vn -0.3968 -0.8860 -0.2398
vn 0.4921 -0.8184 0.2968
vn -0.0067 -0.8257 0.5640
vn 0.2127 -0.9006 -0.3791
vn 0.0062 -0.8848 -0.4660
vn -0.5354 -0.8287 0.1627
vn -0.5250 -0.8508 0.0208
vn -0.4403 -0.8371 0.3247
vn 0.4409 -0.8878 -0.1317
vn 0.3887 -0.8762 -0.2846
vn 0.2127 0.9006 -0.3791
vn -0.0067 0.8257 0.5640
vn -0.3722 0.8770 -0.3037
vn -0.8557 0.0000 -0.5173
vn -0.7767 0.0000 -0.6299
vn -0.2778 0.8180 0.5037
vn -0.4403 0.8371 0.3246
vn -0.4496 0.0000 -0.8932
vn -0.1999 -0.8976 -0.3928
vn 0.2545 -0.8189 0.5143
vn -0.0158 0.0000 0.9998
vn 0.4487 0.0000 0.8937
vn 0.9588 0.0000 -0.2840
vn 0.4409 0.8878 -0.1317
vn -0.3968 0.8860 -0.2398
vn 0.4245 0.8362 0.3472
vn -0.3722 -0.8770 -0.3037
vn -0.5354 0.8287 0.1627
vn 0.5028 -0.8642 -0.0172
vn 0.9994 0.0000 -0.0350
vn 0.5137 0.8580 0.0050
vn 0.9999 0.0000 0.0098
vn -0.5138 0.8579 -0.0051
vn 0.5028 0.8642 -0.0172
vn -0.5138 -0.8579 -0.0051
vn 0.5137 -0.8580 0.0050
vn 0.2545 0.8189 0.5143
vn -0.1999 0.8976 -0.3927
vn -0.9565 0.0000 0.2918
vn -0.5612 0.0000 0.8277
vn -0.2762 0.4642 0.8416
vn 0.2768 0.4593 0.8440
vn 0.2768 -0.4593 0.8440
vn -0.2762 -0.4642 0.8416
vn -0.7924 0.0000 0.6099
vn 0.7849 0.0000 0.6195
vn 0.4046 0.6812 0.6102
vn 0.4046 -0.6812 0.6102
vn -0.4114 -0.6815 0.6052
vn -0.4114 0.6815 0.6052
vn -0.7794 0.0000 0.6265
vn -0.6909 0.7229 0.0000
vn -0.5364 0.5612 0.6303
vn 0.0000 0.7733 0.6339
vn 0.6909 0.7229 0.0000
vn 0.5364 0.5612 0.6303
vn 0.7794 0.0000 0.6265
vn 0.6909 -0.7229 0.0000
vn 0.5363 -0.5612 0.6303
vn 0.0000 0.9622 0.2723
vn 0.4270 0.4980 0.7547
vn 0.6410 0.6845 0.3472
vn 0.0000 -0.7734 0.6339
vn -0.6909 -0.7229 0.0000
vn -0.5363 -0.5612 0.6303
vn -0.6410 0.6845 0.3472
vn -0.6242 0.0000 0.7812
vn -0.4270 0.4980 0.7547
vn -0.6410 -0.6845 0.3472
vn -0.9071 0.0000 0.4209
vn 0.0000 -0.9622 0.2723
vn 0.4270 -0.4980 0.7547
vn 0.0000 -0.6791 0.7340
vn 0.6242 0.0000 0.7812
vn 0.9071 0.0000 0.4209
vn 0.0000 0.6792 0.7340
vn -0.4270 -0.4980 0.7547
vn 0.6410 -0.6845 0.3472
vn -0.3288 -0.3163 0.8898
vn 0.0000 -0.4969 0.8678
vn 0.3288 -0.3163 0.8898
vn 0.4218 0.0000 0.9066
vn 0.3288 0.3163 0.8899
vn 0.0000 0.4969 0.8678
vn -0.3288 0.3163 0.8899
vn -0.4218 0.0000 0.9066
vn 0.0000 -0.9622 0.2724
vn 0.0000 0.6792 0.7339
vn -0.3288 -0.3163 0.8899
vn -0.9999 0.0000 -0.0114
vn -0.5135 -0.8580 -0.0062
vn -0.9999 0.0000 -0.0120
vn -0.5110 -0.8596 -0.0058
vn 0.5139 -0.8578 0.0062
vn 0.5164 0.8563 0.0059
vn 0.9999 0.0000 0.0121
vn 0.9999 0.0000 0.0114
vn 0.5164 -0.8563 0.0059
vn -0.5135 0.8580 -0.0062
vn -0.5110 0.8596 -0.0058
vn 0.5139 0.8578 0.0062
vn 0.5536 0.0000 0.8327
vn -0.7757 0.6311 0.0000
vn -0.7105 0.0000 -0.7036
vn -0.5516 0.6302 -0.5463
vn 0.0000 0.6294 -0.7770
vn 0.7105 0.0000 -0.7036
vn 0.5517 0.6302 -0.5463
vn 0.7757 0.6311 -0.0000
vn 0.7105 0.0000 0.7036
vn 0.5516 0.6302 0.5463
vn 0.4223 -0.8042 -0.4182
vn 0.0000 0.6294 0.7770
vn -0.7106 0.0000 0.7036
vn -0.5517 0.6303 0.5463
vn -0.5516 -0.6302 0.5463
vn -0.4223 -0.8042 -0.4182
vn -0.7105 0.0000 0.7036
vn -0.5961 -0.8029 0.0000
vn 0.0000 -0.8055 0.5926
vn 0.5961 -0.8029 0.0000
vn 0.0000 -0.8054 -0.5926
vn -0.4223 -0.8042 0.4182
vn 0.4223 -0.8042 0.4182
vn 0.7757 -0.6311 0.0000
vn 0.5517 -0.6302 0.5463
vn 0.5517 -0.6302 -0.5463
vn -0.7757 -0.6311 -0.0000
vn -0.5517 -0.6302 -0.5463
vn 0.0000 -0.6294 0.7770
vn 0.0000 -0.6294 -0.7770
vn -0.5517 0.6302 0.5463
vn -0.2814 0.6911 0.6657
vn 0.5787 0.7794 0.2401
vn 0.7978 0.5360 -0.2760
vn 0.2813 0.6911 -0.6657
vn 0.8826 0.0000 -0.4701
vn 0.3893 0.0000 -0.9211
vn 0.2814 -0.6911 -0.6657
vn 0.7978 -0.5359 -0.2759
vn 0.5787 -0.7794 0.2400
vn -0.2814 -0.6911 0.6658
vn 0.3662 -0.5370 0.7599
vn -0.3893 0.0000 0.9211
vn 0.9249 0.0000 0.3802
vn 0.3663 0.5371 0.7598
vn 0.2877 0.0000 0.9577
vn 0.9249 0.0000 0.3803
vn 0.5961 0.8029 0.0000
vn 0.4223 0.8042 0.4182
vn -0.0000 0.8054 0.5926
vn -0.4223 0.8042 0.4182
vn -0.4223 0.8042 -0.4182
vn 0.0000 0.8054 -0.5926
vn 0.4223 0.8042 -0.4182
vn -0.5961 0.8029 0.0000
vn -0.2809 0.6923 0.6647
vn -0.2809 -0.6923 0.6647
vn 0.0010 -1.0000 -0.0023
vn 0.2818 -0.6899 -0.6668
vn 0.2818 0.6899 -0.6668
vn 0.0010 1.0000 -0.0023
vn -0.1549 0.7322 -0.6633
vn -0.7013 0.6722 0.2371
vn -0.2004 0.9504 0.2376
vn -0.9573 -0.1795 0.2267
vn -0.7316 0.1368 -0.6679
vn -0.7316 -0.1368 -0.6679
vn -0.7013 -0.6722 0.2371
vn -0.5618 -0.5358 -0.6303
vn -0.5618 0.5358 -0.6303
vn -0.9573 0.1795 0.2267
vn 0.9573 -0.1795 0.2267
vn 0.7316 0.1368 -0.6679
vn 0.9573 0.1795 0.2267
vn -0.1368 0.1252 0.9826
vn -0.6671 0.1243 0.7345
vn -0.1778 0.0326 0.9835
vn -0.4941 0.4668 0.7334
vn -0.1382 0.6511 0.7463
vn -0.0364 0.1691 0.9849
vn 0.6671 0.1243 0.7345
vn 0.1368 0.1252 0.9826
vn 0.1778 0.0326 0.9835
vn 0.4941 0.4668 0.7334
vn 0.1382 0.6511 0.7463
vn 0.0364 0.1691 0.9849
vn 0.2004 0.9504 0.2376
vn 0.1382 -0.6511 0.7463
vn 0.1368 -0.1252 0.9826
vn 0.0364 -0.1691 0.9849
vn 0.2004 -0.9504 0.2376
vn 0.4941 -0.4668 0.7334
vn 0.6671 -0.1243 0.7345
vn 0.1778 -0.0326 0.9835
vn -0.6671 -0.1243 0.7345
vn -0.1368 -0.1252 0.9826
vn -0.1778 -0.0326 0.9835
vn -0.4941 -0.4668 0.7334
vn -0.1382 -0.6511 0.7463
vn -0.0364 -0.1691 0.9849
vn -0.2004 -0.9504 0.2376
vn 0.7013 0.6722 0.2371
vn 0.5618 0.5358 -0.6303
vn 0.5618 -0.5358 -0.6303
vn 0.7316 -0.1368 -0.6679
vn 0.7013 -0.6722 0.2371
vn -0.1549 -0.7322 -0.6633
vn -0.2070 -0.2084 0.9559
vn 0.2070 0.2084 0.9559
vn 0.0000 0.7061 0.7080
vn 0.3194 0.3246 0.8903
vn 0.4944 0.5006 0.7106
vn 0.0000 -0.7061 0.7080
vn 0.3194 -0.3247 0.8903
vn 0.0000 -0.4564 0.8898
vn -0.3194 0.3246 0.8903
vn 0.0000 0.4564 0.8898
vn -0.3194 -0.3247 0.8903
vn -0.4944 -0.5006 0.7106
vn -0.4545 0.0000 0.8907
vn -0.7009 0.0000 0.7132
vn 0.4545 0.0000 0.8907
vn 0.7009 0.0000 0.7132
vn 0.4944 -0.5006 0.7106
vn -0.4944 0.5006 0.7106
vn 0.1549 0.7322 -0.6633
vn 0.1549 -0.7322 -0.6633
vn -0.2070 0.2084 0.9559
vn 0.2070 -0.2084 0.9559
vn 0.2911 0.0000 0.9567
vn -0.2911 0.0000 0.9567
vn 0.0000 -0.2963 0.9551
vn 0.0000 0.2963 0.9551
vn 0.0000 0.7061 0.7081
f 1/1/1 2/2/1 3/3/1
f 4/4/2 5/5/2 6/6/2
f 7/7/3 8/8/3 9/9/3
f 6/6/4 10/10/4 4/4/4
f 11/11/5 12/12/5 13/13/5
f 3/14/6 14/15/6 15/16/6
f 16/17/7 14/18/7 17/19/7
f 8/8/6 18/20/6 19/21/6
f 20/22/2 21/23/2 22/24/2
f 23/25/8 24/26/8 25/27/8
f 26/28/6 27/29/6 28/30/6
f 14/31/6 29/32/6 15/33/6
f 30/34/7 31/35/7 16/17/7
f 32/36/6 33/37/6 34/38/6
f 35/39/2 36/40/2 22/41/2
f 37/42/2 38/43/2 39/44/2
f 38/45/5 40/46/5 41/47/5
f 41/47/5 42/48/5 38/45/5
f 33/49/5 43/50/5 44/51/5
f 45/52/6 42/53/6 46/54/6
f 25/55/1 41/56/1 23/57/1
f 47/58/1 48/59/1 45/60/1
f 49/61/1 41/56/1 48/59/1
f 47/58/1 46/62/1 25/55/1
f 47/63/9 50/64/9 49/65/9
f 51/66/10 30/67/10 52/68/10
f 53/69/1 54/70/1 55/71/1
f 56/72/1 57/73/1 50/64/1
f 58/74/11 59/75/11 55/76/11
f 56/72/1 60/77/1 53/69/1
f 55/71/1 57/73/1 58/78/1
f 56/79/12 61/80/12 58/74/12
f 62/81/1 61/80/1 63/82/1
f 53/83/13 59/75/13 62/81/13
f 49/65/14 50/64/14 57/73/14
f 30/67/2 64/84/2 31/85/2
f 65/86/1 51/87/1 52/88/1
f 53/89/15 63/90/15 56/91/15
f 66/92/1 24/26/1 67/93/1
f 67/93/1 68/94/1 69/95/1
f 70/96/1 54/70/1 66/92/1
f 71/97/16 72/98/16 73/99/16
f 70/96/1 68/94/1 57/73/1
f 72/98/17 74/100/17 75/101/17
f 76/102/18 77/103/18 78/104/18
f 79/105/19 80/106/19 77/103/19
f 81/107/20 82/108/20 83/109/20
f 82/108/21 84/110/21 85/111/21
f 86/112/22 87/113/22 88/114/22
f 89/115/23 90/116/23 87/113/23
f 91/117/7 92/118/7 93/119/7
f 94/120/2 95/121/2 96/122/2
f 97/123/5 98/124/5 99/125/5
f 100/126/6 101/127/6 102/128/6
f 103/129/6 104/130/6 105/131/6
f 106/132/2 107/133/2 108/134/2
f 109/135/24 110/136/24 111/137/24
f 112/138/25 113/139/25 114/140/25
f 115/141/16 116/142/16 117/143/16
f 116/142/26 118/144/26 119/145/26
f 120/146/27 121/147/27 122/148/27
f 123/149/28 124/150/28 121/147/28
f 125/151/20 126/152/20 127/153/20
f 126/152/21 128/154/21 129/155/21
f 130/156/29 131/157/29 132/158/29
f 133/159/23 134/160/23 131/157/23
f 135/161/30 136/162/30 89/163/30
f 137/164/31 89/163/31 86/165/31
f 138/166/32 139/167/32 84/168/32
f 140/169/33 138/166/33 81/170/33
f 141/171/34 142/172/34 79/173/34
f 143/174/35 79/173/35 76/175/35
f 144/176/36 145/177/36 74/178/36
f 146/179/37 144/176/37 71/180/37
f 147/181/5 148/182/5 149/183/5
f 150/184/38 80/185/38 151/186/38
f 75/187/39 152/188/39 72/189/39
f 90/190/40 153/191/40 87/192/40
f 85/193/41 154/194/41 82/195/41
f 155/196/7 156/197/7 157/198/7
f 158/199/42 159/200/42 160/201/42
f 161/202/43 145/203/43 162/204/43
f 163/205/44 164/206/44 135/207/44
f 165/208/24 139/209/24 166/210/24
f 167/211/2 168/212/2 169/213/2
f 151/214/6 170/215/6 171/216/6
f 172/217/6 173/218/6 174/219/6
f 175/220/5 176/221/5 177/222/5
f 178/223/2 160/224/2 179/225/2
f 180/226/7 181/227/7 182/228/7
f 183/229/43 184/230/43 185/231/43
f 186/232/42 187/233/42 95/234/42
f 188/235/7 189/236/7 190/237/7
f 191/238/41 192/239/41 193/240/41
f 194/241/40 195/242/40 196/243/40
f 197/244/45 198/245/45 199/246/45
f 200/247/38 201/248/38 103/249/38
f 202/250/5 203/251/5 204/252/5
f 205/253/37 206/254/37 207/255/37
f 206/254/36 184/256/36 208/257/36
f 209/258/35 210/259/35 211/260/35
f 212/261/34 213/262/34 210/259/34
f 214/263/46 215/264/46 216/265/46
f 215/264/47 110/266/47 217/267/47
f 218/268/31 219/269/31 220/270/31
f 114/271/30 221/272/30 219/269/30
f 219/273/23 194/274/23 196/275/23
f 220/276/22 196/275/22 222/277/22
f 193/278/48 217/279/48 191/280/48
f 223/281/30 224/282/30 133/283/30
f 225/284/31 133/283/31 130/285/31
f 226/286/47 227/287/47 128/288/47
f 228/289/46 226/286/46 125/290/46
f 229/291/34 230/292/34 123/293/34
f 231/294/16 232/295/16 233/296/16
f 232/295/49 234/297/49 235/298/49
f 236/299/18 237/300/18 238/301/18
f 239/302/19 240/303/19 237/300/19
f 241/304/20 242/305/20 243/306/20
f 244/307/7 245/308/7 246/309/7
f 247/310/2 248/311/2 249/312/2
f 250/313/5 251/314/5 252/315/5
f 253/316/6 254/317/6 255/318/6
f 256/319/6 257/320/6 258/321/6
f 259/322/2 260/323/2 261/324/2
f 262/325/24 263/326/24 264/327/24
f 265/328/25 266/329/25 267/330/25
f 268/331/43 269/332/43 270/333/43
f 271/334/42 272/335/42 248/336/42
f 273/337/7 274/338/7 275/339/7
f 276/340/41 277/341/41 278/342/41
f 279/343/40 280/344/40 281/345/40
f 282/346/39 283/347/39 284/348/39
f 285/349/38 286/350/38 256/351/38
f 287/352/5 288/353/5 289/354/5
f 290/355/37 291/356/37 292/357/37
f 291/356/36 269/358/36 293/359/36
f 294/360/35 295/361/35 296/362/35
f 297/363/34 298/364/34 295/361/34
f 299/365/46 300/366/46 301/367/46
f 300/366/32 263/368/32 302/369/32
f 303/370/50 304/371/50 305/372/50
f 267/373/30 306/374/30 304/371/30
f 242/305/48 307/375/48 308/376/48
f 309/377/29 310/378/29 311/379/29
f 312/380/23 313/381/23 310/378/23
f 314/382/30 315/383/30 312/384/30
f 316/385/50 312/384/50 309/386/50
f 317/387/32 318/388/32 307/389/32
f 319/390/46 317/387/46 241/391/46
f 320/392/34 321/393/34 239/394/34
f 322/395/35 239/394/35 236/396/35
f 323/397/36 324/398/36 234/399/36
f 325/400/37 323/397/37 231/401/37
f 326/402/5 327/403/5 328/404/5
f 329/405/38 240/406/38 330/407/38
f 235/408/45 331/409/45 232/410/45
f 313/411/40 332/412/40 310/413/40
f 308/414/41 333/415/41 242/416/41
f 334/417/7 335/418/7 336/419/7
f 337/420/42 338/421/42 339/422/42
f 340/423/43 324/424/43 341/425/43
f 342/426/7 343/427/7 344/428/7
f 345/429/2 346/430/2 347/431/2
f 348/432/5 349/433/5 350/434/5
f 351/435/6 352/436/6 353/437/6
f 354/438/6 355/439/6 356/440/6
f 357/441/2 358/442/2 359/443/2
f 360/444/24 361/445/24 362/446/24
f 363/447/44 364/448/44 365/449/44
f 366/450/43 367/451/43 368/452/43
f 369/453/42 370/454/42 346/455/42
f 371/456/7 372/457/7 373/458/7
f 374/459/41 375/460/41 376/461/41
f 377/462/40 378/463/40 379/464/40
f 380/465/45 381/466/45 382/467/45
f 383/468/38 384/469/38 354/470/38
f 385/471/5 386/472/5 387/473/5
f 388/474/37 389/475/37 390/476/37
f 389/475/36 367/477/36 391/478/36
f 392/479/35 393/480/35 394/481/35
f 395/482/34 396/483/34 393/480/34
f 397/484/33 398/485/33 399/486/33
f 398/485/32 361/487/32 400/488/32
f 401/489/31 402/490/31 403/491/31
f 365/492/30 404/493/30 402/490/30
f 304/494/23 279/495/23 281/496/23
f 305/497/22 281/496/22 405/498/22
f 278/499/21 302/500/21 276/501/21
f 301/502/20 278/499/20 406/503/20
f 295/504/51 286/505/51 407/506/51
f 296/507/18 407/506/18 408/508/18
f 284/509/26 293/510/26 282/511/26
f 292/512/16 284/509/16 409/513/16
f 410/514/25 411/515/25 314/516/25
f 412/517/24 318/518/24 413/519/24
f 414/520/2 415/521/2 416/522/2
f 330/523/6 417/524/6 418/525/6
f 419/526/6 420/527/6 421/528/6
f 422/529/5 423/530/5 424/531/5
f 425/532/2 339/533/2 426/534/2
f 427/535/7 428/536/7 429/537/7
f 402/538/23 377/539/23 379/540/23
f 403/541/22 379/540/22 430/542/22
f 376/543/21 400/544/21 374/545/21
f 399/546/20 376/543/20 431/547/20
f 393/548/19 384/549/19 432/550/19
f 394/551/18 432/550/18 433/552/18
f 382/553/49 391/554/49 380/555/49
f 390/556/16 382/553/16 434/557/16
f 435/558/35 123/293/35 120/559/35
f 436/560/36 437/561/36 118/562/36
f 438/563/37 436/560/37 115/564/37
f 439/565/5 440/566/5 441/567/5
f 442/568/38 124/569/38 443/570/38
f 119/571/45 444/572/45 116/573/45
f 134/574/40 445/575/40 131/576/40
f 129/577/41 446/578/41 126/579/41
f 447/580/7 448/581/7 449/582/7
f 450/583/42 451/584/42 452/585/42
f 453/586/43 437/587/43 454/588/43
f 455/589/25 456/590/25 223/591/25
f 457/592/24 227/593/24 458/594/24
f 459/595/2 460/596/2 461/597/2
f 443/598/6 462/599/6 463/600/6
f 464/601/6 465/602/6 466/603/6
f 467/604/5 468/605/5 469/606/5
f 470/607/2 452/608/2 471/609/2
f 472/610/7 473/611/7 474/612/7
f 216/613/20 193/278/20 475/614/20
f 210/615/19 201/616/19 476/617/19
f 211/618/18 476/617/18 477/619/18
f 199/620/49 208/621/49 197/622/49
f 207/623/16 199/620/16 478/624/16
f 286/505/20 479/625/20 257/626/20
f 298/364/46 247/627/46 479/628/46
f 480/629/6 278/630/6 277/631/6
f 258/632/6 406/633/6 480/634/6
f 264/635/2 481/636/2 262/637/2
f 299/638/2 249/639/2 481/640/2
f 279/495/16 482/641/16 260/642/16
f 306/374/37 253/643/37 482/644/37
f 483/645/2 284/646/2 283/647/2
f 261/648/2 409/649/2 483/650/2
f 270/651/6 484/652/6 268/653/6
f 290/654/6 255/655/6 484/656/6
f 282/511/18 485/657/18 245/658/18
f 293/359/35 250/659/35 485/660/35
f 297/661/5 486/662/5 272/335/5
f 294/663/5 252/664/5 486/665/5
f 487/666/7 407/667/7 285/349/7
f 246/668/7 408/669/7 487/670/7
f 276/501/22 488/671/22 288/672/22
f 302/369/31 273/673/31 488/674/31
f 489/675/5 281/345/5 280/344/5
f 289/676/5 405/677/5 489/678/5
f 267/330/7 490/679/7 265/328/7
f 303/680/7 275/681/7 490/682/7
f 301/683/7 491/684/7 299/685/7
f 292/686/5 492/687/5 493/688/5
f 257/689/6 494/690/6 406/691/6
f 290/692/6 495/693/6 253/694/6
f 294/695/5 496/696/5 250/697/5
f 482/698/7 495/699/7 497/700/7
f 485/701/6 498/702/6 245/703/6
f 288/704/5 499/705/5 405/706/5
f 292/686/5 500/707/5 290/708/5
f 296/709/2 501/710/2 502/711/2
f 485/701/6 496/712/6 503/713/6
f 488/714/2 504/715/2 288/716/2
f 299/717/2 505/718/2 247/719/2
f 296/709/2 506/720/2 294/721/2
f 479/722/5 507/723/5 257/724/5
f 305/725/6 499/726/6 508/727/6
f 260/728/2 492/729/2 409/730/2
f 245/731/7 501/732/7 408/733/7
f 303/734/7 509/735/7 273/736/7
f 301/683/7 494/737/7 510/738/7
f 488/714/2 509/739/2 511/740/2
f 479/722/5 505/741/5 512/742/5
f 305/725/6 513/743/6 303/744/6
f 482/698/7 514/745/7 260/746/7
f 494/737/7 515/747/7 510/738/7
f 513/748/7 516/749/7 509/735/7
f 493/688/5 517/750/5 500/707/5
f 505/741/5 518/751/5 512/742/5
f 514/752/52 519/753/52 520/754/52
f 506/755/5 521/756/5 496/696/5
f 510/738/7 522/757/7 491/684/7
f 511/740/2 523/758/2 504/715/2
f 492/759/53 524/760/53 525/761/53
f 500/762/6 526/763/6 495/693/6
f 499/726/6 527/764/6 508/727/6
f 503/713/6 528/765/6 498/702/6
f 528/766/54 529/767/54 530/768/54
f 509/739/2 531/769/2 511/740/2
f 491/770/2 532/771/2 505/718/2
f 501/710/2 533/772/2 502/711/2
f 497/700/7 534/773/7 514/745/7
f 508/727/6 535/774/6 513/743/6
f 507/775/55 536/776/55 494/777/55
f 496/712/6 537/778/6 503/713/6
f 492/687/5 538/779/5 493/688/5
f 512/742/5 539/780/5 507/723/5
f 502/711/2 540/781/2 506/720/2
f 495/699/7 541/782/7 497/700/7
f 539/783/1 515/784/1 542/785/1
f 515/784/1 532/786/1 522/787/1
f 533/788/1 521/789/1 540/790/1
f 528/791/1 533/788/1 543/792/1
f 538/793/1 526/794/1 517/795/1
f 534/796/1 538/793/1 525/797/1
f 523/798/1 527/799/1 544/800/1
f 527/799/1 516/801/1 535/802/1
f 545/803/5 546/804/5 547/805/5
f 548/806/7 529/807/7 549/808/7
f 520/809/2 524/810/2 550/811/2
f 551/812/6 552/813/6 536/814/6
f 525/815/56 519/816/56 534/817/56
f 499/818/57 545/819/57 547/820/57
f 539/821/58 552/822/58 553/823/58
f 501/824/59 529/825/59 543/826/59
f 498/827/60 549/828/60 501/829/60
f 498/830/61 530/831/61 548/832/61
f 499/833/62 546/834/62 544/835/62
f 507/836/63 553/837/63 551/838/63
f 494/839/64 552/840/64 542/841/64
f 492/842/65 520/843/65 550/844/65
f 504/845/66 554/846/66 545/847/66
f 544/848/67 554/849/67 523/850/67
f 240/303/20 555/851/20 417/852/20
f 321/393/46 425/853/46 555/854/46
f 556/855/6 242/856/6 333/857/6
f 418/858/6 243/859/6 556/860/6
f 413/861/2 557/862/2 412/863/2
f 319/864/2 426/865/2 557/866/2
f 313/381/16 558/867/16 415/868/16
f 315/383/37 419/869/37 558/870/37
f 559/871/2 232/872/2 331/873/2
f 416/874/2 233/875/2 559/876/2
f 341/877/6 560/878/6 340/879/6
f 325/880/6 421/881/6 560/882/6
f 235/298/18 561/883/18 428/884/18
f 234/399/35 422/885/35 561/886/35
f 320/887/5 562/888/5 338/421/5
f 322/889/5 424/890/5 562/891/5
f 563/892/7 237/893/7 329/405/7
f 429/894/7 238/895/7 563/896/7
f 308/376/22 564/897/22 327/898/22
f 307/389/31 334/899/31 564/900/31
f 565/901/5 310/413/5 332/412/5
f 328/902/5 311/903/5 565/904/5
f 314/516/7 566/905/7 410/514/7
f 316/906/7 336/907/7 566/908/7
f 241/909/7 567/910/7 319/911/7
f 231/912/5 568/913/5 569/914/5
f 417/915/6 570/916/6 243/917/6
f 325/918/6 571/919/6 419/920/6
f 322/921/5 572/922/5 422/923/5
f 558/924/7 571/925/7 573/926/7
f 561/927/6 574/928/6 428/929/6
f 327/930/5 575/931/5 311/932/5
f 231/912/5 576/933/5 325/934/5
f 236/935/2 577/936/2 578/937/2
f 561/927/6 572/938/6 579/939/6
f 564/940/2 580/941/2 327/942/2
f 319/943/2 581/944/2 425/945/2
f 236/935/2 582/946/2 322/947/2
f 555/948/5 583/949/5 417/950/5
f 309/951/6 575/952/6 584/953/6
f 415/954/2 568/955/2 233/956/2
f 428/957/7 577/958/7 238/959/7
f 316/960/7 585/961/7 334/962/7
f 241/909/7 570/963/7 586/964/7
f 564/940/2 585/965/2 587/966/2
f 555/948/5 581/967/5 588/968/5
f 309/951/6 589/969/6 316/970/6
f 558/924/7 590/971/7 415/972/7
f 570/963/7 591/973/7 586/964/7
f 589/974/7 592/975/7 585/961/7
f 569/914/5 593/976/5 576/933/5
f 581/967/5 594/977/5 588/968/5
f 590/978/52 595/979/52 596/980/52
f 582/981/5 597/982/5 572/922/5
f 586/964/7 598/983/7 567/910/7
f 587/966/2 599/984/2 580/941/2
f 568/985/53 600/986/53 601/987/53
f 576/988/6 602/989/6 571/919/6
f 575/952/6 603/990/6 584/953/6
f 579/939/6 604/991/6 574/928/6
f 604/992/54 605/993/54 606/994/54
f 585/965/2 607/995/2 587/966/2
f 567/996/2 608/997/2 581/944/2
f 577/936/2 609/998/2 578/937/2
f 573/926/7 610/999/7 590/971/7
f 584/953/6 611/1000/6 589/969/6
f 583/1001/55 612/1002/55 570/1003/55
f 572/938/6 613/1004/6 579/939/6
f 568/913/5 614/1005/5 569/914/5
f 588/968/5 615/1006/5 583/949/5
f 578/937/2 616/1007/2 582/946/2
f 571/925/7 617/1008/7 573/926/7
f 615/1009/1 591/1010/1 618/1011/1
f 591/1010/1 608/1012/1 598/1013/1
f 609/1014/1 597/1015/1 616/1016/1
f 604/1017/1 609/1014/1 619/1018/1
f 614/1019/1 602/1020/1 593/1021/1
f 610/1022/1 614/1019/1 601/1023/1
f 599/1024/1 603/1025/1 620/1026/1
f 603/1025/1 592/1027/1 611/1028/1
f 621/1029/5 622/1030/5 623/1031/5
f 624/1032/7 605/1033/7 625/1034/7
f 596/1035/2 600/1036/2 626/1037/2
f 627/1038/6 628/1039/6 612/1040/6
f 601/1041/56 595/1042/56 610/1043/56
f 575/1044/57 621/1045/57 623/1046/57
f 615/1047/58 628/1048/58 629/1049/58
f 577/1050/59 605/1051/59 619/1052/59
f 574/1053/60 625/1054/60 577/1055/60
f 574/1056/61 606/1057/61 624/1058/61
f 575/1059/62 622/1060/62 620/1061/62
f 583/1062/63 629/1063/63 627/1064/63
f 570/1065/64 628/1066/64 618/1067/64
f 568/1068/65 596/1069/65 626/1070/65
f 580/1071/66 630/1072/66 621/1073/66
f 620/1074/67 630/1075/67 599/1076/67
f 384/549/20 631/1077/20 355/1078/20
f 396/483/33 345/1079/33 631/1080/33
f 632/1081/6 376/1082/6 375/1083/6
f 356/1084/6 431/1085/6 632/1086/6
f 362/1087/2 633/1088/2 360/1089/2
f 397/1090/2 347/1091/2 633/1092/2
f 377/539/16 634/1093/16 358/1094/16
f 404/493/37 351/1095/37 634/1096/37
f 381/1097/2 434/1098/2 382/1099/2
f 359/1100/2 434/1101/2 635/1102/2
f 366/1103/6 388/1104/6 636/1105/6
f 388/1106/6 353/1107/6 636/1108/6
f 380/555/18 637/1109/18 343/1110/18
f 391/478/35 348/1111/35 637/1112/35
f 395/1113/5 638/1114/5 370/454/5
f 392/1115/5 350/1116/5 638/1117/5
f 639/1118/7 432/1119/7 383/468/7
f 344/1120/7 433/1121/7 639/1122/7
f 374/545/22 640/1123/22 386/1124/22
f 400/488/31 371/1125/31 640/1126/31
f 641/1127/5 379/464/5 378/463/5
f 387/1128/5 430/1129/5 641/1130/5
f 365/449/7 642/1131/7 363/447/7
f 401/1132/7 373/1133/7 642/1134/7
f 399/1135/7 643/1136/7 397/1137/7
f 390/1138/5 644/1139/5 645/1140/5
f 355/1141/6 646/1142/6 431/1143/6
f 388/1144/6 647/1145/6 351/1146/6
f 392/1147/5 648/1148/5 348/1149/5
f 634/1150/7 647/1151/7 649/1152/7
f 637/1153/6 650/1154/6 343/1155/6
f 386/1156/5 651/1157/5 430/1158/5
f 390/1138/5 652/1159/5 388/1160/5
f 394/1161/2 653/1162/2 654/1163/2
f 637/1153/6 648/1164/6 655/1165/6
f 640/1166/2 656/1167/2 386/1168/2
f 397/1169/2 657/1170/2 345/1171/2
f 394/1161/2 658/1172/2 392/1173/2
f 631/1174/5 659/1175/5 355/1176/5
f 403/1177/6 651/1178/6 660/1179/6
f 358/1180/2 644/1181/2 434/1182/2
f 343/1183/7 653/1184/7 433/1185/7
f 401/1186/7 661/1187/7 371/1188/7
f 399/1135/7 646/1189/7 662/1190/7
f 640/1166/2 661/1191/2 663/1192/2
f 631/1174/5 657/1193/5 664/1194/5
f 403/1177/6 665/1195/6 401/1196/6
f 634/1150/7 666/1197/7 358/1198/7
f 646/1189/7 667/1199/7 662/1190/7
f 665/1200/7 668/1201/7 661/1187/7
f 645/1140/5 669/1202/5 652/1159/5
f 657/1193/5 670/1203/5 664/1194/5
f 666/1204/52 671/1205/52 672/1206/52
f 658/1207/5 673/1208/5 648/1148/5
f 662/1190/7 674/1209/7 643/1136/7
f 663/1192/2 675/1210/2 656/1167/2
f 644/1211/53 676/1212/53 677/1213/53
f 652/1214/6 678/1215/6 647/1145/6
f 651/1178/6 679/1216/6 660/1179/6
f 655/1165/6 680/1217/6 650/1154/6
f 680/1218/54 681/1219/54 682/1220/54
f 661/1191/2 683/1221/2 663/1192/2
f 643/1222/2 684/1223/2 657/1170/2
f 653/1162/2 685/1224/2 654/1163/2
f 649/1152/7 686/1225/7 666/1197/7
f 660/1179/6 687/1226/6 665/1195/6
f 659/1227/55 688/1228/55 646/1229/55
f 648/1164/6 689/1230/6 655/1165/6
f 644/1139/5 690/1231/5 645/1140/5
f 664/1194/5 691/1232/5 659/1175/5
f 654/1163/2 692/1233/2 658/1172/2
f 647/1151/7 693/1234/7 649/1152/7
f 691/1235/1 667/1236/1 694/1237/1
f 667/1236/1 684/1238/1 674/1239/1
f 685/1240/1 673/1241/1 692/1242/1
f 680/1243/1 685/1240/1 695/1244/1
f 690/1245/1 678/1246/1 669/1247/1
f 686/1248/1 690/1245/1 677/1249/1
f 675/1250/1 679/1251/1 696/1252/1
f 679/1251/1 668/1253/1 687/1254/1
f 697/1255/5 698/1256/5 699/1257/5
f 700/1258/7 681/1259/7 701/1260/7
f 672/1261/2 676/1262/2 702/1263/2
f 703/1264/6 704/1265/6 688/1266/6
f 677/1267/56 671/1268/56 686/1269/56
f 651/1270/57 697/1271/57 699/1272/57
f 691/1273/58 704/1274/58 705/1275/58
f 653/1276/59 681/1277/59 695/1278/59
f 650/1279/60 701/1280/60 653/1281/60
f 650/1282/61 682/1283/61 700/1284/61
f 651/1285/62 698/1286/62 696/1287/62
f 659/1288/63 705/1289/63 703/1290/63
f 646/1291/64 704/1292/64 694/1293/64
f 644/1294/65 672/1295/65 702/1296/65
f 656/1297/66 706/1298/66 697/1299/66
f 696/1300/67 706/1301/67 675/1302/67
f 124/150/20 707/1303/20 462/1304/20
f 230/292/46 470/1305/46 707/1306/46
f 708/1307/6 126/1308/6 446/1309/6
f 463/1310/6 127/1311/6 708/1312/6
f 458/1313/2 709/1314/2 457/1315/2
f 228/1316/2 471/1317/2 709/1318/2
f 134/160/16 710/1319/16 460/1320/16
f 224/282/37 464/1321/37 710/1322/37
f 711/1323/2 116/1324/2 444/1325/2
f 461/1326/2 117/1327/2 711/1328/2
f 454/1329/6 712/1330/6 453/1331/6
f 438/1332/6 466/1333/6 712/1334/6
f 119/145/18 713/1335/18 473/1336/18
f 118/562/35 467/1337/35 713/1338/35
f 229/1339/5 714/1340/5 451/584/5
f 435/1341/5 469/1342/5 714/1343/5
f 715/1344/7 121/1345/7 442/568/7
f 474/1346/7 122/1347/7 715/1348/7
f 129/155/29 716/1349/29 440/1350/29
f 128/288/31 447/1351/31 716/1352/31
f 717/1353/5 131/576/5 445/575/5
f 441/1354/5 132/1355/5 717/1356/5
f 223/591/7 718/1357/7 455/589/7
f 225/1358/7 449/1359/7 718/1360/7
f 125/1361/7 719/1362/7 228/1363/7
f 115/1364/5 720/1365/5 721/1366/5
f 462/1367/6 722/1368/6 127/1369/6
f 438/1370/6 723/1371/6 464/1372/6
f 435/1373/5 724/1374/5 467/1375/5
f 710/1376/7 723/1377/7 725/1378/7
f 713/1379/6 726/1380/6 473/1381/6
f 440/1382/5 727/1383/5 132/1384/5
f 115/1364/5 728/1385/5 438/1386/5
f 120/1387/2 729/1388/2 730/1389/2
f 713/1379/6 724/1390/6 731/1391/6
f 716/1392/2 732/1393/2 440/1394/2
f 228/1395/2 733/1396/2 470/1397/2
f 120/1387/2 734/1398/2 435/1399/2
f 707/1400/5 735/1401/5 462/1402/5
f 130/1403/6 727/1404/6 736/1405/6
f 460/1406/2 720/1407/2 117/1408/2
f 473/1409/7 729/1410/7 122/1411/7
f 225/1412/7 737/1413/7 447/1414/7
f 125/1361/7 722/1415/7 738/1416/7
f 716/1392/2 737/1417/2 739/1418/2
f 707/1400/5 733/1419/5 740/1420/5
f 130/1403/6 741/1421/6 225/1422/6
f 710/1376/7 742/1423/7 460/1424/7
f 722/1415/7 743/1425/7 738/1416/7
f 741/1426/7 744/1427/7 737/1413/7
f 721/1366/5 745/1428/5 728/1385/5
f 733/1419/5 746/1429/5 740/1420/5
f 742/1430/52 747/1431/52 748/1432/52
f 734/1433/5 749/1434/5 724/1374/5
f 738/1416/7 750/1435/7 719/1362/7
f 739/1418/2 751/1436/2 732/1393/2
f 720/1437/53 752/1438/53 753/1439/53
f 728/1440/6 754/1441/6 723/1371/6
f 727/1404/6 755/1442/6 736/1405/6
f 731/1391/6 756/1443/6 726/1380/6
f 756/1444/54 757/1445/54 758/1446/54
f 737/1417/2 759/1447/2 739/1418/2
f 719/1448/2 760/1449/2 733/1396/2
f 729/1388/2 761/1450/2 730/1389/2
f 725/1378/7 762/1451/7 742/1423/7
f 736/1405/6 763/1452/6 741/1421/6
f 735/1453/55 764/1454/55 722/1455/55
f 724/1390/6 765/1456/6 731/1391/6
f 720/1365/5 766/1457/5 721/1366/5
f 740/1420/5 767/1458/5 735/1401/5
f 730/1389/2 768/1459/2 734/1398/2
f 723/1377/7 769/1460/7 725/1378/7
f 767/1461/1 743/1462/1 770/1463/1
f 743/1462/1 760/1464/1 750/1465/1
f 761/1466/1 749/1467/1 768/1468/1
f 756/1469/1 761/1466/1 771/1470/1
f 766/1471/1 754/1472/1 745/1473/1
f 762/1474/1 766/1471/1 753/1475/1
f 751/1476/1 755/1477/1 772/1478/1
f 755/1477/1 744/1479/1 763/1480/1
f 773/1481/5 774/1482/5 775/1483/5
f 776/1484/7 757/1485/7 777/1486/7
f 748/1487/2 752/1488/2 778/1489/2
f 779/1490/6 780/1491/6 764/1492/6
f 753/1493/56 747/1494/56 762/1495/56
f 727/1496/57 773/1497/57 775/1498/57
f 767/1499/58 780/1500/58 781/1501/58
f 729/1502/59 757/1503/59 771/1504/59
f 726/1505/60 777/1506/60 729/1507/60
f 726/1508/61 758/1509/61 776/1510/61
f 727/1511/62 774/1512/62 772/1513/62
f 735/1514/63 781/1515/63 779/1516/63
f 722/1517/64 780/1518/64 770/1519/64
f 720/1520/65 748/1521/65 778/1522/65
f 732/1523/66 782/1524/66 773/1525/66
f 772/1526/67 782/1527/67 751/1528/67
f 201/616/20 783/1529/20 104/1530/20
f 213/262/46 94/1531/46 783/1532/46
f 784/1533/6 193/1534/6 192/1535/6
f 105/1536/6 475/1537/6 784/1538/6
f 111/1539/2 785/1540/2 109/1541/2
f 214/1542/2 96/1543/2 785/1544/2
f 194/274/16 786/1545/16 107/1546/16
f 221/272/37 100/1547/37 786/1548/37
f 787/1549/2 199/1550/2 198/1551/2
f 108/1552/2 478/1553/2 787/1554/2
f 185/1555/6 788/1556/6 183/1557/6
f 205/1558/6 102/1559/6 788/1560/6
f 197/622/18 789/1561/18 92/1562/18
f 208/257/35 97/1563/35 789/1564/35
f 212/1565/5 790/1566/5 187/233/5
f 209/1567/5 99/1568/5 790/1569/5
f 791/1570/7 476/1571/7 200/247/7
f 93/1572/7 477/1573/7 791/1574/7
f 191/280/22 792/1575/22 203/1576/22
f 217/267/31 188/1577/31 792/1578/31
f 793/1579/5 196/243/5 195/242/5
f 204/1580/5 222/1581/5 793/1582/5
f 114/140/7 794/1583/7 112/138/7
f 218/1584/7 190/1585/7 794/1586/7
f 216/1587/7 795/1588/7 214/1589/7
f 207/1590/5 796/1591/5 797/1592/5
f 104/1593/6 798/1594/6 475/1595/6
f 205/1596/6 799/1597/6 100/1598/6
f 209/1599/5 800/1600/5 97/1601/5
f 786/1602/7 799/1603/7 801/1604/7
f 789/1605/6 802/1606/6 92/1607/6
f 203/1608/5 803/1609/5 222/1610/5
f 207/1590/5 804/1611/5 205/1612/5
f 211/1613/2 805/1614/2 806/1615/2
f 789/1605/6 800/1616/6 807/1617/6
f 792/1618/2 808/1619/2 203/1620/2
f 214/1621/2 809/1622/2 94/1623/2
f 211/1613/2 810/1624/2 209/1625/2
f 783/1626/5 811/1627/5 104/1628/5
f 220/1629/6 803/1630/6 812/1631/6
f 107/1632/2 796/1633/2 478/1634/2
f 92/1635/7 805/1636/7 477/1637/7
f 218/1638/7 813/1639/7 188/1640/7
f 216/1587/7 798/1641/7 814/1642/7
f 792/1618/2 813/1643/2 815/1644/2
f 783/1626/5 809/1645/5 816/1646/5
f 220/1629/6 817/1647/6 218/1648/6
f 786/1602/7 818/1649/7 107/1650/7
f 798/1641/7 819/1651/7 814/1642/7
f 817/1652/7 820/1653/7 813/1639/7
f 797/1592/5 821/1654/5 804/1611/5
f 809/1645/5 822/1655/5 816/1646/5
f 818/1656/52 823/1657/52 824/1658/52
f 810/1659/5 825/1660/5 800/1600/5
f 814/1642/7 826/1661/7 795/1588/7
f 815/1644/2 827/1662/2 808/1619/2
f 796/1663/53 828/1664/53 829/1665/53
f 804/1666/6 830/1667/6 799/1597/6
f 803/1630/6 831/1668/6 812/1631/6
f 807/1617/6 832/1669/6 802/1606/6
f 832/1670/54 833/1671/54 834/1672/54
f 813/1643/2 835/1673/2 815/1644/2
f 795/1674/2 836/1675/2 809/1622/2
f 805/1614/2 837/1676/2 806/1615/2
f 801/1604/7 838/1677/7 818/1649/7
f 812/1631/6 839/1678/6 817/1647/6
f 811/1679/55 840/1680/55 798/1681/55
f 800/1616/6 841/1682/6 807/1617/6
f 796/1591/5 842/1683/5 797/1592/5
f 816/1646/5 843/1684/5 811/1627/5
f 806/1615/2 844/1685/2 810/1624/2
f 799/1603/7 845/1686/7 801/1604/7
f 843/1687/1 819/1688/1 846/1689/1
f 819/1688/1 836/1690/1 826/1691/1
f 837/1692/1 825/1693/1 844/1694/1
f 832/1695/1 837/1692/1 847/1696/1
f 842/1697/1 830/1698/1 821/1699/1
f 838/1700/1 842/1697/1 829/1701/1
f 827/1702/1 831/1703/1 848/1704/1
f 831/1703/1 820/1705/1 839/1706/1
f 849/1707/5 850/1708/5 851/1709/5
f 852/1710/7 833/1711/7 853/1712/7
f 824/1713/2 828/1714/2 854/1715/2
f 855/1716/6 856/1717/6 840/1718/6
f 829/1719/56 823/1720/56 838/1721/56
f 803/1722/57 849/1723/57 851/1724/57
f 843/1725/58 856/1726/58 857/1727/58
f 805/1728/59 833/1729/59 847/1730/59
f 802/1731/60 853/1732/60 805/1733/60
f 802/1734/61 834/1735/61 852/1736/61
f 803/1737/62 850/1738/62 848/1739/62
f 811/1740/63 857/1741/63 855/1742/63
f 798/1743/64 856/1744/64 846/1745/64
f 796/1746/65 824/1747/65 854/1748/65
f 808/1749/66 858/1750/66 849/1751/66
f 848/1752/67 858/1753/67 827/1754/67
f 80/106/20 859/1755/20 170/1756/20
f 142/172/33 178/1757/33 859/1758/33
f 860/1759/6 82/1760/6 154/1761/6
f 171/1762/6 83/1763/6 860/1764/6
f 166/1765/2 861/1766/2 165/1767/2
f 140/1768/2 179/1769/2 861/1770/2
f 90/116/16 862/1771/16 168/1772/16
f 136/162/37 172/1773/37 862/1774/37
f 152/1775/2 73/1776/2 72/1777/2
f 169/1778/2 73/1779/2 863/1780/2
f 161/1781/6 146/1782/6 864/1783/6
f 146/1784/6 174/1785/6 864/1786/6
f 75/101/18 865/1787/18 181/1788/18
f 74/178/35 175/1789/35 865/1790/35
f 141/1791/5 866/1792/5 159/200/5
f 143/1793/5 177/1794/5 866/1795/5
f 867/1796/7 77/1797/7 150/184/7
f 182/1798/7 78/1799/7 867/1800/7
f 85/111/22 868/1801/22 148/1802/22
f 84/168/31 155/1803/31 868/1804/31
f 869/1805/5 87/192/5 153/191/5
f 149/1806/5 88/1807/5 869/1808/5
f 135/207/7 870/1809/7 163/205/7
f 137/1810/7 157/1811/7 870/1812/7
f 81/1813/7 871/1814/7 140/1815/7
f 71/1816/5 872/1817/5 873/1818/5
f 170/1819/6 874/1820/6 83/1821/6
f 146/1822/6 875/1823/6 172/1824/6
f 143/1825/5 876/1826/5 175/1827/5
f 862/1828/7 875/1829/7 877/1830/7
f 865/1831/6 878/1832/6 181/1833/6
f 148/1834/5 879/1835/5 88/1836/5
f 71/1816/5 880/1837/5 146/1838/5
f 76/1839/2 881/1840/2 882/1841/2
f 865/1831/6 876/1842/6 883/1843/6
f 868/1844/2 884/1845/2 148/1846/2
f 140/1847/2 885/1848/2 178/1849/2
f 76/1839/2 886/1850/2 143/1851/2
f 859/1852/5 887/1853/5 170/1854/5
f 86/1855/6 879/1856/6 888/1857/6
f 168/1858/2 872/1859/2 73/1860/2
f 181/1861/7 881/1862/7 78/1863/7
f 137/1864/7 889/1865/7 155/1866/7
f 81/1813/7 874/1867/7 890/1868/7
f 868/1844/2 889/1869/2 891/1870/2
f 859/1852/5 885/1871/5 892/1872/5
f 86/1855/6 893/1873/6 137/1874/6
f 862/1828/7 894/1875/7 168/1876/7
f 874/1867/7 895/1877/7 890/1868/7
f 893/1878/7 896/1879/7 889/1865/7
f 873/1818/5 897/1880/5 880/1837/5
f 885/1871/5 898/1881/5 892/1872/5
f 894/1882/52 899/1883/52 900/1884/52
f 886/1885/5 901/1886/5 876/1826/5
f 890/1868/7 902/1887/7 871/1814/7
f 891/1870/2 903/1888/2 884/1845/2
f 872/1889/53 904/1890/53 905/1891/53
f 880/1892/6 906/1893/6 875/1823/6
f 879/1856/6 907/1894/6 888/1857/6
f 883/1843/6 908/1895/6 878/1832/6
f 908/1896/54 909/1897/54 910/1898/54
f 889/1869/2 911/1899/2 891/1870/2
f 871/1900/2 912/1901/2 885/1848/2
f 881/1840/2 913/1902/2 882/1841/2
f 877/1830/7 914/1903/7 894/1875/7
f 888/1857/6 915/1904/6 893/1873/6
f 887/1905/55 916/1906/55 874/1907/55
f 876/1842/6 917/1908/6 883/1843/6
f 872/1817/5 918/1909/5 873/1818/5
f 892/1872/5 919/1910/5 887/1853/5
f 882/1841/2 920/1911/2 886/1850/2
f 875/1829/7 921/1912/7 877/1830/7
f 919/1913/1 895/1914/1 922/1915/1
f 895/1914/1 912/1916/1 902/1917/1
f 913/1918/1 901/1919/1 920/1920/1
f 908/1921/1 913/1918/1 923/1922/1
f 918/1923/1 906/1924/1 897/1925/1
f 914/1926/1 918/1923/1 905/1927/1
f 903/1928/1 907/1929/1 924/1930/1
f 907/1929/1 896/1931/1 915/1932/1
f 925/1933/5 926/1934/5 927/1935/5
f 928/1936/7 909/1937/7 929/1938/7
f 900/1939/2 904/1940/2 930/1941/2
f 931/1942/6 932/1943/6 916/1944/6
f 905/1945/56 899/1946/56 914/1947/56
f 879/1948/57 925/1949/57 927/1950/57
f 919/1951/58 932/1952/58 933/1953/58
f 881/1954/59 909/1955/59 923/1956/59
f 878/1957/60 929/1958/60 881/1959/60
f 878/1960/61 910/1961/61 928/1962/61
f 879/1963/62 926/1964/62 924/1965/62
f 887/1966/63 933/1967/63 931/1968/63
f 874/1969/64 932/1970/64 922/1971/64
f 872/1972/65 900/1973/65 930/1974/65
f 884/1975/66 934/1976/66 925/1977/66
f 924/1978/67 934/1979/67 903/1980/67
f 935/1981/68 12/12/68 10/1982/68
f 936/1983/69 937/1984/69 938/1985/69
f 939/1986/70 940/1987/70 941/1988/70
f 942/1989/7 943/1990/7 936/1983/7
f 944/1991/71 945/1992/71 946/1993/71
f 70/96/1 67/93/1 69/95/1
f 14/1994/7 947/1995/7 948/1996/7
f 29/32/6 949/1997/6 950/1998/6
f 25/27/72 24/26/72 54/70/72
f 948/1996/7 35/1999/7 949/2000/7
f 27/29/6 33/37/6 42/2001/6
f 951/2002/2 952/2003/2 953/2004/2
f 952/2005/73 954/2006/73 955/2007/73
f 951/2008/1 956/2009/1 39/2010/1
f 957/2011/2 958/2012/2 959/2013/2
f 26/28/6 950/1998/6 960/2014/6
f 961/2015/6 15/16/6 28/2016/6
f 21/2017/73 962/2018/73 963/2019/73
f 65/2020/1 3/3/1 961/2021/1
f 64/84/74 964/2022/74 31/85/74
f 965/2023/73 966/2024/73 38/2025/73
f 942/1989/75 967/2026/75 968/2027/75
f 969/2028/76 970/2029/76 971/2030/76
f 969/2028/77 972/2031/77 973/2032/77
f 974/2033/78 975/2034/78 970/2029/78
f 976/2035/79 977/2036/79 978/2037/79
f 976/2035/80 979/2038/80 980/2039/80
f 981/2040/81 982/2041/81 983/2042/81
f 981/2040/82 940/1987/82 984/2043/82
f 985/2044/83 941/1988/83 986/2045/83
f 987/2046/1 988/2047/1 957/2048/1
f 958/2049/5 989/2050/5 959/2051/5
f 959/2052/1 990/2053/1 991/2054/1
f 36/2055/73 992/2056/73 22/2057/73
f 33/49/5 44/51/5 993/2058/5
f 994/2059/73 995/2060/73 958/2061/73
f 944/2062/73 996/2063/73 953/2064/73
f 22/2065/5 997/2066/5 987/2067/5
f 20/22/2 946/1993/2 945/1992/2
f 998/2068/73 999/2069/73 946/2070/73
f 1000/2071/2 1001/2072/2 1002/2073/2
f 990/2074/7 994/2075/7 991/2076/7
f 1003/2077/7 1004/2078/7 1005/2079/7
f 991/2080/2 1006/2081/2 947/2082/2
f 44/2083/2 1007/2084/2 993/2085/2
f 989/2086/2 1008/2087/2 990/2088/2
f 1009/2089/2 1010/2090/2 996/2091/2
f 988/2092/2 992/2093/2 1011/2094/2
f 988/2095/7 36/2096/7 957/2097/7
f 1012/2098/7 1013/2099/7 952/2100/7
f 39/2101/7 1009/2102/7 944/2103/7
f 953/2104/5 1010/2105/5 951/2106/5
f 1004/2107/2 1014/2108/2 1015/2109/2
f 999/2110/2 1016/2111/2 1017/2112/2
f 962/2113/2 1018/2114/2 1019/2115/2
f 1001/2116/5 1014/2117/5 37/2118/5
f 20/2119/7 1020/2120/7 21/2121/7
f 946/2122/5 1017/2123/5 1002/2124/5
f 1000/2125/7 1021/2126/7 998/2127/7
f 1005/2128/73 1015/2129/73 1001/2130/73
f 945/2131/1 1018/2132/1 20/2133/1
f 37/2134/1 1022/2135/1 1003/2136/1
f 963/2137/5 1019/2138/5 945/2139/5
f 1002/2140/1 1016/2141/1 1000/2142/1
f 938/2143/84 19/21/84 18/20/84
f 973/2032/85 977/2036/85 1023/2144/85
f 980/2039/86 982/2041/86 1024/2145/86
f 985/2044/87 975/2034/87 1025/2146/87
f 1026/2147/88 1027/2148/88 967/2149/88
f 1028/2150/1 16/2151/1 17/2152/1
f 984/2043/89 935/2153/89 981/2040/89
f 1025/2146/90 7/2154/90 985/2044/90
f 939/1986/91 7/2154/91 11/2155/91
f 9/2156/92 1029/2157/92 1030/2158/92
f 9/2156/93 1031/2159/93 1032/2160/93
f 1033/2161/94 8/2162/94 19/2163/94
f 1033/2161/95 937/2164/95 1034/2165/95
f 1035/2166/96 937/2164/96 943/2167/96
f 1/2168/97 943/1990/97 968/2027/97
f 1031/2159/98 12/2169/98 1032/2160/98
f 10/2170/99 1028/2171/99 1036/2172/99
f 1/2173/100 967/2174/100 2/2175/100
f 1037/2176/101 4/2177/101 1038/2178/101
f 967/2174/102 1037/2176/102 2/2175/102
f 10/2170/103 1038/2178/103 4/2177/103
f 938/2179/104 973/2032/104 936/2180/104
f 18/2181/105 1025/2146/105 974/2033/105
f 936/2180/106 1023/2144/106 942/2182/106
f 5/2183/107 1024/2145/107 6/2184/107
f 11/2155/108 984/2043/108 939/1986/108
f 938/2179/109 974/2033/109 969/2028/109
f 1023/2144/110 1026/2185/110 942/2182/110
f 980/2039/111 1026/2185/111 976/2035/111
f 1024/2145/112 935/2153/112 6/2184/112
f 11/11/113 9/2186/113 1032/2187/113
f 1039/2188/114 1040/2189/114 1041/2190/114
f 1042/2191/115 1043/2192/115 1040/2193/115
f 1043/2192/116 1044/2194/116 1045/2195/116
f 1045/2196/117 1046/2197/117 1047/2198/117
f 1046/2197/118 1048/2199/118 1047/2198/118
f 1049/2200/119 1050/2201/119 1048/2202/119
f 1044/2203/1 1051/2204/1 1052/2205/1
f 1050/2201/120 1053/2206/120 1054/2207/120
f 1054/2208/121 1039/2188/121 1041/2190/121
f 1055/2209/114 1056/2210/114 1057/2211/114
f 1058/2212/115 1059/2213/115 1056/2214/115
f 1059/2213/116 1060/2215/116 1061/2216/116
f 1061/2217/117 1062/2218/117 1063/2219/117
f 1062/2218/118 1064/2220/118 1063/2219/118
f 1065/2221/119 1066/2222/119 1064/2223/119
f 1060/2224/1 1067/2225/1 1068/2226/1
f 1066/2222/120 1069/2227/120 1070/2228/120
f 1070/2229/121 1055/2209/121 1057/2211/121
f 1071/2230/114 1072/2231/114 1073/2232/114
f 1074/2233/115 1075/2234/115 1072/2235/115
f 1075/2234/116 1076/2236/116 1077/2237/116
f 1077/2238/117 1078/2239/117 1079/2240/117
f 1078/2239/118 1080/2241/118 1079/2240/118
f 1081/2242/119 1082/2243/119 1080/2244/119
f 1076/2245/1 1083/2246/1 1084/2247/1
f 1082/2243/120 1085/2248/120 1086/2249/120
f 1086/2250/121 1071/2230/121 1073/2232/121
f 1087/2251/114 1088/2252/114 1089/2253/114
f 1090/2254/115 1091/2255/115 1088/2256/115
f 1091/2255/116 1092/2257/116 1093/2258/116
f 1093/2259/117 1094/2260/117 1095/2261/117
f 1094/2260/118 1096/2262/118 1095/2261/118
f 1097/2263/119 1098/2264/119 1096/2265/119
f 1099/2266/1 1097/2267/1 1092/2268/1
f 1098/2264/120 1100/2269/120 1101/2270/120
f 1101/2271/121 1087/2251/121 1089/2253/121
f 1102/2272/114 1103/2273/114 1104/2274/114
f 1105/2275/115 1106/2276/115 1103/2277/115
f 1106/2276/116 1107/2278/116 1108/2279/116
f 1108/2280/117 1109/2281/117 1110/2282/117
f 1109/2281/118 1111/2283/118 1110/2282/118
f 1112/2284/119 1113/2285/119 1111/2286/119
f 1107/2287/1 1114/2288/1 1115/2289/1
f 1113/2285/120 1116/2290/120 1117/2291/120
f 1117/2292/121 1102/2272/121 1104/2274/121
f 1118/2293/114 1119/2294/114 1120/2295/114
f 1121/2296/115 1122/2297/115 1119/2298/115
f 1122/2297/116 1123/2299/116 1124/2300/116
f 1124/2301/117 1125/2302/117 1126/2303/117
f 1125/2302/118 1127/2304/118 1126/2303/118
f 1128/2305/119 1129/2306/119 1127/2307/119
f 1123/2308/1 1130/2309/1 1131/2310/1
f 1129/2306/120 1132/2311/120 1133/2312/120
f 1133/2313/121 1118/2293/121 1120/2295/121
f 1134/2314/2 954/2315/2 1013/2316/2
f 1007/2317/1 1134/2318/1 1012/2319/1
f 954/2320/5 1007/2321/5 955/2322/5
f 48/59/1 961/2021/1 45/60/1
f 45/52/6 28/2016/6 27/2323/6
f 34/38/6 960/2014/6 32/36/6
f 29/32/6 28/30/6 15/33/6
f 1038/2324/1 1036/2325/1 17/2152/1
f 16/2151/1 1033/2326/1 1135/2327/1
f 3/3/1 1135/2327/1 1/1/1
f 1135/2327/1 1035/2328/1 1/1/1
f 4/4/2 1027/2148/2 5/5/2
f 7/7/3 1136/2329/3 8/8/3
f 6/6/4 935/2330/4 10/10/4
f 11/11/5 1032/2187/5 12/12/5
f 3/14/6 17/2331/6 14/15/6
f 16/17/7 965/2332/7 14/18/7
f 8/8/6 1136/2329/6 18/20/6
f 22/24/2 987/2333/2 1000/2071/2
f 987/2333/2 1003/2334/2 1005/2335/2
f 1005/2335/2 1000/2071/2 987/2333/2
f 1000/2071/2 998/2336/2 22/24/2
f 998/2336/2 20/22/2 22/24/2
f 23/25/8 68/94/8 24/26/8
f 26/28/6 34/38/6 27/29/6
f 14/31/6 948/2337/6 29/32/6
f 964/2338/7 965/2332/7 31/35/7
f 965/2332/7 16/17/7 31/35/7
f 16/17/7 52/2339/7 30/34/7
f 32/36/6 1137/2340/6 33/37/6
f 963/2341/2 944/2342/2 43/2343/2
f 944/2342/2 953/2344/2 43/2343/2
f 952/2345/2 955/2346/2 43/2343/2
f 955/2346/2 44/2347/2 43/2343/2
f 953/2344/2 952/2345/2 43/2343/2
f 22/41/2 21/2348/2 35/39/2
f 21/2348/2 963/2341/2 43/2343/2
f 994/2349/2 958/2350/2 35/39/2
f 958/2350/2 36/40/2 35/39/2
f 35/39/2 1006/2351/2 994/2349/2
f 43/2343/2 35/39/2 21/2348/2
f 957/2352/2 959/2353/2 965/2354/2
f 959/2353/2 991/2355/2 965/2354/2
f 991/2355/2 947/2356/2 965/2354/2
f 965/2354/2 38/43/2 37/42/2
f 38/43/2 993/2357/2 1007/2358/2
f 1007/2358/2 1012/2359/2 38/43/2
f 1012/2359/2 951/2360/2 38/43/2
f 38/43/2 951/2360/2 39/44/2
f 37/42/2 1003/2361/2 965/2354/2
f 1003/2361/2 987/2362/2 965/2354/2
f 987/2362/2 957/2352/2 965/2354/2
f 38/45/122 966/2363/122 64/2364/122
f 64/2364/5 40/46/5 38/45/5
f 40/46/123 51/2365/123 41/47/123
f 41/47/5 46/2366/5 42/48/5
f 33/49/5 1137/2367/5 43/50/5
f 45/52/6 27/2323/6 42/53/6
f 25/55/1 46/62/1 41/56/1
f 47/58/1 49/61/1 48/59/1
f 49/61/1 23/57/1 41/56/1
f 47/58/1 45/60/1 46/62/1
f 47/63/9 60/77/9 50/64/9
f 51/66/124 40/2368/124 30/67/124
f 53/69/1 60/77/1 54/70/1
f 56/72/1 58/78/1 57/73/1
f 58/74/11 61/80/11 59/75/11
f 56/72/1 50/64/1 60/77/1
f 55/71/1 54/70/1 57/73/1
f 56/79/12 63/82/12 61/80/12
f 62/81/1 59/75/1 61/80/1
f 53/83/13 55/76/13 59/75/13
f 68/94/125 23/25/125 57/73/125
f 23/25/125 49/65/125 57/73/125
f 30/67/2 40/2368/2 64/84/2
f 16/2369/1 1135/2370/1 52/88/1
f 1135/2370/1 65/86/1 52/88/1
f 48/2371/1 41/2372/1 51/87/1
f 65/86/1 48/2371/1 51/87/1
f 53/89/126 62/2373/126 63/90/126
f 66/92/1 54/70/1 24/26/1
f 67/93/1 24/26/1 68/94/1
f 70/96/1 57/73/1 54/70/1
f 71/97/16 144/2374/16 72/98/16
f 70/96/1 69/95/1 68/94/1
f 72/98/127 144/2374/127 74/100/127
f 76/102/18 79/105/18 77/103/18
f 79/105/28 142/2375/28 80/106/28
f 81/107/20 138/2376/20 82/108/20
f 82/108/48 138/2376/48 84/110/48
f 86/112/22 89/115/22 87/113/22
f 89/115/23 136/2377/23 90/116/23
f 91/117/7 197/244/7 92/118/7
f 94/120/2 186/2378/2 95/121/2
f 97/123/5 184/230/5 98/124/5
f 100/126/6 113/2379/6 101/127/6
f 103/129/6 201/2380/6 104/130/6
f 106/132/2 194/2381/2 107/133/2
f 109/135/24 189/236/24 110/136/24
f 112/138/44 101/2382/44 113/139/44
f 115/141/16 436/2383/16 116/142/16
f 116/142/49 436/2383/49 118/144/49
f 120/146/18 123/149/18 121/147/18
f 123/149/19 230/2384/19 124/150/19
f 125/151/20 226/2385/20 126/152/20
f 126/152/48 226/2385/48 128/154/48
f 130/156/22 133/159/22 131/157/22
f 133/159/128 224/2386/128 134/160/128
f 135/161/30 164/2387/30 136/162/30
f 137/164/50 135/161/50 89/163/50
f 138/166/47 166/2388/47 139/167/47
f 140/169/46 166/2388/46 138/166/46
f 141/171/34 158/2389/34 142/172/34
f 143/174/35 141/171/35 79/173/35
f 144/176/36 162/2390/36 145/177/36
f 146/179/37 162/2390/37 144/176/37
f 147/181/5 85/193/5 148/182/5
f 150/184/38 77/1797/38 80/185/38
f 75/187/45 180/226/45 152/188/45
f 90/190/40 167/2391/40 153/191/40
f 85/193/41 147/181/41 154/194/41
f 155/196/7 139/209/7 156/197/7
f 158/199/42 141/1791/42 159/200/42
f 161/202/129 176/221/129 145/203/129
f 163/205/44 173/2392/44 164/206/44
f 165/208/24 156/197/24 139/209/24
f 167/211/2 90/2393/2 168/212/2
f 151/214/6 80/2394/6 170/215/6
f 172/217/6 164/2395/6 173/218/6
f 175/220/5 145/203/5 176/221/5
f 178/223/2 158/2396/2 160/224/2
f 180/226/7 75/187/7 181/227/7
f 183/229/129 98/124/129 184/230/129
f 186/232/42 212/1565/42 187/233/42
f 188/235/7 110/136/7 189/236/7
f 191/238/41 202/250/41 192/239/41
f 194/241/40 106/2397/40 195/242/40
f 197/244/45 91/117/45 198/245/45
f 200/247/38 476/1571/38 201/248/38
f 202/250/5 191/238/5 203/251/5
f 205/253/37 185/2398/37 206/254/37
f 206/254/130 185/2398/130 184/256/130
f 209/258/35 212/261/35 210/259/35
f 212/261/131 186/2399/131 213/262/131
f 214/263/33 111/2400/33 215/264/33
f 215/264/47 111/2400/47 110/266/47
f 218/268/50 114/271/50 219/269/50
f 114/271/30 113/2401/30 221/272/30
f 219/273/23 221/2402/23 194/274/23
f 220/276/22 219/273/22 196/275/22
f 193/278/21 215/2403/21 217/279/21
f 223/281/30 456/2404/30 224/282/30
f 225/284/31 223/281/31 133/283/31
f 226/286/32 458/2405/32 227/287/32
f 228/289/33 458/2405/33 226/286/33
f 229/291/34 450/2406/34 230/292/34
f 231/294/16 323/2407/16 232/295/16
f 232/295/26 323/2407/26 234/297/26
f 236/299/18 239/302/18 237/300/18
f 239/302/28 321/2408/28 240/303/28
f 241/304/20 317/2409/20 242/305/20
f 244/307/7 282/346/7 245/308/7
f 247/310/2 271/2410/2 248/311/2
f 250/313/5 269/332/5 251/314/5
f 253/316/6 266/2411/6 254/317/6
f 256/319/6 286/2412/6 257/320/6
f 259/322/2 279/2413/2 260/323/2
f 262/325/24 274/338/24 263/326/24
f 265/328/44 254/2414/44 266/329/44
f 268/331/129 251/314/129 269/332/129
f 271/334/42 297/661/42 272/335/42
f 273/337/7 263/326/7 274/338/7
f 276/340/41 287/352/41 277/341/41
f 279/343/40 259/2415/40 280/344/40
f 282/346/39 244/307/39 283/347/39
f 285/349/38 407/667/38 286/350/38
f 287/352/5 276/340/5 288/353/5
f 290/355/37 270/2416/37 291/356/37
f 291/356/130 270/2416/130 269/358/130
f 294/360/35 297/363/35 295/361/35
f 297/363/131 271/2417/131 298/364/131
f 299/365/33 264/2418/33 300/366/33
f 300/366/47 264/2418/47 263/368/47
f 303/370/50 267/373/50 304/371/50
f 267/373/30 266/2419/30 306/374/30
f 242/305/21 317/2409/21 307/375/21
f 309/377/22 312/380/22 310/378/22
f 312/380/23 315/2420/23 313/381/23
f 314/382/30 411/2421/30 315/383/30
f 316/385/31 314/382/31 312/384/31
f 317/387/47 413/2422/47 318/388/47
f 319/390/33 413/2422/33 317/387/33
f 320/392/34 337/2423/34 321/393/34
f 322/395/35 320/392/35 239/394/35
f 323/397/36 341/2424/36 324/398/36
f 325/400/37 341/2424/37 323/397/37
f 326/402/5 308/414/5 327/403/5
f 329/405/38 237/893/38 240/406/38
f 235/408/45 427/535/45 331/409/45
f 313/411/40 414/2425/40 332/412/40
f 308/414/41 326/402/41 333/415/41
f 334/417/7 318/518/7 335/418/7
f 337/420/42 320/887/42 338/421/42
f 340/423/129 423/530/129 324/424/129
f 342/426/7 380/465/7 343/427/7
f 345/429/2 369/2426/2 346/430/2
f 348/432/5 367/451/5 349/433/5
f 351/435/6 364/2427/6 352/436/6
f 354/438/6 384/2428/6 355/439/6
f 357/441/2 377/2429/2 358/442/2
f 360/444/24 372/457/24 361/445/24
f 363/447/44 352/2430/44 364/448/44
f 366/450/129 349/433/129 367/451/129
f 369/453/42 395/1113/42 370/454/42
f 371/456/7 361/445/7 372/457/7
f 374/459/41 385/471/41 375/460/41
f 377/462/40 357/2431/40 378/463/40
f 380/465/39 342/426/39 381/466/39
f 383/468/38 432/1119/38 384/469/38
f 385/471/5 374/459/5 386/472/5
f 388/474/37 368/2432/37 389/475/37
f 389/475/132 368/2432/132 367/477/132
f 392/479/35 395/482/35 393/480/35
f 395/482/34 369/2433/34 396/483/34
f 397/484/133 362/2434/133 398/485/133
f 398/485/47 362/2434/47 361/487/47
f 401/489/50 365/492/50 402/490/50
f 365/492/30 364/2435/30 404/493/30
f 304/494/128 306/2436/128 279/495/128
f 305/497/29 304/494/29 281/496/29
f 278/499/48 300/2437/48 302/500/48
f 301/502/20 300/2437/20 278/499/20
f 295/504/19 298/2438/19 286/505/19
f 296/507/27 295/504/27 407/506/27
f 284/509/17 291/2439/17 293/510/17
f 292/512/16 291/2439/16 284/509/16
f 410/514/44 420/2440/44 411/515/44
f 412/517/24 335/418/24 318/518/24
f 414/520/2 313/2441/2 415/521/2
f 330/523/6 240/2442/6 417/524/6
f 419/526/6 411/2443/6 420/527/6
f 422/529/5 324/424/5 423/530/5
f 425/532/2 337/2444/2 339/533/2
f 427/535/7 235/408/7 428/536/7
f 402/538/23 404/2445/23 377/539/23
f 403/541/22 402/538/22 379/540/22
f 376/543/48 398/2446/48 400/544/48
f 399/546/20 398/2446/20 376/543/20
f 393/548/28 396/2447/28 384/549/28
f 394/551/18 393/548/18 432/550/18
f 382/553/127 389/2448/127 391/554/127
f 390/556/16 389/2448/16 382/553/16
f 435/558/35 229/291/35 123/293/35
f 436/560/36 454/2449/36 437/561/36
f 438/563/37 454/2449/37 436/560/37
f 439/565/5 129/577/5 440/566/5
f 442/568/38 121/1345/38 124/569/38
f 119/571/45 472/610/45 444/572/45
f 134/574/40 459/2450/40 445/575/40
f 129/577/41 439/565/41 446/578/41
f 447/580/7 227/593/7 448/581/7
f 450/583/42 229/1339/42 451/584/42
f 453/586/129 468/605/129 437/587/129
f 455/589/44 465/2451/44 456/590/44
f 457/592/24 448/581/24 227/593/24
f 459/595/2 134/2452/2 460/596/2
f 443/598/6 124/2453/6 462/599/6
f 464/601/6 456/2454/6 465/602/6
f 467/604/5 437/587/5 468/605/5
f 470/607/2 450/2455/2 452/608/2
f 472/610/7 119/571/7 473/611/7
f 216/613/20 215/2403/20 193/278/20
f 210/615/28 213/2456/28 201/616/28
f 211/618/18 210/615/18 476/617/18
f 199/620/134 206/2457/134 208/621/134
f 207/623/16 206/2457/16 199/620/16
f 286/505/20 298/2438/20 479/625/20
f 298/364/33 271/2417/33 247/627/33
f 480/629/6 406/2458/6 278/630/6
f 258/632/6 257/2459/6 406/633/6
f 264/635/2 299/2460/2 481/636/2
f 299/638/2 247/2461/2 249/639/2
f 279/495/16 306/2436/16 482/641/16
f 306/374/37 266/2419/37 253/643/37
f 483/645/2 409/2462/2 284/646/2
f 261/648/2 260/2463/2 409/649/2
f 270/651/6 290/2464/6 484/652/6
f 290/654/6 253/2465/6 255/655/6
f 282/511/27 293/510/27 485/657/27
f 293/359/35 269/358/35 250/659/35
f 297/661/5 294/2466/5 486/662/5
f 294/663/5 250/2467/5 252/664/5
f 487/666/7 408/2468/7 407/667/7
f 246/668/7 245/2469/7 408/669/7
f 276/501/22 302/500/22 488/671/22
f 302/369/50 263/368/50 273/673/50
f 489/675/5 405/2470/5 281/345/5
f 289/676/5 288/2471/5 405/677/5
f 267/330/7 303/2472/7 490/679/7
f 303/680/7 273/2473/7 275/681/7
f 301/683/7 510/738/7 491/684/7
f 292/686/5 409/2474/5 492/687/5
f 257/689/6 507/2475/6 494/690/6
f 290/692/6 500/762/6 495/693/6
f 294/695/5 506/755/5 496/696/5
f 482/698/7 253/2476/7 495/699/7
f 485/701/6 503/713/6 498/702/6
f 288/704/5 504/2477/5 499/705/5
f 292/686/5 493/688/5 500/707/5
f 296/709/2 408/2478/2 501/710/2
f 485/701/6 250/2479/6 496/712/6
f 488/714/2 511/740/2 504/715/2
f 299/717/2 491/770/2 505/718/2
f 296/709/2 502/711/2 506/720/2
f 479/722/5 512/742/5 507/723/5
f 305/725/6 405/2480/6 499/726/6
f 260/728/2 514/2481/2 492/729/2
f 245/731/7 498/2482/7 501/732/7
f 303/734/7 513/748/7 509/735/7
f 301/683/7 406/2483/7 494/737/7
f 488/714/2 273/2484/2 509/739/2
f 479/722/5 247/2485/5 505/741/5
f 305/725/6 508/727/6 513/743/6
f 482/698/7 497/700/7 514/745/7
f 494/737/7 542/2486/7 515/747/7
f 513/748/7 535/2487/7 516/749/7
f 493/688/5 538/779/5 517/750/5
f 505/741/5 532/2488/5 518/751/5
f 514/752/52 534/2489/52 519/753/52
f 506/755/5 540/2490/5 521/756/5
f 510/738/7 515/747/7 522/757/7
f 511/740/2 531/769/2 523/758/2
f 492/759/53 550/2491/53 524/760/53
f 500/762/6 517/2492/6 526/763/6
f 499/726/6 544/2493/6 527/764/6
f 503/713/6 537/778/6 528/765/6
f 528/766/54 543/2494/54 529/767/54
f 509/739/2 516/2495/2 531/769/2
f 491/770/2 522/2496/2 532/771/2
f 501/710/2 543/2497/2 533/772/2
f 497/700/7 541/782/7 534/773/7
f 508/727/6 527/764/6 535/774/6
f 507/775/55 551/2498/55 536/776/55
f 496/712/6 521/2499/6 537/778/6
f 492/687/5 525/2500/5 538/779/5
f 512/742/5 518/751/5 539/780/5
f 502/711/2 533/772/2 540/781/2
f 495/699/7 526/2501/7 541/782/7
f 539/783/1 518/2502/1 515/784/1
f 515/784/1 518/2502/1 532/786/1
f 533/788/1 537/2503/1 521/789/1
f 528/791/1 537/2503/1 533/788/1
f 538/793/1 541/2504/1 526/794/1
f 534/796/1 541/2504/1 538/793/1
f 523/798/1 531/2505/1 527/799/1
f 527/799/1 531/2505/1 516/801/1
f 545/803/5 554/2506/5 546/804/5
f 548/806/7 530/2507/7 529/807/7
f 520/809/2 519/2508/2 524/810/2
f 551/812/6 553/2509/6 552/813/6
f 525/815/56 524/2510/56 519/816/56
f 499/818/57 504/2511/57 545/819/57
f 539/821/58 542/2512/58 552/822/58
f 501/824/59 549/2513/59 529/825/59
f 498/827/60 548/2514/60 549/828/60
f 498/830/61 528/2515/61 530/831/61
f 499/833/62 547/2516/62 546/834/62
f 507/836/63 539/2517/63 553/837/63
f 494/839/64 536/2518/64 552/840/64
f 492/842/65 514/2519/65 520/843/65
f 504/845/66 523/2520/66 554/846/66
f 544/848/67 546/2521/67 554/849/67
f 240/303/20 321/2408/20 555/851/20
f 321/393/33 337/2423/33 425/853/33
f 556/855/6 243/2522/6 242/856/6
f 418/858/6 417/2523/6 243/859/6
f 413/861/2 319/2524/2 557/862/2
f 319/864/2 425/2525/2 426/865/2
f 313/381/16 315/2420/16 558/867/16
f 315/383/37 411/2421/37 419/869/37
f 559/871/2 233/2526/2 232/872/2
f 416/874/2 415/2527/2 233/875/2
f 341/877/6 325/2528/6 560/878/6
f 325/880/6 419/2529/6 421/881/6
f 235/298/18 234/297/18 561/883/18
f 234/399/135 324/398/135 422/885/135
f 320/887/5 322/2530/5 562/888/5
f 322/889/5 422/2531/5 424/890/5
f 563/892/7 238/2532/7 237/893/7
f 429/894/7 428/2533/7 238/895/7
f 308/376/22 307/375/22 564/897/22
f 307/389/31 318/388/31 334/899/31
f 565/901/5 311/2534/5 310/413/5
f 328/902/5 327/2535/5 311/903/5
f 314/516/7 316/2536/7 566/905/7
f 316/906/7 334/2537/7 336/907/7
f 241/909/7 586/964/7 567/910/7
f 231/912/5 233/2538/5 568/913/5
f 417/915/6 583/2539/6 570/916/6
f 325/918/6 576/988/6 571/919/6
f 322/921/5 582/981/5 572/922/5
f 558/924/7 419/2540/7 571/925/7
f 561/927/6 579/939/6 574/928/6
f 327/930/5 580/2541/5 575/931/5
f 231/912/5 569/914/5 576/933/5
f 236/935/2 238/2542/2 577/936/2
f 561/927/6 422/2543/6 572/938/6
f 564/940/2 587/966/2 580/941/2
f 319/943/2 567/996/2 581/944/2
f 236/935/2 578/937/2 582/946/2
f 555/948/5 588/968/5 583/949/5
f 309/951/6 311/2544/6 575/952/6
f 415/954/2 590/2545/2 568/955/2
f 428/957/7 574/2546/7 577/958/7
f 316/960/7 589/974/7 585/961/7
f 241/909/7 243/2547/7 570/963/7
f 564/940/2 334/2548/2 585/965/2
f 555/948/5 425/2549/5 581/967/5
f 309/951/6 584/953/6 589/969/6
f 558/924/7 573/926/7 590/971/7
f 570/963/7 618/2550/7 591/973/7
f 589/974/7 611/2551/7 592/975/7
f 569/914/5 614/1005/5 593/976/5
f 581/967/5 608/2552/5 594/977/5
f 590/978/52 610/2553/52 595/979/52
f 582/981/5 616/2554/5 597/982/5
f 586/964/7 591/973/7 598/983/7
f 587/966/2 607/995/2 599/984/2
f 568/985/53 626/2555/53 600/986/53
f 576/988/6 593/2556/6 602/989/6
f 575/952/6 620/2557/6 603/990/6
f 579/939/6 613/1004/6 604/991/6
f 604/992/54 619/2558/54 605/993/54
f 585/965/2 592/2559/2 607/995/2
f 567/996/2 598/2560/2 608/997/2
f 577/936/2 619/2561/2 609/998/2
f 573/926/7 617/1008/7 610/999/7
f 584/953/6 603/990/6 611/1000/6
f 583/1001/55 627/2562/55 612/1002/55
f 572/938/6 597/2563/6 613/1004/6
f 568/913/5 601/2564/5 614/1005/5
f 588/968/5 594/977/5 615/1006/5
f 578/937/2 609/998/2 616/1007/2
f 571/925/7 602/2565/7 617/1008/7
f 615/1009/1 594/2566/1 591/1010/1
f 591/1010/1 594/2566/1 608/1012/1
f 609/1014/1 613/2567/1 597/1015/1
f 604/1017/1 613/2567/1 609/1014/1
f 614/1019/1 617/2568/1 602/1020/1
f 610/1022/1 617/2568/1 614/1019/1
f 599/1024/1 607/2569/1 603/1025/1
f 603/1025/1 607/2569/1 592/1027/1
f 621/1029/5 630/2570/5 622/1030/5
f 624/1032/7 606/2571/7 605/1033/7
f 596/1035/2 595/2572/2 600/1036/2
f 627/1038/6 629/2573/6 628/1039/6
f 601/1041/56 600/2574/56 595/1042/56
f 575/1044/57 580/2575/57 621/1045/57
f 615/1047/58 618/2576/58 628/1048/58
f 577/1050/59 625/2577/59 605/1051/59
f 574/1053/60 624/2578/60 625/1054/60
f 574/1056/61 604/2579/61 606/1057/61
f 575/1059/62 623/2580/62 622/1060/62
f 583/1062/63 615/2581/63 629/1063/63
f 570/1065/64 612/2582/64 628/1066/64
f 568/1068/65 590/2583/65 596/1069/65
f 580/1071/66 599/2584/66 630/1072/66
f 620/1074/67 622/2585/67 630/1075/67
f 384/549/20 396/2447/20 631/1077/20
f 396/483/33 369/2433/33 345/1079/33
f 632/1081/6 431/2586/6 376/1082/6
f 356/1084/6 355/2587/6 431/1085/6
f 362/1087/2 397/2588/2 633/1088/2
f 397/1090/2 345/2589/2 347/1091/2
f 377/539/16 404/2445/16 634/1093/16
f 404/493/37 364/2435/37 351/1095/37
f 381/1097/2 635/2590/2 434/1098/2
f 359/1100/2 358/2591/2 434/1101/2
f 366/1103/6 368/2592/6 388/1104/6
f 388/1106/6 351/2593/6 353/1107/6
f 380/555/18 391/554/18 637/1109/18
f 391/478/35 367/477/35 348/1111/35
f 395/1113/5 392/2594/5 638/1114/5
f 392/1115/5 348/2595/5 350/1116/5
f 639/1118/7 433/2596/7 432/1119/7
f 344/1120/7 343/2597/7 433/1121/7
f 374/545/22 400/544/22 640/1123/22
f 400/488/50 361/487/50 371/1125/50
f 641/1127/5 430/2598/5 379/464/5
f 387/1128/5 386/2599/5 430/1129/5
f 365/449/7 401/2600/7 642/1131/7
f 401/1132/7 371/2601/7 373/1133/7
f 399/1135/7 662/1190/7 643/1136/7
f 390/1138/5 434/2602/5 644/1139/5
f 355/1141/6 659/2603/6 646/1142/6
f 388/1144/6 652/1214/6 647/1145/6
f 392/1147/5 658/1207/5 648/1148/5
f 634/1150/7 351/2604/7 647/1151/7
f 637/1153/6 655/1165/6 650/1154/6
f 386/1156/5 656/2605/5 651/1157/5
f 390/1138/5 645/1140/5 652/1159/5
f 394/1161/2 433/2606/2 653/1162/2
f 637/1153/6 348/2607/6 648/1164/6
f 640/1166/2 663/1192/2 656/1167/2
f 397/1169/2 643/1222/2 657/1170/2
f 394/1161/2 654/1163/2 658/1172/2
f 631/1174/5 664/1194/5 659/1175/5
f 403/1177/6 430/2608/6 651/1178/6
f 358/1180/2 666/2609/2 644/1181/2
f 343/1183/7 650/2610/7 653/1184/7
f 401/1186/7 665/1200/7 661/1187/7
f 399/1135/7 431/2611/7 646/1189/7
f 640/1166/2 371/2612/2 661/1191/2
f 631/1174/5 345/2613/5 657/1193/5
f 403/1177/6 660/1179/6 665/1195/6
f 634/1150/7 649/1152/7 666/1197/7
f 646/1189/7 694/2614/7 667/1199/7
f 665/1200/7 687/2615/7 668/1201/7
f 645/1140/5 690/1231/5 669/1202/5
f 657/1193/5 684/2616/5 670/1203/5
f 666/1204/52 686/2617/52 671/1205/52
f 658/1207/5 692/2618/5 673/1208/5
f 662/1190/7 667/1199/7 674/1209/7
f 663/1192/2 683/1221/2 675/1210/2
f 644/1211/53 702/2619/53 676/1212/53
f 652/1214/6 669/2620/6 678/1215/6
f 651/1178/6 696/2621/6 679/1216/6
f 655/1165/6 689/1230/6 680/1217/6
f 680/1218/54 695/2622/54 681/1219/54
f 661/1191/2 668/2623/2 683/1221/2
f 643/1222/2 674/2624/2 684/1223/2
f 653/1162/2 695/2625/2 685/1224/2
f 649/1152/7 693/1234/7 686/1225/7
f 660/1179/6 679/1216/6 687/1226/6
f 659/1227/55 703/2626/55 688/1228/55
f 648/1164/6 673/2627/6 689/1230/6
f 644/1139/5 677/2628/5 690/1231/5
f 664/1194/5 670/1203/5 691/1232/5
f 654/1163/2 685/1224/2 692/1233/2
f 647/1151/7 678/2629/7 693/1234/7
f 691/1235/1 670/2630/1 667/1236/1
f 667/1236/1 670/2630/1 684/1238/1
f 685/1240/1 689/2631/1 673/1241/1
f 680/1243/1 689/2631/1 685/1240/1
f 690/1245/1 693/2632/1 678/1246/1
f 686/1248/1 693/2632/1 690/1245/1
f 675/1250/1 683/2633/1 679/1251/1
f 679/1251/1 683/2633/1 668/1253/1
f 697/1255/5 706/2634/5 698/1256/5
f 700/1258/7 682/2635/7 681/1259/7
f 672/1261/2 671/2636/2 676/1262/2
f 703/1264/6 705/2637/6 704/1265/6
f 677/1267/56 676/2638/56 671/1268/56
f 651/1270/57 656/2639/57 697/1271/57
f 691/1273/58 694/2640/58 704/1274/58
f 653/1276/59 701/2641/59 681/1277/59
f 650/1279/60 700/2642/60 701/1280/60
f 650/1282/61 680/2643/61 682/1283/61
f 651/1285/62 699/2644/62 698/1286/62
f 659/1288/63 691/2645/63 705/1289/63
f 646/1291/64 688/2646/64 704/1292/64
f 644/1294/65 666/2647/65 672/1295/65
f 656/1297/66 675/2648/66 706/1298/66
f 696/1300/67 698/2649/67 706/1301/67
f 124/150/20 230/2384/20 707/1303/20
f 230/292/33 450/2406/33 470/1305/33
f 708/1307/6 127/2650/6 126/1308/6
f 463/1310/6 462/2651/6 127/1311/6
f 458/1313/2 228/2652/2 709/1314/2
f 228/1316/2 470/2653/2 471/1317/2
f 134/160/16 224/2386/16 710/1319/16
f 224/282/37 456/2404/37 464/1321/37
f 711/1323/2 117/2654/2 116/1324/2
f 461/1326/2 460/2655/2 117/1327/2
f 454/1329/6 438/2656/6 712/1330/6
f 438/1332/6 464/2657/6 466/1333/6
f 119/145/27 118/144/27 713/1335/27
f 118/562/35 437/561/35 467/1337/35
f 229/1339/5 435/2658/5 714/1340/5
f 435/1341/5 467/2659/5 469/1342/5
f 715/1344/7 122/2660/7 121/1345/7
f 474/1346/7 473/2661/7 122/1347/7
f 129/155/22 128/154/22 716/1349/22
f 128/288/50 227/287/50 447/1351/50
f 717/1353/5 132/2662/5 131/576/5
f 441/1354/5 440/2663/5 132/1355/5
f 223/591/7 225/2664/7 718/1357/7
f 225/1358/7 447/2665/7 449/1359/7
f 125/1361/7 738/1416/7 719/1362/7
f 115/1364/5 117/2666/5 720/1365/5
f 462/1367/6 735/2667/6 722/1368/6
f 438/1370/6 728/1440/6 723/1371/6
f 435/1373/5 734/1433/5 724/1374/5
f 710/1376/7 464/2668/7 723/1377/7
f 713/1379/6 731/1391/6 726/1380/6
f 440/1382/5 732/2669/5 727/1383/5
f 115/1364/5 721/1366/5 728/1385/5
f 120/1387/2 122/2670/2 729/1388/2
f 713/1379/6 467/2671/6 724/1390/6
f 716/1392/2 739/1418/2 732/1393/2
f 228/1395/2 719/1448/2 733/1396/2
f 120/1387/2 730/1389/2 734/1398/2
f 707/1400/5 740/1420/5 735/1401/5
f 130/1403/6 132/2672/6 727/1404/6
f 460/1406/2 742/2673/2 720/1407/2
f 473/1409/7 726/2674/7 729/1410/7
f 225/1412/7 741/1426/7 737/1413/7
f 125/1361/7 127/2675/7 722/1415/7
f 716/1392/2 447/2676/2 737/1417/2
f 707/1400/5 470/2677/5 733/1419/5
f 130/1403/6 736/1405/6 741/1421/6
f 710/1376/7 725/1378/7 742/1423/7
f 722/1415/7 770/2678/7 743/1425/7
f 741/1426/7 763/2679/7 744/1427/7
f 721/1366/5 766/1457/5 745/1428/5
f 733/1419/5 760/2680/5 746/1429/5
f 742/1430/52 762/2681/52 747/1431/52
f 734/1433/5 768/2682/5 749/1434/5
f 738/1416/7 743/1425/7 750/1435/7
f 739/1418/2 759/1447/2 751/1436/2
f 720/1437/53 778/2683/53 752/1438/53
f 728/1440/6 745/2684/6 754/1441/6
f 727/1404/6 772/2685/6 755/1442/6
f 731/1391/6 765/1456/6 756/1443/6
f 756/1444/54 771/2686/54 757/1445/54
f 737/1417/2 744/2687/2 759/1447/2
f 719/1448/2 750/2688/2 760/1449/2
f 729/1388/2 771/2689/2 761/1450/2
f 725/1378/7 769/1460/7 762/1451/7
f 736/1405/6 755/1442/6 763/1452/6
f 735/1453/55 779/2690/55 764/1454/55
f 724/1390/6 749/2691/6 765/1456/6
f 720/1365/5 753/2692/5 766/1457/5
f 740/1420/5 746/1429/5 767/1458/5
f 730/1389/2 761/1450/2 768/1459/2
f 723/1377/7 754/2693/7 769/1460/7
f 767/1461/1 746/2694/1 743/1462/1
f 743/1462/1 746/2694/1 760/1464/1
f 761/1466/1 765/2695/1 749/1467/1
f 756/1469/1 765/2695/1 761/1466/1
f 766/1471/1 769/2696/1 754/1472/1
f 762/1474/1 769/2696/1 766/1471/1
f 751/1476/1 759/2697/1 755/1477/1
f 755/1477/1 759/2697/1 744/1479/1
f 773/1481/5 782/2698/5 774/1482/5
f 776/1484/7 758/2699/7 757/1485/7
f 748/1487/2 747/2700/2 752/1488/2
f 779/1490/6 781/2701/6 780/1491/6
f 753/1493/56 752/2702/56 747/1494/56
f 727/1496/57 732/2703/57 773/1497/57
f 767/1499/58 770/2704/58 780/1500/58
f 729/1502/59 777/2705/59 757/1503/59
f 726/1505/60 776/2706/60 777/1506/60
f 726/1508/61 756/2707/61 758/1509/61
f 727/1511/62 775/2708/62 774/1512/62
f 735/1514/63 767/2709/63 781/1515/63
f 722/1517/64 764/2710/64 780/1518/64
f 720/1520/65 742/2711/65 748/1521/65
f 732/1523/66 751/2712/66 782/1524/66
f 772/1526/67 774/2713/67 782/1527/67
f 201/616/20 213/2456/20 783/1529/20
f 213/262/33 186/2399/33 94/1531/33
f 784/1533/6 475/2714/6 193/1534/6
f 105/1536/6 104/2715/6 475/1537/6
f 111/1539/2 214/2716/2 785/1540/2
f 214/1542/2 94/2717/2 96/1543/2
f 194/274/16 221/2402/16 786/1545/16
f 221/272/37 113/2401/37 100/1547/37
f 787/1549/2 478/2718/2 199/1550/2
f 108/1552/2 107/2719/2 478/1553/2
f 185/1555/6 205/2720/6 788/1556/6
f 205/1558/6 100/2721/6 102/1559/6
f 197/622/18 208/621/18 789/1561/18
f 208/257/35 184/256/35 97/1563/35
f 212/1565/5 209/2722/5 790/1566/5
f 209/1567/5 97/2723/5 99/1568/5
f 791/1570/7 477/2724/7 476/1571/7
f 93/1572/7 92/2725/7 477/1573/7
f 191/280/22 217/279/22 792/1575/22
f 217/267/31 110/266/31 188/1577/31
f 793/1579/5 222/2726/5 196/243/5
f 204/1580/5 203/2727/5 222/1581/5
f 114/140/7 218/2728/7 794/1583/7
f 218/1584/7 188/2729/7 190/1585/7
f 216/1587/7 814/1642/7 795/1588/7
f 207/1590/5 478/2730/5 796/1591/5
f 104/1593/6 811/2731/6 798/1594/6
f 205/1596/6 804/1666/6 799/1597/6
f 209/1599/5 810/1659/5 800/1600/5
f 786/1602/7 100/2732/7 799/1603/7
f 789/1605/6 807/1617/6 802/1606/6
f 203/1608/5 808/2733/5 803/1609/5
f 207/1590/5 797/1592/5 804/1611/5
f 211/1613/2 477/2734/2 805/1614/2
f 789/1605/6 97/2735/6 800/1616/6
f 792/1618/2 815/1644/2 808/1619/2
f 214/1621/2 795/1674/2 809/1622/2
f 211/1613/2 806/1615/2 810/1624/2
f 783/1626/5 816/1646/5 811/1627/5
f 220/1629/6 222/2736/6 803/1630/6
f 107/1632/2 818/2737/2 796/1633/2
f 92/1635/7 802/2738/7 805/1636/7
f 218/1638/7 817/1652/7 813/1639/7
f 216/1587/7 475/2739/7 798/1641/7
f 792/1618/2 188/2740/2 813/1643/2
f 783/1626/5 94/2741/5 809/1645/5
f 220/1629/6 812/1631/6 817/1647/6
f 786/1602/7 801/1604/7 818/1649/7
f 798/1641/7 846/2742/7 819/1651/7
f 817/1652/7 839/2743/7 820/1653/7
f 797/1592/5 842/1683/5 821/1654/5
f 809/1645/5 836/2744/5 822/1655/5
f 818/1656/52 838/2745/52 823/1657/52
f 810/1659/5 844/2746/5 825/1660/5
f 814/1642/7 819/1651/7 826/1661/7
f 815/1644/2 835/1673/2 827/1662/2
f 796/1663/53 854/2747/53 828/1664/53
f 804/1666/6 821/2748/6 830/1667/6
f 803/1630/6 848/2749/6 831/1668/6
f 807/1617/6 841/1682/6 832/1669/6
f 832/1670/54 847/2750/54 833/1671/54
f 813/1643/2 820/2751/2 835/1673/2
f 795/1674/2 826/2752/2 836/1675/2
f 805/1614/2 847/2753/2 837/1676/2
f 801/1604/7 845/1686/7 838/1677/7
f 812/1631/6 831/1668/6 839/1678/6
f 811/1679/55 855/2754/55 840/1680/55
f 800/1616/6 825/2755/6 841/1682/6
f 796/1591/5 829/2756/5 842/1683/5
f 816/1646/5 822/1655/5 843/1684/5
f 806/1615/2 837/1676/2 844/1685/2
f 799/1603/7 830/2757/7 845/1686/7
f 843/1687/1 822/2758/1 819/1688/1
f 819/1688/1 822/2758/1 836/1690/1
f 837/1692/1 841/2759/1 825/1693/1
f 832/1695/1 841/2759/1 837/1692/1
f 842/1697/1 845/2760/1 830/1698/1
f 838/1700/1 845/2760/1 842/1697/1
f 827/1702/1 835/2761/1 831/1703/1
f 831/1703/1 835/2761/1 820/1705/1
f 849/1707/5 858/2762/5 850/1708/5
f 852/1710/7 834/2763/7 833/1711/7
f 824/1713/2 823/2764/2 828/1714/2
f 855/1716/6 857/2765/6 856/1717/6
f 829/1719/56 828/2766/56 823/1720/56
f 803/1722/57 808/2767/57 849/1723/57
f 843/1725/58 846/2768/58 856/1726/58
f 805/1728/59 853/2769/59 833/1729/59
f 802/1731/60 852/2770/60 853/1732/60
f 802/1734/61 832/2771/61 834/1735/61
f 803/1737/62 851/2772/62 850/1738/62
f 811/1740/63 843/2773/63 857/1741/63
f 798/1743/64 840/2774/64 856/1744/64
f 796/1746/65 818/2775/65 824/1747/65
f 808/1749/66 827/2776/66 858/1750/66
f 848/1752/67 850/2777/67 858/1753/67
f 80/106/20 142/2375/20 859/1755/20
f 142/172/133 158/2389/133 178/1757/133
f 860/1759/6 83/2778/6 82/1760/6
f 171/1762/6 170/2779/6 83/1763/6
f 166/1765/2 140/2780/2 861/1766/2
f 140/1768/2 178/2781/2 179/1769/2
f 90/116/16 136/2377/16 862/1771/16
f 136/162/37 164/2387/37 172/1773/37
f 152/1775/2 863/2782/2 73/1776/2
f 169/1778/2 168/2783/2 73/1779/2
f 161/1781/6 162/2784/6 146/1782/6
f 146/1784/6 172/2785/6 174/1785/6
f 75/101/18 74/100/18 865/1787/18
f 74/178/35 145/177/35 175/1789/35
f 141/1791/5 143/2786/5 866/1792/5
f 143/1793/5 175/2787/5 177/1794/5
f 867/1796/7 78/2788/7 77/1797/7
f 182/1798/7 181/2789/7 78/1799/7
f 85/111/22 84/110/22 868/1801/22
f 84/168/50 139/167/50 155/1803/50
f 869/1805/5 88/2790/5 87/192/5
f 149/1806/5 148/2791/5 88/1807/5
f 135/207/7 137/2792/7 870/1809/7
f 137/1810/7 155/2793/7 157/1811/7
f 81/1813/7 890/1868/7 871/1814/7
f 71/1816/5 73/2794/5 872/1817/5
f 170/1819/6 887/2795/6 874/1820/6
f 146/1822/6 880/1892/6 875/1823/6
f 143/1825/5 886/1885/5 876/1826/5
f 862/1828/7 172/2796/7 875/1829/7
f 865/1831/6 883/1843/6 878/1832/6
f 148/1834/5 884/2797/5 879/1835/5
f 71/1816/5 873/1818/5 880/1837/5
f 76/1839/2 78/2798/2 881/1840/2
f 865/1831/6 175/2799/6 876/1842/6
f 868/1844/2 891/1870/2 884/1845/2
f 140/1847/2 871/1900/2 885/1848/2
f 76/1839/2 882/1841/2 886/1850/2
f 859/1852/5 892/1872/5 887/1853/5
f 86/1855/6 88/2800/6 879/1856/6
f 168/1858/2 894/2801/2 872/1859/2
f 181/1861/7 878/2802/7 881/1862/7
f 137/1864/7 893/1878/7 889/1865/7
f 81/1813/7 83/2803/7 874/1867/7
f 868/1844/2 155/2804/2 889/1869/2
f 859/1852/5 178/2805/5 885/1871/5
f 86/1855/6 888/1857/6 893/1873/6
f 862/1828/7 877/1830/7 894/1875/7
f 874/1867/7 922/2806/7 895/1877/7
f 893/1878/7 915/2807/7 896/1879/7
f 873/1818/5 918/1909/5 897/1880/5
f 885/1871/5 912/2808/5 898/1881/5
f 894/1882/52 914/2809/52 899/1883/52
f 886/1885/5 920/2810/5 901/1886/5
f 890/1868/7 895/1877/7 902/1887/7
f 891/1870/2 911/1899/2 903/1888/2
f 872/1889/53 930/2811/53 904/1890/53
f 880/1892/6 897/2812/6 906/1893/6
f 879/1856/6 924/2813/6 907/1894/6
f 883/1843/6 917/1908/6 908/1895/6
f 908/1896/54 923/2814/54 909/1897/54
f 889/1869/2 896/2815/2 911/1899/2
f 871/1900/2 902/2816/2 912/1901/2
f 881/1840/2 923/2817/2 913/1902/2
f 877/1830/7 921/1912/7 914/1903/7
f 888/1857/6 907/1894/6 915/1904/6
f 887/1905/55 931/2818/55 916/1906/55
f 876/1842/6 901/2819/6 917/1908/6
f 872/1817/5 905/2820/5 918/1909/5
f 892/1872/5 898/1881/5 919/1910/5
f 882/1841/2 913/1902/2 920/1911/2
f 875/1829/7 906/2821/7 921/1912/7
f 919/1913/1 898/2822/1 895/1914/1
f 895/1914/1 898/2822/1 912/1916/1
f 913/1918/1 917/2823/1 901/1919/1
f 908/1921/1 917/2823/1 913/1918/1
f 918/1923/1 921/2824/1 906/1924/1
f 914/1926/1 921/2824/1 918/1923/1
f 903/1928/1 911/2825/1 907/1929/1
f 907/1929/1 911/2825/1 896/1931/1
f 925/1933/5 934/2826/5 926/1934/5
f 928/1936/7 910/2827/7 909/1937/7
f 900/1939/2 899/2828/2 904/1940/2
f 931/1942/6 933/2829/6 932/1943/6
f 905/1945/56 904/2830/56 899/1946/56
f 879/1948/57 884/2831/57 925/1949/57
f 919/1951/58 922/2832/58 932/1952/58
f 881/1954/59 929/2833/59 909/1955/59
f 878/1957/60 928/2834/60 929/1958/60
f 878/1960/61 908/2835/61 910/1961/61
f 879/1963/62 927/2836/62 926/1964/62
f 887/1966/63 919/2837/63 933/1967/63
f 874/1969/64 916/2838/64 932/1970/64
f 872/1972/65 894/2839/65 900/1973/65
f 884/1975/66 903/2840/66 934/1976/66
f 924/1978/67 926/2841/67 934/1979/67
f 935/1981/68 13/13/68 12/12/68
f 936/1983/69 943/1990/69 937/1984/69
f 939/1986/70 984/2043/70 940/1987/70
f 942/1989/7 968/2027/7 943/1990/7
f 1002/2073/2 1001/2072/2 39/2842/2
f 1001/2072/2 37/2843/2 39/2842/2
f 1002/2073/2 39/2842/2 946/1993/2
f 39/2842/2 944/1991/2 946/1993/2
f 944/1991/2 963/2844/2 945/1992/2
f 70/96/1 66/92/1 67/93/1
f 965/2845/7 947/1995/7 14/1994/7
f 947/1995/7 1006/2846/7 948/1996/7
f 29/32/6 948/2337/6 949/1997/6
f 60/77/136 47/63/136 54/70/136
f 47/63/72 25/27/72 54/70/72
f 948/1996/7 1006/2846/7 35/1999/7
f 27/29/6 34/38/6 33/37/6
f 951/2002/2 1012/2847/2 952/2003/2
f 952/2005/73 1013/2848/73 954/2006/73
f 951/2008/1 1010/2849/1 956/2009/1
f 957/2011/2 36/2850/2 958/2012/2
f 26/28/6 29/32/6 950/1998/6
f 961/2015/6 3/14/6 15/16/6
f 21/2017/73 1020/2851/73 962/2018/73
f 65/2020/1 1135/2327/1 3/3/1
f 64/84/74 966/2852/74 964/2022/74
f 965/2023/73 964/2853/73 966/2024/73
f 942/1989/75 1026/2854/75 967/2026/75
f 969/2028/76 974/2033/76 970/2029/76
f 969/2028/77 971/2030/77 972/2031/77
f 974/2033/78 1025/2146/78 975/2034/78
f 976/2035/79 1023/2144/79 977/2036/79
f 976/2035/80 978/2037/80 979/2038/80
f 981/2040/137 1024/2145/137 982/2041/137
f 981/2040/82 983/2042/82 940/1987/82
f 985/2044/83 939/1986/83 941/1988/83
f 987/2046/1 997/2855/1 988/2047/1
f 958/2049/5 995/2856/5 989/2050/5
f 959/2052/1 989/2857/1 990/2053/1
f 36/2055/73 1011/2858/73 992/2056/73
f 38/2859/5 42/2860/5 993/2058/5
f 42/2860/5 33/49/5 993/2058/5
f 994/2059/73 1008/2861/73 995/2060/73
f 944/2062/73 1009/2862/73 996/2063/73
f 22/2065/5 992/2863/5 997/2066/5
f 20/22/2 998/2336/2 946/1993/2
f 998/2068/73 1021/2864/73 999/2069/73
f 1000/2071/2 1005/2335/2 1001/2072/2
f 990/2074/7 1008/2865/7 994/2075/7
f 1003/2077/7 1022/2866/7 1004/2078/7
f 991/2080/2 994/2867/2 1006/2081/2
f 44/2083/2 955/2868/2 1007/2084/2
f 989/2086/2 995/2869/2 1008/2087/2
f 1009/2089/2 956/2870/2 1010/2090/2
f 988/2092/2 997/2871/2 992/2093/2
f 988/2095/7 1011/2872/7 36/2096/7
f 1012/2098/7 1134/2873/7 1013/2099/7
f 39/2101/7 956/2874/7 1009/2102/7
f 953/2104/5 996/2875/5 1010/2105/5
f 1004/2107/2 1022/2876/2 1014/2108/2
f 999/2110/2 1021/2877/2 1016/2111/2
f 962/2113/2 1020/2878/2 1018/2114/2
f 1001/2116/5 1015/2879/5 1014/2117/5
f 20/2119/7 1018/2880/7 1020/2120/7
f 946/2122/5 999/2881/5 1017/2123/5
f 1000/2125/7 1016/2882/7 1021/2126/7
f 1005/2128/73 1004/2883/73 1015/2129/73
f 945/2131/1 1019/2884/1 1018/2132/1
f 37/2134/1 1014/2885/1 1022/2135/1
f 963/2137/5 962/2886/5 1019/2138/5
f 1002/2140/1 1017/2887/1 1016/2141/1
f 938/2143/84 937/2888/84 19/21/84
f 973/2032/85 972/2031/85 977/2036/85
f 980/2039/86 979/2038/86 982/2041/86
f 985/2044/138 986/2045/138 975/2034/138
f 1026/2147/88 5/5/88 1027/2148/88
f 1028/2150/1 1031/2889/1 16/2151/1
f 984/2043/89 13/2890/89 935/2153/89
f 1025/2146/139 1136/2891/139 7/2154/139
f 939/1986/140 985/2044/140 7/2154/140
f 9/2156/92 8/2162/92 1029/2157/92
f 9/2156/141 1030/2158/141 1031/2159/141
f 1033/2161/94 1029/2157/94 8/2162/94
f 1033/2161/142 19/2163/142 937/2164/142
f 1035/2166/96 1034/2165/96 937/2164/96
f 1/2168/97 1035/2892/97 943/1990/97
f 1031/2159/98 1028/2171/98 12/2169/98
f 10/2170/143 12/2169/143 1028/2171/143
f 1/2173/144 968/2893/144 967/2174/144
f 1037/2176/101 1027/2894/101 4/2177/101
f 967/2174/145 1027/2894/145 1037/2176/145
f 10/2170/103 1036/2172/103 1038/2178/103
f 938/2179/146 969/2028/146 973/2032/146
f 18/2181/147 1136/2891/147 1025/2146/147
f 936/2180/106 973/2032/106 1023/2144/106
f 5/2183/107 980/2039/107 1024/2145/107
f 11/2155/148 13/2890/148 984/2043/148
f 938/2179/109 18/2181/109 974/2033/109
f 1023/2144/110 976/2035/110 1026/2185/110
f 980/2039/149 5/2183/149 1026/2185/149
f 1024/2145/150 981/2040/150 935/2153/150
f 11/11/113 7/2895/113 9/2186/113
f 1039/2188/114 1042/2896/114 1040/2189/114
f 1042/2191/151 1051/2897/151 1043/2192/151
f 1043/2192/152 1051/2897/152 1044/2194/152
f 1045/2196/117 1044/2898/117 1046/2197/117
f 1046/2197/118 1049/2899/118 1048/2199/118
f 1049/2200/119 1052/2900/119 1050/2201/119
f 1051/2204/1 1042/2901/1 1052/2205/1
f 1042/2901/1 1039/2902/1 1053/2903/1
f 1052/2205/1 1042/2901/1 1053/2903/1
f 1052/2205/1 1049/2904/1 1044/2203/1
f 1049/2904/1 1046/2905/1 1044/2203/1
f 1050/2201/120 1052/2900/120 1053/2206/120
f 1054/2208/121 1053/2906/121 1039/2188/121
f 1055/2209/114 1058/2907/114 1056/2210/114
f 1058/2212/151 1067/2908/151 1059/2213/151
f 1059/2213/152 1067/2908/152 1060/2215/152
f 1061/2217/117 1060/2909/117 1062/2218/117
f 1062/2218/118 1065/2910/118 1064/2220/118
f 1065/2221/119 1068/2911/119 1066/2222/119
f 1067/2225/1 1058/2912/1 1068/2226/1
f 1058/2912/1 1055/2913/1 1069/2914/1
f 1068/2226/1 1058/2912/1 1069/2914/1
f 1068/2226/1 1065/2915/1 1060/2224/1
f 1065/2915/1 1062/2916/1 1060/2224/1
f 1066/2222/120 1068/2911/120 1069/2227/120
f 1070/2229/121 1069/2917/121 1055/2209/121
f 1071/2230/114 1074/2918/114 1072/2231/114
f 1074/2233/115 1083/2919/115 1075/2234/115
f 1075/2234/116 1083/2919/116 1076/2236/116
f 1077/2238/117 1076/2920/117 1078/2239/117
f 1078/2239/118 1081/2921/118 1080/2241/118
f 1081/2242/119 1084/2922/119 1082/2243/119
f 1083/2246/1 1074/2923/1 1084/2247/1
f 1074/2923/1 1071/2924/1 1085/2925/1
f 1084/2247/1 1074/2923/1 1085/2925/1
f 1084/2247/1 1081/2926/1 1076/2245/1
f 1081/2926/1 1078/2927/1 1076/2245/1
f 1082/2243/120 1084/2922/120 1085/2248/120
f 1086/2250/121 1085/2928/121 1071/2230/121
f 1087/2251/114 1090/2929/114 1088/2252/114
f 1090/2254/115 1099/2930/115 1091/2255/115
f 1091/2255/116 1099/2930/116 1092/2257/116
f 1093/2259/117 1092/2931/117 1094/2260/117
f 1094/2260/118 1097/2932/118 1096/2262/118
f 1097/2263/119 1138/2933/119 1098/2264/119
f 1099/2266/1 1090/2934/1 1100/2935/1
f 1090/2934/1 1087/2936/1 1100/2935/1
f 1100/2935/1 1138/2937/1 1099/2266/1
f 1138/2937/1 1097/2267/1 1099/2266/1
f 1097/2267/1 1094/2938/1 1092/2268/1
f 1098/2264/120 1138/2933/120 1100/2269/120
f 1101/2271/121 1100/2939/121 1087/2251/121
f 1102/2272/114 1105/2940/114 1103/2273/114
f 1105/2275/115 1114/2941/115 1106/2276/115
f 1106/2276/116 1114/2941/116 1107/2278/116
f 1108/2280/117 1107/2942/117 1109/2281/117
f 1109/2281/118 1112/2943/118 1111/2283/118
f 1112/2284/119 1115/2944/119 1113/2285/119
f 1114/2288/1 1105/2945/1 1115/2289/1
f 1105/2945/1 1102/2946/1 1116/2947/1
f 1115/2289/1 1105/2945/1 1116/2947/1
f 1115/2289/1 1112/2948/1 1107/2287/1
f 1112/2948/1 1109/2949/1 1107/2287/1
f 1113/2285/120 1115/2944/120 1116/2290/120
f 1117/2292/121 1116/2950/121 1102/2272/121
f 1118/2293/114 1121/2951/114 1119/2294/114
f 1121/2296/115 1130/2952/115 1122/2297/115
f 1122/2297/116 1130/2952/116 1123/2299/116
f 1124/2301/117 1123/2953/117 1125/2302/117
f 1125/2302/118 1128/2954/118 1127/2304/118
f 1128/2305/119 1131/2955/119 1129/2306/119
f 1130/2309/1 1121/2956/1 1132/2957/1
f 1121/2956/1 1118/2958/1 1132/2957/1
f 1132/2957/1 1131/2310/1 1130/2309/1
f 1131/2310/1 1128/2959/1 1123/2308/1
f 1128/2959/1 1125/2960/1 1123/2308/1
f 1129/2306/120 1131/2955/120 1132/2311/120
f 1133/2313/121 1132/2961/121 1118/2293/121
f 1134/2314/2 1139/2962/2 954/2315/2
f 1007/2317/1 1139/2963/1 1134/2318/1
f 954/2320/5 1139/2964/5 1007/2321/5
f 48/59/1 65/2020/1 961/2021/1
f 45/52/6 961/2015/6 28/2016/6
f 34/38/6 26/28/6 960/2014/6
f 29/32/6 26/28/6 28/30/6
f 3/3/1 2/2/1 1037/2965/1
f 3/3/1 1037/2965/1 17/2152/1
f 1037/2965/1 1038/2324/1 17/2152/1
f 1036/2325/1 1028/2150/1 17/2152/1
f 16/2151/1 1031/2889/1 1030/2966/1
f 16/2151/1 1030/2966/1 1029/2967/1
f 1034/2968/1 1035/2328/1 1135/2327/1
f 16/2151/1 1029/2967/1 1033/2326/1
f 1033/2326/1 1034/2968/1 1135/2327/1
f 1140/2969/153 1141/2970/154 1142/2971/155
f 1143/2972/156 1144/2973/157 1145/2974/158
f 1146/2975/159 1147/2976/160 1148/2977/161
f 1149/2978/162 1143/2972/156 1150/2979/163
f 1151/2980/164 1152/2981/165 1153/2982/166
f 1154/2983/167 1155/2984/168 1156/2985/169
f 1157/2986/170 1158/2987/171 1159/2988/172
f 1160/2989/173 1153/2990/166 1161/2991/174
f 1162/2992/175 1163/2993/176 1164/2994/177
f 1165/2995/178 1166/2996/179 1144/2973/157
f 1167/2997/180 1168/2998/181 1169/2999/182
f 1146/3000/159 1170/3001/183 1171/3002/184
f 1159/2988/172 1172/3003/185 1173/3004/186
f 1157/2986/170 1173/3004/186 1174/3005/187
f 1175/3006/188 1174/3005/187 1176/3007/189
f 1177/3008/190 1164/2994/177 1163/2993/176
f 1178/3009/191 1171/3002/184 1149/2978/162
f 1179/3010/192 1180/3011/193 1140/2969/153
f 1168/3012/181 1181/3013/194 1169/3014/182
f 1143/3015/156 1159/2988/172 1158/2987/171
f 1182/3016/195 1146/3000/159 1171/3002/184
f 1177/3017/190 1149/2978/162 1150/2979/163
f 1178/3009/191 1151/2980/164 1182/3016/195
f 1177/3008/190 1183/3018/196 1184/3019/197
f 1170/3001/183 1175/3020/188 1166/2996/179
f 1185/3021/198 1184/3022/197 1186/3023/199
f 1187/3024/200 1188/3025/201 1185/3021/198
f 1189/3026/202 1183/3018/196 1161/2991/174
f 1177/3017/190 1188/3025/201 1178/3009/191
f 1190/3027/203 1184/3019/197 1183/3018/196
f 1175/3006/188 1147/2976/160 1157/2986/170
f 1163/2993/176 1161/2991/174 1183/3018/196
f 1153/2982/166 1182/3016/195 1151/2980/164
f 1191/3028/204 1175/3020/188 1176/3029/189
f 1174/3005/187 1141/3030/154 1176/3007/189
f 1172/3031/185 1144/2973/157 1192/3032/205
f 1166/2996/179 1192/3032/205 1144/2973/157
f 1192/3032/205 1180/3011/193 1167/2997/180
f 1154/2983/167 1173/3004/186 1181/3013/194
f 1172/3003/185 1181/3013/194 1173/3004/186
f 1172/3031/185 1167/2997/180 1169/2999/182
f 1141/3030/154 1156/2985/169 1142/3033/155
f 1191/3028/204 1141/2970/154 1180/3011/193
f 1160/2989/173 1146/2975/159 1193/3034/206
f 1152/3035/165 1161/2991/174 1153/2990/166
f 1165/2995/178 1171/3002/184 1170/3001/183
f 1162/2992/175 1158/2987/171 1147/2976/160
f 1187/3024/200 1194/3036/207 1152/2981/165
f 1185/3021/198 1195/3037/208 1187/3024/200
f 1186/3023/199 1196/3038/209 1185/3021/198
f 1197/3039/210 1186/3040/199 1190/3027/203
f 1198/3041/211 1190/3027/203 1189/3026/202
f 1194/3042/207 1189/3026/202 1152/3035/165
f 1199/3043/1 1200/3044/212 1201/3045/1
f 1202/3046/1 1203/3047/213 1204/3048/1
f 1205/3049/1 1203/3050/213 1206/3051/214
f 1207/3052/1 1208/3053/215 1202/3046/1
f 1207/3052/1 1200/3054/212 1209/3055/216
f 1199/3043/1 1206/3051/214 1210/3056/217
f 1211/3057/218 1212/3058/219 1213/3059/6
f 1214/3060/220 1215/3061/7 1212/3062/219
f 1216/3063/221 1217/3064/222 1215/3061/7
f 1218/3065/223 1219/3066/2 1217/3067/222
f 1220/3068/224 1221/3069/225 1219/3066/2
f 1222/3070/226 1223/3071/5 1221/3072/225
f 1224/3073/227 1225/3074/228 1226/3075/229
f 1227/3076/230 1228/3077/231 1223/3071/5
f 1229/3078/232 1213/3059/6 1228/3079/231
f 1230/3080/1 1211/3081/218 1231/3082/1
f 1232/3083/1 1214/3084/220 1230/3080/1
f 1232/3083/1 1218/3085/223 1216/3086/221
f 1233/3087/1 1220/3088/224 1218/3085/223
f 1234/3089/1 1220/3088/224 1235/3090/1
f 1236/3091/1 1222/3092/226 1234/3089/1
f 1236/3091/1 1229/3093/232 1227/3094/230
f 1237/3095/1 1211/3081/218 1229/3093/232
f 1238/3096/1 1239/3097/1 1240/3098/1
f 1241/3099/233 1242/3100/234 1243/3101/235
f 1244/3102/236 1242/3100/234 1245/3103/237
f 1246/3104/238 1247/3105/239 1248/3106/240
f 1226/3107/229 1249/3108/241 1250/3109/242
f 1224/3073/227 1243/3110/235 1251/3111/243
f 1246/3104/238 1252/3112/244 1244/3113/236
f 1253/3114/245 1249/3108/241 1247/3115/239
f 1254/3116/231 1255/3117/6 1256/3118/231
f 1257/3119/5 1256/3120/231 1258/3121/5
f 1259/3122/225 1258/3121/5 1260/3123/225
f 1261/3124/2 1260/3125/225 1262/3126/2
f 1263/3127/222 1262/3126/2 1264/3128/222
f 1265/3129/7 1264/3130/222 1266/3131/7
f 1267/3132/219 1266/3131/7 1268/3133/219
f 1269/3134/6 1268/3135/219 1255/3117/6
f 1270/3136/246 1271/3137/1 1272/3138/1
f 1273/3139/247 1272/3138/1 1274/3140/1
f 1273/3139/247 1275/3141/1 1276/3142/248
f 1276/3142/248 1277/3143/1 1278/3144/249
f 1279/3145/250 1277/3143/1 1280/3146/1
f 1281/3147/251 1280/3146/1 1282/3148/1
f 1281/3147/251 1283/3149/1 1284/3150/252
f 1284/3150/252 1271/3137/1 1285/3151/253
f 1276/3152/248 1286/3153/242 1287/3154/245
f 1273/3155/247 1288/3156/236 1270/3157/246
f 1281/3158/251 1289/3159/233 1290/3160/227
f 1279/3161/250 1286/3153/242 1278/3162/249
f 1273/3155/247 1287/3163/245 1291/3164/238
f 1270/3165/246 1292/3166/237 1285/3167/253
f 1284/3168/252 1292/3166/237 1289/3169/233
f 1281/3158/251 1293/3170/229 1279/3171/250
f 1272/3138/1 1231/3082/1 1237/3095/1
f 1274/3140/1 1237/3095/1 1236/3091/1
f 1274/3140/1 1234/3089/1 1275/3141/1
f 1275/3141/1 1235/3090/1 1277/3143/1
f 1280/3146/1 1235/3090/1 1233/3087/1
f 1282/3148/1 1233/3087/1 1232/3083/1
f 1282/3148/1 1230/3080/1 1283/3149/1
f 1283/3149/1 1231/3082/1 1271/3137/1
f 1228/3079/231 1269/3172/6 1254/3173/231
f 1223/3071/5 1254/3174/231 1257/3175/5
f 1221/3072/225 1257/3175/5 1259/3176/225
f 1219/3066/2 1259/3177/225 1261/3178/2
f 1217/3067/222 1261/3178/2 1263/3179/222
f 1215/3061/7 1263/3180/222 1265/3181/7
f 1212/3062/219 1265/3181/7 1267/3182/219
f 1213/3059/6 1267/3183/219 1269/3172/6
f 1294/3184/1 1242/3185/234 1295/3186/1
f 1239/3097/1 1243/3187/235 1294/3184/1
f 1239/3097/1 1225/3188/228 1251/3189/243
f 1238/3096/1 1249/3190/241 1225/3188/228
f 1296/3191/1 1249/3190/241 1297/3192/1
f 1240/3098/1 1247/3193/239 1296/3191/1
f 1240/3098/1 1252/3194/244 1248/3195/240
f 1298/3196/1 1242/3185/234 1252/3194/244
f 1287/3154/245 1250/3109/242 1253/3114/245
f 1291/3164/238 1244/3113/236 1288/3156/236
f 1290/3160/227 1241/3197/233 1224/3073/227
f 1293/3198/229 1250/3109/242 1286/3153/242
f 1291/3164/238 1253/3199/245 1246/3104/238
f 1288/3200/236 1245/3103/237 1292/3166/237
f 1289/3169/233 1245/3103/237 1241/3099/233
f 1290/3160/227 1226/3075/229 1293/3170/229
f 1299/3201/218 1300/3202/219 1301/3203/6
f 1302/3204/220 1303/3205/7 1300/3206/219
f 1304/3207/221 1305/3208/222 1303/3205/7
f 1306/3209/223 1307/3210/2 1305/3211/222
f 1308/3212/224 1309/3213/225 1307/3210/2
f 1310/3214/226 1311/3215/5 1309/3216/225
f 1312/3217/227 1313/3218/228 1314/3219/229
f 1315/3220/230 1316/3221/231 1311/3215/5
f 1317/3222/232 1301/3203/6 1316/3223/231
f 1318/3224/1 1299/3225/218 1319/3226/1
f 1320/3227/1 1302/3228/220 1318/3224/1
f 1320/3227/1 1306/3229/223 1304/3230/221
f 1321/3231/1 1308/3232/224 1306/3229/223
f 1322/3233/1 1308/3232/224 1323/3234/1
f 1324/3235/1 1310/3236/226 1322/3233/1
f 1324/3235/1 1317/3237/232 1315/3238/230
f 1325/3239/1 1299/3225/218 1317/3237/232
f 1326/3240/1 1327/3241/1 1328/3242/1
f 1329/3243/233 1330/3244/234 1331/3245/235
f 1332/3246/236 1330/3244/234 1333/3247/237
f 1334/3248/238 1335/3249/239 1336/3250/240
f 1314/3251/229 1337/3252/241 1338/3253/242
f 1312/3217/227 1331/3254/235 1339/3255/243
f 1334/3248/238 1340/3256/244 1332/3257/236
f 1341/3258/245 1337/3252/241 1335/3259/239
f 1342/3260/231 1343/3261/6 1344/3262/231
f 1345/3263/5 1344/3264/231 1346/3265/5
f 1347/3266/225 1346/3265/5 1348/3267/225
f 1349/3268/2 1348/3269/225 1350/3270/2
f 1351/3271/222 1350/3270/2 1352/3272/222
f 1353/3273/7 1352/3274/222 1354/3275/7
f 1355/3276/219 1354/3275/7 1356/3277/219
f 1357/3278/6 1356/3279/219 1343/3261/6
f 1358/3280/246 1359/3281/1 1360/3282/1
f 1361/3283/247 1360/3282/1 1362/3284/1
f 1361/3283/247 1363/3285/1 1364/3286/248
f 1364/3286/248 1365/3287/1 1366/3288/249
f 1367/3289/250 1365/3287/1 1368/3290/1
f 1369/3291/251 1368/3290/1 1370/3292/1
f 1369/3291/251 1371/3293/1 1372/3294/252
f 1372/3294/252 1359/3281/1 1373/3295/253
f 1364/3296/248 1374/3297/242 1375/3298/245
f 1361/3299/247 1376/3300/236 1358/3301/246
f 1369/3302/251 1377/3303/233 1378/3304/227
f 1367/3305/250 1374/3297/242 1366/3306/249
f 1361/3299/247 1375/3307/245 1379/3308/254
f 1358/3309/246 1380/3310/237 1373/3311/253
f 1372/3312/252 1380/3310/237 1377/3313/233
f 1369/3302/251 1381/3314/229 1367/3315/250
f 1360/3282/1 1319/3226/1 1325/3239/1
f 1362/3284/1 1325/3239/1 1324/3235/1
f 1362/3284/1 1322/3233/1 1363/3285/1
f 1363/3285/1 1323/3234/1 1365/3287/1
f 1368/3290/1 1323/3234/1 1321/3231/1
f 1370/3292/1 1321/3231/1 1320/3227/1
f 1370/3292/1 1318/3224/1 1371/3293/1
f 1371/3293/1 1319/3226/1 1359/3281/1
f 1316/3223/231 1357/3316/6 1342/3317/231
f 1311/3215/5 1342/3318/231 1345/3319/5
f 1309/3216/225 1345/3319/5 1347/3320/225
f 1307/3210/2 1347/3321/225 1349/3322/2
f 1305/3211/222 1349/3322/2 1351/3323/222
f 1303/3205/7 1351/3324/222 1353/3325/7
f 1300/3206/219 1353/3325/7 1355/3326/219
f 1301/3203/6 1355/3327/219 1357/3316/6
f 1382/3328/1 1330/3329/234 1383/3330/1
f 1327/3241/1 1331/3331/235 1382/3328/1
f 1327/3241/1 1313/3332/228 1339/3333/243
f 1326/3240/1 1337/3334/241 1313/3332/228
f 1384/3335/1 1337/3334/241 1385/3336/1
f 1328/3242/1 1335/3337/239 1384/3335/1
f 1328/3242/1 1340/3338/244 1336/3339/240
f 1386/3340/1 1330/3329/234 1340/3338/244
f 1375/3298/245 1338/3253/242 1341/3258/245
f 1379/3308/254 1332/3257/236 1376/3300/236
f 1378/3304/227 1329/3341/233 1312/3217/227
f 1381/3342/229 1338/3253/242 1374/3297/242
f 1379/3308/254 1341/3343/245 1334/3248/238
f 1376/3344/236 1333/3247/237 1380/3310/237
f 1377/3313/233 1333/3247/237 1329/3243/233
f 1378/3304/227 1314/3219/229 1381/3314/229
f 1387/3345/218 1388/3346/219 1389/3347/6
f 1390/3348/220 1391/3349/7 1388/3350/219
f 1392/3351/221 1393/3352/222 1391/3349/7
f 1394/3353/223 1395/3354/2 1393/3355/222
f 1396/3356/224 1397/3357/225 1395/3354/2
f 1398/3358/226 1399/3359/5 1397/3360/225
f 1400/3361/227 1401/3362/228 1402/3363/229
f 1403/3364/230 1404/3365/231 1399/3359/5
f 1405/3366/232 1389/3347/6 1404/3367/231
f 1406/3368/1 1387/3369/218 1407/3370/1
f 1408/3371/1 1390/3372/220 1406/3368/1
f 1408/3371/1 1394/3373/223 1392/3374/221
f 1409/3375/1 1396/3376/224 1394/3373/223
f 1410/3377/1 1396/3376/224 1411/3378/1
f 1412/3379/1 1398/3380/226 1410/3377/1
f 1412/3379/1 1405/3381/232 1403/3382/230
f 1413/3383/1 1387/3369/218 1405/3381/232
f 1414/3384/1 1415/3385/1 1416/3386/1
f 1417/3387/233 1418/3388/234 1419/3389/235
f 1420/3390/236 1418/3388/234 1421/3391/237
f 1422/3392/238 1423/3393/239 1424/3394/240
f 1402/3395/229 1425/3396/241 1426/3397/242
f 1400/3361/227 1419/3398/235 1427/3399/255
f 1422/3392/238 1428/3400/244 1420/3401/236
f 1429/3402/245 1425/3396/241 1423/3403/239
f 1430/3404/231 1431/3405/6 1432/3406/231
f 1433/3407/5 1432/3408/231 1434/3409/5
f 1435/3410/225 1434/3409/5 1436/3411/225
f 1437/3412/2 1436/3413/225 1438/3414/2
f 1439/3415/222 1438/3414/2 1440/3416/222
f 1441/3417/7 1440/3418/222 1442/3419/7
f 1443/3420/219 1442/3419/7 1444/3421/219
f 1445/3422/6 1444/3423/219 1431/3405/6
f 1446/3424/246 1447/3425/1 1448/3426/1
f 1449/3427/247 1448/3426/1 1450/3428/1
f 1449/3427/247 1451/3429/1 1452/3430/248
f 1452/3430/248 1453/3431/1 1454/3432/249
f 1455/3433/250 1453/3431/1 1456/3434/1
f 1457/3435/251 1456/3434/1 1458/3436/1
f 1457/3435/251 1459/3437/1 1460/3438/252
f 1460/3438/252 1447/3425/1 1461/3439/253
f 1452/3440/248 1462/3441/242 1463/3442/245
f 1449/3443/247 1464/3444/236 1446/3445/246
f 1457/3446/251 1465/3447/233 1466/3448/227
f 1455/3449/250 1462/3441/242 1454/3450/249
f 1449/3443/247 1463/3451/245 1467/3452/254
f 1446/3453/246 1468/3454/237 1461/3455/253
f 1460/3456/252 1468/3454/237 1465/3457/233
f 1457/3446/251 1469/3458/229 1455/3459/250
f 1448/3426/1 1407/3370/1 1413/3383/1
f 1450/3428/1 1413/3383/1 1412/3379/1
f 1450/3428/1 1410/3377/1 1451/3429/1
f 1451/3429/1 1411/3378/1 1453/3431/1
f 1456/3434/1 1411/3378/1 1409/3375/1
f 1458/3436/1 1409/3375/1 1408/3371/1
f 1458/3436/1 1406/3368/1 1459/3437/1
f 1459/3437/1 1407/3370/1 1447/3425/1
f 1404/3367/231 1445/3460/6 1430/3461/231
f 1399/3359/5 1430/3462/231 1433/3463/5
f 1397/3360/225 1433/3463/5 1435/3464/225
f 1395/3354/2 1435/3465/225 1437/3466/2
f 1393/3355/222 1437/3466/2 1439/3467/222
f 1391/3349/7 1439/3468/222 1441/3469/7
f 1388/3350/219 1441/3469/7 1443/3470/219
f 1389/3347/6 1443/3471/219 1445/3460/6
f 1470/3472/1 1418/3473/234 1471/3474/1
f 1415/3385/1 1419/3475/235 1470/3472/1
f 1415/3385/1 1401/3476/228 1427/3477/255
f 1414/3384/1 1425/3478/241 1401/3476/228
f 1472/3479/1 1425/3478/241 1473/3480/1
f 1416/3386/1 1423/3481/239 1472/3479/1
f 1416/3386/1 1428/3482/244 1424/3483/240
f 1474/3484/1 1418/3473/234 1428/3482/244
f 1463/3442/245 1426/3397/242 1429/3402/245
f 1467/3452/254 1420/3401/236 1464/3444/236
f 1466/3448/227 1417/3485/233 1400/3361/227
f 1469/3486/229 1426/3397/242 1462/3441/242
f 1467/3452/254 1429/3487/245 1422/3392/238
f 1464/3488/236 1421/3391/237 1468/3454/237
f 1465/3457/233 1421/3391/237 1417/3387/233
f 1466/3448/227 1402/3363/229 1469/3458/229
f 1475/3489/218 1476/3490/219 1477/3491/6
f 1478/3492/220 1479/3493/7 1476/3494/219
f 1480/3495/221 1481/3496/222 1479/3493/7
f 1482/3497/223 1483/3498/2 1481/3499/222
f 1484/3500/224 1485/3501/225 1483/3498/2
f 1486/3502/226 1487/3503/5 1485/3504/225
f 1488/3505/227 1489/3506/228 1490/3507/229
f 1491/3508/230 1492/3509/231 1487/3503/5
f 1493/3510/232 1477/3491/6 1492/3511/231
f 1494/3512/1 1475/3513/218 1495/3514/1
f 1496/3515/1 1478/3516/220 1494/3512/1
f 1496/3515/1 1482/3517/223 1480/3518/221
f 1497/3519/1 1484/3520/224 1482/3517/223
f 1498/3521/1 1484/3520/224 1499/3522/1
f 1500/3523/1 1486/3524/226 1498/3521/1
f 1500/3523/1 1493/3525/232 1491/3526/230
f 1501/3527/1 1475/3513/218 1493/3525/232
f 1502/3528/1 1503/3529/1 1504/3530/1
f 1505/3531/233 1506/3532/234 1507/3533/235
f 1508/3534/236 1506/3532/234 1509/3535/237
f 1510/3536/238 1511/3537/239 1512/3538/240
f 1490/3539/229 1513/3540/241 1514/3541/242
f 1488/3505/227 1507/3542/235 1515/3543/243
f 1510/3536/238 1516/3544/244 1508/3545/236
f 1517/3546/245 1513/3540/241 1511/3547/239
f 1518/3548/231 1519/3549/6 1520/3550/231
f 1521/3551/5 1520/3552/231 1522/3553/5
f 1523/3554/225 1522/3553/5 1524/3555/225
f 1525/3556/2 1524/3557/225 1526/3558/2
f 1527/3559/222 1526/3558/2 1528/3560/222
f 1529/3561/7 1528/3562/222 1530/3563/7
f 1531/3564/219 1530/3563/7 1532/3565/219
f 1533/3566/6 1532/3567/219 1519/3549/6
f 1534/3568/256 1535/3569/1 1536/3570/1
f 1537/3571/247 1536/3570/1 1538/3572/1
f 1537/3571/247 1539/3573/1 1540/3574/248
f 1540/3574/248 1541/3575/1 1542/3576/249
f 1543/3577/250 1541/3575/1 1544/3578/1
f 1545/3579/251 1544/3578/1 1546/3580/1
f 1545/3579/251 1547/3581/1 1548/3582/252
f 1548/3582/252 1535/3569/1 1549/3583/253
f 1540/3584/248 1550/3585/242 1551/3586/245
f 1537/3587/247 1552/3588/236 1534/3589/256
f 1545/3590/251 1553/3591/233 1554/3592/227
f 1543/3593/250 1550/3585/242 1542/3594/249
f 1537/3587/247 1551/3595/245 1555/3596/238
f 1534/3597/256 1556/3598/237 1549/3599/253
f 1548/3600/252 1556/3598/237 1553/3601/233
f 1545/3590/251 1557/3602/229 1543/3603/250
f 1536/3570/1 1495/3514/1 1501/3527/1
f 1538/3572/1 1501/3527/1 1500/3523/1
f 1538/3572/1 1498/3521/1 1539/3573/1
f 1539/3573/1 1499/3522/1 1541/3575/1
f 1544/3578/1 1499/3522/1 1497/3519/1
f 1546/3580/1 1497/3519/1 1496/3515/1
f 1546/3580/1 1494/3512/1 1547/3581/1
f 1547/3581/1 1495/3514/1 1535/3569/1
f 1492/3511/231 1533/3604/6 1518/3605/231
f 1487/3503/5 1518/3606/231 1521/3607/5
f 1485/3504/225 1521/3607/5 1523/3608/225
f 1483/3498/2 1523/3609/225 1525/3610/2
f 1481/3499/222 1525/3610/2 1527/3611/222
f 1479/3493/7 1527/3612/222 1529/3613/7
f 1476/3494/219 1529/3613/7 1531/3614/219
f 1477/3491/6 1531/3615/219 1533/3604/6
f 1558/3616/1 1506/3617/234 1559/3618/1
f 1503/3529/1 1507/3619/235 1558/3616/1
f 1503/3529/1 1489/3620/228 1515/3621/243
f 1502/3528/1 1513/3622/241 1489/3620/228
f 1560/3623/1 1513/3622/241 1561/3624/1
f 1504/3530/1 1511/3625/239 1560/3623/1
f 1504/3530/1 1516/3626/244 1512/3627/240
f 1562/3628/1 1506/3617/234 1516/3626/244
f 1551/3586/245 1514/3541/242 1517/3546/245
f 1555/3596/238 1508/3545/236 1552/3588/236
f 1554/3592/227 1505/3629/233 1488/3505/227
f 1557/3630/229 1514/3541/242 1550/3585/242
f 1555/3596/238 1517/3631/245 1510/3536/238
f 1552/3632/236 1509/3535/237 1556/3598/237
f 1553/3601/233 1509/3535/237 1505/3531/233
f 1554/3592/227 1490/3507/229 1557/3602/229
f 1563/3633/257 1564/3634/258 1565/3635/259
f 1566/3636/260 1567/3637/261 1564/3634/258
f 1568/3638/262 1569/3639/263 1570/3640/264
f 1571/3641/265 1569/3642/263 1567/3637/261
f 1563/3643/257 1572/3644/266 1573/3645/267
f 1573/3645/267 1574/3646/268 1568/3638/262
f 1565/3635/259 1209/3647/216 1200/3648/212
f 1564/3634/258 1208/3649/215 1209/3647/216
f 1567/3637/261 1203/3650/213 1208/3649/215
f 1203/3651/213 1574/3646/268 1206/3652/214
f 1206/3652/214 1572/3644/266 1210/3653/217
f 1210/3653/217 1565/3654/259 1200/3655/212
f 1195/3656/208 1205/3049/1 1199/3043/1
f 1198/3657/211 1201/3658/1 1207/3052/1
f 1198/3657/211 1202/3046/1 1197/3659/210
f 1196/3660/209 1204/3661/1 1205/3049/1
f 1197/3659/210 1204/3048/1 1575/3662/269
f 1195/3656/208 1201/3045/1 1194/3663/207
f 1164/2994/177 1143/3015/156 1158/2987/171
f 1576/3664/270 1577/3665/271 1578/3666/6
f 1579/3667/272 1580/3668/73 1577/3665/271
f 1581/3669/273 1582/3670/274 1580/3671/73
f 1583/3672/275 1584/3673/2 1582/3670/274
f 1585/3674/276 1586/3675/277 1584/3673/2
f 1587/3676/278 1588/3677/1 1586/3675/277
f 1589/3678/73 1590/3679/279 1591/3680/274
f 1592/3681/280 1593/3682/281 1588/3683/1
f 1594/3684/282 1578/3666/6 1593/3682/281
f 1595/3685/7 1576/3686/270 1596/3687/7
f 1597/3688/7 1579/3689/272 1595/3685/7
f 1597/3688/7 1583/3690/275 1581/3691/273
f 1598/3692/7 1585/3693/276 1583/3690/275
f 1599/3694/7 1585/3693/276 1600/3695/7
f 1601/3696/7 1587/3697/278 1599/3694/7
f 1601/3696/7 1594/3698/282 1592/3699/280
f 1602/3700/7 1576/3686/270 1594/3698/282
f 1603/3701/5 1604/3702/283 1605/3703/5
f 1606/3704/6 1607/3705/284 1608/3706/271
f 1609/3707/285 1610/3708/286 1606/3704/6
f 1611/3709/277 1612/3710/287 1613/3711/1
f 1591/3712/274 1614/3713/288 1615/3714/2
f 1608/3706/271 1616/3715/289 1589/3716/73
f 1613/3717/1 1617/3718/290 1609/3707/285
f 1615/3714/2 1618/3719/291 1611/3709/277
f 1619/3720/274 1620/3721/276 1621/3722/2
f 1622/3723/5 1623/3724/292 1624/3725/293
f 1625/3726/5 1626/3727/294 1627/3728/5
f 1628/3729/5 1629/3730/295 1630/3731/296
f 1605/3703/5 1629/3730/295 1631/3732/5
f 1603/3701/5 1624/3725/293 1632/3733/297
f 1627/3728/5 1623/3724/292 1633/3734/5
f 1625/3726/5 1630/3731/296 1634/3735/298
f 1635/3736/7 1636/3737/7 1637/3738/7
f 1638/3739/271 1639/3740/273 1640/3741/73
f 1641/3742/1 1642/3743/299 1643/3744/285
f 1621/3722/2 1644/3745/278 1645/3746/277
f 1640/3747/73 1646/3748/275 1619/3720/274
f 1647/3749/6 1648/3750/272 1638/3739/271
f 1643/3744/285 1649/3751/270 1647/3749/6
f 1645/3746/277 1650/3752/280 1641/3753/1
f 1651/3754/300 1652/3755/301 1653/3756/7
f 1653/3756/7 1654/3757/302 1655/3758/303
f 1655/3758/303 1656/3759/304 1657/3760/305
f 1656/3761/304 1658/3762/306 1657/3763/305
f 1659/3764/307 1660/3765/5 1658/3762/306
f 1661/3766/308 1662/3767/309 1660/3765/5
f 1663/3768/310 1664/3769/311 1662/3767/309
f 1665/3770/312 1666/3771/312 1667/3772/312
f 1664/3769/311 1668/3773/313 1651/3754/300
f 1667/3772/312 1669/3774/314 1670/3775/312
f 1671/3776/312 1668/3777/313 1667/3772/312
f 1671/3776/312 1654/3778/302 1652/3779/301
f 1666/3771/312 1656/3780/304 1654/3778/302
f 1672/3781/315 1656/3780/304 1665/3770/312
f 1673/3782/312 1659/3783/307 1672/3781/315
f 1673/3782/312 1663/3784/310 1661/3785/308
f 1674/3786/315 1669/3774/314 1663/3784/310
f 1675/3787/7 1649/3788/270 1637/3738/7
f 1676/3789/7 1648/3790/272 1675/3787/7
f 1676/3789/7 1646/3791/275 1639/3792/273
f 1636/3737/7 1620/3793/276 1646/3791/275
f 1677/3794/7 1620/3793/276 1635/3736/7
f 1678/3795/7 1644/3796/278 1677/3794/7
f 1678/3795/7 1642/3797/299 1650/3798/280
f 1679/3799/7 1649/3788/270 1642/3797/299
f 1588/3683/1 1680/3800/285 1681/3801/1
f 1586/3675/277 1681/3802/1 1682/3803/277
f 1584/3673/2 1682/3803/277 1683/3804/2
f 1582/3670/274 1683/3804/2 1684/3805/274
f 1580/3671/73 1684/3805/274 1685/3806/73
f 1577/3665/271 1685/3807/73 1686/3808/271
f 1578/3666/6 1686/3808/271 1687/3809/6
f 1688/3810/277 1641/3753/1 1689/3811/1
f 1690/3812/285 1647/3749/6 1691/3813/6
f 1691/3813/6 1638/3739/271 1692/3814/271
f 1693/3815/73 1619/3720/274 1694/3816/274
f 1695/3817/2 1645/3746/277 1688/3810/277
f 1689/3818/1 1643/3744/285 1690/3812/285
f 1692/3814/271 1640/3741/73 1693/3819/73
f 1694/3816/274 1621/3722/2 1695/3817/2
f 1626/3820/294 1695/3817/2 1623/3821/292
f 1630/3822/296 1693/3819/73 1634/3823/298
f 1632/3824/297 1690/3812/285 1604/3825/283
f 1623/3821/292 1688/3810/277 1624/3826/293
f 1634/3827/298 1694/3816/274 1626/3820/294
f 1629/3828/295 1692/3814/271 1630/3822/296
f 1604/3825/283 1691/3813/6 1629/3828/295
f 1624/3826/293 1689/3811/1 1632/3829/297
f 1696/3830/316 1697/3831/277 1698/3832/317
f 1699/3833/318 1700/3834/285 1701/3835/319
f 1702/3836/320 1703/3837/73 1704/3838/321
f 1705/3839/322 1706/3840/2 1696/3830/316
f 1698/3832/317 1707/3841/1 1699/3842/318
f 1701/3835/319 1708/3843/6 1709/3844/323
f 1709/3844/323 1710/3845/271 1702/3836/320
f 1704/3846/321 1711/3847/274 1705/3839/322
f 1706/3840/2 1611/3709/277 1697/3831/277
f 1707/3848/1 1609/3707/285 1700/3834/285
f 1710/3845/271 1589/3716/73 1703/3837/73
f 1711/3847/274 1615/3714/2 1706/3840/2
f 1697/3831/277 1613/3711/1 1707/3841/1
f 1700/3834/285 1606/3704/6 1708/3843/6
f 1708/3843/6 1608/3706/271 1710/3845/271
f 1703/3849/73 1591/3712/274 1711/3847/274
f 1616/3850/289 1628/3729/5 1625/3726/5
f 1590/3851/279 1633/3734/5 1614/3852/288
f 1612/3853/287 1622/3723/5 1603/3701/5
f 1617/3854/290 1631/3732/5 1610/3855/286
f 1607/3856/284 1631/3732/5 1628/3729/5
f 1616/3850/289 1627/3728/5 1590/3851/279
f 1618/3857/291 1633/3734/5 1622/3723/5
f 1612/3853/287 1605/3703/5 1617/3854/290
f 1701/3858/319 1596/3687/7 1602/3700/7
f 1699/3859/318 1602/3700/7 1601/3696/7
f 1699/3859/318 1599/3694/7 1698/3860/317
f 1698/3860/317 1600/3695/7 1696/3861/316
f 1705/3862/322 1600/3695/7 1598/3692/7
f 1704/3863/321 1598/3692/7 1597/3688/7
f 1704/3863/321 1595/3685/7 1702/3864/320
f 1702/3864/320 1596/3687/7 1709/3865/323
f 1712/3866/311 1651/3754/300 1713/3867/324
f 1662/3767/309 1712/3866/311 1714/3868/325
f 1660/3765/5 1714/3868/325 1715/3869/326
f 1658/3762/306 1715/3869/326 1716/3870/327
f 1657/3763/305 1716/3870/327 1717/3871/305
f 1718/3872/328 1657/3760/305 1717/3873/305
f 1719/3874/329 1655/3758/303 1718/3872/328
f 972/3875/330 1720/3876/331 1721/3877/332
f 1722/3878/333 970/3879/334 975/3880/335
f 1723/3881/336 975/3880/335 986/3882/337
f 971/3883/338 1724/3884/339 1720/3885/331
f 1725/3886/340 979/3887/341 1726/3888/342
f 1727/3889/1 1728/3890/1 1729/3891/1
f 1730/3892/343 1731/3893/344 1732/3894/345
f 1733/3895/346 1724/3896/339 1731/3893/344
f 1734/3897/347 1730/3892/343 1735/3898/348
f 1721/3899/332 1733/3895/346 1734/3897/347
f 1736/3900/349 1737/3901/350 1738/3902/351
f 1726/3903/342 1739/3904/352 1736/3900/349
f 1737/3901/350 1740/3905/353 1741/3906/354
f 1739/3904/352 1742/3907/355 1740/3905/353
f 1743/3908/356 1744/3909/357 1745/3910/358
f 1746/3911/359 1747/3912/360 1743/3908/356
f 1744/3909/357 1748/3913/361 1749/3914/362
f 1747/3912/360 1725/3915/340 1748/3913/361
f 1750/3916/363 1751/3917/364 1752/3918/365
f 1722/3919/333 1753/3920/366 1750/3916/363
f 1751/3917/364 1754/3921/367 1755/3922/368
f 1753/3920/366 1756/3923/369 1754/3921/367
f 1721/3899/332 1740/3905/353 1742/3907/355
f 1735/3898/348 1740/3905/353 1734/3897/347
f 1736/3900/349 1725/3915/340 1726/3903/342
f 1736/3900/349 1749/3914/362 1748/3913/361
f 1743/3908/356 1756/3923/369 1746/3911/359
f 1743/3908/356 1755/3922/368 1754/3921/367
f 1750/3916/363 1724/3896/339 1722/3919/333
f 1752/3918/365 1731/3893/344 1750/3916/363
f 1757/3924/370 979/3887/341 978/3925/371
f 1725/3886/340 983/3926/372 982/3927/373
f 1746/3928/359 983/3929/372 1758/3930/374
f 1756/3931/369 986/3932/337 941/3933/375
f 1759/3934/376 1752/3935/365 1755/3936/368
f 1738/3937/351 1741/3938/354 1760/3939/377
f 1761/3940/378 1762/3941/379 1763/3942/380
f 1764/3943/381 1765/3944/382 1766/3945/383
f 1761/3940/378 1767/3946/384 1768/3947/385
f 1764/3943/381 1769/3948/386 1770/3949/387
f 1770/3949/387 1771/3950/388 1772/3951/389
f 1763/3942/380 1773/3952/390 1774/3953/391
f 1775/3954/392 1773/3952/390 1765/3944/382
f 1776/3955/393 1771/3950/388 1767/3946/384
f 977/3956/394 1721/3877/332 1742/3957/355
f 940/3958/395 1756/3931/369 941/3933/375
f 1777/3959/396 1778/3960/389 1779/3961/393
f 1780/3962/397 1781/3963/391 1782/3964/392
f 1760/3965/377 1781/3963/391 1783/3966/398
f 1759/3967/376 1778/3960/389 1784/3968/399
f 1785/3969/400 1786/3970/387 1759/3967/376
f 1787/3971/401 1779/3961/393 1788/3972/402
f 1785/3969/400 1782/3964/392 1789/3973/381
f 1787/3971/401 1790/3974/380 1760/3965/377
f 1779/3961/393 1772/3951/389 1776/3955/393
f 1782/3964/392 1774/3953/391 1775/3954/392
f 1790/3974/380 1774/3953/391 1781/3963/391
f 1786/3970/387 1772/3951/389 1778/3960/389
f 1789/3973/381 1770/3949/387 1786/3970/387
f 1788/3972/402 1776/3955/393 1761/3940/378
f 1789/3973/381 1775/3954/392 1764/3943/381
f 1788/3972/402 1763/3942/380 1790/3974/380
f 1791/3975/1 1765/3976/382 1773/3977/390
f 1792/3978/1 1766/3979/383 1765/3976/382
f 1729/3891/1 1766/3979/383 1727/3889/1
f 1793/3980/1 1769/3981/386 1729/3891/1
f 1793/3980/1 1767/3982/384 1771/3983/388
f 1728/3890/1 1768/3984/385 1767/3982/384
f 1794/3985/1 1768/3984/385 1795/3986/1
f 1791/3975/1 1762/3987/379 1794/3985/1
f 1742/3957/355 978/3988/371 977/3956/394
f 1713/3867/324 1653/3756/7 1719/3874/329
f 1593/3682/281 1687/3809/6 1680/3800/285
f 1784/3989/399 1732/3990/345 1752/3935/365
f 1738/3937/351 1783/3991/398 1749/3992/362
f 1140/2969/153 1180/3011/193 1141/2970/154
f 1143/2972/156 1165/2995/178 1144/2973/157
f 1146/2975/159 1162/2992/175 1147/2976/160
f 1149/2978/162 1165/2995/178 1143/2972/156
f 1151/2980/164 1187/3024/200 1152/2981/165
f 1154/2983/167 1181/3013/194 1155/2984/168
f 1157/2986/170 1147/2976/160 1158/2987/171
f 1160/2989/173 1193/3034/206 1153/2990/166
f 1162/2992/175 1160/2989/173 1163/2993/176
f 1165/2995/178 1170/3001/183 1166/2996/179
f 1167/2997/180 1179/3010/192 1168/2998/181
f 1146/3000/159 1148/3993/161 1170/3001/183
f 1159/2988/172 1145/3994/158 1172/3003/185
f 1157/2986/170 1159/2988/172 1173/3004/186
f 1175/3006/188 1157/2986/170 1174/3005/187
f 1177/3008/190 1150/3995/163 1164/2994/177
f 1178/3009/191 1182/3016/195 1171/3002/184
f 1179/3010/192 1167/2997/180 1180/3011/193
f 1168/3012/181 1155/2984/168 1181/3013/194
f 1143/3015/156 1145/3994/158 1159/2988/172
f 1182/3016/195 1193/3996/206 1146/3000/159
f 1177/3017/190 1178/3009/191 1149/2978/162
f 1178/3009/191 1188/3025/201 1151/2980/164
f 1177/3008/190 1163/2993/176 1183/3018/196
f 1170/3001/183 1148/3993/161 1175/3020/188
f 1185/3021/198 1188/3025/201 1184/3022/197
f 1187/3024/200 1151/2980/164 1188/3025/201
f 1189/3026/202 1190/3027/203 1183/3018/196
f 1177/3017/190 1184/3022/197 1188/3025/201
f 1190/3027/203 1186/3040/199 1184/3019/197
f 1175/3006/188 1148/2977/161 1147/2976/160
f 1163/2993/176 1160/2989/173 1161/2991/174
f 1153/2982/166 1193/3996/206 1182/3016/195
f 1191/3028/204 1166/2996/179 1175/3020/188
f 1174/3005/187 1154/2983/167 1141/3030/154
f 1172/3031/185 1145/2974/158 1144/2973/157
f 1166/2996/179 1191/3028/204 1192/3032/205
f 1192/3032/205 1191/3028/204 1180/3011/193
f 1154/2983/167 1174/3005/187 1173/3004/186
f 1172/3003/185 1169/3014/182 1181/3013/194
f 1172/3031/185 1192/3032/205 1167/2997/180
f 1141/3030/154 1154/2983/167 1156/2985/169
f 1191/3028/204 1176/3029/189 1141/2970/154
f 1160/2989/173 1162/2992/175 1146/2975/159
f 1152/3035/165 1189/3026/202 1161/2991/174
f 1165/2995/178 1149/2978/162 1171/3002/184
f 1162/2992/175 1164/2994/177 1158/2987/171
f 1187/3024/200 1195/3037/208 1194/3036/207
f 1185/3021/198 1196/3038/209 1195/3037/208
f 1186/3023/199 1575/3997/269 1196/3038/209
f 1197/3039/210 1575/3998/269 1186/3040/199
f 1198/3041/211 1197/3039/210 1190/3027/203
f 1194/3042/207 1198/3041/211 1189/3026/202
f 1199/3043/1 1210/3056/217 1200/3044/212
f 1202/3046/1 1208/3053/215 1203/3047/213
f 1205/3049/1 1204/3661/1 1203/3050/213
f 1207/3052/1 1209/3055/216 1208/3053/215
f 1207/3052/1 1201/3658/1 1200/3054/212
f 1199/3043/1 1205/3049/1 1206/3051/214
f 1211/3057/218 1214/3999/220 1212/3058/219
f 1214/3060/220 1216/3063/221 1215/3061/7
f 1216/3063/221 1218/4000/223 1217/3064/222
f 1218/3065/223 1220/3068/224 1219/3066/2
f 1220/3068/224 1222/4001/226 1221/3069/225
f 1222/3070/226 1227/3076/230 1223/3071/5
f 1224/3073/227 1251/3111/243 1225/3074/228
f 1227/3076/230 1229/4002/232 1228/3077/231
f 1229/3078/232 1211/3057/218 1213/3059/6
f 1230/3080/1 1214/3084/220 1211/3081/218
f 1232/3083/1 1216/3086/221 1214/3084/220
f 1232/3083/1 1233/3087/1 1218/3085/223
f 1233/3087/1 1235/3090/1 1220/3088/224
f 1234/3089/1 1222/3092/226 1220/3088/224
f 1236/3091/1 1227/3094/230 1222/3092/226
f 1236/3091/1 1237/3095/1 1229/3093/232
f 1237/3095/1 1231/3082/1 1211/3081/218
f 1239/3097/1 1294/3184/1 1240/3098/1
f 1294/3184/1 1295/3186/1 1298/3196/1
f 1240/3098/1 1294/3184/1 1298/3196/1
f 1240/3098/1 1296/3191/1 1238/3096/1
f 1296/3191/1 1297/3192/1 1238/3096/1
f 1241/3099/233 1245/3103/237 1242/3100/234
f 1244/3102/236 1252/4003/244 1242/3100/234
f 1246/3104/238 1253/3199/245 1247/3105/239
f 1226/3107/229 1225/4004/228 1249/3108/241
f 1224/3073/227 1241/3197/233 1243/3110/235
f 1246/3104/238 1248/3106/240 1252/3112/244
f 1253/3114/245 1250/3109/242 1249/3108/241
f 1254/3116/231 1269/3134/6 1255/3117/6
f 1257/3119/5 1254/4005/231 1256/3120/231
f 1259/3122/225 1257/3119/5 1258/3121/5
f 1261/3124/2 1259/4006/225 1260/3125/225
f 1263/3127/222 1261/3124/2 1262/3126/2
f 1265/3129/7 1263/4007/222 1264/3130/222
f 1267/3132/219 1265/3129/7 1266/3131/7
f 1269/3134/6 1267/4008/219 1268/3135/219
f 1270/3136/246 1285/3151/253 1271/3137/1
f 1273/3139/247 1270/3136/246 1272/3138/1
f 1273/3139/247 1274/3140/1 1275/3141/1
f 1276/3142/248 1275/3141/1 1277/3143/1
f 1279/3145/250 1278/3144/249 1277/3143/1
f 1281/3147/251 1279/3145/250 1280/3146/1
f 1281/3147/251 1282/3148/1 1283/3149/1
f 1284/3150/252 1283/3149/1 1271/3137/1
f 1276/3152/248 1278/3162/249 1286/3153/242
f 1273/3155/247 1291/3164/238 1288/3156/236
f 1281/3158/251 1284/4009/252 1289/3159/233
f 1279/3161/250 1293/3198/229 1286/3153/242
f 1273/3155/247 1276/4010/248 1287/3163/245
f 1270/3165/246 1288/3200/236 1292/3166/237
f 1284/3168/252 1285/3167/253 1292/3166/237
f 1281/3158/251 1290/3160/227 1293/3170/229
f 1272/3138/1 1271/3137/1 1231/3082/1
f 1274/3140/1 1272/3138/1 1237/3095/1
f 1274/3140/1 1236/3091/1 1234/3089/1
f 1275/3141/1 1234/3089/1 1235/3090/1
f 1280/3146/1 1277/3143/1 1235/3090/1
f 1282/3148/1 1280/3146/1 1233/3087/1
f 1282/3148/1 1232/3083/1 1230/3080/1
f 1283/3149/1 1230/3080/1 1231/3082/1
f 1228/3079/231 1213/3059/6 1269/3172/6
f 1223/3071/5 1228/3077/231 1254/3174/231
f 1221/3072/225 1223/3071/5 1257/3175/5
f 1219/3066/2 1221/3069/225 1259/3177/225
f 1217/3067/222 1219/3066/2 1261/3178/2
f 1215/3061/7 1217/3064/222 1263/3180/222
f 1212/3062/219 1215/3061/7 1265/3181/7
f 1213/3059/6 1212/3058/219 1267/3183/219
f 1294/3184/1 1243/3187/235 1242/3185/234
f 1239/3097/1 1251/3189/243 1243/3187/235
f 1239/3097/1 1238/3096/1 1225/3188/228
f 1238/3096/1 1297/3192/1 1249/3190/241
f 1296/3191/1 1247/3193/239 1249/3190/241
f 1240/3098/1 1248/3195/240 1247/3193/239
f 1240/3098/1 1298/3196/1 1252/3194/244
f 1298/3196/1 1295/3186/1 1242/3185/234
f 1287/3154/245 1286/3153/242 1250/3109/242
f 1291/3164/238 1246/3104/238 1244/3113/236
f 1290/3160/227 1289/3159/233 1241/3197/233
f 1293/3198/229 1226/3107/229 1250/3109/242
f 1291/3164/238 1287/3163/245 1253/3199/245
f 1288/3200/236 1244/3102/236 1245/3103/237
f 1289/3169/233 1292/3166/237 1245/3103/237
f 1290/3160/227 1224/3073/227 1226/3075/229
f 1299/3201/218 1302/4011/220 1300/3202/219
f 1302/3204/220 1304/3207/221 1303/3205/7
f 1304/3207/221 1306/4012/223 1305/3208/222
f 1306/3209/223 1308/3212/224 1307/3210/2
f 1308/3212/224 1310/4013/226 1309/3213/225
f 1310/3214/226 1315/3220/230 1311/3215/5
f 1312/3217/227 1339/3255/243 1313/3218/228
f 1315/3220/230 1317/4014/232 1316/3221/231
f 1317/3222/232 1299/3201/218 1301/3203/6
f 1318/3224/1 1302/3228/220 1299/3225/218
f 1320/3227/1 1304/3230/221 1302/3228/220
f 1320/3227/1 1321/3231/1 1306/3229/223
f 1321/3231/1 1323/3234/1 1308/3232/224
f 1322/3233/1 1310/3236/226 1308/3232/224
f 1324/3235/1 1315/3238/230 1310/3236/226
f 1324/3235/1 1325/3239/1 1317/3237/232
f 1325/3239/1 1319/3226/1 1299/3225/218
f 1327/3241/1 1382/3328/1 1328/3242/1
f 1382/3328/1 1383/3330/1 1386/3340/1
f 1328/3242/1 1382/3328/1 1386/3340/1
f 1328/3242/1 1384/3335/1 1326/3240/1
f 1384/3335/1 1385/3336/1 1326/3240/1
f 1329/3243/233 1333/3247/237 1330/3244/234
f 1332/3246/236 1340/4015/244 1330/3244/234
f 1334/3248/238 1341/3343/245 1335/3249/239
f 1314/3251/229 1313/4016/228 1337/3252/241
f 1312/3217/227 1329/3341/233 1331/3254/235
f 1334/3248/238 1336/3250/240 1340/3256/244
f 1341/3258/245 1338/3253/242 1337/3252/241
f 1342/3260/231 1357/3278/6 1343/3261/6
f 1345/3263/5 1342/4017/231 1344/3264/231
f 1347/3266/225 1345/3263/5 1346/3265/5
f 1349/3268/2 1347/4018/225 1348/3269/225
f 1351/3271/222 1349/3268/2 1350/3270/2
f 1353/3273/7 1351/4019/222 1352/3274/222
f 1355/3276/219 1353/3273/7 1354/3275/7
f 1357/3278/6 1355/4020/219 1356/3279/219
f 1358/3280/246 1373/3295/253 1359/3281/1
f 1361/3283/247 1358/3280/246 1360/3282/1
f 1361/3283/247 1362/3284/1 1363/3285/1
f 1364/3286/248 1363/3285/1 1365/3287/1
f 1367/3289/250 1366/3288/249 1365/3287/1
f 1369/3291/251 1367/3289/250 1368/3290/1
f 1369/3291/251 1370/3292/1 1371/3293/1
f 1372/3294/252 1371/3293/1 1359/3281/1
f 1364/3296/248 1366/3306/249 1374/3297/242
f 1361/3299/247 1379/3308/254 1376/3300/236
f 1369/3302/251 1372/4021/252 1377/3303/233
f 1367/3305/250 1381/3342/229 1374/3297/242
f 1361/3299/247 1364/4022/248 1375/3307/245
f 1358/3309/246 1376/3344/236 1380/3310/237
f 1372/3312/252 1373/3311/253 1380/3310/237
f 1369/3302/251 1378/3304/227 1381/3314/229
f 1360/3282/1 1359/3281/1 1319/3226/1
f 1362/3284/1 1360/3282/1 1325/3239/1
f 1362/3284/1 1324/3235/1 1322/3233/1
f 1363/3285/1 1322/3233/1 1323/3234/1
f 1368/3290/1 1365/3287/1 1323/3234/1
f 1370/3292/1 1368/3290/1 1321/3231/1
f 1370/3292/1 1320/3227/1 1318/3224/1
f 1371/3293/1 1318/3224/1 1319/3226/1
f 1316/3223/231 1301/3203/6 1357/3316/6
f 1311/3215/5 1316/3221/231 1342/3318/231
f 1309/3216/225 1311/3215/5 1345/3319/5
f 1307/3210/2 1309/3213/225 1347/3321/225
f 1305/3211/222 1307/3210/2 1349/3322/2
f 1303/3205/7 1305/3208/222 1351/3324/222
f 1300/3206/219 1303/3205/7 1353/3325/7
f 1301/3203/6 1300/3202/219 1355/3327/219
f 1382/3328/1 1331/3331/235 1330/3329/234
f 1327/3241/1 1339/3333/243 1331/3331/235
f 1327/3241/1 1326/3240/1 1313/3332/228
f 1326/3240/1 1385/3336/1 1337/3334/241
f 1384/3335/1 1335/3337/239 1337/3334/241
f 1328/3242/1 1336/3339/240 1335/3337/239
f 1328/3242/1 1386/3340/1 1340/3338/244
f 1386/3340/1 1383/3330/1 1330/3329/234
f 1375/3298/245 1374/3297/242 1338/3253/242
f 1379/3308/254 1334/3248/238 1332/3257/236
f 1378/3304/227 1377/3303/233 1329/3341/233
f 1381/3342/229 1314/3251/229 1338/3253/242
f 1379/3308/254 1375/3307/245 1341/3343/245
f 1376/3344/236 1332/3246/236 1333/3247/237
f 1377/3313/233 1380/3310/237 1333/3247/237
f 1378/3304/227 1312/3217/227 1314/3219/229
f 1387/3345/218 1390/4023/220 1388/3346/219
f 1390/3348/220 1392/3351/221 1391/3349/7
f 1392/3351/221 1394/4024/223 1393/3352/222
f 1394/3353/223 1396/3356/224 1395/3354/2
f 1396/3356/224 1398/4025/226 1397/3357/225
f 1398/3358/226 1403/3364/230 1399/3359/5
f 1400/3361/227 1427/3399/255 1401/3362/228
f 1403/3364/230 1405/4026/232 1404/3365/231
f 1405/3366/232 1387/3345/218 1389/3347/6
f 1406/3368/1 1390/3372/220 1387/3369/218
f 1408/3371/1 1392/3374/221 1390/3372/220
f 1408/3371/1 1409/3375/1 1394/3373/223
f 1409/3375/1 1411/3378/1 1396/3376/224
f 1410/3377/1 1398/3380/226 1396/3376/224
f 1412/3379/1 1403/3382/230 1398/3380/226
f 1412/3379/1 1413/3383/1 1405/3381/232
f 1413/3383/1 1407/3370/1 1387/3369/218
f 1415/3385/1 1470/3472/1 1416/3386/1
f 1470/3472/1 1471/3474/1 1474/3484/1
f 1416/3386/1 1470/3472/1 1474/3484/1
f 1416/3386/1 1472/3479/1 1414/3384/1
f 1472/3479/1 1473/3480/1 1414/3384/1
f 1417/3387/233 1421/3391/237 1418/3388/234
f 1420/3390/236 1428/4027/244 1418/3388/234
f 1422/3392/238 1429/3487/245 1423/3393/239
f 1402/3395/229 1401/4028/228 1425/3396/241
f 1400/3361/227 1417/3485/233 1419/3398/235
f 1422/3392/238 1424/3394/240 1428/3400/244
f 1429/3402/245 1426/3397/242 1425/3396/241
f 1430/3404/231 1445/3422/6 1431/3405/6
f 1433/3407/5 1430/4029/231 1432/3408/231
f 1435/3410/225 1433/3407/5 1434/3409/5
f 1437/3412/2 1435/4030/225 1436/3413/225
f 1439/3415/222 1437/3412/2 1438/3414/2
f 1441/3417/7 1439/4031/222 1440/3418/222
f 1443/3420/219 1441/3417/7 1442/3419/7
f 1445/3422/6 1443/4032/219 1444/3423/219
f 1446/3424/246 1461/3439/253 1447/3425/1
f 1449/3427/247 1446/3424/246 1448/3426/1
f 1449/3427/247 1450/3428/1 1451/3429/1
f 1452/3430/248 1451/3429/1 1453/3431/1
f 1455/3433/250 1454/3432/249 1453/3431/1
f 1457/3435/251 1455/3433/250 1456/3434/1
f 1457/3435/251 1458/3436/1 1459/3437/1
f 1460/3438/252 1459/3437/1 1447/3425/1
f 1452/3440/248 1454/3450/249 1462/3441/242
f 1449/3443/247 1467/3452/254 1464/3444/236
f 1457/3446/251 1460/4033/252 1465/3447/233
f 1455/3449/250 1469/3486/229 1462/3441/242
f 1449/3443/247 1452/4034/248 1463/3451/245
f 1446/3453/246 1464/3488/236 1468/3454/237
f 1460/3456/252 1461/3455/253 1468/3454/237
f 1457/3446/251 1466/3448/227 1469/3458/229
f 1448/3426/1 1447/3425/1 1407/3370/1
f 1450/3428/1 1448/3426/1 1413/3383/1
f 1450/3428/1 1412/3379/1 1410/3377/1
f 1451/3429/1 1410/3377/1 1411/3378/1
f 1456/3434/1 1453/3431/1 1411/3378/1
f 1458/3436/1 1456/3434/1 1409/3375/1
f 1458/3436/1 1408/3371/1 1406/3368/1
f 1459/3437/1 1406/3368/1 1407/3370/1
f 1404/3367/231 1389/3347/6 1445/3460/6
f 1399/3359/5 1404/3365/231 1430/3462/231
f 1397/3360/225 1399/3359/5 1433/3463/5
f 1395/3354/2 1397/3357/225 1435/3465/225
f 1393/3355/222 1395/3354/2 1437/3466/2
f 1391/3349/7 1393/3352/222 1439/3468/222
f 1388/3350/219 1391/3349/7 1441/3469/7
f 1389/3347/6 1388/3346/219 1443/3471/219
f 1470/3472/1 1419/3475/235 1418/3473/234
f 1415/3385/1 1427/3477/255 1419/3475/235
f 1415/3385/1 1414/3384/1 1401/3476/228
f 1414/3384/1 1473/3480/1 1425/3478/241
f 1472/3479/1 1423/3481/239 1425/3478/241
f 1416/3386/1 1424/3483/240 1423/3481/239
f 1416/3386/1 1474/3484/1 1428/3482/244
f 1474/3484/1 1471/3474/1 1418/3473/234
f 1463/3442/245 1462/3441/242 1426/3397/242
f 1467/3452/254 1422/3392/238 1420/3401/236
f 1466/3448/227 1465/3447/233 1417/3485/233
f 1469/3486/229 1402/3395/229 1426/3397/242
f 1467/3452/254 1463/3451/245 1429/3487/245
f 1464/3488/236 1420/3390/236 1421/3391/237
f 1465/3457/233 1468/3454/237 1421/3391/237
f 1466/3448/227 1400/3361/227 1402/3363/229
f 1475/3489/218 1478/4035/220 1476/3490/219
f 1478/3492/220 1480/3495/221 1479/3493/7
f 1480/3495/221 1482/4036/223 1481/3496/222
f 1482/3497/223 1484/3500/224 1483/3498/2
f 1484/3500/224 1486/4037/226 1485/3501/225
f 1486/3502/226 1491/3508/230 1487/3503/5
f 1488/3505/227 1515/3543/243 1489/3506/228
f 1491/3508/230 1493/4038/232 1492/3509/231
f 1493/3510/232 1475/3489/218 1477/3491/6
f 1494/3512/1 1478/3516/220 1475/3513/218
f 1496/3515/1 1480/3518/221 1478/3516/220
f 1496/3515/1 1497/3519/1 1482/3517/223
f 1497/3519/1 1499/3522/1 1484/3520/224
f 1498/3521/1 1486/3524/226 1484/3520/224
f 1500/3523/1 1491/3526/230 1486/3524/226
f 1500/3523/1 1501/3527/1 1493/3525/232
f 1501/3527/1 1495/3514/1 1475/3513/218
f 1503/3529/1 1558/3616/1 1504/3530/1
f 1558/3616/1 1559/3618/1 1562/3628/1
f 1504/3530/1 1558/3616/1 1562/3628/1
f 1504/3530/1 1560/3623/1 1502/3528/1
f 1560/3623/1 1561/3624/1 1502/3528/1
f 1505/3531/233 1509/3535/237 1506/3532/234
f 1508/3534/236 1516/4039/244 1506/3532/234
f 1510/3536/238 1517/3631/245 1511/3537/239
f 1490/3539/229 1489/4040/228 1513/3540/241
f 1488/3505/227 1505/3629/233 1507/3542/235
f 1510/3536/238 1512/3538/240 1516/3544/244
f 1517/3546/245 1514/3541/242 1513/3540/241
f 1518/3548/231 1533/3566/6 1519/3549/6
f 1521/3551/5 1518/4041/231 1520/3552/231
f 1523/3554/225 1521/3551/5 1522/3553/5
f 1525/3556/2 1523/4042/225 1524/3557/225
f 1527/3559/222 1525/3556/2 1526/3558/2
f 1529/3561/7 1527/4043/222 1528/3562/222
f 1531/3564/219 1529/3561/7 1530/3563/7
f 1533/3566/6 1531/4044/219 1532/3567/219
f 1534/3568/256 1549/3583/253 1535/3569/1
f 1537/3571/247 1534/3568/256 1536/3570/1
f 1537/3571/247 1538/3572/1 1539/3573/1
f 1540/3574/248 1539/3573/1 1541/3575/1
f 1543/3577/250 1542/3576/249 1541/3575/1
f 1545/3579/251 1543/3577/250 1544/3578/1
f 1545/3579/251 1546/3580/1 1547/3581/1
f 1548/3582/252 1547/3581/1 1535/3569/1
f 1540/3584/248 1542/3594/249 1550/3585/242
f 1537/3587/247 1555/3596/238 1552/3588/236
f 1545/3590/251 1548/4045/252 1553/3591/233
f 1543/3593/250 1557/3630/229 1550/3585/242
f 1537/3587/247 1540/4046/248 1551/3595/245
f 1534/3597/256 1552/3632/236 1556/3598/237
f 1548/3600/252 1549/3599/253 1556/3598/237
f 1545/3590/251 1554/3592/227 1557/3602/229
f 1536/3570/1 1535/3569/1 1495/3514/1
f 1538/3572/1 1536/3570/1 1501/3527/1
f 1538/3572/1 1500/3523/1 1498/3521/1
f 1539/3573/1 1498/3521/1 1499/3522/1
f 1544/3578/1 1541/3575/1 1499/3522/1
f 1546/3580/1 1544/3578/1 1497/3519/1
f 1546/3580/1 1496/3515/1 1494/3512/1
f 1547/3581/1 1494/3512/1 1495/3514/1
f 1492/3511/231 1477/3491/6 1533/3604/6
f 1487/3503/5 1492/3509/231 1518/3606/231
f 1485/3504/225 1487/3503/5 1521/3607/5
f 1483/3498/2 1485/3501/225 1523/3609/225
f 1481/3499/222 1483/3498/2 1525/3610/2
f 1479/3493/7 1481/3496/222 1527/3612/222
f 1476/3494/219 1479/3493/7 1529/3613/7
f 1477/3491/6 1476/3490/219 1531/3615/219
f 1558/3616/1 1507/3619/235 1506/3617/234
f 1503/3529/1 1515/3621/243 1507/3619/235
f 1503/3529/1 1502/3528/1 1489/3620/228
f 1502/3528/1 1561/3624/1 1513/3622/241
f 1560/3623/1 1511/3625/239 1513/3622/241
f 1504/3530/1 1512/3627/240 1511/3625/239
f 1504/3530/1 1562/3628/1 1516/3626/244
f 1562/3628/1 1559/3618/1 1506/3617/234
f 1551/3586/245 1550/3585/242 1514/3541/242
f 1555/3596/238 1510/3536/238 1508/3545/236
f 1554/3592/227 1553/3591/233 1505/3629/233
f 1557/3630/229 1490/3539/229 1514/3541/242
f 1555/3596/238 1551/3595/245 1517/3631/245
f 1552/3632/236 1508/3534/236 1509/3535/237
f 1553/3601/233 1556/3598/237 1509/3535/237
f 1554/3592/227 1488/3505/227 1490/3507/229
f 1563/3633/257 1566/3636/260 1564/3634/258
f 1566/3636/260 1571/3641/265 1567/3637/261
f 1568/3638/262 1574/3646/268 1569/3639/263
f 1571/3641/265 1570/4047/264 1569/3642/263
f 1563/3643/257 1565/3654/259 1572/3644/266
f 1573/3645/267 1572/3644/266 1574/3646/268
f 1565/3635/259 1564/3634/258 1209/3647/216
f 1564/3634/258 1567/3637/261 1208/3649/215
f 1567/3637/261 1569/3642/263 1203/3650/213
f 1203/3651/213 1569/3639/263 1574/3646/268
f 1206/3652/214 1574/3646/268 1572/3644/266
f 1210/3653/217 1572/3644/266 1565/3654/259
f 1195/3656/208 1196/3660/209 1205/3049/1
f 1198/3657/211 1194/4048/207 1201/3658/1
f 1198/3657/211 1207/3052/1 1202/3046/1
f 1196/3660/209 1575/4049/269 1204/3661/1
f 1197/3659/210 1202/3046/1 1204/3048/1
f 1195/3656/208 1199/3043/1 1201/3045/1
f 1164/2994/177 1150/3995/163 1143/3015/156
f 1576/3664/270 1579/3667/272 1577/3665/271
f 1579/3667/272 1581/4050/273 1580/3668/73
f 1581/3669/273 1583/3672/275 1582/3670/274
f 1583/3672/275 1585/3674/276 1584/3673/2
f 1585/3674/276 1587/3676/278 1586/3675/277
f 1587/3676/278 1592/4051/280 1588/3677/1
f 1589/3678/73 1616/4052/289 1590/3679/279
f 1592/3681/280 1594/3684/282 1593/3682/281
f 1594/3684/282 1576/3664/270 1578/3666/6
f 1595/3685/7 1579/3689/272 1576/3686/270
f 1597/3688/7 1581/3691/273 1579/3689/272
f 1597/3688/7 1598/3692/7 1583/3690/275
f 1598/3692/7 1600/3695/7 1585/3693/276
f 1599/3694/7 1587/3697/278 1585/3693/276
f 1601/3696/7 1592/3699/280 1587/3697/278
f 1601/3696/7 1602/3700/7 1594/3698/282
f 1602/3700/7 1596/3687/7 1576/3686/270
f 1603/3701/5 1632/3733/297 1604/3702/283
f 1606/3704/6 1610/3708/286 1607/3705/284
f 1609/3707/285 1617/3718/290 1610/3708/286
f 1611/3709/277 1618/3719/291 1612/3710/287
f 1591/3712/274 1590/4053/279 1614/3713/288
f 1608/3706/271 1607/3705/284 1616/3715/289
f 1613/3717/1 1612/4054/287 1617/3718/290
f 1615/3714/2 1614/3713/288 1618/3719/291
f 1619/3720/274 1646/3748/275 1620/3721/276
f 1622/3723/5 1633/3734/5 1623/3724/292
f 1625/3726/5 1634/3735/298 1626/3727/294
f 1628/3729/5 1631/3732/5 1629/3730/295
f 1605/3703/5 1604/3702/283 1629/3730/295
f 1603/3701/5 1622/3723/5 1624/3725/293
f 1627/3728/5 1626/3727/294 1623/3724/292
f 1625/3726/5 1628/3729/5 1630/3731/296
f 1676/3789/7 1675/3787/7 1636/3737/7
f 1675/3787/7 1637/3738/7 1636/3737/7
f 1637/3738/7 1679/3799/7 1677/3794/7
f 1679/3799/7 1678/3795/7 1677/3794/7
f 1677/3794/7 1635/3736/7 1637/3738/7
f 1638/3739/271 1648/3750/272 1639/3740/273
f 1641/3742/1 1650/4055/280 1642/3743/299
f 1621/3722/2 1620/3721/276 1644/3745/278
f 1640/3747/73 1639/4056/273 1646/3748/275
f 1647/3749/6 1649/3751/270 1648/3750/272
f 1643/3744/285 1642/3743/299 1649/3751/270
f 1645/3746/277 1644/3745/278 1650/3752/280
f 1651/3754/300 1668/3773/313 1652/3755/301
f 1653/3756/7 1652/3755/301 1654/3757/302
f 1655/3758/303 1654/3757/302 1656/3759/304
f 1656/3761/304 1659/3764/307 1658/3762/306
f 1659/3764/307 1661/3766/308 1660/3765/5
f 1661/3766/308 1663/3768/310 1662/3767/309
f 1663/3768/310 1669/4057/314 1664/3769/311
f 1671/3776/312 1667/3772/312 1666/3771/312
f 1667/3772/312 1670/3775/312 1665/3770/312
f 1670/3775/312 1674/3786/315 1665/3770/312
f 1674/3786/315 1673/3782/312 1672/3781/315
f 1665/3770/312 1674/3786/315 1672/3781/315
f 1664/3769/311 1669/4057/314 1668/3773/313
f 1667/3772/312 1668/3777/313 1669/3774/314
f 1671/3776/312 1652/3779/301 1668/3777/313
f 1671/3776/312 1666/3771/312 1654/3778/302
f 1666/3771/312 1665/3770/312 1656/3780/304
f 1672/3781/315 1659/3783/307 1656/3780/304
f 1673/3782/312 1661/3785/308 1659/3783/307
f 1673/3782/312 1674/3786/315 1663/3784/310
f 1674/3786/315 1670/3775/312 1669/3774/314
f 1675/3787/7 1648/3790/272 1649/3788/270
f 1676/3789/7 1639/3792/273 1648/3790/272
f 1676/3789/7 1636/3737/7 1646/3791/275
f 1636/3737/7 1635/3736/7 1620/3793/276
f 1677/3794/7 1644/3796/278 1620/3793/276
f 1678/3795/7 1650/3798/280 1644/3796/278
f 1678/3795/7 1679/3799/7 1642/3797/299
f 1679/3799/7 1637/3738/7 1649/3788/270
f 1588/3683/1 1593/3682/281 1680/3800/285
f 1586/3675/277 1588/3677/1 1681/3802/1
f 1584/3673/2 1586/3675/277 1682/3803/277
f 1582/3670/274 1584/3673/2 1683/3804/2
f 1580/3671/73 1582/3670/274 1684/3805/274
f 1577/3665/271 1580/3668/73 1685/3807/73
f 1578/3666/6 1577/3665/271 1686/3808/271
f 1688/3810/277 1645/3746/277 1641/3753/1
f 1690/3812/285 1643/3744/285 1647/3749/6
f 1691/3813/6 1647/3749/6 1638/3739/271
f 1693/3815/73 1640/3747/73 1619/3720/274
f 1695/3817/2 1621/3722/2 1645/3746/277
f 1689/3818/1 1641/3742/1 1643/3744/285
f 1692/3814/271 1638/3739/271 1640/3741/73
f 1694/3816/274 1619/3720/274 1621/3722/2
f 1626/3820/294 1694/3816/274 1695/3817/2
f 1630/3822/296 1692/3814/271 1693/3819/73
f 1632/3824/297 1689/3818/1 1690/3812/285
f 1623/3821/292 1695/3817/2 1688/3810/277
f 1634/3827/298 1693/3815/73 1694/3816/274
f 1629/3828/295 1691/3813/6 1692/3814/271
f 1604/3825/283 1690/3812/285 1691/3813/6
f 1624/3826/293 1688/3810/277 1689/3811/1
f 1696/3830/316 1706/3840/2 1697/3831/277
f 1699/3833/318 1707/3848/1 1700/3834/285
f 1702/3836/320 1710/3845/271 1703/3837/73
f 1705/3839/322 1711/3847/274 1706/3840/2
f 1698/3832/317 1697/3831/277 1707/3841/1
f 1701/3835/319 1700/3834/285 1708/3843/6
f 1709/3844/323 1708/3843/6 1710/3845/271
f 1704/3846/321 1703/3849/73 1711/3847/274
f 1706/3840/2 1615/3714/2 1611/3709/277
f 1707/3848/1 1613/3717/1 1609/3707/285
f 1710/3845/271 1608/3706/271 1589/3716/73
f 1711/3847/274 1591/3712/274 1615/3714/2
f 1697/3831/277 1611/3709/277 1613/3711/1
f 1700/3834/285 1609/3707/285 1606/3704/6
f 1708/3843/6 1606/3704/6 1608/3706/271
f 1703/3849/73 1589/4058/73 1591/3712/274
f 1616/3850/289 1607/3856/284 1628/3729/5
f 1590/3851/279 1627/3728/5 1633/3734/5
f 1612/3853/287 1618/3857/291 1622/3723/5
f 1617/3854/290 1605/3703/5 1631/3732/5
f 1607/3856/284 1610/3855/286 1631/3732/5
f 1616/3850/289 1625/3726/5 1627/3728/5
f 1618/3857/291 1614/3852/288 1633/3734/5
f 1612/3853/287 1603/3701/5 1605/3703/5
f 1701/3858/319 1709/3865/323 1596/3687/7
f 1699/3859/318 1701/3858/319 1602/3700/7
f 1699/3859/318 1601/3696/7 1599/3694/7
f 1698/3860/317 1599/3694/7 1600/3695/7
f 1705/3862/322 1696/3861/316 1600/3695/7
f 1704/3863/321 1705/3862/322 1598/3692/7
f 1704/3863/321 1597/3688/7 1595/3685/7
f 1702/3864/320 1595/3685/7 1596/3687/7
f 1712/3866/311 1664/3769/311 1651/3754/300
f 1662/3767/309 1664/3769/311 1712/3866/311
f 1660/3765/5 1662/3767/309 1714/3868/325
f 1658/3762/306 1660/3765/5 1715/3869/326
f 1657/3763/305 1658/3762/306 1716/3870/327
f 1718/3872/328 1655/3758/303 1657/3760/305
f 1719/3874/329 1653/3756/7 1655/3758/303
f 972/3875/330 971/4059/338 1720/3876/331
f 1722/3878/333 1724/3884/339 970/3879/334
f 1723/3881/336 1722/3878/333 975/3880/335
f 971/3883/338 970/3879/334 1724/3884/339
f 1725/3886/340 982/3927/373 979/3887/341
f 1727/3889/1 1792/3978/1 1794/3985/1
f 1792/3978/1 1791/3975/1 1794/3985/1
f 1794/3985/1 1795/3986/1 1727/3889/1
f 1795/3986/1 1728/3890/1 1727/3889/1
f 1728/3890/1 1793/3980/1 1729/3891/1
f 1730/3892/343 1733/3895/346 1731/3893/344
f 1733/3895/346 1720/4060/331 1724/3896/339
f 1734/3897/347 1733/3895/346 1730/3892/343
f 1721/3899/332 1720/4060/331 1733/3895/346
f 1736/3900/349 1739/3904/352 1737/3901/350
f 1726/3903/342 1757/4061/370 1739/3904/352
f 1737/3901/350 1739/3904/352 1740/3905/353
f 1739/3904/352 1757/4061/370 1742/3907/355
f 1743/3908/356 1747/3912/360 1744/3909/357
f 1746/3911/359 1758/4062/374 1747/3912/360
f 1744/3909/357 1747/3912/360 1748/3913/361
f 1747/3912/360 1758/4062/374 1725/3915/340
f 1750/3916/363 1753/3920/366 1751/3917/364
f 1722/3919/333 1723/4063/336 1753/3920/366
f 1751/3917/364 1753/3920/366 1754/3921/367
f 1753/3920/366 1723/4063/336 1756/3923/369
f 1721/3899/332 1734/3897/347 1740/3905/353
f 1735/3898/348 1741/3906/354 1740/3905/353
f 1736/3900/349 1748/3913/361 1725/3915/340
f 1736/3900/349 1738/3902/351 1749/3914/362
f 1743/3908/356 1754/3921/367 1756/3923/369
f 1743/3908/356 1745/3910/358 1755/3922/368
f 1750/3916/363 1731/3893/344 1724/3896/339
f 1752/3918/365 1732/3894/345 1731/3893/344
f 1757/3924/370 1726/3888/342 979/3887/341
f 1725/3886/340 1758/4064/374 983/3926/372
f 1746/3928/359 940/3958/395 983/3929/372
f 1756/3931/369 1723/4065/336 986/3932/337
f 1744/4066/357 1749/3992/362 1745/4067/358
f 1749/3992/362 1783/3991/398 1780/4068/397
f 1749/3992/362 1780/4068/397 1745/4067/358
f 1755/3936/368 1745/4067/358 1785/4069/400
f 1785/4069/400 1745/4067/358 1780/4068/397
f 1752/3935/365 1751/4070/364 1755/3936/368
f 1759/3934/376 1784/3989/399 1752/3935/365
f 1785/4069/400 1759/3934/376 1755/3936/368
f 1735/4071/348 1730/4072/343 1732/3990/345
f 1732/3990/345 1784/3989/399 1777/4073/396
f 1732/3990/345 1777/4073/396 1735/4071/348
f 1777/4073/396 1787/4074/401 1735/4071/348
f 1741/3938/354 1735/4071/348 1787/4074/401
f 1738/3937/351 1737/4075/350 1741/3938/354
f 1760/3939/377 1783/3991/398 1738/3937/351
f 1787/4074/401 1760/3939/377 1741/3938/354
f 1761/3940/378 1768/3947/385 1762/3941/379
f 1764/3943/381 1775/3954/392 1765/3944/382
f 1761/3940/378 1776/3955/393 1767/3946/384
f 1764/3943/381 1766/3945/383 1769/3948/386
f 1770/3949/387 1769/3948/386 1771/3950/388
f 1763/3942/380 1762/3941/379 1773/3952/390
f 1775/3954/392 1774/3953/391 1773/3952/390
f 1776/3955/393 1772/3951/389 1771/3950/388
f 977/3956/394 972/3875/330 1721/3877/332
f 940/3958/395 1746/3928/359 1756/3931/369
f 1777/3959/396 1784/3968/399 1778/3960/389
f 1780/3962/397 1783/3966/398 1781/3963/391
f 1760/3965/377 1790/3974/380 1781/3963/391
f 1759/3967/376 1786/3970/387 1778/3960/389
f 1785/3969/400 1789/3973/381 1786/3970/387
f 1787/3971/401 1777/3959/396 1779/3961/393
f 1785/3969/400 1780/3962/397 1782/3964/392
f 1787/3971/401 1788/3972/402 1790/3974/380
f 1779/3961/393 1778/3960/389 1772/3951/389
f 1782/3964/392 1781/3963/391 1774/3953/391
f 1790/3974/380 1763/3942/380 1774/3953/391
f 1786/3970/387 1770/3949/387 1772/3951/389
f 1789/3973/381 1764/3943/381 1770/3949/387
f 1788/3972/402 1779/3961/393 1776/3955/393
f 1789/3973/381 1782/3964/392 1775/3954/392
f 1788/3972/402 1761/3940/378 1763/3942/380
f 1791/3975/1 1792/3978/1 1765/3976/382
f 1792/3978/1 1727/3889/1 1766/3979/383
f 1729/3891/1 1769/3981/386 1766/3979/383
f 1793/3980/1 1771/3983/388 1769/3981/386
f 1793/3980/1 1728/3890/1 1767/3982/384
f 1728/3890/1 1795/3986/1 1768/3984/385
f 1794/3985/1 1762/3987/379 1768/3984/385
f 1791/3975/1 1773/3977/390 1762/3987/379
f 1742/3957/355 1757/4076/370 978/3988/371
f 1713/3867/324 1651/3754/300 1653/3756/7
f 1593/3682/281 1578/3666/6 1687/3809/6
