# MuJoCo material-split OBJ
v -7.98335791 0.869201005 0.296951711
v -7.16863918 0.255502403 0.296951711
v -7.98335791 0.255502403 0.296951711
v -7.16863918 0.869201005 0.296951711
v -7.16863918 0.255502403 0.944477677
v -7.16863918 0.255502403 0.296951711
v -7.16863918 0.869201005 0.944477677
v -7.98335791 0.255502403 0.944477677
v -7.16863918 0.255502403 0.944477677
v -7.98335791 0.869201005 0.944477677
v -7.98335791 0.255502403 0.296951711
v -7.98335791 0.255502403 0.944477677
v -7.16863918 0.255502403 0.944477677
v -7.98335791 0.255502403 0.296951711
v -7.16863918 0.255502403 0.296951711
v -7.16863918 0.869201005 0.296951711
v -7.98335791 0.869201005 0.944477677
v -7.16863918 0.869201005 0.944477677
v -7.98335791 0.869201005 0.296951711
v -7.16863918 0.869201005 0.296951711
v -7.16863918 0.255502403 0.296951711
v -7.16863918 0.869201005 0.296951711
v -7.16863918 0.869201005 0.944477677
v -7.16863918 0.255502403 0.944477677
v -7.16863918 0.869201005 0.944477677
v -7.98335791 0.869201005 0.944477677
v -7.98335791 0.255502403 0.944477677
v -7.98335791 0.869201005 0.944477677
v -7.98335791 0.869201005 0.296951711
v -7.98335791 0.255502403 0.296951711
v -7.16863918 0.255502403 0.944477677
v -7.98335791 0.255502403 0.944477677
v -7.98335791 0.255502403 0.296951711
v -7.16863918 0.869201005 0.296951711
v -7.98335791 0.869201005 0.296951711
v -7.98335791 0.869201005 0.944477677
v -8.82944298 0.869201005 0.296951711
v -8.01472473 0.255502403 0.296951711
v -8.82944298 0.255502403 0.296951711
v -8.01472473 0.869201005 0.296951711
v -8.01472473 0.255502403 0.944477677
v -8.01472473 0.255502403 0.296951711
v -8.01472473 0.869201005 0.944477677
v -8.82944298 0.255502403 0.944477677
v -8.01472473 0.255502403 0.944477677
v -8.82944298 0.869201005 0.944477677
v -8.82944298 0.255502403 0.296951711
v -8.82944298 0.255502403 0.944477677
v -8.01472473 0.255502403 0.944477677
v -8.82944298 0.255502403 0.296951711
v -8.01472473 0.255502403 0.296951711
v -8.01472473 0.869201005 0.296951711
v -8.82944298 0.869201005 0.944477677
v -8.01472473 0.869201005 0.944477677
v -8.82944298 0.869201005 0.296951711
v -8.01472473 0.869201005 0.296951711
v -8.01472473 0.255502403 0.296951711
v -8.01472473 0.869201005 0.296951711
v -8.01472473 0.869201005 0.944477677
v -8.01472473 0.255502403 0.944477677
v -8.01472473 0.869201005 0.944477677
v -8.82944298 0.869201005 0.944477677
v -8.82944298 0.255502403 0.944477677
v -8.82944298 0.869201005 0.944477677
v -8.82944298 0.869201005 0.296951711
v -8.82944298 0.255502403 0.296951711
v -8.01472473 0.255502403 0.944477677
v -8.82944298 0.255502403 0.944477677
v -8.82944298 0.255502403 0.296951711
v -8.01472473 0.869201005 0.296951711
v -8.82944298 0.869201005 0.296951711
v -8.82944298 0.869201005 0.944477677
v -8.82944298 0.267569989 -0.284530908
v -8.01472473 0.88126862 -0.284530908
v -8.82944298 0.88126862 -0.284530908
v -8.01472473 0.267569989 -0.284530908
v -8.01472473 0.88126868 -0.932056904
v -8.01472473 0.88126862 -0.284530908
v -8.01472473 0.267570108 -0.932056904
v -8.82944298 0.88126868 -0.932056904
v -8.01472473 0.88126868 -0.932056904
v -8.82944298 0.267570108 -0.932056904
v -8.82944298 0.88126862 -0.284530908
v -8.82944298 0.88126868 -0.932056904
v -8.01472473 0.88126868 -0.932056904
v -8.82944298 0.88126862 -0.284530908
v -8.01472473 0.88126862 -0.284530908
v -8.01472473 0.267569989 -0.284530908
v -8.82944298 0.267570108 -0.932056904
v -8.01472473 0.267570108 -0.932056904
v -8.82944298 0.267569989 -0.284530908
v -8.01472473 0.267569989 -0.284530908
v -8.01472473 0.88126862 -0.284530908
v -8.01472473 0.267569989 -0.284530908
v -8.01472473 0.267570108 -0.932056904
v -8.01472473 0.88126868 -0.932056904
v -8.01472473 0.267570108 -0.932056904
v -8.82944298 0.267570108 -0.932056904
v -8.82944298 0.88126868 -0.932056904
v -8.82944298 0.267570108 -0.932056904
v -8.82944298 0.267569989 -0.284530908
v -8.82944298 0.88126862 -0.284530908
v -8.01472473 0.88126868 -0.932056904
v -8.82944298 0.88126868 -0.932056904
v -8.82944298 0.88126862 -0.284530908
v -8.01472473 0.267569989 -0.284530908
v -8.82944298 0.267569989 -0.284530908
v -8.82944298 0.267570108 -0.932056904
v -8.82944298 1.49433804 0.296951711
v -8.01472473 0.880639613 0.296951711
v -8.82944298 0.880639613 0.296951711
v -8.01472473 1.49433804 0.296951711
v -8.01472473 0.880639613 0.944477677
v -8.01472473 0.880639613 0.296951711
v -8.01472473 1.49433804 0.944477677
v -8.82944298 0.880639613 0.944477677
v -8.01472473 0.880639613 0.944477677
v -8.82944298 1.49433804 0.944477677
v -8.82944298 0.880639613 0.296951711
v -8.82944298 0.880639613 0.944477677
v -8.01472473 0.880639613 0.944477677
v -8.82944298 0.880639613 0.296951711
v -8.01472473 0.880639613 0.296951711
v -8.01472473 1.49433804 0.296951711
v -8.82944298 1.49433804 0.944477677
v -8.01472473 1.49433804 0.944477677
v -8.82944298 1.49433804 0.296951711
v -8.01472473 1.49433804 0.296951711
v -8.01472473 0.880639613 0.296951711
v -8.01472473 1.49433804 0.296951711
v -8.01472473 1.49433804 0.944477677
v -8.01472473 0.880639613 0.944477677
v -8.01472473 1.49433804 0.944477677
v -8.82944298 1.49433804 0.944477677
v -8.82944298 0.880639613 0.944477677
v -8.82944298 1.49433804 0.944477677
v -8.82944298 1.49433804 0.296951711
v -8.82944298 0.880639613 0.296951711
v -8.01472473 0.880639613 0.944477677
v -8.82944298 0.880639613 0.944477677
v -8.82944298 0.880639613 0.296951711
v -8.01472473 1.49433804 0.296951711
v -8.82944298 1.49433804 0.296951711
v -8.82944298 1.49433804 0.944477677
v -8.82944298 0.880639613 -0.251850486
v -8.01472473 1.49433804 -0.251850486
v -8.82944298 1.49433804 -0.251850486
v -8.01472473 0.880639613 -0.251850486
v -8.01472473 1.49433804 -0.899376512
v -8.01472473 1.49433804 -0.251850486
v -8.01472473 0.880639672 -0.899376512
v -8.82944298 1.49433804 -0.899376512
v -8.01472473 1.49433804 -0.899376512
v -8.82944298 0.880639672 -0.899376512
v -8.82944298 1.49433804 -0.251850486
v -8.82944298 1.49433804 -0.899376512
v -8.01472473 1.49433804 -0.899376512
v -8.82944298 1.49433804 -0.251850486
v -8.01472473 1.49433804 -0.251850486
v -8.01472473 0.880639613 -0.251850486
v -8.82944298 0.880639672 -0.899376512
v -8.01472473 0.880639672 -0.899376512
v -8.82944298 0.880639613 -0.251850486
v -8.01472473 0.880639613 -0.251850486
v -8.01472473 1.49433804 -0.251850486
v -8.01472473 0.880639613 -0.251850486
v -8.01472473 0.880639672 -0.899376512
v -8.01472473 1.49433804 -0.899376512
v -8.01472473 0.880639672 -0.899376512
v -8.82944298 0.880639672 -0.899376512
v -8.82944298 1.49433804 -0.899376512
v -8.82944298 0.880639672 -0.899376512
v -8.82944298 0.880639613 -0.251850486
v -8.82944298 1.49433804 -0.251850486
v -8.01472473 1.49433804 -0.899376512
v -8.82944298 1.49433804 -0.899376512
v -8.82944298 1.49433804 -0.251850486
v -8.01472473 0.880639613 -0.251850486
v -8.82944298 0.880639613 -0.251850486
v -8.82944298 0.880639672 -0.899376512
v -5.41111183 0.869201005 0.296951711
v -4.59639311 0.255502403 0.296951711
v -5.41111183 0.255502403 0.296951711
v -4.59639311 0.869201005 0.296951711
v -4.59639311 0.255502403 0.944477677
v -4.59639311 0.255502403 0.296951711
v -4.59639311 0.869201005 0.944477677
v -5.41111183 0.255502403 0.944477677
v -4.59639311 0.255502403 0.944477677
v -5.41111183 0.869201005 0.944477677
v -5.41111183 0.255502403 0.296951711
v -5.41111183 0.255502403 0.944477677
v -4.59639311 0.255502403 0.944477677
v -5.41111183 0.255502403 0.296951711
v -4.59639311 0.255502403 0.296951711
v -4.59639311 0.869201005 0.296951711
v -5.41111183 0.869201005 0.944477677
v -4.59639311 0.869201005 0.944477677
v -5.41111183 0.869201005 0.296951711
v -4.59639311 0.869201005 0.296951711
v -4.59639311 0.255502403 0.296951711
v -4.59639311 0.869201005 0.296951711
v -4.59639311 0.869201005 0.944477677
v -4.59639311 0.255502403 0.944477677
v -4.59639311 0.869201005 0.944477677
v -5.41111183 0.869201005 0.944477677
v -5.41111183 0.255502403 0.944477677
v -5.41111183 0.869201005 0.944477677
v -5.41111183 0.869201005 0.296951711
v -5.41111183 0.255502403 0.296951711
v -4.59639311 0.255502403 0.944477677
v -5.41111183 0.255502403 0.944477677
v -5.41111183 0.255502403 0.296951711
v -4.59639311 0.869201005 0.296951711
v -5.41111183 0.869201005 0.296951711
v -5.41111183 0.869201005 0.944477677
v -6.2571969 0.869201005 0.296951711
v -5.44247818 0.255502403 0.296951711
v -6.2571969 0.255502403 0.296951711
v -5.44247818 0.869201005 0.296951711
v -5.44247818 0.255502403 0.944477677
v -5.44247818 0.255502403 0.296951711
v -5.44247818 0.869201005 0.944477677
v -6.2571969 0.255502403 0.944477677
v -5.44247818 0.255502403 0.944477677
v -6.2571969 0.869201005 0.944477677
v -6.2571969 0.255502403 0.296951711
v -6.2571969 0.255502403 0.944477677
v -5.44247818 0.255502403 0.944477677
v -6.2571969 0.255502403 0.296951711
v -5.44247818 0.255502403 0.296951711
v -5.44247818 0.869201005 0.296951711
v -6.2571969 0.869201005 0.944477677
v -5.44247818 0.869201005 0.944477677
v -6.2571969 0.869201005 0.296951711
v -5.44247818 0.869201005 0.296951711
v -5.44247818 0.255502403 0.296951711
v -5.44247818 0.869201005 0.296951711
v -5.44247818 0.869201005 0.944477677
v -5.44247818 0.255502403 0.944477677
v -5.44247818 0.869201005 0.944477677
v -6.2571969 0.869201005 0.944477677
v -6.2571969 0.255502403 0.944477677
v -6.2571969 0.869201005 0.944477677
v -6.2571969 0.869201005 0.296951711
v -6.2571969 0.255502403 0.296951711
v -5.44247818 0.255502403 0.944477677
v -6.2571969 0.255502403 0.944477677
v -6.2571969 0.255502403 0.296951711
v -5.44247818 0.869201005 0.296951711
v -6.2571969 0.869201005 0.296951711
v -6.2571969 0.869201005 0.944477677
v -6.2571969 0.267569989 -0.284530908
v -5.44247818 0.88126862 -0.284530908
v -6.2571969 0.88126862 -0.284530908
v -5.44247818 0.267569989 -0.284530908
v -5.44247818 0.88126868 -0.932056904
v -5.44247818 0.88126862 -0.284530908
v -5.44247818 0.267570108 -0.932056904
v -6.2571969 0.88126868 -0.932056904
v -5.44247818 0.88126868 -0.932056904
v -6.2571969 0.267570108 -0.932056904
v -6.2571969 0.88126862 -0.284530908
v -6.2571969 0.88126868 -0.932056904
v -5.44247818 0.88126868 -0.932056904
v -6.2571969 0.88126862 -0.284530908
v -5.44247818 0.88126862 -0.284530908
v -5.44247818 0.267569989 -0.284530908
v -6.2571969 0.267570108 -0.932056904
v -5.44247818 0.267570108 -0.932056904
v -6.2571969 0.267569989 -0.284530908
v -5.44247818 0.267569989 -0.284530908
v -5.44247818 0.88126862 -0.284530908
v -5.44247818 0.267569989 -0.284530908
v -5.44247818 0.267570108 -0.932056904
v -5.44247818 0.88126868 -0.932056904
v -5.44247818 0.267570108 -0.932056904
v -6.2571969 0.267570108 -0.932056904
v -6.2571969 0.88126868 -0.932056904
v -6.2571969 0.267570108 -0.932056904
v -6.2571969 0.267569989 -0.284530908
v -6.2571969 0.88126862 -0.284530908
v -5.44247818 0.88126868 -0.932056904
v -6.2571969 0.88126868 -0.932056904
v -6.2571969 0.88126862 -0.284530908
v -5.44247818 0.267569989 -0.284530908
v -6.2571969 0.267569989 -0.284530908
v -6.2571969 0.267570108 -0.932056904
v -6.2571969 1.49433804 0.296951711
v -5.44247818 0.880639613 0.296951711
v -6.2571969 0.880639613 0.296951711
v -5.44247818 1.49433804 0.296951711
v -5.44247818 0.880639613 0.944477677
v -5.44247818 0.880639613 0.296951711
v -5.44247818 1.49433804 0.944477677
v -6.2571969 0.880639613 0.944477677
v -5.44247818 0.880639613 0.944477677
v -6.2571969 1.49433804 0.944477677
v -6.2571969 0.880639613 0.296951711
v -6.2571969 0.880639613 0.944477677
v -5.44247818 0.880639613 0.944477677
v -6.2571969 0.880639613 0.296951711
v -5.44247818 0.880639613 0.296951711
v -5.44247818 1.49433804 0.296951711
v -6.2571969 1.49433804 0.944477677
v -5.44247818 1.49433804 0.944477677
v -6.2571969 1.49433804 0.296951711
v -5.44247818 1.49433804 0.296951711
v -5.44247818 0.880639613 0.296951711
v -5.44247818 1.49433804 0.296951711
v -5.44247818 1.49433804 0.944477677
v -5.44247818 0.880639613 0.944477677
v -5.44247818 1.49433804 0.944477677
v -6.2571969 1.49433804 0.944477677
v -6.2571969 0.880639613 0.944477677
v -6.2571969 1.49433804 0.944477677
v -6.2571969 1.49433804 0.296951711
v -6.2571969 0.880639613 0.296951711
v -5.44247818 0.880639613 0.944477677
v -6.2571969 0.880639613 0.944477677
v -6.2571969 0.880639613 0.296951711
v -5.44247818 1.49433804 0.296951711
v -6.2571969 1.49433804 0.296951711
v -6.2571969 1.49433804 0.944477677
v -6.2571969 0.880639613 -0.251850486
v -5.44247818 1.49433804 -0.251850486
v -6.2571969 1.49433804 -0.251850486
v -5.44247818 0.880639613 -0.251850486
v -5.44247818 1.49433804 -0.899376512
v -5.44247818 1.49433804 -0.251850486
v -5.44247818 0.880639672 -0.899376512
v -6.2571969 1.49433804 -0.899376512
v -5.44247818 1.49433804 -0.899376512
v -6.2571969 0.880639672 -0.899376512
v -6.2571969 1.49433804 -0.251850486
v -6.2571969 1.49433804 -0.899376512
v -5.44247818 1.49433804 -0.899376512
v -6.2571969 1.49433804 -0.251850486
v -5.44247818 1.49433804 -0.251850486
v -5.44247818 0.880639613 -0.251850486
v -6.2571969 0.880639672 -0.899376512
v -5.44247818 0.880639672 -0.899376512
v -6.2571969 0.880639613 -0.251850486
v -5.44247818 0.880639613 -0.251850486
v -5.44247818 1.49433804 -0.251850486
v -5.44247818 0.880639613 -0.251850486
v -5.44247818 0.880639672 -0.899376512
v -5.44247818 1.49433804 -0.899376512
v -5.44247818 0.880639672 -0.899376512
v -6.2571969 0.880639672 -0.899376512
v -6.2571969 1.49433804 -0.899376512
v -6.2571969 0.880639672 -0.899376512
v -6.2571969 0.880639613 -0.251850486
v -6.2571969 1.49433804 -0.251850486
v -5.44247818 1.49433804 -0.899376512
v -6.2571969 1.49433804 -0.899376512
v -6.2571969 1.49433804 -0.251850486
v -5.44247818 0.880639613 -0.251850486
v -6.2571969 0.880639613 -0.251850486
v -6.2571969 0.880639672 -0.899376512
v -7.14023781 0.872061372 0.327498913
v -6.32551908 0.2583628 0.327498913
v -7.14023781 0.2583628 0.327498913
v -6.32551908 0.872061372 0.327498913
v -6.32551908 0.2583628 0.975024879
v -6.32551908 0.2583628 0.327498913
v -6.32551908 0.872061372 0.975024879
v -7.14023781 0.2583628 0.975024879
v -6.32551908 0.2583628 0.975024879
v -7.14023781 0.872061372 0.975024879
v -7.14023781 0.2583628 0.327498913
v -7.14023781 0.2583628 0.975024879
v -6.32551908 0.2583628 0.975024879
v -7.14023781 0.2583628 0.327498913
v -6.32551908 0.2583628 0.327498913
v -6.32551908 0.872061372 0.327498913
v -7.14023781 0.872061372 0.975024879
v -6.32551908 0.872061372 0.975024879
v -7.14023781 0.872061372 0.327498913
v -6.32551908 0.872061372 0.327498913
v -6.32551908 0.2583628 0.327498913
v -6.32551908 0.872061372 0.327498913
v -6.32551908 0.872061372 0.975024879
v -6.32551908 0.2583628 0.975024879
v -6.32551908 0.872061372 0.975024879
v -7.14023781 0.872061372 0.975024879
v -7.14023781 0.2583628 0.975024879
v -7.14023781 0.872061372 0.975024879
v -7.14023781 0.872061372 0.327498913
v -7.14023781 0.2583628 0.327498913
v -6.32551908 0.2583628 0.975024879
v -7.14023781 0.2583628 0.975024879
v -7.14023781 0.2583628 0.327498913
v -6.32551908 0.872061372 0.327498913
v -7.14023781 0.872061372 0.327498913
v -7.14023781 0.872061372 0.975024879
v -7.59910488 1.48368096 0.300463587
v -6.78438616 0.869982421 0.300463587
v -7.59910488 0.869982421 0.300463587
v -6.78438616 1.48368096 0.300463587
v -6.78438616 0.869982421 0.947989583
v -6.78438616 0.869982421 0.300463587
v -6.78438616 1.48368096 0.947989583
v -7.59910488 0.869982421 0.947989583
v -6.78438616 0.869982421 0.947989583
v -7.59910488 1.48368096 0.947989583
v -7.59910488 0.869982421 0.300463587
v -7.59910488 0.869982421 0.947989583
v -6.78438616 0.869982421 0.947989583
v -7.59910488 0.869982421 0.300463587
v -6.78438616 0.869982421 0.300463587
v -6.78438616 1.48368096 0.300463587
v -7.59910488 1.48368096 0.947989583
v -6.78438616 1.48368096 0.947989583
v -7.59910488 1.48368096 0.300463587
v -6.78438616 1.48368096 0.300463587
v -6.78438616 0.869982421 0.300463587
v -6.78438616 1.48368096 0.300463587
v -6.78438616 1.48368096 0.947989583
v -6.78438616 0.869982421 0.947989583
v -6.78438616 1.48368096 0.947989583
v -7.59910488 1.48368096 0.947989583
v -7.59910488 0.869982421 0.947989583
v -7.59910488 1.48368096 0.947989583
v -7.59910488 1.48368096 0.300463587
v -7.59910488 0.869982421 0.300463587
v -6.78438616 0.869982421 0.947989583
v -7.59910488 0.869982421 0.947989583
v -7.59910488 0.869982421 0.300463587
v -6.78438616 1.48368096 0.300463587
v -7.59910488 1.48368096 0.300463587
v -7.59910488 1.48368096 0.947989583
v -7.98474598 0.2583628 -0.292841792
v -7.17002678 0.872061372 -0.292841792
v -7.98474598 0.872061372 -0.292841792
v -7.17002678 0.2583628 -0.292841792
v -7.17002678 0.872061491 -0.940367818
v -7.17002678 0.872061372 -0.292841792
v -7.17002678 0.2583628 -0.940367818
v -7.98474598 0.872061491 -0.940367818
v -7.17002678 0.872061491 -0.940367818
v -7.98474598 0.2583628 -0.940367818
v -7.98474598 0.872061372 -0.292841792
v -7.98474598 0.872061491 -0.940367818
v -7.17002678 0.872061491 -0.940367818
v -7.98474598 0.872061372 -0.292841792
v -7.17002678 0.872061372 -0.292841792
v -7.17002678 0.2583628 -0.292841792
v -7.98474598 0.2583628 -0.940367818
v -7.17002678 0.2583628 -0.940367818
v -7.98474598 0.2583628 -0.292841792
v -7.17002678 0.2583628 -0.292841792
v -7.17002678 0.872061372 -0.292841792
v -7.17002678 0.2583628 -0.292841792
v -7.17002678 0.2583628 -0.940367818
v -7.17002678 0.872061491 -0.940367818
v -7.17002678 0.2583628 -0.940367818
v -7.98474598 0.2583628 -0.940367818
v -7.98474598 0.872061491 -0.940367818
v -7.98474598 0.2583628 -0.940367818
v -7.98474598 0.2583628 -0.292841792
v -7.98474598 0.872061372 -0.292841792
v -7.17002678 0.872061491 -0.940367818
v -7.98474598 0.872061491 -0.940367818
v -7.98474598 0.872061372 -0.292841792
v -7.17002678 0.2583628 -0.292841792
v -7.98474598 0.2583628 -0.292841792
v -7.98474598 0.2583628 -0.940367818
v -7.1312871 0.2583628 -0.292841792
v -6.31656694 0.872061372 -0.292841792
v -7.1312871 0.872061372 -0.292841792
v -6.31656694 0.2583628 -0.292841792
v -6.31656694 0.872061491 -0.940367818
v -6.31656694 0.872061372 -0.292841792
v -6.31656694 0.2583628 -0.940367818
v -7.1312871 0.872061491 -0.940367818
v -6.31656694 0.872061491 -0.940367818
v -7.1312871 0.2583628 -0.940367818
v -7.1312871 0.872061372 -0.292841792
v -7.1312871 0.872061491 -0.940367818
v -6.31656694 0.872061491 -0.940367818
v -7.1312871 0.872061372 -0.292841792
v -6.31656694 0.872061372 -0.292841792
v -6.31656694 0.2583628 -0.292841792
v -7.1312871 0.2583628 -0.940367818
v -6.31656694 0.2583628 -0.940367818
v -7.1312871 0.2583628 -0.292841792
v -6.31656694 0.2583628 -0.292841792
v -6.31656694 0.872061372 -0.292841792
v -6.31656694 0.2583628 -0.292841792
v -6.31656694 0.2583628 -0.940367818
v -6.31656694 0.872061491 -0.940367818
v -6.31656694 0.2583628 -0.940367818
v -7.1312871 0.2583628 -0.940367818
v -7.1312871 0.872061491 -0.940367818
v -7.1312871 0.2583628 -0.940367818
v -7.1312871 0.2583628 -0.292841792
v -7.1312871 0.872061372 -0.292841792
v -6.31656694 0.872061491 -0.940367818
v -7.1312871 0.872061491 -0.940367818
v -7.1312871 0.872061372 -0.292841792
v -6.31656694 0.2583628 -0.292841792
v -7.1312871 0.2583628 -0.292841792
v -7.1312871 0.2583628 -0.940367818
v -5.41066504 0.2583628 -0.292841792
v -4.59594584 0.872061372 -0.292841792
v -5.41066504 0.872061372 -0.292841792
v -4.59594584 0.2583628 -0.292841792
v -4.59594584 0.872061491 -0.940367818
v -4.59594584 0.872061372 -0.292841792
v -4.59594584 0.2583628 -0.940367818
v -5.41066504 0.872061491 -0.940367818
v -4.59594584 0.872061491 -0.940367818
v -5.41066504 0.2583628 -0.940367818
v -5.41066504 0.872061372 -0.292841792
v -5.41066504 0.872061491 -0.940367818
v -4.59594584 0.872061491 -0.940367818
v -5.41066504 0.872061372 -0.292841792
v -4.59594584 0.872061372 -0.292841792
v -4.59594584 0.2583628 -0.292841792
v -5.41066504 0.2583628 -0.940367818
v -4.59594584 0.2583628 -0.940367818
v -5.41066504 0.2583628 -0.292841792
v -4.59594584 0.2583628 -0.292841792
v -4.59594584 0.872061372 -0.292841792
v -4.59594584 0.2583628 -0.292841792
v -4.59594584 0.2583628 -0.940367818
v -4.59594584 0.872061491 -0.940367818
v -4.59594584 0.2583628 -0.940367818
v -5.41066504 0.2583628 -0.940367818
v -5.41066504 0.872061491 -0.940367818
v -5.41066504 0.2583628 -0.940367818
v -5.41066504 0.2583628 -0.292841792
v -5.41066504 0.872061372 -0.292841792
v -4.59594584 0.872061491 -0.940367818
v -5.41066504 0.872061491 -0.940367818
v -5.41066504 0.872061372 -0.292841792
v -4.59594584 0.2583628 -0.292841792
v -5.41066504 0.2583628 -0.292841792
v -5.41066504 0.2583628 -0.940367818
v -5.42257786 0.8836869 -0.292841792
v -4.60785913 1.49738503 -0.292841792
v -5.42257786 1.49738503 -0.292841792
v -4.60785913 0.8836869 -0.292841792
v -4.60785913 1.49738598 -0.940367818
v -4.60785913 1.49738503 -0.292841792
v -4.60785913 0.883687019 -0.940367818
v -5.42257786 1.49738598 -0.940367818
v -4.60785913 1.49738598 -0.940367818
v -5.42257786 0.883687019 -0.940367818
v -5.42257786 1.49738503 -0.292841792
v -5.42257786 1.49738598 -0.940367818
v -4.60785913 1.49738598 -0.940367818
v -5.42257786 1.49738503 -0.292841792
v -4.60785913 1.49738503 -0.292841792
v -4.60785913 0.8836869 -0.292841792
v -5.42257786 0.883687019 -0.940367818
v -4.60785913 0.883687019 -0.940367818
v -5.42257786 0.8836869 -0.292841792
v -4.60785913 0.8836869 -0.292841792
v -4.60785913 1.49738503 -0.292841792
v -4.60785913 0.8836869 -0.292841792
v -4.60785913 0.883687019 -0.940367818
v -4.60785913 1.49738598 -0.940367818
v -4.60785913 0.883687019 -0.940367818
v -5.42257786 0.883687019 -0.940367818
v -5.42257786 1.49738598 -0.940367818
v -5.42257786 0.883687019 -0.940367818
v -5.42257786 0.8836869 -0.292841792
v -5.42257786 1.49738503 -0.292841792
v -4.60785913 1.49738598 -0.940367818
v -5.42257786 1.49738598 -0.940367818
v -5.42257786 1.49738503 -0.292841792
v -4.60785913 0.8836869 -0.292841792
v -5.42257786 0.8836869 -0.292841792
v -5.42257786 0.883687019 -0.940367818
v 0.898145199 0.869201005 0.296951711
v 1.71286297 0.255502403 0.296951711
v 0.898145199 0.255502403 0.296951711
v 1.71286297 0.869201005 0.296951711
v 1.71286297 0.255502403 0.944477677
v 1.71286297 0.255502403 0.296951711
v 1.71286297 0.869201005 0.944477677
v 0.898145199 0.255502403 0.944477677
v 1.71286297 0.255502403 0.944477677
v 0.898145199 0.869201005 0.944477677
v 0.898145199 0.255502403 0.296951711
v 0.898145199 0.255502403 0.944477677
v 1.71286297 0.255502403 0.944477677
v 0.898145199 0.255502403 0.296951711
v 1.71286297 0.255502403 0.296951711
v 1.71286297 0.869201005 0.296951711
v 0.898145199 0.869201005 0.944477677
v 1.71286297 0.869201005 0.944477677
v 0.898145199 0.869201005 0.296951711
v 1.71286297 0.869201005 0.296951711
v 1.71286297 0.255502403 0.296951711
v 1.71286297 0.869201005 0.296951711
v 1.71286297 0.869201005 0.944477677
v 1.71286297 0.255502403 0.944477677
v 1.71286297 0.869201005 0.944477677
v 0.898145199 0.869201005 0.944477677
v 0.898145199 0.255502403 0.944477677
v 0.898145199 0.869201005 0.944477677
v 0.898145199 0.869201005 0.296951711
v 0.898145199 0.255502403 0.296951711
v 1.71286297 0.255502403 0.944477677
v 0.898145199 0.255502403 0.944477677
v 0.898145199 0.255502403 0.296951711
v 1.71286297 0.869201005 0.296951711
v 0.898145199 0.869201005 0.296951711
v 0.898145199 0.869201005 0.944477677
v 0.0520596504 0.869201005 0.296951711
v 0.86677891 0.255502403 0.296951711
v 0.0520596504 0.255502403 0.296951711
v 0.86677891 0.869201005 0.296951711
v 0.86677891 0.255502403 0.944477677
v 0.86677891 0.255502403 0.296951711
v 0.86677891 0.869201005 0.944477677
v 0.0520596504 0.255502403 0.944477677
v 0.86677891 0.255502403 0.944477677
v 0.0520596504 0.869201005 0.944477677
v 0.0520596504 0.255502403 0.296951711
v 0.0520596504 0.255502403 0.944477677
v 0.86677891 0.255502403 0.944477677
v 0.0520596504 0.255502403 0.296951711
v 0.86677891 0.255502403 0.296951711
v 0.86677891 0.869201005 0.296951711
v 0.0520596504 0.869201005 0.944477677
v 0.86677891 0.869201005 0.944477677
v 0.0520596504 0.869201005 0.296951711
v 0.86677891 0.869201005 0.296951711
v 0.86677891 0.255502403 0.296951711
v 0.86677891 0.869201005 0.296951711
v 0.86677891 0.869201005 0.944477677
v 0.86677891 0.255502403 0.944477677
v 0.86677891 0.869201005 0.944477677
v 0.0520596504 0.869201005 0.944477677
v 0.0520596504 0.255502403 0.944477677
v 0.0520596504 0.869201005 0.944477677
v 0.0520596504 0.869201005 0.296951711
v 0.0520596504 0.255502403 0.296951711
v 0.86677891 0.255502403 0.944477677
v 0.0520596504 0.255502403 0.944477677
v 0.0520596504 0.255502403 0.296951711
v 0.86677891 0.869201005 0.296951711
v 0.0520596504 0.869201005 0.296951711
v 0.0520596504 0.869201005 0.944477677
v 0.0520596504 0.267569989 -0.284530908
v 0.86677891 0.88126862 -0.284530908
v 0.0520596504 0.88126862 -0.284530908
v 0.86677891 0.267569989 -0.284530908
v 0.86677891 0.88126868 -0.932056904
v 0.86677891 0.88126862 -0.284530908
v 0.86677891 0.267570108 -0.932056904
v 0.0520596504 0.88126868 -0.932056904
v 0.86677891 0.88126868 -0.932056904
v 0.0520596504 0.267570108 -0.932056904
v 0.0520596504 0.88126862 -0.284530908
v 0.0520596504 0.88126868 -0.932056904
v 0.86677891 0.88126868 -0.932056904
v 0.0520596504 0.88126862 -0.284530908
v 0.86677891 0.88126862 -0.284530908
v 0.86677891 0.267569989 -0.284530908
v 0.0520596504 0.267570108 -0.932056904
v 0.86677891 0.267570108 -0.932056904
v 0.0520596504 0.267569989 -0.284530908
v 0.86677891 0.267569989 -0.284530908
v 0.86677891 0.88126862 -0.284530908
v 0.86677891 0.267569989 -0.284530908
v 0.86677891 0.267570108 -0.932056904
v 0.86677891 0.88126868 -0.932056904
v 0.86677891 0.267570108 -0.932056904
v 0.0520596504 0.267570108 -0.932056904
v 0.0520596504 0.88126868 -0.932056904
v 0.0520596504 0.267570108 -0.932056904
v 0.0520596504 0.267569989 -0.284530908
v 0.0520596504 0.88126862 -0.284530908
v 0.86677891 0.88126868 -0.932056904
v 0.0520596504 0.88126868 -0.932056904
v 0.0520596504 0.88126862 -0.284530908
v 0.86677891 0.267569989 -0.284530908
v 0.0520596504 0.267569989 -0.284530908
v 0.0520596504 0.267570108 -0.932056904
v 0.0520596504 1.49433804 0.296951711
v 0.86677891 0.880639613 0.296951711
v 0.0520596504 0.880639613 0.296951711
v 0.86677891 1.49433804 0.296951711
v 0.86677891 0.880639613 0.944477677
v 0.86677891 0.880639613 0.296951711
v 0.86677891 1.49433804 0.944477677
v 0.0520596504 0.880639613 0.944477677
v 0.86677891 0.880639613 0.944477677
v 0.0520596504 1.49433804 0.944477677
v 0.0520596504 0.880639613 0.296951711
v 0.0520596504 0.880639613 0.944477677
v 0.86677891 0.880639613 0.944477677
v 0.0520596504 0.880639613 0.296951711
v 0.86677891 0.880639613 0.296951711
v 0.86677891 1.49433804 0.296951711
v 0.0520596504 1.49433804 0.944477677
v 0.86677891 1.49433804 0.944477677
v 0.0520596504 1.49433804 0.296951711
v 0.86677891 1.49433804 0.296951711
v 0.86677891 0.880639613 0.296951711
v 0.86677891 1.49433804 0.296951711
v 0.86677891 1.49433804 0.944477677
v 0.86677891 0.880639613 0.944477677
v 0.86677891 1.49433804 0.944477677
v 0.0520596504 1.49433804 0.944477677
v 0.0520596504 0.880639613 0.944477677
v 0.0520596504 1.49433804 0.944477677
v 0.0520596504 1.49433804 0.296951711
v 0.0520596504 0.880639613 0.296951711
v 0.86677891 0.880639613 0.944477677
v 0.0520596504 0.880639613 0.944477677
v 0.0520596504 0.880639613 0.296951711
v 0.86677891 1.49433804 0.296951711
v 0.0520596504 1.49433804 0.296951711
v 0.0520596504 1.49433804 0.944477677
v 0.0520596504 0.880639613 -0.251850486
v 0.86677891 1.49433804 -0.251850486
v 0.0520596504 1.49433804 -0.251850486
v 0.86677891 0.880639613 -0.251850486
v 0.86677891 1.49433804 -0.899376512
v 0.86677891 1.49433804 -0.251850486
v 0.86677891 0.880639672 -0.899376512
v 0.0520596504 1.49433804 -0.899376512
v 0.86677891 1.49433804 -0.899376512
v 0.0520596504 0.880639672 -0.899376512
v 0.0520596504 1.49433804 -0.251850486
v 0.0520596504 1.49433804 -0.899376512
v 0.86677891 1.49433804 -0.899376512
v 0.0520596504 1.49433804 -0.251850486
v 0.86677891 1.49433804 -0.251850486
v 0.86677891 0.880639613 -0.251850486
v 0.0520596504 0.880639672 -0.899376512
v 0.86677891 0.880639672 -0.899376512
v 0.0520596504 0.880639613 -0.251850486
v 0.86677891 0.880639613 -0.251850486
v 0.86677891 1.49433804 -0.251850486
v 0.86677891 0.880639613 -0.251850486
v 0.86677891 0.880639672 -0.899376512
v 0.86677891 1.49433804 -0.899376512
v 0.86677891 0.880639672 -0.899376512
v 0.0520596504 0.880639672 -0.899376512
v 0.0520596504 1.49433804 -0.899376512
v 0.0520596504 0.880639672 -0.899376512
v 0.0520596504 0.880639613 -0.251850486
v 0.0520596504 1.49433804 -0.251850486
v 0.86677891 1.49433804 -0.899376512
v 0.0520596504 1.49433804 -0.899376512
v 0.0520596504 1.49433804 -0.251850486
v 0.86677891 0.880639613 -0.251850486
v 0.0520596504 0.880639613 -0.251850486
v 0.0520596504 0.880639672 -0.899376512
v 3.47039104 0.869201005 0.296951711
v 4.28511 0.255502403 0.296951711
v 3.47039104 0.255502403 0.296951711
v 4.28511 0.869201005 0.296951711
v 4.28511 0.255502403 0.944477677
v 4.28511 0.255502403 0.296951711
v 4.28511 0.869201005 0.944477677
v 3.47039104 0.255502403 0.944477677
v 4.28511 0.255502403 0.944477677
v 3.47039104 0.869201005 0.944477677
v 3.47039104 0.255502403 0.296951711
v 3.47039104 0.255502403 0.944477677
v 4.28511 0.255502403 0.944477677
v 3.47039104 0.255502403 0.296951711
v 4.28511 0.255502403 0.296951711
v 4.28511 0.869201005 0.296951711
v 3.47039104 0.869201005 0.944477677
v 4.28511 0.869201005 0.944477677
v 3.47039104 0.869201005 0.296951711
v 4.28511 0.869201005 0.296951711
v 4.28511 0.255502403 0.296951711
v 4.28511 0.869201005 0.296951711
v 4.28511 0.869201005 0.944477677
v 4.28511 0.255502403 0.944477677
v 4.28511 0.869201005 0.944477677
v 3.47039104 0.869201005 0.944477677
v 3.47039104 0.255502403 0.944477677
v 3.47039104 0.869201005 0.944477677
v 3.47039104 0.869201005 0.296951711
v 3.47039104 0.255502403 0.296951711
v 4.28511 0.255502403 0.944477677
v 3.47039104 0.255502403 0.944477677
v 3.47039104 0.255502403 0.296951711
v 4.28511 0.869201005 0.296951711
v 3.47039104 0.869201005 0.296951711
v 3.47039104 0.869201005 0.944477677
v 2.62430501 0.869201005 0.296951711
v 3.43902493 0.255502403 0.296951711
v 2.62430501 0.255502403 0.296951711
v 3.43902493 0.869201005 0.296951711
v 3.43902493 0.255502403 0.944477677
v 3.43902493 0.255502403 0.296951711
v 3.43902493 0.869201005 0.944477677
v 2.62430501 0.255502403 0.944477677
v 3.43902493 0.255502403 0.944477677
v 2.62430501 0.869201005 0.944477677
v 2.62430501 0.255502403 0.296951711
v 2.62430501 0.255502403 0.944477677
v 3.43902493 0.255502403 0.944477677
v 2.62430501 0.255502403 0.296951711
v 3.43902493 0.255502403 0.296951711
v 3.43902493 0.869201005 0.296951711
v 2.62430501 0.869201005 0.944477677
v 3.43902493 0.869201005 0.944477677
v 2.62430501 0.869201005 0.296951711
v 3.43902493 0.869201005 0.296951711
v 3.43902493 0.255502403 0.296951711
v 3.43902493 0.869201005 0.296951711
v 3.43902493 0.869201005 0.944477677
v 3.43902493 0.255502403 0.944477677
v 3.43902493 0.869201005 0.944477677
v 2.62430501 0.869201005 0.944477677
v 2.62430501 0.255502403 0.944477677
v 2.62430501 0.869201005 0.944477677
v 2.62430501 0.869201005 0.296951711
v 2.62430501 0.255502403 0.296951711
v 3.43902493 0.255502403 0.944477677
v 2.62430501 0.255502403 0.944477677
v 2.62430501 0.255502403 0.296951711
v 3.43902493 0.869201005 0.296951711
v 2.62430501 0.869201005 0.296951711
v 2.62430501 0.869201005 0.944477677
v 2.62430501 0.267569989 -0.284530908
v 3.43902493 0.88126862 -0.284530908
v 2.62430501 0.88126862 -0.284530908
v 3.43902493 0.267569989 -0.284530908
v 3.43902493 0.88126868 -0.932056904
v 3.43902493 0.88126862 -0.284530908
v 3.43902493 0.267570108 -0.932056904
v 2.62430501 0.88126868 -0.932056904
v 3.43902493 0.88126868 -0.932056904
v 2.62430501 0.267570108 -0.932056904
v 2.62430501 0.88126862 -0.284530908
v 2.62430501 0.88126868 -0.932056904
v 3.43902493 0.88126868 -0.932056904
v 2.62430501 0.88126862 -0.284530908
v 3.43902493 0.88126862 -0.284530908
v 3.43902493 0.267569989 -0.284530908
v 2.62430501 0.267570108 -0.932056904
v 3.43902493 0.267570108 -0.932056904
v 2.62430501 0.267569989 -0.284530908
v 3.43902493 0.267569989 -0.284530908
v 3.43902493 0.88126862 -0.284530908
v 3.43902493 0.267569989 -0.284530908
v 3.43902493 0.267570108 -0.932056904
v 3.43902493 0.88126868 -0.932056904
v 3.43902493 0.267570108 -0.932056904
v 2.62430501 0.267570108 -0.932056904
v 2.62430501 0.88126868 -0.932056904
v 2.62430501 0.267570108 -0.932056904
v 2.62430501 0.267569989 -0.284530908
v 2.62430501 0.88126862 -0.284530908
v 3.43902493 0.88126868 -0.932056904
v 2.62430501 0.88126868 -0.932056904
v 2.62430501 0.88126862 -0.284530908
v 3.43902493 0.267569989 -0.284530908
v 2.62430501 0.267569989 -0.284530908
v 2.62430501 0.267570108 -0.932056904
v 2.62430501 1.49433804 0.296951711
v 3.43902493 0.880639613 0.296951711
v 2.62430501 0.880639613 0.296951711
v 3.43902493 1.49433804 0.296951711
v 3.43902493 0.880639613 0.944477677
v 3.43902493 0.880639613 0.296951711
v 3.43902493 1.49433804 0.944477677
v 2.62430501 0.880639613 0.944477677
v 3.43902493 0.880639613 0.944477677
v 2.62430501 1.49433804 0.944477677
v 2.62430501 0.880639613 0.296951711
v 2.62430501 0.880639613 0.944477677
v 3.43902493 0.880639613 0.944477677
v 2.62430501 0.880639613 0.296951711
v 3.43902493 0.880639613 0.296951711
v 3.43902493 1.49433804 0.296951711
v 2.62430501 1.49433804 0.944477677
v 3.43902493 1.49433804 0.944477677
v 2.62430501 1.49433804 0.296951711
v 3.43902493 1.49433804 0.296951711
v 3.43902493 0.880639613 0.296951711
v 3.43902493 1.49433804 0.296951711
v 3.43902493 1.49433804 0.944477677
v 3.43902493 0.880639613 0.944477677
v 3.43902493 1.49433804 0.944477677
v 2.62430501 1.49433804 0.944477677
v 2.62430501 0.880639613 0.944477677
v 2.62430501 1.49433804 0.944477677
v 2.62430501 1.49433804 0.296951711
v 2.62430501 0.880639613 0.296951711
v 3.43902493 0.880639613 0.944477677
v 2.62430501 0.880639613 0.944477677
v 2.62430501 0.880639613 0.296951711
v 3.43902493 1.49433804 0.296951711
v 2.62430501 1.49433804 0.296951711
v 2.62430501 1.49433804 0.944477677
v 2.62430501 0.880639613 -0.251850486
v 3.43902493 1.49433804 -0.251850486
v 2.62430501 1.49433804 -0.251850486
v 3.43902493 0.880639613 -0.251850486
v 3.43902493 1.49433804 -0.899376512
v 3.43902493 1.49433804 -0.251850486
v 3.43902493 0.880639672 -0.899376512
v 2.62430501 1.49433804 -0.899376512
v 3.43902493 1.49433804 -0.899376512
v 2.62430501 0.880639672 -0.899376512
v 2.62430501 1.49433804 -0.251850486
v 2.62430501 1.49433804 -0.899376512
v 3.43902493 1.49433804 -0.899376512
v 2.62430501 1.49433804 -0.251850486
v 3.43902493 1.49433804 -0.251850486
v 3.43902493 0.880639613 -0.251850486
v 2.62430501 0.880639672 -0.899376512
v 3.43902493 0.880639672 -0.899376512
v 2.62430501 0.880639613 -0.251850486
v 3.43902493 0.880639613 -0.251850486
v 3.43902493 1.49433804 -0.251850486
v 3.43902493 0.880639613 -0.251850486
v 3.43902493 0.880639672 -0.899376512
v 3.43902493 1.49433804 -0.899376512
v 3.43902493 0.880639672 -0.899376512
v 2.62430501 0.880639672 -0.899376512
v 2.62430501 1.49433804 -0.899376512
v 2.62430501 0.880639672 -0.899376512
v 2.62430501 0.880639613 -0.251850486
v 2.62430501 1.49433804 -0.251850486
v 3.43902493 1.49433804 -0.899376512
v 2.62430501 1.49433804 -0.899376512
v 2.62430501 1.49433804 -0.251850486
v 3.43902493 0.880639613 -0.251850486
v 2.62430501 0.880639613 -0.251850486
v 2.62430501 0.880639672 -0.899376512
v 1.74126506 0.872061372 0.327498913
v 2.55598402 0.2583628 0.327498913
v 1.74126506 0.2583628 0.327498913
v 2.55598402 0.872061372 0.327498913
v 2.55598402 0.2583628 0.975024879
v 2.55598402 0.2583628 0.327498913
v 2.55598402 0.872061372 0.975024879
v 1.74126506 0.2583628 0.975024879
v 2.55598402 0.2583628 0.975024879
v 1.74126506 0.872061372 0.975024879
v 1.74126506 0.2583628 0.327498913
v 1.74126506 0.2583628 0.975024879
v 2.55598402 0.2583628 0.975024879
v 1.74126506 0.2583628 0.327498913
v 2.55598402 0.2583628 0.327498913
v 2.55598402 0.872061372 0.327498913
v 1.74126506 0.872061372 0.975024879
v 2.55598402 0.872061372 0.975024879
v 1.74126506 0.872061372 0.327498913
v 2.55598402 0.872061372 0.327498913
v 2.55598402 0.2583628 0.327498913
v 2.55598402 0.872061372 0.327498913
v 2.55598402 0.872061372 0.975024879
v 2.55598402 0.2583628 0.975024879
v 2.55598402 0.872061372 0.975024879
v 1.74126506 0.872061372 0.975024879
v 1.74126506 0.2583628 0.975024879
v 1.74126506 0.872061372 0.975024879
v 1.74126506 0.872061372 0.327498913
v 1.74126506 0.2583628 0.327498913
v 2.55598402 0.2583628 0.975024879
v 1.74126506 0.2583628 0.975024879
v 1.74126506 0.2583628 0.327498913
v 2.55598402 0.872061372 0.327498913
v 1.74126506 0.872061372 0.327498913
v 1.74126506 0.872061372 0.975024879
v 1.28239799 1.48368096 0.300463587
v 2.09711695 0.869982421 0.300463587
v 1.28239799 0.869982421 0.300463587
v 2.09711695 1.48368096 0.300463587
v 2.09711695 0.869982421 0.947989583
v 2.09711695 0.869982421 0.300463587
v 2.09711695 1.48368096 0.947989583
v 1.28239799 0.869982421 0.947989583
v 2.09711695 0.869982421 0.947989583
v 1.28239799 1.48368096 0.947989583
v 1.28239799 0.869982421 0.300463587
v 1.28239799 0.869982421 0.947989583
v 2.09711695 0.869982421 0.947989583
v 1.28239799 0.869982421 0.300463587
v 2.09711695 0.869982421 0.300463587
v 2.09711695 1.48368096 0.300463587
v 1.28239799 1.48368096 0.947989583
v 2.09711695 1.48368096 0.947989583
v 1.28239799 1.48368096 0.300463587
v 2.09711695 1.48368096 0.300463587
v 2.09711695 0.869982421 0.300463587
v 2.09711695 1.48368096 0.300463587
v 2.09711695 1.48368096 0.947989583
v 2.09711695 0.869982421 0.947989583
v 2.09711695 1.48368096 0.947989583
v 1.28239799 1.48368096 0.947989583
v 1.28239799 0.869982421 0.947989583
v 1.28239799 1.48368096 0.947989583
v 1.28239799 1.48368096 0.300463587
v 1.28239799 0.869982421 0.300463587
v 2.09711695 0.869982421 0.947989583
v 1.28239799 0.869982421 0.947989583
v 1.28239799 0.869982421 0.300463587
v 2.09711695 1.48368096 0.300463587
v 1.28239799 1.48368096 0.300463587
v 1.28239799 1.48368096 0.947989583
v 0.896756709 0.2583628 -0.292841792
v 1.71147609 0.872061372 -0.292841792
v 0.896756709 0.872061372 -0.292841792
v 1.71147609 0.2583628 -0.292841792
v 1.71147609 0.872061491 -0.940367818
v 1.71147609 0.872061372 -0.292841792
v 1.71147609 0.2583628 -0.940367818
v 0.896756709 0.872061491 -0.940367818
v 1.71147609 0.872061491 -0.940367818
v 0.896756709 0.2583628 -0.940367818
v 0.896756709 0.872061372 -0.292841792
v 0.896756709 0.872061491 -0.940367818
v 1.71147609 0.872061491 -0.940367818
v 0.896756709 0.872061372 -0.292841792
v 1.71147609 0.872061372 -0.292841792
v 1.71147609 0.2583628 -0.292841792
v 0.896756709 0.2583628 -0.940367818
v 1.71147609 0.2583628 -0.940367818
v 0.896756709 0.2583628 -0.292841792
v 1.71147609 0.2583628 -0.292841792
v 1.71147609 0.872061372 -0.292841792
v 1.71147609 0.2583628 -0.292841792
v 1.71147609 0.2583628 -0.940367818
v 1.71147609 0.872061491 -0.940367818
v 1.71147609 0.2583628 -0.940367818
v 0.896756709 0.2583628 -0.940367818
v 0.896756709 0.872061491 -0.940367818
v 0.896756709 0.2583628 -0.940367818
v 0.896756709 0.2583628 -0.292841792
v 0.896756709 0.872061372 -0.292841792
v 1.71147609 0.872061491 -0.940367818
v 0.896756709 0.872061491 -0.940367818
v 0.896756709 0.872061372 -0.292841792
v 1.71147609 0.2583628 -0.292841792
v 0.896756709 0.2583628 -0.292841792
v 0.896756709 0.2583628 -0.940367818
v 1.75021696 0.2583628 -0.292841792
v 2.56493497 0.872061372 -0.292841792
v 1.75021696 0.872061372 -0.292841792
v 2.56493497 0.2583628 -0.292841792
v 2.56493497 0.872061491 -0.940367818
v 2.56493497 0.872061372 -0.292841792
v 2.56493497 0.2583628 -0.940367818
v 1.75021696 0.872061491 -0.940367818
v 2.56493497 0.872061491 -0.940367818
v 1.75021696 0.2583628 -0.940367818
v 1.75021696 0.872061372 -0.292841792
v 1.75021696 0.872061491 -0.940367818
v 2.56493497 0.872061491 -0.940367818
v 1.75021696 0.872061372 -0.292841792
v 2.56493497 0.872061372 -0.292841792
v 2.56493497 0.2583628 -0.292841792
v 1.75021696 0.2583628 -0.940367818
v 2.56493497 0.2583628 -0.940367818
v 1.75021696 0.2583628 -0.292841792
v 2.56493497 0.2583628 -0.292841792
v 2.56493497 0.872061372 -0.292841792
v 2.56493497 0.2583628 -0.292841792
v 2.56493497 0.2583628 -0.940367818
v 2.56493497 0.872061491 -0.940367818
v 2.56493497 0.2583628 -0.940367818
v 1.75021696 0.2583628 -0.940367818
v 1.75021696 0.872061491 -0.940367818
v 1.75021696 0.2583628 -0.940367818
v 1.75021696 0.2583628 -0.292841792
v 1.75021696 0.872061372 -0.292841792
v 2.56493497 0.872061491 -0.940367818
v 1.75021696 0.872061491 -0.940367818
v 1.75021696 0.872061372 -0.292841792
v 2.56493497 0.2583628 -0.292841792
v 1.75021696 0.2583628 -0.292841792
v 1.75021696 0.2583628 -0.940367818
v 3.47083807 0.2583628 -0.292841792
v 4.28555584 0.872061372 -0.292841792
v 3.47083807 0.872061372 -0.292841792
v 4.28555584 0.2583628 -0.292841792
v 4.28555584 0.872061491 -0.940367818
v 4.28555584 0.872061372 -0.292841792
v 4.28555584 0.2583628 -0.940367818
v 3.47083807 0.872061491 -0.940367818
v 4.28555584 0.872061491 -0.940367818
v 3.47083807 0.2583628 -0.940367818
v 3.47083807 0.872061372 -0.292841792
v 3.47083807 0.872061491 -0.940367818
v 4.28555584 0.872061491 -0.940367818
v 3.47083807 0.872061372 -0.292841792
v 4.28555584 0.872061372 -0.292841792
v 4.28555584 0.2583628 -0.292841792
v 3.47083807 0.2583628 -0.940367818
v 4.28555584 0.2583628 -0.940367818
v 3.47083807 0.2583628 -0.292841792
v 4.28555584 0.2583628 -0.292841792
v 4.28555584 0.872061372 -0.292841792
v 4.28555584 0.2583628 -0.292841792
v 4.28555584 0.2583628 -0.940367818
v 4.28555584 0.872061491 -0.940367818
v 4.28555584 0.2583628 -0.940367818
v 3.47083807 0.2583628 -0.940367818
v 3.47083807 0.872061491 -0.940367818
v 3.47083807 0.2583628 -0.940367818
v 3.47083807 0.2583628 -0.292841792
v 3.47083807 0.872061372 -0.292841792
v 4.28555584 0.872061491 -0.940367818
v 3.47083807 0.872061491 -0.940367818
v 3.47083807 0.872061372 -0.292841792
v 4.28555584 0.2583628 -0.292841792
v 3.47083807 0.2583628 -0.292841792
v 3.47083807 0.2583628 -0.940367818
v 3.45892501 0.8836869 -0.292841792
v 4.27364492 1.49738503 -0.292841792
v 3.45892501 1.49738503 -0.292841792
v 4.27364492 0.8836869 -0.292841792
v 4.27364492 1.49738598 -0.940367818
v 4.27364492 1.49738503 -0.292841792
v 4.27364492 0.883687019 -0.940367818
v 3.45892501 1.49738598 -0.940367818
v 4.27364492 1.49738598 -0.940367818
v 3.45892501 0.883687019 -0.940367818
v 3.45892501 1.49738503 -0.292841792
v 3.45892501 1.49738598 -0.940367818
v 4.27364492 1.49738598 -0.940367818
v 3.45892501 1.49738503 -0.292841792
v 4.27364492 1.49738503 -0.292841792
v 4.27364492 0.8836869 -0.292841792
v 3.45892501 0.883687019 -0.940367818
v 4.27364492 0.883687019 -0.940367818
v 3.45892501 0.8836869 -0.292841792
v 4.27364492 0.8836869 -0.292841792
v 4.27364492 1.49738503 -0.292841792
v 4.27364492 0.8836869 -0.292841792
v 4.27364492 0.883687019 -0.940367818
v 4.27364492 1.49738598 -0.940367818
v 4.27364492 0.883687019 -0.940367818
v 3.45892501 0.883687019 -0.940367818
v 3.45892501 1.49738598 -0.940367818
v 3.45892501 0.883687019 -0.940367818
v 3.45892501 0.8836869 -0.292841792
v 3.45892501 1.49738503 -0.292841792
v 4.27364492 1.49738598 -0.940367818
v 3.45892501 1.49738598 -0.940367818
v 3.45892501 1.49738503 -0.292841792
v 4.27364492 0.8836869 -0.292841792
v 3.45892501 0.8836869 -0.292841792
v 3.45892501 0.883687019 -0.940367818
v -3.56443596 2.46566796 0.296951711
v -2.749717 1.851969 0.296951711
v -3.56443596 1.851969 0.296951711
v -2.749717 2.46566796 0.296951711
v -2.749717 1.851969 0.944477677
v -2.749717 1.851969 0.296951711
v -2.749717 2.46566796 0.944477677
v -3.56443596 1.851969 0.944477677
v -2.749717 1.851969 0.944477677
v -3.56443596 2.46566796 0.944477677
v -3.56443596 1.851969 0.296951711
v -3.56443596 1.851969 0.944477677
v -2.749717 1.851969 0.944477677
v -3.56443596 1.851969 0.296951711
v -2.749717 1.851969 0.296951711
v -2.749717 2.46566796 0.296951711
v -3.56443596 2.46566796 0.944477677
v -2.749717 2.46566796 0.944477677
v -3.56443596 2.46566796 0.296951711
v -2.749717 2.46566796 0.296951711
v -2.749717 1.851969 0.296951711
v -2.749717 2.46566796 0.296951711
v -2.749717 2.46566796 0.944477677
v -2.749717 1.851969 0.944477677
v -2.749717 2.46566796 0.944477677
v -3.56443596 2.46566796 0.944477677
v -3.56443596 1.851969 0.944477677
v -3.56443596 2.46566796 0.944477677
v -3.56443596 2.46566796 0.296951711
v -3.56443596 1.851969 0.296951711
v -2.749717 1.851969 0.944477677
v -3.56443596 1.851969 0.944477677
v -3.56443596 1.851969 0.296951711
v -2.749717 2.46566796 0.296951711
v -3.56443596 2.46566796 0.296951711
v -3.56443596 2.46566796 0.944477677
v -4.41052103 2.46566796 0.296951711
v -3.59580207 1.851969 0.296951711
v -4.41052103 1.851969 0.296951711
v -3.59580207 2.46566796 0.296951711
v -3.59580207 1.851969 0.944477677
v -3.59580207 1.851969 0.296951711
v -3.59580207 2.46566796 0.944477677
v -4.41052103 1.851969 0.944477677
v -3.59580207 1.851969 0.944477677
v -4.41052103 2.46566796 0.944477677
v -4.41052103 1.851969 0.296951711
v -4.41052103 1.851969 0.944477677
v -3.59580207 1.851969 0.944477677
v -4.41052103 1.851969 0.296951711
v -3.59580207 1.851969 0.296951711
v -3.59580207 2.46566796 0.296951711
v -4.41052103 2.46566796 0.944477677
v -3.59580207 2.46566796 0.944477677
v -4.41052103 2.46566796 0.296951711
v -3.59580207 2.46566796 0.296951711
v -3.59580207 1.851969 0.296951711
v -3.59580207 2.46566796 0.296951711
v -3.59580207 2.46566796 0.944477677
v -3.59580207 1.851969 0.944477677
v -3.59580207 2.46566796 0.944477677
v -4.41052103 2.46566796 0.944477677
v -4.41052103 1.851969 0.944477677
v -4.41052103 2.46566796 0.944477677
v -4.41052103 2.46566796 0.296951711
v -4.41052103 1.851969 0.296951711
v -3.59580207 1.851969 0.944477677
v -4.41052103 1.851969 0.944477677
v -4.41052103 1.851969 0.296951711
v -3.59580207 2.46566796 0.296951711
v -4.41052103 2.46566796 0.296951711
v -4.41052103 2.46566796 0.944477677
v -4.41052103 1.86403704 -0.284530908
v -3.59580207 2.47773504 -0.284530908
v -4.41052103 2.47773504 -0.284530908
v -3.59580207 1.86403704 -0.284530908
v -3.59580207 2.477736 -0.932056904
v -3.59580207 2.47773504 -0.284530908
v -3.59580207 1.86403704 -0.932056904
v -4.41052103 2.477736 -0.932056904
v -3.59580207 2.477736 -0.932056904
v -4.41052103 1.86403704 -0.932056904
v -4.41052103 2.47773504 -0.284530908
v -4.41052103 2.477736 -0.932056904
v -3.59580207 2.477736 -0.932056904
v -4.41052103 2.47773504 -0.284530908
v -3.59580207 2.47773504 -0.284530908
v -3.59580207 1.86403704 -0.284530908
v -4.41052103 1.86403704 -0.932056904
v -3.59580207 1.86403704 -0.932056904
v -4.41052103 1.86403704 -0.284530908
v -3.59580207 1.86403704 -0.284530908
v -3.59580207 2.47773504 -0.284530908
v -3.59580207 1.86403704 -0.284530908
v -3.59580207 1.86403704 -0.932056904
v -3.59580207 2.477736 -0.932056904
v -3.59580207 1.86403704 -0.932056904
v -4.41052103 1.86403704 -0.932056904
v -4.41052103 2.477736 -0.932056904
v -4.41052103 1.86403704 -0.932056904
v -4.41052103 1.86403704 -0.284530908
v -4.41052103 2.47773504 -0.284530908
v -3.59580207 2.477736 -0.932056904
v -4.41052103 2.477736 -0.932056904
v -4.41052103 2.47773504 -0.284530908
v -3.59580207 1.86403704 -0.284530908
v -4.41052103 1.86403704 -0.284530908
v -4.41052103 1.86403704 -0.932056904
v -4.41052103 3.09080505 0.296951711
v -3.59580207 2.47710705 0.296951711
v -4.41052103 2.47710705 0.296951711
v -3.59580207 3.09080505 0.296951711
v -3.59580207 2.47710705 0.944477677
v -3.59580207 2.47710705 0.296951711
v -3.59580207 3.09080505 0.944477677
v -4.41052103 2.47710705 0.944477677
v -3.59580207 2.47710705 0.944477677
v -4.41052103 3.09080505 0.944477677
v -4.41052103 2.47710705 0.296951711
v -4.41052103 2.47710705 0.944477677
v -3.59580207 2.47710705 0.944477677
v -4.41052103 2.47710705 0.296951711
v -3.59580207 2.47710705 0.296951711
v -3.59580207 3.09080505 0.296951711
v -4.41052103 3.09080505 0.944477677
v -3.59580207 3.09080505 0.944477677
v -4.41052103 3.09080505 0.296951711
v -3.59580207 3.09080505 0.296951711
v -3.59580207 2.47710705 0.296951711
v -3.59580207 3.09080505 0.296951711
v -3.59580207 3.09080505 0.944477677
v -3.59580207 2.47710705 0.944477677
v -3.59580207 3.09080505 0.944477677
v -4.41052103 3.09080505 0.944477677
v -4.41052103 2.47710705 0.944477677
v -4.41052103 3.09080505 0.944477677
v -4.41052103 3.09080505 0.296951711
v -4.41052103 2.47710705 0.296951711
v -3.59580207 2.47710705 0.944477677
v -4.41052103 2.47710705 0.944477677
v -4.41052103 2.47710705 0.296951711
v -3.59580207 3.09080505 0.296951711
v -4.41052103 3.09080505 0.296951711
v -4.41052103 3.09080505 0.944477677
v -4.41052103 2.47710705 -0.251850486
v -3.59580207 3.09080505 -0.251850486
v -4.41052103 3.09080505 -0.251850486
v -3.59580207 2.47710705 -0.251850486
v -3.59580207 3.09080505 -0.899376512
v -3.59580207 3.09080505 -0.251850486
v -3.59580207 2.47710705 -0.899376512
v -4.41052103 3.09080505 -0.899376512
v -3.59580207 3.09080505 -0.899376512
v -4.41052103 2.47710705 -0.899376512
v -4.41052103 3.09080505 -0.251850486
v -4.41052103 3.09080505 -0.899376512
v -3.59580207 3.09080505 -0.899376512
v -4.41052103 3.09080505 -0.251850486
v -3.59580207 3.09080505 -0.251850486
v -3.59580207 2.47710705 -0.251850486
v -4.41052103 2.47710705 -0.899376512
v -3.59580207 2.47710705 -0.899376512
v -4.41052103 2.47710705 -0.251850486
v -3.59580207 2.47710705 -0.251850486
v -3.59580207 3.09080505 -0.251850486
v -3.59580207 2.47710705 -0.251850486
v -3.59580207 2.47710705 -0.899376512
v -3.59580207 3.09080505 -0.899376512
v -3.59580207 2.47710705 -0.899376512
v -4.41052103 2.47710705 -0.899376512
v -4.41052103 3.09080505 -0.899376512
v -4.41052103 2.47710705 -0.899376512
v -4.41052103 2.47710705 -0.251850486
v -4.41052103 3.09080505 -0.251850486
v -3.59580207 3.09080505 -0.899376512
v -4.41052103 3.09080505 -0.899376512
v -4.41052103 3.09080505 -0.251850486
v -3.59580207 2.47710705 -0.251850486
v -4.41052103 2.47710705 -0.251850486
v -4.41052103 2.47710705 -0.899376512
v -0.992189884 2.46566796 0.296951711
v -0.177470595 1.851969 0.296951711
v -0.992189884 1.851969 0.296951711
v -0.177470595 2.46566796 0.296951711
v -0.177470595 1.851969 0.944477677
v -0.177470595 1.851969 0.296951711
v -0.177470595 2.46566796 0.944477677
v -0.992189884 1.851969 0.944477677
v -0.177470595 1.851969 0.944477677
v -0.992189884 2.46566796 0.944477677
v -0.992189884 1.851969 0.296951711
v -0.992189884 1.851969 0.944477677
v -0.177470595 1.851969 0.944477677
v -0.992189884 1.851969 0.296951711
v -0.177470595 1.851969 0.296951711
v -0.177470595 2.46566796 0.296951711
v -0.992189884 2.46566796 0.944477677
v -0.177470595 2.46566796 0.944477677
v -0.992189884 2.46566796 0.296951711
v -0.177470595 2.46566796 0.296951711
v -0.177470595 1.851969 0.296951711
v -0.177470595 2.46566796 0.296951711
v -0.177470595 2.46566796 0.944477677
v -0.177470595 1.851969 0.944477677
v -0.177470595 2.46566796 0.944477677
v -0.992189884 2.46566796 0.944477677
v -0.992189884 1.851969 0.944477677
v -0.992189884 2.46566796 0.944477677
v -0.992189884 2.46566796 0.296951711
v -0.992189884 1.851969 0.296951711
v -0.177470595 1.851969 0.944477677
v -0.992189884 1.851969 0.944477677
v -0.992189884 1.851969 0.296951711
v -0.177470595 2.46566796 0.296951711
v -0.992189884 2.46566796 0.296951711
v -0.992189884 2.46566796 0.944477677
v -1.83827496 2.46566796 0.296951711
v -1.02355599 1.851969 0.296951711
v -1.83827496 1.851969 0.296951711
v -1.02355599 2.46566796 0.296951711
v -1.02355599 1.851969 0.944477677
v -1.02355599 1.851969 0.296951711
v -1.02355599 2.46566796 0.944477677
v -1.83827496 1.851969 0.944477677
v -1.02355599 1.851969 0.944477677
v -1.83827496 2.46566796 0.944477677
v -1.83827496 1.851969 0.296951711
v -1.83827496 1.851969 0.944477677
v -1.02355599 1.851969 0.944477677
v -1.83827496 1.851969 0.296951711
v -1.02355599 1.851969 0.296951711
v -1.02355599 2.46566796 0.296951711
v -1.83827496 2.46566796 0.944477677
v -1.02355599 2.46566796 0.944477677
v -1.83827496 2.46566796 0.296951711
v -1.02355599 2.46566796 0.296951711
v -1.02355599 1.851969 0.296951711
v -1.02355599 2.46566796 0.296951711
v -1.02355599 2.46566796 0.944477677
v -1.02355599 1.851969 0.944477677
v -1.02355599 2.46566796 0.944477677
v -1.83827496 2.46566796 0.944477677
v -1.83827496 1.851969 0.944477677
v -1.83827496 2.46566796 0.944477677
v -1.83827496 2.46566796 0.296951711
v -1.83827496 1.851969 0.296951711
v -1.02355599 1.851969 0.944477677
v -1.83827496 1.851969 0.944477677
v -1.83827496 1.851969 0.296951711
v -1.02355599 2.46566796 0.296951711
v -1.83827496 2.46566796 0.296951711
v -1.83827496 2.46566796 0.944477677
v -1.83827496 1.86403704 -0.284530908
v -1.02355599 2.47773504 -0.284530908
v -1.83827496 2.47773504 -0.284530908
v -1.02355599 1.86403704 -0.284530908
v -1.02355599 2.477736 -0.932056904
v -1.02355599 2.47773504 -0.284530908
v -1.02355599 1.86403704 -0.932056904
v -1.83827496 2.477736 -0.932056904
v -1.02355599 2.477736 -0.932056904
v -1.83827496 1.86403704 -0.932056904
v -1.83827496 2.47773504 -0.284530908
v -1.83827496 2.477736 -0.932056904
v -1.02355599 2.477736 -0.932056904
v -1.83827496 2.47773504 -0.284530908
v -1.02355599 2.47773504 -0.284530908
v -1.02355599 1.86403704 -0.284530908
v -1.83827496 1.86403704 -0.932056904
v -1.02355599 1.86403704 -0.932056904
v -1.83827496 1.86403704 -0.284530908
v -1.02355599 1.86403704 -0.284530908
v -1.02355599 2.47773504 -0.284530908
v -1.02355599 1.86403704 -0.284530908
v -1.02355599 1.86403704 -0.932056904
v -1.02355599 2.477736 -0.932056904
v -1.02355599 1.86403704 -0.932056904
v -1.83827496 1.86403704 -0.932056904
v -1.83827496 2.477736 -0.932056904
v -1.83827496 1.86403704 -0.932056904
v -1.83827496 1.86403704 -0.284530908
v -1.83827496 2.47773504 -0.284530908
v -1.02355599 2.477736 -0.932056904
v -1.83827496 2.477736 -0.932056904
v -1.83827496 2.47773504 -0.284530908
v -1.02355599 1.86403704 -0.284530908
v -1.83827496 1.86403704 -0.284530908
v -1.83827496 1.86403704 -0.932056904
v -1.83827496 3.09080505 0.296951711
v -1.02355599 2.47710705 0.296951711
v -1.83827496 2.47710705 0.296951711
v -1.02355599 3.09080505 0.296951711
v -1.02355599 2.47710705 0.944477677
v -1.02355599 2.47710705 0.296951711
v -1.02355599 3.09080505 0.944477677
v -1.83827496 2.47710705 0.944477677
v -1.02355599 2.47710705 0.944477677
v -1.83827496 3.09080505 0.944477677
v -1.83827496 2.47710705 0.296951711
v -1.83827496 2.47710705 0.944477677
v -1.02355599 2.47710705 0.944477677
v -1.83827496 2.47710705 0.296951711
v -1.02355599 2.47710705 0.296951711
v -1.02355599 3.09080505 0.296951711
v -1.83827496 3.09080505 0.944477677
v -1.02355599 3.09080505 0.944477677
v -1.83827496 3.09080505 0.296951711
v -1.02355599 3.09080505 0.296951711
v -1.02355599 2.47710705 0.296951711
v -1.02355599 3.09080505 0.296951711
v -1.02355599 3.09080505 0.944477677
v -1.02355599 2.47710705 0.944477677
v -1.02355599 3.09080505 0.944477677
v -1.83827496 3.09080505 0.944477677
v -1.83827496 2.47710705 0.944477677
v -1.83827496 3.09080505 0.944477677
v -1.83827496 3.09080505 0.296951711
v -1.83827496 2.47710705 0.296951711
v -1.02355599 2.47710705 0.944477677
v -1.83827496 2.47710705 0.944477677
v -1.83827496 2.47710705 0.296951711
v -1.02355599 3.09080505 0.296951711
v -1.83827496 3.09080505 0.296951711
v -1.83827496 3.09080505 0.944477677
v -1.83827496 2.47710705 -0.251850486
v -1.02355599 3.09080505 -0.251850486
v -1.83827496 3.09080505 -0.251850486
v -1.02355599 2.47710705 -0.251850486
v -1.02355599 3.09080505 -0.899376512
v -1.02355599 3.09080505 -0.251850486
v -1.02355599 2.47710705 -0.899376512
v -1.83827496 3.09080505 -0.899376512
v -1.02355599 3.09080505 -0.899376512
v -1.83827496 2.47710705 -0.899376512
v -1.83827496 3.09080505 -0.251850486
v -1.83827496 3.09080505 -0.899376512
v -1.02355599 3.09080505 -0.899376512
v -1.83827496 3.09080505 -0.251850486
v -1.02355599 3.09080505 -0.251850486
v -1.02355599 2.47710705 -0.251850486
v -1.83827496 2.47710705 -0.899376512
v -1.02355599 2.47710705 -0.899376512
v -1.83827496 2.47710705 -0.251850486
v -1.02355599 2.47710705 -0.251850486
v -1.02355599 3.09080505 -0.251850486
v -1.02355599 2.47710705 -0.251850486
v -1.02355599 2.47710705 -0.899376512
v -1.02355599 3.09080505 -0.899376512
v -1.02355599 2.47710705 -0.899376512
v -1.83827496 2.47710705 -0.899376512
v -1.83827496 3.09080505 -0.899376512
v -1.83827496 2.47710705 -0.899376512
v -1.83827496 2.47710705 -0.251850486
v -1.83827496 3.09080505 -0.251850486
v -1.02355599 3.09080505 -0.899376512
v -1.83827496 3.09080505 -0.899376512
v -1.83827496 3.09080505 -0.251850486
v -1.02355599 2.47710705 -0.251850486
v -1.83827496 2.47710705 -0.251850486
v -1.83827496 2.47710705 -0.899376512
v -2.72131586 2.46852803 0.327498913
v -1.90659702 1.85483003 0.327498913
v -2.72131586 1.85483003 0.327498913
v -1.90659702 2.46852803 0.327498913
v -1.90659702 1.85483003 0.975024879
v -1.90659702 1.85483003 0.327498913
v -1.90659702 2.46852803 0.975024879
v -2.72131586 1.85483003 0.975024879
v -1.90659702 1.85483003 0.975024879
v -2.72131586 2.46852803 0.975024879
v -2.72131586 1.85483003 0.327498913
v -2.72131586 1.85483003 0.975024879
v -1.90659702 1.85483003 0.975024879
v -2.72131586 1.85483003 0.327498913
v -1.90659702 1.85483003 0.327498913
v -1.90659702 2.46852803 0.327498913
v -2.72131586 2.46852803 0.975024879
v -1.90659702 2.46852803 0.975024879
v -2.72131586 2.46852803 0.327498913
v -1.90659702 2.46852803 0.327498913
v -1.90659702 1.85483003 0.327498913
v -1.90659702 2.46852803 0.327498913
v -1.90659702 2.46852803 0.975024879
v -1.90659702 1.85483003 0.975024879
v -1.90659702 2.46852803 0.975024879
v -2.72131586 2.46852803 0.975024879
v -2.72131586 1.85483003 0.975024879
v -2.72131586 2.46852803 0.975024879
v -2.72131586 2.46852803 0.327498913
v -2.72131586 1.85483003 0.327498913
v -1.90659702 1.85483003 0.975024879
v -2.72131586 1.85483003 0.975024879
v -2.72131586 1.85483003 0.327498913
v -1.90659702 2.46852803 0.327498913
v -2.72131586 2.46852803 0.327498913
v -2.72131586 2.46852803 0.975024879
v -3.18018293 3.08014798 0.300463587
v -2.36546397 2.46644902 0.300463587
v -3.18018293 2.46644902 0.300463587
v -2.36546397 3.08014798 0.300463587
v -2.36546397 2.46644902 0.947989583
v -2.36546397 2.46644902 0.300463587
v -2.36546397 3.08014798 0.947989583
v -3.18018293 2.46644902 0.947989583
v -2.36546397 2.46644902 0.947989583
v -3.18018293 3.08014798 0.947989583
v -3.18018293 2.46644902 0.300463587
v -3.18018293 2.46644902 0.947989583
v -2.36546397 2.46644902 0.947989583
v -3.18018293 2.46644902 0.300463587
v -2.36546397 2.46644902 0.300463587
v -2.36546397 3.08014798 0.300463587
v -3.18018293 3.08014798 0.947989583
v -2.36546397 3.08014798 0.947989583
v -3.18018293 3.08014798 0.300463587
v -2.36546397 3.08014798 0.300463587
v -2.36546397 2.46644902 0.300463587
v -2.36546397 3.08014798 0.300463587
v -2.36546397 3.08014798 0.947989583
v -2.36546397 2.46644902 0.947989583
v -2.36546397 3.08014798 0.947989583
v -3.18018293 3.08014798 0.947989583
v -3.18018293 2.46644902 0.947989583
v -3.18018293 3.08014798 0.947989583
v -3.18018293 3.08014798 0.300463587
v -3.18018293 2.46644902 0.300463587
v -2.36546397 2.46644902 0.947989583
v -3.18018293 2.46644902 0.947989583
v -3.18018293 2.46644902 0.300463587
v -2.36546397 3.08014798 0.300463587
v -3.18018293 3.08014798 0.300463587
v -3.18018293 3.08014798 0.947989583
v -3.56582403 1.85483003 -0.292841792
v -2.75110507 2.46852803 -0.292841792
v -3.56582403 2.46852803 -0.292841792
v -2.75110507 1.85483003 -0.292841792
v -2.75110507 2.46852803 -0.940367818
v -2.75110507 2.46852803 -0.292841792
v -2.75110507 1.85483003 -0.940367818
v -3.56582403 2.46852803 -0.940367818
v -2.75110507 2.46852803 -0.940367818
v -3.56582403 1.85483003 -0.940367818
v -3.56582403 2.46852803 -0.292841792
v -3.56582403 2.46852803 -0.940367818
v -2.75110507 2.46852803 -0.940367818
v -3.56582403 2.46852803 -0.292841792
v -2.75110507 2.46852803 -0.292841792
v -2.75110507 1.85483003 -0.292841792
v -3.56582403 1.85483003 -0.940367818
v -2.75110507 1.85483003 -0.940367818
v -3.56582403 1.85483003 -0.292841792
v -2.75110507 1.85483003 -0.292841792
v -2.75110507 2.46852803 -0.292841792
v -2.75110507 1.85483003 -0.292841792
v -2.75110507 1.85483003 -0.940367818
v -2.75110507 2.46852803 -0.940367818
v -2.75110507 1.85483003 -0.940367818
v -3.56582403 1.85483003 -0.940367818
v -3.56582403 2.46852803 -0.940367818
v -3.56582403 1.85483003 -0.940367818
v -3.56582403 1.85483003 -0.292841792
v -3.56582403 2.46852803 -0.292841792
v -2.75110507 2.46852803 -0.940367818
v -3.56582403 2.46852803 -0.940367818
v -3.56582403 2.46852803 -0.292841792
v -2.75110507 1.85483003 -0.292841792
v -3.56582403 1.85483003 -0.292841792
v -3.56582403 1.85483003 -0.940367818
v -2.71236396 1.85483003 -0.292841792
v -1.897645 2.46852803 -0.292841792
v -2.71236396 2.46852803 -0.292841792
v -1.897645 1.85483003 -0.292841792
v -1.897645 2.46852803 -0.940367818
v -1.897645 2.46852803 -0.292841792
v -1.897645 1.85483003 -0.940367818
v -2.71236396 2.46852803 -0.940367818
v -1.897645 2.46852803 -0.940367818
v -2.71236396 1.85483003 -0.940367818
v -2.71236396 2.46852803 -0.292841792
v -2.71236396 2.46852803 -0.940367818
v -1.897645 2.46852803 -0.940367818
v -2.71236396 2.46852803 -0.292841792
v -1.897645 2.46852803 -0.292841792
v -1.897645 1.85483003 -0.292841792
v -2.71236396 1.85483003 -0.940367818
v -1.897645 1.85483003 -0.940367818
v -2.71236396 1.85483003 -0.292841792
v -1.897645 1.85483003 -0.292841792
v -1.897645 2.46852803 -0.292841792
v -1.897645 1.85483003 -0.292841792
v -1.897645 1.85483003 -0.940367818
v -1.897645 2.46852803 -0.940367818
v -1.897645 1.85483003 -0.940367818
v -2.71236396 1.85483003 -0.940367818
v -2.71236396 2.46852803 -0.940367818
v -2.71236396 1.85483003 -0.940367818
v -2.71236396 1.85483003 -0.292841792
v -2.71236396 2.46852803 -0.292841792
v -1.897645 2.46852803 -0.940367818
v -2.71236396 2.46852803 -0.940367818
v -2.71236396 2.46852803 -0.292841792
v -1.897645 1.85483003 -0.292841792
v -2.71236396 1.85483003 -0.292841792
v -2.71236396 1.85483003 -0.940367818
v -0.991743088 1.85483003 -0.292841792
v -0.177023798 2.46852803 -0.292841792
v -0.991743088 2.46852803 -0.292841792
v -0.177023798 1.85483003 -0.292841792
v -0.177023798 2.46852803 -0.940367818
v -0.177023798 2.46852803 -0.292841792
v -0.177023798 1.85483003 -0.940367818
v -0.991743088 2.46852803 -0.940367818
v -0.177023798 2.46852803 -0.940367818
v -0.991743088 1.85483003 -0.940367818
v -0.991743088 2.46852803 -0.292841792
v -0.991743088 2.46852803 -0.940367818
v -0.177023798 2.46852803 -0.940367818
v -0.991743088 2.46852803 -0.292841792
v -0.177023798 2.46852803 -0.292841792
v -0.177023798 1.85483003 -0.292841792
v -0.991743088 1.85483003 -0.940367818
v -0.177023798 1.85483003 -0.940367818
v -0.991743088 1.85483003 -0.292841792
v -0.177023798 1.85483003 -0.292841792
v -0.177023798 2.46852803 -0.292841792
v -0.177023798 1.85483003 -0.292841792
v -0.177023798 1.85483003 -0.940367818
v -0.177023798 2.46852803 -0.940367818
v -0.177023798 1.85483003 -0.940367818
v -0.991743088 1.85483003 -0.940367818
v -0.991743088 2.46852803 -0.940367818
v -0.991743088 1.85483003 -0.940367818
v -0.991743088 1.85483003 -0.292841792
v -0.991743088 2.46852803 -0.292841792
v -0.177023798 2.46852803 -0.940367818
v -0.991743088 2.46852803 -0.940367818
v -0.991743088 2.46852803 -0.292841792
v -0.177023798 1.85483003 -0.292841792
v -0.991743088 1.85483003 -0.292841792
v -0.991743088 1.85483003 -0.940367818
v -1.00365496 2.48015404 -0.292841792
v -0.188936204 3.09385204 -0.292841792
v -1.00365496 3.09385204 -0.292841792
v -0.188936204 2.48015404 -0.292841792
v -0.188936204 3.09385204 -0.940367818
v -0.188936204 3.09385204 -0.292841792
v -0.188936204 2.48015404 -0.940367818
v -1.00365496 3.09385204 -0.940367818
v -0.188936204 3.09385204 -0.940367818
v -1.00365496 2.48015404 -0.940367818
v -1.00365496 3.09385204 -0.292841792
v -1.00365496 3.09385204 -0.940367818
v -0.188936204 3.09385204 -0.940367818
v -1.00365496 3.09385204 -0.292841792
v -0.188936204 3.09385204 -0.292841792
v -0.188936204 2.48015404 -0.292841792
v -1.00365496 2.48015404 -0.940367818
v -0.188936204 2.48015404 -0.940367818
v -1.00365496 2.48015404 -0.292841792
v -0.188936204 2.48015404 -0.292841792
v -0.188936204 3.09385204 -0.292841792
v -0.188936204 2.48015404 -0.292841792
v -0.188936204 2.48015404 -0.940367818
v -0.188936204 3.09385204 -0.940367818
v -0.188936204 2.48015404 -0.940367818
v -1.00365496 2.48015404 -0.940367818
v -1.00365496 3.09385204 -0.940367818
v -1.00365496 2.48015404 -0.940367818
v -1.00365496 2.48015404 -0.292841792
v -1.00365496 3.09385204 -0.292841792
v -0.188936204 3.09385204 -0.940367818
v -1.00365496 3.09385204 -0.940367818
v -1.00365496 3.09385204 -0.292841792
v -0.188936204 2.48015404 -0.292841792
v -1.00365496 2.48015404 -0.292841792
v -1.00365496 2.48015404 -0.940367818
v -7.98335791 5.43446493 0.296951711
v -7.16863918 4.82076597 0.296951711
v -7.98335791 4.82076597 0.296951711
v -7.16863918 5.43446493 0.296951711
v -7.16863918 4.82076597 0.944477677
v -7.16863918 4.82076597 0.296951711
v -7.16863918 5.43446493 0.944477677
v -7.98335791 4.82076597 0.944477677
v -7.16863918 4.82076597 0.944477677
v -7.98335791 5.43446493 0.944477677
v -7.98335791 4.82076597 0.296951711
v -7.98335791 4.82076597 0.944477677
v -7.16863918 4.82076597 0.944477677
v -7.98335791 4.82076597 0.296951711
v -7.16863918 4.82076597 0.296951711
v -7.16863918 5.43446493 0.296951711
v -7.98335791 5.43446493 0.944477677
v -7.16863918 5.43446493 0.944477677
v -7.98335791 5.43446493 0.296951711
v -7.16863918 5.43446493 0.296951711
v -7.16863918 4.82076597 0.296951711
v -7.16863918 5.43446493 0.296951711
v -7.16863918 5.43446493 0.944477677
v -7.16863918 4.82076597 0.944477677
v -7.16863918 5.43446493 0.944477677
v -7.98335791 5.43446493 0.944477677
v -7.98335791 4.82076597 0.944477677
v -7.98335791 5.43446493 0.944477677
v -7.98335791 5.43446493 0.296951711
v -7.98335791 4.82076597 0.296951711
v -7.16863918 4.82076597 0.944477677
v -7.98335791 4.82076597 0.944477677
v -7.98335791 4.82076597 0.296951711
v -7.16863918 5.43446493 0.296951711
v -7.98335791 5.43446493 0.296951711
v -7.98335791 5.43446493 0.944477677
v -8.82944298 5.43446493 0.296951711
v -8.01472473 4.82076597 0.296951711
v -8.82944298 4.82076597 0.296951711
v -8.01472473 5.43446493 0.296951711
v -8.01472473 4.82076597 0.944477677
v -8.01472473 4.82076597 0.296951711
v -8.01472473 5.43446493 0.944477677
v -8.82944298 4.82076597 0.944477677
v -8.01472473 4.82076597 0.944477677
v -8.82944298 5.43446493 0.944477677
v -8.82944298 4.82076597 0.296951711
v -8.82944298 4.82076597 0.944477677
v -8.01472473 4.82076597 0.944477677
v -8.82944298 4.82076597 0.296951711
v -8.01472473 4.82076597 0.296951711
v -8.01472473 5.43446493 0.296951711
v -8.82944298 5.43446493 0.944477677
v -8.01472473 5.43446493 0.944477677
v -8.82944298 5.43446493 0.296951711
v -8.01472473 5.43446493 0.296951711
v -8.01472473 4.82076597 0.296951711
v -8.01472473 5.43446493 0.296951711
v -8.01472473 5.43446493 0.944477677
v -8.01472473 4.82076597 0.944477677
v -8.01472473 5.43446493 0.944477677
v -8.82944298 5.43446493 0.944477677
v -8.82944298 4.82076597 0.944477677
v -8.82944298 5.43446493 0.944477677
v -8.82944298 5.43446493 0.296951711
v -8.82944298 4.82076597 0.296951711
v -8.01472473 4.82076597 0.944477677
v -8.82944298 4.82076597 0.944477677
v -8.82944298 4.82076597 0.296951711
v -8.01472473 5.43446493 0.296951711
v -8.82944298 5.43446493 0.296951711
v -8.82944298 5.43446493 0.944477677
v -8.82944298 4.83283424 -0.284530908
v -8.01472473 5.44653225 -0.284530908
v -8.82944298 5.44653225 -0.284530908
v -8.01472473 4.83283424 -0.284530908
v -8.01472473 5.44653225 -0.932056904
v -8.01472473 5.44653225 -0.284530908
v -8.01472473 4.83283424 -0.932056904
v -8.82944298 5.44653225 -0.932056904
v -8.01472473 5.44653225 -0.932056904
v -8.82944298 4.83283424 -0.932056904
v -8.82944298 5.44653225 -0.284530908
v -8.82944298 5.44653225 -0.932056904
v -8.01472473 5.44653225 -0.932056904
v -8.82944298 5.44653225 -0.284530908
v -8.01472473 5.44653225 -0.284530908
v -8.01472473 4.83283424 -0.284530908
v -8.82944298 4.83283424 -0.932056904
v -8.01472473 4.83283424 -0.932056904
v -8.82944298 4.83283424 -0.284530908
v -8.01472473 4.83283424 -0.284530908
v -8.01472473 5.44653225 -0.284530908
v -8.01472473 4.83283424 -0.284530908
v -8.01472473 4.83283424 -0.932056904
v -8.01472473 5.44653225 -0.932056904
v -8.01472473 4.83283424 -0.932056904
v -8.82944298 4.83283424 -0.932056904
v -8.82944298 5.44653225 -0.932056904
v -8.82944298 4.83283424 -0.932056904
v -8.82944298 4.83283424 -0.284530908
v -8.82944298 5.44653225 -0.284530908
v -8.01472473 5.44653225 -0.932056904
v -8.82944298 5.44653225 -0.932056904
v -8.82944298 5.44653225 -0.284530908
v -8.01472473 4.83283424 -0.284530908
v -8.82944298 4.83283424 -0.284530908
v -8.82944298 4.83283424 -0.932056904
v -8.82944298 6.05960178 0.296951711
v -8.01472473 5.44590282 0.296951711
v -8.82944298 5.44590282 0.296951711
v -8.01472473 6.05960178 0.296951711
v -8.01472473 5.44590282 0.944477677
v -8.01472473 5.44590282 0.296951711
v -8.01472473 6.05960178 0.944477677
v -8.82944298 5.44590282 0.944477677
v -8.01472473 5.44590282 0.944477677
v -8.82944298 6.05960178 0.944477677
v -8.82944298 5.44590282 0.296951711
v -8.82944298 5.44590282 0.944477677
v -8.01472473 5.44590282 0.944477677
v -8.82944298 5.44590282 0.296951711
v -8.01472473 5.44590282 0.296951711
v -8.01472473 6.05960178 0.296951711
v -8.82944298 6.05960178 0.944477677
v -8.01472473 6.05960178 0.944477677
v -8.82944298 6.05960178 0.296951711
v -8.01472473 6.05960178 0.296951711
v -8.01472473 5.44590282 0.296951711
v -8.01472473 6.05960178 0.296951711
v -8.01472473 6.05960178 0.944477677
v -8.01472473 5.44590282 0.944477677
v -8.01472473 6.05960178 0.944477677
v -8.82944298 6.05960178 0.944477677
v -8.82944298 5.44590282 0.944477677
v -8.82944298 6.05960178 0.944477677
v -8.82944298 6.05960178 0.296951711
v -8.82944298 5.44590282 0.296951711
v -8.01472473 5.44590282 0.944477677
v -8.82944298 5.44590282 0.944477677
v -8.82944298 5.44590282 0.296951711
v -8.01472473 6.05960178 0.296951711
v -8.82944298 6.05960178 0.296951711
v -8.82944298 6.05960178 0.944477677
v -8.82944298 5.44590282 -0.251850486
v -8.01472473 6.05960178 -0.251850486
v -8.82944298 6.05960178 -0.251850486
v -8.01472473 5.44590282 -0.251850486
v -8.01472473 6.05960178 -0.899376512
v -8.01472473 6.05960178 -0.251850486
v -8.01472473 5.44590282 -0.899376512
v -8.82944298 6.05960178 -0.899376512
v -8.01472473 6.05960178 -0.899376512
v -8.82944298 5.44590282 -0.899376512
v -8.82944298 6.05960178 -0.251850486
v -8.82944298 6.05960178 -0.899376512
v -8.01472473 6.05960178 -0.899376512
v -8.82944298 6.05960178 -0.251850486
v -8.01472473 6.05960178 -0.251850486
v -8.01472473 5.44590282 -0.251850486
v -8.82944298 5.44590282 -0.899376512
v -8.01472473 5.44590282 -0.899376512
v -8.82944298 5.44590282 -0.251850486
v -8.01472473 5.44590282 -0.251850486
v -8.01472473 6.05960178 -0.251850486
v -8.01472473 5.44590282 -0.251850486
v -8.01472473 5.44590282 -0.899376512
v -8.01472473 6.05960178 -0.899376512
v -8.01472473 5.44590282 -0.899376512
v -8.82944298 5.44590282 -0.899376512
v -8.82944298 6.05960178 -0.899376512
v -8.82944298 5.44590282 -0.899376512
v -8.82944298 5.44590282 -0.251850486
v -8.82944298 6.05960178 -0.251850486
v -8.01472473 6.05960178 -0.899376512
v -8.82944298 6.05960178 -0.899376512
v -8.82944298 6.05960178 -0.251850486
v -8.01472473 5.44590282 -0.251850486
v -8.82944298 5.44590282 -0.251850486
v -8.82944298 5.44590282 -0.899376512
v -5.41111183 5.43446493 0.296951711
v -4.59639311 4.82076597 0.296951711
v -5.41111183 4.82076597 0.296951711
v -4.59639311 5.43446493 0.296951711
v -4.59639311 4.82076597 0.944477677
v -4.59639311 4.82076597 0.296951711
v -4.59639311 5.43446493 0.944477677
v -5.41111183 4.82076597 0.944477677
v -4.59639311 4.82076597 0.944477677
v -5.41111183 5.43446493 0.944477677
v -5.41111183 4.82076597 0.296951711
v -5.41111183 4.82076597 0.944477677
v -4.59639311 4.82076597 0.944477677
v -5.41111183 4.82076597 0.296951711
v -4.59639311 4.82076597 0.296951711
v -4.59639311 5.43446493 0.296951711
v -5.41111183 5.43446493 0.944477677
v -4.59639311 5.43446493 0.944477677
v -5.41111183 5.43446493 0.296951711
v -4.59639311 5.43446493 0.296951711
v -4.59639311 4.82076597 0.296951711
v -4.59639311 5.43446493 0.296951711
v -4.59639311 5.43446493 0.944477677
v -4.59639311 4.82076597 0.944477677
v -4.59639311 5.43446493 0.944477677
v -5.41111183 5.43446493 0.944477677
v -5.41111183 4.82076597 0.944477677
v -5.41111183 5.43446493 0.944477677
v -5.41111183 5.43446493 0.296951711
v -5.41111183 4.82076597 0.296951711
v -4.59639311 4.82076597 0.944477677
v -5.41111183 4.82076597 0.944477677
v -5.41111183 4.82076597 0.296951711
v -4.59639311 5.43446493 0.296951711
v -5.41111183 5.43446493 0.296951711
v -5.41111183 5.43446493 0.944477677
v -6.2571969 5.43446493 0.296951711
v -5.44247818 4.82076597 0.296951711
v -6.2571969 4.82076597 0.296951711
v -5.44247818 5.43446493 0.296951711
v -5.44247818 4.82076597 0.944477677
v -5.44247818 4.82076597 0.296951711
v -5.44247818 5.43446493 0.944477677
v -6.2571969 4.82076597 0.944477677
v -5.44247818 4.82076597 0.944477677
v -6.2571969 5.43446493 0.944477677
v -6.2571969 4.82076597 0.296951711
v -6.2571969 4.82076597 0.944477677
v -5.44247818 4.82076597 0.944477677
v -6.2571969 4.82076597 0.296951711
v -5.44247818 4.82076597 0.296951711
v -5.44247818 5.43446493 0.296951711
v -6.2571969 5.43446493 0.944477677
v -5.44247818 5.43446493 0.944477677
v -6.2571969 5.43446493 0.296951711
v -5.44247818 5.43446493 0.296951711
v -5.44247818 4.82076597 0.296951711
v -5.44247818 5.43446493 0.296951711
v -5.44247818 5.43446493 0.944477677
v -5.44247818 4.82076597 0.944477677
v -5.44247818 5.43446493 0.944477677
v -6.2571969 5.43446493 0.944477677
v -6.2571969 4.82076597 0.944477677
v -6.2571969 5.43446493 0.944477677
v -6.2571969 5.43446493 0.296951711
v -6.2571969 4.82076597 0.296951711
v -5.44247818 4.82076597 0.944477677
v -6.2571969 4.82076597 0.944477677
v -6.2571969 4.82076597 0.296951711
v -5.44247818 5.43446493 0.296951711
v -6.2571969 5.43446493 0.296951711
v -6.2571969 5.43446493 0.944477677
v -6.2571969 4.83283424 -0.284530908
v -5.44247818 5.44653225 -0.284530908
v -6.2571969 5.44653225 -0.284530908
v -5.44247818 4.83283424 -0.284530908
v -5.44247818 5.44653225 -0.932056904
v -5.44247818 5.44653225 -0.284530908
v -5.44247818 4.83283424 -0.932056904
v -6.2571969 5.44653225 -0.932056904
v -5.44247818 5.44653225 -0.932056904
v -6.2571969 4.83283424 -0.932056904
v -6.2571969 5.44653225 -0.284530908
v -6.2571969 5.44653225 -0.932056904
v -5.44247818 5.44653225 -0.932056904
v -6.2571969 5.44653225 -0.284530908
v -5.44247818 5.44653225 -0.284530908
v -5.44247818 4.83283424 -0.284530908
v -6.2571969 4.83283424 -0.932056904
v -5.44247818 4.83283424 -0.932056904
v -6.2571969 4.83283424 -0.284530908
v -5.44247818 4.83283424 -0.284530908
v -5.44247818 5.44653225 -0.284530908
v -5.44247818 4.83283424 -0.284530908
v -5.44247818 4.83283424 -0.932056904
v -5.44247818 5.44653225 -0.932056904
v -5.44247818 4.83283424 -0.932056904
v -6.2571969 4.83283424 -0.932056904
v -6.2571969 5.44653225 -0.932056904
v -6.2571969 4.83283424 -0.932056904
v -6.2571969 4.83283424 -0.284530908
v -6.2571969 5.44653225 -0.284530908
v -5.44247818 5.44653225 -0.932056904
v -6.2571969 5.44653225 -0.932056904
v -6.2571969 5.44653225 -0.284530908
v -5.44247818 4.83283424 -0.284530908
v -6.2571969 4.83283424 -0.284530908
v -6.2571969 4.83283424 -0.932056904
v -6.2571969 6.05960178 0.296951711
v -5.44247818 5.44590282 0.296951711
v -6.2571969 5.44590282 0.296951711
v -5.44247818 6.05960178 0.296951711
v -5.44247818 5.44590282 0.944477677
v -5.44247818 5.44590282 0.296951711
v -5.44247818 6.05960178 0.944477677
v -6.2571969 5.44590282 0.944477677
v -5.44247818 5.44590282 0.944477677
v -6.2571969 6.05960178 0.944477677
v -6.2571969 5.44590282 0.296951711
v -6.2571969 5.44590282 0.944477677
v -5.44247818 5.44590282 0.944477677
v -6.2571969 5.44590282 0.296951711
v -5.44247818 5.44590282 0.296951711
v -5.44247818 6.05960178 0.296951711
v -6.2571969 6.05960178 0.944477677
v -5.44247818 6.05960178 0.944477677
v -6.2571969 6.05960178 0.296951711
v -5.44247818 6.05960178 0.296951711
v -5.44247818 5.44590282 0.296951711
v -5.44247818 6.05960178 0.296951711
v -5.44247818 6.05960178 0.944477677
v -5.44247818 5.44590282 0.944477677
v -5.44247818 6.05960178 0.944477677
v -6.2571969 6.05960178 0.944477677
v -6.2571969 5.44590282 0.944477677
v -6.2571969 6.05960178 0.944477677
v -6.2571969 6.05960178 0.296951711
v -6.2571969 5.44590282 0.296951711
v -5.44247818 5.44590282 0.944477677
v -6.2571969 5.44590282 0.944477677
v -6.2571969 5.44590282 0.296951711
v -5.44247818 6.05960178 0.296951711
v -6.2571969 6.05960178 0.296951711
v -6.2571969 6.05960178 0.944477677
v -6.2571969 5.44590282 -0.251850486
v -5.44247818 6.05960178 -0.251850486
v -6.2571969 6.05960178 -0.251850486
v -5.44247818 5.44590282 -0.251850486
v -5.44247818 6.05960178 -0.899376512
v -5.44247818 6.05960178 -0.251850486
v -5.44247818 5.44590282 -0.899376512
v -6.2571969 6.05960178 -0.899376512
v -5.44247818 6.05960178 -0.899376512
v -6.2571969 5.44590282 -0.899376512
v -6.2571969 6.05960178 -0.251850486
v -6.2571969 6.05960178 -0.899376512
v -5.44247818 6.05960178 -0.899376512
v -6.2571969 6.05960178 -0.251850486
v -5.44247818 6.05960178 -0.251850486
v -5.44247818 5.44590282 -0.251850486
v -6.2571969 5.44590282 -0.899376512
v -5.44247818 5.44590282 -0.899376512
v -6.2571969 5.44590282 -0.251850486
v -5.44247818 5.44590282 -0.251850486
v -5.44247818 6.05960178 -0.251850486
v -5.44247818 5.44590282 -0.251850486
v -5.44247818 5.44590282 -0.899376512
v -5.44247818 6.05960178 -0.899376512
v -5.44247818 5.44590282 -0.899376512
v -6.2571969 5.44590282 -0.899376512
v -6.2571969 6.05960178 -0.899376512
v -6.2571969 5.44590282 -0.899376512
v -6.2571969 5.44590282 -0.251850486
v -6.2571969 6.05960178 -0.251850486
v -5.44247818 6.05960178 -0.899376512
v -6.2571969 6.05960178 -0.899376512
v -6.2571969 6.05960178 -0.251850486
v -5.44247818 5.44590282 -0.251850486
v -6.2571969 5.44590282 -0.251850486
v -6.2571969 5.44590282 -0.899376512
v -7.14023781 5.437325 0.327498913
v -6.32551908 4.82362604 0.327498913
v -7.14023781 4.82362604 0.327498913
v -6.32551908 5.437325 0.327498913
v -6.32551908 4.82362604 0.975024879
v -6.32551908 4.82362604 0.327498913
v -6.32551908 5.437325 0.975024879
v -7.14023781 4.82362604 0.975024879
v -6.32551908 4.82362604 0.975024879
v -7.14023781 5.437325 0.975024879
v -7.14023781 4.82362604 0.327498913
v -7.14023781 4.82362604 0.975024879
v -6.32551908 4.82362604 0.975024879
v -7.14023781 4.82362604 0.327498913
v -6.32551908 4.82362604 0.327498913
v -6.32551908 5.437325 0.327498913
v -7.14023781 5.437325 0.975024879
v -6.32551908 5.437325 0.975024879
v -7.14023781 5.437325 0.327498913
v -6.32551908 5.437325 0.327498913
v -6.32551908 4.82362604 0.327498913
v -6.32551908 5.437325 0.327498913
v -6.32551908 5.437325 0.975024879
v -6.32551908 4.82362604 0.975024879
v -6.32551908 5.437325 0.975024879
v -7.14023781 5.437325 0.975024879
v -7.14023781 4.82362604 0.975024879
v -7.14023781 5.437325 0.975024879
v -7.14023781 5.437325 0.327498913
v -7.14023781 4.82362604 0.327498913
v -6.32551908 4.82362604 0.975024879
v -7.14023781 4.82362604 0.975024879
v -7.14023781 4.82362604 0.327498913
v -6.32551908 5.437325 0.327498913
v -7.14023781 5.437325 0.327498913
v -7.14023781 5.437325 0.975024879
v -7.59910488 6.04894495 0.300463587
v -6.78438616 5.43524599 0.300463587
v -7.59910488 5.43524599 0.300463587
v -6.78438616 6.04894495 0.300463587
v -6.78438616 5.43524599 0.947989583
v -6.78438616 5.43524599 0.300463587
v -6.78438616 6.04894495 0.947989583
v -7.59910488 5.43524599 0.947989583
v -6.78438616 5.43524599 0.947989583
v -7.59910488 6.04894495 0.947989583
v -7.59910488 5.43524599 0.300463587
v -7.59910488 5.43524599 0.947989583
v -6.78438616 5.43524599 0.947989583
v -7.59910488 5.43524599 0.300463587
v -6.78438616 5.43524599 0.300463587
v -6.78438616 6.04894495 0.300463587
v -7.59910488 6.04894495 0.947989583
v -6.78438616 6.04894495 0.947989583
v -7.59910488 6.04894495 0.300463587
v -6.78438616 6.04894495 0.300463587
v -6.78438616 5.43524599 0.300463587
v -6.78438616 6.04894495 0.300463587
v -6.78438616 6.04894495 0.947989583
v -6.78438616 5.43524599 0.947989583
v -6.78438616 6.04894495 0.947989583
v -7.59910488 6.04894495 0.947989583
v -7.59910488 5.43524599 0.947989583
v -7.59910488 6.04894495 0.947989583
v -7.59910488 6.04894495 0.300463587
v -7.59910488 5.43524599 0.300463587
v -6.78438616 5.43524599 0.947989583
v -7.59910488 5.43524599 0.947989583
v -7.59910488 5.43524599 0.300463587
v -6.78438616 6.04894495 0.300463587
v -7.59910488 6.04894495 0.300463587
v -7.59910488 6.04894495 0.947989583
v -7.98474598 4.82362604 -0.292841792
v -7.17002678 5.437325 -0.292841792
v -7.98474598 5.437325 -0.292841792
v -7.17002678 4.82362604 -0.292841792
v -7.17002678 5.437325 -0.940367818
v -7.17002678 5.437325 -0.292841792
v -7.17002678 4.82362604 -0.940367818
v -7.98474598 5.437325 -0.940367818
v -7.17002678 5.437325 -0.940367818
v -7.98474598 4.82362604 -0.940367818
v -7.98474598 5.437325 -0.292841792
v -7.98474598 5.437325 -0.940367818
v -7.17002678 5.437325 -0.940367818
v -7.98474598 5.437325 -0.292841792
v -7.17002678 5.437325 -0.292841792
v -7.17002678 4.82362604 -0.292841792
v -7.98474598 4.82362604 -0.940367818
v -7.17002678 4.82362604 -0.940367818
v -7.98474598 4.82362604 -0.292841792
v -7.17002678 4.82362604 -0.292841792
v -7.17002678 5.437325 -0.292841792
v -7.17002678 4.82362604 -0.292841792
v -7.17002678 4.82362604 -0.940367818
v -7.17002678 5.437325 -0.940367818
v -7.17002678 4.82362604 -0.940367818
v -7.98474598 4.82362604 -0.940367818
v -7.98474598 5.437325 -0.940367818
v -7.98474598 4.82362604 -0.940367818
v -7.98474598 4.82362604 -0.292841792
v -7.98474598 5.437325 -0.292841792
v -7.17002678 5.437325 -0.940367818
v -7.98474598 5.437325 -0.940367818
v -7.98474598 5.437325 -0.292841792
v -7.17002678 4.82362604 -0.292841792
v -7.98474598 4.82362604 -0.292841792
v -7.98474598 4.82362604 -0.940367818
v -7.1312871 4.82362604 -0.292841792
v -6.31656694 5.437325 -0.292841792
v -7.1312871 5.437325 -0.292841792
v -6.31656694 4.82362604 -0.292841792
v -6.31656694 5.437325 -0.940367818
v -6.31656694 5.437325 -0.292841792
v -6.31656694 4.82362604 -0.940367818
v -7.1312871 5.437325 -0.940367818
v -6.31656694 5.437325 -0.940367818
v -7.1312871 4.82362604 -0.940367818
v -7.1312871 5.437325 -0.292841792
v -7.1312871 5.437325 -0.940367818
v -6.31656694 5.437325 -0.940367818
v -7.1312871 5.437325 -0.292841792
v -6.31656694 5.437325 -0.292841792
v -6.31656694 4.82362604 -0.292841792
v -7.1312871 4.82362604 -0.940367818
v -6.31656694 4.82362604 -0.940367818
v -7.1312871 4.82362604 -0.292841792
v -6.31656694 4.82362604 -0.292841792
v -6.31656694 5.437325 -0.292841792
v -6.31656694 4.82362604 -0.292841792
v -6.31656694 4.82362604 -0.940367818
v -6.31656694 5.437325 -0.940367818
v -6.31656694 4.82362604 -0.940367818
v -7.1312871 4.82362604 -0.940367818
v -7.1312871 5.437325 -0.940367818
v -7.1312871 4.82362604 -0.940367818
v -7.1312871 4.82362604 -0.292841792
v -7.1312871 5.437325 -0.292841792
v -6.31656694 5.437325 -0.940367818
v -7.1312871 5.437325 -0.940367818
v -7.1312871 5.437325 -0.292841792
v -6.31656694 4.82362604 -0.292841792
v -7.1312871 4.82362604 -0.292841792
v -7.1312871 4.82362604 -0.940367818
v -5.41066504 4.82362604 -0.292841792
v -4.59594584 5.437325 -0.292841792
v -5.41066504 5.437325 -0.292841792
v -4.59594584 4.82362604 -0.292841792
v -4.59594584 5.437325 -0.940367818
v -4.59594584 5.437325 -0.292841792
v -4.59594584 4.82362604 -0.940367818
v -5.41066504 5.437325 -0.940367818
v -4.59594584 5.437325 -0.940367818
v -5.41066504 4.82362604 -0.940367818
v -5.41066504 5.437325 -0.292841792
v -5.41066504 5.437325 -0.940367818
v -4.59594584 5.437325 -0.940367818
v -5.41066504 5.437325 -0.292841792
v -4.59594584 5.437325 -0.292841792
v -4.59594584 4.82362604 -0.292841792
v -5.41066504 4.82362604 -0.940367818
v -4.59594584 4.82362604 -0.940367818
v -5.41066504 4.82362604 -0.292841792
v -4.59594584 4.82362604 -0.292841792
v -4.59594584 5.437325 -0.292841792
v -4.59594584 4.82362604 -0.292841792
v -4.59594584 4.82362604 -0.940367818
v -4.59594584 5.437325 -0.940367818
v -4.59594584 4.82362604 -0.940367818
v -5.41066504 4.82362604 -0.940367818
v -5.41066504 5.437325 -0.940367818
v -5.41066504 4.82362604 -0.940367818
v -5.41066504 4.82362604 -0.292841792
v -5.41066504 5.437325 -0.292841792
v -4.59594584 5.437325 -0.940367818
v -5.41066504 5.437325 -0.940367818
v -5.41066504 5.437325 -0.292841792
v -4.59594584 4.82362604 -0.292841792
v -5.41066504 4.82362604 -0.292841792
v -5.41066504 4.82362604 -0.940367818
v -5.42257786 5.44895077 -0.292841792
v -4.60785913 6.06264877 -0.292841792
v -5.42257786 6.06264877 -0.292841792
v -4.60785913 5.44895077 -0.292841792
v -4.60785913 6.06264877 -0.940367818
v -4.60785913 6.06264877 -0.292841792
v -4.60785913 5.44895077 -0.940367818
v -5.42257786 6.06264877 -0.940367818
v -4.60785913 6.06264877 -0.940367818
v -5.42257786 5.44895077 -0.940367818
v -5.42257786 6.06264877 -0.292841792
v -5.42257786 6.06264877 -0.940367818
v -4.60785913 6.06264877 -0.940367818
v -5.42257786 6.06264877 -0.292841792
v -4.60785913 6.06264877 -0.292841792
v -4.60785913 5.44895077 -0.292841792
v -5.42257786 5.44895077 -0.940367818
v -4.60785913 5.44895077 -0.940367818
v -5.42257786 5.44895077 -0.292841792
v -4.60785913 5.44895077 -0.292841792
v -4.60785913 6.06264877 -0.292841792
v -4.60785913 5.44895077 -0.292841792
v -4.60785913 5.44895077 -0.940367818
v -4.60785913 6.06264877 -0.940367818
v -4.60785913 5.44895077 -0.940367818
v -5.42257786 5.44895077 -0.940367818
v -5.42257786 6.06264877 -0.940367818
v -5.42257786 5.44895077 -0.940367818
v -5.42257786 5.44895077 -0.292841792
v -5.42257786 6.06264877 -0.292841792
v -4.60785913 6.06264877 -0.940367818
v -5.42257786 6.06264877 -0.940367818
v -5.42257786 6.06264877 -0.292841792
v -4.60785913 5.44895077 -0.292841792
v -5.42257786 5.44895077 -0.292841792
v -5.42257786 5.44895077 -0.940367818
v 5.37872124 2.46566796 0.296951711
v 6.19344091 1.851969 0.296951711
v 5.37872124 1.851969 0.296951711
v 6.19344091 2.46566796 0.296951711
v 6.19344091 1.851969 0.944477677
v 6.19344091 1.851969 0.296951711
v 6.19344091 2.46566796 0.944477677
v 5.37872124 1.851969 0.944477677
v 6.19344091 1.851969 0.944477677
v 5.37872124 2.46566796 0.944477677
v 5.37872124 1.851969 0.296951711
v 5.37872124 1.851969 0.944477677
v 6.19344091 1.851969 0.944477677
v 5.37872124 1.851969 0.296951711
v 6.19344091 1.851969 0.296951711
v 6.19344091 2.46566796 0.296951711
v 5.37872124 2.46566796 0.944477677
v 6.19344091 2.46566796 0.944477677
v 5.37872124 2.46566796 0.296951711
v 6.19344091 2.46566796 0.296951711
v 6.19344091 1.851969 0.296951711
v 6.19344091 2.46566796 0.296951711
v 6.19344091 2.46566796 0.944477677
v 6.19344091 1.851969 0.944477677
v 6.19344091 2.46566796 0.944477677
v 5.37872124 2.46566796 0.944477677
v 5.37872124 1.851969 0.944477677
v 5.37872124 2.46566796 0.944477677
v 5.37872124 2.46566796 0.296951711
v 5.37872124 1.851969 0.296951711
v 6.19344091 1.851969 0.944477677
v 5.37872124 1.851969 0.944477677
v 5.37872124 1.851969 0.296951711
v 6.19344091 2.46566796 0.296951711
v 5.37872124 2.46566796 0.296951711
v 5.37872124 2.46566796 0.944477677
v 4.53263617 2.46566796 0.296951711
v 5.34735489 1.851969 0.296951711
v 4.53263617 1.851969 0.296951711
v 5.34735489 2.46566796 0.296951711
v 5.34735489 1.851969 0.944477677
v 5.34735489 1.851969 0.296951711
v 5.34735489 2.46566796 0.944477677
v 4.53263617 1.851969 0.944477677
v 5.34735489 1.851969 0.944477677
v 4.53263617 2.46566796 0.944477677
v 4.53263617 1.851969 0.296951711
v 4.53263617 1.851969 0.944477677
v 5.34735489 1.851969 0.944477677
v 4.53263617 1.851969 0.296951711
v 5.34735489 1.851969 0.296951711
v 5.34735489 2.46566796 0.296951711
v 4.53263617 2.46566796 0.944477677
v 5.34735489 2.46566796 0.944477677
v 4.53263617 2.46566796 0.296951711
v 5.34735489 2.46566796 0.296951711
v 5.34735489 1.851969 0.296951711
v 5.34735489 2.46566796 0.296951711
v 5.34735489 2.46566796 0.944477677
v 5.34735489 1.851969 0.944477677
v 5.34735489 2.46566796 0.944477677
v 4.53263617 2.46566796 0.944477677
v 4.53263617 1.851969 0.944477677
v 4.53263617 2.46566796 0.944477677
v 4.53263617 2.46566796 0.296951711
v 4.53263617 1.851969 0.296951711
v 5.34735489 1.851969 0.944477677
v 4.53263617 1.851969 0.944477677
v 4.53263617 1.851969 0.296951711
v 5.34735489 2.46566796 0.296951711
v 4.53263617 2.46566796 0.296951711
v 4.53263617 2.46566796 0.944477677
v 4.53263617 1.86403704 -0.284530908
v 5.34735489 2.47773504 -0.284530908
v 4.53263617 2.47773504 -0.284530908
v 5.34735489 1.86403704 -0.284530908
v 5.34735489 2.477736 -0.932056904
v 5.34735489 2.47773504 -0.284530908
v 5.34735489 1.86403704 -0.932056904
v 4.53263617 2.477736 -0.932056904
v 5.34735489 2.477736 -0.932056904
v 4.53263617 1.86403704 -0.932056904
v 4.53263617 2.47773504 -0.284530908
v 4.53263617 2.477736 -0.932056904
v 5.34735489 2.477736 -0.932056904
v 4.53263617 2.47773504 -0.284530908
v 5.34735489 2.47773504 -0.284530908
v 5.34735489 1.86403704 -0.284530908
v 4.53263617 1.86403704 -0.932056904
v 5.34735489 1.86403704 -0.932056904
v 4.53263617 1.86403704 -0.284530908
v 5.34735489 1.86403704 -0.284530908
v 5.34735489 2.47773504 -0.284530908
v 5.34735489 1.86403704 -0.284530908
v 5.34735489 1.86403704 -0.932056904
v 5.34735489 2.477736 -0.932056904
v 5.34735489 1.86403704 -0.932056904
v 4.53263617 1.86403704 -0.932056904
v 4.53263617 2.477736 -0.932056904
v 4.53263617 1.86403704 -0.932056904
v 4.53263617 1.86403704 -0.284530908
v 4.53263617 2.47773504 -0.284530908
v 5.34735489 2.477736 -0.932056904
v 4.53263617 2.477736 -0.932056904
v 4.53263617 2.47773504 -0.284530908
v 5.34735489 1.86403704 -0.284530908
v 4.53263617 1.86403704 -0.284530908
v 4.53263617 1.86403704 -0.932056904
v 4.53263617 3.09080505 0.296951711
v 5.34735489 2.47710705 0.296951711
v 4.53263617 2.47710705 0.296951711
v 5.34735489 3.09080505 0.296951711
v 5.34735489 2.47710705 0.944477677
v 5.34735489 2.47710705 0.296951711
v 5.34735489 3.09080505 0.944477677
v 4.53263617 2.47710705 0.944477677
v 5.34735489 2.47710705 0.944477677
v 4.53263617 3.09080505 0.944477677
v 4.53263617 2.47710705 0.296951711
v 4.53263617 2.47710705 0.944477677
v 5.34735489 2.47710705 0.944477677
v 4.53263617 2.47710705 0.296951711
v 5.34735489 2.47710705 0.296951711
v 5.34735489 3.09080505 0.296951711
v 4.53263617 3.09080505 0.944477677
v 5.34735489 3.09080505 0.944477677
v 4.53263617 3.09080505 0.296951711
v 5.34735489 3.09080505 0.296951711
v 5.34735489 2.47710705 0.296951711
v 5.34735489 3.09080505 0.296951711
v 5.34735489 3.09080505 0.944477677
v 5.34735489 2.47710705 0.944477677
v 5.34735489 3.09080505 0.944477677
v 4.53263617 3.09080505 0.944477677
v 4.53263617 2.47710705 0.944477677
v 4.53263617 3.09080505 0.944477677
v 4.53263617 3.09080505 0.296951711
v 4.53263617 2.47710705 0.296951711
v 5.34735489 2.47710705 0.944477677
v 4.53263617 2.47710705 0.944477677
v 4.53263617 2.47710705 0.296951711
v 5.34735489 3.09080505 0.296951711
v 4.53263617 3.09080505 0.296951711
v 4.53263617 3.09080505 0.944477677
v 4.53263617 2.47710705 -0.251850486
v 5.34735489 3.09080505 -0.251850486
v 4.53263617 3.09080505 -0.251850486
v 5.34735489 2.47710705 -0.251850486
v 5.34735489 3.09080505 -0.899376512
v 5.34735489 3.09080505 -0.251850486
v 5.34735489 2.47710705 -0.899376512
v 4.53263617 3.09080505 -0.899376512
v 5.34735489 3.09080505 -0.899376512
v 4.53263617 2.47710705 -0.899376512
v 4.53263617 3.09080505 -0.251850486
v 4.53263617 3.09080505 -0.899376512
v 5.34735489 3.09080505 -0.899376512
v 4.53263617 3.09080505 -0.251850486
v 5.34735489 3.09080505 -0.251850486
v 5.34735489 2.47710705 -0.251850486
v 4.53263617 2.47710705 -0.899376512
v 5.34735489 2.47710705 -0.899376512
v 4.53263617 2.47710705 -0.251850486
v 5.34735489 2.47710705 -0.251850486
v 5.34735489 3.09080505 -0.251850486
v 5.34735489 2.47710705 -0.251850486
v 5.34735489 2.47710705 -0.899376512
v 5.34735489 3.09080505 -0.899376512
v 5.34735489 2.47710705 -0.899376512
v 4.53263617 2.47710705 -0.899376512
v 4.53263617 3.09080505 -0.899376512
v 4.53263617 2.47710705 -0.899376512
v 4.53263617 2.47710705 -0.251850486
v 4.53263617 3.09080505 -0.251850486
v 5.34735489 3.09080505 -0.899376512
v 4.53263617 3.09080505 -0.899376512
v 4.53263617 3.09080505 -0.251850486
v 5.34735489 2.47710705 -0.251850486
v 4.53263617 2.47710705 -0.251850486
v 4.53263617 2.47710705 -0.899376512
v 7.95096684 2.46566796 0.296951711
v 8.76568794 1.851969 0.296951711
v 7.95096684 1.851969 0.296951711
v 8.76568794 2.46566796 0.296951711
v 8.76568794 1.851969 0.944477677
v 8.76568794 1.851969 0.296951711
v 8.76568794 2.46566796 0.944477677
v 7.95096684 1.851969 0.944477677
v 8.76568794 1.851969 0.944477677
v 7.95096684 2.46566796 0.944477677
v 7.95096684 1.851969 0.296951711
v 7.95096684 1.851969 0.944477677
v 8.76568794 1.851969 0.944477677
v 7.95096684 1.851969 0.296951711
v 8.76568794 1.851969 0.296951711
v 8.76568794 2.46566796 0.296951711
v 7.95096684 2.46566796 0.944477677
v 8.76568794 2.46566796 0.944477677
v 7.95096684 2.46566796 0.296951711
v 8.76568794 2.46566796 0.296951711
v 8.76568794 1.851969 0.296951711
v 8.76568794 2.46566796 0.296951711
v 8.76568794 2.46566796 0.944477677
v 8.76568794 1.851969 0.944477677
v 8.76568794 2.46566796 0.944477677
v 7.95096684 2.46566796 0.944477677
v 7.95096684 1.851969 0.944477677
v 7.95096684 2.46566796 0.944477677
v 7.95096684 2.46566796 0.296951711
v 7.95096684 1.851969 0.296951711
v 8.76568794 1.851969 0.944477677
v 7.95096684 1.851969 0.944477677
v 7.95096684 1.851969 0.296951711
v 8.76568794 2.46566796 0.296951711
v 7.95096684 2.46566796 0.296951711
v 7.95096684 2.46566796 0.944477677
v 7.10488319 2.46566796 0.296951711
v 7.91960096 1.851969 0.296951711
v 7.10488319 1.851969 0.296951711
v 7.91960096 2.46566796 0.296951711
v 7.91960096 1.851969 0.944477677
v 7.91960096 1.851969 0.296951711
v 7.91960096 2.46566796 0.944477677
v 7.10488319 1.851969 0.944477677
v 7.91960096 1.851969 0.944477677
v 7.10488319 2.46566796 0.944477677
v 7.10488319 1.851969 0.296951711
v 7.10488319 1.851969 0.944477677
v 7.91960096 1.851969 0.944477677
v 7.10488319 1.851969 0.296951711
v 7.91960096 1.851969 0.296951711
v 7.91960096 2.46566796 0.296951711
v 7.10488319 2.46566796 0.944477677
v 7.91960096 2.46566796 0.944477677
v 7.10488319 2.46566796 0.296951711
v 7.91960096 2.46566796 0.296951711
v 7.91960096 1.851969 0.296951711
v 7.91960096 2.46566796 0.296951711
v 7.91960096 2.46566796 0.944477677
v 7.91960096 1.851969 0.944477677
v 7.91960096 2.46566796 0.944477677
v 7.10488319 2.46566796 0.944477677
v 7.10488319 1.851969 0.944477677
v 7.10488319 2.46566796 0.944477677
v 7.10488319 2.46566796 0.296951711
v 7.10488319 1.851969 0.296951711
v 7.91960096 1.851969 0.944477677
v 7.10488319 1.851969 0.944477677
v 7.10488319 1.851969 0.296951711
v 7.91960096 2.46566796 0.296951711
v 7.10488319 2.46566796 0.296951711
v 7.10488319 2.46566796 0.944477677
v 7.10488319 1.86403704 -0.284530908
v 7.91960096 2.47773504 -0.284530908
v 7.10488319 2.47773504 -0.284530908
v 7.91960096 1.86403704 -0.284530908
v 7.91960096 2.477736 -0.932056904
v 7.91960096 2.47773504 -0.284530908
v 7.91960096 1.86403704 -0.932056904
v 7.10488319 2.477736 -0.932056904
v 7.91960096 2.477736 -0.932056904
v 7.10488319 1.86403704 -0.932056904
v 7.10488319 2.47773504 -0.284530908
v 7.10488319 2.477736 -0.932056904
v 7.91960096 2.477736 -0.932056904
v 7.10488319 2.47773504 -0.284530908
v 7.91960096 2.47773504 -0.284530908
v 7.91960096 1.86403704 -0.284530908
v 7.10488319 1.86403704 -0.932056904
v 7.91960096 1.86403704 -0.932056904
v 7.10488319 1.86403704 -0.284530908
v 7.91960096 1.86403704 -0.284530908
v 7.91960096 2.47773504 -0.284530908
v 7.91960096 1.86403704 -0.284530908
v 7.91960096 1.86403704 -0.932056904
v 7.91960096 2.477736 -0.932056904
v 7.91960096 1.86403704 -0.932056904
v 7.10488319 1.86403704 -0.932056904
v 7.10488319 2.477736 -0.932056904
v 7.10488319 1.86403704 -0.932056904
v 7.10488319 1.86403704 -0.284530908
v 7.10488319 2.47773504 -0.284530908
v 7.91960096 2.477736 -0.932056904
v 7.10488319 2.477736 -0.932056904
v 7.10488319 2.47773504 -0.284530908
v 7.91960096 1.86403704 -0.284530908
v 7.10488319 1.86403704 -0.284530908
v 7.10488319 1.86403704 -0.932056904
v 7.10488319 3.09080505 0.296951711
v 7.91960096 2.47710705 0.296951711
v 7.10488319 2.47710705 0.296951711
v 7.91960096 3.09080505 0.296951711
v 7.91960096 2.47710705 0.944477677
v 7.91960096 2.47710705 0.296951711
v 7.91960096 3.09080505 0.944477677
v 7.10488319 2.47710705 0.944477677
v 7.91960096 2.47710705 0.944477677
v 7.10488319 3.09080505 0.944477677
v 7.10488319 2.47710705 0.296951711
v 7.10488319 2.47710705 0.944477677
v 7.91960096 2.47710705 0.944477677
v 7.10488319 2.47710705 0.296951711
v 7.91960096 2.47710705 0.296951711
v 7.91960096 3.09080505 0.296951711
v 7.10488319 3.09080505 0.944477677
v 7.91960096 3.09080505 0.944477677
v 7.10488319 3.09080505 0.296951711
v 7.91960096 3.09080505 0.296951711
v 7.91960096 2.47710705 0.296951711
v 7.91960096 3.09080505 0.296951711
v 7.91960096 3.09080505 0.944477677
v 7.91960096 2.47710705 0.944477677
v 7.91960096 3.09080505 0.944477677
v 7.10488319 3.09080505 0.944477677
v 7.10488319 2.47710705 0.944477677
v 7.10488319 3.09080505 0.944477677
v 7.10488319 3.09080505 0.296951711
v 7.10488319 2.47710705 0.296951711
v 7.91960096 2.47710705 0.944477677
v 7.10488319 2.47710705 0.944477677
v 7.10488319 2.47710705 0.296951711
v 7.91960096 3.09080505 0.296951711
v 7.10488319 3.09080505 0.296951711
v 7.10488319 3.09080505 0.944477677
v 7.10488319 2.47710705 -0.251850486
v 7.91960096 3.09080505 -0.251850486
v 7.10488319 3.09080505 -0.251850486
v 7.91960096 2.47710705 -0.251850486
v 7.91960096 3.09080505 -0.899376512
v 7.91960096 3.09080505 -0.251850486
v 7.91960096 2.47710705 -0.899376512
v 7.10488319 3.09080505 -0.899376512
v 7.91960096 3.09080505 -0.899376512
v 7.10488319 2.47710705 -0.899376512
v 7.10488319 3.09080505 -0.251850486
v 7.10488319 3.09080505 -0.899376512
v 7.91960096 3.09080505 -0.899376512
v 7.10488319 3.09080505 -0.251850486
v 7.91960096 3.09080505 -0.251850486
v 7.91960096 2.47710705 -0.251850486
v 7.10488319 2.47710705 -0.899376512
v 7.91960096 2.47710705 -0.899376512
v 7.10488319 2.47710705 -0.251850486
v 7.91960096 2.47710705 -0.251850486
v 7.91960096 3.09080505 -0.251850486
v 7.91960096 2.47710705 -0.251850486
v 7.91960096 2.47710705 -0.899376512
v 7.91960096 3.09080505 -0.899376512
v 7.91960096 2.47710705 -0.899376512
v 7.10488319 2.47710705 -0.899376512
v 7.10488319 3.09080505 -0.899376512
v 7.10488319 2.47710705 -0.899376512
v 7.10488319 2.47710705 -0.251850486
v 7.10488319 3.09080505 -0.251850486
v 7.91960096 3.09080505 -0.899376512
v 7.10488319 3.09080505 -0.899376512
v 7.10488319 3.09080505 -0.251850486
v 7.91960096 2.47710705 -0.251850486
v 7.10488319 2.47710705 -0.251850486
v 7.10488319 2.47710705 -0.899376512
v 6.22184086 2.46852803 0.327498913
v 7.03656101 1.85483003 0.327498913
v 6.22184086 1.85483003 0.327498913
v 7.03656101 2.46852803 0.327498913
v 7.03656101 1.85483003 0.975024879
v 7.03656101 1.85483003 0.327498913
v 7.03656101 2.46852803 0.975024879
v 6.22184086 1.85483003 0.975024879
v 7.03656101 1.85483003 0.975024879
v 6.22184086 2.46852803 0.975024879
v 6.22184086 1.85483003 0.327498913
v 6.22184086 1.85483003 0.975024879
v 7.03656101 1.85483003 0.975024879
v 6.22184086 1.85483003 0.327498913
v 7.03656101 1.85483003 0.327498913
v 7.03656101 2.46852803 0.327498913
v 6.22184086 2.46852803 0.975024879
v 7.03656101 2.46852803 0.975024879
v 6.22184086 2.46852803 0.327498913
v 7.03656101 2.46852803 0.327498913
v 7.03656101 1.85483003 0.327498913
v 7.03656101 2.46852803 0.327498913
v 7.03656101 2.46852803 0.975024879
v 7.03656101 1.85483003 0.975024879
v 7.03656101 2.46852803 0.975024879
v 6.22184086 2.46852803 0.975024879
v 6.22184086 1.85483003 0.975024879
v 6.22184086 2.46852803 0.975024879
v 6.22184086 2.46852803 0.327498913
v 6.22184086 1.85483003 0.327498913
v 7.03656101 1.85483003 0.975024879
v 6.22184086 1.85483003 0.975024879
v 6.22184086 1.85483003 0.327498913
v 7.03656101 2.46852803 0.327498913
v 6.22184086 2.46852803 0.327498913
v 6.22184086 2.46852803 0.975024879
v 5.76297379 3.08014798 0.300463587
v 6.57769299 2.46644902 0.300463587
v 5.76297379 2.46644902 0.300463587
v 6.57769299 3.08014798 0.300463587
v 6.57769299 2.46644902 0.947989583
v 6.57769299 2.46644902 0.300463587
v 6.57769299 3.08014798 0.947989583
v 5.76297379 2.46644902 0.947989583
v 6.57769299 2.46644902 0.947989583
v 5.76297379 3.08014798 0.947989583
v 5.76297379 2.46644902 0.300463587
v 5.76297379 2.46644902 0.947989583
v 6.57769299 2.46644902 0.947989583
v 5.76297379 2.46644902 0.300463587
v 6.57769299 2.46644902 0.300463587
v 6.57769299 3.08014798 0.300463587
v 5.76297379 3.08014798 0.947989583
v 6.57769299 3.08014798 0.947989583
v 5.76297379 3.08014798 0.300463587
v 6.57769299 3.08014798 0.300463587
v 6.57769299 2.46644902 0.300463587
v 6.57769299 3.08014798 0.300463587
v 6.57769299 3.08014798 0.947989583
v 6.57769299 2.46644902 0.947989583
v 6.57769299 3.08014798 0.947989583
v 5.76297379 3.08014798 0.947989583
v 5.76297379 2.46644902 0.947989583
v 5.76297379 3.08014798 0.947989583
v 5.76297379 3.08014798 0.300463587
v 5.76297379 2.46644902 0.300463587
v 6.57769299 2.46644902 0.947989583
v 5.76297379 2.46644902 0.947989583
v 5.76297379 2.46644902 0.300463587
v 6.57769299 3.08014798 0.300463587
v 5.76297379 3.08014798 0.300463587
v 5.76297379 3.08014798 0.947989583
v 5.37733316 1.85483003 -0.292841792
v 6.19205189 2.46852803 -0.292841792
v 5.37733316 2.46852803 -0.292841792
v 6.19205189 1.85483003 -0.292841792
v 6.19205189 2.46852803 -0.940367818
v 6.19205189 2.46852803 -0.292841792
v 6.19205189 1.85483003 -0.940367818
v 5.37733316 2.46852803 -0.940367818
v 6.19205189 2.46852803 -0.940367818
v 5.37733316 1.85483003 -0.940367818
v 5.37733316 2.46852803 -0.292841792
v 5.37733316 2.46852803 -0.940367818
v 6.19205189 2.46852803 -0.940367818
v 5.37733316 2.46852803 -0.292841792
v 6.19205189 2.46852803 -0.292841792
v 6.19205189 1.85483003 -0.292841792
v 5.37733316 1.85483003 -0.940367818
v 6.19205189 1.85483003 -0.940367818
v 5.37733316 1.85483003 -0.292841792
v 6.19205189 1.85483003 -0.292841792
v 6.19205189 2.46852803 -0.292841792
v 6.19205189 1.85483003 -0.292841792
v 6.19205189 1.85483003 -0.940367818
v 6.19205189 2.46852803 -0.940367818
v 6.19205189 1.85483003 -0.940367818
v 5.37733316 1.85483003 -0.940367818
v 5.37733316 2.46852803 -0.940367818
v 5.37733316 1.85483003 -0.940367818
v 5.37733316 1.85483003 -0.292841792
v 5.37733316 2.46852803 -0.292841792
v 6.19205189 2.46852803 -0.940367818
v 5.37733316 2.46852803 -0.940367818
v 5.37733316 2.46852803 -0.292841792
v 6.19205189 1.85483003 -0.292841792
v 5.37733316 1.85483003 -0.292841792
v 5.37733316 1.85483003 -0.940367818
v 6.23079205 1.85483003 -0.292841792
v 7.04551315 2.46852803 -0.292841792
v 6.23079205 2.46852803 -0.292841792
v 7.04551315 1.85483003 -0.292841792
v 7.04551315 2.46852803 -0.940367818
v 7.04551315 2.46852803 -0.292841792
v 7.04551315 1.85483003 -0.940367818
v 6.23079205 2.46852803 -0.940367818
v 7.04551315 2.46852803 -0.940367818
v 6.23079205 1.85483003 -0.940367818
v 6.23079205 2.46852803 -0.292841792
v 6.23079205 2.46852803 -0.940367818
v 7.04551315 2.46852803 -0.940367818
v 6.23079205 2.46852803 -0.292841792
v 7.04551315 2.46852803 -0.292841792
v 7.04551315 1.85483003 -0.292841792
v 6.23079205 1.85483003 -0.940367818
v 7.04551315 1.85483003 -0.940367818
v 6.23079205 1.85483003 -0.292841792
v 7.04551315 1.85483003 -0.292841792
v 7.04551315 2.46852803 -0.292841792
v 7.04551315 1.85483003 -0.292841792
v 7.04551315 1.85483003 -0.940367818
v 7.04551315 2.46852803 -0.940367818
v 7.04551315 1.85483003 -0.940367818
v 6.23079205 1.85483003 -0.940367818
v 6.23079205 2.46852803 -0.940367818
v 6.23079205 1.85483003 -0.940367818
v 6.23079205 1.85483003 -0.292841792
v 6.23079205 2.46852803 -0.292841792
v 7.04551315 2.46852803 -0.940367818
v 6.23079205 2.46852803 -0.940367818
v 6.23079205 2.46852803 -0.292841792
v 7.04551315 1.85483003 -0.292841792
v 6.23079205 1.85483003 -0.292841792
v 6.23079205 1.85483003 -0.940367818
v 7.95141411 1.85483003 -0.292841792
v 8.76613522 2.46852803 -0.292841792
v 7.95141411 2.46852803 -0.292841792
v 8.76613522 1.85483003 -0.292841792
v 8.76613522 2.46852803 -0.940367818
v 8.76613522 2.46852803 -0.292841792
v 8.76613522 1.85483003 -0.940367818
v 7.95141411 2.46852803 -0.940367818
v 8.76613522 2.46852803 -0.940367818
v 7.95141411 1.85483003 -0.940367818
v 7.95141411 2.46852803 -0.292841792
v 7.95141411 2.46852803 -0.940367818
v 8.76613522 2.46852803 -0.940367818
v 7.95141411 2.46852803 -0.292841792
v 8.76613522 2.46852803 -0.292841792
v 8.76613522 1.85483003 -0.292841792
v 7.95141411 1.85483003 -0.940367818
v 8.76613522 1.85483003 -0.940367818
v 7.95141411 1.85483003 -0.292841792
v 8.76613522 1.85483003 -0.292841792
v 8.76613522 2.46852803 -0.292841792
v 8.76613522 1.85483003 -0.292841792
v 8.76613522 1.85483003 -0.940367818
v 8.76613522 2.46852803 -0.940367818
v 8.76613522 1.85483003 -0.940367818
v 7.95141411 1.85483003 -0.940367818
v 7.95141411 2.46852803 -0.940367818
v 7.95141411 1.85483003 -0.940367818
v 7.95141411 1.85483003 -0.292841792
v 7.95141411 2.46852803 -0.292841792
v 8.76613522 2.46852803 -0.940367818
v 7.95141411 2.46852803 -0.940367818
v 7.95141411 2.46852803 -0.292841792
v 8.76613522 1.85483003 -0.292841792
v 7.95141411 1.85483003 -0.292841792
v 7.95141411 1.85483003 -0.940367818
v 7.93950176 2.48015404 -0.292841792
v 8.75422096 3.09385204 -0.292841792
v 7.93950176 3.09385204 -0.292841792
v 8.75422096 2.48015404 -0.292841792
v 8.75422096 3.09385204 -0.940367818
v 8.75422096 3.09385204 -0.292841792
v 8.75422096 2.48015404 -0.940367818
v 7.93950176 3.09385204 -0.940367818
v 8.75422096 3.09385204 -0.940367818
v 7.93950176 2.48015404 -0.940367818
v 7.93950176 3.09385204 -0.292841792
v 7.93950176 3.09385204 -0.940367818
v 8.75422096 3.09385204 -0.940367818
v 7.93950176 3.09385204 -0.292841792
v 8.75422096 3.09385204 -0.292841792
v 8.75422096 2.48015404 -0.292841792
v 7.93950176 2.48015404 -0.940367818
v 8.75422096 2.48015404 -0.940367818
v 7.93950176 2.48015404 -0.292841792
v 8.75422096 2.48015404 -0.292841792
v 8.75422096 3.09385204 -0.292841792
v 8.75422096 2.48015404 -0.292841792
v 8.75422096 2.48015404 -0.940367818
v 8.75422096 3.09385204 -0.940367818
v 8.75422096 2.48015404 -0.940367818
v 7.93950176 2.48015404 -0.940367818
v 7.93950176 3.09385204 -0.940367818
v 7.93950176 2.48015404 -0.940367818
v 7.93950176 2.48015404 -0.292841792
v 7.93950176 3.09385204 -0.292841792
v 8.75422096 3.09385204 -0.940367818
v 7.93950176 3.09385204 -0.940367818
v 7.93950176 3.09385204 -0.292841792
v 8.75422096 2.48015404 -0.292841792
v 7.93950176 2.48015404 -0.292841792
v 7.93950176 2.48015404 -0.940367818
v 5.3471961 5.43446493 0.296951711
v 6.16191387 4.82076597 0.296951711
v 5.3471961 4.82076597 0.296951711
v 6.16191387 5.43446493 0.296951711
v 6.16191387 4.82076597 0.944477677
v 6.16191387 4.82076597 0.296951711
v 6.16191387 5.43446493 0.944477677
v 5.3471961 4.82076597 0.944477677
v 6.16191387 4.82076597 0.944477677
v 5.3471961 5.43446493 0.944477677
v 5.3471961 4.82076597 0.296951711
v 5.3471961 4.82076597 0.944477677
v 6.16191387 4.82076597 0.944477677
v 5.3471961 4.82076597 0.296951711
v 6.16191387 4.82076597 0.296951711
v 6.16191387 5.43446493 0.296951711
v 5.3471961 5.43446493 0.944477677
v 6.16191387 5.43446493 0.944477677
v 5.3471961 5.43446493 0.296951711
v 6.16191387 5.43446493 0.296951711
v 6.16191387 4.82076597 0.296951711
v 6.16191387 5.43446493 0.296951711
v 6.16191387 5.43446493 0.944477677
v 6.16191387 4.82076597 0.944477677
v 6.16191387 5.43446493 0.944477677
v 5.3471961 5.43446493 0.944477677
v 5.3471961 4.82076597 0.944477677
v 5.3471961 5.43446493 0.944477677
v 5.3471961 5.43446493 0.296951711
v 5.3471961 4.82076597 0.296951711
v 6.16191387 4.82076597 0.944477677
v 5.3471961 4.82076597 0.944477677
v 5.3471961 4.82076597 0.296951711
v 6.16191387 5.43446493 0.296951711
v 5.3471961 5.43446493 0.296951711
v 5.3471961 5.43446493 0.944477677
v 4.50111103 5.43446493 0.296951711
v 5.31583023 4.82076597 0.296951711
v 4.50111103 4.82076597 0.296951711
v 5.31583023 5.43446493 0.296951711
v 5.31583023 4.82076597 0.944477677
v 5.31583023 4.82076597 0.296951711
v 5.31583023 5.43446493 0.944477677
v 4.50111103 4.82076597 0.944477677
v 5.31583023 4.82076597 0.944477677
v 4.50111103 5.43446493 0.944477677
v 4.50111103 4.82076597 0.296951711
v 4.50111103 4.82076597 0.944477677
v 5.31583023 4.82076597 0.944477677
v 4.50111103 4.82076597 0.296951711
v 5.31583023 4.82076597 0.296951711
v 5.31583023 5.43446493 0.296951711
v 4.50111103 5.43446493 0.944477677
v 5.31583023 5.43446493 0.944477677
v 4.50111103 5.43446493 0.296951711
v 5.31583023 5.43446493 0.296951711
v 5.31583023 4.82076597 0.296951711
v 5.31583023 5.43446493 0.296951711
v 5.31583023 5.43446493 0.944477677
v 5.31583023 4.82076597 0.944477677
v 5.31583023 5.43446493 0.944477677
v 4.50111103 5.43446493 0.944477677
v 4.50111103 4.82076597 0.944477677
v 4.50111103 5.43446493 0.944477677
v 4.50111103 5.43446493 0.296951711
v 4.50111103 4.82076597 0.296951711
v 5.31583023 4.82076597 0.944477677
v 4.50111103 4.82076597 0.944477677
v 4.50111103 4.82076597 0.296951711
v 5.31583023 5.43446493 0.296951711
v 4.50111103 5.43446493 0.296951711
v 4.50111103 5.43446493 0.944477677
v 4.50111103 4.83283424 -0.284530908
v 5.31583023 5.44653225 -0.284530908
v 4.50111103 5.44653225 -0.284530908
v 5.31583023 4.83283424 -0.284530908
v 5.31583023 5.44653225 -0.932056904
v 5.31583023 5.44653225 -0.284530908
v 5.31583023 4.83283424 -0.932056904
v 4.50111103 5.44653225 -0.932056904
v 5.31583023 5.44653225 -0.932056904
v 4.50111103 4.83283424 -0.932056904
v 4.50111103 5.44653225 -0.284530908
v 4.50111103 5.44653225 -0.932056904
v 5.31583023 5.44653225 -0.932056904
v 4.50111103 5.44653225 -0.284530908
v 5.31583023 5.44653225 -0.284530908
v 5.31583023 4.83283424 -0.284530908
v 4.50111103 4.83283424 -0.932056904
v 5.31583023 4.83283424 -0.932056904
v 4.50111103 4.83283424 -0.284530908
v 5.31583023 4.83283424 -0.284530908
v 5.31583023 5.44653225 -0.284530908
v 5.31583023 4.83283424 -0.284530908
v 5.31583023 4.83283424 -0.932056904
v 5.31583023 5.44653225 -0.932056904
v 5.31583023 4.83283424 -0.932056904
v 4.50111103 4.83283424 -0.932056904
v 4.50111103 5.44653225 -0.932056904
v 4.50111103 4.83283424 -0.932056904
v 4.50111103 4.83283424 -0.284530908
v 4.50111103 5.44653225 -0.284530908
v 5.31583023 5.44653225 -0.932056904
v 4.50111103 5.44653225 -0.932056904
v 4.50111103 5.44653225 -0.284530908
v 5.31583023 4.83283424 -0.284530908
v 4.50111103 4.83283424 -0.284530908
v 4.50111103 4.83283424 -0.932056904
v 4.50111103 6.05960178 0.296951711
v 5.31583023 5.44590282 0.296951711
v 4.50111103 5.44590282 0.296951711
v 5.31583023 6.05960178 0.296951711
v 5.31583023 5.44590282 0.944477677
v 5.31583023 5.44590282 0.296951711
v 5.31583023 6.05960178 0.944477677
v 4.50111103 5.44590282 0.944477677
v 5.31583023 5.44590282 0.944477677
v 4.50111103 6.05960178 0.944477677
v 4.50111103 5.44590282 0.296951711
v 4.50111103 5.44590282 0.944477677
v 5.31583023 5.44590282 0.944477677
v 4.50111103 5.44590282 0.296951711
v 5.31583023 5.44590282 0.296951711
v 5.31583023 6.05960178 0.296951711
v 4.50111103 6.05960178 0.944477677
v 5.31583023 6.05960178 0.944477677
v 4.50111103 6.05960178 0.296951711
v 5.31583023 6.05960178 0.296951711
v 5.31583023 5.44590282 0.296951711
v 5.31583023 6.05960178 0.296951711
v 5.31583023 6.05960178 0.944477677
v 5.31583023 5.44590282 0.944477677
v 5.31583023 6.05960178 0.944477677
v 4.50111103 6.05960178 0.944477677
v 4.50111103 5.44590282 0.944477677
v 4.50111103 6.05960178 0.944477677
v 4.50111103 6.05960178 0.296951711
v 4.50111103 5.44590282 0.296951711
v 5.31583023 5.44590282 0.944477677
v 4.50111103 5.44590282 0.944477677
v 4.50111103 5.44590282 0.296951711
v 5.31583023 6.05960178 0.296951711
v 4.50111103 6.05960178 0.296951711
v 4.50111103 6.05960178 0.944477677
v 4.50111103 5.44590282 -0.251850486
v 5.31583023 6.05960178 -0.251850486
v 4.50111103 6.05960178 -0.251850486
v 5.31583023 5.44590282 -0.251850486
v 5.31583023 6.05960178 -0.899376512
v 5.31583023 6.05960178 -0.251850486
v 5.31583023 5.44590282 -0.899376512
v 4.50111103 6.05960178 -0.899376512
v 5.31583023 6.05960178 -0.899376512
v 4.50111103 5.44590282 -0.899376512
v 4.50111103 6.05960178 -0.251850486
v 4.50111103 6.05960178 -0.899376512
v 5.31583023 6.05960178 -0.899376512
v 4.50111103 6.05960178 -0.251850486
v 5.31583023 6.05960178 -0.251850486
v 5.31583023 5.44590282 -0.251850486
v 4.50111103 5.44590282 -0.899376512
v 5.31583023 5.44590282 -0.899376512
v 4.50111103 5.44590282 -0.251850486
v 5.31583023 5.44590282 -0.251850486
v 5.31583023 6.05960178 -0.251850486
v 5.31583023 5.44590282 -0.251850486
v 5.31583023 5.44590282 -0.899376512
v 5.31583023 6.05960178 -0.899376512
v 5.31583023 5.44590282 -0.899376512
v 4.50111103 5.44590282 -0.899376512
v 4.50111103 6.05960178 -0.899376512
v 4.50111103 5.44590282 -0.899376512
v 4.50111103 5.44590282 -0.251850486
v 4.50111103 6.05960178 -0.251850486
v 5.31583023 6.05960178 -0.899376512
v 4.50111103 6.05960178 -0.899376512
v 4.50111103 6.05960178 -0.251850486
v 5.31583023 5.44590282 -0.251850486
v 4.50111103 5.44590282 -0.251850486
v 4.50111103 5.44590282 -0.899376512
v 7.91944218 5.43446493 0.296951711
v 8.73416233 4.82076597 0.296951711
v 7.91944218 4.82076597 0.296951711
v 8.73416233 5.43446493 0.296951711
v 8.73416233 4.82076597 0.944477677
v 8.73416233 4.82076597 0.296951711
v 8.73416233 5.43446493 0.944477677
v 7.91944218 4.82076597 0.944477677
v 8.73416233 4.82076597 0.944477677
v 7.91944218 5.43446493 0.944477677
v 7.91944218 4.82076597 0.296951711
v 7.91944218 4.82076597 0.944477677
v 8.73416233 4.82076597 0.944477677
v 7.91944218 4.82076597 0.296951711
v 8.73416233 4.82076597 0.296951711
v 8.73416233 5.43446493 0.296951711
v 7.91944218 5.43446493 0.944477677
v 8.73416233 5.43446493 0.944477677
v 7.91944218 5.43446493 0.296951711
v 8.73416233 5.43446493 0.296951711
v 8.73416233 4.82076597 0.296951711
v 8.73416233 5.43446493 0.296951711
v 8.73416233 5.43446493 0.944477677
v 8.73416233 4.82076597 0.944477677
v 8.73416233 5.43446493 0.944477677
v 7.91944218 5.43446493 0.944477677
v 7.91944218 4.82076597 0.944477677
v 7.91944218 5.43446493 0.944477677
v 7.91944218 5.43446493 0.296951711
v 7.91944218 4.82076597 0.296951711
v 8.73416233 4.82076597 0.944477677
v 7.91944218 4.82076597 0.944477677
v 7.91944218 4.82076597 0.296951711
v 8.73416233 5.43446493 0.296951711
v 7.91944218 5.43446493 0.296951711
v 7.91944218 5.43446493 0.944477677
v 7.07335615 5.43446493 0.296951711
v 7.88807583 4.82076597 0.296951711
v 7.07335615 4.82076597 0.296951711
v 7.88807583 5.43446493 0.296951711
v 7.88807583 4.82076597 0.944477677
v 7.88807583 4.82076597 0.296951711
v 7.88807583 5.43446493 0.944477677
v 7.07335615 4.82076597 0.944477677
v 7.88807583 4.82076597 0.944477677
v 7.07335615 5.43446493 0.944477677
v 7.07335615 4.82076597 0.296951711
v 7.07335615 4.82076597 0.944477677
v 7.88807583 4.82076597 0.944477677
v 7.07335615 4.82076597 0.296951711
v 7.88807583 4.82076597 0.296951711
v 7.88807583 5.43446493 0.296951711
v 7.07335615 5.43446493 0.944477677
v 7.88807583 5.43446493 0.944477677
v 7.07335615 5.43446493 0.296951711
v 7.88807583 5.43446493 0.296951711
v 7.88807583 4.82076597 0.296951711
v 7.88807583 5.43446493 0.296951711
v 7.88807583 5.43446493 0.944477677
v 7.88807583 4.82076597 0.944477677
v 7.88807583 5.43446493 0.944477677
v 7.07335615 5.43446493 0.944477677
v 7.07335615 4.82076597 0.944477677
v 7.07335615 5.43446493 0.944477677
v 7.07335615 5.43446493 0.296951711
v 7.07335615 4.82076597 0.296951711
v 7.88807583 4.82076597 0.944477677
v 7.07335615 4.82076597 0.944477677
v 7.07335615 4.82076597 0.296951711
v 7.88807583 5.43446493 0.296951711
v 7.07335615 5.43446493 0.296951711
v 7.07335615 5.43446493 0.944477677
v 7.07335615 4.83283424 -0.284530908
v 7.88807583 5.44653225 -0.284530908
v 7.07335615 5.44653225 -0.284530908
v 7.88807583 4.83283424 -0.284530908
v 7.88807583 5.44653225 -0.932056904
v 7.88807583 5.44653225 -0.284530908
v 7.88807583 4.83283424 -0.932056904
v 7.07335615 5.44653225 -0.932056904
v 7.88807583 5.44653225 -0.932056904
v 7.07335615 4.83283424 -0.932056904
v 7.07335615 5.44653225 -0.284530908
v 7.07335615 5.44653225 -0.932056904
v 7.88807583 5.44653225 -0.932056904
v 7.07335615 5.44653225 -0.284530908
v 7.88807583 5.44653225 -0.284530908
v 7.88807583 4.83283424 -0.284530908
v 7.07335615 4.83283424 -0.932056904
v 7.88807583 4.83283424 -0.932056904
v 7.07335615 4.83283424 -0.284530908
v 7.88807583 4.83283424 -0.284530908
v 7.88807583 5.44653225 -0.284530908
v 7.88807583 4.83283424 -0.284530908
v 7.88807583 4.83283424 -0.932056904
v 7.88807583 5.44653225 -0.932056904
v 7.88807583 4.83283424 -0.932056904
v 7.07335615 4.83283424 -0.932056904
v 7.07335615 5.44653225 -0.932056904
v 7.07335615 4.83283424 -0.932056904
v 7.07335615 4.83283424 -0.284530908
v 7.07335615 5.44653225 -0.284530908
v 7.88807583 5.44653225 -0.932056904
v 7.07335615 5.44653225 -0.932056904
v 7.07335615 5.44653225 -0.284530908
v 7.88807583 4.83283424 -0.284530908
v 7.07335615 4.83283424 -0.284530908
v 7.07335615 4.83283424 -0.932056904
v 7.07335615 6.05960178 0.296951711
v 7.88807583 5.44590282 0.296951711
v 7.07335615 5.44590282 0.296951711
v 7.88807583 6.05960178 0.296951711
v 7.88807583 5.44590282 0.944477677
v 7.88807583 5.44590282 0.296951711
v 7.88807583 6.05960178 0.944477677
v 7.07335615 5.44590282 0.944477677
v 7.88807583 5.44590282 0.944477677
v 7.07335615 6.05960178 0.944477677
v 7.07335615 5.44590282 0.296951711
v 7.07335615 5.44590282 0.944477677
v 7.88807583 5.44590282 0.944477677
v 7.07335615 5.44590282 0.296951711
v 7.88807583 5.44590282 0.296951711
v 7.88807583 6.05960178 0.296951711
v 7.07335615 6.05960178 0.944477677
v 7.88807583 6.05960178 0.944477677
v 7.07335615 6.05960178 0.296951711
v 7.88807583 6.05960178 0.296951711
v 7.88807583 5.44590282 0.296951711
v 7.88807583 6.05960178 0.296951711
v 7.88807583 6.05960178 0.944477677
v 7.88807583 5.44590282 0.944477677
v 7.88807583 6.05960178 0.944477677
v 7.07335615 6.05960178 0.944477677
v 7.07335615 5.44590282 0.944477677
v 7.07335615 6.05960178 0.944477677
v 7.07335615 6.05960178 0.296951711
v 7.07335615 5.44590282 0.296951711
v 7.88807583 5.44590282 0.944477677
v 7.07335615 5.44590282 0.944477677
v 7.07335615 5.44590282 0.296951711
v 7.88807583 6.05960178 0.296951711
v 7.07335615 6.05960178 0.296951711
v 7.07335615 6.05960178 0.944477677
v 7.07335615 5.44590282 -0.251850486
v 7.88807583 6.05960178 -0.251850486
v 7.07335615 6.05960178 -0.251850486
v 7.88807583 5.44590282 -0.251850486
v 7.88807583 6.05960178 -0.899376512
v 7.88807583 6.05960178 -0.251850486
v 7.88807583 5.44590282 -0.899376512
v 7.07335615 6.05960178 -0.899376512
v 7.88807583 6.05960178 -0.899376512
v 7.07335615 5.44590282 -0.899376512
v 7.07335615 6.05960178 -0.251850486
v 7.07335615 6.05960178 -0.899376512
v 7.88807583 6.05960178 -0.899376512
v 7.07335615 6.05960178 -0.251850486
v 7.88807583 6.05960178 -0.251850486
v 7.88807583 5.44590282 -0.251850486
v 7.07335615 5.44590282 -0.899376512
v 7.88807583 5.44590282 -0.899376512
v 7.07335615 5.44590282 -0.251850486
v 7.88807583 5.44590282 -0.251850486
v 7.88807583 6.05960178 -0.251850486
v 7.88807583 5.44590282 -0.251850486
v 7.88807583 5.44590282 -0.899376512
v 7.88807583 6.05960178 -0.899376512
v 7.88807583 5.44590282 -0.899376512
v 7.07335615 5.44590282 -0.899376512
v 7.07335615 6.05960178 -0.899376512
v 7.07335615 5.44590282 -0.899376512
v 7.07335615 5.44590282 -0.251850486
v 7.07335615 6.05960178 -0.251850486
v 7.88807583 6.05960178 -0.899376512
v 7.07335615 6.05960178 -0.899376512
v 7.07335615 6.05960178 -0.251850486
v 7.88807583 5.44590282 -0.251850486
v 7.07335615 5.44590282 -0.251850486
v 7.07335615 5.44590282 -0.899376512
v 6.1903162 5.437325 0.327498913
v 7.00503492 4.82362604 0.327498913
v 6.1903162 4.82362604 0.327498913
v 7.00503492 5.437325 0.327498913
v 7.00503492 4.82362604 0.975024879
v 7.00503492 4.82362604 0.327498913
v 7.00503492 5.437325 0.975024879
v 6.1903162 4.82362604 0.975024879
v 7.00503492 4.82362604 0.975024879
v 6.1903162 5.437325 0.975024879
v 6.1903162 4.82362604 0.327498913
v 6.1903162 4.82362604 0.975024879
v 7.00503492 4.82362604 0.975024879
v 6.1903162 4.82362604 0.327498913
v 7.00503492 4.82362604 0.327498913
v 7.00503492 5.437325 0.327498913
v 6.1903162 5.437325 0.975024879
v 7.00503492 5.437325 0.975024879
v 6.1903162 5.437325 0.327498913
v 7.00503492 5.437325 0.327498913
v 7.00503492 4.82362604 0.327498913
v 7.00503492 5.437325 0.327498913
v 7.00503492 5.437325 0.975024879
v 7.00503492 4.82362604 0.975024879
v 7.00503492 5.437325 0.975024879
v 6.1903162 5.437325 0.975024879
v 6.1903162 4.82362604 0.975024879
v 6.1903162 5.437325 0.975024879
v 6.1903162 5.437325 0.327498913
v 6.1903162 4.82362604 0.327498913
v 7.00503492 4.82362604 0.975024879
v 6.1903162 4.82362604 0.975024879
v 6.1903162 4.82362604 0.327498913
v 7.00503492 5.437325 0.327498913
v 6.1903162 5.437325 0.327498913
v 6.1903162 5.437325 0.975024879
v 5.73144913 6.04894495 0.300463587
v 6.54616785 5.43524599 0.300463587
v 5.73144913 5.43524599 0.300463587
v 6.54616785 6.04894495 0.300463587
v 6.54616785 5.43524599 0.947989583
v 6.54616785 5.43524599 0.300463587
v 6.54616785 6.04894495 0.947989583
v 5.73144913 5.43524599 0.947989583
v 6.54616785 5.43524599 0.947989583
v 5.73144913 6.04894495 0.947989583
v 5.73144913 5.43524599 0.300463587
v 5.73144913 5.43524599 0.947989583
v 6.54616785 5.43524599 0.947989583
v 5.73144913 5.43524599 0.300463587
v 6.54616785 5.43524599 0.300463587
v 6.54616785 6.04894495 0.300463587
v 5.73144913 6.04894495 0.947989583
v 6.54616785 6.04894495 0.947989583
v 5.73144913 6.04894495 0.300463587
v 6.54616785 6.04894495 0.300463587
v 6.54616785 5.43524599 0.300463587
v 6.54616785 6.04894495 0.300463587
v 6.54616785 6.04894495 0.947989583
v 6.54616785 5.43524599 0.947989583
v 6.54616785 6.04894495 0.947989583
v 5.73144913 6.04894495 0.947989583
v 5.73144913 5.43524599 0.947989583
v 5.73144913 6.04894495 0.947989583
v 5.73144913 6.04894495 0.300463587
v 5.73144913 5.43524599 0.300463587
v 6.54616785 5.43524599 0.947989583
v 5.73144913 5.43524599 0.947989583
v 5.73144913 5.43524599 0.300463587
v 6.54616785 6.04894495 0.300463587
v 5.73144913 6.04894495 0.300463587
v 5.73144913 6.04894495 0.947989583
v 5.34580803 4.82362604 -0.292841792
v 6.16052723 5.437325 -0.292841792
v 5.34580803 5.437325 -0.292841792
v 6.16052723 4.82362604 -0.292841792
v 6.16052723 5.437325 -0.940367818
v 6.16052723 5.437325 -0.292841792
v 6.16052723 4.82362604 -0.940367818
v 5.34580803 5.437325 -0.940367818
v 6.16052723 5.437325 -0.940367818
v 5.34580803 4.82362604 -0.940367818
v 5.34580803 5.437325 -0.292841792
v 5.34580803 5.437325 -0.940367818
v 6.16052723 5.437325 -0.940367818
v 5.34580803 5.437325 -0.292841792
v 6.16052723 5.437325 -0.292841792
v 6.16052723 4.82362604 -0.292841792
v 5.34580803 4.82362604 -0.940367818
v 6.16052723 4.82362604 -0.940367818
v 5.34580803 4.82362604 -0.292841792
v 6.16052723 4.82362604 -0.292841792
v 6.16052723 5.437325 -0.292841792
v 6.16052723 4.82362604 -0.292841792
v 6.16052723 4.82362604 -0.940367818
v 6.16052723 5.437325 -0.940367818
v 6.16052723 4.82362604 -0.940367818
v 5.34580803 4.82362604 -0.940367818
v 5.34580803 5.437325 -0.940367818
v 5.34580803 4.82362604 -0.940367818
v 5.34580803 4.82362604 -0.292841792
v 5.34580803 5.437325 -0.292841792
v 6.16052723 5.437325 -0.940367818
v 5.34580803 5.437325 -0.940367818
v 5.34580803 5.437325 -0.292841792
v 6.16052723 4.82362604 -0.292841792
v 5.34580803 4.82362604 -0.292841792
v 5.34580803 4.82362604 -0.940367818
v 6.19926786 4.82362604 -0.292841792
v 7.01398611 5.437325 -0.292841792
v 6.19926786 5.437325 -0.292841792
v 7.01398611 4.82362604 -0.292841792
v 7.01398611 5.437325 -0.940367818
v 7.01398611 5.437325 -0.292841792
v 7.01398611 4.82362604 -0.940367818
v 6.19926786 5.437325 -0.940367818
v 7.01398611 5.437325 -0.940367818
v 6.19926786 4.82362604 -0.940367818
v 6.19926786 5.437325 -0.292841792
v 6.19926786 5.437325 -0.940367818
v 7.01398611 5.437325 -0.940367818
v 6.19926786 5.437325 -0.292841792
v 7.01398611 5.437325 -0.292841792
v 7.01398611 4.82362604 -0.292841792
v 6.19926786 4.82362604 -0.940367818
v 7.01398611 4.82362604 -0.940367818
v 6.19926786 4.82362604 -0.292841792
v 7.01398611 4.82362604 -0.292841792
v 7.01398611 5.437325 -0.292841792
v 7.01398611 4.82362604 -0.292841792
v 7.01398611 4.82362604 -0.940367818
v 7.01398611 5.437325 -0.940367818
v 7.01398611 4.82362604 -0.940367818
v 6.19926786 4.82362604 -0.940367818
v 6.19926786 5.437325 -0.940367818
v 6.19926786 4.82362604 -0.940367818
v 6.19926786 4.82362604 -0.292841792
v 6.19926786 5.437325 -0.292841792
v 7.01398611 5.437325 -0.940367818
v 6.19926786 5.437325 -0.940367818
v 6.19926786 5.437325 -0.292841792
v 7.01398611 4.82362604 -0.292841792
v 6.19926786 4.82362604 -0.292841792
v 6.19926786 4.82362604 -0.940367818
v 7.91988897 4.82362604 -0.292841792
v 8.7346077 5.437325 -0.292841792
v 7.91988897 5.437325 -0.292841792
v 8.7346077 4.82362604 -0.292841792
v 8.7346077 5.437325 -0.940367818
v 8.7346077 5.437325 -0.292841792
v 8.7346077 4.82362604 -0.940367818
v 7.91988897 5.437325 -0.940367818
v 8.7346077 5.437325 -0.940367818
v 7.91988897 4.82362604 -0.940367818
v 7.91988897 5.437325 -0.292841792
v 7.91988897 5.437325 -0.940367818
v 8.7346077 5.437325 -0.940367818
v 7.91988897 5.437325 -0.292841792
v 8.7346077 5.437325 -0.292841792
v 8.7346077 4.82362604 -0.292841792
v 7.91988897 4.82362604 -0.940367818
v 8.7346077 4.82362604 -0.940367818
v 7.91988897 4.82362604 -0.292841792
v 8.7346077 4.82362604 -0.292841792
v 8.7346077 5.437325 -0.292841792
v 8.7346077 4.82362604 -0.292841792
v 8.7346077 4.82362604 -0.940367818
v 8.7346077 5.437325 -0.940367818
v 8.7346077 4.82362604 -0.940367818
v 7.91988897 4.82362604 -0.940367818
v 7.91988897 5.437325 -0.940367818
v 7.91988897 4.82362604 -0.940367818
v 7.91988897 4.82362604 -0.292841792
v 7.91988897 5.437325 -0.292841792
v 8.7346077 5.437325 -0.940367818
v 7.91988897 5.437325 -0.940367818
v 7.91988897 5.437325 -0.292841792
v 8.7346077 4.82362604 -0.292841792
v 7.91988897 4.82362604 -0.292841792
v 7.91988897 4.82362604 -0.940367818
v 7.90797615 5.44895077 -0.292841792
v 8.72269726 6.06264877 -0.292841792
v 7.90797615 6.06264877 -0.292841792
v 8.72269726 5.44895077 -0.292841792
v 8.72269726 6.06264877 -0.940367818
v 8.72269726 6.06264877 -0.292841792
v 8.72269726 5.44895077 -0.940367818
v 7.90797615 6.06264877 -0.940367818
v 8.72269726 6.06264877 -0.940367818
v 7.90797615 5.44895077 -0.940367818
v 7.90797615 6.06264877 -0.292841792
v 7.90797615 6.06264877 -0.940367818
v 8.72269726 6.06264877 -0.940367818
v 7.90797615 6.06264877 -0.292841792
v 8.72269726 6.06264877 -0.292841792
v 8.72269726 5.44895077 -0.292841792
v 7.90797615 5.44895077 -0.940367818
v 8.72269726 5.44895077 -0.940367818
v 7.90797615 5.44895077 -0.292841792
v 8.72269726 5.44895077 -0.292841792
v 8.72269726 6.06264877 -0.292841792
v 8.72269726 5.44895077 -0.292841792
v 8.72269726 5.44895077 -0.940367818
v 8.72269726 6.06264877 -0.940367818
v 8.72269726 5.44895077 -0.940367818
v 7.90797615 5.44895077 -0.940367818
v 7.90797615 6.06264877 -0.940367818
v 7.90797615 5.44895077 -0.940367818
v 7.90797615 5.44895077 -0.292841792
v 7.90797615 6.06264877 -0.292841792
v 8.72269726 6.06264877 -0.940367818
v 7.90797615 6.06264877 -0.940367818
v 7.90797615 6.06264877 -0.292841792
v 8.72269726 5.44895077 -0.292841792
v 7.90797615 5.44895077 -0.292841792
v 7.90797615 5.44895077 -0.940367818
v -5.43932915 2.44902897 -0.248813793
v -6.25404787 1.83533096 -0.248813793
v -5.43932915 1.83533096 -0.248813793
v -6.25404787 2.44902897 -0.248813793
v -6.25404787 1.83533096 -0.896339893
v -6.25404787 1.83533096 -0.248813793
v -6.25404787 2.44902897 -0.896339893
v -5.43932915 1.83533096 -0.896339893
v -6.25404787 1.83533096 -0.896339893
v -5.43932915 2.44902897 -0.896339893
v -5.43932915 1.83533096 -0.248813793
v -5.43932915 1.83533096 -0.896339893
v -6.25404787 1.83533096 -0.896339893
v -5.43932915 1.83533096 -0.248813793
v -6.25404787 1.83533096 -0.248813793
v -6.25404787 2.44902897 -0.248813793
v -5.43932915 2.44902897 -0.896339893
v -6.25404787 2.44902897 -0.896339893
v -5.43932915 2.44902897 -0.248813793
v -6.25404787 2.44902897 -0.248813793
v -6.25404787 1.83533096 -0.248813793
v -6.25404787 2.44902897 -0.248813793
v -6.25404787 2.44902897 -0.896339893
v -6.25404787 1.83533096 -0.896339893
v -6.25404787 2.44902897 -0.896339893
v -5.43932915 2.44902897 -0.896339893
v -5.43932915 1.83533096 -0.896339893
v -5.43932915 2.44902897 -0.896339893
v -5.43932915 2.44902897 -0.248813793
v -5.43932915 1.83533096 -0.248813793
v -6.25404787 1.83533096 -0.896339893
v -5.43932915 1.83533096 -0.896339893
v -5.43932915 1.83533096 -0.248813793
v -6.25404787 2.44902897 -0.248813793
v -5.43932915 2.44902897 -0.248813793
v -5.43932915 2.44902897 -0.896339893
v -4.59324408 2.44902897 -0.248813897
v -5.4079628 1.83533096 -0.248813793
v -4.59324408 1.83533096 -0.248813897
v -5.4079628 2.44902897 -0.248813793
v -5.4079628 1.83533096 -0.896339893
v -5.4079628 1.83533096 -0.248813793
v -5.4079628 2.44902897 -0.896339893
v -4.59324408 1.83533096 -0.896340013
v -5.4079628 1.83533096 -0.896339893
v -4.59324408 2.44902897 -0.896340013
v -4.59324408 1.83533096 -0.248813897
v -4.59324408 1.83533096 -0.896340013
v -5.4079628 1.83533096 -0.896339893
v -4.59324408 1.83533096 -0.248813897
v -5.4079628 1.83533096 -0.248813793
v -5.4079628 2.44902897 -0.248813793
v -4.59324408 2.44902897 -0.896340013
v -5.4079628 2.44902897 -0.896339893
v -4.59324408 2.44902897 -0.248813897
v -5.4079628 2.44902897 -0.248813793
v -5.4079628 1.83533096 -0.248813793
v -5.4079628 2.44902897 -0.248813793
v -5.4079628 2.44902897 -0.896339893
v -5.4079628 1.83533096 -0.896339893
v -5.4079628 2.44902897 -0.896339893
v -4.59324408 2.44902897 -0.896340013
v -4.59324408 1.83533096 -0.896340013
v -4.59324408 2.44902897 -0.896340013
v -4.59324408 2.44902897 -0.248813897
v -4.59324408 1.83533096 -0.248813897
v -5.4079628 1.83533096 -0.896339893
v -4.59324408 1.83533096 -0.896340013
v -4.59324408 1.83533096 -0.248813897
v -5.4079628 2.44902897 -0.248813793
v -4.59324408 2.44902897 -0.248813897
v -4.59324408 2.44902897 -0.896340013
v -4.59324408 1.84739804 0.332668602
v -5.4079628 2.461097 0.332668602
v -4.59324408 2.461097 0.332668602
v -5.4079628 1.84739804 0.332668602
v -5.4079628 2.461097 0.980194688
v -5.4079628 2.461097 0.332668602
v -5.4079628 1.847399 0.980194688
v -4.59324408 2.461097 0.980194628
v -5.4079628 2.461097 0.980194688
v -4.59324408 1.847399 0.980194628
v -4.59324408 2.461097 0.332668602
v -4.59324408 2.461097 0.980194628
v -5.4079628 2.461097 0.980194688
v -4.59324408 2.461097 0.332668602
v -5.4079628 2.461097 0.332668602
v -5.4079628 1.84739804 0.332668602
v -4.59324408 1.847399 0.980194628
v -5.4079628 1.847399 0.980194688
v -4.59324408 1.84739804 0.332668602
v -5.4079628 1.84739804 0.332668602
v -5.4079628 2.461097 0.332668602
v -5.4079628 1.84739804 0.332668602
v -5.4079628 1.847399 0.980194688
v -5.4079628 2.461097 0.980194688
v -5.4079628 1.847399 0.980194688
v -4.59324408 1.847399 0.980194628
v -4.59324408 2.461097 0.980194628
v -4.59324408 1.847399 0.980194628
v -4.59324408 1.84739804 0.332668602
v -4.59324408 2.461097 0.332668602
v -5.4079628 2.461097 0.980194688
v -4.59324408 2.461097 0.980194628
v -4.59324408 2.461097 0.332668602
v -5.4079628 1.84739804 0.332668602
v -4.59324408 1.84739804 0.332668602
v -4.59324408 1.847399 0.980194628
v -4.59324408 3.07416701 -0.248813897
v -5.4079628 2.46046805 -0.248813793
v -4.59324408 2.46046805 -0.248813897
v -5.4079628 3.07416701 -0.248813793
v -5.4079628 2.46046805 -0.896339893
v -5.4079628 2.46046805 -0.248813793
v -5.4079628 3.07416701 -0.896339893
v -4.59324408 2.46046805 -0.896340013
v -5.4079628 2.46046805 -0.896339893
v -4.59324408 3.07416701 -0.896340013
v -4.59324408 2.46046805 -0.248813897
v -4.59324408 2.46046805 -0.896340013
v -5.4079628 2.46046805 -0.896339893
v -4.59324408 2.46046805 -0.248813897
v -5.4079628 2.46046805 -0.248813793
v -5.4079628 3.07416701 -0.248813793
v -4.59324408 3.07416701 -0.896340013
v -5.4079628 3.07416701 -0.896339893
v -4.59324408 3.07416701 -0.248813897
v -5.4079628 3.07416701 -0.248813793
v -5.4079628 2.46046805 -0.248813793
v -5.4079628 3.07416701 -0.248813793
v -5.4079628 3.07416701 -0.896339893
v -5.4079628 2.46046805 -0.896339893
v -5.4079628 3.07416701 -0.896339893
v -4.59324408 3.07416701 -0.896340013
v -4.59324408 2.46046805 -0.896340013
v -4.59324408 3.07416701 -0.896340013
v -4.59324408 3.07416701 -0.248813897
v -4.59324408 2.46046805 -0.248813897
v -5.4079628 2.46046805 -0.896339893
v -4.59324408 2.46046805 -0.896340013
v -4.59324408 2.46046805 -0.248813897
v -5.4079628 3.07416701 -0.248813793
v -4.59324408 3.07416701 -0.248813897
v -4.59324408 3.07416701 -0.896340013
v -4.59324408 2.46046805 0.29998821
v -5.4079628 3.07416701 0.29998821
v -4.59324408 3.07416701 0.29998821
v -5.4079628 2.46046805 0.29998821
v -5.4079628 3.07416701 0.947514296
v -5.4079628 3.07416701 0.29998821
v -5.4079628 2.46046805 0.947514296
v -4.59324408 3.07416701 0.947514176
v -5.4079628 3.07416701 0.947514296
v -4.59324408 2.46046805 0.947514176
v -4.59324408 3.07416701 0.29998821
v -4.59324408 3.07416701 0.947514176
v -5.4079628 3.07416701 0.947514296
v -4.59324408 3.07416701 0.29998821
v -5.4079628 3.07416701 0.29998821
v -5.4079628 2.46046805 0.29998821
v -4.59324408 2.46046805 0.947514176
v -5.4079628 2.46046805 0.947514296
v -4.59324408 2.46046805 0.29998821
v -5.4079628 2.46046805 0.29998821
v -5.4079628 3.07416701 0.29998821
v -5.4079628 2.46046805 0.29998821
v -5.4079628 2.46046805 0.947514296
v -5.4079628 3.07416701 0.947514296
v -5.4079628 2.46046805 0.947514296
v -4.59324408 2.46046805 0.947514176
v -4.59324408 3.07416701 0.947514176
v -4.59324408 2.46046805 0.947514176
v -4.59324408 2.46046805 0.29998821
v -4.59324408 3.07416701 0.29998821
v -5.4079628 3.07416701 0.947514296
v -4.59324408 3.07416701 0.947514176
v -4.59324408 3.07416701 0.29998821
v -5.4079628 2.46046805 0.29998821
v -4.59324408 2.46046805 0.29998821
v -4.59324408 2.46046805 0.947514176
v -8.0115757 2.44902897 -0.248813599
v -8.82629395 1.83533096 -0.248813599
v -8.0115757 1.83533096 -0.248813599
v -8.82629395 2.44902897 -0.248813599
v -8.82629395 1.83533096 -0.896339715
v -8.82629395 1.83533096 -0.248813599
v -8.82629395 2.44902897 -0.896339715
v -8.0115757 1.83533096 -0.896339715
v -8.82629395 1.83533096 -0.896339715
v -8.0115757 2.44902897 -0.896339715
v -8.0115757 1.83533096 -0.248813599
v -8.0115757 1.83533096 -0.896339715
v -8.82629395 1.83533096 -0.896339715
v -8.0115757 1.83533096 -0.248813599
v -8.82629395 1.83533096 -0.248813599
v -8.82629395 2.44902897 -0.248813599
v -8.0115757 2.44902897 -0.896339715
v -8.82629395 2.44902897 -0.896339715
v -8.0115757 2.44902897 -0.248813599
v -8.82629395 2.44902897 -0.248813599
v -8.82629395 1.83533096 -0.248813599
v -8.82629395 2.44902897 -0.248813599
v -8.82629395 2.44902897 -0.896339715
v -8.82629395 1.83533096 -0.896339715
v -8.82629395 2.44902897 -0.896339715
v -8.0115757 2.44902897 -0.896339715
v -8.0115757 1.83533096 -0.896339715
v -8.0115757 2.44902897 -0.896339715
v -8.0115757 2.44902897 -0.248813599
v -8.0115757 1.83533096 -0.248813599
v -8.82629395 1.83533096 -0.896339715
v -8.0115757 1.83533096 -0.896339715
v -8.0115757 1.83533096 -0.248813599
v -8.82629395 2.44902897 -0.248813599
v -8.0115757 2.44902897 -0.248813599
v -8.0115757 2.44902897 -0.896339715
v -7.16549015 2.44902897 -0.248813704
v -7.98020887 1.83533096 -0.248813599
v -7.16549015 1.83533096 -0.248813704
v -7.98020887 2.44902897 -0.248813599
v -7.98020887 1.83533096 -0.896339715
v -7.98020887 1.83533096 -0.248813599
v -7.98020887 2.44902897 -0.896339715
v -7.16549015 1.83533096 -0.896339774
v -7.98020887 1.83533096 -0.896339715
v -7.16549015 2.44902897 -0.896339774
v -7.16549015 1.83533096 -0.248813704
v -7.16549015 1.83533096 -0.896339774
v -7.98020887 1.83533096 -0.896339715
v -7.16549015 1.83533096 -0.248813704
v -7.98020887 1.83533096 -0.248813599
v -7.98020887 2.44902897 -0.248813599
v -7.16549015 2.44902897 -0.896339774
v -7.98020887 2.44902897 -0.896339715
v -7.16549015 2.44902897 -0.248813704
v -7.98020887 2.44902897 -0.248813599
v -7.98020887 1.83533096 -0.248813599
v -7.98020887 2.44902897 -0.248813599
v -7.98020887 2.44902897 -0.896339715
v -7.98020887 1.83533096 -0.896339715
v -7.98020887 2.44902897 -0.896339715
v -7.16549015 2.44902897 -0.896339774
v -7.16549015 1.83533096 -0.896339774
v -7.16549015 2.44902897 -0.896339774
v -7.16549015 2.44902897 -0.248813704
v -7.16549015 1.83533096 -0.248813704
v -7.98020887 1.83533096 -0.896339715
v -7.16549015 1.83533096 -0.896339774
v -7.16549015 1.83533096 -0.248813704
v -7.98020887 2.44902897 -0.248813599
v -7.16549015 2.44902897 -0.248813704
v -7.16549015 2.44902897 -0.896339774
v -7.16549015 1.84739804 0.332668811
v -7.98020887 2.461097 0.3326689
v -7.16549015 2.461097 0.332668811
v -7.98020887 1.84739804 0.3326689
v -7.98020887 2.461097 0.980194926
v -7.98020887 2.461097 0.3326689
v -7.98020887 1.847399 0.980194926
v -7.16549015 2.461097 0.980194807
v -7.98020887 2.461097 0.980194926
v -7.16549015 1.847399 0.980194807
v -7.16549015 2.461097 0.332668811
v -7.16549015 2.461097 0.980194807
v -7.98020887 2.461097 0.980194926
v -7.16549015 2.461097 0.332668811
v -7.98020887 2.461097 0.3326689
v -7.98020887 1.84739804 0.3326689
v -7.16549015 1.847399 0.980194807
v -7.98020887 1.847399 0.980194926
v -7.16549015 1.84739804 0.332668811
v -7.98020887 1.84739804 0.3326689
v -7.98020887 2.461097 0.3326689
v -7.98020887 1.84739804 0.3326689
v -7.98020887 1.847399 0.980194926
v -7.98020887 2.461097 0.980194926
v -7.98020887 1.847399 0.980194926
v -7.16549015 1.847399 0.980194807
v -7.16549015 2.461097 0.980194807
v -7.16549015 1.847399 0.980194807
v -7.16549015 1.84739804 0.332668811
v -7.16549015 2.461097 0.332668811
v -7.98020887 2.461097 0.980194926
v -7.16549015 2.461097 0.980194807
v -7.16549015 2.461097 0.332668811
v -7.98020887 1.84739804 0.3326689
v -7.16549015 1.84739804 0.332668811
v -7.16549015 1.847399 0.980194807
v -7.16549015 3.07416701 -0.248813704
v -7.98020887 2.46046805 -0.248813599
v -7.16549015 2.46046805 -0.248813704
v -7.98020887 3.07416701 -0.248813599
v -7.98020887 2.46046805 -0.896339715
v -7.98020887 2.46046805 -0.248813599
v -7.98020887 3.07416701 -0.896339715
v -7.16549015 2.46046805 -0.896339774
v -7.98020887 2.46046805 -0.896339715
v -7.16549015 3.07416701 -0.896339774
v -7.16549015 2.46046805 -0.248813704
v -7.16549015 2.46046805 -0.896339774
v -7.98020887 2.46046805 -0.896339715
v -7.16549015 2.46046805 -0.248813704
v -7.98020887 2.46046805 -0.248813599
v -7.98020887 3.07416701 -0.248813599
v -7.16549015 3.07416701 -0.896339774
v -7.98020887 3.07416701 -0.896339715
v -7.16549015 3.07416701 -0.248813704
v -7.98020887 3.07416701 -0.248813599
v -7.98020887 2.46046805 -0.248813599
v -7.98020887 3.07416701 -0.248813599
v -7.98020887 3.07416701 -0.896339715
v -7.98020887 2.46046805 -0.896339715
v -7.98020887 3.07416701 -0.896339715
v -7.16549015 3.07416701 -0.896339774
v -7.16549015 2.46046805 -0.896339774
v -7.16549015 3.07416701 -0.896339774
v -7.16549015 3.07416701 -0.248813704
v -7.16549015 2.46046805 -0.248813704
v -7.98020887 2.46046805 -0.896339715
v -7.16549015 2.46046805 -0.896339774
v -7.16549015 2.46046805 -0.248813704
v -7.98020887 3.07416701 -0.248813599
v -7.16549015 3.07416701 -0.248813704
v -7.16549015 3.07416701 -0.896339774
v -7.16549015 2.46046805 0.299988389
v -7.98020887 3.07416701 0.299988508
v -7.16549015 3.07416701 0.299988389
v -7.98020887 2.46046805 0.299988508
v -7.98020887 3.07416701 0.947514474
v -7.98020887 3.07416701 0.299988508
v -7.98020887 2.46046805 0.947514474
v -7.16549015 3.07416701 0.947514415
v -7.98020887 3.07416701 0.947514474
v -7.16549015 2.46046805 0.947514415
v -7.16549015 3.07416701 0.299988389
v -7.16549015 3.07416701 0.947514415
v -7.98020887 3.07416701 0.947514474
v -7.16549015 3.07416701 0.299988389
v -7.98020887 3.07416701 0.299988508
v -7.98020887 2.46046805 0.299988508
v -7.16549015 2.46046805 0.947514415
v -7.98020887 2.46046805 0.947514474
v -7.16549015 2.46046805 0.299988389
v -7.98020887 2.46046805 0.299988508
v -7.98020887 3.07416701 0.299988508
v -7.98020887 2.46046805 0.299988508
v -7.98020887 2.46046805 0.947514474
v -7.98020887 3.07416701 0.947514474
v -7.98020887 2.46046805 0.947514474
v -7.16549015 2.46046805 0.947514415
v -7.16549015 3.07416701 0.947514415
v -7.16549015 2.46046805 0.947514415
v -7.16549015 2.46046805 0.299988389
v -7.16549015 3.07416701 0.299988389
v -7.98020887 3.07416701 0.947514474
v -7.16549015 3.07416701 0.947514415
v -7.16549015 3.07416701 0.299988389
v -7.98020887 2.46046805 0.299988508
v -7.16549015 2.46046805 0.299988389
v -7.16549015 2.46046805 0.947514415
v -6.28244877 2.45188999 -0.27936101
v -7.09716797 1.83819103 -0.27936101
v -6.28244877 1.83819103 -0.27936101
v -7.09716797 2.45188999 -0.27936101
v -7.09716797 1.83819103 -0.926886976
v -7.09716797 1.83819103 -0.27936101
v -7.09716797 2.45188999 -0.926886976
v -6.28244877 1.83819103 -0.926886976
v -7.09716797 1.83819103 -0.926886976
v -6.28244877 2.45188999 -0.926886976
v -6.28244877 1.83819103 -0.27936101
v -6.28244877 1.83819103 -0.926886976
v -7.09716797 1.83819103 -0.926886976
v -6.28244877 1.83819103 -0.27936101
v -7.09716797 1.83819103 -0.27936101
v -7.09716797 2.45188999 -0.27936101
v -6.28244877 2.45188999 -0.926886976
v -7.09716797 2.45188999 -0.926886976
v -6.28244877 2.45188999 -0.27936101
v -7.09716797 2.45188999 -0.27936101
v -7.09716797 1.83819103 -0.27936101
v -7.09716797 2.45188999 -0.27936101
v -7.09716797 2.45188999 -0.926886976
v -7.09716797 1.83819103 -0.926886976
v -7.09716797 2.45188999 -0.926886976
v -6.28244877 2.45188999 -0.926886976
v -6.28244877 1.83819103 -0.926886976
v -6.28244877 2.45188999 -0.926886976
v -6.28244877 2.45188999 -0.27936101
v -6.28244877 1.83819103 -0.27936101
v -7.09716797 1.83819103 -0.926886976
v -6.28244877 1.83819103 -0.926886976
v -6.28244877 1.83819103 -0.27936101
v -7.09716797 2.45188999 -0.27936101
v -6.28244877 2.45188999 -0.27936101
v -6.28244877 2.45188999 -0.926886976
v -5.82358217 3.06350899 -0.252325803
v -6.6383009 2.44981098 -0.252325714
v -5.82358217 2.44981098 -0.252325803
v -6.6383009 3.06350899 -0.252325714
v -6.6383009 2.44981098 -0.899851799
v -6.6383009 2.44981098 -0.252325714
v -6.6383009 3.06350899 -0.899851799
v -5.82358217 2.44981098 -0.899851799
v -6.6383009 2.44981098 -0.899851799
v -5.82358217 3.06350899 -0.899851799
v -5.82358217 2.44981098 -0.252325803
v -5.82358217 2.44981098 -0.899851799
v -6.6383009 2.44981098 -0.899851799
v -5.82358217 2.44981098 -0.252325803
v -6.6383009 2.44981098 -0.252325714
v -6.6383009 3.06350899 -0.252325714
v -5.82358217 3.06350899 -0.899851799
v -6.6383009 3.06350899 -0.899851799
v -5.82358217 3.06350899 -0.252325803
v -6.6383009 3.06350899 -0.252325714
v -6.6383009 2.44981098 -0.252325714
v -6.6383009 3.06350899 -0.252325714
v -6.6383009 3.06350899 -0.899851799
v -6.6383009 2.44981098 -0.899851799
v -6.6383009 3.06350899 -0.899851799
v -5.82358217 3.06350899 -0.899851799
v -5.82358217 2.44981098 -0.899851799
v -5.82358217 3.06350899 -0.899851799
v -5.82358217 3.06350899 -0.252325803
v -5.82358217 2.44981098 -0.252325803
v -6.6383009 2.44981098 -0.899851799
v -5.82358217 2.44981098 -0.899851799
v -5.82358217 2.44981098 -0.252325803
v -6.6383009 3.06350899 -0.252325714
v -5.82358217 3.06350899 -0.252325803
v -5.82358217 3.06350899 -0.899851799
v -5.43794107 1.83819103 0.340979487
v -6.2526598 2.45188999 0.340979606
v -5.43794107 2.45188999 0.340979487
v -6.2526598 1.83819103 0.340979606
v -6.2526598 2.45188999 0.988505602
v -6.2526598 2.45188999 0.340979606
v -6.2526598 1.83819103 0.988505602
v -5.43794107 2.45188999 0.988505602
v -6.2526598 2.45188999 0.988505602
v -5.43794107 1.83819103 0.988505602
v -5.43794107 2.45188999 0.340979487
v -5.43794107 2.45188999 0.988505602
v -6.2526598 2.45188999 0.988505602
v -5.43794107 2.45188999 0.340979487
v -6.2526598 2.45188999 0.340979606
v -6.2526598 1.83819103 0.340979606
v -5.43794107 1.83819103 0.988505602
v -6.2526598 1.83819103 0.988505602
v -5.43794107 1.83819103 0.340979487
v -6.2526598 1.83819103 0.340979606
v -6.2526598 2.45188999 0.340979606
v -6.2526598 1.83819103 0.340979606
v -6.2526598 1.83819103 0.988505602
v -6.2526598 2.45188999 0.988505602
v -6.2526598 1.83819103 0.988505602
v -5.43794107 1.83819103 0.988505602
v -5.43794107 2.45188999 0.988505602
v -5.43794107 1.83819103 0.988505602
v -5.43794107 1.83819103 0.340979487
v -5.43794107 2.45188999 0.340979487
v -6.2526598 2.45188999 0.988505602
v -5.43794107 2.45188999 0.988505602
v -5.43794107 2.45188999 0.340979487
v -6.2526598 1.83819103 0.340979606
v -5.43794107 1.83819103 0.340979487
v -5.43794107 1.83819103 0.988505602
v -6.29140091 1.83819103 0.340979606
v -7.10612011 2.45188999 0.340979695
v -6.29140091 2.45188999 0.340979606
v -7.10612011 1.83819103 0.340979695
v -7.10612011 2.45188999 0.988505721
v -7.10612011 2.45188999 0.340979695
v -7.10612011 1.83819103 0.988505721
v -6.29140091 2.45188999 0.988505602
v -7.10612011 2.45188999 0.988505721
v -6.29140091 1.83819103 0.988505602
v -6.29140091 2.45188999 0.340979606
v -6.29140091 2.45188999 0.988505602
v -7.10612011 2.45188999 0.988505721
v -6.29140091 2.45188999 0.340979606
v -7.10612011 2.45188999 0.340979695
v -7.10612011 1.83819103 0.340979695
v -6.29140091 1.83819103 0.988505602
v -7.10612011 1.83819103 0.988505721
v -6.29140091 1.83819103 0.340979606
v -7.10612011 1.83819103 0.340979695
v -7.10612011 2.45188999 0.340979695
v -7.10612011 1.83819103 0.340979695
v -7.10612011 1.83819103 0.988505721
v -7.10612011 2.45188999 0.988505721
v -7.10612011 1.83819103 0.988505721
v -6.29140091 1.83819103 0.988505602
v -6.29140091 2.45188999 0.988505602
v -6.29140091 1.83819103 0.988505602
v -6.29140091 1.83819103 0.340979606
v -6.29140091 2.45188999 0.340979606
v -7.10612011 2.45188999 0.988505721
v -6.29140091 2.45188999 0.988505602
v -6.29140091 2.45188999 0.340979606
v -7.10612011 1.83819103 0.340979695
v -6.29140091 1.83819103 0.340979606
v -6.29140091 1.83819103 0.988505602
v -8.01202202 1.83819103 0.340979815
v -8.82674217 2.45188999 0.340979815
v -8.01202202 2.45188999 0.340979815
v -8.82674217 1.83819103 0.340979815
v -8.82674217 2.45188999 0.988505781
v -8.82674217 2.45188999 0.340979815
v -8.82674217 1.83819103 0.988505781
v -8.01202202 2.45188999 0.988505781
v -8.82674217 2.45188999 0.988505781
v -8.01202202 1.83819103 0.988505781
v -8.01202202 2.45188999 0.340979815
v -8.01202202 2.45188999 0.988505781
v -8.82674217 2.45188999 0.988505781
v -8.01202202 2.45188999 0.340979815
v -8.82674217 2.45188999 0.340979815
v -8.82674217 1.83819103 0.340979815
v -8.01202202 1.83819103 0.988505781
v -8.82674217 1.83819103 0.988505781
v -8.01202202 1.83819103 0.340979815
v -8.82674217 1.83819103 0.340979815
v -8.82674217 2.45188999 0.340979815
v -8.82674217 1.83819103 0.340979815
v -8.82674217 1.83819103 0.988505781
v -8.82674217 2.45188999 0.988505781
v -8.82674217 1.83819103 0.988505781
v -8.01202202 1.83819103 0.988505781
v -8.01202202 2.45188999 0.988505781
v -8.01202202 1.83819103 0.988505781
v -8.01202202 1.83819103 0.340979815
v -8.01202202 2.45188999 0.340979815
v -8.82674217 2.45188999 0.988505781
v -8.01202202 2.45188999 0.988505781
v -8.01202202 2.45188999 0.340979815
v -8.82674217 1.83819103 0.340979815
v -8.01202202 1.83819103 0.340979815
v -8.01202202 1.83819103 0.988505781
v -8.00010967 2.46351504 0.340979815
v -8.81482887 3.077214 0.340979815
v -8.00010967 3.077214 0.340979815
v -8.81482887 2.46351504 0.340979815
v -8.81482887 3.077214 0.988505781
v -8.81482887 3.077214 0.340979815
v -8.81482887 2.46351504 0.988505781
v -8.00010967 3.077214 0.988505781
v -8.81482887 3.077214 0.988505781
v -8.00010967 2.46351504 0.988505781
v -8.00010967 3.077214 0.340979815
v -8.00010967 3.077214 0.988505781
v -8.81482887 3.077214 0.988505781
v -8.00010967 3.077214 0.340979815
v -8.81482887 3.077214 0.340979815
v -8.81482887 2.46351504 0.340979815
v -8.00010967 2.46351504 0.988505781
v -8.81482887 2.46351504 0.988505781
v -8.00010967 2.46351504 0.340979815
v -8.81482887 2.46351504 0.340979815
v -8.81482887 3.077214 0.340979815
v -8.81482887 2.46351504 0.340979815
v -8.81482887 2.46351504 0.988505781
v -8.81482887 3.077214 0.988505781
v -8.81482887 2.46351504 0.988505781
v -8.00010967 2.46351504 0.988505781
v -8.00010967 3.077214 0.988505781
v -8.00010967 2.46351504 0.988505781
v -8.00010967 2.46351504 0.340979815
v -8.00010967 3.077214 0.340979815
v -8.81482887 3.077214 0.988505781
v -8.00010967 3.077214 0.988505781
v -8.00010967 3.077214 0.340979815
v -8.81482887 2.46351504 0.340979815
v -8.00010967 2.46351504 0.340979815
v -8.00010967 2.46351504 0.988505781
v 3.40588593 2.44902897 -0.248813793
v 2.59116697 1.83533096 -0.248813793
v 3.40588593 1.83533096 -0.248813793
v 2.59116697 2.44902897 -0.248813793
v 2.59116602 1.83533096 -0.896339893
v 2.59116697 1.83533096 -0.248813793
v 2.59116602 2.44902897 -0.896339893
v 3.40588498 1.83533096 -0.896339893
v 2.59116602 1.83533096 -0.896339893
v 3.40588498 2.44902897 -0.896339893
v 3.40588593 1.83533096 -0.248813793
v 3.40588498 1.83533096 -0.896339893
v 2.59116602 1.83533096 -0.896339893
v 3.40588593 1.83533096 -0.248813793
v 2.59116697 1.83533096 -0.248813793
v 2.59116697 2.44902897 -0.248813793
v 3.40588498 2.44902897 -0.896339893
v 2.59116602 2.44902897 -0.896339893
v 3.40588593 2.44902897 -0.248813793
v 2.59116697 2.44902897 -0.248813793
v 2.59116697 1.83533096 -0.248813793
v 2.59116697 2.44902897 -0.248813793
v 2.59116602 2.44902897 -0.896339893
v 2.59116602 1.83533096 -0.896339893
v 2.59116602 2.44902897 -0.896339893
v 3.40588498 2.44902897 -0.896339893
v 3.40588498 1.83533096 -0.896339893
v 3.40588498 2.44902897 -0.896339893
v 3.40588593 2.44902897 -0.248813793
v 3.40588593 1.83533096 -0.248813793
v 2.59116602 1.83533096 -0.896339893
v 3.40588498 1.83533096 -0.896339893
v 3.40588593 1.83533096 -0.248813793
v 2.59116697 2.44902897 -0.248813793
v 3.40588593 2.44902897 -0.248813793
v 3.40588498 2.44902897 -0.896339893
v 4.25197124 2.44902897 -0.248813897
v 3.43725204 1.83533096 -0.248813793
v 4.25197124 1.83533096 -0.248813897
v 3.43725204 2.44902897 -0.248813793
v 3.43725204 1.83533096 -0.896339893
v 3.43725204 1.83533096 -0.248813793
v 3.43725204 2.44902897 -0.896339893
v 4.25197124 1.83533096 -0.896340013
v 3.43725204 1.83533096 -0.896339893
v 4.25197124 2.44902897 -0.896340013
v 4.25197124 1.83533096 -0.248813897
v 4.25197124 1.83533096 -0.896340013
v 3.43725204 1.83533096 -0.896339893
v 4.25197124 1.83533096 -0.248813897
v 3.43725204 1.83533096 -0.248813793
v 3.43725204 2.44902897 -0.248813793
v 4.25197124 2.44902897 -0.896340013
v 3.43725204 2.44902897 -0.896339893
v 4.25197124 2.44902897 -0.248813897
v 3.43725204 2.44902897 -0.248813793
v 3.43725204 1.83533096 -0.248813793
v 3.43725204 2.44902897 -0.248813793
v 3.43725204 2.44902897 -0.896339893
v 3.43725204 1.83533096 -0.896339893
v 3.43725204 2.44902897 -0.896339893
v 4.25197124 2.44902897 -0.896340013
v 4.25197124 1.83533096 -0.896340013
v 4.25197124 2.44902897 -0.896340013
v 4.25197124 2.44902897 -0.248813897
v 4.25197124 1.83533096 -0.248813897
v 3.43725204 1.83533096 -0.896339893
v 4.25197124 1.83533096 -0.896340013
v 4.25197124 1.83533096 -0.248813897
v 3.43725204 2.44902897 -0.248813793
v 4.25197124 2.44902897 -0.248813897
v 4.25197124 2.44902897 -0.896340013
v 4.25197124 1.84739804 0.332668602
v 3.43725204 2.461097 0.332668602
v 4.25197124 2.461097 0.332668602
v 3.43725204 1.84739804 0.332668602
v 3.43725204 2.461097 0.980194688
v 3.43725204 2.461097 0.332668602
v 3.43725204 1.847399 0.980194688
v 4.25197124 2.461097 0.980194628
v 3.43725204 2.461097 0.980194688
v 4.25197124 1.847399 0.980194628
v 4.25197124 2.461097 0.332668602
v 4.25197124 2.461097 0.980194628
v 3.43725204 2.461097 0.980194688
v 4.25197124 2.461097 0.332668602
v 3.43725204 2.461097 0.332668602
v 3.43725204 1.84739804 0.332668602
v 4.25197124 1.847399 0.980194628
v 3.43725204 1.847399 0.980194688
v 4.25197124 1.84739804 0.332668602
v 3.43725204 1.84739804 0.332668602
v 3.43725204 2.461097 0.332668602
v 3.43725204 1.84739804 0.332668602
v 3.43725204 1.847399 0.980194688
v 3.43725204 2.461097 0.980194688
v 3.43725204 1.847399 0.980194688
v 4.25197124 1.847399 0.980194628
v 4.25197124 2.461097 0.980194628
v 4.25197124 1.847399 0.980194628
v 4.25197124 1.84739804 0.332668602
v 4.25197124 2.461097 0.332668602
v 3.43725204 2.461097 0.980194688
v 4.25197124 2.461097 0.980194628
v 4.25197124 2.461097 0.332668602
v 3.43725204 1.84739804 0.332668602
v 4.25197124 1.84739804 0.332668602
v 4.25197124 1.847399 0.980194628
v 4.25197124 3.07416701 -0.248813897
v 3.43725204 2.46046805 -0.248813793
v 4.25197124 2.46046805 -0.248813897
v 3.43725204 3.07416701 -0.248813793
v 3.43725204 2.46046805 -0.896339893
v 3.43725204 2.46046805 -0.248813793
v 3.43725204 3.07416701 -0.896339893
v 4.25197124 2.46046805 -0.896340013
v 3.43725204 2.46046805 -0.896339893
v 4.25197124 3.07416701 -0.896340013
v 4.25197124 2.46046805 -0.248813897
v 4.25197124 2.46046805 -0.896340013
v 3.43725204 2.46046805 -0.896339893
v 4.25197124 2.46046805 -0.248813897
v 3.43725204 2.46046805 -0.248813793
v 3.43725204 3.07416701 -0.248813793
v 4.25197124 3.07416701 -0.896340013
v 3.43725204 3.07416701 -0.896339893
v 4.25197124 3.07416701 -0.248813897
v 3.43725204 3.07416701 -0.248813793
v 3.43725204 2.46046805 -0.248813793
v 3.43725204 3.07416701 -0.248813793
v 3.43725204 3.07416701 -0.896339893
v 3.43725204 2.46046805 -0.896339893
v 3.43725204 3.07416701 -0.896339893
v 4.25197124 3.07416701 -0.896340013
v 4.25197124 2.46046805 -0.896340013
v 4.25197124 3.07416701 -0.896340013
v 4.25197124 3.07416701 -0.248813897
v 4.25197124 2.46046805 -0.248813897
v 3.43725204 2.46046805 -0.896339893
v 4.25197124 2.46046805 -0.896340013
v 4.25197124 2.46046805 -0.248813897
v 3.43725204 3.07416701 -0.248813793
v 4.25197124 3.07416701 -0.248813897
v 4.25197124 3.07416701 -0.896340013
v 4.25197124 2.46046805 0.29998821
v 3.43725204 3.07416701 0.29998821
v 4.25197124 3.07416701 0.29998821
v 3.43725204 2.46046805 0.29998821
v 3.43725204 3.07416701 0.947514296
v 3.43725204 3.07416701 0.29998821
v 3.43725204 2.46046805 0.947514296
v 4.25197124 3.07416701 0.947514176
v 3.43725204 3.07416701 0.947514296
v 4.25197124 2.46046805 0.947514176
v 4.25197124 3.07416701 0.29998821
v 4.25197124 3.07416701 0.947514176
v 3.43725204 3.07416701 0.947514296
v 4.25197124 3.07416701 0.29998821
v 3.43725204 3.07416701 0.29998821
v 3.43725204 2.46046805 0.29998821
v 4.25197124 2.46046805 0.947514176
v 3.43725204 2.46046805 0.947514296
v 4.25197124 2.46046805 0.29998821
v 3.43725204 2.46046805 0.29998821
v 3.43725204 3.07416701 0.29998821
v 3.43725204 2.46046805 0.29998821
v 3.43725204 2.46046805 0.947514296
v 3.43725204 3.07416701 0.947514296
v 3.43725204 2.46046805 0.947514296
v 4.25197124 2.46046805 0.947514176
v 4.25197124 3.07416701 0.947514176
v 4.25197124 2.46046805 0.947514176
v 4.25197124 2.46046805 0.29998821
v 4.25197124 3.07416701 0.29998821
v 3.43725204 3.07416701 0.947514296
v 4.25197124 3.07416701 0.947514176
v 4.25197124 3.07416701 0.29998821
v 3.43725204 2.46046805 0.29998821
v 4.25197124 2.46046805 0.29998821
v 4.25197124 2.46046805 0.947514176
v 0.833639622 2.44902897 -0.248813599
v 0.0189204197 1.83533096 -0.248813599
v 0.833639622 1.83533096 -0.248813599
v 0.0189204197 2.44902897 -0.248813599
v 0.0189204197 1.83533096 -0.896339715
v 0.0189204197 1.83533096 -0.248813599
v 0.0189204197 2.44902897 -0.896339715
v 0.833639622 1.83533096 -0.896339715
v 0.0189204197 1.83533096 -0.896339715
v 0.833639622 2.44902897 -0.896339715
v 0.833639622 1.83533096 -0.248813599
v 0.833639622 1.83533096 -0.896339715
v 0.0189204197 1.83533096 -0.896339715
v 0.833639622 1.83533096 -0.248813599
v 0.0189204197 1.83533096 -0.248813599
v 0.0189204197 2.44902897 -0.248813599
v 0.833639622 2.44902897 -0.896339715
v 0.0189204197 2.44902897 -0.896339715
v 0.833639622 2.44902897 -0.248813599
v 0.0189204197 2.44902897 -0.248813599
v 0.0189204197 1.83533096 -0.248813599
v 0.0189204197 2.44902897 -0.248813599
v 0.0189204197 2.44902897 -0.896339715
v 0.0189204197 1.83533096 -0.896339715
v 0.0189204197 2.44902897 -0.896339715
v 0.833639622 2.44902897 -0.896339715
v 0.833639622 1.83533096 -0.896339715
v 0.833639622 2.44902897 -0.896339715
v 0.833639622 2.44902897 -0.248813599
v 0.833639622 1.83533096 -0.248813599
v 0.0189204197 1.83533096 -0.896339715
v 0.833639622 1.83533096 -0.896339715
v 0.833639622 1.83533096 -0.248813599
v 0.0189204197 2.44902897 -0.248813599
v 0.833639622 2.44902897 -0.248813599
v 0.833639622 2.44902897 -0.896339715
v 1.67972493 2.44902897 -0.248813704
v 0.865005016 1.83533096 -0.248813599
v 1.67972493 1.83533096 -0.248813704
v 0.865005016 2.44902897 -0.248813599
v 0.865005016 1.83533096 -0.896339715
v 0.865005016 1.83533096 -0.248813599
v 0.865005016 2.44902897 -0.896339715
v 1.67972493 1.83533096 -0.896339774
v 0.865005016 1.83533096 -0.896339715
v 1.67972493 2.44902897 -0.896339774
v 1.67972493 1.83533096 -0.248813704
v 1.67972493 1.83533096 -0.896339774
v 0.865005016 1.83533096 -0.896339715
v 1.67972493 1.83533096 -0.248813704
v 0.865005016 1.83533096 -0.248813599
v 0.865005016 2.44902897 -0.248813599
v 1.67972493 2.44902897 -0.896339774
v 0.865005016 2.44902897 -0.896339715
v 1.67972493 2.44902897 -0.248813704
v 0.865005016 2.44902897 -0.248813599
v 0.865005016 1.83533096 -0.248813599
v 0.865005016 2.44902897 -0.248813599
v 0.865005016 2.44902897 -0.896339715
v 0.865005016 1.83533096 -0.896339715
v 0.865005016 2.44902897 -0.896339715
v 1.67972493 2.44902897 -0.896339774
v 1.67972493 1.83533096 -0.896339774
v 1.67972493 2.44902897 -0.896339774
v 1.67972493 2.44902897 -0.248813704
v 1.67972493 1.83533096 -0.248813704
v 0.865005016 1.83533096 -0.896339715
v 1.67972493 1.83533096 -0.896339774
v 1.67972493 1.83533096 -0.248813704
v 0.865005016 2.44902897 -0.248813599
v 1.67972493 2.44902897 -0.248813704
v 1.67972493 2.44902897 -0.896339774
v 1.67972493 1.84739804 0.332668811
v 0.865005016 2.461097 0.3326689
v 1.67972493 2.461097 0.332668811
v 0.865005016 1.84739804 0.3326689
v 0.86500603 2.461097 0.980194926
v 0.865005016 2.461097 0.3326689
v 0.86500603 1.847399 0.980194926
v 1.67972493 2.461097 0.980194807
v 0.86500603 2.461097 0.980194926
v 1.67972493 1.847399 0.980194807
v 1.67972493 2.461097 0.332668811
v 1.67972493 2.461097 0.980194807
v 0.86500603 2.461097 0.980194926
v 1.67972493 2.461097 0.332668811
v 0.865005016 2.461097 0.3326689
v 0.865005016 1.84739804 0.3326689
v 1.67972493 1.847399 0.980194807
v 0.86500603 1.847399 0.980194926
v 1.67972493 1.84739804 0.332668811
v 0.865005016 1.84739804 0.3326689
v 0.865005016 2.461097 0.3326689
v 0.865005016 1.84739804 0.3326689
v 0.86500603 1.847399 0.980194926
v 0.86500603 2.461097 0.980194926
v 0.86500603 1.847399 0.980194926
v 1.67972493 1.847399 0.980194807
v 1.67972493 2.461097 0.980194807
v 1.67972493 1.847399 0.980194807
v 1.67972493 1.84739804 0.332668811
v 1.67972493 2.461097 0.332668811
v 0.86500603 2.461097 0.980194926
v 1.67972493 2.461097 0.980194807
v 1.67972493 2.461097 0.332668811
v 0.865005016 1.84739804 0.3326689
v 1.67972493 1.84739804 0.332668811
v 1.67972493 1.847399 0.980194807
v 1.67972493 3.07416701 -0.248813704
v 0.865005016 2.46046805 -0.248813599
v 1.67972493 2.46046805 -0.248813704
v 0.865005016 3.07416701 -0.248813599
v 0.865005016 2.46046805 -0.896339715
v 0.865005016 2.46046805 -0.248813599
v 0.865005016 3.07416701 -0.896339715
v 1.67972493 2.46046805 -0.896339774
v 0.865005016 2.46046805 -0.896339715
v 1.67972493 3.07416701 -0.896339774
v 1.67972493 2.46046805 -0.248813704
v 1.67972493 2.46046805 -0.896339774
v 0.865005016 2.46046805 -0.896339715
v 1.67972493 2.46046805 -0.248813704
v 0.865005016 2.46046805 -0.248813599
v 0.865005016 3.07416701 -0.248813599
v 1.67972493 3.07416701 -0.896339774
v 0.865005016 3.07416701 -0.896339715
v 1.67972493 3.07416701 -0.248813704
v 0.865005016 3.07416701 -0.248813599
v 0.865005016 2.46046805 -0.248813599
v 0.865005016 3.07416701 -0.248813599
v 0.865005016 3.07416701 -0.896339715
v 0.865005016 2.46046805 -0.896339715
v 0.865005016 3.07416701 -0.896339715
v 1.67972493 3.07416701 -0.896339774
v 1.67972493 2.46046805 -0.896339774
v 1.67972493 3.07416701 -0.896339774
v 1.67972493 3.07416701 -0.248813704
v 1.67972493 2.46046805 -0.248813704
v 0.865005016 2.46046805 -0.896339715
v 1.67972493 2.46046805 -0.896339774
v 1.67972493 2.46046805 -0.248813704
v 0.865005016 3.07416701 -0.248813599
v 1.67972493 3.07416701 -0.248813704
v 1.67972493 3.07416701 -0.896339774
v 1.67972493 2.46046805 0.299988389
v 0.865005016 3.07416701 0.299988508
v 1.67972493 3.07416701 0.299988389
v 0.865005016 2.46046805 0.299988508
v 0.86500603 3.07416701 0.947514474
v 0.865005016 3.07416701 0.299988508
v 0.86500603 2.46046805 0.947514474
v 1.67972493 3.07416701 0.947514415
v 0.86500603 3.07416701 0.947514474
v 1.67972493 2.46046805 0.947514415
v 1.67972493 3.07416701 0.299988389
v 1.67972493 3.07416701 0.947514415
v 0.86500603 3.07416701 0.947514474
v 1.67972493 3.07416701 0.299988389
v 0.865005016 3.07416701 0.299988508
v 0.865005016 2.46046805 0.299988508
v 1.67972493 2.46046805 0.947514415
v 0.86500603 2.46046805 0.947514474
v 1.67972493 2.46046805 0.299988389
v 0.865005016 2.46046805 0.299988508
v 0.865005016 3.07416701 0.299988508
v 0.865005016 2.46046805 0.299988508
v 0.86500603 2.46046805 0.947514474
v 0.86500603 3.07416701 0.947514474
v 0.86500603 2.46046805 0.947514474
v 1.67972493 2.46046805 0.947514415
v 1.67972493 3.07416701 0.947514415
v 1.67972493 2.46046805 0.947514415
v 1.67972493 2.46046805 0.299988389
v 1.67972493 3.07416701 0.299988389
v 0.86500603 3.07416701 0.947514474
v 1.67972493 3.07416701 0.947514415
v 1.67972493 3.07416701 0.299988389
v 0.865005016 2.46046805 0.299988508
v 1.67972493 2.46046805 0.299988389
v 1.67972493 2.46046805 0.947514415
v 2.56276608 2.45188999 -0.27936101
v 1.74804592 1.83819103 -0.27936101
v 2.56276608 1.83819103 -0.27936101
v 1.74804592 2.45188999 -0.27936101
v 1.74804592 1.83819103 -0.926886976
v 1.74804592 1.83819103 -0.27936101
v 1.74804592 2.45188999 -0.926886976
v 2.56276608 1.83819103 -0.926886976
v 1.74804592 1.83819103 -0.926886976
v 2.56276608 2.45188999 -0.926886976
v 2.56276608 1.83819103 -0.27936101
v 2.56276608 1.83819103 -0.926886976
v 1.74804592 1.83819103 -0.926886976
v 2.56276608 1.83819103 -0.27936101
v 1.74804592 1.83819103 -0.27936101
v 1.74804592 2.45188999 -0.27936101
v 2.56276608 2.45188999 -0.926886976
v 1.74804592 2.45188999 -0.926886976
v 2.56276608 2.45188999 -0.27936101
v 1.74804592 2.45188999 -0.27936101
v 1.74804592 1.83819103 -0.27936101
v 1.74804592 2.45188999 -0.27936101
v 1.74804592 2.45188999 -0.926886976
v 1.74804592 1.83819103 -0.926886976
v 1.74804592 2.45188999 -0.926886976
v 2.56276608 2.45188999 -0.926886976
v 2.56276608 1.83819103 -0.926886976
v 2.56276608 2.45188999 -0.926886976
v 2.56276608 2.45188999 -0.27936101
v 2.56276608 1.83819103 -0.27936101
v 1.74804592 1.83819103 -0.926886976
v 2.56276608 1.83819103 -0.926886976
v 2.56276608 1.83819103 -0.27936101
v 1.74804592 2.45188999 -0.27936101
v 2.56276608 2.45188999 -0.27936101
v 2.56276608 2.45188999 -0.926886976
v 3.02163291 3.06350899 -0.252325803
v 2.20691299 2.44981098 -0.252325714
v 3.02163291 2.44981098 -0.252325803
v 2.20691299 3.06350899 -0.252325714
v 2.20691299 2.44981098 -0.899851799
v 2.20691299 2.44981098 -0.252325714
v 2.20691299 3.06350899 -0.899851799
v 3.02163291 2.44981098 -0.899851799
v 2.20691299 2.44981098 -0.899851799
v 3.02163291 3.06350899 -0.899851799
v 3.02163291 2.44981098 -0.252325803
v 3.02163291 2.44981098 -0.899851799
v 2.20691299 2.44981098 -0.899851799
v 3.02163291 2.44981098 -0.252325803
v 2.20691299 2.44981098 -0.252325714
v 2.20691299 3.06350899 -0.252325714
v 3.02163291 3.06350899 -0.899851799
v 2.20691299 3.06350899 -0.899851799
v 3.02163291 3.06350899 -0.252325803
v 2.20691299 3.06350899 -0.252325714
v 2.20691299 2.44981098 -0.252325714
v 2.20691299 3.06350899 -0.252325714
v 2.20691299 3.06350899 -0.899851799
v 2.20691299 2.44981098 -0.899851799
v 2.20691299 3.06350899 -0.899851799
v 3.02163291 3.06350899 -0.899851799
v 3.02163291 2.44981098 -0.899851799
v 3.02163291 3.06350899 -0.899851799
v 3.02163291 3.06350899 -0.252325803
v 3.02163291 2.44981098 -0.252325803
v 2.20691299 2.44981098 -0.899851799
v 3.02163291 2.44981098 -0.899851799
v 3.02163291 2.44981098 -0.252325803
v 2.20691299 3.06350899 -0.252325714
v 3.02163291 3.06350899 -0.252325803
v 3.02163291 3.06350899 -0.899851799
v 3.40727401 1.83819103 0.340979487
v 2.59255505 2.45188999 0.340979606
v 3.40727401 2.45188999 0.340979487
v 2.59255505 1.83819103 0.340979606
v 2.59255505 2.45188999 0.988505602
v 2.59255505 2.45188999 0.340979606
v 2.59255505 1.83819103 0.988505602
v 3.40727401 2.45188999 0.988505602
v 2.59255505 2.45188999 0.988505602
v 3.40727401 1.83819103 0.988505602
v 3.40727401 2.45188999 0.340979487
v 3.40727401 2.45188999 0.988505602
v 2.59255505 2.45188999 0.988505602
v 3.40727401 2.45188999 0.340979487
v 2.59255505 2.45188999 0.340979606
v 2.59255505 1.83819103 0.340979606
v 3.40727401 1.83819103 0.988505602
v 2.59255505 1.83819103 0.988505602
v 3.40727401 1.83819103 0.340979487
v 2.59255505 1.83819103 0.340979606
v 2.59255505 2.45188999 0.340979606
v 2.59255505 1.83819103 0.340979606
v 2.59255505 1.83819103 0.988505602
v 2.59255505 2.45188999 0.988505602
v 2.59255505 1.83819103 0.988505602
v 3.40727401 1.83819103 0.988505602
v 3.40727401 2.45188999 0.988505602
v 3.40727401 1.83819103 0.988505602
v 3.40727401 1.83819103 0.340979487
v 3.40727401 2.45188999 0.340979487
v 2.59255505 2.45188999 0.988505602
v 3.40727401 2.45188999 0.988505602
v 3.40727401 2.45188999 0.340979487
v 2.59255505 1.83819103 0.340979606
v 3.40727401 1.83819103 0.340979487
v 3.40727401 1.83819103 0.988505602
v 2.55381393 1.83819103 0.340979606
v 1.73909497 2.45188999 0.340979695
v 2.55381393 2.45188999 0.340979606
v 1.73909497 1.83819103 0.340979695
v 1.73909497 2.45188999 0.988505721
v 1.73909497 2.45188999 0.340979695
v 1.73909497 1.83819103 0.988505721
v 2.55381393 2.45188999 0.988505602
v 1.73909497 2.45188999 0.988505721
v 2.55381393 1.83819103 0.988505602
v 2.55381393 2.45188999 0.340979606
v 2.55381393 2.45188999 0.988505602
v 1.73909497 2.45188999 0.988505721
v 2.55381393 2.45188999 0.340979606
v 1.73909497 2.45188999 0.340979695
v 1.73909497 1.83819103 0.340979695
v 2.55381393 1.83819103 0.988505602
v 1.73909497 1.83819103 0.988505721
v 2.55381393 1.83819103 0.340979606
v 1.73909497 1.83819103 0.340979695
v 1.73909497 2.45188999 0.340979695
v 1.73909497 1.83819103 0.340979695
v 1.73909497 1.83819103 0.988505721
v 1.73909497 2.45188999 0.988505721
v 1.73909497 1.83819103 0.988505721
v 2.55381393 1.83819103 0.988505602
v 2.55381393 2.45188999 0.988505602
v 2.55381393 1.83819103 0.988505602
v 2.55381393 1.83819103 0.340979606
v 2.55381393 2.45188999 0.340979606
v 1.73909497 2.45188999 0.988505721
v 2.55381393 2.45188999 0.988505602
v 2.55381393 2.45188999 0.340979606
v 1.73909497 1.83819103 0.340979695
v 2.55381393 1.83819103 0.340979606
v 2.55381393 1.83819103 0.988505602
v 0.833192408 1.83819103 0.340979815
v 0.0184736196 2.45188999 0.340979815
v 0.833192408 2.45188999 0.340979815
v 0.0184736196 1.83819103 0.340979815
v 0.0184741002 2.45188999 0.988505781
v 0.0184736196 2.45188999 0.340979815
v 0.0184741002 1.83819103 0.988505781
v 0.833193302 2.45188999 0.988505781
v 0.0184741002 2.45188999 0.988505781
v 0.833193302 1.83819103 0.988505781
v 0.833192408 2.45188999 0.340979815
v 0.833193302 2.45188999 0.988505781
v 0.0184741002 2.45188999 0.988505781
v 0.833192408 2.45188999 0.340979815
v 0.0184736196 2.45188999 0.340979815
v 0.0184736196 1.83819103 0.340979815
v 0.833193302 1.83819103 0.988505781
v 0.0184741002 1.83819103 0.988505781
v 0.833192408 1.83819103 0.340979815
v 0.0184736196 1.83819103 0.340979815
v 0.0184736196 2.45188999 0.340979815
v 0.0184736196 1.83819103 0.340979815
v 0.0184741002 1.83819103 0.988505781
v 0.0184741002 2.45188999 0.988505781
v 0.0184741002 1.83819103 0.988505781
v 0.833193302 1.83819103 0.988505781
v 0.833193302 2.45188999 0.988505781
v 0.833193302 1.83819103 0.988505781
v 0.833192408 1.83819103 0.340979815
v 0.833192408 2.45188999 0.340979815
v 0.0184741002 2.45188999 0.988505781
v 0.833193302 2.45188999 0.988505781
v 0.833192408 2.45188999 0.340979815
v 0.0184736196 1.83819103 0.340979815
v 0.833192408 1.83819103 0.340979815
v 0.833193302 1.83819103 0.988505781
v 0.845105708 2.46351504 0.340979815
v 0.0303859692 3.077214 0.340979815
v 0.845105708 3.077214 0.340979815
v 0.0303859692 2.46351504 0.340979815
v 0.0303864405 3.077214 0.988505781
v 0.0303859692 3.077214 0.340979815
v 0.0303864405 2.46351504 0.988505781
v 0.845105708 3.077214 0.988505781
v 0.0303864405 3.077214 0.988505781
v 0.845105708 2.46351504 0.988505781
v 0.845105708 3.077214 0.340979815
v 0.845105708 3.077214 0.988505781
v 0.0303864405 3.077214 0.988505781
v 0.845105708 3.077214 0.340979815
v 0.0303859692 3.077214 0.340979815
v 0.0303859692 2.46351504 0.340979815
v 0.845105708 2.46351504 0.988505781
v 0.0303864405 2.46351504 0.988505781
v 0.845105708 2.46351504 0.340979815
v 0.0303859692 2.46351504 0.340979815
v 0.0303859692 3.077214 0.340979815
v 0.0303859692 2.46351504 0.340979815
v 0.0303864405 2.46351504 0.988505781
v 0.0303864405 3.077214 0.988505781
v 0.0303864405 2.46351504 0.988505781
v 0.845105708 2.46351504 0.988505781
v 0.845105708 3.077214 0.988505781
v 0.845105708 2.46351504 0.988505781
v 0.845105708 2.46351504 0.340979815
v 0.845105708 3.077214 0.340979815
v 0.0303864405 3.077214 0.988505781
v 0.845105708 3.077214 0.988505781
v 0.845105708 3.077214 0.340979815
v 0.0303859692 2.46351504 0.340979815
v 0.845105708 2.46351504 0.340979815
v 0.845105708 2.46351504 0.988505781
v -0.988682806 0.86783731 -0.248813793
v -1.80340195 0.254138708 -0.248813793
v -0.988682806 0.254138708 -0.248813793
v -1.80340195 0.86783731 -0.248813793
v -1.80340195 0.254138708 -0.896339893
v -1.80340195 0.254138708 -0.248813793
v -1.80340195 0.86783731 -0.896339893
v -0.988682806 0.254138708 -0.896339893
v -1.80340195 0.254138708 -0.896339893
v -0.988682806 0.86783731 -0.896339893
v -0.988682806 0.254138708 -0.248813793
v -0.988682806 0.254138708 -0.896339893
v -1.80340195 0.254138708 -0.896339893
v -0.988682806 0.254138708 -0.248813793
v -1.80340195 0.254138708 -0.248813793
v -1.80340195 0.86783731 -0.248813793
v -0.988682806 0.86783731 -0.896339893
v -1.80340195 0.86783731 -0.896339893
v -0.988682806 0.86783731 -0.248813793
v -1.80340195 0.86783731 -0.248813793
v -1.80340195 0.254138708 -0.248813793
v -1.80340195 0.86783731 -0.248813793
v -1.80340195 0.86783731 -0.896339893
v -1.80340195 0.254138708 -0.896339893
v -1.80340195 0.86783731 -0.896339893
v -0.988682806 0.86783731 -0.896339893
v -0.988682806 0.254138708 -0.896339893
v -0.988682806 0.86783731 -0.896339893
v -0.988682806 0.86783731 -0.248813793
v -0.988682806 0.254138708 -0.248813793
v -1.80340195 0.254138708 -0.896339893
v -0.988682806 0.254138708 -0.896339893
v -0.988682806 0.254138708 -0.248813793
v -1.80340195 0.86783731 -0.248813793
v -0.988682806 0.86783731 -0.248813793
v -0.988682806 0.86783731 -0.896339893
v -0.142597601 0.86783731 -0.248813897
v -0.957316875 0.254138708 -0.248813793
v -0.142597601 0.254138708 -0.248813897
v -0.957316875 0.86783731 -0.248813793
v -0.957316875 0.254138708 -0.896339893
v -0.957316875 0.254138708 -0.248813793
v -0.957316875 0.86783731 -0.896339893
v -0.142597601 0.254138708 -0.896340013
v -0.957316875 0.254138708 -0.896339893
v -0.142597601 0.86783731 -0.896340013
v -0.142597601 0.254138708 -0.248813897
v -0.142597601 0.254138708 -0.896340013
v -0.957316875 0.254138708 -0.896339893
v -0.142597601 0.254138708 -0.248813897
v -0.957316875 0.254138708 -0.248813793
v -0.957316875 0.86783731 -0.248813793
v -0.142597601 0.86783731 -0.896340013
v -0.957316875 0.86783731 -0.896339893
v -0.142597601 0.86783731 -0.248813897
v -0.957316875 0.86783731 -0.248813793
v -0.957316875 0.254138708 -0.248813793
v -0.957316875 0.86783731 -0.248813793
v -0.957316875 0.86783731 -0.896339893
v -0.957316875 0.254138708 -0.896339893
v -0.957316875 0.86783731 -0.896339893
v -0.142597601 0.86783731 -0.896340013
v -0.142597601 0.254138708 -0.896340013
v -0.142597601 0.86783731 -0.896340013
v -0.142597601 0.86783731 -0.248813897
v -0.142597601 0.254138708 -0.248813897
v -0.957316875 0.254138708 -0.896339893
v -0.142597601 0.254138708 -0.896340013
v -0.142597601 0.254138708 -0.248813897
v -0.957316875 0.86783731 -0.248813793
v -0.142597601 0.86783731 -0.248813897
v -0.142597601 0.86783731 -0.896340013
v -0.142597601 0.266206294 0.332668602
v -0.957316875 0.879904926 0.332668602
v -0.142597601 0.879904926 0.332668602
v -0.957316875 0.266206294 0.332668602
v -0.957316875 0.879904985 0.980194688
v -0.957316875 0.879904926 0.332668602
v -0.957316875 0.266206294 0.980194688
v -0.142597601 0.879904985 0.980194628
v -0.957316875 0.879904985 0.980194688
v -0.142597601 0.266206294 0.980194628
v -0.142597601 0.879904926 0.332668602
v -0.142597601 0.879904985 0.980194628
v -0.957316875 0.879904985 0.980194688
v -0.142597601 0.879904926 0.332668602
v -0.957316875 0.879904926 0.332668602
v -0.957316875 0.266206294 0.332668602
v -0.142597601 0.266206294 0.980194628
v -0.957316875 0.266206294 0.980194688
v -0.142597601 0.266206294 0.332668602
v -0.957316875 0.266206294 0.332668602
v -0.957316875 0.879904926 0.332668602
v -0.957316875 0.266206294 0.332668602
v -0.957316875 0.266206294 0.980194688
v -0.957316875 0.879904985 0.980194688
v -0.957316875 0.266206294 0.980194688
v -0.142597601 0.266206294 0.980194628
v -0.142597601 0.879904985 0.980194628
v -0.142597601 0.266206294 0.980194628
v -0.142597601 0.266206294 0.332668602
v -0.142597601 0.879904926 0.332668602
v -0.957316875 0.879904985 0.980194688
v -0.142597601 0.879904985 0.980194628
v -0.142597601 0.879904926 0.332668602
v -0.957316875 0.266206294 0.332668602
v -0.142597601 0.266206294 0.332668602
v -0.142597601 0.266206294 0.980194628
v -0.142597601 1.49297404 -0.248813897
v -0.957316875 0.879275918 -0.248813793
v -0.142597601 0.879275918 -0.248813897
v -0.957316875 1.49297404 -0.248813793
v -0.957316875 0.879275918 -0.896339893
v -0.957316875 0.879275918 -0.248813793
v -0.957316875 1.49297404 -0.896339893
v -0.142597601 0.879275918 -0.896340013
v -0.957316875 0.879275918 -0.896339893
v -0.142597601 1.49297404 -0.896340013
v -0.142597601 0.879275918 -0.248813897
v -0.142597601 0.879275918 -0.896340013
v -0.957316875 0.879275918 -0.896339893
v -0.142597601 0.879275918 -0.248813897
v -0.957316875 0.879275918 -0.248813793
v -0.957316875 1.49297404 -0.248813793
v -0.142597601 1.49297404 -0.896340013
v -0.957316875 1.49297404 -0.896339893
v -0.142597601 1.49297404 -0.248813897
v -0.957316875 1.49297404 -0.248813793
v -0.957316875 0.879275918 -0.248813793
v -0.957316875 1.49297404 -0.248813793
v -0.957316875 1.49297404 -0.896339893
v -0.957316875 0.879275918 -0.896339893
v -0.957316875 1.49297404 -0.896339893
v -0.142597601 1.49297404 -0.896340013
v -0.142597601 0.879275918 -0.896340013
v -0.142597601 1.49297404 -0.896340013
v -0.142597601 1.49297404 -0.248813897
v -0.142597601 0.879275918 -0.248813897
v -0.957316875 0.879275918 -0.896339893
v -0.142597601 0.879275918 -0.896340013
v -0.142597601 0.879275918 -0.248813897
v -0.957316875 1.49297404 -0.248813793
v -0.142597601 1.49297404 -0.248813897
v -0.142597601 1.49297404 -0.896340013
v -0.142597601 0.879275799 0.29998821
v -0.957316875 1.49297404 0.29998821
v -0.142597601 1.49297404 0.29998821
v -0.957316875 0.879275799 0.29998821
v -0.957316875 1.49297404 0.947514296
v -0.957316875 1.49297404 0.29998821
v -0.957316875 0.879275918 0.947514296
v -0.142597601 1.49297404 0.947514176
v -0.957316875 1.49297404 0.947514296
v -0.142597601 0.879275918 0.947514176
v -0.142597601 1.49297404 0.29998821
v -0.142597601 1.49297404 0.947514176
v -0.957316875 1.49297404 0.947514296
v -0.142597601 1.49297404 0.29998821
v -0.957316875 1.49297404 0.29998821
v -0.957316875 0.879275799 0.29998821
v -0.142597601 0.879275918 0.947514176
v -0.957316875 0.879275918 0.947514296
v -0.142597601 0.879275799 0.29998821
v -0.957316875 0.879275799 0.29998821
v -0.957316875 1.49297404 0.29998821
v -0.957316875 0.879275799 0.29998821
v -0.957316875 0.879275918 0.947514296
v -0.957316875 1.49297404 0.947514296
v -0.957316875 0.879275918 0.947514296
v -0.142597601 0.879275918 0.947514176
v -0.142597601 1.49297404 0.947514176
v -0.142597601 0.879275918 0.947514176
v -0.142597601 0.879275799 0.29998821
v -0.142597601 1.49297404 0.29998821
v -0.957316875 1.49297404 0.947514296
v -0.142597601 1.49297404 0.947514176
v -0.142597601 1.49297404 0.29998821
v -0.957316875 0.879275799 0.29998821
v -0.142597601 0.879275799 0.29998821
v -0.142597601 0.879275918 0.947514176
v -3.56092906 0.86783731 -0.248813599
v -4.37564802 0.254138708 -0.248813599
v -3.56092906 0.254138708 -0.248813599
v -4.37564802 0.86783731 -0.248813599
v -4.37564802 0.254138708 -0.896339715
v -4.37564802 0.254138708 -0.248813599
v -4.37564802 0.86783731 -0.896339715
v -3.56092906 0.254138708 -0.896339715
v -4.37564802 0.254138708 -0.896339715
v -3.56092906 0.86783731 -0.896339715
v -3.56092906 0.254138708 -0.248813599
v -3.56092906 0.254138708 -0.896339715
v -4.37564802 0.254138708 -0.896339715
v -3.56092906 0.254138708 -0.248813599
v -4.37564802 0.254138708 -0.248813599
v -4.37564802 0.86783731 -0.248813599
v -3.56092906 0.86783731 -0.896339715
v -4.37564802 0.86783731 -0.896339715
v -3.56092906 0.86783731 -0.248813599
v -4.37564802 0.86783731 -0.248813599
v -4.37564802 0.254138708 -0.248813599
v -4.37564802 0.86783731 -0.248813599
v -4.37564802 0.86783731 -0.896339715
v -4.37564802 0.254138708 -0.896339715
v -4.37564802 0.86783731 -0.896339715
v -3.56092906 0.86783731 -0.896339715
v -3.56092906 0.254138708 -0.896339715
v -3.56092906 0.86783731 -0.896339715
v -3.56092906 0.86783731 -0.248813599
v -3.56092906 0.254138708 -0.248813599
v -4.37564802 0.254138708 -0.896339715
v -3.56092906 0.254138708 -0.896339715
v -3.56092906 0.254138708 -0.248813599
v -4.37564802 0.86783731 -0.248813599
v -3.56092906 0.86783731 -0.248813599
v -3.56092906 0.86783731 -0.896339715
v -2.71484399 0.86783731 -0.248813704
v -3.52956295 0.254138708 -0.248813599
v -2.71484399 0.254138708 -0.248813704
v -3.52956295 0.86783731 -0.248813599
v -3.52956295 0.254138708 -0.896339715
v -3.52956295 0.254138708 -0.248813599
v -3.52956295 0.86783731 -0.896339715
v -2.71484399 0.254138708 -0.896339774
v -3.52956295 0.254138708 -0.896339715
v -2.71484399 0.86783731 -0.896339774
v -2.71484399 0.254138708 -0.248813704
v -2.71484399 0.254138708 -0.896339774
v -3.52956295 0.254138708 -0.896339715
v -2.71484399 0.254138708 -0.248813704
v -3.52956295 0.254138708 -0.248813599
v -3.52956295 0.86783731 -0.248813599
v -2.71484399 0.86783731 -0.896339774
v -3.52956295 0.86783731 -0.896339715
v -2.71484399 0.86783731 -0.248813704
v -3.52956295 0.86783731 -0.248813599
v -3.52956295 0.254138708 -0.248813599
v -3.52956295 0.86783731 -0.248813599
v -3.52956295 0.86783731 -0.896339715
v -3.52956295 0.254138708 -0.896339715
v -3.52956295 0.86783731 -0.896339715
v -2.71484399 0.86783731 -0.896339774
v -2.71484399 0.254138708 -0.896339774
v -2.71484399 0.86783731 -0.896339774
v -2.71484399 0.86783731 -0.248813704
v -2.71484399 0.254138708 -0.248813704
v -3.52956295 0.254138708 -0.896339715
v -2.71484399 0.254138708 -0.896339774
v -2.71484399 0.254138708 -0.248813704
v -3.52956295 0.86783731 -0.248813599
v -2.71484399 0.86783731 -0.248813704
v -2.71484399 0.86783731 -0.896339774
v -2.71484399 0.266206294 0.332668811
v -3.52956295 0.879904926 0.3326689
v -2.71484399 0.879904926 0.332668811
v -3.52956295 0.266206294 0.3326689
v -3.529562 0.879904985 0.980194926
v -3.52956295 0.879904926 0.3326689
v -3.529562 0.266206294 0.980194926
v -2.71484399 0.879904985 0.980194807
v -3.529562 0.879904985 0.980194926
v -2.71484399 0.266206294 0.980194807
v -2.71484399 0.879904926 0.332668811
v -2.71484399 0.879904985 0.980194807
v -3.529562 0.879904985 0.980194926
v -2.71484399 0.879904926 0.332668811
v -3.52956295 0.879904926 0.3326689
v -3.52956295 0.266206294 0.3326689
v -2.71484399 0.266206294 0.980194807
v -3.529562 0.266206294 0.980194926
v -2.71484399 0.266206294 0.332668811
v -3.52956295 0.266206294 0.3326689
v -3.52956295 0.879904926 0.3326689
v -3.52956295 0.266206294 0.3326689
v -3.529562 0.266206294 0.980194926
v -3.529562 0.879904985 0.980194926
v -3.529562 0.266206294 0.980194926
v -2.71484399 0.266206294 0.980194807
v -2.71484399 0.879904985 0.980194807
v -2.71484399 0.266206294 0.980194807
v -2.71484399 0.266206294 0.332668811
v -2.71484399 0.879904926 0.332668811
v -3.529562 0.879904985 0.980194926
v -2.71484399 0.879904985 0.980194807
v -2.71484399 0.879904926 0.332668811
v -3.52956295 0.266206294 0.3326689
v -2.71484399 0.266206294 0.332668811
v -2.71484399 0.266206294 0.980194807
v -2.71484399 1.49297404 -0.248813704
v -3.52956295 0.879275918 -0.248813599
v -2.71484399 0.879275918 -0.248813704
v -3.52956295 1.49297404 -0.248813599
v -3.52956295 0.879275918 -0.896339715
v -3.52956295 0.879275918 -0.248813599
v -3.52956295 1.49297404 -0.896339715
v -2.71484399 0.879275918 -0.896339774
v -3.52956295 0.879275918 -0.896339715
v -2.71484399 1.49297404 -0.896339774
v -2.71484399 0.879275918 -0.248813704
v -2.71484399 0.879275918 -0.896339774
v -3.52956295 0.879275918 -0.896339715
v -2.71484399 0.879275918 -0.248813704
v -3.52956295 0.879275918 -0.248813599
v -3.52956295 1.49297404 -0.248813599
v -2.71484399 1.49297404 -0.896339774
v -3.52956295 1.49297404 -0.896339715
v -2.71484399 1.49297404 -0.248813704
v -3.52956295 1.49297404 -0.248813599
v -3.52956295 0.879275918 -0.248813599
v -3.52956295 1.49297404 -0.248813599
v -3.52956295 1.49297404 -0.896339715
v -3.52956295 0.879275918 -0.896339715
v -3.52956295 1.49297404 -0.896339715
v -2.71484399 1.49297404 -0.896339774
v -2.71484399 0.879275918 -0.896339774
v -2.71484399 1.49297404 -0.896339774
v -2.71484399 1.49297404 -0.248813704
v -2.71484399 0.879275918 -0.248813704
v -3.52956295 0.879275918 -0.896339715
v -2.71484399 0.879275918 -0.896339774
v -2.71484399 0.879275918 -0.248813704
v -3.52956295 1.49297404 -0.248813599
v -2.71484399 1.49297404 -0.248813704
v -2.71484399 1.49297404 -0.896339774
v -2.71484399 0.879275799 0.299988389
v -3.52956295 1.49297404 0.299988508
v -2.71484399 1.49297404 0.299988389
v -3.52956295 0.879275799 0.299988508
v -3.529562 1.49297404 0.947514474
v -3.52956295 1.49297404 0.299988508
v -3.529562 0.879275918 0.947514474
v -2.71484399 1.49297404 0.947514415
v -3.529562 1.49297404 0.947514474
v -2.71484399 0.879275918 0.947514415
v -2.71484399 1.49297404 0.299988389
v -2.71484399 1.49297404 0.947514415
v -3.529562 1.49297404 0.947514474
v -2.71484399 1.49297404 0.299988389
v -3.52956295 1.49297404 0.299988508
v -3.52956295 0.879275799 0.299988508
v -2.71484399 0.879275918 0.947514415
v -3.529562 0.879275918 0.947514474
v -2.71484399 0.879275799 0.299988389
v -3.52956295 0.879275799 0.299988508
v -3.52956295 1.49297404 0.299988508
v -3.52956295 0.879275799 0.299988508
v -3.529562 0.879275918 0.947514474
v -3.529562 1.49297404 0.947514474
v -3.529562 0.879275918 0.947514474
v -2.71484399 0.879275918 0.947514415
v -2.71484399 1.49297404 0.947514415
v -2.71484399 0.879275918 0.947514415
v -2.71484399 0.879275799 0.299988389
v -2.71484399 1.49297404 0.299988389
v -3.529562 1.49297404 0.947514474
v -2.71484399 1.49297404 0.947514415
v -2.71484399 1.49297404 0.299988389
v -3.52956295 0.879275799 0.299988508
v -2.71484399 0.879275799 0.299988389
v -2.71484399 0.879275918 0.947514415
v -1.83180308 0.870697677 -0.27936101
v -2.64652205 0.256999105 -0.27936101
v -1.83180308 0.256999105 -0.27936101
v -2.64652205 0.870697677 -0.27936101
v -2.64652205 0.256999105 -0.926886976
v -2.64652205 0.256999105 -0.27936101
v -2.64652205 0.870697677 -0.926886976
v -1.83180308 0.256999105 -0.926886976
v -2.64652205 0.256999105 -0.926886976
v -1.83180308 0.870697677 -0.926886976
v -1.83180308 0.256999105 -0.27936101
v -1.83180308 0.256999105 -0.926886976
v -2.64652205 0.256999105 -0.926886976
v -1.83180308 0.256999105 -0.27936101
v -2.64652205 0.256999105 -0.27936101
v -2.64652205 0.870697677 -0.27936101
v -1.83180308 0.870697677 -0.926886976
v -2.64652205 0.870697677 -0.926886976
v -1.83180308 0.870697677 -0.27936101
v -2.64652205 0.870697677 -0.27936101
v -2.64652205 0.256999105 -0.27936101
v -2.64652205 0.870697677 -0.27936101
v -2.64652205 0.870697677 -0.926886976
v -2.64652205 0.256999105 -0.926886976
v -2.64652205 0.870697677 -0.926886976
v -1.83180308 0.870697677 -0.926886976
v -1.83180308 0.256999105 -0.926886976
v -1.83180308 0.870697677 -0.926886976
v -1.83180308 0.870697677 -0.27936101
v -1.83180308 0.256999105 -0.27936101
v -2.64652205 0.256999105 -0.926886976
v -1.83180308 0.256999105 -0.926886976
v -1.83180308 0.256999105 -0.27936101
v -2.64652205 0.870697677 -0.27936101
v -1.83180308 0.870697677 -0.27936101
v -1.83180308 0.870697677 -0.926886976
v -1.37293601 1.48231697 -0.252325803
v -2.18765497 0.868618727 -0.252325714
v -1.37293601 0.868618727 -0.252325803
v -2.18765497 1.48231697 -0.252325714
v -2.18765497 0.868618727 -0.899851799
v -2.18765497 0.868618727 -0.252325714
v -2.18765497 1.48231697 -0.899851799
v -1.37293601 0.868618727 -0.899851799
v -2.18765497 0.868618727 -0.899851799
v -1.37293601 1.48231697 -0.899851799
v -1.37293601 0.868618727 -0.252325803
v -1.37293601 0.868618727 -0.899851799
v -2.18765497 0.868618727 -0.899851799
v -1.37293601 0.868618727 -0.252325803
v -2.18765497 0.868618727 -0.252325714
v -2.18765497 1.48231697 -0.252325714
v -1.37293601 1.48231697 -0.899851799
v -2.18765497 1.48231697 -0.899851799
v -1.37293601 1.48231697 -0.252325803
v -2.18765497 1.48231697 -0.252325714
v -2.18765497 0.868618727 -0.252325714
v -2.18765497 1.48231697 -0.252325714
v -2.18765497 1.48231697 -0.899851799
v -2.18765497 0.868618727 -0.899851799
v -2.18765497 1.48231697 -0.899851799
v -1.37293601 1.48231697 -0.899851799
v -1.37293601 0.868618727 -0.899851799
v -1.37293601 1.48231697 -0.899851799
v -1.37293601 1.48231697 -0.252325803
v -1.37293601 0.868618727 -0.252325803
v -2.18765497 0.868618727 -0.899851799
v -1.37293601 0.868618727 -0.899851799
v -1.37293601 0.868618727 -0.252325803
v -2.18765497 1.48231697 -0.252325714
v -1.37293601 1.48231697 -0.252325803
v -1.37293601 1.48231697 -0.899851799
v -0.987294674 0.256998986 0.340979487
v -1.80201399 0.870697618 0.340979606
v -0.987294674 0.870697618 0.340979487
v -1.80201399 0.256998986 0.340979606
v -1.80201399 0.870697677 0.988505602
v -1.80201399 0.870697618 0.340979606
v -1.80201399 0.256999105 0.988505602
v -0.987294674 0.870697677 0.988505602
v -1.80201399 0.870697677 0.988505602
v -0.987294674 0.256999105 0.988505602
v -0.987294674 0.870697618 0.340979487
v -0.987294674 0.870697677 0.988505602
v -1.80201399 0.870697677 0.988505602
v -0.987294674 0.870697618 0.340979487
v -1.80201399 0.870697618 0.340979606
v -1.80201399 0.256998986 0.340979606
v -0.987294674 0.256999105 0.988505602
v -1.80201399 0.256999105 0.988505602
v -0.987294674 0.256998986 0.340979487
v -1.80201399 0.256998986 0.340979606
v -1.80201399 0.870697618 0.340979606
v -1.80201399 0.256998986 0.340979606
v -1.80201399 0.256999105 0.988505602
v -1.80201399 0.870697677 0.988505602
v -1.80201399 0.256999105 0.988505602
v -0.987294674 0.256999105 0.988505602
v -0.987294674 0.870697677 0.988505602
v -0.987294674 0.256999105 0.988505602
v -0.987294674 0.256998986 0.340979487
v -0.987294674 0.870697618 0.340979487
v -1.80201399 0.870697677 0.988505602
v -0.987294674 0.870697677 0.988505602
v -0.987294674 0.870697618 0.340979487
v -1.80201399 0.256998986 0.340979606
v -0.987294674 0.256998986 0.340979487
v -0.987294674 0.256999105 0.988505602
v -1.84075403 0.256998986 0.340979606
v -2.65547395 0.870697618 0.340979695
v -1.84075403 0.870697618 0.340979606
v -2.65547395 0.256998986 0.340979695
v -2.65547395 0.870697677 0.988505721
v -2.65547395 0.870697618 0.340979695
v -2.65547395 0.256999105 0.988505721
v -1.84075403 0.870697677 0.988505602
v -2.65547395 0.870697677 0.988505721
v -1.84075403 0.256999105 0.988505602
v -1.84075403 0.870697618 0.340979606
v -1.84075403 0.870697677 0.988505602
v -2.65547395 0.870697677 0.988505721
v -1.84075403 0.870697618 0.340979606
v -2.65547395 0.870697618 0.340979695
v -2.65547395 0.256998986 0.340979695
v -1.84075403 0.256999105 0.988505602
v -2.65547395 0.256999105 0.988505721
v -1.84075403 0.256998986 0.340979606
v -2.65547395 0.256998986 0.340979695
v -2.65547395 0.870697618 0.340979695
v -2.65547395 0.256998986 0.340979695
v -2.65547395 0.256999105 0.988505721
v -2.65547395 0.870697677 0.988505721
v -2.65547395 0.256999105 0.988505721
v -1.84075403 0.256999105 0.988505602
v -1.84075403 0.870697677 0.988505602
v -1.84075403 0.256999105 0.988505602
v -1.84075403 0.256998986 0.340979606
v -1.84075403 0.870697618 0.340979606
v -2.65547395 0.870697677 0.988505721
v -1.84075403 0.870697677 0.988505602
v -1.84075403 0.870697618 0.340979606
v -2.65547395 0.256998986 0.340979695
v -1.84075403 0.256998986 0.340979606
v -1.84075403 0.256999105 0.988505602
v -3.56137609 0.256998986 0.340979815
v -4.37609482 0.870697618 0.340979815
v -3.56137609 0.870697618 0.340979815
v -4.37609482 0.256998986 0.340979815
v -4.37609482 0.870697677 0.988505781
v -4.37609482 0.870697618 0.340979815
v -4.37609482 0.256999105 0.988505781
v -3.56137514 0.870697677 0.988505781
v -4.37609482 0.870697677 0.988505781
v -3.56137514 0.256999105 0.988505781
v -3.56137609 0.870697618 0.340979815
v -3.56137514 0.870697677 0.988505781
v -4.37609482 0.870697677 0.988505781
v -3.56137609 0.870697618 0.340979815
v -4.37609482 0.870697618 0.340979815
v -4.37609482 0.256998986 0.340979815
v -3.56137514 0.256999105 0.988505781
v -4.37609482 0.256999105 0.988505781
v -3.56137609 0.256998986 0.340979815
v -4.37609482 0.256998986 0.340979815
v -4.37609482 0.870697618 0.340979815
v -4.37609482 0.256998986 0.340979815
v -4.37609482 0.256999105 0.988505781
v -4.37609482 0.870697677 0.988505781
v -4.37609482 0.256999105 0.988505781
v -3.56137514 0.256999105 0.988505781
v -3.56137514 0.870697677 0.988505781
v -3.56137514 0.256999105 0.988505781
v -3.56137609 0.256998986 0.340979815
v -3.56137609 0.870697618 0.340979815
v -4.37609482 0.870697677 0.988505781
v -3.56137514 0.870697677 0.988505781
v -3.56137609 0.870697618 0.340979815
v -4.37609482 0.256998986 0.340979815
v -3.56137609 0.256998986 0.340979815
v -3.56137514 0.256999105 0.988505781
v -3.54946303 0.882323205 0.340979815
v -4.364182 1.49602199 0.340979815
v -3.54946303 1.49602199 0.340979815
v -4.364182 0.882323205 0.340979815
v -4.364182 1.49602199 0.988505781
v -4.364182 1.49602199 0.340979815
v -4.364182 0.882323325 0.988505781
v -3.54946303 1.49602199 0.988505781
v -4.364182 1.49602199 0.988505781
v -3.54946303 0.882323325 0.988505781
v -3.54946303 1.49602199 0.340979815
v -3.54946303 1.49602199 0.988505781
v -4.364182 1.49602199 0.988505781
v -3.54946303 1.49602199 0.340979815
v -4.364182 1.49602199 0.340979815
v -4.364182 0.882323205 0.340979815
v -3.54946303 0.882323325 0.988505781
v -4.364182 0.882323325 0.988505781
v -3.54946303 0.882323205 0.340979815
v -4.364182 0.882323205 0.340979815
v -4.364182 1.49602199 0.340979815
v -4.364182 0.882323205 0.340979815
v -4.364182 0.882323325 0.988505781
v -4.364182 1.49602199 0.988505781
v -4.364182 0.882323325 0.988505781
v -3.54946303 0.882323325 0.988505781
v -3.54946303 1.49602199 0.988505781
v -3.54946303 0.882323325 0.988505781
v -3.54946303 0.882323205 0.340979815
v -3.54946303 1.49602199 0.340979815
v -4.364182 1.49602199 0.988505781
v -3.54946303 1.49602199 0.988505781
v -3.54946303 1.49602199 0.340979815
v -4.364182 0.882323205 0.340979815
v -3.54946303 0.882323205 0.340979815
v -3.54946303 0.882323325 0.988505781
v -1.03007901 5.40782785 -0.248813793
v -1.84479809 4.79412889 -0.248813793
v -1.03007901 4.79412889 -0.248813793
v -1.84479809 5.40782785 -0.248813793
v -1.84479809 4.79412889 -0.896339893
v -1.84479809 4.79412889 -0.248813793
v -1.84479809 5.40782785 -0.896339893
v -1.03007901 4.79412889 -0.896339893
v -1.84479809 4.79412889 -0.896339893
v -1.03007901 5.40782785 -0.896339893
v -1.03007901 4.79412889 -0.248813793
v -1.03007901 4.79412889 -0.896339893
v -1.84479809 4.79412889 -0.896339893
v -1.03007901 4.79412889 -0.248813793
v -1.84479809 4.79412889 -0.248813793
v -1.84479809 5.40782785 -0.248813793
v -1.03007901 5.40782785 -0.896339893
v -1.84479809 5.40782785 -0.896339893
v -1.03007901 5.40782785 -0.248813793
v -1.84479809 5.40782785 -0.248813793
v -1.84479809 4.79412889 -0.248813793
v -1.84479809 5.40782785 -0.248813793
v -1.84479809 5.40782785 -0.896339893
v -1.84479809 4.79412889 -0.896339893
v -1.84479809 5.40782785 -0.896339893
v -1.03007901 5.40782785 -0.896339893
v -1.03007901 4.79412889 -0.896339893
v -1.03007901 5.40782785 -0.896339893
v -1.03007901 5.40782785 -0.248813793
v -1.03007901 4.79412889 -0.248813793
v -1.84479809 4.79412889 -0.896339893
v -1.03007901 4.79412889 -0.896339893
v -1.03007901 4.79412889 -0.248813793
v -1.84479809 5.40782785 -0.248813793
v -1.03007901 5.40782785 -0.248813793
v -1.03007901 5.40782785 -0.896339893
v -0.183993801 5.40782785 -0.248813897
v -0.998713017 4.79412889 -0.248813793
v -0.183993801 4.79412889 -0.248813897
v -0.998713017 5.40782785 -0.248813793
v -0.998713017 4.79412889 -0.896339893
v -0.998713017 4.79412889 -0.248813793
v -0.998713017 5.40782785 -0.896339893
v -0.183993801 4.79412889 -0.896340013
v -0.998713017 4.79412889 -0.896339893
v -0.183993801 5.40782785 -0.896340013
v -0.183993801 4.79412889 -0.248813897
v -0.183993801 4.79412889 -0.896340013
v -0.998713017 4.79412889 -0.896339893
v -0.183993801 4.79412889 -0.248813897
v -0.998713017 4.79412889 -0.248813793
v -0.998713017 5.40782785 -0.248813793
v -0.183993801 5.40782785 -0.896340013
v -0.998713017 5.40782785 -0.896339893
v -0.183993801 5.40782785 -0.248813897
v -0.998713017 5.40782785 -0.248813793
v -0.998713017 4.79412889 -0.248813793
v -0.998713017 5.40782785 -0.248813793
v -0.998713017 5.40782785 -0.896339893
v -0.998713017 4.79412889 -0.896339893
v -0.998713017 5.40782785 -0.896339893
v -0.183993801 5.40782785 -0.896340013
v -0.183993801 4.79412889 -0.896340013
v -0.183993801 5.40782785 -0.896340013
v -0.183993801 5.40782785 -0.248813897
v -0.183993801 4.79412889 -0.248813897
v -0.998713017 4.79412889 -0.896339893
v -0.183993801 4.79412889 -0.896340013
v -0.183993801 4.79412889 -0.248813897
v -0.998713017 5.40782785 -0.248813793
v -0.183993801 5.40782785 -0.248813897
v -0.183993801 5.40782785 -0.896340013
v -0.183993801 4.80619717 0.332668602
v -0.998713017 5.41989613 0.332668602
v -0.183993801 5.41989613 0.332668602
v -0.998713017 4.80619717 0.332668602
v -0.998713017 5.41989613 0.980194688
v -0.998713017 5.41989613 0.332668602
v -0.998713017 4.80619717 0.980194688
v -0.183993801 5.41989613 0.980194628
v -0.998713017 5.41989613 0.980194688
v -0.183993801 4.80619717 0.980194628
v -0.183993801 5.41989613 0.332668602
v -0.183993801 5.41989613 0.980194628
v -0.998713017 5.41989613 0.980194688
v -0.183993801 5.41989613 0.332668602
v -0.998713017 5.41989613 0.332668602
v -0.998713017 4.80619717 0.332668602
v -0.183993801 4.80619717 0.980194628
v -0.998713017 4.80619717 0.980194688
v -0.183993801 4.80619717 0.332668602
v -0.998713017 4.80619717 0.332668602
v -0.998713017 5.41989613 0.332668602
v -0.998713017 4.80619717 0.332668602
v -0.998713017 4.80619717 0.980194688
v -0.998713017 5.41989613 0.980194688
v -0.998713017 4.80619717 0.980194688
v -0.183993801 4.80619717 0.980194628
v -0.183993801 5.41989613 0.980194628
v -0.183993801 4.80619717 0.980194628
v -0.183993801 4.80619717 0.332668602
v -0.183993801 5.41989613 0.332668602
v -0.998713017 5.41989613 0.980194688
v -0.183993801 5.41989613 0.980194628
v -0.183993801 5.41989613 0.332668602
v -0.998713017 4.80619717 0.332668602
v -0.183993801 4.80619717 0.332668602
v -0.183993801 4.80619717 0.980194628
v -0.183993801 6.03296518 -0.248813897
v -0.998713017 5.41926718 -0.248813793
v -0.183993801 5.41926718 -0.248813897
v -0.998713017 6.03296518 -0.248813793
v -0.998713017 5.41926718 -0.896339893
v -0.998713017 5.41926718 -0.248813793
v -0.998713017 6.03296518 -0.896339893
v -0.183993801 5.41926718 -0.896340013
v -0.998713017 5.41926718 -0.896339893
v -0.183993801 6.03296518 -0.896340013
v -0.183993801 5.41926718 -0.248813897
v -0.183993801 5.41926718 -0.896340013
v -0.998713017 5.41926718 -0.896339893
v -0.183993801 5.41926718 -0.248813897
v -0.998713017 5.41926718 -0.248813793
v -0.998713017 6.03296518 -0.248813793
v -0.183993801 6.03296518 -0.896340013
v -0.998713017 6.03296518 -0.896339893
v -0.183993801 6.03296518 -0.248813897
v -0.998713017 6.03296518 -0.248813793
v -0.998713017 5.41926718 -0.248813793
v -0.998713017 6.03296518 -0.248813793
v -0.998713017 6.03296518 -0.896339893
v -0.998713017 5.41926718 -0.896339893
v -0.998713017 6.03296518 -0.896339893
v -0.183993801 6.03296518 -0.896340013
v -0.183993801 5.41926718 -0.896340013
v -0.183993801 6.03296518 -0.896340013
v -0.183993801 6.03296518 -0.248813897
v -0.183993801 5.41926718 -0.248813897
v -0.998713017 5.41926718 -0.896339893
v -0.183993801 5.41926718 -0.896340013
v -0.183993801 5.41926718 -0.248813897
v -0.998713017 6.03296518 -0.248813793
v -0.183993801 6.03296518 -0.248813897
v -0.183993801 6.03296518 -0.896340013
v -0.183993801 5.41926718 0.29998821
v -0.998713017 6.03296518 0.29998821
v -0.183993801 6.03296518 0.29998821
v -0.998713017 5.41926718 0.29998821
v -0.998713017 6.03296518 0.947514296
v -0.998713017 6.03296518 0.29998821
v -0.998713017 5.41926718 0.947514296
v -0.183993801 6.03296518 0.947514176
v -0.998713017 6.03296518 0.947514296
v -0.183993801 5.41926718 0.947514176
v -0.183993801 6.03296518 0.29998821
v -0.183993801 6.03296518 0.947514176
v -0.998713017 6.03296518 0.947514296
v -0.183993801 6.03296518 0.29998821
v -0.998713017 6.03296518 0.29998821
v -0.998713017 5.41926718 0.29998821
v -0.183993801 5.41926718 0.947514176
v -0.998713017 5.41926718 0.947514296
v -0.183993801 5.41926718 0.29998821
v -0.998713017 5.41926718 0.29998821
v -0.998713017 6.03296518 0.29998821
v -0.998713017 5.41926718 0.29998821
v -0.998713017 5.41926718 0.947514296
v -0.998713017 6.03296518 0.947514296
v -0.998713017 5.41926718 0.947514296
v -0.183993801 5.41926718 0.947514176
v -0.183993801 6.03296518 0.947514176
v -0.183993801 5.41926718 0.947514176
v -0.183993801 5.41926718 0.29998821
v -0.183993801 6.03296518 0.29998821
v -0.998713017 6.03296518 0.947514296
v -0.183993801 6.03296518 0.947514176
v -0.183993801 6.03296518 0.29998821
v -0.998713017 5.41926718 0.29998821
v -0.183993801 5.41926718 0.29998821
v -0.183993801 5.41926718 0.947514176
v -3.60232496 5.40782785 -0.248813599
v -4.41704416 4.79412889 -0.248813599
v -3.60232496 4.79412889 -0.248813599
v -4.41704416 5.40782785 -0.248813599
v -4.41704416 4.79412889 -0.896339715
v -4.41704416 4.79412889 -0.248813599
v -4.41704416 5.40782785 -0.896339715
v -3.60232496 4.79412889 -0.896339715
v -4.41704416 4.79412889 -0.896339715
v -3.60232496 5.40782785 -0.896339715
v -3.60232496 4.79412889 -0.248813599
v -3.60232496 4.79412889 -0.896339715
v -4.41704416 4.79412889 -0.896339715
v -3.60232496 4.79412889 -0.248813599
v -4.41704416 4.79412889 -0.248813599
v -4.41704416 5.40782785 -0.248813599
v -3.60232496 5.40782785 -0.896339715
v -4.41704416 5.40782785 -0.896339715
v -3.60232496 5.40782785 -0.248813599
v -4.41704416 5.40782785 -0.248813599
v -4.41704416 4.79412889 -0.248813599
v -4.41704416 5.40782785 -0.248813599
v -4.41704416 5.40782785 -0.896339715
v -4.41704416 4.79412889 -0.896339715
v -4.41704416 5.40782785 -0.896339715
v -3.60232496 5.40782785 -0.896339715
v -3.60232496 4.79412889 -0.896339715
v -3.60232496 5.40782785 -0.896339715
v -3.60232496 5.40782785 -0.248813599
v -3.60232496 4.79412889 -0.248813599
v -4.41704416 4.79412889 -0.896339715
v -3.60232496 4.79412889 -0.896339715
v -3.60232496 4.79412889 -0.248813599
v -4.41704416 5.40782785 -0.248813599
v -3.60232496 5.40782785 -0.248813599
v -3.60232496 5.40782785 -0.896339715
v -2.75623989 5.40782785 -0.248813704
v -3.57095909 4.79412889 -0.248813599
v -2.75623989 4.79412889 -0.248813704
v -3.57095909 5.40782785 -0.248813599
v -3.57095909 4.79412889 -0.896339715
v -3.57095909 4.79412889 -0.248813599
v -3.57095909 5.40782785 -0.896339715
v -2.75623989 4.79412889 -0.896339774
v -3.57095909 4.79412889 -0.896339715
v -2.75623989 5.40782785 -0.896339774
v -2.75623989 4.79412889 -0.248813704
v -2.75623989 4.79412889 -0.896339774
v -3.57095909 4.79412889 -0.896339715
v -2.75623989 4.79412889 -0.248813704
v -3.57095909 4.79412889 -0.248813599
v -3.57095909 5.40782785 -0.248813599
v -2.75623989 5.40782785 -0.896339774
v -3.57095909 5.40782785 -0.896339715
v -2.75623989 5.40782785 -0.248813704
v -3.57095909 5.40782785 -0.248813599
v -3.57095909 4.79412889 -0.248813599
v -3.57095909 5.40782785 -0.248813599
v -3.57095909 5.40782785 -0.896339715
v -3.57095909 4.79412889 -0.896339715
v -3.57095909 5.40782785 -0.896339715
v -2.75623989 5.40782785 -0.896339774
v -2.75623989 4.79412889 -0.896339774
v -2.75623989 5.40782785 -0.896339774
v -2.75623989 5.40782785 -0.248813704
v -2.75623989 4.79412889 -0.248813704
v -3.57095909 4.79412889 -0.896339715
v -2.75623989 4.79412889 -0.896339774
v -2.75623989 4.79412889 -0.248813704
v -3.57095909 5.40782785 -0.248813599
v -2.75623989 5.40782785 -0.248813704
v -2.75623989 5.40782785 -0.896339774
v -2.75623989 4.80619717 0.332668811
v -3.57095909 5.41989613 0.3326689
v -2.75623989 5.41989613 0.332668811
v -3.57095909 4.80619717 0.3326689
v -3.57095909 5.41989613 0.980194926
v -3.57095909 5.41989613 0.3326689
v -3.57095909 4.80619717 0.980194926
v -2.75623989 5.41989613 0.980194807
v -3.57095909 5.41989613 0.980194926
v -2.75623989 4.80619717 0.980194807
v -2.75623989 5.41989613 0.332668811
v -2.75623989 5.41989613 0.980194807
v -3.57095909 5.41989613 0.980194926
v -2.75623989 5.41989613 0.332668811
v -3.57095909 5.41989613 0.3326689
v -3.57095909 4.80619717 0.3326689
v -2.75623989 4.80619717 0.980194807
v -3.57095909 4.80619717 0.980194926
v -2.75623989 4.80619717 0.332668811
v -3.57095909 4.80619717 0.3326689
v -3.57095909 5.41989613 0.3326689
v -3.57095909 4.80619717 0.3326689
v -3.57095909 4.80619717 0.980194926
v -3.57095909 5.41989613 0.980194926
v -3.57095909 4.80619717 0.980194926
v -2.75623989 4.80619717 0.980194807
v -2.75623989 5.41989613 0.980194807
v -2.75623989 4.80619717 0.980194807
v -2.75623989 4.80619717 0.332668811
v -2.75623989 5.41989613 0.332668811
v -3.57095909 5.41989613 0.980194926
v -2.75623989 5.41989613 0.980194807
v -2.75623989 5.41989613 0.332668811
v -3.57095909 4.80619717 0.3326689
v -2.75623989 4.80619717 0.332668811
v -2.75623989 4.80619717 0.980194807
v -2.75623989 6.03296518 -0.248813704
v -3.57095909 5.41926718 -0.248813599
v -2.75623989 5.41926718 -0.248813704
v -3.57095909 6.03296518 -0.248813599
v -3.57095909 5.41926718 -0.896339715
v -3.57095909 5.41926718 -0.248813599
v -3.57095909 6.03296518 -0.896339715
v -2.75623989 5.41926718 -0.896339774
v -3.57095909 5.41926718 -0.896339715
v -2.75623989 6.03296518 -0.896339774
v -2.75623989 5.41926718 -0.248813704
v -2.75623989 5.41926718 -0.896339774
v -3.57095909 5.41926718 -0.896339715
v -2.75623989 5.41926718 -0.248813704
v -3.57095909 5.41926718 -0.248813599
v -3.57095909 6.03296518 -0.248813599
v -2.75623989 6.03296518 -0.896339774
v -3.57095909 6.03296518 -0.896339715
v -2.75623989 6.03296518 -0.248813704
v -3.57095909 6.03296518 -0.248813599
v -3.57095909 5.41926718 -0.248813599
v -3.57095909 6.03296518 -0.248813599
v -3.57095909 6.03296518 -0.896339715
v -3.57095909 5.41926718 -0.896339715
v -3.57095909 6.03296518 -0.896339715
v -2.75623989 6.03296518 -0.896339774
v -2.75623989 5.41926718 -0.896339774
v -2.75623989 6.03296518 -0.896339774
v -2.75623989 6.03296518 -0.248813704
v -2.75623989 5.41926718 -0.248813704
v -3.57095909 5.41926718 -0.896339715
v -2.75623989 5.41926718 -0.896339774
v -2.75623989 5.41926718 -0.248813704
v -3.57095909 6.03296518 -0.248813599
v -2.75623989 6.03296518 -0.248813704
v -2.75623989 6.03296518 -0.896339774
v -2.75623989 5.41926718 0.299988389
v -3.57095909 6.03296518 0.299988508
v -2.75623989 6.03296518 0.299988389
v -3.57095909 5.41926718 0.299988508
v -3.57095909 6.03296518 0.947514474
v -3.57095909 6.03296518 0.299988508
v -3.57095909 5.41926718 0.947514474
v -2.75623989 6.03296518 0.947514415
v -3.57095909 6.03296518 0.947514474
v -2.75623989 5.41926718 0.947514415
v -2.75623989 6.03296518 0.299988389
v -2.75623989 6.03296518 0.947514415
v -3.57095909 6.03296518 0.947514474
v -2.75623989 6.03296518 0.299988389
v -3.57095909 6.03296518 0.299988508
v -3.57095909 5.41926718 0.299988508
v -2.75623989 5.41926718 0.947514415
v -3.57095909 5.41926718 0.947514474
v -2.75623989 5.41926718 0.299988389
v -3.57095909 5.41926718 0.299988508
v -3.57095909 6.03296518 0.299988508
v -3.57095909 5.41926718 0.299988508
v -3.57095909 5.41926718 0.947514474
v -3.57095909 6.03296518 0.947514474
v -3.57095909 5.41926718 0.947514474
v -2.75623989 5.41926718 0.947514415
v -2.75623989 6.03296518 0.947514415
v -2.75623989 5.41926718 0.947514415
v -2.75623989 5.41926718 0.299988389
v -2.75623989 6.03296518 0.299988389
v -3.57095909 6.03296518 0.947514474
v -2.75623989 6.03296518 0.947514415
v -2.75623989 6.03296518 0.299988389
v -3.57095909 5.41926718 0.299988508
v -2.75623989 5.41926718 0.299988389
v -2.75623989 5.41926718 0.947514415
v -1.87319899 5.41068792 -0.27936101
v -2.68791795 4.79698992 -0.27936101
v -1.87319899 4.79698992 -0.27936101
v -2.68791795 5.41068792 -0.27936101
v -2.68791795 4.79698992 -0.926886976
v -2.68791795 4.79698992 -0.27936101
v -2.68791795 5.41068792 -0.926886976
v -1.87319899 4.79698992 -0.926886976
v -2.68791795 4.79698992 -0.926886976
v -1.87319899 5.41068792 -0.926886976
v -1.87319899 4.79698992 -0.27936101
v -1.87319899 4.79698992 -0.926886976
v -2.68791795 4.79698992 -0.926886976
v -1.87319899 4.79698992 -0.27936101
v -2.68791795 4.79698992 -0.27936101
v -2.68791795 5.41068792 -0.27936101
v -1.87319899 5.41068792 -0.926886976
v -2.68791795 5.41068792 -0.926886976
v -1.87319899 5.41068792 -0.27936101
v -2.68791795 5.41068792 -0.27936101
v -2.68791795 4.79698992 -0.27936101
v -2.68791795 5.41068792 -0.27936101
v -2.68791795 5.41068792 -0.926886976
v -2.68791795 4.79698992 -0.926886976
v -2.68791795 5.41068792 -0.926886976
v -1.87319899 5.41068792 -0.926886976
v -1.87319899 4.79698992 -0.926886976
v -1.87319899 5.41068792 -0.926886976
v -1.87319899 5.41068792 -0.27936101
v -1.87319899 4.79698992 -0.27936101
v -2.68791795 4.79698992 -0.926886976
v -1.87319899 4.79698992 -0.926886976
v -1.87319899 4.79698992 -0.27936101
v -2.68791795 5.41068792 -0.27936101
v -1.87319899 5.41068792 -0.27936101
v -1.87319899 5.41068792 -0.926886976
v -1.41433203 6.02230787 -0.252325803
v -2.22905111 5.40860891 -0.252325714
v -1.41433203 5.40860891 -0.252325803
v -2.22905111 6.02230787 -0.252325714
v -2.22905111 5.40860891 -0.899851799
v -2.22905111 5.40860891 -0.252325714
v -2.22905111 6.02230787 -0.899851799
v -1.41433203 5.40860891 -0.899851799
v -2.22905111 5.40860891 -0.899851799
v -1.41433203 6.02230787 -0.899851799
v -1.41433203 5.40860891 -0.252325803
v -1.41433203 5.40860891 -0.899851799
v -2.22905111 5.40860891 -0.899851799
v -1.41433203 5.40860891 -0.252325803
v -2.22905111 5.40860891 -0.252325714
v -2.22905111 6.02230787 -0.252325714
v -1.41433203 6.02230787 -0.899851799
v -2.22905111 6.02230787 -0.899851799
v -1.41433203 6.02230787 -0.252325803
v -2.22905111 6.02230787 -0.252325714
v -2.22905111 5.40860891 -0.252325714
v -2.22905111 6.02230787 -0.252325714
v -2.22905111 6.02230787 -0.899851799
v -2.22905111 5.40860891 -0.899851799
v -2.22905111 6.02230787 -0.899851799
v -1.41433203 6.02230787 -0.899851799
v -1.41433203 5.40860891 -0.899851799
v -1.41433203 6.02230787 -0.899851799
v -1.41433203 6.02230787 -0.252325803
v -1.41433203 5.40860891 -0.252325803
v -2.22905111 5.40860891 -0.899851799
v -1.41433203 5.40860891 -0.899851799
v -1.41433203 5.40860891 -0.252325803
v -2.22905111 6.02230787 -0.252325714
v -1.41433203 6.02230787 -0.252325803
v -1.41433203 6.02230787 -0.899851799
v -1.02869105 4.79698992 0.340979487
v -1.84341002 5.41068792 0.340979606
v -1.02869105 5.41068792 0.340979487
v -1.84341002 4.79698992 0.340979606
v -1.84341002 5.41068792 0.988505602
v -1.84341002 5.41068792 0.340979606
v -1.84341002 4.79698992 0.988505602
v -1.02869105 5.41068792 0.988505602
v -1.84341002 5.41068792 0.988505602
v -1.02869105 4.79698992 0.988505602
v -1.02869105 5.41068792 0.340979487
v -1.02869105 5.41068792 0.988505602
v -1.84341002 5.41068792 0.988505602
v -1.02869105 5.41068792 0.340979487
v -1.84341002 5.41068792 0.340979606
v -1.84341002 4.79698992 0.340979606
v -1.02869105 4.79698992 0.988505602
v -1.84341002 4.79698992 0.988505602
v -1.02869105 4.79698992 0.340979487
v -1.84341002 4.79698992 0.340979606
v -1.84341002 5.41068792 0.340979606
v -1.84341002 4.79698992 0.340979606
v -1.84341002 4.79698992 0.988505602
v -1.84341002 5.41068792 0.988505602
v -1.84341002 4.79698992 0.988505602
v -1.02869105 4.79698992 0.988505602
v -1.02869105 5.41068792 0.988505602
v -1.02869105 4.79698992 0.988505602
v -1.02869105 4.79698992 0.340979487
v -1.02869105 5.41068792 0.340979487
v -1.84341002 5.41068792 0.988505602
v -1.02869105 5.41068792 0.988505602
v -1.02869105 5.41068792 0.340979487
v -1.84341002 4.79698992 0.340979606
v -1.02869105 4.79698992 0.340979487
v -1.02869105 4.79698992 0.988505602
v -1.88215101 4.79698992 0.340979606
v -2.69687009 5.41068792 0.340979695
v -1.88215101 5.41068792 0.340979606
v -2.69687009 4.79698992 0.340979695
v -2.69687009 5.41068792 0.988505721
v -2.69687009 5.41068792 0.340979695
v -2.69687009 4.79698992 0.988505721
v -1.88215101 5.41068792 0.988505602
v -2.69687009 5.41068792 0.988505721
v -1.88215101 4.79698992 0.988505602
v -1.88215101 5.41068792 0.340979606
v -1.88215101 5.41068792 0.988505602
v -2.69687009 5.41068792 0.988505721
v -1.88215101 5.41068792 0.340979606
v -2.69687009 5.41068792 0.340979695
v -2.69687009 4.79698992 0.340979695
v -1.88215101 4.79698992 0.988505602
v -2.69687009 4.79698992 0.988505721
v -1.88215101 4.79698992 0.340979606
v -2.69687009 4.79698992 0.340979695
v -2.69687009 5.41068792 0.340979695
v -2.69687009 4.79698992 0.340979695
v -2.69687009 4.79698992 0.988505721
v -2.69687009 5.41068792 0.988505721
v -2.69687009 4.79698992 0.988505721
v -1.88215101 4.79698992 0.988505602
v -1.88215101 5.41068792 0.988505602
v -1.88215101 4.79698992 0.988505602
v -1.88215101 4.79698992 0.340979606
v -1.88215101 5.41068792 0.340979606
v -2.69687009 5.41068792 0.988505721
v -1.88215101 5.41068792 0.988505602
v -1.88215101 5.41068792 0.340979606
v -2.69687009 4.79698992 0.340979695
v -1.88215101 4.79698992 0.340979606
v -1.88215101 4.79698992 0.988505602
v -3.602772 4.79698992 0.340979815
v -4.41749096 5.41068792 0.340979815
v -3.602772 5.41068792 0.340979815
v -4.41749096 4.79698992 0.340979815
v -4.41749096 5.41068792 0.988505781
v -4.41749096 5.41068792 0.340979815
v -4.41749096 4.79698992 0.988505781
v -3.60277104 5.41068792 0.988505781
v -4.41749096 5.41068792 0.988505781
v -3.60277104 4.79698992 0.988505781
v -3.602772 5.41068792 0.340979815
v -3.60277104 5.41068792 0.988505781
v -4.41749096 5.41068792 0.988505781
v -3.602772 5.41068792 0.340979815
v -4.41749096 5.41068792 0.340979815
v -4.41749096 4.79698992 0.340979815
v -3.60277104 4.79698992 0.988505781
v -4.41749096 4.79698992 0.988505781
v -3.602772 4.79698992 0.340979815
v -4.41749096 4.79698992 0.340979815
v -4.41749096 5.41068792 0.340979815
v -4.41749096 4.79698992 0.340979815
v -4.41749096 4.79698992 0.988505781
v -4.41749096 5.41068792 0.988505781
v -4.41749096 4.79698992 0.988505781
v -3.60277104 4.79698992 0.988505781
v -3.60277104 5.41068792 0.988505781
v -3.60277104 4.79698992 0.988505781
v -3.602772 4.79698992 0.340979815
v -3.602772 5.41068792 0.340979815
v -4.41749096 5.41068792 0.988505781
v -3.60277104 5.41068792 0.988505781
v -3.602772 5.41068792 0.340979815
v -4.41749096 4.79698992 0.340979815
v -3.602772 4.79698992 0.340979815
v -3.60277104 4.79698992 0.988505781
v -3.59085894 5.42231417 0.340979815
v -4.40557909 6.03601313 0.340979815
v -3.59085894 6.03601313 0.340979815
v -4.40557909 5.42231417 0.340979815
v -4.40557909 6.03601313 0.988505781
v -4.40557909 6.03601313 0.340979815
v -4.40557909 5.42231417 0.988505781
v -3.59085894 6.03601313 0.988505781
v -4.40557909 6.03601313 0.988505781
v -3.59085894 5.42231417 0.988505781
v -3.59085894 6.03601313 0.340979815
v -3.59085894 6.03601313 0.988505781
v -4.40557909 6.03601313 0.988505781
v -3.59085894 6.03601313 0.340979815
v -4.40557909 6.03601313 0.340979815
v -4.40557909 5.42231417 0.340979815
v -3.59085894 5.42231417 0.988505781
v -4.40557909 5.42231417 0.988505781
v -3.59085894 5.42231417 0.340979815
v -4.40557909 5.42231417 0.340979815
v -4.40557909 6.03601313 0.340979815
v -4.40557909 5.42231417 0.340979815
v -4.40557909 5.42231417 0.988505781
v -4.40557909 6.03601313 0.988505781
v -4.40557909 5.42231417 0.988505781
v -3.59085894 5.42231417 0.988505781
v -3.59085894 6.03601313 0.988505781
v -3.59085894 5.42231417 0.988505781
v -3.59085894 5.42231417 0.340979815
v -3.59085894 6.03601313 0.340979815
v -4.40557909 6.03601313 0.988505781
v -3.59085894 6.03601313 0.988505781
v -3.59085894 6.03601313 0.340979815
v -4.40557909 5.42231417 0.340979815
v -3.59085894 5.42231417 0.340979815
v -3.59085894 5.42231417 0.988505781
v 7.92499685 0.86783731 -0.248813793
v 7.11027813 0.254138708 -0.248813793
v 7.92499685 0.254138708 -0.248813793
v 7.11027813 0.86783731 -0.248813793
v 7.11027718 0.254138708 -0.896339893
v 7.11027813 0.254138708 -0.248813793
v 7.11027718 0.86783731 -0.896339893
v 7.9249959 0.254138708 -0.896339893
v 7.11027718 0.254138708 -0.896339893
v 7.9249959 0.86783731 -0.896339893
v 7.92499685 0.254138708 -0.248813793
v 7.9249959 0.254138708 -0.896339893
v 7.11027718 0.254138708 -0.896339893
v 7.92499685 0.254138708 -0.248813793
v 7.11027813 0.254138708 -0.248813793
v 7.11027813 0.86783731 -0.248813793
v 7.9249959 0.86783731 -0.896339893
v 7.11027718 0.86783731 -0.896339893
v 7.92499685 0.86783731 -0.248813793
v 7.11027813 0.86783731 -0.248813793
v 7.11027813 0.254138708 -0.248813793
v 7.11027813 0.86783731 -0.248813793
v 7.11027718 0.86783731 -0.896339893
v 7.11027718 0.254138708 -0.896339893
v 7.11027718 0.86783731 -0.896339893
v 7.9249959 0.86783731 -0.896339893
v 7.9249959 0.254138708 -0.896339893
v 7.9249959 0.86783731 -0.896339893
v 7.92499685 0.86783731 -0.248813793
v 7.92499685 0.254138708 -0.248813793
v 7.11027718 0.254138708 -0.896339893
v 7.9249959 0.254138708 -0.896339893
v 7.92499685 0.254138708 -0.248813793
v 7.11027813 0.86783731 -0.248813793
v 7.92499685 0.86783731 -0.248813793
v 7.9249959 0.86783731 -0.896339893
v 8.77108192 0.86783731 -0.248813897
v 7.95636177 0.254138708 -0.248813793
v 8.77108192 0.254138708 -0.248813897
v 7.95636177 0.86783731 -0.248813793
v 7.95636177 0.254138708 -0.896339893
v 7.95636177 0.254138708 -0.248813793
v 7.95636177 0.86783731 -0.896339893
v 8.77108192 0.254138708 -0.896340013
v 7.95636177 0.254138708 -0.896339893
v 8.77108192 0.86783731 -0.896340013
v 8.77108192 0.254138708 -0.248813897
v 8.77108192 0.254138708 -0.896340013
v 7.95636177 0.254138708 -0.896339893
v 8.77108192 0.254138708 -0.248813897
v 7.95636177 0.254138708 -0.248813793
v 7.95636177 0.86783731 -0.248813793
v 8.77108192 0.86783731 -0.896340013
v 7.95636177 0.86783731 -0.896339893
v 8.77108192 0.86783731 -0.248813897
v 7.95636177 0.86783731 -0.248813793
v 7.95636177 0.254138708 -0.248813793
v 7.95636177 0.86783731 -0.248813793
v 7.95636177 0.86783731 -0.896339893
v 7.95636177 0.254138708 -0.896339893
v 7.95636177 0.86783731 -0.896339893
v 8.77108192 0.86783731 -0.896340013
v 8.77108192 0.254138708 -0.896340013
v 8.77108192 0.86783731 -0.896340013
v 8.77108192 0.86783731 -0.248813897
v 8.77108192 0.254138708 -0.248813897
v 7.95636177 0.254138708 -0.896339893
v 8.77108192 0.254138708 -0.896340013
v 8.77108192 0.254138708 -0.248813897
v 7.95636177 0.86783731 -0.248813793
v 8.77108192 0.86783731 -0.248813897
v 8.77108192 0.86783731 -0.896340013
v 8.77108192 0.266206294 0.332668602
v 7.95636177 0.879904926 0.332668602
v 8.77108192 0.879904926 0.332668602
v 7.95636177 0.266206294 0.332668602
v 7.95636177 0.879904985 0.980194688
v 7.95636177 0.879904926 0.332668602
v 7.95636177 0.266206294 0.980194688
v 8.77108192 0.879904985 0.980194628
v 7.95636177 0.879904985 0.980194688
v 8.77108192 0.266206294 0.980194628
v 8.77108192 0.879904926 0.332668602
v 8.77108192 0.879904985 0.980194628
v 7.95636177 0.879904985 0.980194688
v 8.77108192 0.879904926 0.332668602
v 7.95636177 0.879904926 0.332668602
v 7.95636177 0.266206294 0.332668602
v 8.77108192 0.266206294 0.980194628
v 7.95636177 0.266206294 0.980194688
v 8.77108192 0.266206294 0.332668602
v 7.95636177 0.266206294 0.332668602
v 7.95636177 0.879904926 0.332668602
v 7.95636177 0.266206294 0.332668602
v 7.95636177 0.266206294 0.980194688
v 7.95636177 0.879904985 0.980194688
v 7.95636177 0.266206294 0.980194688
v 8.77108192 0.266206294 0.980194628
v 8.77108192 0.879904985 0.980194628
v 8.77108192 0.266206294 0.980194628
v 8.77108192 0.266206294 0.332668602
v 8.77108192 0.879904926 0.332668602
v 7.95636177 0.879904985 0.980194688
v 8.77108192 0.879904985 0.980194628
v 8.77108192 0.879904926 0.332668602
v 7.95636177 0.266206294 0.332668602
v 8.77108192 0.266206294 0.332668602
v 8.77108192 0.266206294 0.980194628
v 8.77108192 1.49297404 -0.248813897
v 7.95636177 0.879275918 -0.248813793
v 8.77108192 0.879275918 -0.248813897
v 7.95636177 1.49297404 -0.248813793
v 7.95636177 0.879275918 -0.896339893
v 7.95636177 0.879275918 -0.248813793
v 7.95636177 1.49297404 -0.896339893
v 8.77108192 0.879275918 -0.896340013
v 7.95636177 0.879275918 -0.896339893
v 8.77108192 1.49297404 -0.896340013
v 8.77108192 0.879275918 -0.248813897
v 8.77108192 0.879275918 -0.896340013
v 7.95636177 0.879275918 -0.896339893
v 8.77108192 0.879275918 -0.248813897
v 7.95636177 0.879275918 -0.248813793
v 7.95636177 1.49297404 -0.248813793
v 8.77108192 1.49297404 -0.896340013
v 7.95636177 1.49297404 -0.896339893
v 8.77108192 1.49297404 -0.248813897
v 7.95636177 1.49297404 -0.248813793
v 7.95636177 0.879275918 -0.248813793
v 7.95636177 1.49297404 -0.248813793
v 7.95636177 1.49297404 -0.896339893
v 7.95636177 0.879275918 -0.896339893
v 7.95636177 1.49297404 -0.896339893
v 8.77108192 1.49297404 -0.896340013
v 8.77108192 0.879275918 -0.896340013
v 8.77108192 1.49297404 -0.896340013
v 8.77108192 1.49297404 -0.248813897
v 8.77108192 0.879275918 -0.248813897
v 7.95636177 0.879275918 -0.896339893
v 8.77108192 0.879275918 -0.896340013
v 8.77108192 0.879275918 -0.248813897
v 7.95636177 1.49297404 -0.248813793
v 8.77108192 1.49297404 -0.248813897
v 8.77108192 1.49297404 -0.896340013
v 8.77108192 0.879275799 0.29998821
v 7.95636177 1.49297404 0.29998821
v 8.77108192 1.49297404 0.29998821
v 7.95636177 0.879275799 0.29998821
v 7.95636177 1.49297404 0.947514296
v 7.95636177 1.49297404 0.29998821
v 7.95636177 0.879275918 0.947514296
v 8.77108192 1.49297404 0.947514176
v 7.95636177 1.49297404 0.947514296
v 8.77108192 0.879275918 0.947514176
v 8.77108192 1.49297404 0.29998821
v 8.77108192 1.49297404 0.947514176
v 7.95636177 1.49297404 0.947514296
v 8.77108192 1.49297404 0.29998821
v 7.95636177 1.49297404 0.29998821
v 7.95636177 0.879275799 0.29998821
v 8.77108192 0.879275918 0.947514176
v 7.95636177 0.879275918 0.947514296
v 8.77108192 0.879275799 0.29998821
v 7.95636177 0.879275799 0.29998821
v 7.95636177 1.49297404 0.29998821
v 7.95636177 0.879275799 0.29998821
v 7.95636177 0.879275918 0.947514296
v 7.95636177 1.49297404 0.947514296
v 7.95636177 0.879275918 0.947514296
v 8.77108192 0.879275918 0.947514176
v 8.77108192 1.49297404 0.947514176
v 8.77108192 0.879275918 0.947514176
v 8.77108192 0.879275799 0.29998821
v 8.77108192 1.49297404 0.29998821
v 7.95636177 1.49297404 0.947514296
v 8.77108192 1.49297404 0.947514176
v 8.77108192 1.49297404 0.29998821
v 7.95636177 0.879275799 0.29998821
v 8.77108192 0.879275799 0.29998821
v 8.77108192 0.879275918 0.947514176
v 5.35274982 0.86783731 -0.248813599
v 4.5380311 0.254138708 -0.248813599
v 5.35274982 0.254138708 -0.248813599
v 4.5380311 0.86783731 -0.248813599
v 4.5380311 0.254138708 -0.896339715
v 4.5380311 0.254138708 -0.248813599
v 4.5380311 0.86783731 -0.896339715
v 5.35274982 0.254138708 -0.896339715
v 4.5380311 0.254138708 -0.896339715
v 5.35274982 0.86783731 -0.896339715
v 5.35274982 0.254138708 -0.248813599
v 5.35274982 0.254138708 -0.896339715
v 4.5380311 0.254138708 -0.896339715
v 5.35274982 0.254138708 -0.248813599
v 4.5380311 0.254138708 -0.248813599
v 4.5380311 0.86783731 -0.248813599
v 5.35274982 0.86783731 -0.896339715
v 4.5380311 0.86783731 -0.896339715
v 5.35274982 0.86783731 -0.248813599
v 4.5380311 0.86783731 -0.248813599
v 4.5380311 0.254138708 -0.248813599
v 4.5380311 0.86783731 -0.248813599
v 4.5380311 0.86783731 -0.896339715
v 4.5380311 0.254138708 -0.896339715
v 4.5380311 0.86783731 -0.896339715
v 5.35274982 0.86783731 -0.896339715
v 5.35274982 0.254138708 -0.896339715
v 5.35274982 0.86783731 -0.896339715
v 5.35274982 0.86783731 -0.248813599
v 5.35274982 0.254138708 -0.248813599
v 4.5380311 0.254138708 -0.896339715
v 5.35274982 0.254138708 -0.896339715
v 5.35274982 0.254138708 -0.248813599
v 4.5380311 0.86783731 -0.248813599
v 5.35274982 0.86783731 -0.248813599
v 5.35274982 0.86783731 -0.896339715
v 6.1988349 0.86783731 -0.248813704
v 5.38411713 0.254138708 -0.248813599
v 6.1988349 0.254138708 -0.248813704
v 5.38411713 0.86783731 -0.248813599
v 5.38411713 0.254138708 -0.896339715
v 5.38411713 0.254138708 -0.248813599
v 5.38411713 0.86783731 -0.896339715
v 6.1988349 0.254138708 -0.896339774
v 5.38411713 0.254138708 -0.896339715
v 6.1988349 0.86783731 -0.896339774
v 6.1988349 0.254138708 -0.248813704
v 6.1988349 0.254138708 -0.896339774
v 5.38411713 0.254138708 -0.896339715
v 6.1988349 0.254138708 -0.248813704
v 5.38411713 0.254138708 -0.248813599
v 5.38411713 0.86783731 -0.248813599
v 6.1988349 0.86783731 -0.896339774
v 5.38411713 0.86783731 -0.896339715
v 6.1988349 0.86783731 -0.248813704
v 5.38411713 0.86783731 -0.248813599
v 5.38411713 0.254138708 -0.248813599
v 5.38411713 0.86783731 -0.248813599
v 5.38411713 0.86783731 -0.896339715
v 5.38411713 0.254138708 -0.896339715
v 5.38411713 0.86783731 -0.896339715
v 6.1988349 0.86783731 -0.896339774
v 6.1988349 0.254138708 -0.896339774
v 6.1988349 0.86783731 -0.896339774
v 6.1988349 0.86783731 -0.248813704
v 6.1988349 0.254138708 -0.248813704
v 5.38411713 0.254138708 -0.896339715
v 6.1988349 0.254138708 -0.896339774
v 6.1988349 0.254138708 -0.248813704
v 5.38411713 0.86783731 -0.248813599
v 6.1988349 0.86783731 -0.248813704
v 6.1988349 0.86783731 -0.896339774
v 6.19883585 0.266206294 0.332668811
v 5.38411713 0.879904926 0.3326689
v 6.19883585 0.879904926 0.332668811
v 5.38411713 0.266206294 0.3326689
v 5.38411713 0.879904985 0.980194926
v 5.38411713 0.879904926 0.3326689
v 5.38411713 0.266206294 0.980194926
v 6.19883585 0.879904985 0.980194807
v 5.38411713 0.879904985 0.980194926
v 6.19883585 0.266206294 0.980194807
v 6.19883585 0.879904926 0.332668811
v 6.19883585 0.879904985 0.980194807
v 5.38411713 0.879904985 0.980194926
v 6.19883585 0.879904926 0.332668811
v 5.38411713 0.879904926 0.3326689
v 5.38411713 0.266206294 0.3326689
v 6.19883585 0.266206294 0.980194807
v 5.38411713 0.266206294 0.980194926
v 6.19883585 0.266206294 0.332668811
v 5.38411713 0.266206294 0.3326689
v 5.38411713 0.879904926 0.3326689
v 5.38411713 0.266206294 0.3326689
v 5.38411713 0.266206294 0.980194926
v 5.38411713 0.879904985 0.980194926
v 5.38411713 0.266206294 0.980194926
v 6.19883585 0.266206294 0.980194807
v 6.19883585 0.879904985 0.980194807
v 6.19883585 0.266206294 0.980194807
v 6.19883585 0.266206294 0.332668811
v 6.19883585 0.879904926 0.332668811
v 5.38411713 0.879904985 0.980194926
v 6.19883585 0.879904985 0.980194807
v 6.19883585 0.879904926 0.332668811
v 5.38411713 0.266206294 0.3326689
v 6.19883585 0.266206294 0.332668811
v 6.19883585 0.266206294 0.980194807
v 6.1988349 1.49297404 -0.248813704
v 5.38411713 0.879275918 -0.248813599
v 6.1988349 0.879275918 -0.248813704
v 5.38411713 1.49297404 -0.248813599
v 5.38411713 0.879275918 -0.896339715
v 5.38411713 0.879275918 -0.248813599
v 5.38411713 1.49297404 -0.896339715
v 6.1988349 0.879275918 -0.896339774
v 5.38411713 0.879275918 -0.896339715
v 6.1988349 1.49297404 -0.896339774
v 6.1988349 0.879275918 -0.248813704
v 6.1988349 0.879275918 -0.896339774
v 5.38411713 0.879275918 -0.896339715
v 6.1988349 0.879275918 -0.248813704
v 5.38411713 0.879275918 -0.248813599
v 5.38411713 1.49297404 -0.248813599
v 6.1988349 1.49297404 -0.896339774
v 5.38411713 1.49297404 -0.896339715
v 6.1988349 1.49297404 -0.248813704
v 5.38411713 1.49297404 -0.248813599
v 5.38411713 0.879275918 -0.248813599
v 5.38411713 1.49297404 -0.248813599
v 5.38411713 1.49297404 -0.896339715
v 5.38411713 0.879275918 -0.896339715
v 5.38411713 1.49297404 -0.896339715
v 6.1988349 1.49297404 -0.896339774
v 6.1988349 0.879275918 -0.896339774
v 6.1988349 1.49297404 -0.896339774
v 6.1988349 1.49297404 -0.248813704
v 6.1988349 0.879275918 -0.248813704
v 5.38411713 0.879275918 -0.896339715
v 6.1988349 0.879275918 -0.896339774
v 6.1988349 0.879275918 -0.248813704
v 5.38411713 1.49297404 -0.248813599
v 6.1988349 1.49297404 -0.248813704
v 6.1988349 1.49297404 -0.896339774
v 6.19883585 0.879275799 0.299988389
v 5.38411713 1.49297404 0.299988508
v 6.19883585 1.49297404 0.299988389
v 5.38411713 0.879275799 0.299988508
v 5.38411713 1.49297404 0.947514474
v 5.38411713 1.49297404 0.299988508
v 5.38411713 0.879275918 0.947514474
v 6.19883585 1.49297404 0.947514415
v 5.38411713 1.49297404 0.947514474
v 6.19883585 0.879275918 0.947514415
v 6.19883585 1.49297404 0.299988389
v 6.19883585 1.49297404 0.947514415
v 5.38411713 1.49297404 0.947514474
v 6.19883585 1.49297404 0.299988389
v 5.38411713 1.49297404 0.299988508
v 5.38411713 0.879275799 0.299988508
v 6.19883585 0.879275918 0.947514415
v 5.38411713 0.879275918 0.947514474
v 6.19883585 0.879275799 0.299988389
v 5.38411713 0.879275799 0.299988508
v 5.38411713 1.49297404 0.299988508
v 5.38411713 0.879275799 0.299988508
v 5.38411713 0.879275918 0.947514474
v 5.38411713 1.49297404 0.947514474
v 5.38411713 0.879275918 0.947514474
v 6.19883585 0.879275918 0.947514415
v 6.19883585 1.49297404 0.947514415
v 6.19883585 0.879275918 0.947514415
v 6.19883585 0.879275799 0.299988389
v 6.19883585 1.49297404 0.299988389
v 5.38411713 1.49297404 0.947514474
v 6.19883585 1.49297404 0.947514415
v 6.19883585 1.49297404 0.299988389
v 5.38411713 0.879275799 0.299988508
v 6.19883585 0.879275799 0.299988389
v 6.19883585 0.879275918 0.947514415
v 7.0818758 0.870697677 -0.27936101
v 6.26715708 0.256999105 -0.27936101
v 7.0818758 0.256999105 -0.27936101
v 6.26715708 0.870697677 -0.27936101
v 6.26715708 0.256999105 -0.926886976
v 6.26715708 0.256999105 -0.27936101
v 6.26715708 0.870697677 -0.926886976
v 7.0818758 0.256999105 -0.926886976
v 6.26715708 0.256999105 -0.926886976
v 7.0818758 0.870697677 -0.926886976
v 7.0818758 0.256999105 -0.27936101
v 7.0818758 0.256999105 -0.926886976
v 6.26715708 0.256999105 -0.926886976
v 7.0818758 0.256999105 -0.27936101
v 6.26715708 0.256999105 -0.27936101
v 6.26715708 0.870697677 -0.27936101
v 7.0818758 0.870697677 -0.926886976
v 6.26715708 0.870697677 -0.926886976
v 7.0818758 0.870697677 -0.27936101
v 6.26715708 0.870697677 -0.27936101
v 6.26715708 0.256999105 -0.27936101
v 6.26715708 0.870697677 -0.27936101
v 6.26715708 0.870697677 -0.926886976
v 6.26715708 0.256999105 -0.926886976
v 6.26715708 0.870697677 -0.926886976
v 7.0818758 0.870697677 -0.926886976
v 7.0818758 0.256999105 -0.926886976
v 7.0818758 0.870697677 -0.926886976
v 7.0818758 0.870697677 -0.27936101
v 7.0818758 0.256999105 -0.27936101
v 6.26715708 0.256999105 -0.926886976
v 7.0818758 0.256999105 -0.926886976
v 7.0818758 0.256999105 -0.27936101
v 6.26715708 0.870697677 -0.27936101
v 7.0818758 0.870697677 -0.27936101
v 7.0818758 0.870697677 -0.926886976
v 7.54074287 1.48231697 -0.252325803
v 6.72602415 0.868618727 -0.252325714
v 7.54074287 0.868618727 -0.252325803
v 6.72602415 1.48231697 -0.252325714
v 6.72602415 0.868618727 -0.899851799
v 6.72602415 0.868618727 -0.252325714
v 6.72602415 1.48231697 -0.899851799
v 7.54074287 0.868618727 -0.899851799
v 6.72602415 0.868618727 -0.899851799
v 7.54074287 1.48231697 -0.899851799
v 7.54074287 0.868618727 -0.252325803
v 7.54074287 0.868618727 -0.899851799
v 6.72602415 0.868618727 -0.899851799
v 7.54074287 0.868618727 -0.252325803
v 6.72602415 0.868618727 -0.252325714
v 6.72602415 1.48231697 -0.252325714
v 7.54074287 1.48231697 -0.899851799
v 6.72602415 1.48231697 -0.899851799
v 7.54074287 1.48231697 -0.252325803
v 6.72602415 1.48231697 -0.252325714
v 6.72602415 0.868618727 -0.252325714
v 6.72602415 1.48231697 -0.252325714
v 6.72602415 1.48231697 -0.899851799
v 6.72602415 0.868618727 -0.899851799
v 6.72602415 1.48231697 -0.899851799
v 7.54074287 1.48231697 -0.899851799
v 7.54074287 0.868618727 -0.899851799
v 7.54074287 1.48231697 -0.899851799
v 7.54074287 1.48231697 -0.252325803
v 7.54074287 0.868618727 -0.252325803
v 6.72602415 0.868618727 -0.899851799
v 7.54074287 0.868618727 -0.899851799
v 7.54074287 0.868618727 -0.252325803
v 6.72602415 1.48231697 -0.252325714
v 7.54074287 1.48231697 -0.252325803
v 7.54074287 1.48231697 -0.899851799
v 7.92638397 0.256998986 0.340979487
v 7.11166477 0.870697618 0.340979606
v 7.92638397 0.870697618 0.340979487
v 7.11166477 0.256998986 0.340979606
v 7.11166477 0.870697677 0.988505602
v 7.11166477 0.870697618 0.340979606
v 7.11166477 0.256999105 0.988505602
v 7.92638397 0.870697677 0.988505602
v 7.11166477 0.870697677 0.988505602
v 7.92638397 0.256999105 0.988505602
v 7.92638397 0.870697618 0.340979487
v 7.92638397 0.870697677 0.988505602
v 7.11166477 0.870697677 0.988505602
v 7.92638397 0.870697618 0.340979487
v 7.11166477 0.870697618 0.340979606
v 7.11166477 0.256998986 0.340979606
v 7.92638397 0.256999105 0.988505602
v 7.11166477 0.256999105 0.988505602
v 7.92638397 0.256998986 0.340979487
v 7.11166477 0.256998986 0.340979606
v 7.11166477 0.870697618 0.340979606
v 7.11166477 0.256998986 0.340979606
v 7.11166477 0.256999105 0.988505602
v 7.11166477 0.870697677 0.988505602
v 7.11166477 0.256999105 0.988505602
v 7.92638397 0.256999105 0.988505602
v 7.92638397 0.870697677 0.988505602
v 7.92638397 0.256999105 0.988505602
v 7.92638397 0.256998986 0.340979487
v 7.92638397 0.870697618 0.340979487
v 7.11166477 0.870697677 0.988505602
v 7.92638397 0.870697677 0.988505602
v 7.92638397 0.870697618 0.340979487
v 7.11166477 0.256998986 0.340979606
v 7.92638397 0.256998986 0.340979487
v 7.92638397 0.256999105 0.988505602
v 7.07292509 0.256998986 0.340979606
v 6.25820589 0.870697618 0.340979695
v 7.07292509 0.870697618 0.340979606
v 6.25820589 0.256998986 0.340979695
v 6.25820589 0.870697677 0.988505721
v 6.25820589 0.870697618 0.340979695
v 6.25820589 0.256999105 0.988505721
v 7.07292509 0.870697677 0.988505602
v 6.25820589 0.870697677 0.988505721
v 7.07292509 0.256999105 0.988505602
v 7.07292509 0.870697618 0.340979606
v 7.07292509 0.870697677 0.988505602
v 6.25820589 0.870697677 0.988505721
v 7.07292509 0.870697618 0.340979606
v 6.25820589 0.870697618 0.340979695
v 6.25820589 0.256998986 0.340979695
v 7.07292509 0.256999105 0.988505602
v 6.25820589 0.256999105 0.988505721
v 7.07292509 0.256998986 0.340979606
v 6.25820589 0.256998986 0.340979695
v 6.25820589 0.870697618 0.340979695
v 6.25820589 0.256998986 0.340979695
v 6.25820589 0.256999105 0.988505721
v 6.25820589 0.870697677 0.988505721
v 6.25820589 0.256999105 0.988505721
v 7.07292509 0.256999105 0.988505602
v 7.07292509 0.870697677 0.988505602
v 7.07292509 0.256999105 0.988505602
v 7.07292509 0.256998986 0.340979606
v 7.07292509 0.870697618 0.340979606
v 6.25820589 0.870697677 0.988505721
v 7.07292509 0.870697677 0.988505602
v 7.07292509 0.870697618 0.340979606
v 6.25820589 0.256998986 0.340979695
v 7.07292509 0.256998986 0.340979606
v 7.07292509 0.256999105 0.988505602
v 5.35230398 0.256998986 0.340979815
v 4.53758383 0.870697618 0.340979815
v 5.35230398 0.870697618 0.340979815
v 4.53758383 0.256998986 0.340979815
v 4.53758526 0.870697677 0.988505781
v 4.53758383 0.870697618 0.340979815
v 4.53758526 0.256999105 0.988505781
v 5.35230398 0.870697677 0.988505781
v 4.53758526 0.870697677 0.988505781
v 5.35230398 0.256999105 0.988505781
v 5.35230398 0.870697618 0.340979815
v 5.35230398 0.870697677 0.988505781
v 4.53758526 0.870697677 0.988505781
v 5.35230398 0.870697618 0.340979815
v 4.53758383 0.870697618 0.340979815
v 4.53758383 0.256998986 0.340979815
v 5.35230398 0.256999105 0.988505781
v 4.53758526 0.256999105 0.988505781
v 5.35230398 0.256998986 0.340979815
v 4.53758383 0.256998986 0.340979815
v 4.53758383 0.870697618 0.340979815
v 4.53758383 0.256998986 0.340979815
v 4.53758526 0.256999105 0.988505781
v 4.53758526 0.870697677 0.988505781
v 4.53758526 0.256999105 0.988505781
v 5.35230398 0.256999105 0.988505781
v 5.35230398 0.870697677 0.988505781
v 5.35230398 0.256999105 0.988505781
v 5.35230398 0.256998986 0.340979815
v 5.35230398 0.870697618 0.340979815
v 4.53758526 0.870697677 0.988505781
v 5.35230398 0.870697677 0.988505781
v 5.35230398 0.870697618 0.340979815
v 4.53758383 0.256998986 0.340979815
v 5.35230398 0.256998986 0.340979815
v 5.35230398 0.256999105 0.988505781
v 5.3642149 0.882323205 0.340979815
v 4.54949713 1.49602199 0.340979815
v 5.3642149 1.49602199 0.340979815
v 4.54949713 0.882323205 0.340979815
v 4.54949713 1.49602199 0.988505781
v 4.54949713 1.49602199 0.340979815
v 4.54949713 0.882323325 0.988505781
v 5.36421585 1.49602199 0.988505781
v 4.54949713 1.49602199 0.988505781
v 5.36421585 0.882323325 0.988505781
v 5.3642149 1.49602199 0.340979815
v 5.36421585 1.49602199 0.988505781
v 4.54949713 1.49602199 0.988505781
v 5.3642149 1.49602199 0.340979815
v 4.54949713 1.49602199 0.340979815
v 4.54949713 0.882323205 0.340979815
v 5.36421585 0.882323325 0.988505781
v 4.54949713 0.882323325 0.988505781
v 5.3642149 0.882323205 0.340979815
v 4.54949713 0.882323205 0.340979815
v 4.54949713 1.49602199 0.340979815
v 4.54949713 0.882323205 0.340979815
v 4.54949713 0.882323325 0.988505781
v 4.54949713 1.49602199 0.988505781
v 4.54949713 0.882323325 0.988505781
v 5.36421585 0.882323325 0.988505781
v 5.36421585 1.49602199 0.988505781
v 5.36421585 0.882323325 0.988505781
v 5.3642149 0.882323205 0.340979815
v 5.3642149 1.49602199 0.340979815
v 4.54949713 1.49602199 0.988505781
v 5.36421585 1.49602199 0.988505781
v 5.3642149 1.49602199 0.340979815
v 4.54949713 0.882323205 0.340979815
v 5.3642149 0.882323205 0.340979815
v 5.36421585 0.882323325 0.988505781
vt 0.625 0 0
vt 0.375 0.25 0
vt 0.375 0 0
vt 0.625 0.25 0
vt 0.375 0.5 0
vt 0.625 0.5 0
vt 0.375 0.75 0
vt 0.625 0.75 0
vt 0.375 1 0
vt 0.125 0.75 0
vt 0.125 0.5 0
vt 0.875000119 0.5 0
vt 0.625 1 0
vt 0.875000119 0.75 0
vn 0 0 -1
vn 1 0 0
vn 0 0 1
vn -1 0 0
vn 0 -1 0
vn 0 1 0
vn 0 1 2.25967e-07
vn 0 1 4.51935023e-07
vn 0 -1 -2.25967e-07
vn 0 1 4.51934e-07
vn 0 1 4.51933005e-07
vn 0 -1 -4.51934e-07
vn 0 1 9.03866976e-07
vn 0 1 9.03867999e-07
vn 0 1 1.80773998e-06
vn 0 1 1.80772997e-06
vn 0 -1 -4.51935023e-07
vn 0 -1 -4.51933005e-07
vn 1.78817004e-07 0 1
vn 1.19211009e-07 0 1
vn -2.38422018e-07 0 -1
vn -1 0 7.36398988e-07
vn -1 0 7.36397965e-07
vn 2.38422018e-07 0 1
vn -1.19211009e-07 0 -1
vn 0 -1 9.03867999e-07
vn -1.78817004e-07 0 -1
vn 1 0 -7.36397965e-07
vn 0 -1 4.51934e-07
vn 1 0 -7.36398988e-07
vn 0 -1 -1.59425994e-07
vn 0 1 -9.03867999e-07
vn -1 0 1.47280002e-06
vn 1 0 -1.47280002e-06
vn 0 -1 -3.08512e-07
vn 0 1 -1.84282996e-07
vn 0 -1 9.03866976e-07
vn 0 1 -1.73940009e-07
vn 0 -1 -3.18853012e-07
vn 0 1 -9.03866976e-07
vn 0 1 -2.25967e-07
vn 0 -1 2.25967e-07
vn 2.38422984e-07 0 1
vn 0 1 -2.33744004e-07
vn 0 1 -4.59125005e-07
vn 0 -1 2.12727997e-07
vn -2.38422984e-07 0 -1
vn 0 -1 -1.80773998e-06
vn 1 0 -3.68200006e-07
vn 1 0 -3.68199011e-07
vn 0 1 -5.3266001e-07
vn 0 -1 1.83493995e-07
vn 0 -1 -1.28558008e-06
vn 0 1 -4.51934e-07
vn 0 1 -4.66317005e-07
vn 0 -1 1.99490003e-07
f 1/1/1 2/2/1 3/3/1
f 4/4/2 5/5/2 6/2/2
f 7/6/3 8/7/3 9/5/3
f 10/8/4 11/9/4 12/7/4
f 13/5/5 14/10/5 15/11/5
f 16/12/6 17/8/6 18/6/6
f 19/1/1 20/4/1 21/2/1
f 22/4/2 23/6/2 24/5/2
f 25/6/3 26/8/3 27/7/3
f 28/8/4 29/13/4 30/9/4
f 31/5/5 32/7/5 33/10/5
f 34/12/6 35/14/6 36/8/6
f 37/1/1 38/2/1 39/3/1
f 40/4/2 41/5/2 42/2/2
f 43/6/3 44/7/3 45/5/3
f 46/8/4 47/9/4 48/7/4
f 49/5/5 50/10/5 51/11/5
f 52/12/6 53/8/6 54/6/6
f 55/1/1 56/4/1 57/2/1
f 58/4/2 59/6/2 60/5/2
f 61/6/3 62/8/3 63/7/3
f 64/8/4 65/13/4 66/9/4
f 67/5/5 68/7/5 69/10/5
f 70/12/6 71/14/6 72/8/6
f 73/1/3 74/2/3 75/3/3
f 76/4/2 77/5/2 78/2/2
f 79/6/1 80/7/1 81/5/1
f 82/8/4 83/9/4 84/7/4
f 85/5/7 86/10/7 87/11/7
f 88/12/5 89/8/5 90/6/5
f 91/1/3 92/4/3 93/2/3
f 94/4/2 95/6/2 96/5/2
f 97/6/1 98/8/1 99/7/1
f 100/8/4 101/13/4 102/9/4
f 103/5/7 104/7/7 105/10/7
f 106/12/5 107/14/5 108/8/5
f 109/1/1 110/2/1 111/3/1
f 112/4/2 113/5/2 114/2/2
f 115/6/3 116/7/3 117/5/3
f 118/8/4 119/9/4 120/7/4
f 121/5/5 122/10/5 123/11/5
f 124/12/6 125/8/6 126/6/6
f 127/1/1 128/4/1 129/2/1
f 130/4/2 131/6/2 132/5/2
f 133/6/3 134/8/3 135/7/3
f 136/8/4 137/13/4 138/9/4
f 139/5/5 140/7/5 141/10/5
f 142/12/6 143/14/6 144/8/6
f 145/1/3 146/2/3 147/3/3
f 148/4/2 149/5/2 150/2/2
f 151/6/1 152/7/1 153/5/1
f 154/8/4 155/9/4 156/7/4
f 157/5/8 158/10/8 159/11/8
f 160/12/9 161/8/9 162/6/9
f 163/1/3 164/4/3 165/2/3
f 166/4/2 167/6/2 168/5/2
f 169/6/1 170/8/1 171/7/1
f 172/8/4 173/13/4 174/9/4
f 175/5/6 176/7/6 177/10/6
f 178/12/9 179/14/9 180/8/9
f 181/1/1 182/2/1 183/3/1
f 184/4/2 185/5/2 186/2/2
f 187/6/3 188/7/3 189/5/3
f 190/8/4 191/9/4 192/7/4
f 193/5/5 194/10/5 195/11/5
f 196/12/6 197/8/6 198/6/6
f 199/1/1 200/4/1 201/2/1
f 202/4/2 203/6/2 204/5/2
f 205/6/3 206/8/3 207/7/3
f 208/8/4 209/13/4 210/9/4
f 211/5/5 212/7/5 213/10/5
f 214/12/6 215/14/6 216/8/6
f 217/1/1 218/2/1 219/3/1
f 220/4/2 221/5/2 222/2/2
f 223/6/3 224/7/3 225/5/3
f 226/8/4 227/9/4 228/7/4
f 229/5/5 230/10/5 231/11/5
f 232/12/6 233/8/6 234/6/6
f 235/1/1 236/4/1 237/2/1
f 238/4/2 239/6/2 240/5/2
f 241/6/3 242/8/3 243/7/3
f 244/8/4 245/13/4 246/9/4
f 247/5/5 248/7/5 249/10/5
f 250/12/6 251/14/6 252/8/6
f 253/1/3 254/2/3 255/3/3
f 256/4/2 257/5/2 258/2/2
f 259/6/1 260/7/1 261/5/1
f 262/8/4 263/9/4 264/7/4
f 265/5/7 266/10/7 267/11/7
f 268/12/5 269/8/5 270/6/5
f 271/1/3 272/4/3 273/2/3
f 274/4/2 275/6/2 276/5/2
f 277/6/1 278/8/1 279/7/1
f 280/8/4 281/13/4 282/9/4
f 283/5/7 284/7/7 285/10/7
f 286/12/5 287/14/5 288/8/5
f 289/1/1 290/2/1 291/3/1
f 292/4/2 293/5/2 294/2/2
f 295/6/3 296/7/3 297/5/3
f 298/8/4 299/9/4 300/7/4
f 301/5/5 302/10/5 303/11/5
f 304/12/6 305/8/6 306/6/6
f 307/1/1 308/4/1 309/2/1
f 310/4/2 311/6/2 312/5/2
f 313/6/3 314/8/3 315/7/3
f 316/8/4 317/13/4 318/9/4
f 319/5/5 320/7/5 321/10/5
f 322/12/6 323/14/6 324/8/6
f 325/1/3 326/2/3 327/3/3
f 328/4/2 329/5/2 330/2/2
f 331/6/1 332/7/1 333/5/1
f 334/8/4 335/9/4 336/7/4
f 337/5/10 338/10/10 339/11/10
f 340/12/9 341/8/9 342/6/9
f 343/1/3 344/4/3 345/2/3
f 346/4/2 347/6/2 348/5/2
f 349/6/1 350/8/1 351/7/1
f 352/8/4 353/13/4 354/9/4
f 355/5/6 356/7/6 357/10/6
f 358/12/9 359/14/9 360/8/9
f 361/1/1 362/2/1 363/3/1
f 364/4/2 365/5/2 366/2/2
f 367/6/3 368/7/3 369/5/3
f 370/8/4 371/9/4 372/7/4
f 373/5/5 374/10/5 375/11/5
f 376/12/6 377/8/6 378/6/6
f 379/1/1 380/4/1 381/2/1
f 382/4/2 383/6/2 384/5/2
f 385/6/3 386/8/3 387/7/3
f 388/8/4 389/13/4 390/9/4
f 391/5/5 392/7/5 393/10/5
f 394/12/6 395/14/6 396/8/6
f 397/1/1 398/2/1 399/3/1
f 400/4/2 401/5/2 402/2/2
f 403/6/3 404/7/3 405/5/3
f 406/8/4 407/9/4 408/7/4
f 409/5/5 410/10/5 411/11/5
f 412/12/6 413/8/6 414/6/6
f 415/1/1 416/4/1 417/2/1
f 418/4/2 419/6/2 420/5/2
f 421/6/3 422/8/3 423/7/3
f 424/8/4 425/13/4 426/9/4
f 427/5/5 428/7/5 429/10/5
f 430/12/6 431/14/6 432/8/6
f 433/1/3 434/2/3 435/3/3
f 436/4/2 437/5/2 438/2/2
f 439/6/1 440/7/1 441/5/1
f 442/8/4 443/9/4 444/7/4
f 445/5/7 446/10/7 447/11/7
f 448/12/5 449/8/5 450/6/5
f 451/1/3 452/4/3 453/2/3
f 454/4/2 455/6/2 456/5/2
f 457/6/1 458/8/1 459/7/1
f 460/8/4 461/13/4 462/9/4
f 463/5/6 464/7/6 465/10/6
f 466/12/5 467/14/5 468/8/5
f 469/1/3 470/2/3 471/3/3
f 472/4/2 473/5/2 474/2/2
f 475/6/1 476/7/1 477/5/1
f 478/8/4 479/9/4 480/7/4
f 481/5/7 482/10/7 483/11/7
f 484/12/5 485/8/5 486/6/5
f 487/1/3 488/4/3 489/2/3
f 490/4/2 491/6/2 492/5/2
f 493/6/1 494/8/1 495/7/1
f 496/8/4 497/13/4 498/9/4
f 499/5/6 500/7/6 501/10/6
f 502/12/5 503/14/5 504/8/5
f 505/1/3 506/2/3 507/3/3
f 508/4/2 509/5/2 510/2/2
f 511/6/1 512/7/1 513/5/1
f 514/8/4 515/9/4 516/7/4
f 517/5/7 518/10/7 519/11/7
f 520/12/5 521/8/5 522/6/5
f 523/1/3 524/4/3 525/2/3
f 526/4/2 527/6/2 528/5/2
f 529/6/1 530/8/1 531/7/1
f 532/8/4 533/13/4 534/9/4
f 535/5/6 536/7/6 537/10/6
f 538/12/5 539/14/5 540/8/5
f 541/1/3 542/2/3 543/3/3
f 544/4/2 545/5/2 546/2/2
f 547/6/1 548/7/1 549/5/1
f 550/8/4 551/9/4 552/7/4
f 553/5/6 554/10/6 555/11/6
f 556/12/5 557/8/5 558/6/5
f 559/1/3 560/4/3 561/2/3
f 562/4/2 563/6/2 564/5/2
f 565/6/1 566/8/1 567/7/1
f 568/8/4 569/13/4 570/9/4
f 571/5/6 572/7/6 573/10/6
f 574/12/9 575/14/9 576/8/9
f 577/1/1 578/2/1 579/3/1
f 580/4/2 581/5/2 582/2/2
f 583/6/3 584/7/3 585/5/3
f 586/8/4 587/9/4 588/7/4
f 589/5/5 590/10/5 591/11/5
f 592/12/6 593/8/6 594/6/6
f 595/1/1 596/4/1 597/2/1
f 598/4/2 599/6/2 600/5/2
f 601/6/3 602/8/3 603/7/3
f 604/8/4 605/13/4 606/9/4
f 607/5/5 608/7/5 609/10/5
f 610/12/6 611/14/6 612/8/6
f 613/1/1 614/2/1 615/3/1
f 616/4/2 617/5/2 618/2/2
f 619/6/3 620/7/3 621/5/3
f 622/8/4 623/9/4 624/7/4
f 625/5/5 626/10/5 627/11/5
f 628/12/6 629/8/6 630/6/6
f 631/1/1 632/4/1 633/2/1
f 634/4/2 635/6/2 636/5/2
f 637/6/3 638/8/3 639/7/3
f 640/8/4 641/13/4 642/9/4
f 643/5/5 644/7/5 645/10/5
f 646/12/6 647/14/6 648/8/6
f 649/1/3 650/2/3 651/3/3
f 652/4/2 653/5/2 654/2/2
f 655/6/1 656/7/1 657/5/1
f 658/8/4 659/9/4 660/7/4
f 661/5/7 662/10/7 663/11/7
f 664/12/5 665/8/5 666/6/5
f 667/1/3 668/4/3 669/2/3
f 670/4/2 671/6/2 672/5/2
f 673/6/1 674/8/1 675/7/1
f 676/8/4 677/13/4 678/9/4
f 679/5/7 680/7/7 681/10/7
f 682/12/5 683/14/5 684/8/5
f 685/1/1 686/2/1 687/3/1
f 688/4/2 689/5/2 690/2/2
f 691/6/3 692/7/3 693/5/3
f 694/8/4 695/9/4 696/7/4
f 697/5/5 698/10/5 699/11/5
f 700/12/6 701/8/6 702/6/6
f 703/1/1 704/4/1 705/2/1
f 706/4/2 707/6/2 708/5/2
f 709/6/3 710/8/3 711/7/3
f 712/8/4 713/13/4 714/9/4
f 715/5/5 716/7/5 717/10/5
f 718/12/6 719/14/6 720/8/6
f 721/1/3 722/2/3 723/3/3
f 724/4/2 725/5/2 726/2/2
f 727/6/1 728/7/1 729/5/1
f 730/8/4 731/9/4 732/7/4
f 733/5/10 734/10/10 735/11/10
f 736/12/9 737/8/9 738/6/9
f 739/1/3 740/4/3 741/2/3
f 742/4/2 743/6/2 744/5/2
f 745/6/1 746/8/1 747/7/1
f 748/8/4 749/13/4 750/9/4
f 751/5/6 752/7/6 753/10/6
f 754/12/9 755/14/9 756/8/9
f 757/1/1 758/2/1 759/3/1
f 760/4/2 761/5/2 762/2/2
f 763/6/3 764/7/3 765/5/3
f 766/8/4 767/9/4 768/7/4
f 769/5/5 770/10/5 771/11/5
f 772/12/6 773/8/6 774/6/6
f 775/1/1 776/4/1 777/2/1
f 778/4/2 779/6/2 780/5/2
f 781/6/3 782/8/3 783/7/3
f 784/8/4 785/13/4 786/9/4
f 787/5/5 788/7/5 789/10/5
f 790/12/6 791/14/6 792/8/6
f 793/1/1 794/2/1 795/3/1
f 796/4/2 797/5/2 798/2/2
f 799/6/3 800/7/3 801/5/3
f 802/8/4 803/9/4 804/7/4
f 805/5/5 806/10/5 807/11/5
f 808/12/6 809/8/6 810/6/6
f 811/1/1 812/4/1 813/2/1
f 814/4/2 815/6/2 816/5/2
f 817/6/3 818/8/3 819/7/3
f 820/8/4 821/13/4 822/9/4
f 823/5/5 824/7/5 825/10/5
f 826/12/6 827/14/6 828/8/6
f 829/1/3 830/2/3 831/3/3
f 832/4/2 833/5/2 834/2/2
f 835/6/1 836/7/1 837/5/1
f 838/8/4 839/9/4 840/7/4
f 841/5/7 842/10/7 843/11/7
f 844/12/5 845/8/5 846/6/5
f 847/1/3 848/4/3 849/2/3
f 850/4/2 851/6/2 852/5/2
f 853/6/1 854/8/1 855/7/1
f 856/8/4 857/13/4 858/9/4
f 859/5/7 860/7/7 861/10/7
f 862/12/5 863/14/5 864/8/5
f 865/1/1 866/2/1 867/3/1
f 868/4/2 869/5/2 870/2/2
f 871/6/3 872/7/3 873/5/3
f 874/8/4 875/9/4 876/7/4
f 877/5/5 878/10/5 879/11/5
f 880/12/6 881/8/6 882/6/6
f 883/1/1 884/4/1 885/2/1
f 886/4/2 887/6/2 888/5/2
f 889/6/3 890/8/3 891/7/3
f 892/8/4 893/13/4 894/9/4
f 895/5/5 896/7/5 897/10/5
f 898/12/6 899/14/6 900/8/6
f 901/1/3 902/2/3 903/3/3
f 904/4/2 905/5/2 906/2/2
f 907/6/1 908/7/1 909/5/1
f 910/8/4 911/9/4 912/7/4
f 913/5/11 914/10/11 915/11/11
f 916/12/9 917/8/9 918/6/9
f 919/1/3 920/4/3 921/2/3
f 922/4/2 923/6/2 924/5/2
f 925/6/1 926/8/1 927/7/1
f 928/8/4 929/13/4 930/9/4
f 931/5/6 932/7/6 933/10/6
f 934/12/5 935/14/5 936/8/5
f 937/1/1 938/2/1 939/3/1
f 940/4/2 941/5/2 942/2/2
f 943/6/3 944/7/3 945/5/3
f 946/8/4 947/9/4 948/7/4
f 949/5/5 950/10/5 951/11/5
f 952/12/6 953/8/6 954/6/6
f 955/1/1 956/4/1 957/2/1
f 958/4/2 959/6/2 960/5/2
f 961/6/3 962/8/3 963/7/3
f 964/8/4 965/13/4 966/9/4
f 967/5/5 968/7/5 969/10/5
f 970/12/6 971/14/6 972/8/6
f 973/1/1 974/2/1 975/3/1
f 976/4/2 977/5/2 978/2/2
f 979/6/3 980/7/3 981/5/3
f 982/8/4 983/9/4 984/7/4
f 985/5/5 986/10/5 987/11/5
f 988/12/6 989/8/6 990/6/6
f 991/1/1 992/4/1 993/2/1
f 994/4/2 995/6/2 996/5/2
f 997/6/3 998/8/3 999/7/3
f 1000/8/4 1001/13/4 1002/9/4
f 1003/5/5 1004/7/5 1005/10/5
f 1006/12/6 1007/14/6 1008/8/6
f 1009/1/3 1010/2/3 1011/3/3
f 1012/4/2 1013/5/2 1014/2/2
f 1015/6/1 1016/7/1 1017/5/1
f 1018/8/4 1019/9/4 1020/7/4
f 1021/5/7 1022/10/7 1023/11/7
f 1024/12/5 1025/8/5 1026/6/5
f 1027/1/3 1028/4/3 1029/2/3
f 1030/4/2 1031/6/2 1032/5/2
f 1033/6/1 1034/8/1 1035/7/1
f 1036/8/4 1037/13/4 1038/9/4
f 1039/5/6 1040/7/6 1041/10/6
f 1042/12/5 1043/14/5 1044/8/5
f 1045/1/3 1046/2/3 1047/3/3
f 1048/4/2 1049/5/2 1050/2/2
f 1051/6/1 1052/7/1 1053/5/1
f 1054/8/4 1055/9/4 1056/7/4
f 1057/5/7 1058/10/7 1059/11/7
f 1060/12/5 1061/8/5 1062/6/5
f 1063/1/3 1064/4/3 1065/2/3
f 1066/4/2 1067/6/2 1068/5/2
f 1069/6/1 1070/8/1 1071/7/1
f 1072/8/4 1073/13/4 1074/9/4
f 1075/5/6 1076/7/6 1077/10/6
f 1078/12/5 1079/14/5 1080/8/5
f 1081/1/3 1082/2/3 1083/3/3
f 1084/4/2 1085/5/2 1086/2/2
f 1087/6/1 1088/7/1 1089/5/1
f 1090/8/4 1091/9/4 1092/7/4
f 1093/5/7 1094/10/7 1095/11/7
f 1096/12/5 1097/8/5 1098/6/5
f 1099/1/3 1100/4/3 1101/2/3
f 1102/4/2 1103/6/2 1104/5/2
f 1105/6/1 1106/8/1 1107/7/1
f 1108/8/4 1109/13/4 1110/9/4
f 1111/5/6 1112/7/6 1113/10/6
f 1114/12/5 1115/14/5 1116/8/5
f 1117/1/3 1118/2/3 1119/3/3
f 1120/4/2 1121/5/2 1122/2/2
f 1123/6/1 1124/7/1 1125/5/1
f 1126/8/4 1127/9/4 1128/7/4
f 1129/5/6 1130/10/6 1131/11/6
f 1132/12/9 1133/8/9 1134/6/9
f 1135/1/3 1136/4/3 1137/2/3
f 1138/4/2 1139/6/2 1140/5/2
f 1141/6/1 1142/8/1 1143/7/1
f 1144/8/4 1145/13/4 1146/9/4
f 1147/5/6 1148/7/6 1149/10/6
f 1150/12/9 1151/14/9 1152/8/9
f 1153/1/1 1154/2/1 1155/3/1
f 1156/4/2 1157/5/2 1158/2/2
f 1159/6/3 1160/7/3 1161/5/3
f 1162/8/4 1163/9/4 1164/7/4
f 1165/5/5 1166/10/5 1167/11/5
f 1168/12/6 1169/8/6 1170/6/6
f 1171/1/1 1172/4/1 1173/2/1
f 1174/4/2 1175/6/2 1176/5/2
f 1177/6/3 1178/8/3 1179/7/3
f 1180/8/4 1181/13/4 1182/9/4
f 1183/5/5 1184/7/5 1185/10/5
f 1186/12/6 1187/14/6 1188/8/6
f 1189/1/1 1190/2/1 1191/3/1
f 1192/4/2 1193/5/2 1194/2/2
f 1195/6/3 1196/7/3 1197/5/3
f 1198/8/4 1199/9/4 1200/7/4
f 1201/5/5 1202/10/5 1203/11/5
f 1204/12/6 1205/8/6 1206/6/6
f 1207/1/1 1208/4/1 1209/2/1
f 1210/4/2 1211/6/2 1212/5/2
f 1213/6/3 1214/8/3 1215/7/3
f 1216/8/4 1217/13/4 1218/9/4
f 1219/5/5 1220/7/5 1221/10/5
f 1222/12/6 1223/14/6 1224/8/6
f 1225/1/3 1226/2/3 1227/3/3
f 1228/4/2 1229/5/2 1230/2/2
f 1231/6/1 1232/7/1 1233/5/1
f 1234/8/4 1235/9/4 1236/7/4
f 1237/5/6 1238/10/6 1239/11/6
f 1240/12/12 1241/8/12 1242/6/12
f 1243/1/3 1244/4/3 1245/2/3
f 1246/4/2 1247/6/2 1248/5/2
f 1249/6/1 1250/8/1 1251/7/1
f 1252/8/4 1253/13/4 1254/9/4
f 1255/5/13 1256/7/13 1257/10/13
f 1258/12/5 1259/14/5 1260/8/5
f 1261/1/1 1262/2/1 1263/3/1
f 1264/4/2 1265/5/2 1266/2/2
f 1267/6/3 1268/7/3 1269/5/3
f 1270/8/4 1271/9/4 1272/7/4
f 1273/5/5 1274/10/5 1275/11/5
f 1276/12/6 1277/8/6 1278/6/6
f 1279/1/1 1280/4/1 1281/2/1
f 1282/4/2 1283/6/2 1284/5/2
f 1285/6/3 1286/8/3 1287/7/3
f 1288/8/4 1289/13/4 1290/9/4
f 1291/5/5 1292/7/5 1293/10/5
f 1294/12/6 1295/14/6 1296/8/6
f 1297/1/3 1298/2/3 1299/3/3
f 1300/4/2 1301/5/2 1302/2/2
f 1303/6/1 1304/7/1 1305/5/1
f 1306/8/4 1307/9/4 1308/7/4
f 1309/5/6 1310/10/6 1311/11/6
f 1312/12/5 1313/8/5 1314/6/5
f 1315/1/3 1316/4/3 1317/2/3
f 1318/4/2 1319/6/2 1320/5/2
f 1321/6/1 1322/8/1 1323/7/1
f 1324/8/4 1325/13/4 1326/9/4
f 1327/5/13 1328/7/13 1329/10/13
f 1330/12/5 1331/14/5 1332/8/5
f 1333/1/1 1334/2/1 1335/3/1
f 1336/4/2 1337/5/2 1338/2/2
f 1339/6/3 1340/7/3 1341/5/3
f 1342/8/4 1343/9/4 1344/7/4
f 1345/5/5 1346/10/5 1347/11/5
f 1348/12/6 1349/8/6 1350/6/6
f 1351/1/1 1352/4/1 1353/2/1
f 1354/4/2 1355/6/2 1356/5/2
f 1357/6/3 1358/8/3 1359/7/3
f 1360/8/4 1361/13/4 1362/9/4
f 1363/5/5 1364/7/5 1365/10/5
f 1366/12/6 1367/14/6 1368/8/6
f 1369/1/1 1370/2/1 1371/3/1
f 1372/4/2 1373/5/2 1374/2/2
f 1375/6/3 1376/7/3 1377/5/3
f 1378/8/4 1379/9/4 1380/7/4
f 1381/5/5 1382/10/5 1383/11/5
f 1384/12/6 1385/8/6 1386/6/6
f 1387/1/1 1388/4/1 1389/2/1
f 1390/4/2 1391/6/2 1392/5/2
f 1393/6/3 1394/8/3 1395/7/3
f 1396/8/4 1397/13/4 1398/9/4
f 1399/5/5 1400/7/5 1401/10/5
f 1402/12/6 1403/14/6 1404/8/6
f 1405/1/3 1406/2/3 1407/3/3
f 1408/4/2 1409/5/2 1410/2/2
f 1411/6/1 1412/7/1 1413/5/1
f 1414/8/4 1415/9/4 1416/7/4
f 1417/5/6 1418/10/6 1419/11/6
f 1420/12/12 1421/8/12 1422/6/12
f 1423/1/3 1424/4/3 1425/2/3
f 1426/4/2 1427/6/2 1428/5/2
f 1429/6/1 1430/8/1 1431/7/1
f 1432/8/4 1433/13/4 1434/9/4
f 1435/5/14 1436/7/14 1437/10/14
f 1438/12/5 1439/14/5 1440/8/5
f 1441/1/1 1442/2/1 1443/3/1
f 1444/4/2 1445/5/2 1446/2/2
f 1447/6/3 1448/7/3 1449/5/3
f 1450/8/4 1451/9/4 1452/7/4
f 1453/5/5 1454/10/5 1455/11/5
f 1456/12/6 1457/8/6 1458/6/6
f 1459/1/1 1460/4/1 1461/2/1
f 1462/4/2 1463/6/2 1464/5/2
f 1465/6/3 1466/8/3 1467/7/3
f 1468/8/4 1469/13/4 1470/9/4
f 1471/5/5 1472/7/5 1473/10/5
f 1474/12/6 1475/14/6 1476/8/6
f 1477/1/3 1478/2/3 1479/3/3
f 1480/4/2 1481/5/2 1482/2/2
f 1483/6/1 1484/7/1 1485/5/1
f 1486/8/4 1487/9/4 1488/7/4
f 1489/5/6 1490/10/6 1491/11/6
f 1492/12/5 1493/8/5 1494/6/5
f 1495/1/3 1496/4/3 1497/2/3
f 1498/4/2 1499/6/2 1500/5/2
f 1501/6/1 1502/8/1 1503/7/1
f 1504/8/4 1505/13/4 1506/9/4
f 1507/5/14 1508/7/14 1509/10/14
f 1510/12/5 1511/14/5 1512/8/5
f 1513/1/1 1514/2/1 1515/3/1
f 1516/4/2 1517/5/2 1518/2/2
f 1519/6/3 1520/7/3 1521/5/3
f 1522/8/4 1523/9/4 1524/7/4
f 1525/5/5 1526/10/5 1527/11/5
f 1528/12/6 1529/8/6 1530/6/6
f 1531/1/1 1532/4/1 1533/2/1
f 1534/4/2 1535/6/2 1536/5/2
f 1537/6/3 1538/8/3 1539/7/3
f 1540/8/4 1541/13/4 1542/9/4
f 1543/5/5 1544/7/5 1545/10/5
f 1546/12/6 1547/14/6 1548/8/6
f 1549/1/1 1550/2/1 1551/3/1
f 1552/4/2 1553/5/2 1554/2/2
f 1555/6/3 1556/7/3 1557/5/3
f 1558/8/4 1559/9/4 1560/7/4
f 1561/5/5 1562/10/5 1563/11/5
f 1564/12/6 1565/8/6 1566/6/6
f 1567/1/1 1568/4/1 1569/2/1
f 1570/4/2 1571/6/2 1572/5/2
f 1573/6/3 1574/8/3 1575/7/3
f 1576/8/4 1577/13/4 1578/9/4
f 1579/5/5 1580/7/5 1581/10/5
f 1582/12/6 1583/14/6 1584/8/6
f 1585/1/3 1586/2/3 1587/3/3
f 1588/4/2 1589/5/2 1590/2/2
f 1591/6/1 1592/7/1 1593/5/1
f 1594/8/4 1595/9/4 1596/7/4
f 1597/5/6 1598/10/6 1599/11/6
f 1600/12/5 1601/8/5 1602/6/5
f 1603/1/3 1604/4/3 1605/2/3
f 1606/4/2 1607/6/2 1608/5/2
f 1609/6/1 1610/8/1 1611/7/1
f 1612/8/4 1613/13/4 1614/9/4
f 1615/5/14 1616/7/14 1617/10/14
f 1618/12/5 1619/14/5 1620/8/5
f 1621/1/3 1622/2/3 1623/3/3
f 1624/4/2 1625/5/2 1626/2/2
f 1627/6/1 1628/7/1 1629/5/1
f 1630/8/4 1631/9/4 1632/7/4
f 1633/5/6 1634/10/6 1635/11/6
f 1636/12/5 1637/8/5 1638/6/5
f 1639/1/3 1640/4/3 1641/2/3
f 1642/4/2 1643/6/2 1644/5/2
f 1645/6/1 1646/8/1 1647/7/1
f 1648/8/4 1649/13/4 1650/9/4
f 1651/5/14 1652/7/14 1653/10/14
f 1654/12/5 1655/14/5 1656/8/5
f 1657/1/3 1658/2/3 1659/3/3
f 1660/4/2 1661/5/2 1662/2/2
f 1663/6/1 1664/7/1 1665/5/1
f 1666/8/4 1667/9/4 1668/7/4
f 1669/5/6 1670/10/6 1671/11/6
f 1672/12/5 1673/8/5 1674/6/5
f 1675/1/3 1676/4/3 1677/2/3
f 1678/4/2 1679/6/2 1680/5/2
f 1681/6/1 1682/8/1 1683/7/1
f 1684/8/4 1685/13/4 1686/9/4
f 1687/5/14 1688/7/14 1689/10/14
f 1690/12/5 1691/14/5 1692/8/5
f 1693/1/3 1694/2/3 1695/3/3
f 1696/4/2 1697/5/2 1698/2/2
f 1699/6/1 1700/7/1 1701/5/1
f 1702/8/4 1703/9/4 1704/7/4
f 1705/5/6 1706/10/6 1707/11/6
f 1708/12/5 1709/8/5 1710/6/5
f 1711/1/3 1712/4/3 1713/2/3
f 1714/4/2 1715/6/2 1716/5/2
f 1717/6/1 1718/8/1 1719/7/1
f 1720/8/4 1721/13/4 1722/9/4
f 1723/5/6 1724/7/6 1725/10/6
f 1726/12/5 1727/14/5 1728/8/5
f 1729/1/1 1730/2/1 1731/3/1
f 1732/4/2 1733/5/2 1734/2/2
f 1735/6/3 1736/7/3 1737/5/3
f 1738/8/4 1739/9/4 1740/7/4
f 1741/5/5 1742/10/5 1743/11/5
f 1744/12/6 1745/8/6 1746/6/6
f 1747/1/1 1748/4/1 1749/2/1
f 1750/4/2 1751/6/2 1752/5/2
f 1753/6/3 1754/8/3 1755/7/3
f 1756/8/4 1757/13/4 1758/9/4
f 1759/5/5 1760/7/5 1761/10/5
f 1762/12/6 1763/14/6 1764/8/6
f 1765/1/1 1766/2/1 1767/3/1
f 1768/4/2 1769/5/2 1770/2/2
f 1771/6/3 1772/7/3 1773/5/3
f 1774/8/4 1775/9/4 1776/7/4
f 1777/5/5 1778/10/5 1779/11/5
f 1780/12/6 1781/8/6 1782/6/6
f 1783/1/1 1784/4/1 1785/2/1
f 1786/4/2 1787/6/2 1788/5/2
f 1789/6/3 1790/8/3 1791/7/3
f 1792/8/4 1793/13/4 1794/9/4
f 1795/5/5 1796/7/5 1797/10/5
f 1798/12/6 1799/14/6 1800/8/6
f 1801/1/3 1802/2/3 1803/3/3
f 1804/4/2 1805/5/2 1806/2/2
f 1807/6/1 1808/7/1 1809/5/1
f 1810/8/4 1811/9/4 1812/7/4
f 1813/5/6 1814/10/6 1815/11/6
f 1816/12/5 1817/8/5 1818/6/5
f 1819/1/3 1820/4/3 1821/2/3
f 1822/4/2 1823/6/2 1824/5/2
f 1825/6/1 1826/8/1 1827/7/1
f 1828/8/4 1829/13/4 1830/9/4
f 1831/5/6 1832/7/6 1833/10/6
f 1834/12/5 1835/14/5 1836/8/5
f 1837/1/1 1838/2/1 1839/3/1
f 1840/4/2 1841/5/2 1842/2/2
f 1843/6/3 1844/7/3 1845/5/3
f 1846/8/4 1847/9/4 1848/7/4
f 1849/5/5 1850/10/5 1851/11/5
f 1852/12/6 1853/8/6 1854/6/6
f 1855/1/1 1856/4/1 1857/2/1
f 1858/4/2 1859/6/2 1860/5/2
f 1861/6/3 1862/8/3 1863/7/3
f 1864/8/4 1865/13/4 1866/9/4
f 1867/5/5 1868/7/5 1869/10/5
f 1870/12/6 1871/14/6 1872/8/6
f 1873/1/3 1874/2/3 1875/3/3
f 1876/4/2 1877/5/2 1878/2/2
f 1879/6/1 1880/7/1 1881/5/1
f 1882/8/4 1883/9/4 1884/7/4
f 1885/5/6 1886/10/6 1887/11/6
f 1888/12/5 1889/8/5 1890/6/5
f 1891/1/3 1892/4/3 1893/2/3
f 1894/4/2 1895/6/2 1896/5/2
f 1897/6/1 1898/8/1 1899/7/1
f 1900/8/4 1901/13/4 1902/9/4
f 1903/5/15 1904/7/15 1905/10/15
f 1906/12/5 1907/14/5 1908/8/5
f 1909/1/1 1910/2/1 1911/3/1
f 1912/4/2 1913/5/2 1914/2/2
f 1915/6/3 1916/7/3 1917/5/3
f 1918/8/4 1919/9/4 1920/7/4
f 1921/5/5 1922/10/5 1923/11/5
f 1924/12/6 1925/8/6 1926/6/6
f 1927/1/1 1928/4/1 1929/2/1
f 1930/4/2 1931/6/2 1932/5/2
f 1933/6/3 1934/8/3 1935/7/3
f 1936/8/4 1937/13/4 1938/9/4
f 1939/5/5 1940/7/5 1941/10/5
f 1942/12/6 1943/14/6 1944/8/6
f 1945/1/1 1946/2/1 1947/3/1
f 1948/4/2 1949/5/2 1950/2/2
f 1951/6/3 1952/7/3 1953/5/3
f 1954/8/4 1955/9/4 1956/7/4
f 1957/5/5 1958/10/5 1959/11/5
f 1960/12/6 1961/8/6 1962/6/6
f 1963/1/1 1964/4/1 1965/2/1
f 1966/4/2 1967/6/2 1968/5/2
f 1969/6/3 1970/8/3 1971/7/3
f 1972/8/4 1973/13/4 1974/9/4
f 1975/5/5 1976/7/5 1977/10/5
f 1978/12/6 1979/14/6 1980/8/6
f 1981/1/3 1982/2/3 1983/3/3
f 1984/4/2 1985/5/2 1986/2/2
f 1987/6/1 1988/7/1 1989/5/1
f 1990/8/4 1991/9/4 1992/7/4
f 1993/5/6 1994/10/6 1995/11/6
f 1996/12/5 1997/8/5 1998/6/5
f 1999/1/3 2000/4/3 2001/2/3
f 2002/4/2 2003/6/2 2004/5/2
f 2005/6/1 2006/8/1 2007/7/1
f 2008/8/4 2009/13/4 2010/9/4
f 2011/5/6 2012/7/6 2013/10/6
f 2014/12/5 2015/14/5 2016/8/5
f 2017/1/1 2018/2/1 2019/3/1
f 2020/4/2 2021/5/2 2022/2/2
f 2023/6/3 2024/7/3 2025/5/3
f 2026/8/4 2027/9/4 2028/7/4
f 2029/5/5 2030/10/5 2031/11/5
f 2032/12/6 2033/8/6 2034/6/6
f 2035/1/1 2036/4/1 2037/2/1
f 2038/4/2 2039/6/2 2040/5/2
f 2041/6/3 2042/8/3 2043/7/3
f 2044/8/4 2045/13/4 2046/9/4
f 2047/5/5 2048/7/5 2049/10/5
f 2050/12/6 2051/14/6 2052/8/6
f 2053/1/3 2054/2/3 2055/3/3
f 2056/4/2 2057/5/2 2058/2/2
f 2059/6/1 2060/7/1 2061/5/1
f 2062/8/4 2063/9/4 2064/7/4
f 2065/5/6 2066/10/6 2067/11/6
f 2068/12/5 2069/8/5 2070/6/5
f 2071/1/3 2072/4/3 2073/2/3
f 2074/4/2 2075/6/2 2076/5/2
f 2077/6/1 2078/8/1 2079/7/1
f 2080/8/4 2081/13/4 2082/9/4
f 2083/5/16 2084/7/16 2085/10/16
f 2086/12/5 2087/14/5 2088/8/5
f 2089/1/1 2090/2/1 2091/3/1
f 2092/4/2 2093/5/2 2094/2/2
f 2095/6/3 2096/7/3 2097/5/3
f 2098/8/4 2099/9/4 2100/7/4
f 2101/5/5 2102/10/5 2103/11/5
f 2104/12/6 2105/8/6 2106/6/6
f 2107/1/1 2108/4/1 2109/2/1
f 2110/4/2 2111/6/2 2112/5/2
f 2113/6/3 2114/8/3 2115/7/3
f 2116/8/4 2117/13/4 2118/9/4
f 2119/5/5 2120/7/5 2121/10/5
f 2122/12/6 2123/14/6 2124/8/6
f 2125/1/1 2126/2/1 2127/3/1
f 2128/4/2 2129/5/2 2130/2/2
f 2131/6/3 2132/7/3 2133/5/3
f 2134/8/4 2135/9/4 2136/7/4
f 2137/5/5 2138/10/5 2139/11/5
f 2140/12/6 2141/8/6 2142/6/6
f 2143/1/1 2144/4/1 2145/2/1
f 2146/4/2 2147/6/2 2148/5/2
f 2149/6/3 2150/8/3 2151/7/3
f 2152/8/4 2153/13/4 2154/9/4
f 2155/5/5 2156/7/5 2157/10/5
f 2158/12/6 2159/14/6 2160/8/6
f 2161/1/3 2162/2/3 2163/3/3
f 2164/4/2 2165/5/2 2166/2/2
f 2167/6/1 2168/7/1 2169/5/1
f 2170/8/4 2171/9/4 2172/7/4
f 2173/5/6 2174/10/6 2175/11/6
f 2176/12/5 2177/8/5 2178/6/5
f 2179/1/3 2180/4/3 2181/2/3
f 2182/4/2 2183/6/2 2184/5/2
f 2185/6/1 2186/8/1 2187/7/1
f 2188/8/4 2189/13/4 2190/9/4
f 2191/5/6 2192/7/6 2193/10/6
f 2194/12/5 2195/14/5 2196/8/5
f 2197/1/3 2198/2/3 2199/3/3
f 2200/4/2 2201/5/2 2202/2/2
f 2203/6/1 2204/7/1 2205/5/1
f 2206/8/4 2207/9/4 2208/7/4
f 2209/5/6 2210/10/6 2211/11/6
f 2212/12/5 2213/8/5 2214/6/5
f 2215/1/3 2216/4/3 2217/2/3
f 2218/4/2 2219/6/2 2220/5/2
f 2221/6/1 2222/8/1 2223/7/1
f 2224/8/4 2225/13/4 2226/9/4
f 2227/5/6 2228/7/6 2229/10/6
f 2230/12/5 2231/14/5 2232/8/5
f 2233/1/3 2234/2/3 2235/3/3
f 2236/4/2 2237/5/2 2238/2/2
f 2239/6/1 2240/7/1 2241/5/1
f 2242/8/4 2243/9/4 2244/7/4
f 2245/5/6 2246/10/6 2247/11/6
f 2248/12/5 2249/8/5 2250/6/5
f 2251/1/3 2252/4/3 2253/2/3
f 2254/4/2 2255/6/2 2256/5/2
f 2257/6/1 2258/8/1 2259/7/1
f 2260/8/4 2261/13/4 2262/9/4
f 2263/5/6 2264/7/6 2265/10/6
f 2266/12/5 2267/14/5 2268/8/5
f 2269/1/3 2270/2/3 2271/3/3
f 2272/4/2 2273/5/2 2274/2/2
f 2275/6/1 2276/7/1 2277/5/1
f 2278/8/4 2279/9/4 2280/7/4
f 2281/5/6 2282/10/6 2283/11/6
f 2284/12/5 2285/8/5 2286/6/5
f 2287/1/3 2288/4/3 2289/2/3
f 2290/4/2 2291/6/2 2292/5/2
f 2293/6/1 2294/8/1 2295/7/1
f 2296/8/4 2297/13/4 2298/9/4
f 2299/5/6 2300/7/6 2301/10/6
f 2302/12/5 2303/14/5 2304/8/5
f 2305/1/1 2306/2/1 2307/3/1
f 2308/4/2 2309/5/2 2310/2/2
f 2311/6/3 2312/7/3 2313/5/3
f 2314/8/4 2315/9/4 2316/7/4
f 2317/5/5 2318/10/5 2319/11/5
f 2320/12/6 2321/8/6 2322/6/6
f 2323/1/1 2324/4/1 2325/2/1
f 2326/4/2 2327/6/2 2328/5/2
f 2329/6/3 2330/8/3 2331/7/3
f 2332/8/4 2333/13/4 2334/9/4
f 2335/5/5 2336/7/5 2337/10/5
f 2338/12/6 2339/14/6 2340/8/6
f 2341/1/1 2342/2/1 2343/3/1
f 2344/4/2 2345/5/2 2346/2/2
f 2347/6/3 2348/7/3 2349/5/3
f 2350/8/4 2351/9/4 2352/7/4
f 2353/5/5 2354/10/5 2355/11/5
f 2356/12/6 2357/8/6 2358/6/6
f 2359/1/1 2360/4/1 2361/2/1
f 2362/4/2 2363/6/2 2364/5/2
f 2365/6/3 2366/8/3 2367/7/3
f 2368/8/4 2369/13/4 2370/9/4
f 2371/5/5 2372/7/5 2373/10/5
f 2374/12/6 2375/14/6 2376/8/6
f 2377/1/3 2378/2/3 2379/3/3
f 2380/4/2 2381/5/2 2382/2/2
f 2383/6/1 2384/7/1 2385/5/1
f 2386/8/4 2387/9/4 2388/7/4
f 2389/5/6 2390/10/6 2391/11/6
f 2392/12/12 2393/8/12 2394/6/12
f 2395/1/3 2396/4/3 2397/2/3
f 2398/4/2 2399/6/2 2400/5/2
f 2401/6/1 2402/8/1 2403/7/1
f 2404/8/4 2405/13/4 2406/9/4
f 2407/5/14 2408/7/14 2409/10/14
f 2410/12/5 2411/14/5 2412/8/5
f 2413/1/1 2414/2/1 2415/3/1
f 2416/4/2 2417/5/2 2418/2/2
f 2419/6/3 2420/7/3 2421/5/3
f 2422/8/4 2423/9/4 2424/7/4
f 2425/5/5 2426/10/5 2427/11/5
f 2428/12/6 2429/8/6 2430/6/6
f 2431/1/1 2432/4/1 2433/2/1
f 2434/4/2 2435/6/2 2436/5/2
f 2437/6/3 2438/8/3 2439/7/3
f 2440/8/4 2441/13/4 2442/9/4
f 2443/5/5 2444/7/5 2445/10/5
f 2446/12/6 2447/14/6 2448/8/6
f 2449/1/3 2450/2/3 2451/3/3
f 2452/4/2 2453/5/2 2454/2/2
f 2455/6/1 2456/7/1 2457/5/1
f 2458/8/4 2459/9/4 2460/7/4
f 2461/5/6 2462/10/6 2463/11/6
f 2464/12/5 2465/8/5 2466/6/5
f 2467/1/3 2468/4/3 2469/2/3
f 2470/4/2 2471/6/2 2472/5/2
f 2473/6/1 2474/8/1 2475/7/1
f 2476/8/4 2477/13/4 2478/9/4
f 2479/5/14 2480/7/14 2481/10/14
f 2482/12/5 2483/14/5 2484/8/5
f 2485/1/1 2486/2/1 2487/3/1
f 2488/4/2 2489/5/2 2490/2/2
f 2491/6/3 2492/7/3 2493/5/3
f 2494/8/4 2495/9/4 2496/7/4
f 2497/5/5 2498/10/5 2499/11/5
f 2500/12/6 2501/8/6 2502/6/6
f 2503/1/1 2504/4/1 2505/2/1
f 2506/4/2 2507/6/2 2508/5/2
f 2509/6/3 2510/8/3 2511/7/3
f 2512/8/4 2513/13/4 2514/9/4
f 2515/5/5 2516/7/5 2517/10/5
f 2518/12/6 2519/14/6 2520/8/6
f 2521/1/1 2522/2/1 2523/3/1
f 2524/4/2 2525/5/2 2526/2/2
f 2527/6/3 2528/7/3 2529/5/3
f 2530/8/4 2531/9/4 2532/7/4
f 2533/5/5 2534/10/5 2535/11/5
f 2536/12/6 2537/8/6 2538/6/6
f 2539/1/1 2540/4/1 2541/2/1
f 2542/4/2 2543/6/2 2544/5/2
f 2545/6/3 2546/8/3 2547/7/3
f 2548/8/4 2549/13/4 2550/9/4
f 2551/5/5 2552/7/5 2553/10/5
f 2554/12/6 2555/14/6 2556/8/6
f 2557/1/3 2558/2/3 2559/3/3
f 2560/4/2 2561/5/2 2562/2/2
f 2563/6/1 2564/7/1 2565/5/1
f 2566/8/4 2567/9/4 2568/7/4
f 2569/5/6 2570/10/6 2571/11/6
f 2572/12/17 2573/8/17 2574/6/17
f 2575/1/3 2576/4/3 2577/2/3
f 2578/4/2 2579/6/2 2580/5/2
f 2581/6/1 2582/8/1 2583/7/1
f 2584/8/4 2585/13/4 2586/9/4
f 2587/5/14 2588/7/14 2589/10/14
f 2590/12/5 2591/14/5 2592/8/5
f 2593/1/1 2594/2/1 2595/3/1
f 2596/4/2 2597/5/2 2598/2/2
f 2599/6/3 2600/7/3 2601/5/3
f 2602/8/4 2603/9/4 2604/7/4
f 2605/5/5 2606/10/5 2607/11/5
f 2608/12/6 2609/8/6 2610/6/6
f 2611/1/1 2612/4/1 2613/2/1
f 2614/4/2 2615/6/2 2616/5/2
f 2617/6/3 2618/8/3 2619/7/3
f 2620/8/4 2621/13/4 2622/9/4
f 2623/5/5 2624/7/5 2625/10/5
f 2626/12/6 2627/14/6 2628/8/6
f 2629/1/3 2630/2/3 2631/3/3
f 2632/4/2 2633/5/2 2634/2/2
f 2635/6/1 2636/7/1 2637/5/1
f 2638/8/4 2639/9/4 2640/7/4
f 2641/5/6 2642/10/6 2643/11/6
f 2644/12/5 2645/8/5 2646/6/5
f 2647/1/3 2648/4/3 2649/2/3
f 2650/4/2 2651/6/2 2652/5/2
f 2653/6/1 2654/8/1 2655/7/1
f 2656/8/4 2657/13/4 2658/9/4
f 2659/5/14 2660/7/14 2661/10/14
f 2662/12/5 2663/14/5 2664/8/5
f 2665/1/1 2666/2/1 2667/3/1
f 2668/4/2 2669/5/2 2670/2/2
f 2671/6/3 2672/7/3 2673/5/3
f 2674/8/4 2675/9/4 2676/7/4
f 2677/5/5 2678/10/5 2679/11/5
f 2680/12/6 2681/8/6 2682/6/6
f 2683/1/1 2684/4/1 2685/2/1
f 2686/4/2 2687/6/2 2688/5/2
f 2689/6/3 2690/8/3 2691/7/3
f 2692/8/4 2693/13/4 2694/9/4
f 2695/5/5 2696/7/5 2697/10/5
f 2698/12/6 2699/14/6 2700/8/6
f 2701/1/1 2702/2/1 2703/3/1
f 2704/4/2 2705/5/2 2706/2/2
f 2707/6/3 2708/7/3 2709/5/3
f 2710/8/4 2711/9/4 2712/7/4
f 2713/5/5 2714/10/5 2715/11/5
f 2716/12/6 2717/8/6 2718/6/6
f 2719/1/1 2720/4/1 2721/2/1
f 2722/4/2 2723/6/2 2724/5/2
f 2725/6/3 2726/8/3 2727/7/3
f 2728/8/4 2729/13/4 2730/9/4
f 2731/5/5 2732/7/5 2733/10/5
f 2734/12/6 2735/14/6 2736/8/6
f 2737/1/3 2738/2/3 2739/3/3
f 2740/4/2 2741/5/2 2742/2/2
f 2743/6/1 2744/7/1 2745/5/1
f 2746/8/4 2747/9/4 2748/7/4
f 2749/5/6 2750/10/6 2751/11/6
f 2752/12/5 2753/8/5 2754/6/5
f 2755/1/3 2756/4/3 2757/2/3
f 2758/4/2 2759/6/2 2760/5/2
f 2761/6/1 2762/8/1 2763/7/1
f 2764/8/4 2765/13/4 2766/9/4
f 2767/5/13 2768/7/13 2769/10/13
f 2770/12/5 2771/14/5 2772/8/5
f 2773/1/3 2774/2/3 2775/3/3
f 2776/4/2 2777/5/2 2778/2/2
f 2779/6/1 2780/7/1 2781/5/1
f 2782/8/4 2783/9/4 2784/7/4
f 2785/5/6 2786/10/6 2787/11/6
f 2788/12/18 2789/8/18 2790/6/18
f 2791/1/3 2792/4/3 2793/2/3
f 2794/4/2 2795/6/2 2796/5/2
f 2797/6/1 2798/8/1 2799/7/1
f 2800/8/4 2801/13/4 2802/9/4
f 2803/5/13 2804/7/13 2805/10/13
f 2806/12/5 2807/14/5 2808/8/5
f 2809/1/3 2810/2/3 2811/3/3
f 2812/4/2 2813/5/2 2814/2/2
f 2815/6/1 2816/7/1 2817/5/1
f 2818/8/4 2819/9/4 2820/7/4
f 2821/5/6 2822/10/6 2823/11/6
f 2824/12/18 2825/8/18 2826/6/18
f 2827/1/3 2828/4/3 2829/2/3
f 2830/4/2 2831/6/2 2832/5/2
f 2833/6/1 2834/8/1 2835/7/1
f 2836/8/4 2837/13/4 2838/9/4
f 2839/5/13 2840/7/13 2841/10/13
f 2842/12/5 2843/14/5 2844/8/5
f 2845/1/3 2846/2/3 2847/3/3
f 2848/4/2 2849/5/2 2850/2/2
f 2851/6/1 2852/7/1 2853/5/1
f 2854/8/4 2855/9/4 2856/7/4
f 2857/5/6 2858/10/6 2859/11/6
f 2860/12/5 2861/8/5 2862/6/5
f 2863/1/3 2864/4/3 2865/2/3
f 2866/4/2 2867/6/2 2868/5/2
f 2869/6/1 2870/8/1 2871/7/1
f 2872/8/4 2873/13/4 2874/9/4
f 2875/5/6 2876/7/6 2877/10/6
f 2878/12/5 2879/14/5 2880/8/5
f 2881/1/1 2882/2/1 2883/3/1
f 2884/4/2 2885/5/2 2886/2/2
f 2887/6/3 2888/7/3 2889/5/3
f 2890/8/4 2891/9/4 2892/7/4
f 2893/5/5 2894/10/5 2895/11/5
f 2896/12/6 2897/8/6 2898/6/6
f 2899/1/1 2900/4/1 2901/2/1
f 2902/4/2 2903/6/2 2904/5/2
f 2905/6/3 2906/8/3 2907/7/3
f 2908/8/4 2909/13/4 2910/9/4
f 2911/5/5 2912/7/5 2913/10/5
f 2914/12/6 2915/14/6 2916/8/6
f 2917/1/1 2918/2/1 2919/3/1
f 2920/4/2 2921/5/2 2922/2/2
f 2923/6/3 2924/7/3 2925/5/3
f 2926/8/4 2927/9/4 2928/7/4
f 2929/5/5 2930/10/5 2931/11/5
f 2932/12/6 2933/8/6 2934/6/6
f 2935/1/1 2936/4/1 2937/2/1
f 2938/4/2 2939/6/2 2940/5/2
f 2941/6/3 2942/8/3 2943/7/3
f 2944/8/4 2945/13/4 2946/9/4
f 2947/5/5 2948/7/5 2949/10/5
f 2950/12/6 2951/14/6 2952/8/6
f 2953/1/3 2954/2/3 2955/3/3
f 2956/4/2 2957/5/2 2958/2/2
f 2959/6/1 2960/7/1 2961/5/1
f 2962/8/4 2963/9/4 2964/7/4
f 2965/5/6 2966/10/6 2967/11/6
f 2968/12/5 2969/8/5 2970/6/5
f 2971/1/3 2972/4/3 2973/2/3
f 2974/4/2 2975/6/2 2976/5/2
f 2977/6/1 2978/8/1 2979/7/1
f 2980/8/4 2981/13/4 2982/9/4
f 2983/5/6 2984/7/6 2985/10/6
f 2986/12/5 2987/14/5 2988/8/5
f 2989/1/1 2990/2/1 2991/3/1
f 2992/4/2 2993/5/2 2994/2/2
f 2995/6/3 2996/7/3 2997/5/3
f 2998/8/4 2999/9/4 3000/7/4
f 3001/5/5 3002/10/5 3003/11/5
f 3004/12/6 3005/8/6 3006/6/6
f 3007/1/1 3008/4/1 3009/2/1
f 3010/4/2 3011/6/2 3012/5/2
f 3013/6/3 3014/8/3 3015/7/3
f 3016/8/4 3017/13/4 3018/9/4
f 3019/5/5 3020/7/5 3021/10/5
f 3022/12/6 3023/14/6 3024/8/6
f 3025/1/3 3026/2/3 3027/3/3
f 3028/4/2 3029/5/2 3030/2/2
f 3031/6/1 3032/7/1 3033/5/1
f 3034/8/4 3035/9/4 3036/7/4
f 3037/5/6 3038/10/6 3039/11/6
f 3040/12/5 3041/8/5 3042/6/5
f 3043/1/3 3044/4/3 3045/2/3
f 3046/4/2 3047/6/2 3048/5/2
f 3049/6/1 3050/8/1 3051/7/1
f 3052/8/4 3053/13/4 3054/9/4
f 3055/5/15 3056/7/15 3057/10/15
f 3058/12/5 3059/14/5 3060/8/5
f 3061/1/1 3062/2/1 3063/3/1
f 3064/4/2 3065/5/2 3066/2/2
f 3067/6/3 3068/7/3 3069/5/3
f 3070/8/4 3071/9/4 3072/7/4
f 3073/5/5 3074/10/5 3075/11/5
f 3076/12/6 3077/8/6 3078/6/6
f 3079/1/1 3080/4/1 3081/2/1
f 3082/4/2 3083/6/2 3084/5/2
f 3085/6/3 3086/8/3 3087/7/3
f 3088/8/4 3089/13/4 3090/9/4
f 3091/5/5 3092/7/5 3093/10/5
f 3094/12/6 3095/14/6 3096/8/6
f 3097/1/1 3098/2/1 3099/3/1
f 3100/4/2 3101/5/2 3102/2/2
f 3103/6/3 3104/7/3 3105/5/3
f 3106/8/4 3107/9/4 3108/7/4
f 3109/5/5 3110/10/5 3111/11/5
f 3112/12/6 3113/8/6 3114/6/6
f 3115/1/1 3116/4/1 3117/2/1
f 3118/4/2 3119/6/2 3120/5/2
f 3121/6/3 3122/8/3 3123/7/3
f 3124/8/4 3125/13/4 3126/9/4
f 3127/5/5 3128/7/5 3129/10/5
f 3130/12/6 3131/14/6 3132/8/6
f 3133/1/3 3134/2/3 3135/3/3
f 3136/4/2 3137/5/2 3138/2/2
f 3139/6/1 3140/7/1 3141/5/1
f 3142/8/4 3143/9/4 3144/7/4
f 3145/5/6 3146/10/6 3147/11/6
f 3148/12/5 3149/8/5 3150/6/5
f 3151/1/3 3152/4/3 3153/2/3
f 3154/4/2 3155/6/2 3156/5/2
f 3157/6/1 3158/8/1 3159/7/1
f 3160/8/4 3161/13/4 3162/9/4
f 3163/5/6 3164/7/6 3165/10/6
f 3166/12/5 3167/14/5 3168/8/5
f 3169/1/1 3170/2/1 3171/3/1
f 3172/4/2 3173/5/2 3174/2/2
f 3175/6/3 3176/7/3 3177/5/3
f 3178/8/4 3179/9/4 3180/7/4
f 3181/5/5 3182/10/5 3183/11/5
f 3184/12/6 3185/8/6 3186/6/6
f 3187/1/1 3188/4/1 3189/2/1
f 3190/4/2 3191/6/2 3192/5/2
f 3193/6/3 3194/8/3 3195/7/3
f 3196/8/4 3197/13/4 3198/9/4
f 3199/5/5 3200/7/5 3201/10/5
f 3202/12/6 3203/14/6 3204/8/6
f 3205/1/3 3206/2/3 3207/3/3
f 3208/4/2 3209/5/2 3210/2/2
f 3211/6/1 3212/7/1 3213/5/1
f 3214/8/4 3215/9/4 3216/7/4
f 3217/5/6 3218/10/6 3219/11/6
f 3220/12/5 3221/8/5 3222/6/5
f 3223/1/3 3224/4/3 3225/2/3
f 3226/4/2 3227/6/2 3228/5/2
f 3229/6/1 3230/8/1 3231/7/1
f 3232/8/4 3233/13/4 3234/9/4
f 3235/5/16 3236/7/16 3237/10/16
f 3238/12/5 3239/14/5 3240/8/5
f 3241/1/1 3242/2/1 3243/3/1
f 3244/4/2 3245/5/2 3246/2/2
f 3247/6/3 3248/7/3 3249/5/3
f 3250/8/4 3251/9/4 3252/7/4
f 3253/5/5 3254/10/5 3255/11/5
f 3256/12/6 3257/8/6 3258/6/6
f 3259/1/1 3260/4/1 3261/2/1
f 3262/4/2 3263/6/2 3264/5/2
f 3265/6/3 3266/8/3 3267/7/3
f 3268/8/4 3269/13/4 3270/9/4
f 3271/5/5 3272/7/5 3273/10/5
f 3274/12/6 3275/14/6 3276/8/6
f 3277/1/1 3278/2/1 3279/3/1
f 3280/4/2 3281/5/2 3282/2/2
f 3283/6/3 3284/7/3 3285/5/3
f 3286/8/4 3287/9/4 3288/7/4
f 3289/5/5 3290/10/5 3291/11/5
f 3292/12/6 3293/8/6 3294/6/6
f 3295/1/1 3296/4/1 3297/2/1
f 3298/4/2 3299/6/2 3300/5/2
f 3301/6/3 3302/8/3 3303/7/3
f 3304/8/4 3305/13/4 3306/9/4
f 3307/5/5 3308/7/5 3309/10/5
f 3310/12/6 3311/14/6 3312/8/6
f 3313/1/3 3314/2/3 3315/3/3
f 3316/4/2 3317/5/2 3318/2/2
f 3319/6/1 3320/7/1 3321/5/1
f 3322/8/4 3323/9/4 3324/7/4
f 3325/5/6 3326/10/6 3327/11/6
f 3328/12/5 3329/8/5 3330/6/5
f 3331/1/3 3332/4/3 3333/2/3
f 3334/4/2 3335/6/2 3336/5/2
f 3337/6/1 3338/8/1 3339/7/1
f 3340/8/4 3341/13/4 3342/9/4
f 3343/5/6 3344/7/6 3345/10/6
f 3346/12/5 3347/14/5 3348/8/5
f 3349/1/3 3350/2/3 3351/3/3
f 3352/4/2 3353/5/2 3354/2/2
f 3355/6/1 3356/7/1 3357/5/1
f 3358/8/4 3359/9/4 3360/7/4
f 3361/5/6 3362/10/6 3363/11/6
f 3364/12/5 3365/8/5 3366/6/5
f 3367/1/3 3368/4/3 3369/2/3
f 3370/4/2 3371/6/2 3372/5/2
f 3373/6/1 3374/8/1 3375/7/1
f 3376/8/4 3377/13/4 3378/9/4
f 3379/5/6 3380/7/6 3381/10/6
f 3382/12/5 3383/14/5 3384/8/5
f 3385/1/3 3386/2/3 3387/3/3
f 3388/4/2 3389/5/2 3390/2/2
f 3391/6/1 3392/7/1 3393/5/1
f 3394/8/4 3395/9/4 3396/7/4
f 3397/5/6 3398/10/6 3399/11/6
f 3400/12/5 3401/8/5 3402/6/5
f 3403/1/3 3404/4/3 3405/2/3
f 3406/4/2 3407/6/2 3408/5/2
f 3409/6/1 3410/8/1 3411/7/1
f 3412/8/4 3413/13/4 3414/9/4
f 3415/5/6 3416/7/6 3417/10/6
f 3418/12/5 3419/14/5 3420/8/5
f 3421/1/3 3422/2/3 3423/3/3
f 3424/4/2 3425/5/2 3426/2/2
f 3427/6/1 3428/7/1 3429/5/1
f 3430/8/4 3431/9/4 3432/7/4
f 3433/5/6 3434/10/6 3435/11/6
f 3436/12/5 3437/8/5 3438/6/5
f 3439/1/3 3440/4/3 3441/2/3
f 3442/4/2 3443/6/2 3444/5/2
f 3445/6/1 3446/8/1 3447/7/1
f 3448/8/4 3449/13/4 3450/9/4
f 3451/5/6 3452/7/6 3453/10/6
f 3454/12/5 3455/14/5 3456/8/5
f 3457/1/3 3458/2/3 3459/3/3
f 3460/4/4 3461/5/4 3462/2/4
f 3463/6/1 3464/7/1 3465/5/1
f 3466/8/2 3467/9/2 3468/7/2
f 3469/5/5 3470/10/5 3471/11/5
f 3472/12/6 3473/8/6 3474/6/6
f 3475/1/3 3476/4/3 3477/2/3
f 3478/4/4 3479/6/4 3480/5/4
f 3481/6/1 3482/8/1 3483/7/1
f 3484/8/2 3485/13/2 3486/9/2
f 3487/5/5 3488/7/5 3489/10/5
f 3490/12/6 3491/14/6 3492/8/6
f 3493/1/19 3494/2/19 3495/3/19
f 3496/4/4 3497/5/4 3498/2/4
f 3499/6/1 3500/7/1 3501/5/1
f 3502/8/2 3503/9/2 3504/7/2
f 3505/5/5 3506/10/5 3507/11/5
f 3508/12/6 3509/8/6 3510/6/6
f 3511/1/20 3512/4/20 3513/2/20
f 3514/4/4 3515/6/4 3516/5/4
f 3517/6/21 3518/8/21 3519/7/21
f 3520/8/2 3521/13/2 3522/9/2
f 3523/5/5 3524/7/5 3525/10/5
f 3526/12/6 3527/14/6 3528/8/6
f 3529/1/1 3530/2/1 3531/3/1
f 3532/4/22 3533/5/22 3534/2/22
f 3535/6/3 3536/7/3 3537/5/3
f 3538/8/2 3539/9/2 3540/7/2
f 3541/5/6 3542/10/6 3543/11/6
f 3544/12/5 3545/8/5 3546/6/5
f 3547/1/1 3548/4/1 3549/2/1
f 3550/4/23 3551/6/23 3552/5/23
f 3553/6/24 3554/8/24 3555/7/24
f 3556/8/2 3557/13/2 3558/9/2
f 3559/5/6 3560/7/6 3561/10/6
f 3562/12/5 3563/14/5 3564/8/5
f 3565/1/20 3566/2/20 3567/3/20
f 3568/4/4 3569/5/4 3570/2/4
f 3571/6/21 3572/7/21 3573/5/21
f 3574/8/2 3575/9/2 3576/7/2
f 3577/5/5 3578/10/5 3579/11/5
f 3580/12/6 3581/8/6 3582/6/6
f 3583/1/20 3584/4/20 3585/2/20
f 3586/4/4 3587/6/4 3588/5/4
f 3589/6/21 3590/8/21 3591/7/21
f 3592/8/2 3593/13/2 3594/9/2
f 3595/5/5 3596/7/5 3597/10/5
f 3598/12/6 3599/14/6 3600/8/6
f 3601/1/1 3602/2/1 3603/3/1
f 3604/4/4 3605/5/4 3606/2/4
f 3607/6/3 3608/7/3 3609/5/3
f 3610/8/2 3611/9/2 3612/7/2
f 3613/5/6 3614/10/6 3615/11/6
f 3616/12/5 3617/8/5 3618/6/5
f 3619/1/25 3620/4/25 3621/2/25
f 3622/4/4 3623/6/4 3624/5/4
f 3625/6/24 3626/8/24 3627/7/24
f 3628/8/2 3629/13/2 3630/9/2
f 3631/5/6 3632/7/6 3633/10/6
f 3634/12/26 3635/14/26 3636/8/26
f 3637/1/3 3638/2/3 3639/3/3
f 3640/4/4 3641/5/4 3642/2/4
f 3643/6/1 3644/7/1 3645/5/1
f 3646/8/2 3647/9/2 3648/7/2
f 3649/5/5 3650/10/5 3651/11/5
f 3652/12/6 3653/8/6 3654/6/6
f 3655/1/3 3656/4/3 3657/2/3
f 3658/4/4 3659/6/4 3660/5/4
f 3661/6/1 3662/8/1 3663/7/1
f 3664/8/2 3665/13/2 3666/9/2
f 3667/5/5 3668/7/5 3669/10/5
f 3670/12/6 3671/14/6 3672/8/6
f 3673/1/20 3674/2/20 3675/3/20
f 3676/4/4 3677/5/4 3678/2/4
f 3679/6/21 3680/7/21 3681/5/21
f 3682/8/2 3683/9/2 3684/7/2
f 3685/5/5 3686/10/5 3687/11/5
f 3688/12/6 3689/8/6 3690/6/6
f 3691/1/3 3692/4/3 3693/2/3
f 3694/4/4 3695/6/4 3696/5/4
f 3697/6/21 3698/8/21 3699/7/21
f 3700/8/2 3701/13/2 3702/9/2
f 3703/5/5 3704/7/5 3705/10/5
f 3706/12/6 3707/14/6 3708/8/6
f 3709/1/1 3710/2/1 3711/3/1
f 3712/4/4 3713/5/4 3714/2/4
f 3715/6/24 3716/7/24 3717/5/24
f 3718/8/2 3719/9/2 3720/7/2
f 3721/5/6 3722/10/6 3723/11/6
f 3724/12/5 3725/8/5 3726/6/5
f 3727/1/1 3728/4/1 3729/2/1
f 3730/4/4 3731/6/4 3732/5/4
f 3733/6/3 3734/8/3 3735/7/3
f 3736/8/2 3737/13/2 3738/9/2
f 3739/5/6 3740/7/6 3741/10/6
f 3742/12/5 3743/14/5 3744/8/5
f 3745/1/20 3746/2/20 3747/3/20
f 3748/4/4 3749/5/4 3750/2/4
f 3751/6/21 3752/7/21 3753/5/21
f 3754/8/2 3755/9/2 3756/7/2
f 3757/5/5 3758/10/5 3759/11/5
f 3760/12/6 3761/8/6 3762/6/6
f 3763/1/3 3764/4/3 3765/2/3
f 3766/4/4 3767/6/4 3768/5/4
f 3769/6/1 3770/8/1 3771/7/1
f 3772/8/2 3773/13/2 3774/9/2
f 3775/5/5 3776/7/5 3777/10/5
f 3778/12/6 3779/14/6 3780/8/6
f 3781/1/1 3782/2/1 3783/3/1
f 3784/4/4 3785/5/4 3786/2/4
f 3787/6/24 3788/7/24 3789/5/24
f 3790/8/2 3791/9/2 3792/7/2
f 3793/5/6 3794/10/6 3795/11/6
f 3796/12/5 3797/8/5 3798/6/5
f 3799/1/1 3800/4/1 3801/2/1
f 3802/4/4 3803/6/4 3804/5/4
f 3805/6/24 3806/8/24 3807/7/24
f 3808/8/2 3809/13/2 3810/9/2
f 3811/5/6 3812/7/6 3813/10/6
f 3814/12/26 3815/14/26 3816/8/26
f 3817/1/3 3818/2/3 3819/3/3
f 3820/4/4 3821/5/4 3822/2/4
f 3823/6/1 3824/7/1 3825/5/1
f 3826/8/2 3827/9/2 3828/7/2
f 3829/5/5 3830/10/5 3831/11/5
f 3832/12/6 3833/8/6 3834/6/6
f 3835/1/3 3836/4/3 3837/2/3
f 3838/4/4 3839/6/4 3840/5/4
f 3841/6/1 3842/8/1 3843/7/1
f 3844/8/2 3845/13/2 3846/9/2
f 3847/5/5 3848/7/5 3849/10/5
f 3850/12/6 3851/14/6 3852/8/6
f 3853/1/3 3854/2/3 3855/3/3
f 3856/4/4 3857/5/4 3858/2/4
f 3859/6/1 3860/7/1 3861/5/1
f 3862/8/2 3863/9/2 3864/7/2
f 3865/5/5 3866/10/5 3867/11/5
f 3868/12/6 3869/8/6 3870/6/6
f 3871/1/3 3872/4/3 3873/2/3
f 3874/4/4 3875/6/4 3876/5/4
f 3877/6/1 3878/8/1 3879/7/1
f 3880/8/2 3881/13/2 3882/9/2
f 3883/5/5 3884/7/5 3885/10/5
f 3886/12/6 3887/14/6 3888/8/6
f 3889/1/27 3890/2/27 3891/3/27
f 3892/4/4 3893/5/4 3894/2/4
f 3895/6/3 3896/7/3 3897/5/3
f 3898/8/28 3899/9/28 3900/7/28
f 3901/5/6 3902/10/6 3903/11/6
f 3904/12/29 3905/8/29 3906/6/29
f 3907/1/25 3908/4/25 3909/2/25
f 3910/4/4 3911/6/4 3912/5/4
f 3913/6/3 3914/8/3 3915/7/3
f 3916/8/30 3917/13/30 3918/9/30
f 3919/5/6 3920/7/6 3921/10/6
f 3922/12/31 3923/14/31 3924/8/31
f 3925/1/1 3926/2/1 3927/3/1
f 3928/4/4 3929/5/4 3930/2/4
f 3931/6/3 3932/7/3 3933/5/3
f 3934/8/2 3935/9/2 3936/7/2
f 3937/5/6 3938/10/6 3939/11/6
f 3940/12/29 3941/8/29 3942/6/29
f 3943/1/25 3944/4/25 3945/2/25
f 3946/4/4 3947/6/4 3948/5/4
f 3949/6/24 3950/8/24 3951/7/24
f 3952/8/2 3953/13/2 3954/9/2
f 3955/5/6 3956/7/6 3957/10/6
f 3958/12/5 3959/14/5 3960/8/5
f 3961/1/1 3962/2/1 3963/3/1
f 3964/4/4 3965/5/4 3966/2/4
f 3967/6/3 3968/7/3 3969/5/3
f 3970/8/2 3971/9/2 3972/7/2
f 3973/5/6 3974/10/6 3975/11/6
f 3976/12/29 3977/8/29 3978/6/29
f 3979/1/1 3980/4/1 3981/2/1
f 3982/4/4 3983/6/4 3984/5/4
f 3985/6/3 3986/8/3 3987/7/3
f 3988/8/2 3989/13/2 3990/9/2
f 3991/5/6 3992/7/6 3993/10/6
f 3994/12/5 3995/14/5 3996/8/5
f 3997/1/1 3998/2/1 3999/3/1
f 4000/4/4 4001/5/4 4002/2/4
f 4003/6/3 4004/7/3 4005/5/3
f 4006/8/2 4007/9/2 4008/7/2
f 4009/5/32 4010/10/32 4011/11/32
f 4012/12/26 4013/8/26 4014/6/26
f 4015/1/1 4016/4/1 4017/2/1
f 4018/4/4 4019/6/4 4020/5/4
f 4021/6/3 4022/8/3 4023/7/3
f 4024/8/2 4025/13/2 4026/9/2
f 4027/5/6 4028/7/6 4029/10/6
f 4030/12/5 4031/14/5 4032/8/5
f 4033/1/3 4034/2/3 4035/3/3
f 4036/4/33 4037/5/33 4038/2/33
f 4039/6/1 4040/7/1 4041/5/1
f 4042/8/34 4043/9/34 4044/7/34
f 4045/5/29 4046/10/29 4047/11/29
f 4048/12/6 4049/8/6 4050/6/6
f 4051/1/3 4052/4/3 4053/2/3
f 4054/4/33 4055/6/33 4056/5/33
f 4057/6/1 4058/8/1 4059/7/1
f 4060/8/34 4061/13/34 4062/9/34
f 4063/5/35 4064/7/35 4065/10/35
f 4066/12/36 4067/14/36 4068/8/36
f 4069/1/19 4070/2/19 4071/3/19
f 4072/4/4 4073/5/4 4074/2/4
f 4075/6/1 4076/7/1 4077/5/1
f 4078/8/2 4079/9/2 4080/7/2
f 4081/5/5 4082/10/5 4083/11/5
f 4084/12/6 4085/8/6 4086/6/6
f 4087/1/20 4088/4/20 4089/2/20
f 4090/4/4 4091/6/4 4092/5/4
f 4093/6/21 4094/8/21 4095/7/21
f 4096/8/2 4097/13/2 4098/9/2
f 4099/5/5 4100/7/5 4101/10/5
f 4102/12/6 4103/14/6 4104/8/6
f 4105/1/1 4106/2/1 4107/3/1
f 4108/4/4 4109/5/4 4110/2/4
f 4111/6/3 4112/7/3 4113/5/3
f 4114/8/2 4115/9/2 4116/7/2
f 4117/5/6 4118/10/6 4119/11/6
f 4120/12/5 4121/8/5 4122/6/5
f 4123/1/1 4124/4/1 4125/2/1
f 4126/4/4 4127/6/4 4128/5/4
f 4129/6/24 4130/8/24 4131/7/24
f 4132/8/2 4133/13/2 4134/9/2
f 4135/5/6 4136/7/6 4137/10/6
f 4138/12/5 4139/14/5 4140/8/5
f 4141/1/20 4142/2/20 4143/3/20
f 4144/4/4 4145/5/4 4146/2/4
f 4147/6/21 4148/7/21 4149/5/21
f 4150/8/2 4151/9/2 4152/7/2
f 4153/5/5 4154/10/5 4155/11/5
f 4156/12/6 4157/8/6 4158/6/6
f 4159/1/20 4160/4/20 4161/2/20
f 4162/4/4 4163/6/4 4164/5/4
f 4165/6/21 4166/8/21 4167/7/21
f 4168/8/2 4169/13/2 4170/9/2
f 4171/5/5 4172/7/5 4173/10/5
f 4174/12/6 4175/14/6 4176/8/6
f 4177/1/1 4178/2/1 4179/3/1
f 4180/4/4 4181/5/4 4182/2/4
f 4183/6/3 4184/7/3 4185/5/3
f 4186/8/2 4187/9/2 4188/7/2
f 4189/5/6 4190/10/6 4191/11/6
f 4192/12/5 4193/8/5 4194/6/5
f 4195/1/25 4196/4/25 4197/2/25
f 4198/4/4 4199/6/4 4200/5/4
f 4201/6/24 4202/8/24 4203/7/24
f 4204/8/2 4205/13/2 4206/9/2
f 4207/5/6 4208/7/6 4209/10/6
f 4210/12/37 4211/14/37 4212/8/37
f 4213/1/3 4214/2/3 4215/3/3
f 4216/4/4 4217/5/4 4218/2/4
f 4219/6/1 4220/7/1 4221/5/1
f 4222/8/2 4223/9/2 4224/7/2
f 4225/5/5 4226/10/5 4227/11/5
f 4228/12/6 4229/8/6 4230/6/6
f 4231/1/3 4232/4/3 4233/2/3
f 4234/4/4 4235/6/4 4236/5/4
f 4237/6/1 4238/8/1 4239/7/1
f 4240/8/2 4241/13/2 4242/9/2
f 4243/5/5 4244/7/5 4245/10/5
f 4246/12/6 4247/14/6 4248/8/6
f 4249/1/20 4250/2/20 4251/3/20
f 4252/4/4 4253/5/4 4254/2/4
f 4255/6/21 4256/7/21 4257/5/21
f 4258/8/2 4259/9/2 4260/7/2
f 4261/5/5 4262/10/5 4263/11/5
f 4264/12/6 4265/8/6 4266/6/6
f 4267/1/3 4268/4/3 4269/2/3
f 4270/4/4 4271/6/4 4272/5/4
f 4273/6/21 4274/8/21 4275/7/21
f 4276/8/2 4277/13/2 4278/9/2
f 4279/5/5 4280/7/5 4281/10/5
f 4282/12/6 4283/14/6 4284/8/6
f 4285/1/1 4286/2/1 4287/3/1
f 4288/4/33 4289/5/33 4290/2/33
f 4291/6/24 4292/7/24 4293/5/24
f 4294/8/2 4295/9/2 4296/7/2
f 4297/5/6 4298/10/6 4299/11/6
f 4300/12/29 4301/8/29 4302/6/29
f 4303/1/1 4304/4/1 4305/2/1
f 4306/4/33 4307/6/33 4308/5/33
f 4309/6/3 4310/8/3 4311/7/3
f 4312/8/2 4313/13/2 4314/9/2
f 4315/5/6 4316/7/6 4317/10/6
f 4318/12/5 4319/14/5 4320/8/5
f 4321/1/20 4322/2/20 4323/3/20
f 4324/4/4 4325/5/4 4326/2/4
f 4327/6/21 4328/7/21 4329/5/21
f 4330/8/2 4331/9/2 4332/7/2
f 4333/5/5 4334/10/5 4335/11/5
f 4336/12/6 4337/8/6 4338/6/6
f 4339/1/3 4340/4/3 4341/2/3
f 4342/4/4 4343/6/4 4344/5/4
f 4345/6/1 4346/8/1 4347/7/1
f 4348/8/2 4349/13/2 4350/9/2
f 4351/5/5 4352/7/5 4353/10/5
f 4354/12/6 4355/14/6 4356/8/6
f 4357/1/1 4358/2/1 4359/3/1
f 4360/4/33 4361/5/33 4362/2/33
f 4363/6/24 4364/7/24 4365/5/24
f 4366/8/2 4367/9/2 4368/7/2
f 4369/5/13 4370/10/13 4371/11/13
f 4372/12/5 4373/8/5 4374/6/5
f 4375/1/1 4376/4/1 4377/2/1
f 4378/4/33 4379/6/33 4380/5/33
f 4381/6/24 4382/8/24 4383/7/24
f 4384/8/2 4385/13/2 4386/9/2
f 4387/5/6 4388/7/6 4389/10/6
f 4390/12/37 4391/14/37 4392/8/37
f 4393/1/3 4394/2/3 4395/3/3
f 4396/4/4 4397/5/4 4398/2/4
f 4399/6/1 4400/7/1 4401/5/1
f 4402/8/2 4403/9/2 4404/7/2
f 4405/5/5 4406/10/5 4407/11/5
f 4408/12/6 4409/8/6 4410/6/6
f 4411/1/3 4412/4/3 4413/2/3
f 4414/4/4 4415/6/4 4416/5/4
f 4417/6/1 4418/8/1 4419/7/1
f 4420/8/2 4421/13/2 4422/9/2
f 4423/5/5 4424/7/5 4425/10/5
f 4426/12/6 4427/14/6 4428/8/6
f 4429/1/3 4430/2/3 4431/3/3
f 4432/4/4 4433/5/4 4434/2/4
f 4435/6/1 4436/7/1 4437/5/1
f 4438/8/2 4439/9/2 4440/7/2
f 4441/5/5 4442/10/5 4443/11/5
f 4444/12/6 4445/8/6 4446/6/6
f 4447/1/3 4448/4/3 4449/2/3
f 4450/4/4 4451/6/4 4452/5/4
f 4453/6/1 4454/8/1 4455/7/1
f 4456/8/2 4457/13/2 4458/9/2
f 4459/5/5 4460/7/5 4461/10/5
f 4462/12/6 4463/14/6 4464/8/6
f 4465/1/27 4466/2/27 4467/3/27
f 4468/4/4 4469/5/4 4470/2/4
f 4471/6/3 4472/7/3 4473/5/3
f 4474/8/2 4475/9/2 4476/7/2
f 4477/5/6 4478/10/6 4479/11/6
f 4480/12/29 4481/8/29 4482/6/29
f 4483/1/25 4484/4/25 4485/2/25
f 4486/4/4 4487/6/4 4488/5/4
f 4489/6/3 4490/8/3 4491/7/3
f 4492/8/2 4493/13/2 4494/9/2
f 4495/5/6 4496/7/6 4497/10/6
f 4498/12/5 4499/14/5 4500/8/5
f 4501/1/1 4502/2/1 4503/3/1
f 4504/4/4 4505/5/4 4506/2/4
f 4507/6/3 4508/7/3 4509/5/3
f 4510/8/2 4511/9/2 4512/7/2
f 4513/5/6 4514/10/6 4515/11/6
f 4516/12/29 4517/8/29 4518/6/29
f 4519/1/25 4520/4/25 4521/2/25
f 4522/4/4 4523/6/4 4524/5/4
f 4525/6/24 4526/8/24 4527/7/24
f 4528/8/2 4529/13/2 4530/9/2
f 4531/5/6 4532/7/6 4533/10/6
f 4534/12/5 4535/14/5 4536/8/5
f 4537/1/1 4538/2/1 4539/3/1
f 4540/4/22 4541/5/22 4542/2/22
f 4543/6/3 4544/7/3 4545/5/3
f 4546/8/34 4547/9/34 4548/7/34
f 4549/5/6 4550/10/6 4551/11/6
f 4552/12/29 4553/8/29 4554/6/29
f 4555/1/1 4556/4/1 4557/2/1
f 4558/4/23 4559/6/23 4560/5/23
f 4561/6/3 4562/8/3 4563/7/3
f 4564/8/34 4565/13/34 4566/9/34
f 4567/5/38 4568/7/38 4569/10/38
f 4570/12/39 4571/14/39 4572/8/39
f 4573/1/1 4574/2/1 4575/3/1
f 4576/4/22 4577/5/22 4578/2/22
f 4579/6/3 4580/7/3 4581/5/3
f 4582/8/2 4583/9/2 4584/7/2
f 4585/5/40 4586/10/40 4587/11/40
f 4588/12/26 4589/8/26 4590/6/26
f 4591/1/1 4592/4/1 4593/2/1
f 4594/4/22 4595/6/22 4596/5/22
f 4597/6/3 4598/8/3 4599/7/3
f 4600/8/2 4601/13/2 4602/9/2
f 4603/5/6 4604/7/6 4605/10/6
f 4606/12/5 4607/14/5 4608/8/5
f 4609/1/3 4610/2/3 4611/3/3
f 4612/4/4 4613/5/4 4614/2/4
f 4615/6/1 4616/7/1 4617/5/1
f 4618/8/2 4619/9/2 4620/7/2
f 4621/5/5 4622/10/5 4623/11/5
f 4624/12/6 4625/8/6 4626/6/6
f 4627/1/3 4628/4/3 4629/2/3
f 4630/4/4 4631/6/4 4632/5/4
f 4633/6/1 4634/8/1 4635/7/1
f 4636/8/2 4637/13/2 4638/9/2
f 4639/5/5 4640/7/5 4641/10/5
f 4642/12/6 4643/14/6 4644/8/6
f 4645/1/19 4646/2/19 4647/3/19
f 4648/4/4 4649/5/4 4650/2/4
f 4651/6/1 4652/7/1 4653/5/1
f 4654/8/2 4655/9/2 4656/7/2
f 4657/5/5 4658/10/5 4659/11/5
f 4660/12/6 4661/8/6 4662/6/6
f 4663/1/20 4664/4/20 4665/2/20
f 4666/4/4 4667/6/4 4668/5/4
f 4669/6/21 4670/8/21 4671/7/21
f 4672/8/2 4673/13/2 4674/9/2
f 4675/5/5 4676/7/5 4677/10/5
f 4678/12/6 4679/14/6 4680/8/6
f 4681/1/1 4682/2/1 4683/3/1
f 4684/4/4 4685/5/4 4686/2/4
f 4687/6/3 4688/7/3 4689/5/3
f 4690/8/2 4691/9/2 4692/7/2
f 4693/5/41 4694/10/41 4695/11/41
f 4696/12/5 4697/8/5 4698/6/5
f 4699/1/25 4700/4/25 4701/2/25
f 4702/4/4 4703/6/4 4704/5/4
f 4705/6/24 4706/8/24 4707/7/24
f 4708/8/2 4709/13/2 4710/9/2
f 4711/5/41 4712/7/41 4713/10/41
f 4714/12/5 4715/14/5 4716/8/5
f 4717/1/20 4718/2/20 4719/3/20
f 4720/4/4 4721/5/4 4722/2/4
f 4723/6/21 4724/7/21 4725/5/21
f 4726/8/2 4727/9/2 4728/7/2
f 4729/5/5 4730/10/5 4731/11/5
f 4732/12/6 4733/8/6 4734/6/6
f 4735/1/20 4736/4/20 4737/2/20
f 4738/4/4 4739/6/4 4740/5/4
f 4741/6/21 4742/8/21 4743/7/21
f 4744/8/2 4745/13/2 4746/9/2
f 4747/5/5 4748/7/5 4749/10/5
f 4750/12/6 4751/14/6 4752/8/6
f 4753/1/1 4754/2/1 4755/3/1
f 4756/4/4 4757/5/4 4758/2/4
f 4759/6/24 4760/7/24 4761/5/24
f 4762/8/2 4763/9/2 4764/7/2
f 4765/5/6 4766/10/6 4767/11/6
f 4768/12/5 4769/8/5 4770/6/5
f 4771/1/1 4772/4/1 4773/2/1
f 4774/4/4 4775/6/4 4776/5/4
f 4777/6/3 4778/8/3 4779/7/3
f 4780/8/2 4781/13/2 4782/9/2
f 4783/5/6 4784/7/6 4785/10/6
f 4786/12/42 4787/14/42 4788/8/42
f 4789/1/3 4790/2/3 4791/3/3
f 4792/4/4 4793/5/4 4794/2/4
f 4795/6/1 4796/7/1 4797/5/1
f 4798/8/2 4799/9/2 4800/7/2
f 4801/5/5 4802/10/5 4803/11/5
f 4804/12/6 4805/8/6 4806/6/6
f 4807/1/3 4808/4/3 4809/2/3
f 4810/4/4 4811/6/4 4812/5/4
f 4813/6/1 4814/8/1 4815/7/1
f 4816/8/2 4817/13/2 4818/9/2
f 4819/5/5 4820/7/5 4821/10/5
f 4822/12/6 4823/14/6 4824/8/6
f 4825/1/20 4826/2/20 4827/3/20
f 4828/4/4 4829/5/4 4830/2/4
f 4831/6/21 4832/7/21 4833/5/21
f 4834/8/2 4835/9/2 4836/7/2
f 4837/5/5 4838/10/5 4839/11/5
f 4840/12/6 4841/8/6 4842/6/6
f 4843/1/3 4844/4/3 4845/2/3
f 4846/4/4 4847/6/4 4848/5/4
f 4849/6/1 4850/8/1 4851/7/1
f 4852/8/2 4853/13/2 4854/9/2
f 4855/5/5 4856/7/5 4857/10/5
f 4858/12/6 4859/14/6 4860/8/6
f 4861/1/1 4862/2/1 4863/3/1
f 4864/4/23 4865/5/23 4866/2/23
f 4867/6/43 4868/7/43 4869/5/43
f 4870/8/2 4871/9/2 4872/7/2
f 4873/5/41 4874/10/41 4875/11/41
f 4876/12/5 4877/8/5 4878/6/5
f 4879/1/1 4880/4/1 4881/2/1
f 4882/4/22 4883/6/22 4884/5/22
f 4885/6/3 4886/8/3 4887/7/3
f 4888/8/2 4889/13/2 4890/9/2
f 4891/5/41 4892/7/41 4893/10/41
f 4894/12/5 4895/14/5 4896/8/5
f 4897/1/20 4898/2/20 4899/3/20
f 4900/4/4 4901/5/4 4902/2/4
f 4903/6/21 4904/7/21 4905/5/21
f 4906/8/2 4907/9/2 4908/7/2
f 4909/5/5 4910/10/5 4911/11/5
f 4912/12/6 4913/8/6 4914/6/6
f 4915/1/3 4916/4/3 4917/2/3
f 4918/4/4 4919/6/4 4920/5/4
f 4921/6/1 4922/8/1 4923/7/1
f 4924/8/2 4925/13/2 4926/9/2
f 4927/5/5 4928/7/5 4929/10/5
f 4930/12/6 4931/14/6 4932/8/6
f 4933/1/1 4934/2/1 4935/3/1
f 4936/4/23 4937/5/23 4938/2/23
f 4939/6/43 4940/7/43 4941/5/43
f 4942/8/2 4943/9/2 4944/7/2
f 4945/5/6 4946/10/6 4947/11/6
f 4948/12/5 4949/8/5 4950/6/5
f 4951/1/1 4952/4/1 4953/2/1
f 4954/4/23 4955/6/23 4956/5/23
f 4957/6/24 4958/8/24 4959/7/24
f 4960/8/2 4961/13/2 4962/9/2
f 4963/5/6 4964/7/6 4965/10/6
f 4966/12/42 4967/14/42 4968/8/42
f 4969/1/3 4970/2/3 4971/3/3
f 4972/4/4 4973/5/4 4974/2/4
f 4975/6/1 4976/7/1 4977/5/1
f 4978/8/2 4979/9/2 4980/7/2
f 4981/5/5 4982/10/5 4983/11/5
f 4984/12/6 4985/8/6 4986/6/6
f 4987/1/20 4988/4/20 4989/2/20
f 4990/4/4 4991/6/4 4992/5/4
f 4993/6/1 4994/8/1 4995/7/1
f 4996/8/2 4997/13/2 4998/9/2
f 4999/5/5 5000/7/5 5001/10/5
f 5002/12/6 5003/14/6 5004/8/6
f 5005/1/3 5006/2/3 5007/3/3
f 5008/4/4 5009/5/4 5010/2/4
f 5011/6/1 5012/7/1 5013/5/1
f 5014/8/2 5015/9/2 5016/7/2
f 5017/5/5 5018/10/5 5019/11/5
f 5020/12/6 5021/8/6 5022/6/6
f 5023/1/3 5024/4/3 5025/2/3
f 5026/4/4 5027/6/4 5028/5/4
f 5029/6/1 5030/8/1 5031/7/1
f 5032/8/2 5033/13/2 5034/9/2
f 5035/5/5 5036/7/5 5037/10/5
f 5038/12/6 5039/14/6 5040/8/6
f 5041/1/27 5042/2/27 5043/3/27
f 5044/4/4 5045/5/4 5046/2/4
f 5047/6/3 5048/7/3 5049/5/3
f 5050/8/2 5051/9/2 5052/7/2
f 5053/5/41 5054/10/41 5055/11/41
f 5056/12/5 5057/8/5 5058/6/5
f 5059/1/25 5060/4/25 5061/2/25
f 5062/4/4 5063/6/4 5064/5/4
f 5065/6/3 5066/8/3 5067/7/3
f 5068/8/2 5069/13/2 5070/9/2
f 5071/5/41 5072/7/41 5073/10/41
f 5074/12/5 5075/14/5 5076/8/5
f 5077/1/25 5078/2/25 5079/3/25
f 5080/4/4 5081/5/4 5082/2/4
f 5083/6/3 5084/7/3 5085/5/3
f 5086/8/2 5087/9/2 5088/7/2
f 5089/5/41 5090/10/41 5091/11/41
f 5092/12/5 5093/8/5 5094/6/5
f 5095/1/1 5096/4/1 5097/2/1
f 5098/4/4 5099/6/4 5100/5/4
f 5101/6/24 5102/8/24 5103/7/24
f 5104/8/2 5105/13/2 5106/9/2
f 5107/5/41 5108/7/41 5109/10/41
f 5110/12/5 5111/14/5 5112/8/5
f 5113/1/1 5114/2/1 5115/3/1
f 5116/4/4 5117/5/4 5118/2/4
f 5119/6/3 5120/7/3 5121/5/3
f 5122/8/30 5123/9/30 5124/7/30
f 5125/5/41 5126/10/41 5127/11/41
f 5128/12/5 5129/8/5 5130/6/5
f 5131/1/25 5132/4/25 5133/2/25
f 5134/4/4 5135/6/4 5136/5/4
f 5137/6/3 5138/8/3 5139/7/3
f 5140/8/30 5141/13/30 5142/9/30
f 5143/5/44 5144/7/44 5145/10/44
f 5146/12/5 5147/14/5 5148/8/5
f 5149/1/1 5150/2/1 5151/3/1
f 5152/4/4 5153/5/4 5154/2/4
f 5155/6/3 5156/7/3 5157/5/3
f 5158/8/28 5159/9/28 5160/7/28
f 5161/5/6 5162/10/6 5163/11/6
f 5164/12/42 5165/8/42 5166/6/42
f 5167/1/25 5168/4/25 5169/2/25
f 5170/4/4 5171/6/4 5172/5/4
f 5173/6/3 5174/8/3 5175/7/3
f 5176/8/28 5177/13/28 5178/9/28
f 5179/5/45 5180/7/45 5181/10/45
f 5182/12/46 5183/14/46 5184/8/46
f 5185/1/3 5186/2/3 5187/3/3
f 5188/4/4 5189/5/4 5190/2/4
f 5191/6/1 5192/7/1 5193/5/1
f 5194/8/2 5195/9/2 5196/7/2
f 5197/5/5 5198/10/5 5199/11/5
f 5200/12/6 5201/8/6 5202/6/6
f 5203/1/3 5204/4/3 5205/2/3
f 5206/4/4 5207/6/4 5208/5/4
f 5209/6/1 5210/8/1 5211/7/1
f 5212/8/2 5213/13/2 5214/9/2
f 5215/5/5 5216/7/5 5217/10/5
f 5218/12/6 5219/14/6 5220/8/6
f 5221/1/20 5222/2/20 5223/3/20
f 5224/4/4 5225/5/4 5226/2/4
f 5227/6/21 5228/7/21 5229/5/21
f 5230/8/2 5231/9/2 5232/7/2
f 5233/5/5 5234/10/5 5235/11/5
f 5236/12/6 5237/8/6 5238/6/6
f 5239/1/20 5240/4/20 5241/2/20
f 5242/4/4 5243/6/4 5244/5/4
f 5245/6/1 5246/8/1 5247/7/1
f 5248/8/2 5249/13/2 5250/9/2
f 5251/5/5 5252/7/5 5253/10/5
f 5254/12/6 5255/14/6 5256/8/6
f 5257/1/1 5258/2/1 5259/3/1
f 5260/4/4 5261/5/4 5262/2/4
f 5263/6/3 5264/7/3 5265/5/3
f 5266/8/2 5267/9/2 5268/7/2
f 5269/5/6 5270/10/6 5271/11/6
f 5272/12/5 5273/8/5 5274/6/5
f 5275/1/1 5276/4/1 5277/2/1
f 5278/4/4 5279/6/4 5280/5/4
f 5281/6/24 5282/8/24 5283/7/24
f 5284/8/2 5285/13/2 5286/9/2
f 5287/5/6 5288/7/6 5289/10/6
f 5290/12/5 5291/14/5 5292/8/5
f 5293/1/19 5294/2/19 5295/3/19
f 5296/4/4 5297/5/4 5298/2/4
f 5299/6/1 5300/7/1 5301/5/1
f 5302/8/2 5303/9/2 5304/7/2
f 5305/5/5 5306/10/5 5307/11/5
f 5308/12/6 5309/8/6 5310/6/6
f 5311/1/20 5312/4/20 5313/2/20
f 5314/4/4 5315/6/4 5316/5/4
f 5317/6/47 5318/8/47 5319/7/47
f 5320/8/2 5321/13/2 5322/9/2
f 5323/5/5 5324/7/5 5325/10/5
f 5326/12/6 5327/14/6 5328/8/6
f 5329/1/25 5330/2/25 5331/3/25
f 5332/4/4 5333/5/4 5334/2/4
f 5335/6/3 5336/7/3 5337/5/3
f 5338/8/2 5339/9/2 5340/7/2
f 5341/5/6 5342/10/6 5343/11/6
f 5344/12/5 5345/8/5 5346/6/5
f 5347/1/1 5348/4/1 5349/2/1
f 5350/4/4 5351/6/4 5352/5/4
f 5353/6/24 5354/8/24 5355/7/24
f 5356/8/2 5357/13/2 5358/9/2
f 5359/5/6 5360/7/6 5361/10/6
f 5362/12/5 5363/14/5 5364/8/5
f 5365/1/3 5366/2/3 5367/3/3
f 5368/4/4 5369/5/4 5370/2/4
f 5371/6/1 5372/7/1 5373/5/1
f 5374/8/2 5375/9/2 5376/7/2
f 5377/5/5 5378/10/5 5379/11/5
f 5380/12/6 5381/8/6 5382/6/6
f 5383/1/3 5384/4/3 5385/2/3
f 5386/4/4 5387/6/4 5388/5/4
f 5389/6/1 5390/8/1 5391/7/1
f 5392/8/2 5393/13/2 5394/9/2
f 5395/5/5 5396/7/5 5397/10/5
f 5398/12/6 5399/14/6 5400/8/6
f 5401/1/20 5402/2/20 5403/3/20
f 5404/4/4 5405/5/4 5406/2/4
f 5407/6/1 5408/7/1 5409/5/1
f 5410/8/2 5411/9/2 5412/7/2
f 5413/5/5 5414/10/5 5415/11/5
f 5416/12/6 5417/8/6 5418/6/6
f 5419/1/3 5420/4/3 5421/2/3
f 5422/4/4 5423/6/4 5424/5/4
f 5425/6/21 5426/8/21 5427/7/21
f 5428/8/2 5429/13/2 5430/9/2
f 5431/5/5 5432/7/5 5433/10/5
f 5434/12/6 5435/14/6 5436/8/6
f 5437/1/25 5438/2/25 5439/3/25
f 5440/4/23 5441/5/23 5442/2/23
f 5443/6/43 5444/7/43 5445/5/43
f 5446/8/2 5447/9/2 5448/7/2
f 5449/5/15 5450/10/15 5451/11/15
f 5452/12/5 5453/8/5 5454/6/5
f 5455/1/1 5456/4/1 5457/2/1
f 5458/4/22 5459/6/22 5460/5/22
f 5461/6/3 5462/8/3 5463/7/3
f 5464/8/2 5465/13/2 5466/9/2
f 5467/5/6 5468/7/6 5469/10/6
f 5470/12/5 5471/14/5 5472/8/5
f 5473/1/20 5474/2/20 5475/3/20
f 5476/4/4 5477/5/4 5478/2/4
f 5479/6/21 5480/7/21 5481/5/21
f 5482/8/2 5483/9/2 5484/7/2
f 5485/5/5 5486/10/5 5487/11/5
f 5488/12/6 5489/8/6 5490/6/6
f 5491/1/3 5492/4/3 5493/2/3
f 5494/4/4 5495/6/4 5496/5/4
f 5497/6/47 5498/8/47 5499/7/47
f 5500/8/2 5501/13/2 5502/9/2
f 5503/5/5 5504/7/5 5505/10/5
f 5506/12/6 5507/14/6 5508/8/6
f 5509/1/1 5510/2/1 5511/3/1
f 5512/4/23 5513/5/23 5514/2/23
f 5515/6/43 5516/7/43 5517/5/43
f 5518/8/2 5519/9/2 5520/7/2
f 5521/5/6 5522/10/6 5523/11/6
f 5524/12/48 5525/8/48 5526/6/48
f 5527/1/25 5528/4/25 5529/2/25
f 5530/4/22 5531/6/22 5532/5/22
f 5533/6/24 5534/8/24 5535/7/24
f 5536/8/2 5537/13/2 5538/9/2
f 5539/5/6 5540/7/6 5541/10/6
f 5542/12/5 5543/14/5 5544/8/5
f 5545/1/20 5546/2/20 5547/3/20
f 5548/4/4 5549/5/4 5550/2/4
f 5551/6/1 5552/7/1 5553/5/1
f 5554/8/2 5555/9/2 5556/7/2
f 5557/5/5 5558/10/5 5559/11/5
f 5560/12/6 5561/8/6 5562/6/6
f 5563/1/3 5564/4/3 5565/2/3
f 5566/4/4 5567/6/4 5568/5/4
f 5569/6/1 5570/8/1 5571/7/1
f 5572/8/2 5573/13/2 5574/9/2
f 5575/5/5 5576/7/5 5577/10/5
f 5578/12/6 5579/14/6 5580/8/6
f 5581/1/3 5582/2/3 5583/3/3
f 5584/4/4 5585/5/4 5586/2/4
f 5587/6/1 5588/7/1 5589/5/1
f 5590/8/2 5591/9/2 5592/7/2
f 5593/5/5 5594/10/5 5595/11/5
f 5596/12/6 5597/8/6 5598/6/6
f 5599/1/3 5600/4/3 5601/2/3
f 5602/4/4 5603/6/4 5604/5/4
f 5605/6/1 5606/8/1 5607/7/1
f 5608/8/2 5609/13/2 5610/9/2
f 5611/5/5 5612/7/5 5613/10/5
f 5614/12/6 5615/14/6 5616/8/6
f 5617/1/25 5618/2/25 5619/3/25
f 5620/4/4 5621/5/4 5622/2/4
f 5623/6/3 5624/7/3 5625/5/3
f 5626/8/2 5627/9/2 5628/7/2
f 5629/5/6 5630/10/6 5631/11/6
f 5632/12/5 5633/8/5 5634/6/5
f 5635/1/27 5636/4/27 5637/2/27
f 5638/4/4 5639/6/4 5640/5/4
f 5641/6/3 5642/8/3 5643/7/3
f 5644/8/2 5645/13/2 5646/9/2
f 5647/5/6 5648/7/6 5649/10/6
f 5650/12/5 5651/14/5 5652/8/5
f 5653/1/1 5654/2/1 5655/3/1
f 5656/4/4 5657/5/4 5658/2/4
f 5659/6/3 5660/7/3 5661/5/3
f 5662/8/2 5663/9/2 5664/7/2
f 5665/5/6 5666/10/6 5667/11/6
f 5668/12/5 5669/8/5 5670/6/5
f 5671/1/1 5672/4/1 5673/2/1
f 5674/4/4 5675/6/4 5676/5/4
f 5677/6/43 5678/8/43 5679/7/43
f 5680/8/2 5681/13/2 5682/9/2
f 5683/5/6 5684/7/6 5685/10/6
f 5686/12/5 5687/14/5 5688/8/5
f 5689/1/1 5690/2/1 5691/3/1
f 5692/4/4 5693/5/4 5694/2/4
f 5695/6/3 5696/7/3 5697/5/3
f 5698/8/49 5699/9/49 5700/7/49
f 5701/5/6 5702/10/6 5703/11/6
f 5704/12/5 5705/8/5 5706/6/5
f 5707/1/1 5708/4/1 5709/2/1
f 5710/4/4 5711/6/4 5712/5/4
f 5713/6/3 5714/8/3 5715/7/3
f 5716/8/50 5717/13/50 5718/9/50
f 5719/5/51 5720/7/51 5721/10/51
f 5722/12/52 5723/14/52 5724/8/52
f 5725/1/1 5726/2/1 5727/3/1
f 5728/4/4 5729/5/4 5730/2/4
f 5731/6/3 5732/7/3 5733/5/3
f 5734/8/49 5735/9/49 5736/7/49
f 5737/5/6 5738/10/6 5739/11/6
f 5740/12/5 5741/8/5 5742/6/5
f 5743/1/1 5744/4/1 5745/2/1
f 5746/4/4 5747/6/4 5748/5/4
f 5749/6/3 5750/8/3 5751/7/3
f 5752/8/50 5753/13/50 5754/9/50
f 5755/5/6 5756/7/6 5757/10/6
f 5758/12/53 5759/14/53 5760/8/53
f 5761/1/3 5762/2/3 5763/3/3
f 5764/4/33 5765/5/33 5766/2/33
f 5767/6/1 5768/7/1 5769/5/1
f 5770/8/34 5771/9/34 5772/7/34
f 5773/5/5 5774/10/5 5775/11/5
f 5776/12/6 5777/8/6 5778/6/6
f 5779/1/3 5780/4/3 5781/2/3
f 5782/4/33 5783/6/33 5784/5/33
f 5785/6/1 5786/8/1 5787/7/1
f 5788/8/34 5789/13/34 5790/9/34
f 5791/5/5 5792/7/5 5793/10/5
f 5794/12/6 5795/14/6 5796/8/6
f 5797/1/19 5798/2/19 5799/3/19
f 5800/4/4 5801/5/4 5802/2/4
f 5803/6/1 5804/7/1 5805/5/1
f 5806/8/2 5807/9/2 5808/7/2
f 5809/5/5 5810/10/5 5811/11/5
f 5812/12/6 5813/8/6 5814/6/6
f 5815/1/20 5816/4/20 5817/2/20
f 5818/4/4 5819/6/4 5820/5/4
f 5821/6/21 5822/8/21 5823/7/21
f 5824/8/2 5825/13/2 5826/9/2
f 5827/5/5 5828/7/5 5829/10/5
f 5830/12/6 5831/14/6 5832/8/6
f 5833/1/1 5834/2/1 5835/3/1
f 5836/4/4 5837/5/4 5838/2/4
f 5839/6/3 5840/7/3 5841/5/3
f 5842/8/2 5843/9/2 5844/7/2
f 5845/5/41 5846/10/41 5847/11/41
f 5848/12/5 5849/8/5 5850/6/5
f 5851/1/25 5852/4/25 5853/2/25
f 5854/4/4 5855/6/4 5856/5/4
f 5857/6/24 5858/8/24 5859/7/24
f 5860/8/2 5861/13/2 5862/9/2
f 5863/5/41 5864/7/41 5865/10/41
f 5866/12/5 5867/14/5 5868/8/5
f 5869/1/20 5870/2/20 5871/3/20
f 5872/4/4 5873/5/4 5874/2/4
f 5875/6/21 5876/7/21 5877/5/21
f 5878/8/2 5879/9/2 5880/7/2
f 5881/5/5 5882/10/5 5883/11/5
f 5884/12/6 5885/8/6 5886/6/6
f 5887/1/20 5888/4/20 5889/2/20
f 5890/4/4 5891/6/4 5892/5/4
f 5893/6/21 5894/8/21 5895/7/21
f 5896/8/2 5897/13/2 5898/9/2
f 5899/5/5 5900/7/5 5901/10/5
f 5902/12/6 5903/14/6 5904/8/6
f 5905/1/1 5906/2/1 5907/3/1
f 5908/4/4 5909/5/4 5910/2/4
f 5911/6/24 5912/7/24 5913/5/24
f 5914/8/2 5915/9/2 5916/7/2
f 5917/5/54 5918/10/54 5919/11/54
f 5920/12/5 5921/8/5 5922/6/5
f 5923/1/1 5924/4/1 5925/2/1
f 5926/4/4 5927/6/4 5928/5/4
f 5929/6/3 5930/8/3 5931/7/3
f 5932/8/2 5933/13/2 5934/9/2
f 5935/5/6 5936/7/6 5937/10/6
f 5938/12/42 5939/14/42 5940/8/42
f 5941/1/3 5942/2/3 5943/3/3
f 5944/4/4 5945/5/4 5946/2/4
f 5947/6/1 5948/7/1 5949/5/1
f 5950/8/2 5951/9/2 5952/7/2
f 5953/5/5 5954/10/5 5955/11/5
f 5956/12/6 5957/8/6 5958/6/6
f 5959/1/3 5960/4/3 5961/2/3
f 5962/4/4 5963/6/4 5964/5/4
f 5965/6/1 5966/8/1 5967/7/1
f 5968/8/2 5969/13/2 5970/9/2
f 5971/5/5 5972/7/5 5973/10/5
f 5974/12/6 5975/14/6 5976/8/6
f 5977/1/20 5978/2/20 5979/3/20
f 5980/4/4 5981/5/4 5982/2/4
f 5983/6/47 5984/7/47 5985/5/47
f 5986/8/2 5987/9/2 5988/7/2
f 5989/5/5 5990/10/5 5991/11/5
f 5992/12/6 5993/8/6 5994/6/6
f 5995/1/3 5996/4/3 5997/2/3
f 5998/4/4 5999/6/4 6000/5/4
f 6001/6/1 6002/8/1 6003/7/1
f 6004/8/2 6005/13/2 6006/9/2
f 6007/5/5 6008/7/5 6009/10/5
f 6010/12/6 6011/14/6 6012/8/6
f 6013/1/1 6014/2/1 6015/3/1
f 6016/4/4 6017/5/4 6018/2/4
f 6019/6/24 6020/7/24 6021/5/24
f 6022/8/2 6023/9/2 6024/7/2
f 6025/5/41 6026/10/41 6027/11/41
f 6028/12/5 6029/8/5 6030/6/5
f 6031/1/1 6032/4/1 6033/2/1
f 6034/4/4 6035/6/4 6036/5/4
f 6037/6/3 6038/8/3 6039/7/3
f 6040/8/2 6041/13/2 6042/9/2
f 6043/5/41 6044/7/41 6045/10/41
f 6046/12/5 6047/14/5 6048/8/5
f 6049/1/20 6050/2/20 6051/3/20
f 6052/4/4 6053/5/4 6054/2/4
f 6055/6/47 6056/7/47 6057/5/47
f 6058/8/2 6059/9/2 6060/7/2
f 6061/5/5 6062/10/5 6063/11/5
f 6064/12/6 6065/8/6 6066/6/6
f 6067/1/3 6068/4/3 6069/2/3
f 6070/4/4 6071/6/4 6072/5/4
f 6073/6/1 6074/8/1 6075/7/1
f 6076/8/2 6077/13/2 6078/9/2
f 6079/5/5 6080/7/5 6081/10/5
f 6082/12/6 6083/14/6 6084/8/6
f 6085/1/1 6086/2/1 6087/3/1
f 6088/4/4 6089/5/4 6090/2/4
f 6091/6/24 6092/7/24 6093/5/24
f 6094/8/2 6095/9/2 6096/7/2
f 6097/5/6 6098/10/6 6099/11/6
f 6100/12/5 6101/8/5 6102/6/5
f 6103/1/1 6104/4/1 6105/2/1
f 6106/4/4 6107/6/4 6108/5/4
f 6109/6/24 6110/8/24 6111/7/24
f 6112/8/2 6113/13/2 6114/9/2
f 6115/5/6 6116/7/6 6117/10/6
f 6118/12/42 6119/14/42 6120/8/42
f 6121/1/3 6122/2/3 6123/3/3
f 6124/4/4 6125/5/4 6126/2/4
f 6127/6/1 6128/7/1 6129/5/1
f 6130/8/2 6131/9/2 6132/7/2
f 6133/5/5 6134/10/5 6135/11/5
f 6136/12/6 6137/8/6 6138/6/6
f 6139/1/20 6140/4/20 6141/2/20
f 6142/4/4 6143/6/4 6144/5/4
f 6145/6/1 6146/8/1 6147/7/1
f 6148/8/2 6149/13/2 6150/9/2
f 6151/5/5 6152/7/5 6153/10/5
f 6154/12/6 6155/14/6 6156/8/6
f 6157/1/3 6158/2/3 6159/3/3
f 6160/4/4 6161/5/4 6162/2/4
f 6163/6/1 6164/7/1 6165/5/1
f 6166/8/2 6167/9/2 6168/7/2
f 6169/5/5 6170/10/5 6171/11/5
f 6172/12/6 6173/8/6 6174/6/6
f 6175/1/3 6176/4/3 6177/2/3
f 6178/4/4 6179/6/4 6180/5/4
f 6181/6/1 6182/8/1 6183/7/1
f 6184/8/2 6185/13/2 6186/9/2
f 6187/5/5 6188/7/5 6189/10/5
f 6190/12/6 6191/14/6 6192/8/6
f 6193/1/27 6194/2/27 6195/3/27
f 6196/4/4 6197/5/4 6198/2/4
f 6199/6/3 6200/7/3 6201/5/3
f 6202/8/2 6203/9/2 6204/7/2
f 6205/5/41 6206/10/41 6207/11/41
f 6208/12/5 6209/8/5 6210/6/5
f 6211/1/25 6212/4/25 6213/2/25
f 6214/4/4 6215/6/4 6216/5/4
f 6217/6/3 6218/8/3 6219/7/3
f 6220/8/2 6221/13/2 6222/9/2
f 6223/5/41 6224/7/41 6225/10/41
f 6226/12/5 6227/14/5 6228/8/5
f 6229/1/25 6230/2/25 6231/3/25
f 6232/4/4 6233/5/4 6234/2/4
f 6235/6/3 6236/7/3 6237/5/3
f 6238/8/2 6239/9/2 6240/7/2
f 6241/5/41 6242/10/41 6243/11/41
f 6244/12/5 6245/8/5 6246/6/5
f 6247/1/1 6248/4/1 6249/2/1
f 6250/4/4 6251/6/4 6252/5/4
f 6253/6/24 6254/8/24 6255/7/24
f 6256/8/2 6257/13/2 6258/9/2
f 6259/5/41 6260/7/41 6261/10/41
f 6262/12/5 6263/14/5 6264/8/5
f 6265/1/1 6266/2/1 6267/3/1
f 6268/4/33 6269/5/33 6270/2/33
f 6271/6/3 6272/7/3 6273/5/3
f 6274/8/2 6275/9/2 6276/7/2
f 6277/5/41 6278/10/41 6279/11/41
f 6280/12/5 6281/8/5 6282/6/5
f 6283/1/25 6284/4/25 6285/2/25
f 6286/4/33 6287/6/33 6288/5/33
f 6289/6/3 6290/8/3 6291/7/3
f 6292/8/2 6293/13/2 6294/9/2
f 6295/5/41 6296/7/41 6297/10/41
f 6298/12/5 6299/14/5 6300/8/5
f 6301/1/1 6302/2/1 6303/3/1
f 6304/4/4 6305/5/4 6306/2/4
f 6307/6/3 6308/7/3 6309/5/3
f 6310/8/34 6311/9/34 6312/7/34
f 6313/5/6 6314/10/6 6315/11/6
f 6316/12/42 6317/8/42 6318/6/42
f 6319/1/25 6320/4/25 6321/2/25
f 6322/4/4 6323/6/4 6324/5/4
f 6325/6/3 6326/8/3 6327/7/3
f 6328/8/34 6329/13/34 6330/9/34
f 6331/5/55 6332/7/55 6333/10/55
f 6334/12/56 6335/14/56 6336/8/56
