# MuJoCo material-split OBJ
v -0.003829 0.129310 0.124233
v -0.008695 0.142928 0.079052
v -0.028173 0.123155 0.079567
v -0.018855 0.111530 0.120908
v 0.037582 0.111500 0.127333
v 0.047734 0.105423 0.085402
v 0.045186 0.136997 0.083541
v 0.026432 0.134114 0.128449
v -0.012985 0.095655 0.119647
v -0.024897 0.102744 0.078783
v -0.000433 0.087841 0.073501
v 0.015400 0.089253 0.120303
v 0.187850 0.116824 0.030079
v 0.202550 0.116145 0.000110
v 0.192573 0.152926 0.000110
v 0.177943 0.151510 0.030476
v -0.030888 0.128194 0.046621
v -0.010628 0.147486 0.047879
v -0.011233 0.148773 0.003364
v -0.031753 0.128222 0.003693
v -0.001431 0.086296 0.046376
v -0.027767 0.104101 0.046558
v -0.028615 0.103734 0.003660
v -0.001573 0.084561 0.003265
v 0.156951 0.164883 0.025853
v 0.161724 0.170526 0.000111
v 0.171870 0.102326 0.020760
v 0.180599 0.096719 0.000110
v 0.133535 0.113473 0.046648
v 0.128878 0.152073 0.046654
v 0.025195 0.085868 0.002760
v 0.119868 0.092710 0.000887
v 0.125000 0.097836 0.029287
v 0.028033 0.089848 0.047612
v 0.119064 0.166039 0.034802
v 0.019480 0.152725 0.048149
v 0.036003 -0.148045 0.064569
v 0.108372 -0.161800 0.040025
v 0.117496 -0.122182 0.039739
v 0.044697 -0.110065 0.065170
v 0.014524 0.156802 0.002869
v 0.112719 0.174066 0.000892
v 0.037499 0.094055 0.236200
v 0.041419 0.073968 0.371287
v 0.027346 0.043419 0.367354
v 0.021771 0.069888 0.232998
v -0.039025 0.156255 0.384004
v 0.034382 0.148681 0.381622
v 0.018314 0.119493 0.377511
v -0.014363 0.120688 0.378144
v 0.092561 0.036262 0.741269
v 0.057872 0.090137 0.749205
v 0.062566 0.083696 0.818036
v 0.098093 0.029208 0.810386
v 0.075747 0.081605 0.372385
v 0.051806 0.007541 0.363175
v -0.032762 0.007403 0.363664
v -0.020792 0.033614 0.366306
v -0.047410 0.036103 0.752176
v -0.015757 -0.031145 0.743179
v -0.024740 -0.041918 0.813156
v -0.053001 0.024072 0.821267
v -0.078775 0.073652 0.372977
v -0.048301 0.082210 0.373100
v -0.007390 0.093038 0.754580
v -0.005297 0.085887 0.823545
v 0.078590 0.048236 0.963930
v 0.098235 -0.011428 0.964871
v 0.073206 -0.041220 0.736877
v 0.075092 -0.052574 0.800960
v 0.018569 0.079514 0.960189
v 0.074041 -0.063580 0.807821
v 0.003631 -0.069547 0.808889
v 0.102576 -0.065933 0.819903
v -0.069597 0.033652 0.954921
v -0.075692 -0.017076 0.954047
v -0.069059 -0.078200 0.953210
v -0.029006 -0.004110 0.500410
v -0.067705 0.060780 0.509793
v 0.040302 0.124638 0.510895
v 0.077505 0.063410 0.502045
v 0.054646 -0.008515 0.495853
v -0.009997 0.097805 0.755246
v -0.031430 0.132035 0.515195
v 0.094025 -0.148326 0.738419
v 0.077210 -0.136029 0.496851
v 0.042679 -0.070047 0.503568
v 0.062471 -0.078757 0.736934
v -0.008211 0.124800 0.240668
v 0.022118 0.125073 0.240523
v -0.014179 0.063124 0.232292
v -0.026840 0.097628 0.237074
v -0.001087 -0.097384 0.232549
v 0.016501 -0.100202 0.370004
v 0.035767 -0.128069 0.366175
v 0.018996 -0.118960 0.229126
v 0.109626 -0.070402 0.964776
v -0.047119 -0.120275 0.117880
v -0.053098 -0.123898 0.078146
v -0.040519 -0.144999 0.078069
v -0.028438 -0.137297 0.115632
v 0.002397 -0.137552 0.116356
v 0.016294 -0.143009 0.083064
v 0.021809 -0.112146 0.084860
v 0.009739 -0.113544 0.119393
v -0.014295 -0.095401 0.118122
v -0.026723 -0.091441 0.072846
v -0.048511 -0.103784 0.077624
v -0.041650 -0.103355 0.118538
v 0.165154 -0.128300 0.028301
v 0.150882 -0.163214 0.028698
v 0.166756 -0.165801 -0.001668
v 0.181313 -0.128737 -0.001668
v -0.053585 -0.097800 0.042690
v -0.053555 -0.097450 -0.000214
v -0.059336 -0.122409 -0.000211
v -0.059309 -0.122354 0.042723
v -0.049166 -0.145945 -0.000089
v -0.049338 -0.144572 0.044427
v -0.033380 -0.082307 0.043019
v -0.032443 -0.080603 -0.000090
v 0.126808 -0.175125 0.024094
v 0.131250 -0.181522 -0.001669
v 0.159207 -0.107060 -0.001668
v 0.149096 -0.112154 0.018981
v 0.026180 -0.160767 0.042424
v 0.100402 -0.175917 0.031305
v 0.041805 -0.095845 0.042144
v 0.111905 -0.105914 0.025137
v 0.106278 -0.099893 -0.001119
v 0.039172 -0.089811 -0.000275
v 0.093022 -0.184387 -0.001119
v 0.019321 -0.170123 -0.000392
v -0.003255 -0.083950 -0.000225
v -0.001493 -0.088162 0.044662
v -0.016886 -0.152212 0.045115
v -0.021729 -0.156132 -0.000225
v -0.029401 -0.221812 0.366038
v -0.011288 -0.184125 0.366661
v 0.021033 -0.177305 0.364064
v 0.041186 -0.201883 0.360726
v 0.099618 -0.154478 0.807248
v 0.075318 -0.211826 0.806063
v 0.069135 -0.207872 0.736491
v 0.069718 -0.129194 0.363196
v 0.033469 -0.060913 0.371532
v -0.032390 -0.098963 0.374757
v -0.048259 -0.075447 0.378292
v -0.043650 -0.173951 0.748429
v -0.049473 -0.175370 0.818527
v -0.032408 -0.104669 0.821401
v -0.024035 -0.101772 0.751666
v -0.081629 -0.148086 0.376287
v -0.051121 -0.151969 0.372758
v 0.005453 -0.222754 0.740916
v 0.008022 -0.227572 0.810065
v 0.103298 -0.134126 0.962577
v 0.084323 -0.190116 0.962894
v 0.066791 -0.079315 0.802919
v 0.025866 -0.224121 0.958920
v -0.062116 -0.181242 0.955288
v -0.071796 -0.133934 0.955097
v -0.063947 -0.159259 0.504572
v -0.037536 -0.089131 0.506888
v 0.051627 -0.202307 0.494422
v -0.016653 -0.222171 0.497290
v 0.003706 -0.227939 0.740712
v 0.009177 -0.152409 0.227674
v -0.020623 -0.157480 0.230155
v -0.043517 -0.133832 0.234029
v -0.036958 -0.097406 0.236005
v 0.059747 -0.127086 1.394499
v 0.038285 -0.190608 1.401503
v 0.037195 -0.201196 1.326413
v 0.064378 -0.139166 1.314555
v -0.104757 -0.124866 1.381364
v -0.108970 -0.126896 1.323497
v -0.093772 -0.191465 1.358311
v -0.087504 -0.185282 1.418352
v -0.084765 -0.229313 1.382200
v -0.071991 -0.256517 1.417536
v -0.002893 -0.209351 1.387853
v -0.051253 -0.219988 1.375886
v -0.051410 -0.219139 1.347360
v 0.009954 -0.197004 1.369578
v -0.017413 -0.285171 1.389023
v -0.048423 -0.275673 1.376362
v -0.014413 -0.291486 1.273435
v 0.022807 -0.304667 1.289676
v -0.095139 -0.123335 1.435219
v -0.081497 -0.160178 1.454279
v 0.068732 -0.079167 1.387498
v 0.073026 -0.077414 1.305551
v -0.062182 -0.227071 1.463148
v -0.049287 -0.263470 1.440859
v -0.005598 -0.255154 1.455364
v 0.013501 -0.236469 1.440441
v 0.011659 -0.222292 1.453900
v -0.013229 -0.233063 1.475456
v 0.013323 -0.220317 1.417740
v 0.018988 -0.210371 1.417824
v -0.097696 -0.128990 1.241034
v -0.112053 -0.058477 1.325205
v -0.096801 -0.062391 1.241220
v 0.053920 -0.140996 1.239830
v 0.062118 -0.072915 1.240018
v 0.014210 -0.189960 1.462568
v 0.023669 -0.140809 1.480340
v -0.011753 -0.143715 1.513390
v -0.018023 -0.188947 1.494125
v 0.043871 -0.080856 1.456477
v 0.035552 -0.114740 1.465908
v 0.028758 -0.131180 1.472445
v -0.066343 -0.249500 1.366149
v -0.025994 -0.265419 1.264189
v 0.024253 -0.236144 1.396560
v 0.016223 -0.267419 1.398449
v 0.050959 -0.286640 1.297757
v 0.056277 -0.250802 1.293381
v 0.007200 -0.204886 1.385915
v 0.038306 -0.221819 1.281606
v -0.021677 -0.188387 1.373198
v 0.007706 -0.214993 1.268684
v -0.056465 -0.210312 1.363968
v -0.020932 -0.231947 1.260845
v 0.105253 -0.071790 1.089210
v 0.097292 -0.148618 1.088458
v 0.111002 -0.151640 0.966039
v 0.120088 -0.069975 0.967101
v 0.081211 -0.209854 0.963730
v 0.064117 -0.204289 1.085072
v 0.002298 -0.224770 1.078683
v 0.004418 -0.230524 0.958596
v -0.049740 -0.215612 0.955173
v -0.043846 -0.208396 1.073883
v -0.083021 -0.157695 0.952076
v -0.071589 -0.148683 1.070949
v -0.092587 -0.070931 0.953204
v -0.077299 -0.070092 1.070281
v -0.003845 -0.284444 1.274486
v 0.023982 -0.293418 1.287061
v 0.043644 -0.277846 1.291669
v 0.048757 -0.255587 1.289814
v 0.031296 -0.228949 1.277291
v 0.009932 -0.224782 1.268394
v -0.012315 -0.237084 1.263540
v -0.016145 -0.264572 1.266346
v 0.018747 -0.201922 1.239841
v -0.036149 -0.219912 1.240150
v -0.078590 -0.198817 1.240580
v -0.090948 -0.003957 1.241469
v -0.073385 0.000666 1.070619
v -0.038184 -0.214192 0.884003
v -0.073466 -0.153669 0.884210
v 0.008408 -0.238224 0.886909
v 0.112997 -0.154875 0.894646
v 0.129086 -0.070631 0.896130
v -0.085644 -0.070511 0.881013
v 0.084702 -0.219613 0.888554
v -0.066729 -0.176059 1.477951
v -0.048865 -0.126703 1.516868
v -0.060985 -0.100876 1.514471
v -0.062641 -0.065489 1.514565
v -0.093997 -0.061594 1.431787
v -0.039524 -0.226904 1.295124
v -0.023855 0.081263 1.241208
v -0.017155 0.088260 1.298543
v 0.057645 0.049815 1.329889
v 0.029438 0.059074 1.240731
v -0.039777 -0.015543 1.518603
v -0.000387 -0.004682 1.515561
v 0.002212 0.051123 1.497710
v -0.050066 0.056583 1.481450
v -0.103151 -0.060028 1.380943
v 0.030428 0.066628 1.396382
v 0.037476 0.056788 1.379125
v -0.017496 0.076082 1.353081
v -0.018297 0.070812 1.386826
v -0.055525 0.089851 1.401527
v -0.065537 0.083379 1.389697
v -0.065735 0.086715 1.427598
v -0.052122 0.102040 1.420668
v -0.103887 0.001224 1.326525
v -0.085238 0.051051 1.363858
v -0.076328 0.064192 1.241500
v 0.074497 -0.015388 1.316488
v 0.059495 -0.004383 1.240307
v -0.010165 0.143907 1.404217
v 0.016597 0.183190 1.306238
v -0.013554 0.159344 1.289053
v -0.036314 0.122789 1.390288
v 0.016665 0.122746 1.452119
v 0.008085 0.096118 1.480947
v 0.036146 0.080102 1.460568
v 0.040711 0.101918 1.439508
v 0.067666 -0.030215 1.396012
v -0.041619 0.097471 1.468869
v -0.027332 0.126916 1.439579
v 0.032902 0.042428 1.467727
v 0.034177 -0.012275 1.482347
v 0.045572 0.063362 1.425330
v 0.045142 0.079895 1.427001
v 0.041141 -0.046380 1.466976
v 0.055257 0.036221 1.409729
v 0.037655 -0.022353 1.474144
v -0.015403 0.133477 1.279044
v -0.039378 0.098452 1.375113
v 0.046197 0.112468 1.408664
v 0.066752 0.149286 1.307943
v 0.049193 0.178099 1.313538
v 0.027819 0.139627 1.412832
v 0.042973 0.084429 1.392281
v 0.060841 0.116396 1.294342
v 0.022887 0.067618 1.379803
v 0.034871 0.099299 1.280809
v -0.016427 0.067826 1.371012
v 0.001840 0.104632 1.273768
v 0.107087 0.011163 0.966717
v 0.095446 0.004837 1.088120
v 0.074283 0.073041 0.964929
v -0.003417 0.090037 0.959951
v -0.001349 0.078584 1.078012
v 0.062949 0.059685 1.084697
v -0.056548 0.067423 0.956351
v -0.047087 0.061057 1.073287
v -0.087791 0.008210 0.953971
v 0.019025 0.177835 1.302168
v -0.002570 0.160417 1.293797
v 0.044164 0.171224 1.310919
v 0.057255 0.152679 1.307791
v 0.050921 0.122193 1.293586
v 0.032566 0.110801 1.284297
v 0.007253 0.114071 1.280010
v -0.006603 0.137879 1.284406
v -0.044951 0.067152 0.885174
v -0.079415 0.009476 0.882451
v 0.000433 0.093371 0.888289
v 0.116006 0.015427 0.895354
v 0.078617 0.075408 0.893423
v -0.085777 -0.008817 1.437007
v -0.080311 0.060000 1.425161
v -0.094884 -0.004095 1.383250
v -0.055885 -0.037089 1.515485
v 0.296238 -0.025642 1.230721
v 0.302251 -0.024645 1.225140
v 0.304690 -0.044927 1.230126
v 0.298915 -0.045618 1.234928
v -0.050989 -0.039512 1.509884
v -0.037381 -0.019763 1.512549
v 0.036801 -0.048559 1.465850
v 0.039110 -0.080462 1.456165
v -0.011417 -0.138495 1.507717
v -0.045799 -0.122741 1.510941
v 0.025423 -0.126820 1.470363
v 0.021305 -0.135781 1.476557
v -0.000889 -0.009709 1.509728
v 0.031038 -0.016734 1.478416
v 0.031627 -0.111850 1.464862
v -0.057026 -0.098815 1.508724
v -0.058877 -0.069792 1.508754
v 0.033661 -0.026048 1.471937
v 0.091809 -0.127532 1.714726
v 0.133297 -0.144490 1.696919
v 0.142070 -0.120059 1.706787
v 0.121464 -0.116708 1.715140
v 0.133282 0.004009 1.659095
v 0.158024 -0.004799 1.643072
v 0.112150 -0.003891 1.600172
v 0.101272 0.002186 1.626057
v 0.080844 -0.151101 1.677988
v 0.057823 -0.136435 1.691034
v 0.038570 -0.131839 1.654873
v 0.064596 -0.143784 1.638742
v 0.128145 -0.090421 1.734206
v 0.086821 -0.084122 1.738860
v 0.185621 -0.097357 1.700151
v 0.185170 -0.060236 1.701224
v 0.151127 -0.058509 1.724162
v 0.156550 -0.092357 1.724354
v 0.105782 -0.159582 1.665363
v 0.166377 -0.015822 1.690473
v 0.184090 -0.021032 1.664094
v 0.201928 -0.064726 1.677168
v 0.192127 -0.102725 1.678276
v 0.116518 -0.057267 1.738754
v 0.171151 -0.016767 1.640236
v 0.211139 -0.035619 1.647209
v 0.185181 -0.050943 1.639333
v 0.166218 -0.028790 1.632152
v 0.128716 -0.012677 1.720909
v 0.172596 -0.123928 1.669789
v 0.102629 0.001114 1.683621
v 0.138289 -0.015237 1.617719
v 0.031864 -0.120670 1.622987
v 0.047289 -0.132711 1.619301
v 0.081383 0.004191 1.636119
v 0.226332 -0.077073 1.655099
v 0.160712 -0.143965 1.672406
v 0.127597 -0.160267 1.648368
v 0.209640 -0.110877 1.653820
v 0.175311 -0.121898 1.640527
v 0.186804 -0.102494 1.637153
v 0.073197 -0.026925 1.718429
v 0.052233 -0.076361 1.724409
v 0.098387 -0.040065 1.738321
v 0.043411 -0.024120 1.689571
v 0.028710 -0.073888 1.702753
v 0.089956 -0.150046 1.633654
v 0.021259 -0.031723 1.630372
v 0.021623 -0.040719 1.602901
v 0.011399 -0.065245 1.608433
v 0.008483 -0.068522 1.637586
v 0.103546 -0.149146 1.610698
v 0.130863 -0.142795 1.629119
v 0.152342 -0.132762 1.634759
v 0.057767 -0.111633 1.715560
v 0.026561 -0.024997 1.656538
v 0.011860 -0.072555 1.665093
v 0.035982 -0.110310 1.698281
v 0.015130 -0.100716 1.634218
v 0.015434 -0.091267 1.603788
v 0.030292 -0.107663 1.590553
v 0.020871 -0.109334 1.663288
v 0.062084 -0.003707 1.625566
v 0.048062 -0.014800 1.607118
v 0.161712 0.130398 1.183271
v 0.150671 0.115577 1.174871
v 0.095867 0.174134 1.151852
v 0.101201 0.188018 1.169491
v 0.164382 0.139184 1.200827
v 0.099513 0.188268 1.191932
v 0.148723 0.139222 1.215437
v 0.091988 0.176609 1.205406
v 0.134634 0.127555 1.226314
v 0.080001 0.154761 1.208027
v 0.124659 0.114908 1.218455
v 0.069422 0.146688 1.190740
v 0.127942 0.102391 1.201284
v 0.067508 0.146728 1.168818
v 0.138408 0.104449 1.181487
v 0.081414 0.160107 1.153135
v 0.053158 0.200117 1.151444
v 0.065459 0.204760 1.162378
v 0.072314 0.194309 1.158693
v 0.070411 0.188652 1.150640
v 0.072022 0.206214 1.173346
v 0.078500 0.200435 1.191482
v 0.079298 0.178774 1.204015
v 0.078101 0.160589 1.204826
v 0.065546 0.156177 1.191018
v 0.056365 0.161838 1.169678
v 0.056573 0.173430 1.158333
v 0.056056 0.186777 1.148932
v 0.065214 0.181939 1.150653
v 0.223471 0.045886 1.216394
v 0.231804 0.053506 1.209603
v 0.232378 0.034088 1.212301
v 0.231147 0.028114 1.223356
v 0.246270 0.027647 1.242113
v 0.221701 0.043913 1.228222
v 0.246403 0.033651 1.257130
v 0.224998 0.051305 1.246562
v 0.252290 0.041851 1.267406
v 0.232012 0.059711 1.252648
v 0.262958 0.048955 1.256964
v 0.239111 0.066880 1.246022
v 0.262032 0.042428 1.230071
v 0.241924 0.067686 1.231467
v 0.240545 0.043324 1.212694
v 0.237889 0.061369 1.213938
v 0.208597 0.087315 1.204329
v 0.201598 0.077676 1.198196
v 0.192302 0.069277 1.203563
v 0.189411 0.065468 1.217940
v 0.190685 0.074978 1.237399
v 0.197522 0.084443 1.243366
v 0.207538 0.093009 1.236159
v 0.210534 0.095496 1.220386
v 0.032845 0.190850 1.259567
v 0.055829 0.185796 1.264152
v 0.066268 0.198285 1.216372
v 0.045388 0.203017 1.211723
v 0.068708 0.167510 1.261114
v 0.079255 0.180723 1.214192
v 0.064838 0.138704 1.249058
v 0.076743 0.156844 1.204785
v 0.046544 0.127921 1.240114
v 0.059806 0.148538 1.198526
v 0.021488 0.132393 1.235704
v 0.036129 0.154439 1.192830
v 0.007138 0.154719 1.239338
v 0.023809 0.172384 1.193087
v 0.010428 0.175828 1.247902
v 0.026322 0.190393 1.200148
v 0.073056 -0.287620 1.202120
v 0.054953 -0.302341 1.198832
v 0.331255 -0.017403 1.275077
v 0.325482 -0.022014 1.279798
v 0.325617 -0.023452 1.274572
v 0.329189 -0.019524 1.271504
v 0.313012 0.003756 1.266321
v 0.311247 0.005037 1.273421
v 0.323209 -0.005150 1.275857
v 0.324984 -0.006985 1.269270
v 0.312748 -0.016432 1.278382
v 0.315370 -0.009606 1.281878
v 0.304693 -0.000143 1.278983
v 0.300129 -0.007587 1.276077
v 0.321350 -0.012156 1.266887
v 0.310200 -0.002817 1.263535
v 0.315438 -0.017610 1.270752
v 0.302611 -0.008327 1.267924
v 0.245318 0.004546 1.210604
v 0.240011 0.001560 1.213367
v 0.239295 0.000498 1.219987
v 0.243564 -0.000946 1.230905
v 0.302207 0.007373 1.240357
v 0.304430 -0.001385 1.246816
v 0.305264 -0.008187 1.243233
v 0.306829 -0.004812 1.235284
v 0.292376 -0.003916 1.257519
v 0.295113 -0.012570 1.251136
v 0.269343 0.007931 1.218934
v 0.256176 0.006975 1.215495
v 0.246633 -0.023613 1.206185
v 0.250301 -0.020357 1.204185
v 0.253978 -0.031125 1.200450
v 0.249648 -0.030763 1.203989
v 0.245584 -0.024161 1.213467
v 0.249534 -0.030322 1.208167
v 0.251189 -0.025104 1.225044
v 0.256025 -0.032287 1.213021
v 0.265796 -0.023093 1.237155
v 0.260329 -0.032560 1.219337
v 0.268112 -0.033571 1.224769
v 0.283859 -0.019616 1.242709
v 0.276306 -0.031796 1.229211
v 0.287339 -0.029335 1.235770
v 0.293945 -0.025864 1.238800
v 0.301519 -0.019893 1.243258
v 0.309132 -0.019188 1.238875
v 0.310546 -0.020502 1.231782
v 0.293823 -0.009263 1.223640
v 0.277448 -0.013160 1.214044
v 0.296407 -0.028462 1.220285
v 0.285392 -0.030919 1.213694
v 0.260418 -0.017312 1.206819
v 0.277817 -0.030549 1.210741
v 0.268055 -0.031660 1.205393
v 0.261439 -0.030293 1.204243
v 0.261842 -0.026855 1.206777
v 0.258654 -0.029080 1.213154
v 0.259826 -0.030453 1.210106
v 0.262091 -0.031961 1.211343
v 0.278972 -0.025159 1.214351
v 0.275939 -0.028797 1.220189
v 0.275161 -0.030762 1.219308
v 0.277939 -0.030559 1.220708
v 0.296425 -0.022481 1.224133
v 0.294257 -0.025681 1.230776
v 0.293624 -0.027063 1.229848
v 0.255761 -0.073253 1.212800
v 0.259946 -0.072425 1.215255
v 0.259544 -0.072015 1.218026
v 0.253878 -0.072869 1.214575
v 0.259983 -0.091060 1.238041
v 0.262763 -0.093282 1.237000
v 0.267059 -0.092604 1.239854
v 0.266059 -0.090123 1.243692
v 0.275674 -0.090568 1.253843
v 0.278994 -0.093118 1.251961
v 0.283370 -0.092235 1.254462
v 0.282563 -0.089179 1.257779
v 0.294269 -0.082237 1.261207
v 0.297467 -0.082676 1.259086
v 0.301522 -0.081735 1.261518
v 0.300355 -0.080863 1.264817
v 0.298109 -0.077533 1.265317
v 0.293922 -0.078371 1.262962
v 0.279576 -0.086468 1.259059
v 0.275015 -0.087180 1.256812
v 0.263291 -0.087735 1.244555
v 0.258994 -0.088414 1.241700
v 0.257115 -0.071104 1.219096
v 0.253546 -0.071733 1.216971
v 0.290744 -0.026712 1.238657
v 0.270634 -0.030724 1.229630
v 0.256652 -0.031826 1.217746
v 0.312095 -0.042587 1.235812
v 0.310977 -0.041754 1.242612
v 0.303962 -0.042126 1.246607
v 0.297780 -0.043841 1.242782
v 0.288474 -0.053174 1.218420
v 0.281091 -0.051367 1.224868
v 0.297045 -0.050857 1.223433
v 0.294485 -0.049830 1.232756
v 0.286865 -0.049890 1.237325
v 0.280504 -0.051362 1.233566
v 0.270092 -0.052921 1.208493
v 0.264326 -0.053092 1.214536
v 0.279046 -0.051039 1.213440
v 0.277175 -0.050854 1.222452
v 0.269960 -0.050608 1.226966
v 0.263159 -0.051435 1.222764
v 0.298819 -0.057585 1.239431
v 0.304257 -0.059588 1.235329
v 0.298827 -0.079298 1.251478
v 0.294354 -0.075633 1.253462
v 0.260907 -0.043422 1.211872
v 0.262138 -0.043679 1.205842
v 0.254253 -0.045235 1.201851
v 0.250491 -0.044893 1.205799
v 0.256093 -0.042980 1.213890
v 0.250702 -0.044204 1.210189
v 0.263282 -0.061266 1.209141
v 0.255784 -0.062485 1.205352
v 0.274732 0.025795 1.274107
v 0.268642 0.014041 1.269294
v 0.279521 0.032016 1.267883
v 0.271497 0.002199 1.250926
v 0.269101 0.011569 1.260783
v 0.284156 0.011491 1.229208
v 0.284898 0.005672 1.263137
v 0.282157 0.004208 1.272985
v 0.283906 0.032226 1.256710
v 0.256179 -0.001545 1.242631
v 0.290690 0.013757 1.277560
v 0.295905 0.021262 1.268545
v 0.298670 0.019392 1.258767
v 0.300933 0.006824 1.255974
v 0.297349 -0.052803 1.247341
v 0.293674 -0.069129 1.258892
v 0.303131 -0.051133 1.251114
v 0.299041 -0.067953 1.262375
v 0.310191 -0.053853 1.246836
v 0.305164 -0.073059 1.259894
v 0.311326 -0.057042 1.240617
v 0.305783 -0.077477 1.255715
v 0.287568 -0.068120 1.225556
v 0.295498 -0.066382 1.230140
v 0.288317 -0.086637 1.248211
v 0.280577 -0.088263 1.243839
v 0.280680 -0.063645 1.230798
v 0.275163 -0.082948 1.246521
v 0.278652 -0.059761 1.240054
v 0.274585 -0.076917 1.252771
v 0.284535 -0.058484 1.243427
v 0.280327 -0.075733 1.255991
v 0.292792 -0.062085 1.238174
v 0.286978 -0.080818 1.253370
v 0.269882 -0.067570 1.214228
v 0.277533 -0.066801 1.218163
v 0.271479 -0.087592 1.233836
v 0.263884 -0.088769 1.229264
v 0.264084 -0.064725 1.219394
v 0.259119 -0.083890 1.232474
v 0.262174 -0.060147 1.227086
v 0.259457 -0.079293 1.237231
v 0.268282 -0.059067 1.231015
v 0.263612 -0.076016 1.242332
v 0.276112 -0.063108 1.226674
v 0.270308 -0.081655 1.239797
v 0.261655 -0.067966 1.212756
v 0.255344 -0.069028 1.209610
v 0.252159 -0.060261 1.208605
v 0.252244 -0.067149 1.212429
v 0.252352 -0.058305 1.212462
v 0.251592 -0.064823 1.216860
v 0.257458 -0.057023 1.215912
v 0.255883 -0.063717 1.219747
v 0.261970 -0.057874 1.214114
v 0.260512 -0.065645 1.217205
v 0.255261 -0.081075 1.308084
v 0.270075 -0.064310 1.304891
v 0.269956 -0.063014 1.311455
v 0.253214 -0.081891 1.315297
v 0.324447 -0.017528 1.283885
v 0.329808 -0.014294 1.279649
v 0.043287 0.190245 1.163507
v 0.043867 0.197835 1.166009
v 0.053758 0.204720 1.171883
v 0.077847 -0.266683 1.200406
v 0.064264 -0.242020 1.190548
v 0.044152 -0.238629 1.182344
v 0.023594 -0.251442 1.177548
v 0.015579 -0.273513 1.172116
v 0.028261 -0.296477 1.181983
v 0.140087 -0.244846 1.179502
v 0.114567 -0.272521 1.157803
v 0.114821 -0.260059 1.141262
v 0.140035 -0.232591 1.163318
v 0.129896 -0.247874 1.196220
v 0.103861 -0.275388 1.174851
v 0.112509 -0.238678 1.205680
v 0.085391 -0.268564 1.188150
v 0.098247 -0.223138 1.202841
v 0.071083 -0.245934 1.179650
v 0.100853 -0.212000 1.184857
v 0.072366 -0.234442 1.163349
v 0.111788 -0.208081 1.165975
v 0.085945 -0.234977 1.144301
v 0.129501 -0.219036 1.158492
v 0.101858 -0.241586 1.134428
v 0.200709 -0.156325 1.226351
v 0.208260 -0.152075 1.237182
v 0.213005 -0.163518 1.242763
v 0.207129 -0.166492 1.231128
v 0.187941 -0.147745 1.231880
v 0.199653 -0.141503 1.237410
v 0.178526 -0.147723 1.245838
v 0.187535 -0.131153 1.254101
v 0.175596 -0.145083 1.255719
v 0.181416 -0.132710 1.265104
v 0.185405 -0.164324 1.258181
v 0.187042 -0.148238 1.266177
v 0.196272 -0.171185 1.251917
v 0.197127 -0.161612 1.262188
v 0.204662 -0.170855 1.240324
v 0.210023 -0.167675 1.251607
v 0.182592 -0.187135 1.205726
v 0.182246 -0.195567 1.217334
v 0.175229 -0.178246 1.203121
v 0.161482 -0.169772 1.209031
v 0.152960 -0.172804 1.223675
v 0.152657 -0.181140 1.235100
v 0.163401 -0.192433 1.236674
v 0.174512 -0.198337 1.230649
v 0.058105 -0.301710 1.158421
v 0.049382 -0.298993 1.147912
v 0.065762 -0.299064 1.124307
v 0.073074 -0.300210 1.139520
v 0.081775 -0.297800 1.165804
v 0.086990 -0.286825 1.180782
v 0.081282 -0.269927 1.184123
v 0.069893 -0.252184 1.178449
v 0.057311 -0.243338 1.164170
v 0.051345 -0.251562 1.146479
v 0.052112 -0.266921 1.125730
v 0.035749 -0.279758 1.140777
v 0.054860 -0.282364 1.117809
v 0.235511 -0.062247 1.305739
v 0.236190 -0.066408 1.303215
v 0.236473 -0.067084 1.295971
v 0.234195 -0.061563 1.294066
v 0.213685 -0.086505 1.304593
v 0.224602 -0.073078 1.309038
v 0.219851 -0.068365 1.306395
v 0.207816 -0.081591 1.300220
v 0.224110 -0.071825 1.286870
v 0.217138 -0.078538 1.283209
v 0.209300 -0.078056 1.290905
v 0.219338 -0.067536 1.295511
v 0.220359 -0.087460 1.299993
v 0.229880 -0.075825 1.303553
v 0.229964 -0.077575 1.291674
v 0.223590 -0.084550 1.289369
v 0.254248 -0.148668 1.273702
v 0.251447 -0.149703 1.278774
v 0.247179 -0.132295 1.263272
v 0.253445 -0.144002 1.267610
v 0.213710 -0.105429 1.299980
v 0.220887 -0.098646 1.307576
v 0.222186 -0.092822 1.301669
v 0.217932 -0.095681 1.298432
v 0.224788 -0.088755 1.289190
v 0.220204 -0.092717 1.282270
v 0.242847 -0.144029 1.284239
v 0.230808 -0.134406 1.290354
v 0.271829 -0.137329 1.285481
v 0.276302 -0.133552 1.290640
v 0.275543 -0.133666 1.296174
v 0.268794 -0.138541 1.291149
v 0.270678 -0.132714 1.280396
v 0.274814 -0.131046 1.287657
v 0.264247 -0.121431 1.277250
v 0.270836 -0.122553 1.289744
v 0.251736 -0.107145 1.279127
v 0.262790 -0.108210 1.290664
v 0.267229 -0.116143 1.288575
v 0.238624 -0.096100 1.287803
v 0.247383 -0.094292 1.295998
v 0.256049 -0.102167 1.293197
v 0.230538 -0.087475 1.299382
v 0.240681 -0.092449 1.297652
v 0.227653 -0.087103 1.307595
v 0.230025 -0.090486 1.313575
v 0.232517 -0.109514 1.306661
v 0.239551 -0.096940 1.312847
v 0.245959 -0.121507 1.302125
v 0.255415 -0.108721 1.309953
v 0.246753 -0.100832 1.312720
v 0.260019 -0.132617 1.296094
v 0.266786 -0.122299 1.303313
v 0.259690 -0.114642 1.306443
v 0.269127 -0.126947 1.299130
v 0.267748 -0.123104 1.294262
v 0.266789 -0.123188 1.291079
v 0.264541 -0.127388 1.295663
v 0.268179 -0.120984 1.295119
v 0.258698 -0.110048 1.298818
v 0.256513 -0.110194 1.298388
v 0.252929 -0.115246 1.303038
v 0.256675 -0.107763 1.299856
v 0.244224 -0.096510 1.304024
v 0.242269 -0.096085 1.303670
v 0.239938 -0.101713 1.308327
v 0.241638 -0.095516 1.304999
v 0.303954 -0.101038 1.297559
v 0.304042 -0.100923 1.294947
v 0.299325 -0.096477 1.296598
v 0.300344 -0.097930 1.298801
v 0.308795 -0.072191 1.286021
v 0.303197 -0.066467 1.287723
v 0.305891 -0.067240 1.291469
v 0.309450 -0.070876 1.290386
v 0.296438 -0.055122 1.287675
v 0.290745 -0.049798 1.289707
v 0.293825 -0.050002 1.293092
v 0.297442 -0.053384 1.291803
v 0.279407 -0.046409 1.295069
v 0.274261 -0.041628 1.296689
v 0.275315 -0.042842 1.299916
v 0.278772 -0.046033 1.298860
v 0.275992 -0.047217 1.292279
v 0.272575 -0.043951 1.293476
v 0.293116 -0.055261 1.284565
v 0.289500 -0.051880 1.285856
v 0.305926 -0.072161 1.283609
v 0.302367 -0.068523 1.284690
v 0.302533 -0.100108 1.292897
v 0.299506 -0.097393 1.293951
v 0.242083 -0.093798 1.295580
v 0.257929 -0.105340 1.288620
v 0.268495 -0.119681 1.286831
v 0.246068 -0.075530 1.316356
v 0.244020 -0.071831 1.310851
v 0.246636 -0.072355 1.303222
v 0.252145 -0.077155 1.301676
v 0.271155 -0.092320 1.303216
v 0.270614 -0.092379 1.313179
v 0.263253 -0.085747 1.315515
v 0.260970 -0.081179 1.307230
v 0.263432 -0.081794 1.298715
v 0.268880 -0.086692 1.296959
v 0.283875 -0.106488 1.298516
v 0.282602 -0.107930 1.306647
v 0.275121 -0.101238 1.309375
v 0.273195 -0.096148 1.301949
v 0.275266 -0.096595 1.293303
v 0.280624 -0.102428 1.291856
v 0.285989 -0.124142 1.298376
v 0.278409 -0.117768 1.301296
v 0.276944 -0.114462 1.296309
v 0.286443 -0.123462 1.292974
v 0.278483 -0.115619 1.291433
v 0.284398 -0.120828 1.290029
v 0.188122 -0.113999 1.276723
v 0.195759 -0.107449 1.266865
v 0.192211 -0.121059 1.282537
v 0.204774 -0.108355 1.264615
v 0.223739 -0.109481 1.270609
v 0.218923 -0.123147 1.293311
v 0.206464 -0.096024 1.273607
v 0.211606 -0.103034 1.279081
v 0.201078 -0.124577 1.285231
v 0.236716 -0.120710 1.265815
v 0.196787 -0.092710 1.282568
v 0.195564 -0.099172 1.290899
v 0.201850 -0.103972 1.295911
v 0.215373 -0.101236 1.295999
v 0.276072 -0.055177 1.299020
v 0.277425 -0.052359 1.304274
v 0.265370 -0.062097 1.299457
v 0.269598 -0.055180 1.293455
v 0.260159 -0.057220 1.301252
v 0.265138 -0.050762 1.295217
v 0.259436 -0.054917 1.308033
v 0.266818 -0.046741 1.301857
v 0.262975 -0.056879 1.313119
v 0.271308 -0.046951 1.306000
v 0.288502 -0.071498 1.307515
v 0.281649 -0.065084 1.309699
v 0.295077 -0.060762 1.297461
v 0.288643 -0.054850 1.299765
v 0.287101 -0.073510 1.298611
v 0.292607 -0.064486 1.290768
v 0.282725 -0.070467 1.293013
v 0.286157 -0.063776 1.285115
v 0.277552 -0.065821 1.294618
v 0.281455 -0.059386 1.286964
v 0.277057 -0.063410 1.302204
v 0.283021 -0.055152 1.294236
v 0.299607 -0.089043 1.303365
v 0.293473 -0.082735 1.306008
v 0.307597 -0.078105 1.295464
v 0.301470 -0.071986 1.297697
v 0.298510 -0.090024 1.295528
v 0.305016 -0.080890 1.288953
v 0.293662 -0.087838 1.289024
v 0.299753 -0.080021 1.285470
v 0.288861 -0.083147 1.290151
v 0.293497 -0.076313 1.284449
v 0.289051 -0.080310 1.298433
v 0.295403 -0.071751 1.291757
v 0.296064 -0.114063 1.299800
v 0.290005 -0.108756 1.302481
v 0.301856 -0.105819 1.298526
v 0.296740 -0.101402 1.300802
v 0.295064 -0.114855 1.294589
v 0.301044 -0.106418 1.294045
v 0.292204 -0.113235 1.291787
v 0.298094 -0.105058 1.290182
v 0.287437 -0.109292 1.292946
v 0.294069 -0.101770 1.291160
v 0.286921 -0.107309 1.297536
v 0.294041 -0.100253 1.296574
v 0.229509 -0.060931 1.297222
v 0.230063 -0.061693 1.305773
v 0.072673 -0.274198 1.120878
v 0.082651 -0.290034 1.127140
v 0.081902 -0.295700 1.135375
v 0.088677 -0.148258 1.616841
v 0.075141 -0.143689 1.603253
v 0.088912 -0.142950 1.597654
v 0.065578 -0.137276 1.586146
v 0.074982 -0.133757 1.565521
v 0.049300 -0.133261 1.602175
v 0.052129 -0.137318 1.617168
v 0.060997 -0.142004 1.628800
v 0.076260 -0.146192 1.633817
v 0.031991 -0.115716 1.567678
v 0.050773 -0.132888 1.591127
v 0.076538 -0.155535 1.635064
v 0.088359 -0.153676 1.617421
v 0.047183 -0.148022 1.619644
v 0.058513 -0.153544 1.635703
v 0.046373 -0.142851 1.602724
v 0.075117 -0.148080 1.601972
v 0.080375 -0.151937 1.616847
v 0.073192 -0.149514 1.609017
v 0.072598 -0.153652 1.629032
v 0.052559 -0.147116 1.615922
v 0.060816 -0.152377 1.628339
v 0.051517 -0.143157 1.602672
v 0.049464 -0.137696 1.588160
v 0.053734 -0.140770 1.595800
v 0.061731 -0.141064 1.593545
v 0.068185 -0.142028 1.603534
v 0.067740 -0.146165 1.603741
v 0.068909 -0.147959 1.609761
v 0.064188 -0.142540 1.611629
v 0.062913 -0.140213 1.606541
v 0.084673 -0.147275 1.616987
v 0.074442 -0.144531 1.608401
v 0.075196 -0.145677 1.631014
v 0.054399 -0.143019 1.615245
v 0.061557 -0.146396 1.630265
v 0.053622 -0.141721 1.604650
v 0.055331 -0.140862 1.598576
v 0.061990 -0.139183 1.597807
v 0.069458 -0.142996 1.609665
v 0.067803 -0.139504 1.601159
v 0.070759 -0.001473 1.595863
v 0.078047 -0.003481 1.603879
v 0.082641 -0.005448 1.598549
v 0.076887 -0.004597 1.595187
v 0.103891 -0.005595 1.595147
v 0.090726 -0.002892 1.600512
v 0.104991 -0.000873 1.613972
v 0.088501 -0.012336 1.563403
v 0.079922 -0.007689 1.583623
v 0.038432 -0.029067 1.587964
v 0.063259 -0.007134 1.599721
v 0.092149 0.002424 1.629527
v 0.077353 0.001036 1.626706
v 0.045441 -0.115347 1.545780
v 0.064536 -0.008534 1.588707
v 0.042115 -0.021994 1.565742
v 0.068713 -0.002144 1.616699
v 0.105867 0.004502 1.614341
v 0.094814 0.009577 1.631850
v 0.076793 0.011600 1.632488
v 0.064461 0.008076 1.616605
v 0.062470 0.002585 1.599894
v 0.091657 0.001346 1.599063
v 0.090122 0.003436 1.606040
v 0.097694 0.004529 1.613800
v 0.090532 0.008370 1.625877
v 0.078754 0.009676 1.625184
v 0.069494 0.005874 1.612943
v 0.067556 0.001756 1.599852
v 0.064298 -0.003670 1.585551
v 0.069169 -0.001318 1.593085
v 0.077027 -0.002868 1.590855
v 0.083576 -0.002979 1.600827
v 0.084047 0.001160 1.600873
v 0.085606 0.002885 1.606824
v 0.079822 -0.001295 1.608879
v 0.090250 -0.001719 1.605621
v 0.100869 -0.000951 1.614138
v 0.070390 0.001451 1.612433
v 0.069304 -0.000031 1.601892
v 0.085056 -0.002078 1.606921
v 0.015982 -0.024854 1.506003
v 0.031834 -0.046286 1.490210
v -0.050681 -0.093993 1.522172
v -0.053885 -0.066299 1.520313
v -0.046947 -0.041747 1.522931
v -0.032231 -0.022571 1.521291
v 0.028439 -0.099061 1.489439
v 0.009267 -0.118122 1.504602
v -0.012823 -0.124810 1.514486
v -0.037889 -0.115428 1.522145
v 0.148408 -0.065321 1.576485
v 0.153864 -0.059259 1.579670
v 0.176625 -0.067932 1.588742
v 0.151985 -0.069205 1.575318
v 0.166902 -0.038946 1.592400
v 0.153412 -0.047774 1.582471
v 0.148581 -0.021016 1.602757
v 0.148508 -0.038045 1.583410
v 0.132347 -0.017761 1.589140
v 0.141397 -0.032204 1.582624
v 0.132810 -0.025344 1.572161
v 0.141867 -0.037962 1.575650
v 0.137581 -0.040927 1.560946
v 0.145367 -0.049528 1.571147
v 0.149356 -0.062814 1.566832
v 0.148174 -0.060476 1.572842
v 0.146441 -0.069022 1.557174
v 0.158413 -0.076017 1.572974
v 0.152315 -0.074431 1.552803
v 0.117026 -0.011085 1.589864
v 0.113324 -0.013520 1.570220
v 0.165874 -0.034719 1.617805
v 0.181256 -0.065389 1.610718
v 0.117475 -0.024818 1.555072
v 0.124667 -0.046166 1.542521
v 0.105645 -0.037984 1.525499
v 0.095548 -0.025886 1.541579
v 0.082885 -0.048392 1.503105
v 0.071064 -0.035353 1.524938
v 0.083705 -0.061248 1.489264
v 0.065808 -0.059168 1.510185
v 0.055459 -0.024938 1.544086
v 0.051507 -0.053404 1.532923
v 0.133076 -0.064192 1.534288
v 0.111193 -0.050810 1.520582
v 0.096574 -0.053660 1.508736
v 0.096197 -0.064397 1.498259
v 0.082519 -0.075455 1.485591
v 0.062917 -0.073450 1.505939
v 0.049590 -0.071067 1.525138
v 0.094179 -0.076614 1.495117
v 0.132688 -0.080184 1.530682
v 0.133366 -0.077325 1.530426
v 0.141113 -0.077393 1.526724
v 0.140375 -0.080772 1.525657
v 0.146661 -0.076060 1.525721
v 0.142400 -0.073217 1.527382
v 0.144776 -0.072676 1.527714
v 0.142151 -0.067674 1.529690
v 0.140753 -0.070179 1.528498
v 0.134187 -0.072969 1.531374
v 0.136850 -0.065094 1.541134
v 0.145690 -0.068502 1.535294
v 0.148992 -0.072894 1.532864
v 0.152831 -0.075845 1.531100
v 0.147296 -0.081528 1.524944
v 0.149729 -0.074771 1.539549
v 0.139752 -0.070803 1.544295
v 0.153162 -0.081924 1.538220
v 0.153612 -0.081908 1.552333
v 0.153594 -0.082146 1.529082
v 0.138282 -0.056793 1.551579
v 0.117121 -0.060693 1.519932
v 0.126692 -0.069242 1.521641
v 0.112076 -0.057147 1.518621
v 0.109335 -0.060136 1.514205
v 0.106340 -0.067071 1.508371
v 0.159882 -0.082391 1.572505
v 0.177167 -0.083976 1.587939
v 0.183655 -0.084584 1.608668
v 0.126155 -0.079654 1.520753
v 0.127052 -0.075399 1.521902
v 0.104735 -0.077585 1.505251
v 0.033967 -0.105915 1.543355
v 0.041213 -0.052934 1.523231
v 0.042035 -0.033024 1.541935
v 0.040755 -0.070294 1.516804
v 0.047625 -0.088413 1.533598
v 0.037437 -0.087022 1.523893
v 0.112133 -0.068579 1.509991
v 0.112286 -0.061334 1.515507
v 0.113906 -0.063185 1.516104
v 0.114791 -0.070168 1.513810
v 0.124805 -0.074614 1.515503
v 0.124385 -0.079589 1.514042
v 0.116274 -0.078704 1.513338
v 0.118172 -0.073724 1.514032
v 0.111620 -0.078326 1.506313
v 0.114775 -0.078581 1.511149
v 0.124051 -0.068510 1.517135
v 0.116597 -0.069159 1.515128
v 0.112177 -0.057964 1.518279
v 0.116869 -0.061479 1.518332
v 0.114209 -0.063727 1.516803
v 0.112545 -0.060873 1.517654
v 0.037829 -0.053067 1.516922
v 0.037992 -0.072396 1.513895
v 0.032330 -0.072901 1.500369
v 0.032078 -0.051119 1.502027
v 0.010746 -0.030150 1.558971
v 0.021708 -0.027578 1.546771
v 0.020873 -0.029432 1.512190
v 0.036441 -0.072600 1.483003
v -0.003095 -0.015010 1.515642
v 0.003790 -0.021732 1.523635
v -0.017857 -0.024317 1.534186
v 0.032561 -0.037565 1.528978
v -0.009619 -0.059952 1.572765
v 0.011464 -0.064659 1.608421
v -0.000173 -0.041503 1.567373
v 0.023832 -0.105442 1.536835
v 0.013086 -0.109284 1.518096
v 0.025093 -0.094744 1.506684
v 0.032540 -0.090540 1.521338
v -0.035520 -0.063546 1.541829
v -0.029475 -0.040874 1.539177
v 0.152925 -0.059145 1.577384
v 0.148152 -0.064699 1.576636
v 0.144666 -0.063479 1.578741
v 0.149633 -0.058340 1.579198
v 0.154205 -0.049060 1.579300
v 0.150421 -0.048716 1.581351
v 0.150329 -0.039894 1.580180
v 0.144953 -0.039759 1.583551
v 0.144011 -0.033880 1.581479
v 0.139538 -0.034147 1.584924
v 0.143358 -0.039448 1.576575
v 0.141563 -0.039687 1.578076
v 0.145934 -0.049542 1.572336
v 0.145129 -0.049384 1.573565
v 0.147986 -0.059643 1.573681
v 0.145740 -0.058638 1.575419
v 0.143154 -0.039713 1.579118
v 0.147425 -0.048997 1.575682
v 0.147505 -0.058441 1.575762
v 0.110874 -0.064993 1.519008
v 0.111799 -0.070070 1.517895
v 0.112667 -0.078260 1.515678
v 0.109506 -0.062675 1.518394
v 0.148118 -0.102548 1.578231
v 0.144673 -0.096108 1.577248
v 0.145058 -0.095563 1.577074
v 0.149070 -0.102554 1.580515
v 0.146077 -0.114051 1.583758
v 0.147127 -0.113006 1.580546
v 0.139138 -0.122702 1.585059
v 0.141305 -0.121422 1.581767
v 0.130930 -0.126824 1.584464
v 0.133831 -0.125854 1.583270
v 0.132616 -0.121582 1.577278
v 0.134400 -0.120423 1.578151
v 0.138564 -0.110937 1.572340
v 0.139129 -0.110973 1.573532
v 0.143751 -0.100384 1.573618
v 0.143388 -0.101125 1.574489
v 0.145369 -0.098878 1.567525
v 0.143837 -0.092755 1.557610
v 0.148849 -0.093032 1.575770
v 0.156729 -0.088187 1.573236
v 0.172211 -0.101101 1.589655
v 0.150609 -0.088620 1.553161
v 0.131271 -0.138773 1.601933
v 0.102569 -0.141481 1.592370
v 0.118781 -0.138412 1.591303
v 0.100040 -0.138098 1.572363
v 0.120142 -0.132886 1.575103
v 0.177128 -0.102693 1.611429
v 0.160961 -0.129669 1.614475
v 0.157213 -0.128326 1.595230
v 0.128640 -0.119639 1.563549
v 0.106992 -0.128192 1.555856
v 0.084645 -0.124380 1.543498
v 0.097052 -0.115618 1.527010
v 0.118143 -0.111176 1.543285
v 0.062707 -0.110603 1.526362
v 0.077234 -0.101242 1.503964
v 0.062609 -0.087842 1.510735
v 0.080586 -0.089429 1.489811
v 0.105249 -0.104513 1.521628
v 0.129588 -0.095678 1.534892
v 0.091622 -0.098907 1.509570
v 0.093491 -0.088845 1.498734
v 0.140365 -0.084139 1.526850
v 0.132727 -0.083080 1.530534
v 0.145856 -0.086727 1.526346
v 0.142912 -0.089504 1.528033
v 0.140710 -0.088468 1.527671
v 0.137783 -0.093732 1.531229
v 0.132580 -0.087471 1.531649
v 0.135478 -0.091028 1.530529
v 0.142926 -0.093491 1.535771
v 0.133496 -0.095368 1.541715
v 0.151667 -0.087867 1.530947
v 0.147097 -0.090023 1.533183
v 0.149172 -0.087698 1.539559
v 0.137582 -0.090315 1.544655
v 0.133149 -0.103376 1.552497
v 0.113122 -0.096153 1.520550
v 0.123600 -0.090051 1.521328
v 0.105448 -0.095260 1.514888
v 0.107487 -0.098603 1.519428
v 0.104016 -0.088066 1.508779
v 0.193152 -0.085102 1.635122
v 0.126105 -0.083955 1.522069
v 0.110005 -0.087800 1.510365
v 0.112963 -0.086685 1.514132
v 0.110582 -0.093213 1.516689
v 0.108594 -0.094686 1.516156
v 0.123714 -0.084474 1.515695
v 0.117040 -0.083949 1.514231
v 0.120697 -0.090081 1.517994
v 0.114510 -0.088013 1.515495
v 0.107763 -0.097842 1.519055
v 0.108755 -0.095110 1.518321
v 0.111000 -0.092723 1.517367
v 0.113111 -0.095438 1.518993
v 0.011377 -0.108773 1.556389
v -0.000439 -0.098644 1.568614
v -0.004032 -0.111603 1.530499
v -0.023363 -0.104372 1.540379
v -0.006788 -0.082295 1.573002
v -0.033320 -0.085187 1.542331
v 0.144735 -0.102546 1.580062
v 0.141143 -0.096476 1.579284
v 0.143367 -0.112426 1.582595
v 0.136054 -0.120200 1.585114
v 0.129550 -0.124436 1.586679
v 0.132706 -0.119741 1.579635
v 0.138315 -0.110898 1.574763
v 0.140981 -0.101551 1.576256
v 0.134269 -0.120023 1.580679
v 0.140480 -0.111707 1.576903
v 0.142660 -0.102138 1.576614
v 0.110039 -0.085969 1.518204
v 0.108031 -0.090675 1.519508
v 0.106187 -0.092660 1.518978
v 0.137273 -0.078223 1.535766
v 0.144361 -0.078337 1.531170
v 0.144892 -0.074946 1.530950
v 0.143292 -0.072466 1.532224
v 0.137357 -0.074673 1.535863
v 0.143756 -0.083753 1.531260
v 0.136752 -0.082849 1.535839
v 0.143534 -0.087187 1.531173
v 0.136061 -0.086326 1.536075
v 0.139953 -0.089206 1.533576
vt 0.180911 0.379407
vt 0.182255 0.361463
vt 0.193168 0.363239
vt 0.192546 0.380021
vt 0.153639 0.381861
vt 0.151600 0.361916
vt 0.162869 0.358928
vt 0.165708 0.380047
vt 0.200241 0.379989
vt 0.200949 0.363473
vt 0.213176 0.361221
vt 0.211869 0.380146
vt 0.140872 0.383162
vt 0.133726 0.366816
vt 0.487424 0.099192
vt 0.488968 0.111085
vt 0.474092 0.109386
vt 0.477139 0.096637
vt 0.436729 0.016781
vt 0.445850 0.029662
vt 0.426913 0.041424
vt 0.418620 0.027494
vt 0.519643 0.032290
vt 0.528075 0.017825
vt 0.545589 0.027874
vt 0.537004 0.042849
vt 0.470372 0.092591
vt 0.462490 0.101352
vt 0.494362 0.097554
vt 0.499370 0.106018
vt 0.490707 0.039824
vt 0.490124 0.079971
vt 0.475263 0.078933
vt 0.475396 0.040257
vt 0.531626 0.052072
vt 0.512700 0.086517
vt 0.500437 0.081252
vt 0.512694 0.041906
vt 0.466351 0.079089
vt 0.452987 0.040591
vt 0.355882 0.072663
vt 0.356916 0.041111
vt 0.371501 0.039690
vt 0.374283 0.072350
vt 0.018489 0.191576
vt 0.014761 0.154443
vt 0.048893 0.152721
vt 0.048565 0.190634
vt 0.451675 0.085788
vt 0.432596 0.051137
vt 0.016510 0.136336
vt 0.047521 0.129068
vt 0.509191 0.025465
vt 0.536967 0.042939
vt 0.445423 -0.000203
vt 0.450770 0.008815
vt 0.431282 0.007340
vt 0.514431 0.011026
vt 0.459003 0.021369
vt 0.048036 0.200895
vt 0.020810 0.201748
vt 0.153004 0.430828
vt 0.147038 0.488026
vt 0.133719 0.486542
vt 0.141386 0.430237
vt 0.943881 0.536406
vt 0.954781 0.535055
vt 0.954046 0.541052
vt 0.945693 0.539827
vt 0.973015 0.441933
vt 0.954374 0.442073
vt 0.953454 0.422154
vt 0.973097 0.420676
vt 0.967742 0.537007
vt 0.981356 0.544204
vt 0.975755 0.547706
vt 0.967323 0.543162
vt 0.909379 0.557637
vt 0.918585 0.544923
vt 0.921507 0.549870
vt 0.916022 0.558305
vt 0.913508 0.444051
vt 0.890552 0.447568
vt 0.886731 0.424493
vt 0.911131 0.423604
vt 0.930505 0.538567
vt 0.932635 0.540740
vt 0.934353 0.443614
vt 0.933827 0.423450
vt 0.949606 0.380224
vt 0.967188 0.378348
vt 0.866492 0.456095
vt 0.859932 0.439798
vt 0.990064 0.442736
vt 0.991787 0.425918
vt 0.932058 0.381537
vt 0.856648 0.436722
vt 0.870332 0.420394
vt 0.988665 0.413157
vt 0.995237 0.423605
vt 0.909542 0.381519
vt 0.896204 0.380146
vt 0.879835 0.377358
vt 0.908116 0.520366
vt 0.925301 0.514898
vt 0.956496 0.510825
vt 0.972852 0.511246
vt 0.889240 0.528585
vt 0.934350 0.447175
vt 0.941606 0.512032
vt 0.973554 0.706818
vt 0.972062 0.637521
vt 0.987520 0.635560
vt 0.990584 0.705689
vt 0.038476 0.214723
vt 0.028116 0.214841
vt 0.023894 0.124506
vt 0.039348 0.120666
vt 0.180244 0.432185
vt 0.167586 0.431698
vt 0.207601 0.429436
vt 0.194194 0.431408
vt 0.221716 0.426176
vt 0.220597 0.485830
vt 0.200423 0.489625
vt 0.167116 0.489950
vt 0.238511 0.480882
vt 0.180220 0.490318
vt 0.109377 0.430331
vt 0.116958 0.486724
vt 0.103617 0.488180
vt 0.097746 0.430924
vt 0.988346 0.512911
vt 0.983551 0.376007
vt 0.058024 0.380037
vt 0.057480 0.363206
vt 0.068386 0.361461
vt 0.069706 0.379430
vt 0.084944 0.380074
vt 0.087783 0.358929
vt 0.099062 0.361913
vt 0.097036 0.381882
vt 0.038543 0.379945
vt 0.037493 0.360972
vt 0.049708 0.363384
vt 0.050262 0.379999
vt 0.116958 0.366800
vt 0.109823 0.383171
vt 0.368720 0.025997
vt 0.358609 0.028660
vt 0.355426 0.016125
vt 0.370078 0.014243
vt 0.314611 0.117391
vt 0.296382 0.107244
vt 0.301840 0.097684
vt 0.319853 0.108001
vt 0.309827 0.083826
vt 0.328672 0.095167
vt 0.401434 0.091549
vt 0.418414 0.080891
vt 0.427092 0.095545
vt 0.409954 0.105702
vt 0.351990 0.032746
vt 0.344091 0.024212
vt 0.380410 0.019096
vt 0.375587 0.027516
vt 0.342973 0.068614
vt 0.349881 0.041079
vt 0.386892 0.067900
vt 0.380137 0.038408
vt 0.391302 0.033695
vt 0.405181 0.058770
vt 0.048767 0.050180
vt 0.048767 0.078111
vt 0.014100 0.076286
vt 0.015578 0.049140
vt 0.372783 0.084519
vt 0.357672 0.084304
vt 0.322908 0.060079
vt 0.336062 0.035166
vt 0.412981 0.071868
vt 0.394445 0.082159
vt 0.335561 0.084286
vt 0.018321 0.034248
vt 0.048397 0.035190
vt 0.315298 0.074165
vt 0.047353 0.096756
vt 0.016342 0.089488
vt 0.391218 0.098428
vt 0.418377 0.080803
vt 0.328666 0.124635
vt 0.333815 0.115665
vt 0.396588 0.112599
vt 0.341763 0.103165
vt 0.020642 0.024076
vt 0.047868 0.024929
vt 0.412953 0.017883
vt 0.942614 0.612921
vt 0.944360 0.609466
vt 0.952688 0.608081
vt 0.953538 0.614062
vt 0.974042 0.728070
vt 0.954374 0.726968
vt 0.954913 0.707035
vt 0.966459 0.611862
vt 0.965922 0.605717
vt 0.974265 0.601012
vt 0.979932 0.604406
vt 0.907712 0.592355
vt 0.914341 0.591560
vt 0.920207 0.600213
vt 0.917159 0.604889
vt 0.914017 0.705840
vt 0.912032 0.726329
vt 0.887619 0.725908
vt 0.890996 0.702764
vt 0.929200 0.611017
vt 0.931286 0.608802
vt 0.934838 0.705356
vt 0.934726 0.726048
vt 0.968946 0.770504
vt 0.951330 0.768965
vt 0.860532 0.711120
vt 0.866777 0.694700
vt 0.992629 0.722471
vt 0.933761 0.767987
vt 0.871300 0.730321
vt 0.857308 0.714258
vt 0.996122 0.724717
vt 0.989752 0.735289
vt 0.911250 0.768438
vt 0.897940 0.770065
vt 0.881628 0.773167
vt 0.924449 0.634781
vt 0.907163 0.629643
vt 0.955716 0.638255
vt 0.888133 0.621787
vt 0.940806 0.637334
vt 0.934794 0.702318
vt 0.027947 0.010983
vt 0.038308 0.011100
vt 0.039179 0.105158
vt 0.023726 0.101318
vt 0.083170 0.431795
vt 0.070531 0.432285
vt 0.056632 0.431521
vt 0.041361 0.429393
vt 0.026897 0.425563
vt 0.050154 0.489628
vt 0.028345 0.485600
vt 0.083504 0.490057
vt 0.009613 0.480178
vt 0.070381 0.490386
vt 0.985351 0.772530
vt 0.154115 0.278385
vt 0.118326 0.286108
vt 0.111142 0.245639
vt 0.147287 0.239059
vt 0.500070 0.375080
vt 0.501697 0.344916
vt 0.538913 0.371850
vt 0.531654 0.389523
vt 0.561817 0.384042
vt 0.557029 0.407167
vt 0.084591 0.274037
vt 0.064043 0.253388
vt 0.068256 0.239217
vt 0.096777 0.261496
vt 0.582568 0.431728
vt 0.585766 0.411950
vt 0.618926 0.418101
vt 0.616076 0.434748
vt 0.497945 0.403732
vt 0.529484 0.406958
vt 0.515719 0.417547
vt 0.179128 0.273262
vt 0.179059 0.233997
vt 0.538667 0.429112
vt 0.554767 0.428935
vt 0.091868 0.339454
vt 0.091397 0.320414
vt 0.102893 0.319978
vt 0.102485 0.340623
vt 0.089221 0.298702
vt 0.101997 0.292615
vt 0.501529 0.311781
vt 0.465986 0.344808
vt 0.465975 0.312156
vt 0.142769 0.197214
vt 0.178991 0.197106
vt 0.118359 0.321599
vt 0.143375 0.326934
vt 0.138729 0.346671
vt 0.116986 0.342483
vt 0.179160 0.301030
vt 0.160725 0.307348
vt 0.149629 0.314851
vt 0.117995 0.285588
vt 0.590419 0.394984
vt 0.623495 0.408407
vt 0.064725 0.322804
vt 0.065935 0.339454
vt 0.030916 0.341577
vt 0.032052 0.326510
vt 0.061140 0.304603
vt 0.028637 0.313789
vt 0.054772 0.287323
vt 0.021503 0.302125
vt 0.041458 0.269382
vt 0.009351 0.291737
vt 0.598777 0.377062
vt 0.632424 0.395433
vt 0.581930 0.450755
vt 0.618249 0.449996
vt 0.178833 0.110828
vt 0.139527 0.110849
vt 0.139144 0.056553
vt 0.178746 0.056374
vt 0.105340 0.057126
vt 0.107058 0.111310
vt 0.073987 0.113077
vt 0.070755 0.059015
vt 0.539583 0.170896
vt 0.564800 0.170253
vt 0.564209 0.224152
vt 0.539491 0.224600
vt 0.507738 0.171154
vt 0.506156 0.225128
vt 0.466104 0.171328
vt 0.466031 0.225444
vt 0.621150 0.422503
vt 0.619173 0.435889
vt 0.621639 0.447367
vt 0.027260 0.339599
vt 0.028819 0.329020
vt 0.024078 0.315227
vt 0.017684 0.306178
vt 0.007464 0.298183
vt 0.635191 0.401501
vt 0.626572 0.412369
vt 0.105407 0.197480
vt 0.075027 0.196684
vt 0.567276 0.306985
vt 0.539328 0.310354
vt 0.434669 0.311836
vt 0.429961 0.225142
vt 0.540841 0.124646
vt 0.508536 0.124817
vt 0.564008 0.123889
vt 0.137295 0.009775
vt 0.178638 0.008674
vt 0.466108 0.124513
vt 0.068245 0.012093
vt 0.105412 0.010567
vt 0.555347 0.452568
vt 0.544539 0.453858
vt 0.577434 0.362157
vt 0.548338 0.370518
vt 0.573380 0.348421
vt 0.522812 0.431990
vt 0.496606 0.445778
vt 0.483522 0.441426
vt 0.466434 0.440179
vt 0.466204 0.400730
vt 0.118351 0.286106
vt 0.569754 0.330860
vt 0.540321 0.352786
vt 0.282934 0.196347
vt 0.285862 0.220581
vt 0.248608 0.245654
vt 0.252562 0.197224
vt 0.111379 0.245775
vt 0.440324 0.446506
vt 0.428511 0.461630
vt 0.406720 0.456738
vt 0.414387 0.430581
vt 0.466061 0.374026
vt 0.532450 0.358996
vt 0.272457 0.273485
vt 0.261184 0.261333
vt 0.289708 0.239398
vt 0.293434 0.252986
vt 0.375628 0.384384
vt 0.387683 0.371483
vt 0.393400 0.397675
vt 0.380710 0.407833
vt 0.434577 0.345017
vt 0.401819 0.355622
vt 0.396809 0.310451
vt 0.246752 0.245248
vt 0.210853 0.238930
vt 0.215212 0.197084
vt 0.353883 0.433181
vt 0.320398 0.437246
vt 0.316938 0.421134
vt 0.350295 0.413531
vt 0.272415 0.339672
vt 0.255846 0.340658
vt 0.255614 0.320021
vt 0.273178 0.321158
vt 0.204171 0.278324
vt 0.397997 0.429856
vt 0.375404 0.430690
vt 0.240206 0.321572
vt 0.241511 0.342512
vt 0.219577 0.346672
vt 0.214964 0.326917
vt 0.256690 0.292823
vt 0.267869 0.298484
vt 0.197609 0.307320
vt 0.240329 0.285178
vt 0.208716 0.314820
vt 0.312082 0.410965
vt 0.345267 0.396427
vt 0.293885 0.323181
vt 0.327160 0.327544
vt 0.327674 0.342558
vt 0.292477 0.339910
vt 0.297586 0.304806
vt 0.330647 0.313304
vt 0.303897 0.287645
vt 0.337129 0.301978
vt 0.317050 0.269766
vt 0.348893 0.291686
vt 0.302130 0.397289
vt 0.336602 0.378258
vt 0.354870 0.452039
vt 0.319132 0.451994
vt 0.218362 0.056355
vt 0.218149 0.110702
vt 0.252171 0.056809
vt 0.286604 0.058602
vt 0.283739 0.112712
vt 0.250639 0.111046
vt 0.396516 0.170921
vt 0.396617 0.224623
vt 0.371888 0.224175
vt 0.371576 0.170289
vt 0.428356 0.171172
vt 0.317558 0.437229
vt 0.312292 0.422884
vt 0.316224 0.449909
vt 0.329902 0.327743
vt 0.330878 0.341016
vt 0.332976 0.316701
vt 0.340840 0.305820
vt 0.350618 0.298604
vt 0.307328 0.414321
vt 0.298706 0.404271
vt 0.368809 0.307075
vt 0.395223 0.124672
vt 0.427539 0.124827
vt 0.372055 0.123889
vt 0.220008 0.009568
vt 0.251919 0.010224
vt 0.289127 0.011613
vt 0.438661 0.404018
vt 0.414503 0.431487
vt 0.409359 0.387780
vt 0.436322 0.375275
vt 0.399547 0.356124
vt 0.366334 0.330781
vt 0.392228 0.454705
vt 0.375334 0.453148
vt 0.452362 0.441534
vt 0.239928 0.285740
vt 0.414572 0.430416
vt 0.401598 0.355426
vt 0.246980 0.245084
vt 0.755743 0.650672
vt 0.759165 0.649571
vt 0.757971 0.661131
vt 0.754196 0.661509
vt 0.359290 0.362426
vt 0.362806 0.349164
vt 0.453522 0.445148
vt 0.442714 0.449257
vt 0.195761 0.309116
vt 0.179162 0.303614
vt 0.508511 0.460797
vt 0.505331 0.462498
vt 0.494304 0.448602
vt 0.152471 0.315689
vt 0.146420 0.326976
vt 0.215929 0.345568
vt 0.211917 0.326955
vt 0.162574 0.309142
vt 0.482251 0.444725
vt 0.466639 0.443165
vt 0.205871 0.315658
vt 0.142377 0.345574
vt 0.431723 0.463317
vt 0.714177 0.537037
vt 0.782089 0.539888
vt 0.780379 0.578866
vt 0.746006 0.573846
vt 0.803409 0.091539
vt 0.785176 0.055262
vt 0.878479 0.027988
vt 0.874038 0.078836
vt 0.743337 0.478611
vt 0.701854 0.475968
vt 0.704313 0.417646
vt 0.752914 0.417754
vt 0.690884 0.189872
vt 0.726467 0.227589
vt 0.666064 0.271908
vt 0.647197 0.218451
vt 0.654960 0.115718
vt 0.695913 0.107590
vt 0.711368 0.147900
vt 0.673837 0.157004
vt 0.781557 0.484419
vt 0.746335 0.101535
vt 0.737421 0.066944
vt 0.685826 0.077547
vt 0.641297 0.090030
vt 0.730303 0.182371
vt 0.765456 0.040654
vt 0.710023 0.043125
vt 0.712208 0.009890
vt 0.758572 0.030946
vt 0.761313 0.146449
vt 0.622649 0.184780
vt 0.592951 0.100028
vt 0.810474 0.138839
vt 0.810130 0.037541
vt 0.710776 0.367316
vt 0.739643 0.376531
vt 0.890535 0.115629
vt 0.670217 0.046885
vt 0.827536 0.539580
vt 0.848539 0.564133
vt 0.816504 0.485707
vt 0.634016 0.052014
vt 0.587639 0.058592
vt 0.618384 0.029274
vt 0.789711 0.194115
vt 0.766952 0.253437
vt 0.755153 0.187156
vt 0.834606 0.211318
vt 0.804512 0.273400
vt 0.790285 0.433777
vt 0.923007 0.232458
vt 0.968956 0.244747
vt 0.958354 0.296837
vt 0.907920 0.296847
vt 0.829900 0.423269
vt 0.840837 0.484736
vt 0.861379 0.514836
vt 0.729819 0.297303
vt 0.882795 0.222203
vt 0.861957 0.293271
vt 0.772335 0.325446
vt 0.668192 0.363276
vt 0.675815 0.317047
vt 0.717337 0.315591
vt 0.837901 0.355572
vt 0.662702 0.509032
vt 0.651436 0.466914
vt 0.660893 0.409348
vt 0.957471 0.351149
vt 0.898267 0.356977
vt 0.917877 0.147097
vt 0.955506 0.173576
vt 0.835954 0.874936
vt 0.845248 0.874686
vt 0.847192 0.907097
vt 0.837248 0.907725
vt 0.826898 0.875020
vt 0.827253 0.906542
vt 0.818254 0.875041
vt 0.817808 0.907867
vt 0.808632 0.875068
vt 0.807336 0.907294
vt 0.800130 0.874703
vt 0.797990 0.906998
vt 0.789872 0.873727
vt 0.787272 0.905727
vt 0.853459 0.874124
vt 0.856097 0.906429
vt 0.863653 0.872829
vt 0.866768 0.904835
vt 0.848420 0.921132
vt 0.842501 0.921722
vt 0.842925 0.915334
vt 0.847688 0.914826
vt 0.836582 0.922000
vt 0.825052 0.921375
vt 0.815386 0.920747
vt 0.806425 0.921520
vt 0.795131 0.920713
vt 0.787546 0.920004
vt 0.870089 0.916684
vt 0.862484 0.919014
vt 0.853448 0.920805
vt 0.851711 0.914628
vt 0.847154 0.819864
vt 0.839315 0.819944
vt 0.840579 0.814248
vt 0.843411 0.814654
vt 0.852888 0.812870
vt 0.852855 0.819095
vt 0.800812 0.813662
vt 0.808448 0.812871
vt 0.807176 0.819219
vt 0.799180 0.819491
vt 0.814350 0.813006
vt 0.813868 0.818881
vt 0.819624 0.813218
vt 0.820388 0.819249
vt 0.827140 0.813905
vt 0.826831 0.819732
vt 0.835073 0.814062
vt 0.833966 0.819938
vt 0.834522 0.839443
vt 0.841405 0.839351
vt 0.847095 0.839008
vt 0.855165 0.837973
vt 0.797175 0.838497
vt 0.805412 0.839114
vt 0.812351 0.839242
vt 0.820029 0.839310
vt 0.826898 0.839440
vt 0.840108 0.961297
vt 0.827901 0.962167
vt 0.827503 0.936625
vt 0.838095 0.936326
vt 0.815637 0.961654
vt 0.817494 0.936513
vt 0.802770 0.960878
vt 0.804806 0.936004
vt 0.790369 0.959750
vt 0.794914 0.934805
vt 0.778616 0.957940
vt 0.783651 0.933316
vt 0.875992 0.957041
vt 0.864351 0.958961
vt 0.859501 0.934127
vt 0.870627 0.932481
vt 0.854873 0.960259
vt 0.850305 0.935334
vt 0.937825 0.961525
vt 0.937723 0.987099
vt 0.925539 0.986647
vt 0.926496 0.961175
vt 0.794032 0.659256
vt 0.796010 0.656312
vt 0.797516 0.657812
vt 0.795219 0.660661
vt 0.783476 0.650011
vt 0.787033 0.647390
vt 0.788648 0.652173
vt 0.786277 0.654919
vt 0.797435 0.649518
vt 0.792660 0.649772
vt 0.791910 0.645518
vt 0.797298 0.645066
vt 0.785721 0.658418
vt 0.780252 0.652653
vt 0.801245 0.651450
vt 0.802441 0.646577
vt 0.805281 0.655859
vt 0.807757 0.648729
vt 0.769108 0.600986
vt 0.748532 0.616534
vt 0.746778 0.614185
vt 0.766566 0.598920
vt 0.804298 0.592580
vt 0.826244 0.602749
vt 0.823078 0.608838
vt 0.802355 0.595778
vt 0.771031 0.641633
vt 0.771771 0.647065
vt 0.769401 0.649208
vt 0.766204 0.646464
vt 0.815218 0.642120
vt 0.815095 0.634436
vt 0.820249 0.636390
vt 0.818566 0.642591
vt 0.828332 0.599530
vt 0.775305 0.607128
vt 0.758010 0.626888
vt 0.752269 0.620908
vt 0.738291 0.619765
vt 0.739719 0.622315
vt 0.736434 0.622469
vt 0.736251 0.619709
vt 0.836916 0.607343
vt 0.838514 0.604352
vt 0.840445 0.604986
vt 0.840421 0.607188
vt 0.834499 0.613530
vt 0.841889 0.611352
vt 0.830558 0.622335
vt 0.840673 0.617057
vt 0.840530 0.622068
vt 0.826750 0.631466
vt 0.837295 0.628893
vt 0.833882 0.633641
vt 0.829354 0.638790
vt 0.824706 0.640154
vt 0.821538 0.643607
vt 0.767364 0.652107
vt 0.763992 0.650661
vt 0.757819 0.642570
vt 0.749478 0.635904
vt 0.751716 0.646060
vt 0.747654 0.642886
vt 0.742699 0.627779
vt 0.742902 0.636879
vt 0.739957 0.632538
vt 0.737374 0.626402
vt 0.739148 0.628620
vt 0.735547 0.629791
vt 0.736366 0.628783
vt 0.737057 0.630441
vt 0.745932 0.638608
vt 0.743043 0.640930
vt 0.742764 0.640518
vt 0.743432 0.641486
vt 0.755944 0.646673
vt 0.754875 0.650350
vt 0.754355 0.649804
vt 0.717118 0.621147
vt 0.716700 0.623421
vt 0.715520 0.624191
vt 0.716201 0.620158
vt 0.710818 0.646928
vt 0.712944 0.647424
vt 0.713836 0.649711
vt 0.712920 0.651631
vt 0.727789 0.671488
vt 0.729926 0.671124
vt 0.731928 0.672222
vt 0.732373 0.674478
vt 0.758061 0.683193
vt 0.759023 0.681536
vt 0.761405 0.681434
vt 0.762237 0.683057
vt 0.836657 0.671513
vt 0.831980 0.672171
vt 0.832871 0.670311
vt 0.835248 0.670028
vt 0.863291 0.651893
vt 0.859702 0.655707
vt 0.859433 0.653576
vt 0.861222 0.651796
vt 0.872526 0.617151
vt 0.872858 0.622151
vt 0.871417 0.621064
vt 0.871222 0.618438
vt 0.858274 0.597266
vt 0.860628 0.600487
vt 0.859281 0.600292
vt 0.857982 0.598549
vt 0.830524 0.635879
vt 0.837250 0.624725
vt 0.839953 0.614544
vt 0.843257 0.613512
vt 0.841640 0.613674
vt 0.842842 0.613558
vt 0.841184 0.626337
vt 0.840393 0.626284
vt 0.841006 0.626854
vt 0.833007 0.637123
vt 0.832849 0.637831
vt 0.833561 0.638736
vt 0.762724 0.661157
vt 0.766183 0.661560
vt 0.828731 0.650145
vt 0.824711 0.651081
vt 0.832380 0.649234
vt 0.836425 0.648632
vt 0.740703 0.652584
vt 0.736927 0.649475
vt 0.744839 0.655314
vt 0.748662 0.658297
vt 0.842826 0.639376
vt 0.839965 0.642910
vt 0.845381 0.636412
vt 0.847872 0.632821
vt 0.730468 0.637651
vt 0.728347 0.634081
vt 0.732973 0.642054
vt 0.734548 0.646357
vt 0.850225 0.622600
vt 0.850370 0.627061
vt 0.850151 0.618655
vt 0.850534 0.614374
vt 0.754248 0.667087
vt 0.757776 0.666598
vt 0.757982 0.677544
vt 0.755091 0.678417
vt 0.729267 0.629145
vt 0.729805 0.626124
vt 0.729946 0.621673
vt 0.730254 0.618996
vt 0.847623 0.608474
vt 0.849167 0.610642
vt 0.846285 0.605369
vt 0.845261 0.603319
vt 0.722925 0.625208
vt 0.723326 0.621006
vt 0.788511 0.626771
vt 0.786636 0.614701
vt 0.792745 0.612351
vt 0.795758 0.626319
vt 0.783399 0.626898
vt 0.781542 0.612575
vt 0.797022 0.605584
vt 0.815281 0.623535
vt 0.800752 0.625562
vt 0.765268 0.632711
vt 0.802613 0.633918
vt 0.796943 0.634569
vt 0.778099 0.628309
vt 0.819766 0.615908
vt 0.789768 0.636163
vt 0.784142 0.636454
vt 0.779477 0.638357
vt 0.776781 0.645090
vt 0.809237 0.640490
vt 0.833308 0.654760
vt 0.837892 0.654128
vt 0.838961 0.665769
vt 0.834851 0.665379
vt 0.829971 0.655286
vt 0.831919 0.665719
vt 0.825803 0.656050
vt 0.828167 0.667169
vt 0.762384 0.666511
vt 0.765954 0.666826
vt 0.765049 0.678072
vt 0.762067 0.677420
vt 0.737628 0.657332
vt 0.741574 0.659893
vt 0.735280 0.669238
vt 0.731441 0.666841
vt 0.733672 0.654457
vt 0.727710 0.665450
vt 0.849438 0.640466
vt 0.852467 0.636540
vt 0.861213 0.645816
vt 0.857777 0.648197
vt 0.847219 0.642805
vt 0.855600 0.650332
vt 0.844007 0.646713
vt 0.853569 0.654069
vt 0.745382 0.662834
vt 0.737793 0.672117
vt 0.725773 0.640097
vt 0.727670 0.644104
vt 0.717996 0.648643
vt 0.716124 0.644681
vt 0.723697 0.636413
vt 0.713643 0.641900
vt 0.855418 0.618781
vt 0.855703 0.614237
vt 0.867189 0.614817
vt 0.866379 0.617959
vt 0.855444 0.622333
vt 0.866181 0.621368
vt 0.856165 0.627144
vt 0.867689 0.625420
vt 0.729358 0.648571
vt 0.718693 0.652795
vt 0.719159 0.624366
vt 0.719557 0.620787
vt 0.723550 0.618370
vt 0.719419 0.618495
vt 0.851891 0.601947
vt 0.850845 0.600014
vt 0.854492 0.597918
vt 0.855241 0.600223
vt 0.853679 0.604783
vt 0.856482 0.602316
vt 0.855380 0.606649
vt 0.858638 0.603928
vt 0.722127 0.628103
vt 0.718225 0.626685
vt 0.768137 0.770859
vt 0.779440 0.772309
vt 0.778411 0.775633
vt 0.767295 0.774650
vt 0.794184 0.655378
vt 0.792404 0.657259
vt 0.853467 0.927033
vt 0.849628 0.927658
vt 0.843122 0.927958
vt 0.948486 0.961188
vt 0.949175 0.986630
vt 0.963114 0.959770
vt 0.966100 0.984393
vt 0.973802 0.958603
vt 0.977781 0.983139
vt 0.985815 0.957309
vt 0.990669 0.981965
vt 0.902228 0.957671
vt 0.897900 0.983283
vt 0.884149 0.980847
vt 0.889765 0.956327
vt 0.912759 0.959902
vt 0.910155 0.985054
vt 0.929347 0.877416
vt 0.930723 0.896352
vt 0.919012 0.897161
vt 0.920034 0.877162
vt 0.938419 0.877500
vt 0.939201 0.889746
vt 0.947074 0.877519
vt 0.946371 0.890070
vt 0.956708 0.877544
vt 0.958425 0.881807
vt 0.965220 0.877175
vt 0.964239 0.879712
vt 0.975488 0.876191
vt 0.972150 0.892847
vt 0.911848 0.876575
vt 0.910165 0.896573
vt 0.899674 0.895430
vt 0.901639 0.875271
vt 0.919921 0.822491
vt 0.918227 0.816216
vt 0.923864 0.816462
vt 0.926004 0.822378
vt 0.912458 0.821529
vt 0.912425 0.815301
vt 0.964528 0.816091
vt 0.966163 0.821924
vt 0.958162 0.821652
vt 0.956889 0.815300
vt 0.951466 0.821315
vt 0.950983 0.815436
vt 0.944941 0.821683
vt 0.944967 0.815679
vt 0.938494 0.822168
vt 0.938184 0.816337
vt 0.931356 0.822373
vt 0.930248 0.816493
vt 0.923910 0.841796
vt 0.930798 0.841890
vt 0.918217 0.841451
vt 0.910144 0.840413
vt 0.959929 0.841560
vt 0.968172 0.840941
vt 0.952985 0.841690
vt 0.945301 0.841757
vt 0.938427 0.841887
vt 0.922223 0.930442
vt 0.915686 0.930142
vt 0.916898 0.923599
vt 0.922835 0.924188
vt 0.928766 0.924462
vt 0.938042 0.924742
vt 0.946828 0.924516
vt 0.958930 0.923876
vt 0.970204 0.923083
vt 0.980115 0.922194
vt 0.896227 0.921330
vt 0.906080 0.922459
vt 0.911835 0.929508
vt 0.911857 0.923263
vt 0.761180 0.810989
vt 0.762473 0.812358
vt 0.759312 0.814368
vt 0.757959 0.812665
vt 0.752987 0.799198
vt 0.759412 0.804320
vt 0.756521 0.805652
vt 0.749913 0.802514
vt 0.752828 0.813658
vt 0.746369 0.812686
vt 0.747448 0.807258
vt 0.753505 0.809199
vt 0.756044 0.796220
vt 0.762987 0.804468
vt 0.754641 0.816942
vt 0.747314 0.818090
vt 0.759088 0.820116
vt 0.748893 0.823744
vt 0.703157 0.775617
vt 0.720872 0.757699
vt 0.723054 0.759759
vt 0.707436 0.779295
vt 0.698391 0.811737
vt 0.706535 0.834709
vt 0.699974 0.837223
vt 0.692606 0.814060
vt 0.745918 0.785585
vt 0.751399 0.781252
vt 0.753809 0.784828
vt 0.751351 0.786980
vt 0.741298 0.830573
vt 0.741389 0.834033
vt 0.734886 0.835024
vt 0.733496 0.829557
vt 0.696458 0.838974
vt 0.712398 0.786575
vt 0.727062 0.764075
vt 0.732464 0.770617
vt 0.727550 0.749723
vt 0.727737 0.747640
vt 0.730523 0.748154
vt 0.729976 0.751477
vt 0.703411 0.848610
vt 0.702847 0.852158
vt 0.700604 0.851926
vt 0.700182 0.849888
vt 0.709983 0.846868
vt 0.706911 0.854133
vt 0.719396 0.843881
vt 0.717967 0.853992
vt 0.712854 0.853556
vt 0.729124 0.841066
vt 0.730510 0.848573
vt 0.725285 0.851493
vt 0.738196 0.839994
vt 0.736271 0.844565
vt 0.742078 0.837174
vt 0.755927 0.779506
vt 0.756993 0.783108
vt 0.748434 0.772271
vt 0.755395 0.774468
vt 0.742642 0.763005
vt 0.749959 0.761974
vt 0.752706 0.766479
vt 0.735179 0.755153
vt 0.740344 0.752927
vt 0.744410 0.756435
vt 0.734410 0.749577
vt 0.736949 0.748833
vt 0.738072 0.748119
vt 0.736455 0.751642
vt 0.738556 0.749729
vt 0.748126 0.756725
vt 0.748512 0.757055
vt 0.745810 0.759719
vt 0.749034 0.757515
vt 0.756201 0.769607
vt 0.756695 0.770200
vt 0.752829 0.770850
vt 0.756925 0.771120
vt 0.731480 0.728357
vt 0.730583 0.727306
vt 0.734765 0.727094
vt 0.733842 0.728202
vt 0.758446 0.725011
vt 0.762977 0.727710
vt 0.760915 0.728411
vt 0.758696 0.727233
vt 0.781407 0.745183
vt 0.783901 0.750200
vt 0.781659 0.749478
vt 0.780782 0.747312
vt 0.789708 0.777425
vt 0.789062 0.781653
vt 0.787514 0.780609
vt 0.787908 0.778201
vt 0.768703 0.855792
vt 0.767357 0.854188
vt 0.767921 0.851803
vt 0.769915 0.851112
vt 0.745658 0.880601
vt 0.745799 0.878486
vt 0.747818 0.876875
vt 0.749954 0.877395
vt 0.709251 0.885963
vt 0.710713 0.884788
vt 0.713361 0.885290
vt 0.714300 0.886882
vt 0.690681 0.869161
vt 0.692020 0.869013
vt 0.693643 0.870537
vt 0.693684 0.871930
vt 0.733174 0.845417
vt 0.721050 0.850964
vt 0.710382 0.852533
vt 0.708949 0.855775
vt 0.709303 0.854149
vt 0.709044 0.855357
vt 0.722234 0.855153
vt 0.722272 0.854342
vt 0.722779 0.855032
vt 0.734152 0.848087
vt 0.734890 0.848008
vt 0.735728 0.848836
vt 0.766746 0.779483
vt 0.766735 0.783048
vt 0.749311 0.841270
vt 0.747892 0.845249
vt 0.746541 0.848855
vt 0.745459 0.852899
vt 0.757934 0.751849
vt 0.760647 0.756059
vt 0.762929 0.760587
vt 0.765507 0.764830
vt 0.739231 0.855835
vt 0.735304 0.858335
vt 0.731993 0.860589
vt 0.728050 0.862706
vt 0.743295 0.741304
vt 0.746672 0.743884
vt 0.750851 0.746955
vt 0.755036 0.749069
vt 0.721904 0.864580
vt 0.717385 0.863914
vt 0.713380 0.863381
vt 0.708982 0.863274
vt 0.730484 0.741462
vt 0.735027 0.741848
vt 0.738162 0.741661
vt 0.727727 0.741456
vt 0.705344 0.861453
vt 0.703318 0.859631
vt 0.700316 0.857908
vt 0.698351 0.856629
vt 0.728774 0.801626
vt 0.727476 0.808947
vt 0.714361 0.804839
vt 0.717456 0.798891
vt 0.716413 0.792624
vt 0.729495 0.796441
vt 0.704194 0.809097
vt 0.726130 0.813939
vt 0.722386 0.828481
vt 0.737528 0.778680
vt 0.735730 0.811111
vt 0.734414 0.816801
vt 0.731547 0.791216
vt 0.714109 0.832158
vt 0.738181 0.803998
vt 0.739124 0.798312
vt 0.741600 0.793789
vt 0.748756 0.791828
vt 0.740335 0.824299
vt 0.785216 0.773826
vt 0.783976 0.776657
vt 0.757211 0.852325
vt 0.762674 0.853242
vt 0.762593 0.857468
vt 0.756556 0.856165
vt 0.758304 0.848430
vt 0.763362 0.850301
vt 0.759467 0.844767
vt 0.765273 0.846654
vt 0.777712 0.780467
vt 0.783354 0.780794
vt 0.783653 0.783905
vt 0.777658 0.783838
vt 0.771216 0.750676
vt 0.773347 0.755154
vt 0.776245 0.748341
vt 0.778225 0.752529
vt 0.769293 0.746390
vt 0.775278 0.744382
vt 0.738910 0.870301
vt 0.742539 0.874564
vt 0.739719 0.877783
vt 0.735607 0.872786
vt 0.742090 0.867963
vt 0.744963 0.872598
vt 0.745701 0.865783
vt 0.749001 0.870967
vt 0.780853 0.755429
vt 0.775906 0.759050
vt 0.752500 0.734788
vt 0.756525 0.737256
vt 0.755529 0.730138
vt 0.759335 0.732514
vt 0.749119 0.732201
vt 0.752998 0.727284
vt 0.712005 0.873995
vt 0.710787 0.879806
vt 0.707498 0.880265
vt 0.707648 0.873995
vt 0.715562 0.874593
vt 0.714277 0.880000
vt 0.719856 0.876029
vt 0.718224 0.882005
vt 0.763472 0.733717
vt 0.760774 0.739227
vt 0.730597 0.734651
vt 0.734916 0.734744
vt 0.730823 0.730792
vt 0.734509 0.730815
vt 0.727889 0.734564
vt 0.728509 0.730380
vt 0.696184 0.863213
vt 0.694042 0.866420
vt 0.691785 0.865390
vt 0.694340 0.861923
vt 0.698861 0.865361
vt 0.696026 0.867925
vt 0.700561 0.867308
vt 0.697416 0.870306
vt 0.736978 0.730143
vt 0.737954 0.734278
vt 0.757217 0.810702
vt 0.759335 0.809106
vt 0.859573 0.985041
vt 0.842216 0.985929
vt 0.828287 0.987223
vt 0.813672 0.986405
vt 0.800648 0.985652
vt 0.785691 0.984474
vt 0.773382 0.982536
vt 0.881556 0.981568
vt 0.869345 0.983632
vt 0.913598 0.917082
vt 0.917628 0.917285
vt 0.922400 0.917796
vt 0.124099 0.778333
vt 0.089064 0.752734
vt 0.101058 0.703126
vt 0.131755 0.724784
vt 0.127197 0.658112
vt 0.182023 0.653070
vt 0.063749 0.542247
vt 0.071148 0.637022
vt 0.040382 0.665080
vt 0.027182 0.651543
vt 0.052170 0.779451
vt 0.005932 0.724367
vt 0.024764 0.702537
vt 0.055376 0.752156
vt 0.133930 0.534948
vt 0.098893 0.627675
vt 0.004769 0.895800
vt 0.038223 0.930094
vt 0.016909 0.935560
vt 0.002687 0.939723
vt 0.077568 0.947898
vt 0.061961 0.949511
vt 0.051331 0.935610
vt 0.066493 0.908788
vt 0.081169 0.971256
vt 0.067732 0.967880
vt 0.012526 0.961946
vt 0.005797 0.964777
vt 0.023757 0.943354
vt 0.021451 0.959315
vt 0.038385 0.936863
vt 0.057165 0.954028
vt 0.048569 0.941168
vt 0.062146 0.969539
vt 0.075081 0.984471
vt 0.069380 0.982783
vt 0.061010 0.996947
vt 0.062714 0.978361
vt 0.056387 0.985827
vt 0.036164 0.987889
vt 0.042682 0.981843
vt 0.016661 0.970416
vt 0.012414 0.975474
vt 0.024121 0.965958
vt 0.031042 0.977418
vt 0.021282 0.983246
vt 0.030448 0.947570
vt 0.027909 0.958804
vt 0.037784 0.943768
vt 0.053240 0.957289
vt 0.045489 0.944858
vt 0.058445 0.968729
vt 0.059673 0.976393
vt 0.053034 0.981346
vt 0.033421 0.965858
vt 0.046878 0.979884
vt 0.073763 0.873949
vt 0.073930 0.857751
vt 0.081587 0.862142
vt 0.080999 0.868871
vt 0.045239 0.971785
vt 0.041185 0.964297
vt 0.576916 0.747002
vt 0.574730 0.720236
vt 0.604339 0.695526
vt 0.617664 0.725344
vt 0.519769 0.648901
vt 0.574892 0.650024
vt 0.630503 0.524764
vt 0.665527 0.587968
vt 0.631595 0.625765
vt 0.655260 0.752311
vt 0.659047 0.727651
vt 0.685089 0.693389
vt 0.704865 0.715644
vt 0.205136 0.557529
vt 0.602579 0.617394
vt 0.561004 0.524873
vt 0.669010 0.659562
vt 0.698604 0.650995
vt 0.003260 0.828582
vt 0.041043 0.785443
vt 0.044880 0.817065
vt 0.033620 0.838134
vt 0.036770 0.879545
vt 0.022214 0.862646
vt 0.035164 0.852975
vt 0.045906 0.867696
vt 0.061469 0.893417
vt 0.062508 0.879302
vt 0.079068 0.813695
vt 0.074109 0.820017
vt 0.068747 0.828709
vt 0.051289 0.826542
vt 0.040574 0.840300
vt 0.041466 0.851882
vt 0.051878 0.864270
vt 0.066014 0.874197
vt 0.076810 0.892182
vt 0.077000 0.885874
vt 0.094099 0.882149
vt 0.074749 0.877679
vt 0.084409 0.873762
vt 0.093284 0.853994
vt 0.084980 0.858554
vt 0.088475 0.823844
vt 0.081876 0.826864
vt 0.074985 0.833462
vt 0.094099 0.835512
vt 0.085069 0.844126
vt 0.066331 0.835385
vt 0.053845 0.834776
vt 0.031265 0.835487
vt 0.047710 0.850118
vt 0.056281 0.861200
vt 0.066392 0.870183
vt 0.072151 0.843237
vt 0.067737 0.851093
vt 0.589576 0.862698
vt 0.589301 0.896522
vt 0.557266 0.898829
vt 0.566668 0.878179
vt 0.730196 0.980468
vt 0.753354 0.983226
vt 0.750159 0.994534
vt 0.726637 0.993701
vt 0.597534 0.782037
vt 0.592996 0.805306
vt 0.583193 0.802311
vt 0.584586 0.779625
vt 0.618746 0.944199
vt 0.649840 0.958269
vt 0.629424 0.979038
vt 0.606052 0.979017
vt 0.675781 0.970385
vt 0.705764 0.976535
vt 0.703062 0.990623
vt 0.668388 0.981794
vt 0.599309 0.757471
vt 0.589226 0.750351
vt 0.401659 0.798010
vt 0.412872 0.814514
vt 0.382144 0.858395
vt 0.393438 0.800697
vt 0.446279 0.850725
vt 0.433244 0.818831
vt 0.508464 0.834540
vt 0.454467 0.811515
vt 0.515386 0.779535
vt 0.471754 0.788216
vt 0.476989 0.753159
vt 0.450335 0.776664
vt 0.432999 0.747852
vt 0.425515 0.775954
vt 0.397527 0.777493
vt 0.408753 0.785519
vt 0.379061 0.760492
vt 0.370849 0.806289
vt 0.363227 0.758935
vt 0.542265 0.745067
vt 0.565724 0.862344
vt 0.502272 0.707366
vt 0.490053 0.911595
vt 0.399602 0.925059
vt 0.460476 0.697236
vt 0.415131 0.698888
vt 0.417780 0.649095
vt 0.460846 0.642880
vt 0.387077 0.602404
vt 0.427093 0.585410
vt 0.362453 0.602689
vt 0.374445 0.571891
vt 0.491767 0.553038
vt 0.403512 0.519266
vt 0.375854 0.705697
vt 0.392478 0.657122
vt 0.382795 0.626250
vt 0.363496 0.620116
vt 0.348250 0.602645
vt 0.347710 0.571304
vt 0.346594 0.516795
vt 0.348508 0.618074
vt 0.518614 0.939839
vt 0.450506 0.988907
vt 0.349499 0.701693
vt 0.353997 0.701907
vt 0.353385 0.709764
vt 0.349575 0.709550
vt 0.354417 0.715555
vt 0.358163 0.711538
vt 0.358562 0.714298
vt 0.365458 0.711792
vt 0.362204 0.709505
vt 0.360866 0.703205
vt 0.379461 0.721296
vt 0.367332 0.721690
vt 0.360173 0.722628
vt 0.355040 0.723411
vt 0.349654 0.716069
vt 0.361371 0.733865
vt 0.373851 0.732555
vt 0.349793 0.734344
vt 0.349956 0.759512
vt 0.349711 0.722376
vt 0.399588 0.735674
vt 0.374152 0.668533
vt 0.363010 0.683914
vt 0.380277 0.657768
vt 0.373106 0.648439
vt 0.362647 0.638786
vt 0.350373 0.808796
vt 0.349998 0.858252
vt 0.349511 0.924829
vt 0.349346 0.685071
vt 0.355171 0.686222
vt 0.348724 0.635174
vt 0.206371 0.506987
vt 0.404897 0.479801
vt 0.486159 0.501287
vt 0.345718 0.479133
vt 0.289751 0.521736
vt 0.286648 0.482358
vt 0.359737 0.645805
vt 0.370082 0.653293
vt 0.366437 0.654313
vt 0.357628 0.651267
vt 0.354432 0.678078
vt 0.349210 0.677411
vt 0.348996 0.669721
vt 0.354572 0.670656
vt 0.348755 0.643220
vt 0.348743 0.648677
vt 0.361372 0.677038
vt 0.359638 0.668117
vt 0.378594 0.657535
vt 0.371583 0.667164
vt 0.366990 0.663603
vt 0.371698 0.658236
vt 0.626224 0.882204
vt 0.633143 0.901572
vt 0.620191 0.909697
vt 0.609926 0.888143
vt 0.639285 0.813268
vt 0.677427 0.818610
vt 0.664122 0.835315
vt 0.634838 0.832588
vt 0.604417 0.859427
vt 0.597640 0.923804
vt 0.589838 0.837257
vt 0.604829 0.834799
vt 0.607615 0.809406
vt 0.648742 0.852979
vt 0.626727 0.855581
vt 0.641956 0.767712
vt 0.678464 0.771345
vt 0.679221 0.795707
vt 0.641077 0.793058
vt 0.672258 0.925324
vt 0.659176 0.944276
vt 0.637454 0.929737
vt 0.649018 0.916563
vt 0.615009 0.762465
vt 0.611752 0.785747
vt 0.413580 0.809527
vt 0.402998 0.797738
vt 0.411106 0.795935
vt 0.417283 0.804152
vt 0.429700 0.813310
vt 0.431755 0.806471
vt 0.446771 0.808751
vt 0.446745 0.798319
vt 0.463717 0.791115
vt 0.451613 0.791679
vt 0.446849 0.780159
vt 0.446877 0.784268
vt 0.426105 0.778288
vt 0.427558 0.780507
vt 0.410868 0.786960
vt 0.415543 0.789774
vt 0.159099 0.946722
vt 0.128184 0.947447
vt 0.128064 0.930747
vt 0.159716 0.934276
vt 0.102022 0.947834
vt 0.101471 0.936341
vt 0.160709 0.959203
vt 0.183184 0.944350
vt 0.102631 0.958908
vt 0.084458 0.943935
vt 0.130284 0.964005
vt 0.363350 0.659246
vt 0.357448 0.657057
vt 0.348856 0.665287
vt 0.357772 0.661703
vt 0.348671 0.653608
vt 0.363339 0.659354
vt 0.366155 0.658293
vt 0.563897 0.949986
vt 0.557411 0.920274
vt 0.582125 0.840186
vt 0.587277 0.970002
vt 0.286913 0.809182
vt 0.297121 0.797574
vt 0.298422 0.797833
vt 0.287669 0.814110
vt 0.267646 0.818346
vt 0.271102 0.812948
vt 0.246962 0.811283
vt 0.254428 0.808553
vt 0.229829 0.788704
vt 0.237726 0.791462
vt 0.250702 0.777185
vt 0.254146 0.780586
vt 0.275036 0.776324
vt 0.274470 0.778619
vt 0.291517 0.785653
vt 0.289449 0.787069
vt 0.302711 0.777730
vt 0.321284 0.760833
vt 0.304128 0.800132
vt 0.330589 0.805915
vt 0.314176 0.857527
vt 0.337083 0.759116
vt 0.190838 0.821170
vt 0.134190 0.887829
vt 0.161639 0.747692
vt 0.187640 0.779935
vt 0.199276 0.709823
vt 0.224364 0.754338
vt 0.300028 0.923876
vt 0.224012 0.906090
vt 0.249383 0.852616
vt 0.267766 0.748720
vt 0.241054 0.699490
vt 0.238191 0.646023
vt 0.280719 0.650950
vt 0.285311 0.700339
vt 0.270502 0.587620
vt 0.310002 0.604017
vt 0.321105 0.572961
vt 0.334089 0.603199
vt 0.306084 0.658250
vt 0.323328 0.706188
vt 0.314817 0.627348
vt 0.333647 0.620584
vt 0.230544 0.979463
vt 0.345756 0.709833
vt 0.345010 0.701998
vt 0.344792 0.716039
vt 0.340682 0.714383
vt 0.341020 0.711645
vt 0.333778 0.712050
vt 0.338186 0.703426
vt 0.336974 0.709710
vt 0.332093 0.721985
vt 0.320025 0.721782
vt 0.344724 0.723222
vt 0.339282 0.722770
vt 0.339585 0.734205
vt 0.325811 0.732885
vt 0.300308 0.736359
vt 0.324596 0.669110
vt 0.335491 0.682768
vt 0.325189 0.648974
vt 0.318279 0.658606
vt 0.335005 0.639052
vt 0.348464 0.993082
vt 0.295200 0.989583
vt 0.343533 0.686363
vt 0.338017 0.645822
vt 0.340083 0.651033
vt 0.332068 0.654289
vt 0.328415 0.653599
vt 0.344073 0.678294
vt 0.343521 0.670977
vt 0.336509 0.676917
vt 0.338422 0.668748
vt 0.319954 0.658305
vt 0.327146 0.658840
vt 0.331584 0.664548
vt 0.327093 0.667903
vt 0.697326 0.926488
vt 0.705757 0.898080
vt 0.726275 0.890907
vt 0.720162 0.930548
vt 0.683495 0.954422
vt 0.709868 0.961962
vt 0.683102 0.905920
vt 0.739556 0.935834
vt 0.747870 0.898775
vt 0.769268 0.905851
vt 0.757422 0.940866
vt 0.641986 0.876599
vt 0.734554 0.965885
vt 0.753227 0.967790
vt 0.283245 0.803932
vt 0.289236 0.795854
vt 0.269072 0.806268
vt 0.254382 0.798367
vt 0.249572 0.791916
vt 0.254150 0.784612
vt 0.273059 0.780806
vt 0.284877 0.789842
vt 0.146885 0.982971
vt 0.145659 0.970831
vt 0.176436 0.965793
vt 0.177156 0.982130
vt 0.202724 0.969931
vt 0.202761 0.981198
vt 0.145937 0.995258
vt 0.123213 0.981858
vt 0.219743 0.976504
vt 0.202721 0.992058
vt 0.175933 0.998429
vt 0.340163 0.656243
vt 0.335541 0.657875
vt 0.339816 0.662504
vt 0.333813 0.659303
vt 0.334906 0.660739
vt 0.357355 0.707581
vt 0.357356 0.707963
vt 0.357640 0.708186
vt 0.358044 0.708012
vt 0.357746 0.707545
vt 0.341762 0.708095
vt 0.341757 0.707718
vt 0.341485 0.708320
vt 0.341370 0.707688
vt 0.341082 0.708153
vt 0.091216 0.656430
vt 0.084388 0.657405
vt 0.079512 0.653185
vt 0.084107 0.646090
vt 0.091216 0.646225
vt 0.646009 0.892395
vt 0.658928 0.902239
vt 0.649472 0.012975
vt 0.880226 0.550517
vt 0.993043 0.202424
vt 0.096300 0.646090
vt 0.103128 0.647064
vt 0.103128 0.657269
vt 0.096019 0.657404
vt 0.091424 0.650310
vt 0.522911 0.431753
vt 0.072132 0.221156
vt 0.109523 0.246199
vt 0.529938 0.455913
vn -0.4422 0.8842 0.1505
vn -0.3837 0.8881 0.2531
vn -0.9395 0.2782 0.2001
vn -0.9775 0.1742 0.1188
vn 0.9736 -0.2065 0.0977
vn 0.6147 -0.6016 0.5101
vn 0.3659 0.7116 0.5998
vn 0.4874 0.8540 0.1821
vn -0.6600 -0.7507 -0.0273
vn -0.8087 -0.5792 0.1030
vn -0.1096 -0.9896 0.0933
vn 0.2918 -0.9539 -0.0698
vn 0.6534 -0.2928 0.6981
vn 0.8669 -0.2544 -0.4286
vn 0.7205 0.5042 -0.4761
vn 0.5634 0.4795 0.6728
vn -0.9382 0.3379 0.0747
vn -0.4340 0.8893 0.1442
vn -0.3794 0.6711 -0.6370
vn -0.7527 0.2576 -0.6059
vn -0.2182 -0.9726 0.0803
vn -0.8520 -0.5217 0.0428
vn -0.6774 -0.4078 -0.6122
vn -0.2084 -0.7555 -0.6211
vn 0.2568 0.8546 0.4513
vn 0.2476 0.7860 -0.5665
vn 0.2919 -0.8535 0.4317
vn 0.3442 -0.7793 -0.5237
vn 0.3211 -0.4367 0.8404
vn 0.2549 0.4676 0.8464
vn 0.0502 -0.7380 -0.6729
vn 0.0576 -0.7579 -0.6498
vn 0.1538 -0.9275 0.3406
vn 0.1600 -0.9700 0.1832
vn 0.0323 0.9109 0.4114
vn -0.0902 0.9617 0.2590
vn 0.2409 -0.5897 0.7709
vn 0.2057 -0.4201 0.8839
vn 0.2977 0.3610 0.8838
vn 0.4117 0.4784 0.7757
vn -0.1569 0.7454 -0.6478
vn -0.0462 0.7918 -0.6090
vn 0.9976 -0.0585 -0.0361
vn 0.5587 0.0954 -0.8239
vn 0.3218 -0.3367 -0.8849
vn 0.5219 -0.8333 -0.1824
vn -0.4079 0.7881 -0.4610
vn 0.4084 0.7522 -0.5171
vn 0.2563 0.5598 -0.7880
vn -0.2417 0.5920 -0.7688
vn 0.9870 0.1520 -0.0513
vn 0.5218 0.8497 0.0755
vn 0.5562 0.8279 0.0714
vn 0.9741 0.2166 -0.0651
vn 0.7714 0.1747 -0.6118
vn 0.4588 -0.5807 -0.6725
vn -0.4004 -0.6199 -0.6749
vn -0.2190 -0.2967 -0.9295
vn -0.9970 0.0726 0.0271
vn -0.5592 -0.8195 -0.1253
vn -0.7889 -0.4940 -0.3655
vn -0.9723 0.2113 -0.0996
vn -0.8203 0.0214 -0.5716
vn -0.4848 0.1711 -0.8577
vn -0.1707 0.4300 0.8865
vn -0.3400 0.9374 0.0750
vn 0.6930 0.7156 0.0877
vn 0.9697 0.2435 0.0208
vn 0.5712 -0.8062 -0.1543
vn 0.4617 -0.4650 -0.7554
vn -0.1422 0.9873 0.0709
vn 0.2322 -0.0396 -0.9719
vn -0.3956 -0.0832 -0.9146
vn 0.8693 0.0179 -0.4940
vn -0.9215 0.3695 -0.1197
vn -0.9296 -0.2377 -0.2819
vn -0.9343 0.0136 -0.3563
vn -0.5270 -0.8478 -0.0588
vn -0.9967 -0.0305 0.0752
vn 0.5368 0.8371 0.1052
vn 0.9914 0.1290 -0.0240
vn 0.5657 -0.8159 -0.1193
vn -0.3126 0.6298 0.7111
vn -0.4742 0.8638 0.1703
vn 0.9966 0.0292 -0.0766
vn 0.9968 0.0493 -0.0626
vn 0.4263 0.9042 0.0262
vn 0.4347 0.9006 -0.0060
vn -0.4549 0.8904 0.0168
vn 0.5136 0.8559 0.0603
vn -0.4950 -0.8414 -0.2168
vn -0.9864 0.1398 -0.0864
vn 0.3678 0.9295 -0.0288
vn 0.1684 0.5572 -0.8131
vn 0.4702 0.1679 -0.8664
vn 0.9659 0.2395 -0.0983
vn 0.9996 0.0214 -0.0208
vn -0.9694 -0.2208 0.1073
vn -0.9622 -0.1760 0.2078
vn -0.4671 -0.8565 0.2196
vn -0.3711 -0.9260 0.0698
vn 0.5826 -0.8062 0.1032
vn 0.4194 -0.7542 0.5052
vn 0.7010 0.4833 0.5244
vn 0.9257 0.3691 0.0821
vn 0.1945 0.9803 0.0345
vn -0.0744 0.9678 0.2406
vn -0.7788 0.5963 0.1947
vn -0.7054 0.7036 0.0859
vn 0.6465 0.2298 0.7275
vn 0.4944 -0.5164 0.6992
vn 0.6707 -0.5768 -0.4662
vn 0.8935 0.1837 -0.4099
vn -0.8206 0.5577 0.1249
vn -0.6461 0.4146 -0.6408
vn -0.7607 -0.0725 -0.6451
vn -0.9908 -0.0994 0.0923
vn -0.5192 -0.5943 -0.6142
vn -0.6345 -0.7639 0.1173
vn -0.2252 0.9580 0.1778
vn -0.1964 0.7646 -0.6139
vn 0.2231 -0.8458 0.4847
vn 0.2059 -0.7946 -0.5711
vn 0.3969 0.7603 -0.5142
vn 0.3324 0.8166 0.4719
vn -0.1220 -0.9197 0.3731
vn 0.0224 -0.8707 0.4914
vn 0.2141 0.9191 0.3308
vn 0.2211 0.8812 0.4180
vn 0.1180 0.7607 -0.6383
vn 0.1168 0.7448 -0.6569
vn -0.0581 -0.8118 -0.5811
vn -0.1769 -0.7724 -0.6100
vn 0.1106 0.7306 -0.6738
vn 0.1990 0.9521 0.2322
vn -0.1685 -0.9688 0.1817
vn -0.2056 -0.7223 -0.6603
vn -0.3178 -0.7362 -0.5975
vn -0.2224 -0.4509 -0.8644
vn 0.2504 -0.3261 -0.9115
vn 0.4763 -0.5551 -0.6819
vn 0.9863 -0.1145 -0.1188
vn 0.6681 -0.7432 -0.0361
vn 0.6586 -0.7489 -0.0733
vn 0.7327 0.0879 -0.6749
vn 0.2964 0.7697 -0.5655
vn -0.3619 0.4328 -0.8257
vn -0.5533 0.6585 -0.5101
vn -0.9697 -0.2444 0.0059
vn -0.9271 -0.3636 -0.0914
vn -0.8745 0.4072 -0.2637
vn -0.6805 0.7325 0.0196
vn -0.8530 -0.0495 -0.5195
vn -0.5364 -0.0742 -0.8407
vn -0.0710 -0.6006 0.7964
vn -0.1938 -0.9808 -0.0225
vn 0.9805 -0.1958 -0.0134
vn 0.7422 -0.6696 0.0277
vn 0.3368 0.4691 -0.8164
vn -0.0513 -0.9983 0.0287
vn -0.8879 -0.4483 -0.1031
vn -0.9532 0.1825 -0.2411
vn -0.9828 -0.1598 0.0931
vn -0.6560 0.7469 0.1087
vn 0.6743 -0.7358 -0.0622
vn -0.3075 -0.9515 0.0106
vn -0.1850 -0.7894 0.5854
vn 0.6424 -0.7463 -0.1739
vn -0.3124 -0.9382 -0.1493
vn -0.9599 -0.2774 -0.0396
vn -0.6284 0.7777 0.0176
vn 0.9521 -0.2246 0.2074
vn 0.7936 -0.5886 0.1540
vn 0.6643 -0.7472 0.0188
vn 0.9582 -0.2829 -0.0428
vn -0.9854 -0.0915 0.1432
vn -0.9910 -0.1303 -0.0320
vn -0.8982 -0.4371 -0.0473
vn -0.9493 -0.2099 0.2338
vn -0.9050 -0.4035 -0.1349
vn -0.7923 -0.5835 0.1783
vn 0.4391 -0.5772 0.6885
vn -0.3747 -0.9005 0.2205
vn -0.0724 -0.9901 -0.1200
vn 0.3123 -0.9491 -0.0400
vn -0.0191 -0.9693 0.2452
vn -0.5946 -0.8034 -0.0303
vn -0.2963 -0.7251 -0.6217
vn 0.2434 -0.8902 -0.3850
vn -0.9502 -0.0838 0.3000
vn -0.9089 -0.1833 0.3746
vn 0.9785 -0.0830 0.1890
vn 0.9957 -0.0697 -0.0612
vn -0.6307 -0.4066 0.6610
vn -0.3789 -0.7818 0.4952
vn 0.3960 -0.6758 0.6217
vn 0.9188 -0.2409 0.3126
vn 0.8386 -0.2961 0.4571
vn 0.2216 -0.4605 0.8596
vn 0.9998 -0.0121 0.0154
vn 0.8093 -0.5873 -0.0113
vn -0.9775 -0.1615 -0.1356
vn -0.9982 0.0586 -0.0121
vn -0.9893 0.0367 -0.1413
vn 0.9460 -0.3181 0.0624
vn 0.9980 -0.0343 0.0522
vn 0.8056 -0.3077 0.5062
vn 0.7485 0.0667 0.6598
vn 0.3302 0.0404 0.9430
vn 0.1730 -0.4092 0.8959
vn 0.6374 -0.0652 0.7678
vn 0.5890 0.0687 0.8052
vn 0.6445 0.1275 0.7539
vn -0.9153 -0.2386 -0.3246
vn -0.5168 -0.2538 -0.8176
vn 0.9560 0.1395 0.2579
vn 0.6717 -0.6370 0.3782
vn 0.8018 -0.5508 -0.2316
vn 0.9475 0.0920 -0.3063
vn 0.4289 0.8329 0.3498
vn 0.6998 0.5475 -0.4588
vn -0.1909 0.9397 0.2837
vn 0.1520 0.6993 -0.6985
vn -0.7670 0.6348 -0.0938
vn -0.4200 0.3620 -0.8322
vn 0.9817 0.0025 0.1906
vn 0.9320 -0.3039 0.1973
vn 0.9499 -0.2962 0.1002
vn 0.9939 0.0108 0.1099
vn 0.6369 -0.7636 0.1065
vn 0.6249 -0.7659 0.1512
vn -0.0050 -0.9987 0.0511
vn -0.0411 -0.9970 0.0662
vn -0.6564 -0.7544 0.0002
vn -0.6673 -0.7448 -0.0063
vn -0.9524 -0.3045 -0.0171
vn -0.9706 -0.2402 -0.0134
vn -0.9997 -0.0235 0.0046
vn -1.0000 0.0010 0.0017
vn -0.1174 -0.6612 -0.7409
vn 0.3698 -0.7057 -0.6043
vn 0.7752 -0.4415 -0.4519
vn 0.8762 0.0088 -0.4818
vn 0.6272 0.4992 -0.5979
vn 0.1590 0.5994 -0.7845
vn -0.2067 0.2627 -0.9425
vn -0.3549 -0.2515 -0.9004
vn 0.6033 -0.7968 0.0342
vn -0.0955 -0.9951 -0.0270
vn -0.7647 -0.6371 -0.0967
vn -0.9724 0.1970 -0.1250
vn -0.9754 0.2206 0.0034
vn -0.6331 -0.7705 -0.0746
vn -0.9388 -0.3159 -0.1371
vn -0.0576 -0.9960 0.0686
vn 0.9505 -0.3012 0.0766
vn 0.9945 0.0004 0.1048
vn -0.9932 -0.0280 -0.1130
vn 0.6063 -0.7874 0.1115
vn -0.6940 -0.2989 0.6550
vn -0.2248 0.0966 0.9696
vn -0.2399 0.1376 0.9610
vn -0.2315 -0.0378 0.9721
vn -0.9590 0.0784 0.2723
vn -0.1095 -0.9936 -0.0258
vn -0.0170 0.9996 -0.0232
vn 0.0289 0.9994 -0.0192
vn 0.7851 0.6193 -0.0107
vn 0.6568 0.7540 -0.0065
vn -0.2410 -0.1388 0.9605
vn 0.3321 -0.1634 0.9290
vn 0.2728 0.3032 0.9131
vn -0.6211 0.3318 0.7100
vn -0.9848 0.0710 0.1583
vn 0.9463 0.0702 -0.3156
vn 0.5678 0.8229 -0.0192
vn 0.0762 0.9965 -0.0337
vn -0.5109 0.4177 -0.7513
vn -0.6732 0.6889 -0.2688
vn -0.4852 0.8691 -0.0961
vn -0.8140 0.5574 0.1635
vn -0.7578 0.6525 0.0045
vn -0.9794 0.2014 -0.0149
vn -0.8333 0.5528 -0.0067
vn -0.7264 0.6838 -0.0697
vn 0.9880 0.1441 -0.0553
vn 0.9679 0.2502 0.0243
vn -0.3395 0.9002 0.2727
vn -0.1006 0.9288 -0.3567
vn -0.4985 0.6113 -0.6147
vn -0.8259 0.5611 -0.0546
vn 0.3389 0.7372 0.5846
vn 0.2549 0.4824 0.8380
vn 0.8297 0.1871 0.5260
vn 0.8846 0.2947 0.3615
vn 0.9753 0.0596 0.2126
vn -0.5235 0.5630 0.6395
vn -0.4216 0.8254 0.3755
vn 0.8399 0.1251 0.5282
vn 0.7287 -0.2276 0.6459
vn 0.9547 0.2894 0.0696
vn 0.9983 0.0392 0.0434
vn 0.5254 -0.1701 0.8337
vn 0.9366 0.2994 0.1822
vn 0.6227 -0.2409 0.7444
vn -0.5245 0.1115 -0.8441
vn -0.9279 -0.1783 -0.3275
vn 0.9471 0.2152 0.2382
vn 0.8634 0.3188 -0.3911
vn 0.5032 0.8283 -0.2462
vn 0.4499 0.7869 0.4223
vn 0.8947 -0.4425 -0.0614
vn 0.7954 -0.1899 -0.5755
vn 0.2858 -0.9490 -0.1334
vn 0.3973 -0.4847 -0.7792
vn -0.4068 -0.8721 -0.2720
vn -0.1995 -0.4072 -0.8913
vn 0.9377 0.3268 0.1182
vn 0.9378 0.2985 0.1771
vn 0.5908 0.7999 0.1050
vn -0.1054 0.9928 0.0576
vn -0.0247 0.9985 0.0496
vn 0.6334 0.7619 0.1353
vn -0.6975 0.7164 0.0146
vn -0.6899 0.7239 0.0037
vn -0.9636 0.2675 0.0045
vn 0.0207 0.8459 -0.5329
vn -0.3133 0.5851 -0.7480
vn 0.4749 0.7028 -0.5297
vn 0.7055 0.3409 -0.6213
vn 0.6926 -0.0770 -0.7172
vn 0.3467 -0.2935 -0.8909
vn -0.0323 -0.0994 -0.9945
vn -0.2970 0.2122 -0.9310
vn -0.6753 0.7338 -0.0747
vn -0.9501 0.2903 -0.1141
vn -0.1217 0.9925 0.0118
vn 0.9348 0.3353 0.1168
vn 0.5835 0.8078 0.0838
vn -0.9271 0.1554 0.3411
vn -0.9221 0.3119 0.2288
vn -0.9707 0.1592 0.1799
vn -0.3101 -0.1193 0.9432
vn -0.4782 -0.7412 -0.4712
vn 0.2194 -0.1958 -0.9558
vn 0.0420 -0.2839 -0.9579
vn -0.8389 -0.2062 -0.5037
vn -0.0869 -0.0178 0.9961
vn 0.0261 -0.0963 0.9950
vn 0.6036 -0.1528 0.7825
vn 0.5196 -0.0640 0.8520
vn 0.5079 0.1883 0.8406
vn 0.1847 0.1347 0.9735
vn 0.5316 0.0955 0.8416
vn 0.5409 0.2682 0.7972
vn 0.5160 -0.1577 0.8419
vn 0.5161 -0.3616 0.7765
vn 0.5795 0.0582 0.8129
vn 0.0661 -0.0026 0.9978
vn -0.0294 0.0033 0.9996
vn 0.4820 -0.1769 0.8581
vn -0.1095 -0.6432 0.7579
vn 0.2854 -0.7297 0.6214
vn 0.3892 -0.5751 0.7196
vn 0.1702 -0.5291 0.8313
vn 0.2013 0.9782 0.0511
vn 0.4619 0.8513 -0.2488
vn 0.2918 0.9025 -0.3166
vn 0.0173 0.9862 -0.1645
vn -0.2664 -0.9236 0.2757
vn -0.4536 -0.7866 0.4188
vn -0.6337 -0.7710 0.0628
vn -0.3960 -0.9169 -0.0496
vn 0.2136 -0.2979 0.9304
vn -0.1827 -0.1938 0.9639
vn 0.7004 -0.3733 0.6083
vn 0.7424 0.2042 0.6381
vn 0.4867 0.1880 0.8531
vn 0.4613 -0.3195 0.8277
vn -0.0908 -0.9822 0.1643
vn 0.5462 0.7069 0.4494
vn 0.6341 0.7386 0.2288
vn 0.7900 0.1556 0.5931
vn 0.6900 -0.4703 0.5502
vn 0.2234 0.0875 0.9708
vn 0.5393 0.6083 -0.5823
vn 0.8065 0.5160 -0.2885
vn 0.6282 0.2600 -0.7333
vn 0.5915 0.4426 -0.6740
vn 0.2126 0.7035 0.6782
vn 0.6211 -0.7513 0.2229
vn -0.1032 0.9486 0.2993
vn 0.5483 0.7073 -0.4462
vn -0.7033 -0.6935 -0.1560
vn -0.6508 -0.7547 -0.0831
vn -0.2033 0.9791 -0.0025
vn 0.9961 -0.0248 -0.0844
vn 0.6199 -0.7572 0.2057
vn 0.2718 -0.9478 -0.1668
vn 0.7668 -0.6381 -0.0691
vn 0.6201 -0.7416 -0.2559
vn 0.6976 -0.5271 -0.4853
vn -0.4293 0.6201 0.6566
vn -0.5490 -0.0024 0.8358
vn -0.1060 0.3740 0.9214
vn -0.6126 0.6586 0.4370
vn -0.8037 0.0617 0.5919
vn -0.2262 -0.9668 -0.1192
vn -0.8137 0.5790 -0.0517
vn -0.7627 0.6399 0.0941
vn -0.9903 0.1051 -0.0914
vn -0.9971 0.0714 0.0268
vn 0.1039 -0.9414 -0.3209
vn 0.4520 -0.8279 -0.3320
vn 0.6094 -0.7227 -0.3260
vn -0.4388 -0.4710 0.7653
vn -0.7385 0.6486 0.1842
vn -0.9605 0.0458 0.2743
vn -0.7130 -0.4561 0.5325
vn -0.9125 -0.4067 -0.0436
vn -0.8882 -0.4344 0.1499
vn -0.7106 -0.6977 0.0906
vn -0.8654 -0.4613 0.1959
vn -0.4411 0.8971 -0.0234
vn -0.5702 0.7984 -0.1935
vn 0.6540 0.4726 -0.5907
vn 0.3060 -0.1294 -0.9432
vn 0.3180 0.1755 -0.9317
vn 0.5771 0.7036 -0.4145
vn 0.6409 0.7642 0.0727
vn 0.4985 0.7972 0.3406
vn 0.2777 0.6313 0.7242
vn 0.1244 0.5025 0.8555
vn -0.2141 0.1022 0.9714
vn -0.4456 -0.0595 0.8933
vn -0.5633 -0.5642 0.6036
vn -0.7392 -0.5327 0.4122
vn -0.5353 -0.8436 -0.0426
vn -0.6440 -0.7039 -0.2996
vn -0.1999 -0.6773 -0.7080
vn -0.1990 -0.4444 -0.8735
vn -0.3309 0.5821 -0.7427
vn 0.1511 0.8984 -0.4123
vn 0.4256 0.6633 -0.6155
vn 0.2537 0.3503 -0.9016
vn 0.2700 0.9526 -0.1399
vn 0.4471 0.8434 0.2978
vn 0.6424 0.3431 0.6853
vn 0.3756 -0.2471 0.8932
vn -0.3900 -0.9178 -0.0740
vn -0.5697 -0.6211 -0.5382
vn -0.5358 -0.4375 -0.7222
vn -0.3824 -0.1235 -0.9157
vn -0.1081 -0.1889 -0.9760
vn -0.5934 -0.6450 -0.4815
vn 0.1293 -0.1544 -0.9795
vn -0.5257 -0.2023 -0.8262
vn -0.8987 -0.4009 0.1779
vn -0.7111 -0.5099 0.4840
vn -0.6722 -0.7079 0.2167
vn -0.6796 -0.4854 0.5500
vn -0.6113 -0.4967 0.6162
vn -0.2654 0.2477 0.9318
vn -0.2224 0.2403 0.9449
vn 0.5201 0.7914 0.3212
vn 0.4650 0.7584 0.4567
vn 0.6771 0.5216 -0.5192
vn 0.7112 0.6763 -0.1918
vn 0.4445 0.1552 -0.8822
vn 0.6191 0.3735 -0.6908
vn 0.6280 0.4071 -0.6633
vn 0.2461 -0.2050 -0.9473
vn -0.2637 -0.7403 -0.6185
vn -0.5521 -0.8320 0.0552
vn -0.5218 -0.5119 0.6824
vn -0.1415 0.1698 0.9753
vn 0.3882 0.7068 0.5914
vn 0.6707 0.7405 -0.0434
vn -0.2377 0.9501 0.2022
vn 0.5073 0.7886 0.3474
vn 0.5192 0.8003 0.2999
vn -0.2130 0.9698 0.1191
vn 0.9467 0.1626 0.2780
vn 0.9473 0.1931 0.2555
vn 0.8243 -0.5662 0.0017
vn 0.7846 -0.5884 -0.1955
vn 0.2473 -0.9136 -0.3227
vn 0.2524 -0.8795 -0.4035
vn -0.4721 -0.7388 -0.4809
vn -0.4366 -0.7118 -0.5502
vn -0.9284 -0.1068 -0.3559
vn -0.8696 -0.1229 -0.4783
vn -0.8256 0.5579 -0.0841
vn -0.7918 0.5831 -0.1818
vn 0.7884 -0.4938 0.3670
vn 0.1674 -0.9749 0.1467
vn 0.9880 -0.1495 -0.0397
vn 0.2004 -0.8335 0.5148
vn 0.1355 -0.9604 -0.2434
vn 0.5893 -0.4905 -0.6420
vn 0.7235 0.5363 -0.4346
vn 0.5573 0.6902 0.4615
vn 0.6017 0.6833 0.4135
vn 0.7410 0.4526 -0.4960
vn -0.5341 -0.7017 0.4716
vn -0.0623 0.1284 0.9898
vn -0.0018 0.1850 0.9827
vn -0.5673 -0.6542 0.5002
vn 0.2545 -0.2127 -0.9434
vn 0.1930 -0.2244 -0.9552
vn -0.3458 -0.7950 -0.4984
vn -0.4047 -0.7570 -0.5131
vn 0.0305 0.1587 -0.9869
vn -0.8046 -0.1084 -0.5839
vn -0.9601 -0.2770 0.0396
vn -0.8001 -0.2796 0.5307
vn 0.8066 0.4839 -0.3395
vn 0.9038 -0.0144 0.4278
vn 0.8664 -0.0138 0.4992
vn 0.8700 0.3473 -0.3500
vn 0.1757 -0.5043 0.8455
vn 0.1923 -0.5019 0.8433
vn 0.3407 0.3590 -0.8689
vn 0.3484 0.2874 -0.8922
vn -0.8409 -0.1490 -0.5203
vn -0.1776 0.2130 -0.9608
vn -0.1049 0.0468 -0.9934
vn -0.8533 -0.1155 -0.5084
vn -0.8723 -0.4724 0.1264
vn -0.8973 -0.3864 0.2133
vn -0.6401 -0.5894 0.4928
vn -0.0028 -0.5286 0.8489
vn -0.3501 -0.5792 0.7362
vn -0.7147 -0.6304 0.3030
vn 0.0230 -0.4746 0.8799
vn -0.1901 -0.5888 0.7856
vn -0.6407 -0.6567 0.3979
vn 0.1237 -0.4589 0.8799
vn -0.4412 -0.6606 0.6074
vn 0.2558 -0.2202 0.9413
vn 0.8573 0.1118 0.5025
vn 0.9053 0.1519 -0.3967
vn 0.5023 0.3211 -0.8029
vn 0.3842 0.2816 -0.8793
vn 0.8898 0.0368 -0.4549
vn 0.0010 -0.1472 -0.9891
vn 0.2834 0.2838 -0.9160
vn 0.8587 0.0104 -0.5124
vn -0.0495 -0.0887 -0.9948
vn 0.8490 0.0754 -0.5230
vn 0.5050 -0.2592 -0.8233
vn 0.2240 -0.9619 -0.1570
vn 0.8996 -0.1460 0.4116
vn -0.7340 -0.4438 -0.5141
vn 0.4804 -0.2865 -0.8289
vn 0.2429 -0.9606 -0.1351
vn 0.8661 -0.2850 0.4106
vn -0.6587 -0.5661 -0.4956
vn 0.7714 -0.2614 -0.5801
vn 0.4661 -0.8838 0.0406
vn 0.8759 -0.2771 0.3950
vn -0.0838 -0.8772 -0.4728
vn 0.6590 -0.7481 -0.0780
vn 0.5358 -0.5874 0.6066
vn -0.6078 -0.7933 -0.0360
vn -0.7902 -0.6086 0.0717
vn -0.2580 -0.9591 -0.1168
vn 0.4392 -0.8538 0.2796
vn 0.3237 -0.5003 0.8030
vn -0.7545 -0.6309 0.1807
vn -0.2436 -0.9658 -0.0885
vn 0.4604 -0.8285 0.3187
vn 0.3695 -0.4117 0.8331
vn -0.6901 -0.6961 0.1980
vn -0.0934 -0.9723 -0.2141
vn 0.5755 -0.7972 0.1825
vn 0.3217 -0.5040 0.8016
vn -0.0925 0.0557 0.9942
vn -0.8234 -0.0777 0.5622
vn -0.0643 -0.0927 0.9936
vn -0.7756 -0.2097 0.5954
vn -0.2044 -0.1808 0.9620
vn -0.8332 -0.2646 0.4855
vn -0.0235 -0.4459 0.8948
vn -0.6601 -0.5626 0.4977
vn 0.1553 -0.7665 0.6232
vn -0.0776 -0.8717 0.4839
vn -0.4157 -0.8977 0.1463
vn 0.9348 -0.0773 -0.3466
vn 0.8353 0.1475 0.5296
vn -0.0035 0.2818 0.9595
vn -0.9340 0.0630 0.3516
vn -0.0505 -0.3243 -0.9446
vn -0.8598 -0.2103 -0.4652
vn 0.9203 -0.1301 -0.3689
vn 0.8341 0.1129 0.5399
vn 0.0640 0.3280 0.9425
vn -0.9299 0.1462 0.3375
vn -0.1073 -0.2551 -0.9609
vn -0.8683 -0.1673 -0.4670
vn 0.9097 -0.0901 -0.4053
vn 0.8372 0.1238 0.5327
vn 0.0509 0.2783 0.9591
vn -0.9329 0.0875 0.3495
vn -0.8424 -0.1825 -0.5071
vn 0.0243 -0.4898 -0.8715
vn -0.0745 -0.7631 -0.6419
vn -0.8723 -0.2800 -0.4009
vn 0.7825 0.1352 0.6078
vn 0.9016 -0.0079 -0.4325
vn -0.1554 -0.1631 -0.9743
vn -0.9250 -0.1302 -0.3571
vn -0.0959 0.1198 0.9882
vn -0.8779 -0.0110 0.4788
vn 0.8976 -0.2099 -0.3876
vn -0.1294 -0.3774 -0.9170
vn -0.1064 0.2432 0.9641
vn -0.5915 -0.5757 0.5646
vn 0.4341 0.7282 0.5304
vn -0.4654 -0.5272 0.7109
vn -0.6079 -0.7386 0.2915
vn 0.5393 0.5155 -0.6659
vn -0.3791 -0.9053 0.1917
vn -0.5330 -0.6575 0.5325
vn 0.6483 0.7534 -0.1097
vn -0.5513 -0.3045 0.7768
vn 0.0323 0.2299 0.9727
vn 0.5475 0.7151 0.4345
vn 0.7277 0.6589 -0.1907
vn 0.9553 -0.1738 -0.2392
vn -0.9162 0.2883 0.2783
vn -0.8997 0.2791 0.3357
vn 0.0167 0.4825 0.8757
vn -0.0145 0.4479 0.8940
vn 0.8544 0.1309 0.5029
vn 0.8067 0.0437 0.5893
vn 0.9103 -0.2911 -0.2942
vn 0.8315 -0.5479 -0.0918
vn -0.0690 -0.5444 -0.8360
vn 0.8958 -0.3576 -0.2639
vn 0.8381 -0.5418 -0.0634
vn -0.1707 -0.7332 -0.6583
vn -0.8697 -0.1585 -0.4675
vn -0.9014 -0.2207 -0.3725
vn -0.8799 0.3902 0.2711
vn -0.8823 0.2858 0.3739
vn 0.0440 0.5668 0.8227
vn 0.0163 0.4524 0.8917
vn 0.8273 0.1609 0.5382
vn 0.7769 0.0891 0.6233
vn -0.1016 -0.4580 -0.8831
vn 0.8680 -0.3401 -0.3619
vn 0.8191 -0.5562 -0.1402
vn -0.1948 -0.6893 -0.6978
vn -0.8762 -0.1323 -0.4634
vn -0.9154 -0.1853 -0.3574
vn -0.9227 0.2797 0.2654
vn -0.9407 0.2083 0.2679
vn -0.0174 0.4658 0.8847
vn -0.1328 0.4219 0.8969
vn 0.8541 0.1024 0.5100
vn 0.7809 0.0413 0.6233
vn 0.8814 -0.3877 -0.2700
vn -0.1864 -0.5642 -0.8043
vn -0.9120 -0.1711 -0.3728
vn -0.9165 -0.2655 -0.2994
vn -0.9106 0.1206 0.3954
vn -0.8772 0.0663 0.4755
vn -0.0385 0.2991 0.9534
vn -0.1050 0.2343 0.9665
vn 0.8069 0.1358 0.5749
vn 0.7648 0.0329 0.6435
vn 0.7392 -0.6439 -0.1975
vn 0.7217 -0.6538 -0.2275
vn 0.6873 -0.2632 0.6770
vn 0.5094 -0.4567 0.7293
vn 0.1730 -0.1525 0.9730
vn 0.7942 0.2615 0.5485
vn -0.8133 -0.0526 -0.5795
vn -0.7199 0.5927 -0.3611
vn -0.2950 0.9517 -0.0848
vn 0.9330 0.2478 0.2611
vn 0.5887 0.8083 -0.0070
vn -0.0667 0.9638 -0.2581
vn -0.6598 0.6203 -0.4241
vn -0.8922 -0.1083 -0.4385
vn -0.5467 -0.8200 -0.1695
vn 0.7650 -0.6419 -0.0531
vn 0.7224 -0.6848 -0.0960
vn 0.6911 -0.2543 -0.6766
vn 0.7633 -0.1575 -0.6265
vn 0.4030 -0.7422 0.5354
vn 0.4923 -0.7088 0.5052
vn -0.1749 -0.4303 0.8856
vn -0.1415 -0.3624 0.9212
vn -0.6706 0.2513 0.6979
vn -0.6629 0.3378 0.6682
vn -0.6550 0.7528 0.0663
vn -0.6057 0.7954 0.0192
vn -0.2645 0.8215 -0.5051
vn -0.3173 0.7751 -0.5463
vn 0.3420 0.4532 -0.8232
vn 0.2133 0.4078 -0.8878
vn 0.4841 0.4259 -0.7644
vn 0.5527 0.3165 -0.7709
vn 0.7328 -0.4940 -0.4680
vn 0.8380 -0.2137 -0.5022
vn -0.1814 0.7696 -0.6123
vn 0.0506 0.6439 -0.7634
vn -0.6532 0.7113 -0.2598
vn -0.5827 0.6130 -0.5336
vn -0.9088 0.2529 0.3320
vn -0.9606 0.2062 0.1864
vn -0.2869 -0.4592 0.8407
vn -0.5287 -0.3639 0.7668
vn 0.2261 -0.7782 0.5859
vn -0.1024 -0.6674 0.7376
vn 0.6426 -0.7643 0.0546
vn 0.3242 -0.9100 0.2584
vn 0.7796 -0.1706 -0.6026
vn 0.7526 -0.6583 -0.0178
vn 0.3745 0.4528 -0.8092
vn -0.2333 0.8272 -0.5113
vn -0.6632 0.7485 0.0046
vn -0.7037 0.2138 0.6776
vn -0.1751 -0.4569 0.8721
vn 0.3794 -0.7424 0.5521
vn -0.0311 -0.9990 -0.0317
vn -0.4392 -0.8584 -0.2652
vn -0.0422 -0.7557 -0.6536
vn 0.2667 -0.9535 -0.1401
vn 0.4543 -0.8833 0.1158
vn 0.6488 -0.5679 0.5065
vn 0.5319 0.0049 0.8468
vn 0.0820 0.7812 0.6189
vn -0.2963 0.9432 -0.1500
vn -0.4908 0.7052 -0.5117
vn -0.4641 0.4783 -0.7456
vn -0.8063 -0.1957 -0.5582
vn -0.3825 -0.1220 -0.9158
vn 0.6144 0.5378 0.5774
vn 0.9239 -0.1971 0.3279
vn 0.9394 -0.1322 -0.3162
vn 0.4668 0.6922 -0.5505
vn -0.1505 -0.2644 0.9526
vn 0.0913 -0.1475 0.9848
vn -0.5587 0.5466 0.6238
vn -0.7583 0.3583 0.5446
vn 0.1172 0.3888 -0.9138
vn 0.0846 0.4242 -0.9016
vn -0.6803 0.6959 -0.2300
vn -0.5804 0.7818 -0.2280
vn 0.6411 -0.6069 0.4697
vn 0.6884 -0.5660 0.4536
vn 0.7959 -0.4287 -0.4276
vn 0.8208 -0.3921 -0.4154
vn 0.5947 -0.7522 -0.2838
vn 0.2552 -0.9041 0.3428
vn 0.4769 0.2241 -0.8499
vn 0.6456 -0.2950 -0.7044
vn -0.5379 -0.0065 0.8430
vn -0.6431 0.0272 0.7653
vn -0.7130 0.6614 0.2328
vn -0.7486 0.6181 0.2400
vn -0.1574 0.9319 -0.3268
vn -0.2710 0.8409 -0.4685
vn -0.0667 -0.7007 0.7103
vn -0.1882 -0.5702 0.7997
vn 0.7251 -0.6437 -0.2447
vn 0.7148 -0.6562 -0.2420
vn 0.3695 -0.7152 0.5932
vn 0.2752 -0.8322 0.4814
vn 0.7875 -0.0474 -0.6144
vn 0.7157 -0.0397 -0.6973
vn 0.6293 0.3764 -0.6799
vn 0.1277 0.8426 -0.5232
vn 0.3930 0.6404 -0.6599
vn 0.1036 0.8632 -0.4941
vn 0.7715 0.1537 -0.6174
vn 0.3217 0.7642 -0.5590
vn -0.0515 0.9075 -0.4170
vn 0.7237 0.3156 -0.6137
vn -0.2754 0.8763 -0.3952
vn 0.6491 0.5306 -0.5451
vn -0.7084 0.6658 0.2342
vn -0.4737 0.1196 0.8725
vn -0.2289 -0.4301 0.8733
vn 0.3700 -0.4612 0.8065
vn -0.1138 -0.5135 0.8505
vn 0.4270 -0.5864 0.6883
vn -0.3297 0.1177 0.9367
vn -0.0293 -0.5862 0.8097
vn 0.4132 -0.6439 0.6439
vn -0.2894 0.1034 0.9516
vn -0.3531 0.0317 0.9350
vn -0.5869 0.7230 0.3644
vn 0.7079 0.5501 0.4430
vn 0.3056 -0.0029 0.9521
vn 0.8482 -0.5178 -0.1115
vn -0.3517 0.8461 0.4006
vn 0.6765 0.5497 0.4901
vn 0.2744 -0.0510 0.9603
vn 0.9276 -0.3727 -0.0252
vn -0.3880 0.8432 0.3722
vn 0.4896 0.7803 0.3891
vn 0.1317 0.1184 0.9842
vn 0.9558 -0.2898 0.0497
vn 0.8927 0.1466 0.4262
vn 0.9539 0.1530 -0.2583
vn -0.0072 0.9946 0.1039
vn 0.2794 0.6806 0.6773
vn 0.8313 0.0734 -0.5509
vn -0.0317 0.9795 -0.1987
vn 0.3724 0.8655 0.3350
vn 0.9447 0.3034 0.1241
vn 0.8371 0.0916 -0.5393
vn -0.0892 0.9730 -0.2130
vn 0.3575 0.8928 0.2740
vn 0.9368 0.3429 0.0689
vn 0.8809 0.1568 -0.4466
vn 0.0356 0.9843 -0.1731
vn 0.3209 0.8353 0.4465
vn 0.9062 0.3227 0.2732
vn 0.3372 0.0401 -0.9406
vn -0.2633 0.6249 -0.7350
vn 0.3852 0.1321 -0.9133
vn -0.1938 0.6817 -0.7055
vn 0.3940 0.0538 -0.9175
vn -0.1043 0.6260 -0.7728
vn 0.6244 0.3573 -0.6946
vn 0.0750 0.8512 -0.5194
vn 0.2859 0.9455 -0.1556
vn 0.5966 0.7636 -0.2470
vn 0.8898 0.3836 -0.2472
vn -0.2678 0.2655 0.9262
vn -0.6898 0.6921 0.2125
vn -0.4862 0.5046 -0.7134
vn 0.3025 -0.2232 -0.9266
vn 0.7248 -0.6326 -0.2729
vn 0.5692 -0.4825 0.6657
vn -0.2350 0.2766 0.9318
vn -0.6796 0.7045 0.2046
vn -0.5256 0.5066 -0.6835
vn 0.2399 -0.2356 -0.9418
vn 0.6904 -0.6652 -0.2842
vn 0.5491 -0.5590 0.6213
vn -0.2419 0.2320 0.9421
vn -0.6730 0.7076 0.2154
vn -0.5103 0.5188 -0.6859
vn 0.2942 -0.2707 -0.9166
vn 0.5054 -0.6319 0.5875
vn -0.3055 0.1825 0.9345
vn -0.6428 0.7563 0.1217
vn 0.6882 -0.6093 -0.3939
vn -0.3320 0.5784 -0.7451
vn 0.3027 -0.0815 -0.9496
vn -0.9540 0.2938 0.0600
vn -0.4502 0.6139 -0.6485
vn -0.6961 -0.2116 0.6861
vn 0.1146 0.6200 -0.7762
vn 0.1918 0.6442 -0.7404
vn -0.3057 -0.4758 0.8247
vn 0.0454 0.5353 -0.8434
vn 0.3059 0.5605 -0.7696
vn -0.4003 -0.4129 0.8181
vn 0.2952 0.5213 -0.8007
vn -0.7977 0.5725 -0.1895
vn -0.8222 0.1136 0.5577
vn -0.4438 -0.2176 0.8693
vn -0.1434 0.2565 0.9558
vn 0.7714 -0.5609 -0.3005
vn 0.8627 -0.0440 0.5038
vn 0.0808 -0.4749 -0.8763
vn -0.0045 -0.4290 -0.9033
vn -0.7177 0.3088 -0.6241
vn -0.6991 0.2643 -0.6644
vn -0.6739 0.7035 0.2257
vn -0.6100 0.7799 0.1403
vn -0.0725 0.4503 0.8899
vn 0.1009 0.6689 0.7364
vn 0.7715 -0.2326 0.5922
vn -0.0103 0.5184 0.8551
vn 0.9107 -0.0875 0.4037
vn 0.0765 0.7189 0.6909
vn 0.6926 -0.6595 -0.2924
vn 0.7011 -0.5989 -0.3870
vn 0.0012 -0.5517 -0.8340
vn -0.0539 -0.4476 -0.8926
vn -0.7906 0.2233 -0.5701
vn -0.7328 0.2028 -0.6495
vn -0.6945 0.6923 0.1959
vn -0.6657 0.7402 0.0942
vn 0.7328 -0.3394 0.5898
vn -0.0168 0.4328 0.9013
vn 0.8962 -0.1526 0.4166
vn 0.0969 0.6541 0.7501
vn 0.6793 -0.6687 -0.3021
vn 0.6911 -0.5882 -0.4200
vn 0.1363 -0.4650 -0.8748
vn 0.1451 -0.4334 -0.8894
vn -0.6799 0.2832 -0.6764
vn -0.6039 0.2209 -0.7658
vn -0.6704 0.7031 0.2373
vn -0.6391 0.7610 0.1117
vn 0.6299 -0.5166 0.5800
vn -0.1708 0.2443 0.9545
vn 0.7735 -0.3436 0.5326
vn -0.0837 0.3967 0.9141
vn 0.7049 -0.5963 -0.3841
vn 0.7832 -0.4748 -0.4014
vn 0.2568 -0.1988 -0.9458
vn 0.2820 -0.0867 -0.9555
vn -0.4274 0.4983 -0.7543
vn -0.4155 0.5122 -0.7517
vn -0.6518 0.7418 0.1580
vn -0.6293 0.7649 0.1375
vn -0.2647 0.9471 -0.1816
vn -0.1873 0.8074 0.5595
vn 0.1846 0.1300 -0.9742
vn 0.5233 -0.4613 -0.7165
vn 0.5655 -0.7809 -0.2654
vn 0.3998 -0.8872 -0.2303
vn 0.1202 -0.6697 -0.7328
vn -0.0262 -0.9611 -0.2750
vn -0.1827 -0.9177 -0.3528
vn -0.1669 -0.9216 -0.3505
vn -0.9768 -0.2139 0.0061
vn -0.9410 -0.2123 0.2634
vn -0.7186 -0.3313 0.6115
vn 0.0852 -0.7800 0.6200
vn -0.4749 -0.8765 -0.0796
vn -0.8743 -0.3393 -0.3470
vn 0.3227 -0.6307 0.7058
vn 0.7833 -0.6158 -0.0853
vn -0.8629 -0.4523 0.2253
vn -0.4656 -0.5134 0.7209
vn -0.8524 -0.4902 -0.1821
vn 0.1590 -0.5254 -0.8359
vn -0.7761 -0.6181 -0.1249
vn -0.4062 -0.7922 0.4554
vn -0.3312 -0.6180 -0.7130
vn 0.4068 -0.8196 -0.4036
vn 0.1802 -0.7399 -0.6481
vn 0.2479 -0.9360 -0.2497
vn -0.6102 -0.2119 -0.7634
vn 0.0491 -0.9734 -0.2237
vn -0.0836 -0.9879 -0.1307
vn -0.4443 -0.5525 -0.7052
vn -0.5405 -0.5017 -0.6754
vn -0.2998 -0.7278 0.6167
vn -0.2114 -0.9746 -0.0742
vn -0.2184 -0.9393 -0.2646
vn -0.9621 -0.2584 0.0870
vn -0.3364 -0.4910 0.8036
vn -0.4577 -0.4090 -0.7894
vn 0.5429 -0.7723 -0.3299
vn 0.3614 -0.4967 -0.7891
vn 0.4903 -0.8596 -0.1436
vn 0.2623 -0.9650 -0.0069
vn -0.2012 -0.9399 0.2761
vn 0.1197 -0.7552 0.6444
vn -0.5760 -0.8011 0.1625
vn 0.4676 0.8830 -0.0419
vn 0.0001 0.9594 -0.2821
vn -0.3856 0.9134 0.1305
vn 0.0113 0.9706 0.2405
vn 0.1459 0.9530 -0.2656
vn 0.2314 0.6230 -0.7472
vn 0.5213 0.7757 -0.3558
vn 0.0329 0.9235 -0.3822
vn -0.0106 0.9323 -0.3615
vn -0.5473 0.8365 0.0252
vn -0.8895 0.4553 -0.0373
vn -0.0341 0.9972 -0.0669
vn -0.2250 0.9695 -0.0975
vn -0.3740 -0.7822 -0.4983
vn -0.7848 0.5118 -0.3495
vn -0.3170 0.9403 -0.1240
vn -0.8562 0.4675 0.2197
vn 0.9209 0.3786 -0.0930
vn 0.4790 0.5357 0.6954
vn -0.3251 0.6034 0.7282
vn -0.7561 0.6236 0.1985
vn -0.7410 0.6469 -0.1801
vn 0.2665 0.4454 -0.8548
vn -0.2213 0.8787 0.4229
vn -0.6575 0.7464 -0.1027
vn -0.1769 0.6013 -0.7792
vn 0.3511 0.6512 -0.6729
vn 0.5785 0.6922 -0.4315
vn 0.4458 0.8490 -0.2837
vn -0.5532 0.3099 -0.7732
vn 0.2601 0.9298 -0.2604
vn 0.1347 0.9765 -0.1684
vn -0.3156 0.6092 -0.7275
vn -0.4207 0.5810 -0.6967
vn -0.1308 0.7989 0.5870
vn -0.0590 0.9971 -0.0484
vn -0.1995 0.6130 0.7645
vn -0.8813 0.4654 0.0815
vn -0.0339 0.9972 -0.0669
vn -0.2250 0.9695 -0.0974
vn 0.7287 0.6047 -0.3215
vn 0.6667 0.7249 -0.1733
vn 0.2155 0.7610 0.6119
vn 0.7174 0.6038 0.3475
vn 0.9584 0.2065 0.1970
vn -0.7700 -0.2143 0.6010
vn -0.8550 0.0877 0.5112
vn -0.7682 0.3607 0.5289
vn -0.4327 0.7211 0.5411
vn 0.9093 -0.3122 0.2752
vn 0.6646 -0.5720 0.4808
vn 0.1831 -0.7135 0.6763
vn -0.4140 -0.5651 0.7136
vn 0.9124 0.2427 -0.3296
vn 0.7179 0.1011 -0.6888
vn 0.8018 0.2589 -0.5386
vn 0.6881 0.5275 -0.4982
vn 0.6814 0.5513 -0.4815
vn 0.7920 0.4029 -0.4587
vn 0.5414 0.8014 -0.2543
vn 0.6376 0.6931 -0.3364
vn 0.5023 0.8132 -0.2940
vn 0.6637 0.6196 -0.4192
vn 0.6549 0.6607 -0.3668
vn 0.7329 0.5272 -0.4301
vn 0.7475 0.4775 -0.4618
vn 0.8840 0.3487 -0.3114
vn 0.9325 0.2588 -0.2519
vn 0.9505 0.3106 0.0051
vn 0.7511 0.5728 -0.3284
vn 0.7151 0.4428 -0.5408
vn 0.7703 0.6026 -0.2088
vn 0.3665 0.8902 -0.2706
vn 0.3323 0.8683 -0.3682
vn 0.7401 0.6380 -0.2126
vn 0.9236 0.2967 -0.2427
vn 0.4690 0.7123 -0.5222
vn 0.6401 0.5533 -0.5330
vn 0.4159 0.6941 -0.5876
vn 0.1905 0.8314 -0.5220
vn -0.0585 0.7145 -0.6972
vn -0.3063 0.7257 -0.6160
vn -0.0210 0.4727 -0.8810
vn -0.6808 0.4017 -0.6126
vn -0.2103 0.8239 -0.5263
vn -0.1588 0.4841 -0.8605
vn 0.5366 0.6511 -0.5368
vn 0.5957 0.4720 -0.6499
vn 0.5387 0.5076 -0.6724
vn 0.6344 0.3360 -0.6962
vn -0.0642 -0.0102 -0.9979
vn -0.7723 0.0707 -0.6313
vn -0.1383 0.0005 -0.9904
vn 0.6468 -0.0866 -0.7577
vn 0.2634 -0.0513 -0.9633
vn 0.5704 0.2889 -0.7689
vn -0.4441 0.6266 -0.6405
vn -0.3315 0.0062 -0.9434
vn 0.2494 0.4258 -0.8697
vn -0.7778 0.1379 -0.6132
vn 0.2949 0.5719 -0.7655
vn 0.2109 0.7367 -0.6426
vn -0.3249 -0.1051 -0.9399
vn 0.5574 -0.0296 -0.8297
vn 0.7233 0.6616 -0.1977
vn 0.6098 0.7902 0.0617
vn 0.6816 0.7028 -0.2035
vn 0.8333 0.4878 -0.2600
vn 0.2570 -0.0522 -0.9650
vn 0.7977 0.5983 0.0758
vn 0.7214 0.6918 -0.0331
vn 0.9943 -0.0907 0.0554
vn 0.9741 -0.1164 -0.1937
vn 0.8929 -0.0945 -0.4402
vn 0.7786 0.4006 -0.4830
vn 0.6309 0.5506 -0.5466
vn 0.8029 0.3308 -0.4959
vn 0.5806 0.4592 -0.6723
vn 0.5291 0.4667 -0.7087
vn 0.5243 0.3577 -0.7728
vn 0.8122 -0.1186 -0.5712
vn 0.8365 -0.1106 -0.5367
vn 0.9521 -0.0983 -0.2895
vn 0.9031 -0.1080 -0.4156
vn 0.8723 -0.0114 -0.4889
vn 0.5060 -0.0727 -0.8595
vn 0.0368 -0.8364 -0.5469
vn 0.6336 0.3887 -0.6689
vn 0.1591 0.7909 -0.5909
vn 0.7514 -0.0731 -0.6558
vn -0.2641 -0.4789 -0.8372
vn 0.5490 -0.5213 -0.6533
vn 0.5922 0.3381 -0.7314
vn 0.7087 0.4606 -0.5344
vn 0.9579 0.2418 0.1547
vn 0.9957 0.0899 0.0225
vn 0.6718 0.1424 -0.7269
vn 0.6018 -0.0821 -0.7944
vn -0.2177 0.0051 -0.9760
vn -0.0664 0.2209 -0.9730
vn 0.5409 -0.0762 -0.8376
vn 0.9865 -0.1115 -0.1199
vn 0.6138 0.4361 -0.6581
vn -0.1508 0.2095 -0.9661
vn 0.5427 0.5372 -0.6457
vn 0.4440 0.5509 -0.7067
vn -0.1261 0.1737 -0.9767
vn 0.6620 0.3686 -0.6526
vn 0.8348 0.3228 -0.4459
vn 0.8593 -0.2037 -0.4692
vn 0.9890 -0.1359 -0.0589
vn 0.9491 0.2963 -0.1063
vn -0.3067 0.8934 0.3282
vn 0.0800 0.9962 -0.0331
vn 0.7059 0.7080 -0.0207
vn 0.9835 -0.0579 0.1714
vn 0.1656 0.8662 0.4715
vn 0.2651 0.9401 0.2143
vn -0.2833 0.8150 0.5054
vn 0.5822 0.7331 -0.3515
vn -0.7857 0.1793 0.5921
vn -0.8395 0.1470 0.5231
vn -0.5986 0.6153 0.5129
vn 0.3296 -0.9079 -0.2588
vn 0.5747 -0.8075 0.1328
vn 0.8644 -0.5027 -0.0011
vn 0.6906 -0.5963 -0.4093
vn -0.7419 0.1105 0.6613
vn -0.6221 0.4519 0.6393
vn 0.4586 -0.0145 -0.8885
vn 0.9417 0.1997 -0.2709
vn 0.7668 0.4533 -0.4544
vn 0.1477 0.1199 -0.9817
vn 0.6078 0.2029 -0.7678
vn 0.1190 0.2008 -0.9724
vn 0.4704 0.4033 -0.7849
vn 0.0846 0.2500 -0.9645
vn 0.7534 0.4525 -0.4770
vn 0.6674 -0.4326 -0.6062
vn 0.9793 0.1978 0.0441
vn 0.9796 0.1046 0.1713
vn 0.9623 0.2547 0.0951
vn 0.9818 0.1771 0.0684
vn 0.9247 0.2623 0.2760
vn 0.9985 -0.0347 0.0428
vn 0.6276 0.6231 -0.4667
vn 0.7176 0.2621 -0.6453
vn 0.6866 -0.2998 -0.6623
vn 0.7369 -0.1863 -0.6498
vn 0.7237 0.0460 -0.6886
vn 0.7478 -0.0955 -0.6570
vn 0.8385 -0.4439 -0.3161
vn 0.4483 -0.1170 -0.8862
vn 0.8745 -0.4090 -0.2606
vn 0.8372 -0.4450 -0.3180
vn 0.6695 -0.2815 -0.6874
vn 0.6868 -0.5647 -0.4576
vn 0.5466 -0.3474 -0.7619
vn 0.4595 -0.8229 -0.3342
vn 0.3780 -0.5227 -0.7642
vn 0.5017 -0.7705 -0.3933
vn 0.6304 -0.6286 -0.4555
vn 0.5969 -0.6935 -0.4034
vn 0.9145 -0.4013 0.0503
vn 0.7941 -0.5384 -0.2819
vn 0.8892 -0.4431 0.1138
vn 0.8637 -0.5028 0.0351
vn 0.8482 -0.4414 0.2929
vn 0.8642 -0.4488 -0.2273
vn 0.6168 -0.7279 -0.2994
vn 0.5555 -0.6880 -0.4670
vn 0.5827 -0.6222 -0.5228
vn 0.7104 -0.4302 -0.5571
vn 0.6239 -0.7599 -0.1827
vn 0.2804 -0.9070 -0.3141
vn 0.1501 -0.9523 -0.2657
vn 0.3030 -0.9115 -0.2783
vn 0.1134 -0.9357 -0.3340
vn 0.4673 -0.8187 -0.3336
vn 0.8569 -0.4366 -0.2740
vn 0.6006 -0.7868 -0.1422
vn 0.5109 -0.7005 -0.4984
vn 0.6232 -0.6583 -0.4222
vn 0.2977 -0.8251 -0.4801
vn -0.0140 -0.8836 -0.4681
vn 0.2468 -0.7919 -0.5586
vn 0.5081 -0.6975 -0.5054
vn -0.4642 -0.6753 -0.5732
vn -0.2014 -0.7166 -0.6678
vn -0.7515 -0.2766 -0.5990
vn -0.1231 -0.4886 -0.8638
vn 0.4751 -0.6088 -0.6353
vn 0.4087 -0.7539 -0.5145
vn 0.4145 -0.6365 -0.6504
vn 0.5426 -0.4923 -0.6806
vn -0.5202 -0.5579 -0.6466
vn 0.5085 -0.4329 -0.7443
vn 0.1770 -0.5152 -0.8386
vn 0.1090 -0.6551 -0.7477
vn -0.6954 0.0371 -0.7177
vn 0.0146 -0.7993 -0.6008
vn 0.5784 -0.1419 -0.8033
vn -0.2672 0.1346 -0.9542
vn 0.4282 -0.9022 0.0514
vn 0.5828 -0.7895 -0.1924
vn 0.7045 -0.6548 -0.2739
vn 0.4828 -0.8547 -0.1907
vn 0.6845 -0.7248 0.0780
vn 0.5763 -0.8171 -0.0137
vn 0.6801 -0.5751 -0.4547
vn 0.4915 -0.6789 -0.5454
vn 0.6841 -0.5357 -0.4949
vn 0.4117 -0.5977 -0.6879
vn 0.4649 -0.6005 -0.6506
vn 0.4303 -0.4929 -0.7563
vn 0.7488 -0.1011 -0.6550
vn 0.8386 -0.2199 -0.4985
vn 0.5009 -0.4872 -0.7153
vn 0.9521 -0.3044 0.0302
vn 0.8825 -0.4393 0.1680
vn 0.5886 -0.6246 -0.5133
vn 0.6139 -0.3508 -0.7071
vn -0.1100 -0.2609 -0.9591
vn 0.4701 -0.5916 -0.6550
vn -0.1755 -0.2279 -0.9577
vn 0.4108 -0.6691 -0.6193
vn 0.5626 -0.5294 -0.6350
vn -0.1468 -0.1823 -0.9722
vn 0.3232 -0.6368 -0.7000
vn -0.1978 -0.9734 0.1155
vn -0.5452 -0.7126 0.4416
vn 0.0760 -0.9263 0.3691
vn -0.4411 -0.6524 0.6163
vn -0.7574 -0.3154 0.5717
vn -0.7106 -0.2195 0.6685
vn 0.1170 -0.1854 -0.9757
vn 0.6413 -0.6368 -0.4280
vn 0.0751 -0.2554 -0.9639
vn 0.0267 -0.2946 -0.9552
vn 0.7436 0.2507 -0.6199
vn 0.9357 -0.3050 0.1773
vn 0.9234 -0.3767 0.0734
vn 0.9819 -0.1847 0.0427
vn 0.4809 -0.7560 -0.4440
vn 0.6444 -0.4281 -0.6336
vn 0.7317 0.1075 -0.6731
vn 0.6932 -0.2295 -0.6832
vn 0.7571 -0.0046 -0.6533
vn 0.9139 0.2374 -0.3294
vn 0.1777 0.6317 -0.7545
vn -0.7261 0.6731 -0.1407
vn -0.9887 -0.0926 -0.1177
vn -0.6053 -0.6135 -0.5072
vn 0.1642 -0.3469 -0.9234
vn -0.8355 -0.5352 -0.1247
vn 0.0529 -0.6634 -0.7464
vn -0.9094 0.3942 -0.1330
vn 0.2364 0.2108 -0.9485
vn -0.3772 0.6932 -0.6141
f 1/1/1 2/2/2 3/3/3
f 1/1/1 3/3/3 4/4/4
f 5/5/5 6/6/6 7/7/7
f 5/5/5 7/7/7 8/8/8
f 9/9/9 10/10/10 11/11/11
f 9/9/9 11/11/11 12/12/12
f 12/13/12 11/14/11 6/6/6
f 12/13/12 6/6/6 5/5/5
f 8/8/8 7/7/7 2/2/2
f 8/8/8 2/2/2 1/1/1
f 13/15/13 14/16/14 15/17/15
f 13/15/13 15/17/15 16/18/16
f 17/19/17 18/20/18 19/21/19
f 17/19/17 19/21/19 20/22/20
f 21/23/21 22/24/22 23/25/23
f 21/23/21 23/25/23 24/26/24
f 25/27/25 16/18/16 15/17/15
f 25/27/25 15/17/15 26/28/26
f 13/15/13 27/29/27 28/30/28
f 13/15/13 28/30/28 14/16/14
f 6/31/6 29/32/29 30/33/30
f 6/31/6 30/33/30 7/34/7
f 31/35/31 32/36/32 33/37/33
f 31/35/31 33/37/33 34/38/34
f 7/34/7 30/33/30 35/39/35
f 7/34/7 35/39/35 36/40/36
f 37/41/37 38/42/38 39/43/39
f 37/41/37 39/43/39 40/44/40
f 41/45/41 42/46/42 32/47/32
f 41/45/41 32/47/32 31/48/31
f 34/38/34 33/37/33 29/32/29
f 34/38/34 29/32/29 6/31/6
f 36/40/36 35/39/35 42/49/42
f 36/40/36 42/49/42 41/50/41
f 42/46/42 26/51/26 28/52/28
f 42/46/42 28/52/28 32/47/32
f 42/49/42 35/39/35 25/27/25
f 42/49/42 25/27/25 26/28/26
f 34/38/34 6/31/6 11/53/11
f 34/38/34 11/53/11 21/23/21
f 33/37/33 32/36/32 28/30/28
f 33/37/33 28/30/28 27/29/27
f 30/33/30 29/32/29 13/15/13
f 30/33/30 13/15/13 16/18/16
f 31/35/31 34/38/34 21/23/21
f 31/35/31 21/23/21 24/54/24
f 29/32/29 33/37/33 27/29/27
f 29/32/29 27/29/27 13/15/13
f 35/39/35 30/33/30 16/18/16
f 35/39/35 16/18/16 25/27/25
f 10/55/10 3/56/3 17/19/17
f 10/55/10 17/19/17 22/57/22
f 11/53/11 10/58/10 22/24/22
f 11/53/11 22/24/22 21/23/21
f 3/56/3 2/59/2 18/20/18
f 3/56/3 18/20/18 17/19/17
f 36/40/36 41/50/41 19/21/19
f 36/40/36 19/21/19 18/20/18
f 31/48/31 24/60/24 19/61/19
f 31/48/31 19/61/19 41/45/41
f 7/34/7 36/40/36 18/20/18
f 7/34/7 18/20/18 2/59/2
f 43/62/43 44/63/44 45/64/45
f 43/62/43 45/64/45 46/65/46
f 47/66/47 48/67/48 49/68/49
f 47/66/47 49/68/49 50/69/50
f 51/70/51 52/71/52 53/72/53
f 51/70/51 53/72/53 54/73/54
f 55/74/55 56/75/56 45/76/45
f 55/74/55 45/76/45 44/77/44
f 56/78/56 57/79/57 58/80/58
f 56/78/56 58/80/58 45/81/45
f 59/82/59 60/83/60 61/84/61
f 59/82/59 61/84/61 62/85/62
f 63/86/63 47/66/47 50/69/50
f 63/86/63 50/69/50 64/87/64
f 65/88/65 59/82/59 62/85/62
f 65/88/65 62/85/62 66/89/66
f 54/73/54 53/72/53 67/90/67
f 54/73/54 67/90/67 68/91/68
f 60/83/60 69/92/69 70/93/70
f 60/83/60 70/93/70 61/84/61
f 69/94/69 51/70/51 54/73/54
f 69/94/69 54/73/54 70/95/70
f 53/72/53 66/89/66 71/96/71
f 53/72/53 71/96/71 67/90/67
f 52/71/52 65/88/65 66/89/66
f 52/71/52 66/89/66 53/72/53
f 61/84/61 70/93/70 72/97/72
f 61/84/61 72/97/72 73/98/73
f 70/95/70 54/73/54 74/99/74
f 70/95/70 74/99/74 72/100/72
f 66/89/66 62/85/62 75/101/75
f 66/89/66 75/101/75 71/96/71
f 62/85/62 61/84/61 76/102/76
f 62/85/62 76/102/76 75/101/75
f 61/84/61 73/98/73 77/103/77
f 61/84/61 77/103/77 76/102/76
f 57/79/57 78/104/78 79/105/79
f 57/79/57 79/105/79 63/86/63
f 48/67/48 80/106/80 81/107/81
f 48/67/48 81/107/81 55/74/55
f 69/92/69 60/83/60 78/104/78
f 69/92/69 78/104/78 82/108/82
f 79/105/79 59/82/59 83/109/83
f 79/105/79 83/109/83 84/110/84
f 83/109/83 52/71/52 80/106/80
f 83/109/83 80/106/80 84/110/84
f 52/71/52 51/70/51 81/107/81
f 52/71/52 81/107/81 80/106/80
f 59/82/59 79/105/79 78/104/78
f 59/82/59 78/104/78 60/83/60
f 85/111/85 86/112/86 87/113/87
f 85/111/85 87/113/87 88/114/88
f 83/109/83 59/82/59 65/88/65
f 65/88/65 52/71/52 83/109/83
f 24/60/24 23/115/23 20/116/20
f 24/60/24 20/116/20 19/61/19
f 28/52/28 26/51/26 15/117/15
f 28/52/28 15/117/15 14/118/14
f 12/13/12 5/5/5 43/62/43
f 12/13/12 43/62/43 46/65/46
f 8/8/8 1/1/1 89/119/89
f 8/8/8 89/119/89 90/120/90
f 4/4/4 9/9/9 91/121/91
f 4/4/4 91/121/91 92/122/92
f 5/5/5 8/8/8 90/120/90
f 5/5/5 90/120/90 43/62/43
f 1/1/1 4/4/4 92/122/92
f 1/1/1 92/122/92 89/119/89
f 9/9/9 12/12/12 46/123/46
f 9/9/9 46/123/46 91/121/91
f 91/121/91 58/124/58 64/125/64
f 91/121/91 64/125/64 92/122/92
f 90/120/90 49/126/49 44/63/44
f 90/120/90 44/63/44 43/62/43
f 46/123/46 45/127/45 58/124/58
f 46/123/46 58/124/58 91/121/91
f 92/122/92 64/125/64 50/128/50
f 92/122/92 50/128/50 89/119/89
f 89/119/89 50/128/50 49/126/49
f 89/119/89 49/126/49 90/120/90
f 93/129/93 94/130/94 95/131/95
f 93/129/93 95/131/95 96/132/96
f 48/67/48 47/66/47 84/110/84
f 48/67/48 84/110/84 80/106/80
f 47/66/47 63/86/63 79/105/79
f 47/66/47 79/105/79 84/110/84
f 57/79/57 56/78/56 82/108/82
f 57/79/57 82/108/82 78/104/78
f 56/75/56 55/74/55 81/107/81
f 56/75/56 81/107/81 82/133/82
f 48/67/48 55/74/55 44/77/44
f 48/67/48 44/77/44 49/68/49
f 57/79/57 63/86/63 64/87/64
f 57/79/57 64/87/64 58/80/58
f 97/134/97 74/99/74 54/73/54
f 97/134/97 54/73/54 68/91/68
f 98/135/98 99/136/99 100/137/100
f 98/135/98 100/137/100 101/138/101
f 102/139/102 103/140/103 104/141/104
f 102/139/102 104/141/104 105/142/105
f 106/143/106 107/144/107 108/145/108
f 106/143/106 108/145/108 109/146/109
f 105/142/105 104/141/104 107/147/107
f 105/142/105 107/147/107 106/148/106
f 101/138/101 100/137/100 103/140/103
f 101/138/101 103/140/103 102/139/102
f 110/149/110 111/150/111 112/151/112
f 110/149/110 112/151/112 113/152/113
f 114/153/114 115/154/115 116/155/116
f 114/153/114 116/155/116 117/156/117
f 117/156/117 116/155/116 118/157/118
f 117/156/117 118/157/118 119/158/119
f 120/159/120 121/160/121 115/161/115
f 120/159/120 115/161/115 114/162/114
f 122/163/122 123/164/123 112/151/112
f 122/163/122 112/151/112 111/150/111
f 110/149/110 113/152/113 124/165/124
f 110/149/110 124/165/124 125/166/125
f 126/167/126 127/168/127 38/42/38
f 126/167/126 38/42/38 37/41/37
f 128/169/128 129/170/129 130/171/130
f 128/169/128 130/171/130 131/172/131
f 131/173/131 130/174/130 132/175/132
f 131/173/131 132/175/132 133/176/133
f 40/44/40 39/43/39 129/170/129
f 40/44/40 129/170/129 128/169/128
f 40/44/40 104/177/104 103/178/103
f 40/44/40 103/178/103 37/41/37
f 133/179/133 132/180/132 127/168/127
f 133/179/133 127/168/127 126/167/126
f 134/181/134 135/182/135 128/169/128
f 134/181/134 128/169/128 131/172/131
f 37/41/37 103/178/103 136/183/136
f 37/41/37 136/183/136 126/167/126
f 131/173/131 133/176/133 137/184/137
f 131/173/131 137/184/137 134/185/134
f 128/169/128 135/182/135 104/177/104
f 128/169/128 104/177/104 40/44/40
f 126/167/126 136/183/136 137/186/137
f 126/167/126 137/186/137 133/179/133
f 132/175/132 130/174/130 124/187/124
f 132/175/132 124/187/124 123/188/123
f 123/164/123 122/163/122 127/168/127
f 123/164/123 127/168/127 132/180/132
f 135/182/135 120/159/120 107/189/107
f 135/182/135 107/189/107 104/177/104
f 129/170/129 125/166/125 124/165/124
f 129/170/129 124/165/124 130/171/130
f 38/42/38 111/150/111 110/149/110
f 38/42/38 110/149/110 39/43/39
f 134/181/134 121/190/121 120/159/120
f 134/181/134 120/159/120 135/182/135
f 39/43/39 110/149/110 125/166/125
f 39/43/39 125/166/125 129/170/129
f 127/168/127 122/163/122 111/150/111
f 127/168/127 111/150/111 38/42/38
f 108/191/108 114/153/114 117/156/117
f 108/191/108 117/156/117 99/192/99
f 107/189/107 120/159/120 114/162/114
f 107/189/107 114/162/114 108/193/108
f 99/192/99 117/156/117 119/158/119
f 99/192/99 119/158/119 100/194/100
f 136/183/136 119/158/119 118/157/118
f 136/183/136 118/157/118 137/186/137
f 134/185/134 137/184/137 118/195/118
f 134/185/134 118/195/118 121/196/121
f 103/178/103 100/194/100 119/158/119
f 103/178/103 119/158/119 136/183/136
f 22/57/22 17/19/17 20/22/20
f 22/57/22 20/22/20 23/197/23
f 138/198/138 139/199/139 140/200/140
f 138/198/138 140/200/140 141/201/141
f 85/111/85 142/202/142 143/203/143
f 85/111/85 143/203/143 144/204/144
f 145/205/145 95/206/95 94/207/94
f 145/205/145 94/207/94 146/208/146
f 146/209/146 94/210/94 147/211/147
f 146/209/146 147/211/147 148/212/148
f 149/213/149 150/214/150 151/215/151
f 149/213/149 151/215/151 152/216/152
f 153/217/153 154/218/154 139/199/139
f 153/217/153 139/199/139 138/198/138
f 155/219/155 156/220/156 150/214/150
f 155/219/155 150/214/150 149/213/149
f 142/202/142 157/221/157 158/222/158
f 142/202/142 158/222/158 143/203/143
f 152/216/152 151/215/151 159/223/159
f 152/216/152 159/223/159 88/224/88
f 88/114/88 159/225/159 142/202/142
f 88/114/88 142/202/142 85/111/85
f 143/203/143 158/222/158 160/226/160
f 143/203/143 160/226/160 156/220/156
f 144/204/144 143/203/143 156/220/156
f 144/204/144 156/220/156 155/219/155
f 151/215/151 73/227/73 72/228/72
f 151/215/151 72/228/72 159/223/159
f 159/225/159 72/229/72 74/230/74
f 159/225/159 74/230/74 142/202/142
f 156/220/156 160/226/160 161/231/161
f 156/220/156 161/231/161 150/214/150
f 150/214/150 161/231/161 162/232/162
f 150/214/150 162/232/162 151/215/151
f 151/215/151 162/232/162 77/233/77
f 151/215/151 77/233/77 73/227/73
f 148/212/148 153/217/153 163/234/163
f 148/212/148 163/234/163 164/235/164
f 141/201/141 145/205/145 86/112/86
f 141/201/141 86/112/86 165/236/165
f 88/224/88 87/237/87 164/235/164
f 88/224/88 164/235/164 152/216/152
f 166/238/166 167/239/167 149/213/149
f 166/238/166 149/213/149 163/234/163
f 167/239/167 166/238/166 165/236/165
f 167/239/167 165/236/165 144/204/144
f 144/204/144 165/236/165 86/112/86
f 144/204/144 86/112/86 85/111/85
f 149/213/149 152/216/152 164/235/164
f 149/213/149 164/235/164 163/234/163
f 4/4/4 3/3/3 10/10/10
f 4/4/4 10/10/10 9/9/9
f 167/239/167 155/219/155 149/213/149
f 155/219/155 167/239/167 144/204/144
f 121/196/121 118/195/118 116/240/116
f 121/196/121 116/240/116 115/241/115
f 124/187/124 113/242/113 112/243/112
f 124/187/124 112/243/112 123/188/123
f 106/148/106 93/129/93 96/132/96
f 106/148/106 96/132/96 105/142/105
f 102/139/102 168/244/168 169/245/169
f 102/139/102 169/245/169 101/138/101
f 98/135/98 170/246/170 171/247/171
f 98/135/98 171/247/171 109/146/109
f 105/142/105 96/132/96 168/244/168
f 105/142/105 168/244/168 102/139/102
f 101/138/101 169/245/169 170/246/170
f 101/138/101 170/246/170 98/135/98
f 109/146/109 171/247/171 93/248/93
f 109/146/109 93/248/93 106/143/106
f 170/246/170 154/249/154 147/250/147
f 170/246/170 147/250/147 171/247/171
f 96/132/96 95/131/95 140/251/140
f 96/132/96 140/251/140 168/244/168
f 171/247/171 147/250/147 94/252/94
f 171/247/171 94/252/94 93/248/93
f 169/245/169 139/253/139 154/249/154
f 169/245/169 154/249/154 170/246/170
f 168/244/168 140/251/140 139/253/139
f 168/244/168 139/253/139 169/245/169
f 141/201/141 165/236/165 166/238/166
f 141/201/141 166/238/166 138/198/138
f 138/198/138 166/238/166 163/234/163
f 138/198/138 163/234/163 153/217/153
f 148/212/148 164/235/164 87/237/87
f 148/212/148 87/237/87 146/209/146
f 146/208/146 87/113/87 86/112/86
f 146/208/146 86/112/86 145/205/145
f 141/201/141 140/200/140 95/206/95
f 141/201/141 95/206/95 145/205/145
f 148/212/148 147/211/147 154/218/154
f 148/212/148 154/218/154 153/217/153
f 97/254/97 157/221/157 142/202/142
f 97/254/97 142/202/142 74/230/74
f 172/255/172 173/256/173 174/257/174
f 172/255/172 174/257/174 175/258/175
f 176/259/176 177/260/177 178/261/178
f 176/259/176 178/261/178 179/262/179
f 180/263/180 181/264/181 179/262/179
f 180/263/180 179/262/179 178/261/178
f 182/265/182 183/266/183 184/267/184
f 182/265/182 184/267/184 185/268/185
f 186/269/186 187/270/187 188/271/188
f 186/269/186 188/271/188 189/272/189
f 190/273/190 176/259/176 179/274/179
f 190/273/190 179/274/179 191/275/191
f 192/276/192 172/255/172 175/258/175
f 192/276/192 175/258/175 193/277/193
f 194/278/194 179/262/179 181/264/181
f 194/278/194 181/264/181 195/279/195
f 196/280/196 197/281/197 198/282/198
f 196/280/196 198/282/198 199/283/199
f 197/281/197 200/284/200 201/285/201
f 197/281/197 201/285/201 198/282/198
f 202/286/202 177/260/177 203/287/203
f 202/286/202 203/287/203 204/288/204
f 175/258/175 205/289/205 206/290/206
f 175/258/175 206/290/206 193/277/193
f 207/291/207 208/292/208 209/293/209
f 207/291/207 209/293/209 210/294/210
f 192/276/192 211/295/211 212/296/212
f 192/276/192 212/296/212 172/255/172
f 213/297/213 208/292/208 207/291/207
f 213/297/213 207/291/207 173/298/173
f 187/270/187 214/299/214 215/300/215
f 187/270/187 215/300/215 188/271/188
f 216/301/216 217/302/217 218/303/218
f 216/301/216 218/303/218 219/304/219
f 220/305/220 216/301/216 219/304/219
f 220/305/220 219/304/219 221/306/221
f 222/307/222 220/305/220 221/306/221
f 222/307/222 221/306/221 223/308/223
f 224/309/224 222/307/222 223/308/223
f 224/309/224 223/308/223 225/310/225
f 214/299/214 224/311/224 225/312/225
f 214/299/214 225/312/225 215/300/215
f 217/313/217 186/269/186 189/272/189
f 217/313/217 189/272/189 218/314/218
f 226/315/226 227/316/227 228/317/228
f 226/315/226 228/317/228 229/318/229
f 230/319/230 231/320/231 232/321/232
f 230/319/230 232/321/232 233/322/233
f 234/323/234 233/324/233 232/325/232
f 234/323/234 232/325/232 235/326/235
f 236/327/236 234/323/234 235/326/235
f 236/327/236 235/326/235 237/328/237
f 238/329/238 236/327/236 237/328/237
f 238/329/238 237/328/237 239/330/239
f 189/272/189 188/271/188 240/331/240
f 189/272/189 240/331/240 241/332/241
f 218/314/218 189/272/189 241/332/241
f 218/314/218 241/332/241 242/333/242
f 219/304/219 218/303/218 242/334/242
f 219/304/219 242/334/242 243/335/243
f 221/306/221 219/304/219 243/335/243
f 221/306/221 243/335/243 244/336/244
f 223/308/223 221/306/221 244/336/244
f 223/308/223 244/336/244 245/337/245
f 225/310/225 223/308/223 245/337/245
f 225/310/225 245/337/245 246/338/246
f 215/300/215 225/312/225 246/339/246
f 215/300/215 246/339/246 247/340/247
f 188/271/188 215/300/215 247/340/247
f 188/271/188 247/340/247 240/331/240
f 206/290/206 205/289/205 227/316/227
f 206/290/206 227/316/227 226/315/226
f 227/316/227 205/289/205 248/341/248
f 227/316/227 248/341/248 231/320/231
f 248/341/248 249/342/249 232/321/232
f 248/341/248 232/321/232 231/320/231
f 232/325/232 249/343/249 250/344/250
f 232/325/232 250/344/250 235/326/235
f 235/326/235 250/344/250 202/286/202
f 235/326/235 202/286/202 237/328/237
f 239/330/239 204/288/204 251/345/251
f 239/330/239 251/345/251 252/346/252
f 253/347/253 234/323/234 236/327/236
f 253/347/253 236/327/236 254/348/254
f 255/349/255 233/324/233 234/323/234
f 255/349/255 234/323/234 253/347/253
f 229/318/229 228/317/228 256/350/256
f 229/318/229 256/350/256 257/351/257
f 258/352/258 254/348/254 236/327/236
f 258/352/258 236/327/236 238/329/238
f 228/317/228 227/316/227 231/320/231
f 228/317/228 231/320/231 230/319/230
f 230/319/230 233/322/233 255/353/255
f 230/319/230 255/353/255 259/354/259
f 230/319/230 259/354/259 256/350/256
f 230/319/230 256/350/256 228/317/228
f 182/265/182 185/268/185 201/285/201
f 182/265/182 201/285/201 200/284/200
f 195/279/195 196/355/196 199/356/199
f 195/279/195 199/356/199 194/278/194
f 183/357/183 180/358/180 184/359/184
f 191/275/191 260/360/260 261/361/261
f 191/275/191 261/361/261 262/362/262
f 191/275/191 262/362/262 190/273/190
f 190/273/190 262/362/262 263/363/263
f 190/273/190 263/363/263 264/364/264
f 213/297/213 173/365/173 172/255/172
f 213/297/213 172/255/172 212/296/212
f 250/344/250 249/343/249 265/366/265
f 250/344/250 265/366/265 178/367/178
f 266/368/266 267/369/267 268/370/268
f 266/368/266 268/370/268 269/371/269
f 248/341/248 205/289/205 175/258/175
f 248/341/248 175/258/175 174/372/174
f 270/373/270 271/374/271 272/375/272
f 270/373/270 272/375/272 273/376/273
f 203/287/203 177/260/177 176/259/176
f 203/287/203 176/259/176 274/377/274
f 274/377/274 176/259/176 190/273/190
f 274/377/274 190/273/190 264/364/264
f 202/286/202 250/344/250 178/378/178
f 202/286/202 178/378/178 177/260/177
f 196/355/196 195/279/195 186/269/186
f 196/355/196 186/269/186 217/313/217
f 180/263/180 183/357/183 224/311/224
f 180/263/180 224/311/224 214/299/214
f 183/266/183 182/265/182 222/307/222
f 183/266/183 222/307/222 224/309/224
f 182/265/182 200/284/200 220/305/220
f 182/265/182 220/305/220 222/307/222
f 200/284/200 197/281/197 216/301/216
f 200/284/200 216/301/216 220/305/220
f 197/281/197 196/280/196 217/302/217
f 197/281/197 217/302/217 216/301/216
f 181/264/181 180/263/180 214/299/214
f 181/264/181 214/299/214 187/270/187
f 195/279/195 181/264/181 187/270/187
f 195/279/195 187/270/187 186/269/186
f 275/379/275 276/380/276 277/381/277
f 275/379/275 277/381/277 278/382/278
f 279/383/279 280/384/280 281/385/281
f 279/383/279 281/385/281 282/386/282
f 251/345/251 283/387/283 284/388/284
f 251/345/251 284/388/284 285/389/285
f 269/371/269 268/390/268 286/391/286
f 269/371/269 286/391/286 287/392/287
f 288/393/288 289/394/289 290/395/290
f 288/393/288 290/395/290 291/396/291
f 292/397/292 293/398/293 294/399/294
f 292/397/292 294/399/294 295/400/295
f 192/276/192 193/277/193 286/391/286
f 192/276/192 286/391/286 296/401/296
f 297/402/297 298/403/298 282/386/282
f 297/402/297 282/386/282 281/385/281
f 299/404/299 272/405/272 271/406/271
f 299/404/299 271/406/271 300/407/300
f 295/400/295 294/399/294 301/408/301
f 295/400/295 301/408/301 302/409/302
f 251/345/251 204/288/204 203/287/203
f 251/345/251 203/287/203 283/387/283
f 286/391/286 193/277/193 206/290/206
f 286/391/286 206/290/206 287/392/287
f 296/401/296 303/410/303 211/295/211
f 296/401/296 211/295/211 192/276/192
f 304/411/304 299/404/299 300/407/300
f 304/411/304 300/407/300 305/412/305
f 291/396/291 290/395/290 306/413/306
f 291/396/291 306/413/306 307/414/307
f 308/415/308 309/416/309 310/417/310
f 308/415/308 310/417/310 311/418/311
f 312/419/312 313/420/313 309/416/309
f 312/419/312 309/416/309 308/415/308
f 314/421/314 315/422/315 313/420/313
f 314/421/314 313/420/313 312/419/312
f 316/423/316 317/424/317 315/422/315
f 316/423/316 315/422/315 314/421/314
f 307/414/307 306/413/306 317/425/317
f 307/414/307 317/425/317 316/426/316
f 311/427/311 310/428/310 289/394/289
f 311/427/311 289/394/289 288/393/288
f 226/315/226 229/318/229 318/429/318
f 226/315/226 318/429/318 319/430/319
f 320/431/320 321/432/321 322/433/322
f 320/431/320 322/433/322 323/434/323
f 324/435/324 325/436/325 322/437/322
f 324/435/324 322/437/322 321/438/321
f 326/439/326 252/346/252 325/436/325
f 326/439/326 325/436/325 324/435/324
f 238/329/238 239/330/239 252/346/252
f 238/329/238 252/346/252 326/439/326
f 289/394/289 327/440/327 328/441/328
f 289/394/289 328/441/328 290/395/290
f 310/428/310 329/442/329 327/440/327
f 310/428/310 327/440/327 289/394/289
f 309/416/309 330/443/330 329/444/329
f 309/416/309 329/444/329 310/417/310
f 313/420/313 331/445/331 330/443/330
f 313/420/313 330/443/330 309/416/309
f 315/422/315 332/446/332 331/445/331
f 315/422/315 331/445/331 313/420/313
f 317/424/317 333/447/333 332/446/332
f 317/424/317 332/446/332 315/422/315
f 306/413/306 334/448/334 333/449/333
f 306/413/306 333/449/333 317/425/317
f 290/395/290 328/441/328 334/448/334
f 290/395/290 334/448/334 306/413/306
f 206/290/206 226/315/226 319/430/319
f 206/290/206 319/430/319 287/392/287
f 323/434/323 269/371/269 287/392/287
f 323/434/323 287/392/287 319/430/319
f 269/371/269 323/434/323 322/433/322
f 269/371/269 322/433/322 266/368/266
f 325/436/325 285/389/285 266/450/266
f 325/436/325 266/450/266 322/437/322
f 252/346/252 251/345/251 285/389/285
f 252/346/252 285/389/285 325/436/325
f 51/70/51 69/94/69 82/133/82
f 51/70/51 82/133/82 81/107/81
f 335/451/335 336/452/336 326/439/326
f 335/451/335 326/439/326 324/435/324
f 337/453/337 335/451/335 324/435/324
f 337/453/337 324/435/324 321/438/321
f 229/318/229 257/351/257 338/454/338
f 229/318/229 338/454/338 318/429/318
f 258/352/258 238/329/238 326/439/326
f 258/352/258 326/439/326 336/452/336
f 318/429/318 320/431/320 323/434/323
f 318/429/318 323/434/323 319/430/319
f 320/431/320 339/455/339 337/456/337
f 320/431/320 337/456/337 321/432/321
f 320/431/320 318/429/318 338/454/338
f 320/431/320 338/454/338 339/455/339
f 340/457/340 273/458/273 341/459/341
f 340/457/340 341/459/341 342/460/342
f 275/379/275 302/409/302 301/408/301
f 275/379/275 301/408/301 276/380/276
f 285/389/285 284/461/284 267/462/267
f 285/389/285 267/462/267 266/450/266
f 298/403/298 297/402/297 293/463/293
f 298/403/298 293/463/293 292/464/292
f 340/457/340 264/364/264 263/363/263
f 340/457/340 263/363/263 343/465/343
f 305/412/305 303/410/303 296/401/296
f 305/412/305 296/401/296 304/466/304
f 273/467/273 340/457/340 343/465/343
f 273/467/273 343/465/343 270/373/270
f 342/460/342 341/459/341 284/468/284
f 342/460/342 284/468/284 283/387/283
f 296/401/296 286/391/286 268/469/268
f 296/401/296 268/469/268 304/466/304
f 344/470/344 345/471/345 346/472/346
f 344/470/344 346/472/346 347/473/347
f 203/287/203 274/377/274 342/460/342
f 203/287/203 342/460/342 283/387/283
f 274/377/274 264/364/264 340/457/340
f 274/377/274 340/457/340 342/460/342
f 278/474/278 277/475/277 280/384/280
f 278/474/278 280/384/280 279/383/279
f 292/464/292 311/427/311 288/393/288
f 292/464/292 288/393/288 298/403/298
f 279/383/279 307/414/307 316/426/316
f 279/383/279 316/426/316 278/474/278
f 278/382/278 316/423/316 314/421/314
f 278/382/278 314/421/314 275/379/275
f 275/379/275 314/421/314 312/419/312
f 275/379/275 312/419/312 302/409/302
f 302/409/302 312/419/312 308/415/308
f 302/409/302 308/415/308 295/400/295
f 295/400/295 308/415/308 311/418/311
f 295/400/295 311/418/311 292/397/292
f 282/386/282 291/396/291 307/414/307
f 282/386/282 307/414/307 279/383/279
f 298/403/298 288/393/288 291/396/291
f 298/403/298 291/396/291 282/386/282
f 270/373/270 343/465/343 348/476/348
f 270/373/270 348/476/348 349/477/349
f 211/295/211 303/410/303 350/478/350
f 211/295/211 350/478/350 351/479/351
f 261/361/261 209/480/209 352/481/352
f 261/361/261 352/481/352 353/482/353
f 208/292/208 213/297/213 354/483/354
f 208/292/208 354/483/354 355/484/355
f 300/407/300 271/406/271 356/485/356
f 300/407/300 356/485/356 357/486/357
f 213/297/213 212/296/212 358/487/358
f 213/297/213 358/487/358 354/483/354
f 263/363/263 262/362/262 359/488/359
f 263/363/263 359/488/359 360/489/360
f 262/362/262 261/361/261 353/482/353
f 262/362/262 353/482/353 359/488/359
f 303/410/303 305/412/305 361/490/361
f 303/410/303 361/490/361 350/478/350
f 212/296/212 211/295/211 351/479/351
f 212/296/212 351/479/351 358/487/358
f 305/412/305 300/407/300 357/486/357
f 305/412/305 357/486/357 361/490/361
f 343/465/343 263/363/263 360/489/360
f 343/465/343 360/489/360 348/476/348
f 209/293/209 208/292/208 355/484/355
f 209/293/209 355/484/355 352/491/352
f 271/374/271 270/373/270 349/477/349
f 271/374/271 349/477/349 356/492/356
f 362/493/362 363/494/363 364/495/364
f 362/493/362 364/495/364 365/496/365
f 366/497/366 367/498/367 368/499/368
f 366/497/366 368/499/368 369/500/369
f 370/501/370 371/502/371 372/503/372
f 370/501/370 372/503/372 373/504/373
f 362/493/362 371/502/371 370/501/370
f 374/505/374 375/506/375 362/507/362
f 374/505/374 362/507/362 365/508/365
f 376/509/376 377/510/377 378/511/378
f 376/509/376 378/511/378 379/512/379
f 363/494/363 362/493/362 370/501/370
f 363/494/363 370/501/370 380/513/380
f 381/514/381 382/515/382 367/498/367
f 381/514/381 367/498/367 366/497/366
f 383/516/383 377/510/377 376/509/376
f 383/516/383 376/509/376 384/517/384
f 379/512/379 378/511/378 385/518/385
f 379/512/379 385/518/385 374/505/374
f 382/515/382 381/514/381 377/510/377
f 382/515/382 377/510/377 383/516/383
f 386/519/386 387/520/387 388/521/388
f 386/519/386 388/521/388 389/522/389
f 377/510/377 381/514/381 390/523/390
f 377/510/377 390/523/390 378/511/378
f 376/509/376 379/512/379 364/524/364
f 376/509/376 364/524/364 391/525/391
f 381/514/381 366/497/366 392/526/392
f 381/514/381 392/526/392 390/523/390
f 389/522/389 393/527/393 386/519/386
f 372/503/372 394/528/394 395/529/395
f 372/503/372 395/529/395 373/504/373
f 392/526/392 366/497/366 369/500/369
f 392/526/392 369/500/369 396/530/396
f 397/531/397 387/520/387 382/515/382
f 397/531/397 382/515/382 383/516/383
f 363/494/363 398/532/398 391/533/391
f 363/494/363 391/533/391 364/495/364
f 398/532/398 363/494/363 380/513/380
f 398/532/398 380/513/380 399/534/399
f 400/535/400 391/525/391 401/536/401
f 400/535/400 401/536/401 402/537/402
f 403/538/403 404/539/404 375/506/375
f 403/538/403 375/506/375 405/540/405
f 406/541/406 407/542/407 404/539/404
f 406/541/406 404/539/404 403/538/403
f 380/513/380 370/501/370 373/504/373
f 380/513/380 373/504/373 408/543/408
f 409/544/409 410/545/410 411/546/411
f 409/544/409 411/546/411 412/547/412
f 379/512/379 374/505/374 365/508/365
f 379/512/379 365/508/365 364/524/364
f 399/534/399 380/513/380 408/543/408
f 399/534/399 408/543/408 413/548/413
f 414/549/414 399/534/399 413/548/413
f 392/526/392 396/530/396 406/541/406
f 392/526/392 406/541/406 403/538/403
f 378/511/378 390/523/390 405/540/405
f 378/511/378 405/540/405 385/518/385
f 390/523/390 392/526/392 403/538/403
f 390/523/390 403/538/403 405/540/405
f 415/550/415 398/532/398 399/534/399
f 415/550/415 399/534/399 414/549/414
f 362/507/362 375/506/375 404/539/404
f 362/507/362 404/539/404 416/551/416
f 417/552/417 418/553/418 407/542/407
f 417/552/417 407/542/407 406/541/406
f 416/551/416 404/539/404 407/542/407
f 416/551/416 407/542/407 419/554/419
f 420/555/420 421/556/421 422/557/422
f 420/555/420 422/557/422 394/528/394
f 419/554/419 407/542/407 418/553/418
f 419/554/419 418/553/418 423/558/423
f 362/493/362 416/559/416 419/560/419
f 362/493/362 419/560/419 371/502/371
f 371/502/371 419/560/419 423/561/423
f 371/502/371 423/561/423 372/503/372
f 412/547/412 411/546/411 421/562/421
f 412/547/412 421/562/421 420/563/420
f 396/530/396 424/564/424 417/552/417
f 396/530/396 417/552/417 406/541/406
f 400/535/400 397/531/397 383/516/383
f 400/535/400 383/516/383 384/517/384
f 385/518/385 405/540/405 375/506/375
f 385/518/385 375/506/375 374/505/374
f 424/564/424 425/565/425 409/544/409
f 424/564/424 409/544/409 417/552/417
f 426/566/426 427/567/427 428/568/428
f 426/566/426 428/568/428 429/569/429
f 430/570/430 426/566/426 429/569/429
f 430/570/430 429/569/429 431/571/431
f 432/572/432 430/570/430 431/571/431
f 432/572/432 431/571/431 433/573/433
f 434/574/434 432/572/432 433/573/433
f 434/574/434 433/573/433 435/575/435
f 436/576/436 434/574/434 435/575/435
f 436/576/436 435/575/435 437/577/437
f 438/578/438 436/576/436 437/577/437
f 438/578/438 437/577/437 439/579/439
f 427/567/427 440/580/440 441/581/441
f 427/567/427 441/581/441 428/568/428
f 440/580/440 438/582/438 439/583/439
f 440/580/440 439/583/439 441/581/441
f 442/584/442 443/585/443 444/586/444
f 442/584/442 444/586/444 445/587/445
f 446/588/446 447/589/447 431/571/431
f 446/588/446 431/571/431 429/569/429
f 447/589/447 448/590/448 433/573/433
f 447/589/447 433/573/433 431/571/431
f 448/590/448 449/591/449 435/575/435
f 448/590/448 435/575/435 433/573/433
f 449/591/449 450/592/450 437/577/437
f 449/591/449 437/577/437 435/575/435
f 450/592/450 451/593/451 439/579/439
f 450/592/450 439/579/439 437/577/437
f 451/594/451 452/595/452 441/581/441
f 451/594/451 441/581/441 439/583/439
f 453/596/453 442/584/442 445/587/445
f 453/596/453 445/587/445 454/597/454
f 455/598/455 456/599/456 457/600/457
f 455/598/455 457/600/457 458/601/458
f 458/601/458 459/602/459 460/603/460
f 458/601/458 460/603/460 455/598/455
f 459/604/459 461/605/461 462/606/462
f 459/604/459 462/606/462 460/607/460
f 461/605/461 463/608/463 464/609/464
f 461/605/461 464/609/464 462/606/462
f 463/608/463 465/610/465 466/611/466
f 463/608/463 466/611/466 464/609/464
f 465/610/465 467/612/467 468/613/468
f 465/610/465 468/613/468 466/611/466
f 467/612/467 469/614/469 470/615/470
f 467/612/467 470/615/470 468/613/468
f 469/614/469 457/600/457 456/599/456
f 469/614/469 456/599/456 470/615/470
f 427/567/427 426/566/426 471/616/471
f 427/567/427 471/616/471 472/617/472
f 440/580/440 427/567/427 472/617/472
f 440/580/440 472/617/472 473/618/473
f 438/582/438 440/580/440 473/618/473
f 438/582/438 473/618/473 474/619/474
f 436/576/436 438/578/438 474/620/474
f 436/576/436 474/620/474 475/621/475
f 434/574/434 436/576/436 475/621/475
f 434/574/434 475/621/475 476/622/476
f 432/572/432 434/574/434 476/622/476
f 432/572/432 476/622/476 477/623/477
f 430/570/430 432/572/432 477/623/477
f 430/570/430 477/623/477 478/624/478
f 426/566/426 430/570/430 478/624/478
f 426/566/426 478/624/478 471/616/471
f 479/625/479 480/626/480 481/627/481
f 479/625/479 481/627/481 482/628/482
f 480/626/480 483/629/483 484/630/484
f 480/626/480 484/630/484 481/627/481
f 483/629/483 485/631/485 486/632/486
f 483/629/483 486/632/486 484/630/484
f 485/631/485 487/633/487 488/634/488
f 485/631/485 488/634/488 486/632/486
f 487/633/487 489/635/489 490/636/490
f 487/633/487 490/636/490 488/634/488
f 489/637/489 491/638/491 492/639/492
f 489/637/489 492/639/492 490/640/490
f 491/638/491 493/641/493 494/642/494
f 491/638/491 494/642/494 492/639/492
f 495/643/495 242/644/242 241/645/241
f 495/643/495 241/645/241 496/646/496
f 497/647/497 498/648/498 499/649/499
f 497/647/497 499/649/499 500/650/500
f 501/651/501 502/652/502 503/653/503
f 501/651/501 503/653/503 504/654/504
f 505/655/505 506/656/506 507/657/507
f 505/655/505 507/657/507 508/658/508
f 504/654/504 509/659/509 510/660/510
f 504/654/504 510/660/510 501/651/501
f 511/661/511 505/655/505 508/658/508
f 511/661/511 508/658/508 512/662/512
f 509/663/509 511/661/511 512/662/512
f 509/663/509 512/662/512 510/664/510
f 469/665/469 513/666/513 514/667/514
f 469/665/469 514/667/514 457/668/457
f 457/669/457 515/670/515 516/671/516
f 457/669/457 516/671/516 458/672/458
f 517/673/517 518/674/518 519/675/519
f 517/673/517 519/675/519 520/676/520
f 518/677/518 521/678/521 522/679/522
f 518/677/518 522/679/522 519/680/519
f 457/669/457 514/681/514 515/670/515
f 467/682/467 523/683/523 524/684/524
f 525/685/525 526/686/526 527/687/527
f 525/685/525 527/687/527 528/688/528
f 529/689/529 525/690/525 528/691/528
f 529/689/529 528/691/528 530/692/530
f 531/693/531 529/689/529 530/692/530
f 531/693/531 530/692/530 532/694/532
f 533/695/533 531/693/531 534/696/534
f 533/695/533 534/696/534 535/697/535
f 536/698/536 533/695/533 537/699/537
f 536/698/536 537/699/537 538/700/538
f 522/679/522 536/698/536 539/701/539
f 522/679/522 539/701/539 540/702/540
f 519/680/519 522/679/522 540/702/540
f 519/680/519 540/702/540 541/703/541
f 520/676/520 519/675/519 541/704/541
f 520/676/520 541/704/541 542/705/542
f 543/706/543 520/676/520 542/705/542
f 543/706/543 542/705/542 345/471/345
f 544/707/544 543/706/543 545/708/545
f 544/707/544 545/708/545 546/709/546
f 547/710/547 544/707/544 548/711/548
f 547/710/547 548/711/548 549/712/549
f 526/686/526 547/710/547 550/713/550
f 526/686/526 550/713/550 527/687/527
f 550/713/550 551/714/551 552/715/552
f 550/713/550 552/715/552 553/716/553
f 551/714/551 549/712/549 554/717/554
f 551/714/551 554/717/554 552/715/552
f 548/711/548 555/718/555 556/719/556
f 548/711/548 556/719/556 557/720/557
f 555/718/555 546/709/546 558/721/558
f 555/718/555 558/721/558 556/719/556
f 545/708/545 559/722/559 560/723/560
f 545/708/545 560/723/560 561/724/561
f 559/722/559 345/471/345 344/470/344
f 559/722/559 344/470/344 560/723/560
f 562/725/562 563/726/563 564/727/564
f 562/725/562 564/727/564 565/728/565
f 566/729/566 567/730/567 568/731/568
f 566/729/566 568/731/568 569/732/569
f 570/733/570 571/734/571 572/735/572
f 570/733/570 572/735/572 573/736/573
f 574/737/574 575/738/575 576/739/576
f 574/737/574 576/739/576 577/740/577
f 574/741/574 577/742/577 578/743/578
f 574/741/574 578/743/578 579/744/579
f 570/745/570 573/746/573 580/747/580
f 570/745/570 580/747/580 581/748/581
f 566/749/566 569/750/569 582/751/582
f 566/749/566 582/751/582 583/752/583
f 565/753/565 564/754/564 584/755/584
f 565/753/565 584/755/584 585/756/585
f 547/710/547 549/712/549 551/714/551
f 547/710/547 551/714/551 550/713/550
f 544/707/544 546/709/546 555/718/555
f 544/707/544 555/718/555 548/711/548
f 543/706/543 345/471/345 559/722/559
f 543/706/543 559/722/559 545/708/545
f 536/698/536 538/700/538 586/757/586
f 536/698/536 586/757/586 539/701/539
f 533/695/533 535/697/535 587/758/587
f 533/695/533 587/758/587 537/699/537
f 531/693/531 532/694/532 588/759/588
f 531/693/531 588/759/588 534/696/534
f 553/760/553 552/761/552 588/759/588
f 553/760/553 588/759/588 532/694/532
f 552/761/552 554/762/554 534/696/534
f 552/761/552 534/696/534 588/759/588
f 557/763/557 556/764/556 587/758/587
f 557/763/557 587/758/587 535/697/535
f 556/764/556 558/765/558 537/699/537
f 556/764/556 537/699/537 587/758/587
f 561/766/561 560/767/560 586/757/586
f 561/766/561 586/757/586 538/700/538
f 560/767/560 344/768/344 539/701/539
f 560/767/560 539/701/539 586/757/586
f 345/471/345 542/705/542 589/769/589
f 345/471/345 589/769/589 346/472/346
f 542/705/542 541/704/541 590/770/590
f 542/705/542 590/770/590 589/769/589
f 541/703/541 540/702/540 591/771/591
f 541/703/541 591/771/591 590/772/590
f 540/702/540 539/701/539 592/773/592
f 540/702/540 592/773/592 591/771/591
f 539/701/539 344/768/344 347/774/347
f 539/701/539 347/774/347 592/773/592
f 558/721/558 546/709/546 593/775/593
f 558/721/558 593/775/593 594/776/594
f 546/709/546 545/708/545 595/777/595
f 546/709/546 595/777/595 593/775/593
f 545/708/545 561/724/561 596/778/596
f 545/708/545 596/778/596 595/777/595
f 561/766/561 538/700/538 597/779/597
f 561/766/561 597/779/597 596/780/596
f 538/700/538 537/699/537 598/781/598
f 538/700/538 598/781/598 597/779/597
f 537/699/537 558/765/558 594/782/594
f 537/699/537 594/782/594 598/781/598
f 554/717/554 549/712/549 599/783/599
f 554/717/554 599/783/599 600/784/600
f 549/712/549 548/711/548 601/785/601
f 549/712/549 601/785/601 599/783/599
f 548/711/548 557/720/557 602/786/602
f 548/711/548 602/786/602 601/785/601
f 557/763/557 535/697/535 603/787/603
f 557/763/557 603/787/603 602/788/602
f 535/697/535 534/696/534 604/789/604
f 535/697/535 604/789/604 603/787/603
f 534/696/534 554/762/554 600/790/600
f 534/696/534 600/790/600 604/789/604
f 605/791/605 606/792/606 607/793/607
f 605/791/605 607/793/607 608/794/608
f 550/713/550 553/716/553 609/795/609
f 550/713/550 609/795/609 610/796/610
f 528/688/528 527/687/527 611/797/611
f 528/688/528 611/797/611 612/798/612
f 553/760/553 532/694/532 613/799/613
f 553/760/553 613/799/613 609/800/609
f 532/694/532 530/692/530 614/801/614
f 532/694/532 614/801/614 613/799/613
f 530/692/530 528/691/528 612/802/612
f 530/692/530 612/802/612 614/801/614
f 610/796/610 615/803/615 616/804/616
f 610/796/610 616/804/616 611/797/611
f 617/805/617 463/806/463 461/807/461
f 617/805/617 461/807/461 618/808/618
f 463/806/463 617/805/617 619/809/619
f 463/806/463 619/809/619 465/810/465
f 506/656/506 503/653/503 502/652/502
f 506/656/506 502/652/502 507/657/507
f 459/811/459 620/812/620 621/813/621
f 544/707/544 523/683/523 622/814/622
f 544/707/544 622/814/622 543/706/543
f 459/811/459 621/813/621 618/808/618
f 459/811/459 618/808/618 461/807/461
f 618/808/618 621/813/621 623/815/623
f 618/808/618 623/815/623 624/816/624
f 465/810/465 619/809/619 625/817/625
f 458/672/458 516/671/516 626/818/626
f 627/819/627 617/805/617 618/808/618
f 627/819/627 618/808/618 624/816/624
f 628/820/628 619/809/619 617/805/617
f 628/820/628 617/805/617 627/819/627
f 622/814/622 517/673/517 520/676/520
f 622/814/622 520/676/520 543/706/543
f 625/817/625 619/809/619 628/820/628
f 625/817/625 628/820/628 629/821/629
f 465/810/465 625/817/625 622/814/622
f 465/810/465 622/814/622 467/682/467
f 467/682/467 622/814/622 523/683/523
f 625/817/625 629/821/629 517/673/517
f 625/817/625 517/673/517 622/814/622
f 629/821/629 630/822/630 518/674/518
f 629/821/629 518/674/518 517/673/517
f 630/823/630 623/815/623 521/678/521
f 630/823/630 521/678/521 518/677/518
f 620/812/620 521/678/521 623/815/623
f 620/812/620 623/815/623 621/813/621
f 524/684/524 523/683/523 544/707/544
f 524/684/524 544/707/544 547/710/547
f 513/666/513 524/684/524 547/710/547
f 513/666/513 547/710/547 526/686/526
f 514/667/514 513/666/513 526/686/526
f 514/667/514 526/686/526 525/685/525
f 515/670/515 514/681/514 525/690/525
f 515/670/515 525/690/525 529/689/529
f 516/671/516 515/670/515 529/689/529
f 516/671/516 529/689/529 531/693/531
f 626/818/626 516/671/516 531/693/531
f 626/818/626 531/693/531 533/695/533
f 620/812/620 626/818/626 533/695/533
f 620/812/620 533/695/533 536/698/536
f 459/811/459 458/672/458 626/818/626
f 459/811/459 626/818/626 620/812/620
f 521/678/521 620/812/620 536/698/536
f 521/678/521 536/698/536 522/679/522
f 631/824/631 605/825/605 608/826/608
f 631/824/631 608/826/608 632/827/632
f 633/828/633 631/824/631 632/827/632
f 633/828/633 632/827/632 634/829/634
f 635/830/635 633/828/633 634/829/634
f 635/830/635 634/829/634 636/831/636
f 637/832/637 635/833/635 636/834/636
f 637/832/637 636/834/636 638/835/638
f 606/792/606 637/832/637 638/835/638
f 606/792/606 638/835/638 607/793/607
f 639/836/639 640/837/640 641/838/641
f 639/836/639 641/838/641 642/839/642
f 347/473/347 346/472/346 606/792/606
f 347/473/347 606/792/606 605/791/605
f 592/773/592 347/774/347 605/825/605
f 592/773/592 605/825/605 631/824/631
f 591/771/591 592/773/592 631/824/631
f 591/771/591 631/824/631 633/828/633
f 590/772/590 591/771/591 633/828/633
f 590/772/590 633/828/633 635/830/635
f 589/769/589 590/770/590 635/833/635
f 589/769/589 635/833/635 637/832/637
f 346/472/346 589/769/589 637/832/637
f 346/472/346 637/832/637 606/792/606
f 643/840/643 639/836/639 642/839/642
f 643/840/643 642/839/642 644/841/644
f 645/842/645 643/843/643 644/844/644
f 645/842/645 644/844/644 646/845/646
f 647/846/647 645/842/645 646/845/646
f 647/846/647 646/845/646 648/847/648
f 649/848/649 647/846/647 648/847/648
f 649/848/649 648/847/648 650/849/650
f 640/837/640 649/850/649 650/851/650
f 640/837/640 650/851/650 641/838/641
f 651/852/651 652/853/652 653/854/653
f 651/852/651 653/854/653 654/855/654
f 593/775/593 595/777/595 640/837/640
f 593/775/593 640/837/640 639/836/639
f 594/776/594 593/775/593 639/836/639
f 594/776/594 639/836/639 643/840/643
f 598/781/598 594/782/594 643/843/643
f 598/781/598 643/843/643 645/842/645
f 597/779/597 598/781/598 645/842/645
f 597/779/597 645/842/645 647/846/647
f 596/780/596 597/779/597 647/846/647
f 596/780/596 647/846/647 649/848/649
f 595/777/595 596/778/596 649/850/649
f 595/777/595 649/850/649 640/837/640
f 655/856/655 651/852/651 654/855/654
f 655/856/655 654/855/654 656/857/656
f 657/858/657 655/859/655 656/860/656
f 657/858/657 656/860/656 658/861/658
f 659/862/659 657/858/657 658/861/658
f 659/862/659 658/861/658 660/863/660
f 661/864/661 659/862/659 660/863/660
f 661/864/661 660/863/660 662/865/662
f 652/853/652 661/866/661 662/867/662
f 652/853/652 662/867/662 653/854/653
f 527/687/527 550/713/550 610/796/610
f 527/687/527 610/796/610 611/797/611
f 599/783/599 601/785/601 652/853/652
f 599/783/599 652/853/652 651/852/651
f 600/784/600 599/783/599 651/852/651
f 600/784/600 651/852/651 655/856/655
f 604/789/604 600/790/600 655/859/655
f 604/789/604 655/859/655 657/858/657
f 603/787/603 604/789/604 657/858/657
f 603/787/603 657/858/657 659/862/659
f 602/788/602 603/787/603 659/862/659
f 602/788/602 659/862/659 661/864/661
f 601/785/601 602/786/602 661/866/661
f 601/785/601 661/866/661 652/853/652
f 616/804/616 615/803/615 663/868/663
f 616/804/616 663/868/663 664/869/664
f 665/870/665 616/804/616 664/869/664
f 665/870/665 664/869/664 666/871/666
f 667/872/667 665/873/665 666/874/666
f 667/872/667 666/874/666 668/875/668
f 669/876/669 667/872/667 668/875/668
f 669/876/669 668/875/668 670/877/670
f 671/878/671 669/876/669 670/877/670
f 671/878/671 670/877/670 672/879/672
f 615/803/615 671/880/671 672/881/672
f 615/803/615 672/881/672 663/868/663
f 611/797/611 616/804/616 665/870/665
f 611/797/611 665/870/665 612/798/612
f 612/802/612 665/873/665 667/872/667
f 612/802/612 667/872/667 614/801/614
f 614/801/614 667/872/667 669/876/669
f 614/801/614 669/876/669 613/799/613
f 613/799/613 669/876/669 671/878/671
f 613/799/613 671/878/671 609/800/609
f 609/795/609 671/880/671 615/803/615
f 609/795/609 615/803/615 610/796/610
f 673/882/673 674/883/674 675/884/675
f 673/882/673 675/884/675 676/885/676
f 505/655/505 511/661/511 499/649/499
f 505/655/505 499/649/499 498/648/498
f 511/661/511 509/663/509 500/650/500
f 511/661/511 500/650/500 499/649/499
f 506/656/506 505/655/505 498/648/498
f 506/656/506 498/648/498 677/886/677
f 509/659/509 504/654/504 497/647/497
f 509/659/509 497/647/497 500/650/500
f 504/654/504 503/653/503 678/887/678
f 504/654/504 678/887/678 497/647/497
f 503/653/503 506/656/506 677/886/677
f 503/653/503 677/886/677 678/887/678
f 664/869/664 663/868/663 563/726/563
f 664/869/664 563/726/563 562/725/562
f 663/868/663 672/881/672 564/727/564
f 663/868/663 564/727/564 563/726/563
f 666/871/666 664/869/664 562/725/562
f 666/871/666 562/725/562 565/728/565
f 672/879/672 670/877/670 584/755/584
f 672/879/672 584/755/584 564/754/564
f 670/877/670 668/875/668 585/756/585
f 670/877/670 585/756/585 584/755/584
f 668/875/668 666/874/666 565/753/565
f 668/875/668 565/753/565 585/756/585
f 656/857/656 654/855/654 567/730/567
f 656/857/656 567/730/567 566/729/566
f 654/855/654 653/854/653 568/731/568
f 654/855/654 568/731/568 567/730/567
f 653/854/653 662/867/662 569/732/569
f 653/854/653 569/732/569 568/731/568
f 662/865/662 660/863/660 582/751/582
f 662/865/662 582/751/582 569/750/569
f 660/863/660 658/861/658 583/752/583
f 660/863/660 583/752/583 582/751/582
f 658/861/658 656/860/656 566/749/566
f 658/861/658 566/749/566 583/752/583
f 644/841/644 642/839/642 571/734/571
f 644/841/644 571/734/571 570/733/570
f 642/839/642 641/838/641 572/735/572
f 642/839/642 572/735/572 571/734/571
f 641/838/641 650/851/650 573/736/573
f 641/838/641 573/736/573 572/735/572
f 650/849/650 648/847/648 580/747/580
f 650/849/650 580/747/580 573/746/573
f 648/847/648 646/845/646 581/748/581
f 648/847/648 581/748/581 580/747/580
f 646/845/646 644/844/644 570/745/570
f 646/845/646 570/745/570 581/748/581
f 608/794/608 607/793/607 575/738/575
f 608/794/608 575/738/575 574/737/574
f 607/793/607 638/835/638 576/739/576
f 607/793/607 576/739/576 575/738/575
f 638/835/638 636/834/636 577/740/577
f 638/835/638 577/740/577 576/739/576
f 636/831/636 634/829/634 578/743/578
f 636/831/636 578/743/578 577/742/577
f 634/829/634 632/827/632 579/744/579
f 634/829/634 579/744/579 578/743/578
f 632/827/632 608/826/608 574/741/574
f 632/827/632 574/741/574 579/744/579
f 628/820/628 502/652/502 501/651/501
f 628/820/628 501/651/501 629/821/629
f 507/657/507 502/652/502 628/820/628
f 507/657/507 628/820/628 627/819/627
f 508/658/508 507/657/507 627/819/627
f 508/658/508 627/819/627 624/816/624
f 512/662/512 508/658/508 624/816/624
f 512/662/512 624/816/624 623/815/623
f 510/664/510 512/662/512 623/815/623
f 510/664/510 623/815/623 630/823/630
f 501/651/501 510/660/510 630/822/630
f 501/651/501 630/822/630 629/821/629
f 677/886/677 498/648/498 497/647/497
f 677/886/677 497/647/497 678/887/678
f 472/617/472 456/599/456 455/598/455
f 472/617/472 455/598/455 473/618/473
f 470/615/470 456/599/456 472/617/472
f 470/615/470 472/617/472 471/616/471
f 468/613/468 470/615/470 471/616/471
f 468/613/468 471/616/471 478/624/478
f 466/611/466 468/613/468 478/624/478
f 466/611/466 478/624/478 477/623/477
f 464/609/464 466/611/466 477/623/477
f 464/609/464 477/623/477 476/622/476
f 462/606/462 464/609/464 476/622/476
f 462/606/462 476/622/476 475/621/475
f 460/607/460 462/606/462 475/621/475
f 460/607/460 475/621/475 474/620/474
f 455/598/455 460/603/460 474/619/474
f 455/598/455 474/619/474 473/618/473
f 679/888/679 680/889/680 442/584/442
f 679/888/679 442/584/442 453/596/453
f 490/640/490 492/639/492 452/595/452
f 490/640/490 452/595/452 451/594/451
f 488/634/488 490/636/490 451/593/451
f 488/634/488 451/593/451 450/592/450
f 486/632/486 488/634/488 450/592/450
f 486/632/486 450/592/450 449/591/449
f 484/630/484 486/632/486 449/591/449
f 484/630/484 449/591/449 448/590/448
f 481/627/481 484/630/484 448/590/448
f 481/627/481 448/590/448 447/589/447
f 482/628/482 481/627/481 447/589/447
f 482/628/482 447/589/447 446/588/446
f 680/889/680 681/890/681 443/585/443
f 680/889/680 443/585/443 442/584/442
f 682/891/682 243/892/243 242/644/242
f 682/891/682 242/644/242 495/643/495
f 683/893/683 244/894/244 243/892/243
f 683/893/683 243/892/243 682/891/682
f 684/895/684 245/896/245 244/894/244
f 684/895/684 244/894/244 683/893/683
f 685/897/685 246/898/246 245/896/245
f 685/897/685 245/896/245 684/895/684
f 686/899/686 247/900/247 246/901/246
f 686/899/686 246/901/246 685/902/685
f 687/903/687 240/904/240 247/900/247
f 687/903/687 247/900/247 686/899/686
f 688/905/688 689/906/689 690/907/690
f 688/905/688 690/907/690 691/908/691
f 692/909/692 693/910/693 689/906/689
f 692/909/692 689/906/689 688/905/688
f 694/911/694 695/912/695 693/910/693
f 694/911/694 693/910/693 692/909/692
f 696/913/696 697/914/697 695/912/695
f 696/913/696 695/912/695 694/911/694
f 698/915/698 699/916/699 697/914/697
f 698/915/698 697/914/697 696/913/696
f 700/917/700 701/918/701 699/916/699
f 700/917/700 699/916/699 698/915/698
f 702/919/702 703/920/703 701/921/701
f 702/919/702 701/921/701 700/922/700
f 691/908/691 690/907/690 703/920/703
f 691/908/691 703/920/703 702/919/702
f 704/923/704 705/924/705 706/925/706
f 704/923/704 706/925/706 707/926/707
f 705/924/705 704/923/704 708/927/708
f 705/924/705 708/927/708 709/928/709
f 709/929/709 708/930/708 710/931/710
f 709/929/709 710/931/710 711/932/711
f 711/932/711 710/931/710 712/933/712
f 711/932/711 712/933/712 713/934/713
f 713/934/713 712/933/712 714/935/714
f 713/934/713 714/935/714 715/936/715
f 715/936/715 714/935/714 716/937/716
f 715/936/715 716/937/716 717/938/717
f 717/938/717 716/937/716 718/939/718
f 717/938/717 718/939/718 719/940/719
f 719/940/719 718/939/718 707/926/707
f 719/940/719 707/926/707 706/925/706
f 691/908/691 720/941/720 721/942/721
f 691/908/691 721/942/721 688/905/688
f 702/919/702 722/943/722 720/941/720
f 702/919/702 720/941/720 691/908/691
f 700/922/700 723/944/723 722/943/722
f 700/922/700 722/943/722 702/919/702
f 698/915/698 724/945/724 723/946/723
f 698/915/698 723/946/723 700/917/700
f 696/913/696 725/947/725 724/945/724
f 696/913/696 724/945/724 698/915/698
f 694/911/694 726/948/726 725/947/725
f 694/911/694 725/947/725 696/913/696
f 692/909/692 727/949/727 726/948/726
f 692/909/692 726/948/726 694/911/694
f 688/905/688 721/942/721 727/949/727
f 688/905/688 727/949/727 692/909/692
f 728/950/728 729/951/729 730/952/730
f 728/950/728 730/952/730 731/953/731
f 495/643/495 496/646/496 732/954/732
f 495/643/495 732/954/732 733/955/733
f 682/891/682 495/643/495 733/955/733
f 682/891/682 733/955/733 734/956/734
f 683/893/683 682/891/682 734/956/734
f 683/893/683 734/956/734 735/957/735
f 684/895/684 683/893/683 735/957/735
f 684/895/684 735/957/735 736/958/736
f 685/897/685 684/895/684 736/958/736
f 685/897/685 736/958/736 737/959/737
f 686/899/686 685/902/685 737/960/737
f 686/899/686 737/960/737 738/961/738
f 729/951/729 739/962/739 740/963/740
f 729/951/729 740/963/740 730/952/730
f 741/964/741 742/965/742 743/966/743
f 741/964/741 743/966/743 744/967/744
f 745/968/745 746/969/746 747/970/747
f 745/968/745 747/970/747 748/971/748
f 749/972/749 750/973/750 751/974/751
f 749/972/749 751/974/751 752/975/752
f 746/969/746 745/968/745 753/976/753
f 746/969/746 753/976/753 754/977/754
f 755/978/755 756/979/756 750/973/750
f 755/978/755 750/973/750 749/972/749
f 754/980/754 753/981/753 756/979/756
f 754/980/754 756/979/756 755/978/755
f 706/982/706 757/983/757 758/984/758
f 706/982/706 758/984/758 719/985/719
f 705/986/705 759/987/759 760/988/760
f 705/986/705 760/988/760 706/989/706
f 761/990/761 762/991/762 763/992/763
f 761/990/761 763/992/763 764/993/764
f 764/994/764 763/995/763 765/996/765
f 764/994/764 765/996/765 766/997/766
f 706/989/706 760/988/760 757/998/757
f 717/999/717 767/1000/767 768/1001/768
f 769/1002/769 770/1003/770 771/1004/771
f 769/1002/769 771/1004/771 772/1005/772
f 773/1006/773 774/1007/774 770/1008/770
f 773/1006/773 770/1008/770 769/1009/769
f 775/1010/775 776/1011/776 774/1007/774
f 775/1010/775 774/1007/774 773/1006/773
f 777/1012/777 778/1013/778 779/1014/779
f 777/1012/777 779/1014/779 775/1010/775
f 780/1015/780 781/1016/781 782/1017/782
f 780/1015/780 782/1017/782 777/1012/777
f 765/996/765 783/1018/783 784/1019/784
f 765/996/765 784/1019/784 780/1015/780
f 763/995/763 785/1020/785 783/1018/783
f 763/995/763 783/1018/783 765/996/765
f 762/991/762 786/1021/786 785/1022/785
f 762/991/762 785/1022/785 763/992/763
f 787/1023/787 788/1024/788 786/1021/786
f 787/1023/787 786/1021/786 762/991/762
f 789/1025/789 790/1026/790 791/1027/791
f 789/1025/789 791/1027/791 787/1023/787
f 792/1028/792 793/1029/793 794/1030/794
f 792/1028/792 794/1030/794 789/1025/789
f 772/1005/772 771/1004/771 795/1031/795
f 772/1005/772 795/1031/795 792/1028/792
f 795/1031/795 796/1032/796 797/1033/797
f 795/1031/795 797/1033/797 798/1034/798
f 798/1034/798 797/1033/797 799/1035/799
f 798/1034/798 799/1035/799 793/1029/793
f 794/1030/794 800/1036/800 801/1037/801
f 794/1030/794 801/1037/801 802/1038/802
f 802/1038/802 801/1037/801 803/1039/803
f 802/1038/802 803/1039/803 790/1026/790
f 791/1027/791 804/1040/804 805/1041/805
f 791/1027/791 805/1041/805 806/1042/806
f 806/1042/806 805/1041/805 807/1043/807
f 806/1042/806 807/1043/807 788/1024/788
f 808/1044/808 809/1045/809 810/1046/810
f 808/1044/808 810/1046/810 811/1047/811
f 812/1048/812 813/1049/813 814/1050/814
f 812/1048/812 814/1050/814 815/1051/815
f 816/1052/816 817/1053/817 818/1054/818
f 816/1052/816 818/1054/818 819/1055/819
f 820/1056/820 821/1057/821 822/1058/822
f 820/1056/820 822/1058/822 823/1059/823
f 820/1060/820 824/1061/824 825/1062/825
f 820/1060/820 825/1062/825 821/1063/821
f 816/1064/816 826/1065/826 827/1066/827
f 816/1064/816 827/1066/827 817/1067/817
f 812/1068/812 828/1069/828 829/1070/829
f 812/1068/812 829/1070/829 813/1071/813
f 809/1072/809 830/1073/830 831/1074/831
f 809/1072/809 831/1074/831 810/1075/810
f 792/1028/792 798/1034/798 793/1029/793
f 792/1028/792 795/1031/795 798/1034/798
f 789/1025/789 802/1038/802 790/1026/790
f 789/1025/789 794/1030/794 802/1038/802
f 787/1023/787 806/1042/806 788/1024/788
f 787/1023/787 791/1027/791 806/1042/806
f 780/1015/780 832/1076/832 781/1016/781
f 780/1015/780 784/1019/784 832/1076/832
f 777/1012/777 833/1077/833 778/1013/778
f 777/1012/777 782/1017/782 833/1077/833
f 775/1010/775 834/1078/834 776/1011/776
f 775/1010/775 779/1014/779 834/1078/834
f 796/1079/796 776/1011/776 834/1078/834
f 796/1079/796 834/1078/834 797/1080/797
f 797/1080/797 834/1078/834 779/1014/779
f 797/1080/797 779/1014/779 799/1081/799
f 800/1082/800 778/1013/778 833/1077/833
f 800/1082/800 833/1077/833 801/1083/801
f 801/1083/801 833/1077/833 782/1017/782
f 801/1083/801 782/1017/782 803/1084/803
f 804/1085/804 781/1016/781 832/1076/832
f 804/1085/804 832/1076/832 805/1086/805
f 805/1086/805 832/1076/832 784/1019/784
f 805/1086/805 784/1019/784 807/1087/807
f 788/1024/788 676/885/676 835/1088/835
f 788/1024/788 835/1088/835 786/1021/786
f 786/1021/786 835/1088/835 836/1089/836
f 786/1021/786 836/1089/836 785/1022/785
f 785/1020/785 836/1090/836 837/1091/837
f 785/1020/785 837/1091/837 783/1018/783
f 783/1018/783 837/1091/837 838/1092/838
f 783/1018/783 838/1092/838 784/1019/784
f 784/1019/784 838/1092/838 673/1093/673
f 784/1019/784 673/1093/673 807/1087/807
f 803/1039/803 839/1094/839 840/1095/840
f 803/1039/803 840/1095/840 790/1026/790
f 790/1026/790 840/1095/840 841/1096/841
f 790/1026/790 841/1096/841 791/1027/791
f 791/1027/791 841/1096/841 842/1097/842
f 791/1027/791 842/1097/842 804/1040/804
f 804/1085/804 842/1098/842 843/1099/843
f 804/1085/804 843/1099/843 781/1016/781
f 781/1016/781 843/1099/843 844/1100/844
f 781/1016/781 844/1100/844 782/1017/782
f 782/1017/782 844/1100/844 839/1101/839
f 782/1017/782 839/1101/839 803/1084/803
f 799/1035/799 845/1102/845 846/1103/846
f 799/1035/799 846/1103/846 793/1029/793
f 793/1029/793 846/1103/846 847/1104/847
f 793/1029/793 847/1104/847 794/1030/794
f 794/1030/794 847/1104/847 848/1105/848
f 794/1030/794 848/1105/848 800/1036/800
f 800/1082/800 848/1106/848 849/1107/849
f 800/1082/800 849/1107/849 778/1013/778
f 778/1013/778 849/1107/849 850/1108/850
f 778/1013/778 850/1108/850 779/1014/779
f 779/1014/779 850/1108/850 845/1109/845
f 779/1014/779 845/1109/845 799/1081/799
f 771/1004/771 851/1110/851 852/1111/852
f 771/1004/771 852/1111/852 795/1031/795
f 795/1031/795 852/1111/852 853/1112/853
f 795/1031/795 853/1112/853 796/1032/796
f 770/1003/770 854/1113/854 851/1110/851
f 770/1003/770 851/1110/851 771/1004/771
f 796/1079/796 853/1114/853 855/1115/855
f 796/1079/796 855/1115/855 776/1011/776
f 776/1011/776 855/1115/855 856/1116/856
f 776/1011/776 856/1116/856 774/1007/774
f 774/1007/774 856/1116/856 854/1117/854
f 774/1007/774 854/1117/854 770/1008/770
f 857/1118/857 858/1119/858 711/1120/711
f 857/1118/857 711/1120/711 713/1121/713
f 715/1122/715 859/1123/859 857/1118/857
f 715/1122/715 857/1118/857 713/1121/713
f 752/975/752 751/974/751 748/971/748
f 752/975/752 748/971/748 747/970/747
f 709/1124/709 860/1125/860 861/1126/861
f 789/1025/789 787/1023/787 862/1127/862
f 789/1025/789 862/1127/862 768/1001/768
f 711/1120/711 858/1119/858 860/1125/860
f 711/1120/711 860/1125/860 709/1124/709
f 858/1119/858 863/1128/863 864/1129/864
f 858/1119/858 864/1129/864 860/1125/860
f 715/1122/715 865/1130/865 859/1123/859
f 705/986/705 866/1131/866 759/987/759
f 867/1132/867 863/1128/863 858/1119/858
f 867/1132/867 858/1119/858 857/1118/857
f 868/1133/868 867/1132/867 857/1118/857
f 868/1133/868 857/1118/857 859/1123/859
f 862/1127/862 787/1023/787 762/991/762
f 862/1127/862 762/991/762 761/990/761
f 865/1130/865 869/1134/869 868/1133/868
f 865/1130/865 868/1133/868 859/1123/859
f 717/999/717 862/1127/862 865/1130/865
f 717/999/717 865/1130/865 715/1122/715
f 717/999/717 768/1001/768 862/1127/862
f 865/1130/865 862/1127/862 761/990/761
f 865/1130/865 761/990/761 869/1134/869
f 869/1134/869 761/990/761 764/993/764
f 869/1134/869 764/993/764 870/1135/870
f 870/1136/870 764/994/764 766/997/766
f 870/1136/870 766/997/766 864/1129/864
f 861/1126/861 860/1125/860 864/1129/864
f 861/1126/861 864/1129/864 766/997/766
f 767/1000/767 792/1028/792 789/1025/789
f 767/1000/767 789/1025/789 768/1001/768
f 758/984/758 772/1005/772 792/1028/792
f 758/984/758 792/1028/792 767/1000/767
f 757/983/757 769/1002/769 772/1005/772
f 757/983/757 772/1005/772 758/984/758
f 760/988/760 773/1006/773 769/1009/769
f 760/988/760 769/1009/769 757/998/757
f 759/987/759 775/1010/775 773/1006/773
f 759/987/759 773/1006/773 760/988/760
f 866/1131/866 777/1012/777 775/1010/775
f 866/1131/866 775/1010/775 759/987/759
f 861/1126/861 780/1015/780 777/1012/777
f 861/1126/861 777/1012/777 866/1131/866
f 709/1124/709 861/1126/861 866/1131/866
f 709/1124/709 866/1131/866 705/986/705
f 766/997/766 765/996/765 780/1015/780
f 766/997/766 780/1015/780 861/1126/861
f 674/883/674 871/1137/871 872/1138/872
f 674/883/674 872/1138/872 675/884/675
f 873/1139/873 874/1140/874 871/1141/871
f 873/1139/873 871/1141/871 674/1142/674
f 875/1143/875 876/1144/876 874/1140/874
f 875/1143/875 874/1140/874 873/1139/873
f 877/1145/877 878/1146/878 876/1144/876
f 877/1145/877 876/1144/876 875/1143/875
f 879/1147/879 880/1148/880 878/1149/878
f 879/1147/879 878/1149/878 877/1150/877
f 675/884/675 872/1138/872 880/1148/880
f 675/884/675 880/1148/880 879/1147/879
f 838/1092/838 873/1139/873 674/1142/674
f 838/1092/838 674/1142/674 673/1093/673
f 837/1091/837 875/1143/875 873/1139/873
f 837/1091/837 873/1139/873 838/1092/838
f 836/1090/836 877/1145/877 875/1143/875
f 836/1090/836 875/1143/875 837/1091/837
f 835/1088/835 879/1147/879 877/1150/877
f 835/1088/835 877/1150/877 836/1089/836
f 676/885/676 675/884/675 879/1147/879
f 676/885/676 879/1147/879 835/1088/835
f 840/1095/840 881/1151/881 882/1152/882
f 840/1095/840 882/1152/882 841/1096/841
f 881/1151/881 883/1153/883 884/1154/884
f 881/1151/881 884/1154/884 882/1152/882
f 885/1155/885 886/1156/886 883/1153/883
f 885/1155/885 883/1153/883 881/1151/881
f 887/1157/887 888/1158/888 886/1159/886
f 887/1157/887 886/1159/886 885/1160/885
f 889/1161/889 890/1162/890 888/1158/888
f 889/1161/889 888/1158/888 887/1157/887
f 891/1163/891 892/1164/892 890/1162/890
f 891/1163/891 890/1162/890 889/1161/889
f 882/1152/882 884/1154/884 892/1165/892
f 882/1152/882 892/1165/892 891/1166/891
f 839/1094/839 885/1155/885 881/1151/881
f 839/1094/839 881/1151/881 840/1095/840
f 844/1100/844 887/1157/887 885/1160/885
f 844/1100/844 885/1160/885 839/1101/839
f 843/1099/843 889/1161/889 887/1157/887
f 843/1099/843 887/1157/887 844/1100/844
f 842/1098/842 891/1163/891 889/1161/889
f 842/1098/842 889/1161/889 843/1099/843
f 841/1096/841 882/1152/882 891/1166/891
f 841/1096/841 891/1166/891 842/1097/842
f 846/1103/846 893/1167/893 894/1168/894
f 846/1103/846 894/1168/894 847/1104/847
f 893/1167/893 895/1169/895 896/1170/896
f 893/1167/893 896/1170/896 894/1168/894
f 897/1171/897 898/1172/898 895/1169/895
f 897/1171/897 895/1169/895 893/1167/893
f 899/1173/899 900/1174/900 898/1175/898
f 899/1173/899 898/1175/898 897/1176/897
f 901/1177/901 902/1178/902 900/1174/900
f 901/1177/901 900/1174/900 899/1173/899
f 903/1179/903 904/1180/904 902/1178/902
f 903/1179/903 902/1178/902 901/1177/901
f 894/1168/894 896/1170/896 904/1181/904
f 894/1168/894 904/1181/904 903/1182/903
f 845/1102/845 897/1171/897 893/1167/893
f 845/1102/845 893/1167/893 846/1103/846
f 850/1108/850 899/1173/899 897/1176/897
f 850/1108/850 897/1176/897 845/1109/845
f 849/1107/849 901/1177/901 899/1173/899
f 849/1107/849 899/1173/899 850/1108/850
f 848/1106/848 903/1179/903 901/1177/901
f 848/1106/848 901/1177/901 849/1107/849
f 847/1104/847 894/1168/894 903/1182/903
f 847/1104/847 903/1182/903 848/1105/848
f 851/1110/851 905/1183/905 906/1184/906
f 851/1110/851 906/1184/906 852/1111/852
f 905/1183/905 907/1185/907 908/1186/908
f 905/1183/905 908/1186/908 906/1184/906
f 909/1187/909 910/1188/910 907/1185/907
f 909/1187/909 907/1185/907 905/1183/905
f 911/1189/911 912/1190/912 910/1191/910
f 911/1189/911 910/1191/910 909/1192/909
f 913/1193/913 914/1194/914 912/1190/912
f 913/1193/913 912/1190/912 911/1189/911
f 915/1195/915 916/1196/916 914/1194/914
f 915/1195/915 914/1194/914 913/1193/913
f 906/1184/906 908/1186/908 916/1197/916
f 906/1184/906 916/1197/916 915/1198/915
f 854/1113/854 909/1187/909 905/1183/905
f 854/1113/854 905/1183/905 851/1110/851
f 856/1116/856 911/1189/911 909/1192/909
f 856/1116/856 909/1192/909 854/1117/854
f 855/1115/855 913/1193/913 911/1189/911
f 855/1115/855 911/1189/911 856/1116/856
f 853/1114/853 915/1195/915 913/1193/913
f 853/1114/853 913/1193/913 855/1115/855
f 852/1111/852 906/1184/906 915/1198/915
f 852/1111/852 915/1198/915 853/1112/853
f 749/972/749 744/967/744 743/966/743
f 749/972/749 743/966/743 755/978/755
f 755/978/755 743/966/743 742/965/742
f 755/978/755 742/965/742 754/980/754
f 752/975/752 917/1199/917 744/967/744
f 752/975/752 744/967/744 749/972/749
f 754/977/754 742/965/742 741/964/741
f 754/977/754 741/964/741 746/969/746
f 746/969/746 741/964/741 918/1200/918
f 746/969/746 918/1200/918 747/970/747
f 747/970/747 918/1200/918 917/1199/917
f 747/970/747 917/1199/917 752/975/752
f 907/1185/907 808/1044/808 811/1047/811
f 907/1185/907 811/1047/811 908/1186/908
f 908/1186/908 811/1047/811 810/1046/810
f 908/1186/908 810/1046/810 916/1197/916
f 910/1188/910 809/1045/809 808/1044/808
f 910/1188/910 808/1044/808 907/1185/907
f 916/1196/916 810/1075/810 831/1074/831
f 916/1196/916 831/1074/831 914/1194/914
f 914/1194/914 831/1074/831 830/1073/830
f 914/1194/914 830/1073/830 912/1190/912
f 912/1190/912 830/1073/830 809/1072/809
f 912/1190/912 809/1072/809 910/1191/910
f 898/1172/898 812/1048/812 815/1051/815
f 898/1172/898 815/1051/815 895/1169/895
f 895/1169/895 815/1051/815 814/1050/814
f 895/1169/895 814/1050/814 896/1170/896
f 896/1170/896 814/1050/814 813/1049/813
f 896/1170/896 813/1049/813 904/1181/904
f 904/1180/904 813/1071/813 829/1070/829
f 904/1180/904 829/1070/829 902/1178/902
f 902/1178/902 829/1070/829 828/1069/828
f 902/1178/902 828/1069/828 900/1174/900
f 900/1174/900 828/1069/828 812/1068/812
f 900/1174/900 812/1068/812 898/1175/898
f 886/1156/886 816/1052/816 819/1055/819
f 886/1156/886 819/1055/819 883/1153/883
f 883/1153/883 819/1055/819 818/1054/818
f 883/1153/883 818/1054/818 884/1154/884
f 884/1154/884 818/1054/818 817/1053/817
f 884/1154/884 817/1053/817 892/1165/892
f 892/1164/892 817/1067/817 827/1066/827
f 892/1164/892 827/1066/827 890/1162/890
f 890/1162/890 827/1066/827 826/1065/826
f 890/1162/890 826/1065/826 888/1158/888
f 888/1158/888 826/1065/826 816/1064/816
f 888/1158/888 816/1064/816 886/1159/886
f 871/1137/871 820/1056/820 823/1059/823
f 871/1137/871 823/1059/823 872/1138/872
f 872/1138/872 823/1059/823 822/1058/822
f 872/1138/872 822/1058/822 880/1148/880
f 880/1148/880 822/1058/822 821/1057/821
f 880/1148/880 821/1057/821 878/1149/878
f 878/1146/878 821/1063/821 825/1062/825
f 878/1146/878 825/1062/825 876/1144/876
f 876/1144/876 825/1062/825 824/1061/824
f 876/1144/876 824/1061/824 874/1140/874
f 874/1140/874 824/1061/824 820/1060/820
f 874/1140/874 820/1060/820 871/1141/871
f 868/1133/868 869/1134/869 745/968/745
f 868/1133/868 745/968/745 748/971/748
f 751/974/751 867/1132/867 868/1133/868
f 751/974/751 868/1133/868 748/971/748
f 750/973/750 863/1128/863 867/1132/867
f 750/973/750 867/1132/867 751/974/751
f 756/979/756 864/1129/864 863/1128/863
f 756/979/756 863/1128/863 750/973/750
f 753/981/753 870/1136/870 864/1129/864
f 753/981/753 864/1129/864 756/979/756
f 745/968/745 869/1134/869 870/1135/870
f 745/968/745 870/1135/870 753/976/753
f 917/1199/917 918/1200/918 741/964/741
f 917/1199/917 741/964/741 744/967/744
f 807/1043/807 673/882/673 676/885/676
f 807/1043/807 676/885/676 788/1024/788
f 720/941/720 722/943/722 704/923/704
f 720/941/720 704/923/704 707/926/707
f 718/939/718 721/942/721 720/941/720
f 718/939/718 720/941/720 707/926/707
f 716/937/716 727/949/727 721/942/721
f 716/937/716 721/942/721 718/939/718
f 714/935/714 726/948/726 727/949/727
f 714/935/714 727/949/727 716/937/716
f 712/933/712 725/947/725 726/948/726
f 712/933/712 726/948/726 714/935/714
f 710/931/710 724/945/724 725/947/725
f 710/931/710 725/947/725 712/933/712
f 708/930/708 723/946/723 724/945/724
f 708/930/708 724/945/724 710/931/710
f 704/923/704 722/943/722 723/944/723
f 704/923/704 723/944/723 708/927/708
f 328/1201/328 327/1202/327 479/625/479
f 328/1201/328 479/625/479 493/641/493
f 327/1202/327 329/1203/329 480/626/480
f 327/1202/327 480/626/480 479/625/479
f 329/1203/329 330/1204/330 483/629/483
f 329/1203/329 483/629/483 480/626/480
f 330/1204/330 331/1205/331 485/631/485
f 330/1204/330 485/631/485 483/629/483
f 331/1205/331 332/1206/332 487/633/487
f 331/1205/331 487/633/487 485/631/485
f 332/1206/332 333/1207/333 489/635/489
f 332/1206/332 489/635/489 487/633/487
f 333/1208/333 334/1209/334 491/638/491
f 333/1208/333 491/638/491 489/637/489
f 334/1209/334 328/1201/328 493/641/493
f 334/1209/334 493/641/493 491/638/491
f 740/963/740 919/1210/919 920/1211/920
f 740/963/740 920/1211/920 730/952/730
f 737/960/737 701/921/701 703/920/703
f 737/960/737 703/920/703 738/961/738
f 736/958/736 699/916/699 701/918/701
f 736/958/736 701/918/701 737/959/737
f 735/957/735 697/914/697 699/916/699
f 735/957/735 699/916/699 736/958/736
f 734/956/734 695/912/695 697/914/697
f 734/956/734 697/914/697 735/957/735
f 733/955/733 693/910/693 695/912/695
f 733/955/733 695/912/695 734/956/734
f 732/954/732 689/906/689 693/910/693
f 732/954/732 693/910/693 733/955/733
f 730/952/730 920/1211/920 921/1212/921
f 730/952/730 921/1212/921 731/953/731
f 413/1213/413 922/1214/922 923/1215/923
f 413/1213/413 923/1215/923 924/1216/924
f 924/1216/924 923/1215/923 925/1217/925
f 924/1216/924 925/1217/925 926/1218/926
f 422/1219/422 927/1220/927 928/1221/928
f 422/1219/422 928/1221/928 395/1222/395
f 408/1223/408 373/1224/373 929/1225/929
f 408/1223/408 929/1225/929 930/1226/930
f 422/1219/422 931/1227/931 932/1228/932
f 422/1219/422 932/1228/932 927/1220/927
f 373/1224/373 395/1222/395 928/1221/928
f 373/1224/373 928/1221/928 929/1225/929
f 413/1213/413 408/1223/408 930/1226/930
f 413/1213/413 930/1226/930 922/1214/922
f 930/1229/930 933/1230/933 934/1231/934
f 930/1229/930 934/1231/934 922/1232/922
f 928/1233/928 935/1234/935 936/1235/936
f 928/1233/928 936/1235/936 929/1236/929
f 927/1237/927 937/1238/937 935/1234/935
f 927/1237/927 935/1234/935 928/1233/928
f 929/1236/929 936/1235/936 933/1230/933
f 929/1236/929 933/1230/933 930/1229/930
f 922/1232/922 934/1231/934 938/1239/938
f 922/1232/922 938/1239/938 923/1240/923
f 934/1231/934 939/1241/939 940/1242/940
f 934/1231/934 940/1242/940 938/1239/938
f 933/1230/933 941/1243/941 939/1241/939
f 933/1230/933 939/1241/939 934/1231/934
f 935/1234/935 942/1244/942 943/1245/943
f 935/1234/935 943/1245/943 936/1235/936
f 937/1238/937 944/1246/944 942/1244/942
f 937/1238/937 942/1244/942 935/1234/935
f 936/1235/936 943/1245/943 941/1243/941
f 936/1235/936 941/1243/941 933/1230/933
f 932/1247/932 945/1248/945 937/1238/937
f 932/1247/932 937/1238/937 927/1237/927
f 925/1249/925 945/1248/945 932/1247/932
f 945/1248/945 946/1250/946 944/1246/944
f 945/1248/945 944/1246/944 937/1238/937
f 925/1249/925 947/1251/947 946/1250/946
f 925/1249/925 946/1250/946 945/1248/945
f 923/1252/923 948/1253/948 947/1251/947
f 923/1252/923 947/1251/947 925/1249/925
f 938/1239/938 949/1254/949 948/1255/948
f 938/1239/938 948/1255/948 923/1240/923
f 940/1242/940 950/1256/950 949/1254/949
f 940/1242/940 949/1254/949 938/1239/938
f 950/1256/950 951/1257/951 952/1258/952
f 950/1256/950 952/1258/952 949/1254/949
f 939/1241/939 953/1259/953 954/1260/954
f 939/1241/939 954/1260/954 940/1242/940
f 941/1243/941 955/1261/955 953/1259/953
f 941/1243/941 953/1259/953 939/1241/939
f 942/1244/942 956/1262/956 957/1263/957
f 942/1244/942 957/1263/957 943/1245/943
f 944/1246/944 958/1264/958 956/1262/956
f 944/1246/944 956/1262/956 942/1244/942
f 943/1245/943 957/1263/957 955/1261/955
f 943/1245/943 955/1261/955 941/1243/941
f 946/1250/946 959/1265/959 958/1264/958
f 946/1250/946 958/1264/958 944/1246/944
f 947/1251/947 960/1266/960 959/1265/959
f 947/1251/947 959/1265/959 946/1250/946
f 940/1242/940 954/1260/954 961/1267/961
f 940/1242/940 961/1267/961 950/1256/950
f 948/1253/948 962/1268/962 960/1266/960
f 948/1253/948 960/1266/960 947/1251/947
f 963/1269/963 964/1270/964 965/1271/965
f 963/1269/963 965/1271/965 966/1272/966
f 952/1273/952 956/1262/956 958/1264/958
f 952/1273/952 958/1264/958 959/1265/959
f 957/1263/957 951/1274/951 961/1267/961
f 957/1263/957 961/1267/961 955/1261/955
f 952/1258/952 948/1255/948 949/1254/949
f 952/1273/952 962/1268/962 948/1253/948
f 950/1256/950 961/1267/961 951/1257/951
f 956/1262/956 952/1273/952 951/1274/951
f 956/1262/956 951/1274/951 957/1263/957
f 959/1265/959 960/1266/960 962/1268/962
f 959/1265/959 962/1268/962 952/1273/952
f 955/1261/955 961/1267/961 954/1260/954
f 955/1261/955 954/1260/954 953/1259/953
f 368/1275/368 967/1276/967 968/1277/968
f 368/1275/368 968/1277/968 969/1278/969
f 967/1276/967 970/1279/970 971/1280/971
f 967/1276/967 971/1280/971 968/1277/968
f 972/1281/972 425/1282/425 973/1283/973
f 369/1284/369 974/1285/974 975/1286/975
f 369/1284/369 975/1286/975 396/1287/396
f 925/1217/925 932/1228/932 976/1288/976
f 925/1217/925 976/1288/976 926/1218/926
f 972/1281/972 973/1283/973 977/1289/977
f 972/1281/972 977/1289/977 978/1290/978
f 396/1287/396 975/1286/975 979/1291/979
f 396/1287/396 979/1291/979 424/1292/424
f 368/1275/368 969/1278/969 974/1285/974
f 368/1275/368 974/1285/974 369/1284/369
f 974/1293/974 969/1294/969 980/1295/980
f 974/1293/974 980/1295/980 981/1296/981
f 979/1297/979 975/1298/975 982/1299/982
f 979/1297/979 982/1299/982 983/1300/983
f 973/1301/973 979/1297/979 983/1300/983
f 973/1301/973 983/1300/983 984/1302/984
f 975/1298/975 974/1293/974 981/1296/981
f 975/1298/975 981/1296/981 982/1299/982
f 969/1294/969 968/1303/968 985/1304/985
f 969/1294/969 985/1304/985 980/1295/980
f 980/1295/980 985/1304/985 986/1305/986
f 980/1295/980 986/1305/986 987/1306/987
f 981/1296/981 980/1295/980 987/1306/987
f 981/1296/981 987/1306/987 988/1307/988
f 983/1300/983 982/1299/982 989/1308/989
f 983/1300/983 989/1308/989 990/1309/990
f 984/1302/984 983/1300/983 990/1309/990
f 984/1302/984 990/1309/990 991/1310/991
f 982/1299/982 981/1296/981 988/1307/988
f 982/1299/982 988/1307/988 989/1308/989
f 977/1311/977 973/1301/973 984/1302/984
f 977/1311/977 984/1302/984 992/1312/992
f 971/1313/971 977/1311/977 992/1312/992
f 992/1312/992 984/1302/984 991/1310/991
f 992/1312/992 991/1310/991 993/1314/993
f 971/1313/971 992/1312/992 993/1314/993
f 971/1313/971 993/1314/993 994/1315/994
f 968/1316/968 971/1313/971 994/1315/994
f 968/1316/968 994/1315/994 995/1317/995
f 985/1304/985 968/1303/968 995/1318/995
f 985/1304/985 995/1318/995 996/1319/996
f 986/1305/986 985/1304/985 996/1319/996
f 986/1305/986 996/1319/996 997/1320/997
f 997/1320/997 996/1319/996 964/1321/964
f 997/1320/997 964/1321/964 998/1322/998
f 987/1306/987 986/1305/986 999/1323/999
f 987/1306/987 999/1323/999 1000/1324/1000
f 988/1307/988 987/1306/987 1000/1324/1000
f 988/1307/988 1000/1324/1000 974/1325/1001
f 990/1309/990 989/1308/989 975/1326/1002
f 990/1309/990 975/1326/1002 1001/1327/1003
f 991/1310/991 990/1309/990 1001/1327/1003
f 991/1310/991 1001/1327/1003 1002/1328/1004
f 989/1308/989 988/1307/988 974/1325/1001
f 989/1308/989 974/1325/1001 975/1326/1002
f 993/1314/993 991/1310/991 1002/1328/1004
f 993/1314/993 1002/1328/1004 963/1269/963
f 994/1315/994 993/1314/993 963/1269/963
f 994/1315/994 963/1269/963 966/1272/966
f 986/1305/986 997/1320/997 1003/1329/1005
f 986/1305/986 1003/1329/1005 999/1323/999
f 995/1317/995 994/1315/994 966/1272/966
f 995/1317/995 966/1272/966 965/1271/965
f 1003/1329/1005 974/1325/1001 1000/1324/1000
f 1003/1329/1005 1000/1324/1000 999/1323/999
f 974/1325/1001 1003/1329/1005 998/1330/998
f 974/1325/1001 998/1330/998 975/1326/1002
f 964/1321/964 996/1319/996 995/1318/995
f 964/1270/964 995/1317/995 965/1271/965
f 964/1270/964 963/1269/963 1002/1328/1004
f 964/1270/964 1002/1328/1004 1001/1327/1003
f 997/1320/997 998/1322/998 1003/1329/1005
f 998/1330/998 964/1270/964 1001/1327/1003
f 998/1330/998 1001/1327/1003 975/1326/1002
f 1004/1331/1006 1005/1332/1007 361/1333/361
f 1004/1331/1006 361/1333/361 357/1334/357
f 1006/1335/1008 1007/1336/1009 360/1337/360
f 1006/1335/1008 360/1337/360 359/1338/359
f 1008/1339/1010 1009/1340/1011 349/1341/349
f 1008/1339/1010 349/1341/349 348/1342/348
f 1010/1343/1012 1011/1344/1013 355/1345/355
f 1010/1343/1012 355/1345/355 354/1346/354
f 1012/1347/1014 1013/1348/1015 353/1349/353
f 1012/1347/1014 353/1349/353 352/1350/352
f 1007/1351/1009 1008/1339/1010 348/1342/348
f 1007/1351/1009 348/1342/348 360/1352/360
f 1014/1353/1016 1015/1354/1017 1016/1355/1018
f 1014/1353/1016 1016/1355/1018 1017/1356/1019
f 1018/1357/1020 1016/1355/1018 1015/1354/1017
f 1018/1357/1020 1015/1354/1017 1019/1358/1021
f 1020/1359/1022 1018/1357/1020 1019/1358/1021
f 1020/1359/1022 1019/1358/1021 1021/1360/1023
f 1022/1361/1024 1020/1359/1022 1021/1360/1023
f 1022/1361/1024 1021/1360/1023 1023/1362/1025
f 1024/1363/1026 1022/1361/1024 1023/1362/1025
f 1024/1363/1026 1023/1362/1025 1025/1364/1027
f 1026/1365/1028 1024/1363/1026 1025/1364/1027
f 1026/1365/1028 1025/1364/1027 1027/1366/1029
f 1028/1367/1030 1026/1365/1028 1027/1366/1029
f 1028/1367/1030 1027/1366/1029 1029/1368/1031
f 1017/1356/1019 1028/1367/1030 1029/1368/1031
f 1017/1356/1019 1029/1368/1031 1014/1353/1016
f 1028/1367/1030 1017/1356/1019 1030/1369/1032
f 1017/1356/1019 1016/1355/1018 1031/1370/1033
f 1030/1369/1032 1017/1356/1019 1031/1370/1033
f 1030/1369/1032 1031/1370/1033 1032/1371/1034
f 1020/1359/1022 1022/1361/1024 1033/1372/1035
f 1020/1359/1022 1033/1372/1035 393/1373/393
f 1022/1361/1024 1024/1363/1026 1034/1374/1036
f 1022/1361/1024 1034/1374/1036 1033/1372/1035
f 1016/1355/1018 1018/1357/1020 1035/1375/1037
f 1016/1355/1018 1035/1375/1037 1036/1376/1038
f 1018/1357/1020 1020/1359/1022 393/1373/393
f 1018/1357/1020 393/1373/393 1035/1375/1037
f 1026/1365/1028 1037/1377/1039 1034/1374/1036
f 1026/1365/1028 1034/1374/1036 1024/1363/1026
f 1037/1377/1039 1038/1378/1040 1039/1379/1041
f 1037/1377/1039 1039/1379/1041 1040/1380/1042
f 1037/1377/1039 1040/1380/1042 970/1279/970
f 1037/1377/1039 970/1279/970 1034/1374/1036
f 1040/1380/1042 1039/1379/1041 1041/1381/1043
f 1040/1380/1042 1041/1381/1043 1042/1382/1044
f 1042/1382/1044 1041/1381/1043 1043/1383/1045
f 1042/1382/1044 1043/1383/1045 1044/1384/1046
f 1040/1380/1042 1042/1382/1044 1045/1385/1047
f 1040/1380/1042 1045/1385/1047 970/1279/970
f 1042/1382/1044 1044/1384/1046 1046/1386/1048
f 1042/1382/1044 1046/1386/1048 1045/1385/1047
f 1039/1379/1041 1038/1378/1040 1047/1387/1049
f 1039/1379/1041 1047/1387/1049 1048/1388/1050
f 1034/1374/1036 970/1279/970 967/1276/967
f 1034/1374/1036 967/1276/967 1033/1372/1035
f 393/1373/393 1033/1372/1035 967/1276/967
f 393/1373/393 967/1276/967 368/1275/368
f 1041/1381/1043 1039/1379/1041 1048/1388/1050
f 1041/1381/1043 1048/1388/1050 1049/1389/1051
f 1043/1383/1045 1041/1381/1043 1049/1389/1051
f 1043/1383/1045 1049/1389/1051 1050/1390/1052
f 1044/1384/1046 1043/1383/1045 1051/1391/1053
f 1044/1384/1046 1051/1391/1053 1052/1392/1054
f 1046/1386/1048 1044/1384/1046 1052/1392/1054
f 1046/1386/1048 1052/1392/1054 1053/1393/1055
f 1043/1383/1045 1050/1390/1052 1054/1394/1056
f 1043/1383/1045 1054/1394/1056 1051/1391/1053
f 1036/1376/1038 1035/1375/1037 389/1395/389
f 1036/1376/1038 389/1395/389 388/1396/388
f 1035/1375/1037 393/1373/393 389/1395/389
f 1055/1397/1057 1056/1398/1058 1057/1399/1059
f 1055/1397/1057 1057/1399/1059 1058/1400/1060
f 1059/1401/1061 1057/1399/1059 1060/1402/1062
f 1059/1401/1061 1060/1402/1062 1061/1403/1063
f 1062/1404/1064 1063/1405/1065 1064/1406/1066
f 1062/1404/1064 1064/1406/1066 1047/1387/1049
f 1062/1404/1064 1047/1387/1049 1065/1407/1067
f 1062/1404/1064 1065/1407/1067 1066/1408/1068
f 1061/1403/1063 1067/1409/1069 1068/1410/1070
f 1061/1403/1063 1068/1410/1070 1059/1401/1061
f 1059/1401/1061 1069/1411/1071 1058/1400/1060
f 1059/1401/1061 1058/1400/1060 1057/1399/1059
f 1070/1412/1072 1071/1413/1073 1030/1369/1032
f 1070/1412/1072 1030/1369/1032 1032/1371/1034
f 1072/1414/1074 1070/1412/1072 1032/1371/1034
f 1072/1414/1074 1032/1371/1034 1073/1415/1075
f 1074/1416/1076 1068/1410/1070 1070/1412/1072
f 1074/1416/1076 1070/1412/1072 1072/1414/1074
f 1070/1412/1072 1068/1410/1070 1067/1409/1069
f 1070/1412/1072 1067/1409/1069 1066/1408/1068
f 1065/1407/1067 1071/1413/1073 1070/1412/1072
f 1065/1407/1067 1070/1412/1072 1066/1408/1068
f 1030/1369/1032 1075/1417/1077 1026/1365/1028
f 1030/1369/1032 1026/1365/1028 1028/1367/1030
f 1038/1378/1040 1037/1377/1039 1026/1365/1028
f 1038/1378/1040 1026/1365/1028 1075/1417/1077
f 1071/1413/1073 1065/1407/1067 1075/1417/1077
f 1071/1413/1073 1075/1417/1077 1030/1369/1032
f 1038/1378/1040 1075/1417/1077 1065/1407/1067
f 1038/1378/1040 1065/1407/1067 1047/1387/1049
f 1076/1418/1078 1047/1387/1049 1064/1406/1066
f 1076/1418/1078 1064/1406/1066 1077/1419/1079
f 1048/1388/1050 1078/1420/1080 1079/1421/1081
f 1048/1388/1050 1079/1421/1081 1049/1389/1051
f 1049/1389/1051 1079/1421/1081 1080/1422/1082
f 1049/1389/1051 1080/1422/1082 1050/1390/1052
f 1073/1415/1075 1032/1371/1034 1031/1370/1033
f 1073/1415/1075 1031/1370/1033 1081/1423/1083
f 1081/1423/1083 1031/1370/1033 1016/1355/1018
f 1081/1423/1083 1016/1355/1018 1082/1424/1084
f 1082/1424/1084 1016/1355/1018 1036/1376/1038
f 1082/1424/1084 1036/1376/1038 1083/1425/1085
f 1056/1398/1058 1055/1397/1057 1084/1426/1086
f 1056/1398/1058 1084/1426/1086 1085/1427/1087
f 1050/1390/1052 1080/1422/1082 1086/1428/1088
f 1050/1390/1052 1086/1428/1088 1054/1394/1056
f 1048/1388/1050 1047/1387/1049 1076/1418/1078
f 1048/1388/1050 1076/1418/1078 1078/1420/1080
f 1085/1427/1087 1077/1419/1079 1064/1406/1066
f 1085/1427/1087 1064/1406/1066 1056/1398/1058
f 976/1288/976 932/1228/932 931/1227/931
f 976/1288/976 931/1227/931 1087/1429/1089
f 1045/1385/1047 1046/1386/1048 1088/1430/1090
f 1045/1385/1047 1088/1430/1090 1089/1431/1091
f 1090/1432/1092 1053/1393/1055 1091/1433/1093
f 1090/1432/1092 1091/1433/1093 1092/1434/1094
f 1093/1435/1095 1094/1436/1096 1095/1437/1097
f 1093/1435/1095 1095/1437/1097 1096/1438/1098
f 1097/1439/1099 1098/1440/1100 1099/1441/1101
f 1097/1439/1099 1099/1441/1101 1100/1442/1102
f 1101/1443/1103 1093/1435/1095 1096/1438/1098
f 1101/1443/1103 1096/1438/1098 1102/1444/1104
f 1103/1445/1105 1097/1439/1099 1100/1442/1102
f 1103/1445/1105 1100/1442/1102 1104/1446/1106
f 1105/1447/1107 1106/1448/1108 1107/1449/1109
f 1105/1447/1107 1107/1449/1109 1108/1450/1110
f 1106/1448/1108 1103/1445/1105 1104/1446/1106
f 1106/1448/1108 1104/1446/1106 1107/1449/1109
f 1094/1436/1096 1105/1447/1107 1108/1450/1110
f 1094/1436/1096 1108/1450/1110 1095/1437/1097
f 1086/1428/1088 1080/1422/1082 1093/1435/1095
f 1086/1428/1088 1093/1435/1095 1101/1443/1103
f 1080/1422/1082 1079/1421/1081 1094/1436/1096
f 1080/1422/1082 1094/1436/1096 1093/1435/1095
f 1079/1421/1081 1078/1420/1080 1105/1447/1107
f 1079/1421/1081 1105/1447/1107 1094/1436/1096
f 1078/1420/1080 1076/1418/1078 1106/1448/1108
f 1078/1420/1080 1106/1448/1108 1105/1447/1107
f 1076/1418/1078 1077/1419/1079 1103/1445/1105
f 1076/1418/1078 1103/1445/1105 1106/1448/1108
f 1077/1419/1079 1085/1427/1087 1097/1439/1099
f 1077/1419/1079 1097/1439/1099 1103/1445/1105
f 1085/1427/1087 1084/1426/1086 1098/1440/1100
f 1085/1427/1087 1098/1440/1100 1097/1439/1099
f 1069/1411/1071 1059/1401/1061 1068/1410/1070
f 1069/1411/1071 1068/1410/1070 1074/1416/1076
f 1109/1451/1111 1110/1452/1112 1111/1453/1113
f 1109/1451/1111 1111/1453/1113 1112/1454/1114
f 1113/1455/1115 972/1456/972 978/1457/978
f 1113/1455/1115 978/1457/978 1114/1458/1116
f 1115/1459/1117 1112/1454/1114 1005/1332/1007
f 1115/1459/1117 1005/1332/1007 1004/1331/1006
f 1112/1454/1114 1111/1453/1113 1116/1460/1118
f 1112/1454/1114 1116/1460/1118 1005/1332/1007
f 1117/1461/1119 1118/1462/1120 1115/1459/1117
f 1117/1461/1119 1115/1459/1117 1004/1331/1006
f 1119/1463/1121 1118/1462/1120 1117/1461/1119
f 1119/1463/1121 1117/1461/1119 1009/1340/1011
f 1114/1458/1116 978/1457/978 1089/1464/1091
f 1114/1458/1116 1089/1464/1091 1120/1465/1122
f 1121/1466/1123 1122/1467/1124 410/1468/410
f 1121/1466/1123 410/1468/410 1123/1469/1125
f 1123/1469/1125 410/1468/410 972/1456/972
f 1123/1469/1125 972/1456/972 1113/1455/1115
f 1124/1470/1126 1125/1471/1127 1126/1472/1128
f 1124/1470/1126 1126/1472/1128 1127/1473/1129
f 1008/1339/1010 1007/1351/1009 1128/1474/1130
f 1008/1339/1010 1128/1474/1130 1129/1475/1131
f 1009/1340/1011 1008/1339/1010 1129/1475/1131
f 1009/1340/1011 1129/1475/1131 1119/1463/1121
f 1061/1403/1063 1060/1402/1062 1063/1405/1065
f 1061/1403/1063 1063/1405/1065 1062/1404/1064
f 1062/1404/1064 1066/1408/1068 1067/1409/1069
f 1062/1404/1064 1067/1409/1069 1061/1403/1063
f 1130/1476/1132 1131/1477/1133 1132/1478/1134
f 1130/1476/1132 1132/1478/1134 1133/1479/1135
f 1134/1480/1136 1130/1476/1132 1133/1479/1135
f 1134/1480/1136 1133/1479/1135 1135/1481/1137
f 1136/1482/1138 1134/1480/1136 1135/1481/1137
f 1136/1482/1138 1135/1481/1137 1137/1483/1139
f 1138/1484/1140 1136/1482/1138 1137/1483/1139
f 1138/1484/1140 1137/1483/1139 1139/1485/1141
f 1140/1486/1142 1138/1484/1140 1139/1485/1141
f 1140/1486/1142 1139/1485/1141 1141/1487/1143
f 1142/1488/1144 1140/1486/1142 1141/1487/1143
f 1142/1488/1144 1141/1487/1143 1143/1489/1145
f 1144/1490/1146 1142/1488/1144 1143/1489/1145
f 1144/1490/1146 1143/1489/1145 1145/1491/1147
f 1131/1477/1133 1144/1490/1146 1145/1491/1147
f 1131/1477/1133 1145/1491/1147 1132/1478/1134
f 1146/1492/1148 1147/1493/1149 1143/1494/1145
f 1146/1492/1148 1143/1494/1145 1141/1495/1143
f 1147/1493/1149 1148/1496/1150 1145/1497/1147
f 1147/1493/1149 1145/1497/1147 1143/1494/1145
f 1137/1498/1139 1146/1492/1148 1141/1495/1143
f 1137/1498/1139 1141/1495/1143 1139/1499/1141
f 1145/1497/1147 1148/1496/1150 1133/1500/1135
f 1145/1497/1147 1133/1500/1135 1132/1501/1134
f 1137/1498/1139 1135/1502/1137 1147/1493/1149
f 1137/1498/1139 1147/1493/1149 1146/1492/1148
f 1135/1502/1137 1133/1500/1135 1148/1496/1150
f 1135/1502/1137 1148/1496/1150 1147/1493/1149
f 1096/1438/1098 1095/1437/1097 1149/1503/1151
f 1096/1438/1098 1149/1503/1151 1150/1504/1152
f 1100/1442/1102 1099/1441/1101 1151/1505/1153
f 1100/1442/1102 1151/1505/1153 1150/1506/1152
f 1102/1444/1104 1096/1438/1098 1150/1504/1152
f 1102/1444/1104 1150/1504/1152 1151/1507/1153
f 1104/1446/1106 1100/1442/1102 1150/1506/1152
f 1108/1450/1110 1107/1449/1109 1149/1508/1151
f 1108/1450/1110 1149/1508/1151 1152/1509/1154
f 1107/1449/1109 1104/1446/1106 1150/1506/1152
f 1107/1449/1109 1150/1506/1152 1149/1508/1151
f 1095/1437/1097 1108/1450/1110 1152/1509/1154
f 1095/1437/1097 1152/1509/1154 1149/1503/1151
f 1011/1344/1013 1012/1347/1014 352/1350/352
f 1011/1344/1013 352/1350/352 355/1345/355
f 1005/1332/1007 1116/1460/1118 351/1510/351
f 1005/1332/1007 351/1510/351 350/1511/350
f 1013/1348/1015 1006/1335/1008 359/1338/359
f 1013/1348/1015 359/1338/359 353/1349/353
f 1009/1340/1011 1117/1461/1119 356/1512/356
f 1009/1340/1011 356/1512/356 349/1341/349
f 1117/1461/1119 1004/1331/1006 357/1334/357
f 1117/1461/1119 357/1334/357 356/1512/356
f 1116/1460/1118 1010/1343/1012 358/1513/358
f 1116/1460/1118 358/1513/358 351/1510/351
f 1153/1514/1155 1154/1515/1156 1155/1516/1157
f 1153/1514/1155 1155/1516/1157 1156/1517/1158
f 1156/1517/1158 1157/1518/1159 1158/1519/1160
f 1156/1517/1158 1158/1519/1160 1153/1514/1155
f 1157/1518/1159 1159/1520/1161 1160/1521/1162
f 1157/1518/1159 1160/1521/1162 1158/1519/1160
f 1159/1520/1161 1161/1522/1163 1162/1523/1164
f 1159/1520/1161 1162/1523/1164 1160/1521/1162
f 1161/1522/1163 1163/1524/1165 1164/1525/1166
f 1161/1522/1163 1164/1525/1166 1162/1523/1164
f 1163/1524/1165 1165/1526/1167 1166/1527/1168
f 1163/1524/1165 1166/1527/1168 1164/1525/1166
f 1165/1526/1167 1167/1528/1169 1168/1529/1170
f 1165/1526/1167 1168/1529/1170 1166/1527/1168
f 1167/1528/1169 1155/1516/1157 1154/1515/1156
f 1167/1528/1169 1154/1515/1156 1168/1529/1170
f 1169/1530/1171 1170/1531/1172 1171/1532/1173
f 1171/1532/1173 1172/1533/1174 1173/1534/1175
f 1170/1531/1172 1174/1535/1176 1172/1533/1174
f 1170/1531/1172 1172/1533/1174 1171/1532/1173
f 1175/1536/1177 414/1537/414 1176/1538/1178
f 1175/1536/1177 1176/1538/1178 1177/1539/1179
f 1177/1539/1179 1176/1538/1178 1178/1540/1180
f 1177/1539/1179 1178/1540/1180 1179/1541/1181
f 1173/1534/1175 1180/1542/1182 1181/1543/1183
f 1173/1534/1175 1181/1543/1183 1182/1544/1184
f 1182/1544/1184 1181/1543/1183 414/1537/414
f 1182/1544/1184 414/1537/414 1175/1536/1177
f 1183/1545/1185 1179/1541/1181 1178/1540/1180
f 1183/1545/1185 1178/1540/1180 1184/1546/1186
f 1184/1546/1186 1185/1547/1187 1186/1548/1188
f 1184/1546/1186 1186/1548/1188 1187/1549/1189
f 1184/1546/1186 1178/1540/1180 926/1218/926
f 1184/1546/1186 926/1218/926 1185/1547/1187
f 1185/1547/1187 1188/1550/1190 1189/1551/1191
f 1185/1547/1187 1189/1551/1191 1186/1548/1188
f 1188/1550/1190 1190/1552/1192 1191/1553/1193
f 1188/1550/1190 1191/1553/1193 1189/1551/1191
f 1185/1547/1187 926/1218/926 976/1288/976
f 1185/1547/1187 976/1288/976 1188/1550/1190
f 1188/1550/1190 976/1288/976 1091/1433/1093
f 1188/1550/1190 1091/1433/1093 1190/1552/1192
f 1186/1548/1188 1192/1554/1194 1193/1555/1195
f 1186/1548/1188 1193/1555/1195 1187/1549/1189
f 1178/1540/1180 1176/1538/1178 924/1216/924
f 1178/1540/1180 924/1216/924 926/1218/926
f 414/1537/414 413/1213/413 924/1216/924
f 414/1537/414 924/1216/924 1176/1538/1178
f 1189/1551/1191 1194/1556/1196 1192/1554/1194
f 1189/1551/1191 1192/1554/1194 1186/1548/1188
f 1191/1553/1193 1195/1557/1197 1194/1556/1196
f 1191/1553/1193 1194/1556/1196 1189/1551/1191
f 1190/1552/1192 1052/1392/1054 1051/1391/1053
f 1190/1552/1192 1051/1391/1053 1191/1553/1193
f 1091/1433/1093 1053/1393/1055 1052/1392/1054
f 1091/1433/1093 1052/1392/1054 1190/1552/1192
f 1191/1553/1193 1051/1391/1053 1054/1394/1056
f 1191/1553/1193 1054/1394/1056 1195/1557/1197
f 1181/1543/1183 401/1558/401 414/1537/414
f 1055/1397/1057 1058/1400/1060 1196/1559/1198
f 1055/1397/1057 1196/1559/1198 1197/1560/1199
f 1198/1561/1200 1199/1562/1201 1200/1563/1202
f 1198/1561/1200 1200/1563/1202 1196/1559/1198
f 1201/1564/1203 1193/1555/1195 1202/1565/1204
f 1201/1564/1203 1202/1565/1204 1203/1566/1205
f 1201/1564/1203 1204/1567/1206 1205/1568/1207
f 1201/1564/1203 1205/1568/1207 1193/1555/1195
f 1199/1562/1201 1198/1561/1200 1206/1569/1208
f 1199/1562/1201 1206/1569/1208 1207/1570/1209
f 1198/1561/1200 1196/1559/1198 1058/1400/1060
f 1198/1561/1200 1058/1400/1060 1069/1411/1071
f 1208/1571/1210 1174/1535/1176 1170/1531/1172
f 1208/1571/1210 1170/1531/1172 1209/1572/1211
f 1072/1414/1074 1073/1415/1075 1174/1535/1176
f 1072/1414/1074 1174/1535/1176 1208/1571/1210
f 1074/1416/1076 1072/1414/1074 1208/1571/1210
f 1074/1416/1076 1208/1571/1210 1206/1569/1208
f 1208/1571/1210 1204/1567/1206 1207/1570/1209
f 1208/1571/1210 1207/1570/1209 1206/1569/1208
f 1205/1568/1207 1204/1567/1206 1208/1571/1210
f 1205/1568/1207 1208/1571/1210 1209/1572/1211
f 1170/1531/1172 1169/1530/1171 1183/1545/1185
f 1170/1531/1172 1183/1545/1185 1210/1573/1212
f 1187/1549/1189 1210/1573/1212 1183/1545/1185
f 1187/1549/1189 1183/1545/1185 1184/1546/1186
f 1209/1572/1211 1170/1531/1172 1210/1573/1212
f 1209/1572/1211 1210/1573/1212 1205/1568/1207
f 1187/1549/1189 1193/1555/1195 1205/1568/1207
f 1187/1549/1189 1205/1568/1207 1210/1573/1212
f 1211/1574/1213 1212/1575/1214 1202/1565/1204
f 1211/1574/1213 1202/1565/1204 1193/1555/1195
f 1192/1554/1194 1194/1556/1196 1213/1576/1215
f 1192/1554/1194 1213/1576/1215 1214/1577/1216
f 1194/1556/1196 1195/1557/1197 1215/1578/1217
f 1194/1556/1196 1215/1578/1217 1213/1576/1215
f 1073/1415/1075 1081/1423/1083 1172/1533/1174
f 1073/1415/1075 1172/1533/1174 1174/1535/1176
f 1081/1423/1083 1082/1424/1084 1173/1534/1175
f 1081/1423/1083 1173/1534/1175 1172/1533/1174
f 1082/1424/1084 1083/1425/1085 1180/1542/1182
f 1082/1424/1084 1180/1542/1182 1173/1534/1175
f 1083/1425/1085 1216/1579/1218 402/1580/402
f 1083/1425/1085 402/1580/402 1180/1542/1182
f 1197/1560/1199 1217/1581/1219 1084/1426/1086
f 1197/1560/1199 1084/1426/1086 1055/1397/1057
f 1195/1557/1197 1054/1394/1056 1086/1428/1088
f 1195/1557/1197 1086/1428/1088 1215/1578/1217
f 1192/1554/1194 1214/1577/1216 1211/1574/1213
f 1192/1554/1194 1211/1574/1213 1193/1555/1195
f 1217/1581/1219 1197/1560/1199 1202/1565/1204
f 1217/1581/1219 1202/1565/1204 1212/1575/1214
f 976/1288/976 1087/1429/1089 1092/1434/1094
f 976/1288/976 1092/1434/1094 1091/1433/1093
f 1218/1582/1220 1219/1583/1221 1220/1584/1222
f 1218/1582/1220 1220/1584/1222 1221/1585/1223
f 1222/1586/1224 1223/1587/1225 1099/1441/1101
f 1222/1586/1224 1099/1441/1101 1098/1440/1100
f 1101/1443/1103 1102/1444/1104 1219/1583/1221
f 1101/1443/1103 1219/1583/1221 1218/1582/1220
f 1224/1588/1226 1225/1589/1227 1223/1587/1225
f 1224/1588/1226 1223/1587/1225 1222/1586/1224
f 1226/1590/1228 1227/1591/1229 1228/1592/1230
f 1226/1590/1228 1228/1592/1230 1229/1593/1231
f 1229/1593/1231 1228/1592/1230 1225/1589/1227
f 1229/1593/1231 1225/1589/1227 1224/1588/1226
f 1221/1585/1223 1220/1584/1222 1227/1591/1229
f 1221/1585/1223 1227/1591/1229 1226/1590/1228
f 1086/1428/1088 1101/1443/1103 1218/1582/1220
f 1086/1428/1088 1218/1582/1220 1215/1578/1217
f 1215/1578/1217 1218/1582/1220 1221/1585/1223
f 1215/1578/1217 1221/1585/1223 1213/1576/1215
f 1213/1576/1215 1221/1585/1223 1226/1590/1228
f 1213/1576/1215 1226/1590/1228 1214/1577/1216
f 1214/1577/1216 1226/1590/1228 1229/1593/1231
f 1214/1577/1216 1229/1593/1231 1211/1574/1213
f 1211/1574/1213 1229/1593/1231 1224/1588/1226
f 1211/1574/1213 1224/1588/1226 1212/1575/1214
f 1212/1575/1214 1224/1588/1226 1222/1586/1224
f 1212/1575/1214 1222/1586/1224 1217/1581/1219
f 1217/1581/1219 1222/1586/1224 1098/1440/1100
f 1217/1581/1219 1098/1440/1100 1084/1426/1086
f 1069/1411/1071 1074/1416/1076 1206/1569/1208
f 1069/1411/1071 1206/1569/1208 1198/1561/1200
f 1127/1473/1129 1126/1472/1128 1111/1453/1113
f 1127/1473/1129 1111/1453/1113 1110/1452/1112
f 1230/1594/1232 931/1595/931 422/1596/422
f 1230/1594/1232 422/1596/422 1231/1597/1233
f 1125/1471/1127 1011/1344/1013 1010/1343/1012
f 1125/1471/1127 1010/1343/1012 1126/1472/1128
f 1126/1472/1128 1010/1343/1012 1116/1460/1118
f 1126/1472/1128 1116/1460/1118 1111/1453/1113
f 1012/1347/1014 1011/1344/1013 1125/1471/1127
f 1012/1347/1014 1125/1471/1127 1232/1598/1234
f 1233/1599/1235 1013/1348/1015 1012/1347/1014
f 1233/1599/1235 1012/1347/1014 1232/1598/1234
f 1124/1470/1126 1087/1600/1089 931/1595/931
f 1124/1470/1126 931/1595/931 1230/1594/1232
f 1234/1601/1236 421/1602/421 1122/1603/1124
f 1234/1601/1236 1122/1603/1124 1121/1604/1123
f 1231/1597/1233 422/1596/422 421/1602/421
f 1231/1597/1233 421/1602/421 1234/1601/1236
f 1089/1464/1091 1088/1605/1090 1109/1451/1111
f 1089/1464/1091 1109/1451/1111 1120/1465/1122
f 1006/1335/1008 1235/1606/1237 1128/1607/1130
f 1006/1335/1008 1128/1607/1130 1007/1336/1009
f 1013/1348/1015 1233/1599/1235 1235/1606/1237
f 1013/1348/1015 1235/1606/1237 1006/1335/1008
f 1199/1562/1201 1201/1564/1203 1203/1566/1205
f 1199/1562/1201 1203/1566/1205 1200/1563/1202
f 1201/1564/1203 1199/1562/1201 1207/1570/1209
f 1201/1564/1203 1207/1570/1209 1204/1567/1206
f 1153/1514/1155 1236/1608/1238 1237/1609/1239
f 1153/1514/1155 1237/1609/1239 1154/1515/1156
f 1158/1519/1160 1238/1610/1240 1236/1608/1238
f 1158/1519/1160 1236/1608/1238 1153/1514/1155
f 1160/1521/1162 1239/1611/1241 1238/1610/1240
f 1160/1521/1162 1238/1610/1240 1158/1519/1160
f 1162/1523/1164 1240/1612/1242 1239/1611/1241
f 1162/1523/1164 1239/1611/1241 1160/1521/1162
f 1164/1525/1166 1241/1613/1243 1240/1612/1242
f 1164/1525/1166 1240/1612/1242 1162/1523/1164
f 1166/1527/1168 1242/1614/1244 1241/1613/1243
f 1166/1527/1168 1241/1613/1243 1164/1525/1166
f 1168/1529/1170 1243/1615/1245 1242/1614/1244
f 1168/1529/1170 1242/1614/1244 1166/1527/1168
f 1154/1515/1156 1237/1609/1239 1243/1615/1245
f 1154/1515/1156 1243/1615/1245 1168/1529/1170
f 1244/1616/1246 1241/1617/1243 1242/1618/1244
f 1244/1616/1246 1242/1618/1244 1245/1619/1247
f 1245/1619/1247 1242/1618/1244 1243/1620/1245
f 1245/1619/1247 1243/1620/1245 1246/1621/1248
f 1239/1622/1241 1240/1623/1242 1241/1617/1243
f 1239/1622/1241 1241/1617/1243 1244/1616/1246
f 1243/1620/1245 1237/1624/1239 1236/1625/1238
f 1243/1620/1245 1236/1625/1238 1246/1621/1248
f 1239/1622/1241 1244/1616/1246 1245/1619/1247
f 1239/1622/1241 1245/1619/1247 1238/1626/1240
f 1238/1626/1240 1245/1619/1247 1246/1621/1248
f 1238/1626/1240 1246/1621/1248 1236/1625/1238
f 1219/1583/1221 1247/1627/1249 1248/1628/1250
f 1219/1583/1221 1248/1628/1250 1220/1584/1222
f 1223/1587/1225 1247/1629/1249 1151/1505/1153
f 1223/1587/1225 1151/1505/1153 1099/1441/1101
f 1102/1444/1104 1151/1507/1153 1247/1627/1249
f 1102/1444/1104 1247/1627/1249 1219/1583/1221
f 1225/1589/1227 1247/1629/1249 1223/1587/1225
f 1227/1591/1229 1249/1630/1251 1248/1631/1250
f 1227/1591/1229 1248/1631/1250 1228/1592/1230
f 1228/1592/1230 1248/1631/1250 1247/1629/1249
f 1228/1592/1230 1247/1629/1249 1225/1589/1227
f 1220/1584/1222 1248/1628/1250 1249/1630/1251
f 1220/1584/1222 1249/1630/1251 1227/1591/1229
f 1057/1399/1059 1056/1398/1058 1250/1632/1252
f 1057/1399/1059 1250/1632/1252 1251/1633/1253
f 1060/1402/1062 1057/1399/1059 1251/1633/1253
f 1060/1402/1062 1251/1633/1253 1252/1634/1254
f 1064/1406/1066 1063/1405/1065 1253/1635/1255
f 1064/1406/1066 1253/1635/1255 1254/1636/1256
f 1056/1398/1058 1064/1406/1066 1254/1636/1256
f 1056/1398/1058 1254/1636/1256 1250/1632/1252
f 1063/1405/1065 1060/1402/1062 1252/1634/1254
f 1063/1405/1065 1252/1634/1254 1253/1635/1255
f 1197/1560/1199 1196/1559/1198 1255/1637/1257
f 1197/1560/1199 1255/1637/1257 1256/1638/1258
f 1196/1559/1198 1200/1563/1202 1257/1639/1259
f 1196/1559/1198 1257/1639/1259 1255/1637/1257
f 1203/1566/1205 1202/1565/1204 1258/1640/1260
f 1203/1566/1205 1258/1640/1260 1259/1641/1261
f 1202/1565/1204 1197/1560/1199 1256/1638/1258
f 1202/1565/1204 1256/1638/1258 1258/1640/1260
f 1200/1563/1202 1203/1566/1205 1259/1641/1261
f 1200/1563/1202 1259/1641/1261 1257/1639/1259
f 1255/1642/1257 1257/1643/1259 1259/1644/1261
f 1255/1642/1257 1259/1644/1261 1258/1645/1260
f 1255/1642/1257 1258/1645/1260 1256/1646/1258
f 1021/1360/1023 1019/1358/1021 1134/1480/1136
f 1021/1360/1023 1134/1480/1136 1136/1482/1138
f 1023/1362/1025 1021/1360/1023 1136/1482/1138
f 1023/1362/1025 1136/1482/1138 1138/1484/1140
f 1025/1364/1027 1023/1362/1025 1138/1484/1140
f 1025/1364/1027 1138/1484/1140 1140/1486/1142
f 1027/1366/1029 1025/1364/1027 1140/1486/1142
f 1027/1366/1029 1140/1486/1142 1142/1488/1144
f 1029/1368/1031 1027/1366/1029 1142/1488/1144
f 1029/1368/1031 1142/1488/1144 1144/1490/1146
f 1014/1353/1016 1029/1368/1031 1144/1490/1146
f 1014/1353/1016 1144/1490/1146 1131/1477/1133
f 1130/1476/1132 1015/1354/1017 1014/1353/1016
f 1130/1476/1132 1014/1353/1016 1131/1477/1133
f 1019/1358/1021 1015/1354/1017 1130/1476/1132
f 1019/1358/1021 1130/1476/1132 1134/1480/1136
f 1175/1536/1177 1159/1520/1161 1157/1518/1159
f 1175/1536/1177 1157/1518/1159 1182/1544/1184
f 1177/1539/1179 1161/1522/1163 1159/1520/1161
f 1177/1539/1179 1159/1520/1161 1175/1536/1177
f 1179/1541/1181 1163/1524/1165 1161/1522/1163
f 1179/1541/1181 1161/1522/1163 1177/1539/1179
f 1183/1545/1185 1165/1526/1167 1163/1524/1165
f 1183/1545/1185 1163/1524/1165 1179/1541/1181
f 1169/1530/1171 1167/1528/1169 1165/1526/1167
f 1169/1530/1171 1165/1526/1167 1183/1545/1185
f 1171/1532/1173 1155/1516/1157 1167/1528/1169
f 1171/1532/1173 1167/1528/1169 1169/1530/1171
f 1156/1517/1158 1155/1516/1157 1171/1532/1173
f 1156/1517/1158 1171/1532/1173 1173/1534/1175
f 1182/1544/1184 1157/1518/1159 1156/1517/1158
f 1182/1544/1184 1156/1517/1158 1173/1534/1175
f 1090/1432/1092 1088/1430/1090 1046/1386/1048
f 1090/1432/1092 1046/1386/1048 1053/1393/1055
f 1088/1605/1090 1090/1647/1092 1110/1452/1112
f 1088/1605/1090 1110/1452/1112 1109/1451/1111
f 1092/1648/1094 1127/1473/1129 1110/1452/1112
f 1092/1648/1094 1110/1452/1112 1090/1647/1092
f 1087/1600/1089 1124/1470/1126 1127/1473/1129
f 1087/1600/1089 1127/1473/1129 1092/1648/1094
f 1125/1471/1127 1124/1470/1126 1230/1594/1232
f 1125/1471/1127 1230/1594/1232 1232/1598/1234
f 1232/1598/1234 1230/1594/1232 1231/1597/1233
f 1232/1598/1234 1231/1597/1233 1233/1599/1235
f 1233/1599/1235 1231/1597/1233 1234/1601/1236
f 1233/1599/1235 1234/1601/1236 1235/1606/1237
f 1235/1606/1237 1234/1601/1236 1121/1604/1123
f 1235/1606/1237 1121/1604/1123 1128/1607/1130
f 1128/1474/1130 1121/1466/1123 1123/1469/1125
f 1128/1474/1130 1123/1469/1125 1129/1475/1131
f 1129/1475/1131 1123/1469/1125 1113/1455/1115
f 1129/1475/1131 1113/1455/1115 1119/1463/1121
f 1119/1463/1121 1113/1455/1115 1114/1458/1116
f 1119/1463/1121 1114/1458/1116 1118/1462/1120
f 1118/1462/1120 1114/1458/1116 1120/1465/1122
f 1118/1462/1120 1120/1465/1122 1115/1459/1117
f 1120/1465/1122 1109/1451/1111 1112/1454/1114
f 1120/1465/1122 1112/1454/1114 1115/1459/1117
f 977/1289/977 1045/1385/1047 1089/1431/1091
f 977/1289/977 1089/1431/1091 978/1290/978
f 971/1280/971 970/1279/970 1045/1385/1047
f 971/1280/971 1045/1385/1047 977/1289/977
f 973/1283/973 425/1282/425 424/1292/424
f 973/1283/973 424/1292/424 979/1291/979
f 445/587/445 444/586/444 429/569/429
f 445/587/445 429/569/429 428/568/428
f 454/597/454 445/587/445 428/568/428
f 454/597/454 428/568/428 441/581/441
f 444/586/444 443/585/443 446/588/446
f 444/586/444 446/588/446 429/569/429
f 453/596/453 454/597/454 441/581/441
f 453/596/453 441/581/441 452/595/452
f 681/890/681 680/889/680 494/642/494
f 681/890/681 494/642/494 482/628/482
f 680/889/680 679/888/679 492/639/492
f 680/889/680 492/639/492 494/642/494
f 679/888/679 453/596/453 452/595/452
f 679/888/679 452/595/452 492/639/492
f 443/585/443 681/890/681 482/628/482
f 443/585/443 482/628/482 446/588/446
f 921/1212/921 920/1211/920 690/907/690
f 921/1212/921 690/907/690 689/906/689
f 920/1211/920 919/1210/919 703/920/703
f 920/1211/920 703/920/703 690/907/690
f 728/950/728 731/953/731 732/954/732
f 728/950/728 732/954/732 496/646/496
f 729/951/729 728/950/728 496/646/496
f 729/951/729 496/646/496 687/903/687
f 740/963/740 739/962/739 686/899/686
f 740/963/740 686/899/686 738/961/738
f 739/962/739 729/951/729 687/903/687
f 739/962/739 687/903/687 686/899/686
f 919/1210/919 740/963/740 738/961/738
f 919/1210/919 738/961/738 703/920/703
f 731/953/731 921/1212/921 689/906/689
f 731/953/731 689/906/689 732/954/732
f 467/682/467 524/684/524 513/666/513
f 467/682/467 513/666/513 469/665/469
f 719/985/719 758/984/758 767/1000/767
f 719/985/719 767/1000/767 717/999/717
f 402/537/402 1216/1649/1218 397/531/397
f 402/537/402 397/531/397 400/535/400
f 1216/1649/1218 388/521/388 387/520/387
f 1216/1649/1218 387/520/387 397/531/397
f 367/498/367 382/515/382 387/520/387
f 367/498/367 387/520/387 386/519/386
f 384/517/384 391/525/391 400/535/400
f 391/525/391 384/517/384 376/509/376
f 401/1650/401 391/533/391 398/532/398
f 401/1650/401 398/532/398 415/550/415
f 358/1513/358 1010/1343/1012 354/1346/354
f 350/1511/350 361/1333/361 1005/1332/1007
f 493/641/493 479/625/479 482/628/482
f 493/641/493 482/628/482 494/642/494
f 418/553/418 412/547/412 420/563/420
f 418/553/418 420/563/420 423/558/423
f 423/561/423 420/555/420 394/528/394
f 423/561/423 394/528/394 372/503/372
f 417/552/417 409/544/409 412/547/412
f 417/552/417 412/547/412 418/553/418
f 409/544/409 425/565/425 972/1651/972
f 409/544/409 972/1651/972 410/545/410
f 395/529/395 394/528/394 422/557/422
f 1083/1425/1085 1036/1376/1038 388/1396/388
f 1083/1425/1085 388/1396/388 1216/1579/1218
f 401/1558/401 1181/1543/1183 1180/1542/1182
f 401/1558/401 1180/1542/1182 402/1580/402
f 386/519/386 393/527/393 368/499/368
f 386/519/386 368/499/368 367/498/367
f 1252/1652/1254 1251/1653/1253 1250/1654/1252
f 1252/1652/1254 1250/1654/1252 1254/1655/1256
f 1252/1652/1254 1254/1655/1256 1253/1656/1255
f 194/278/194 260/1657/260 191/275/191
f 194/278/194 191/275/191 179/274/179
f 185/268/185 184/267/184 265/1658/265
f 185/268/185 265/1658/265 174/1659/174
f 194/278/194 199/356/199 210/1660/210
f 194/278/194 210/1660/210 260/360/260
f 199/283/199 198/282/198 207/291/207
f 199/283/199 207/291/207 210/294/210
f 198/282/198 201/285/201 173/298/173
f 198/282/198 173/298/173 207/291/207
f 178/367/178 265/366/265 184/359/184
f 178/367/178 184/359/184 180/358/180
f 174/257/174 173/256/173 201/285/201
f 174/257/174 201/285/201 185/268/185
f 284/468/284 341/459/341 281/385/281
f 284/468/284 281/385/281 280/384/280
f 268/370/268 267/369/267 277/381/277
f 268/370/268 277/381/277 276/380/276
f 293/463/293 297/402/297 273/376/273
f 293/463/293 273/376/273 272/375/272
f 341/459/341 273/458/273 297/402/297
f 341/459/341 297/402/297 281/385/281
f 272/405/272 299/404/299 294/399/294
f 272/405/272 294/399/294 293/398/293
f 299/404/299 304/411/304 301/408/301
f 299/404/299 301/408/301 294/399/294
f 280/384/280 277/475/277 267/462/267
f 280/384/280 267/462/267 284/461/284
f 276/380/276 301/408/301 304/466/304
f 276/380/276 304/466/304 268/469/268
f 249/342/249 248/341/248 174/1659/174
f 249/342/249 174/1659/174 265/1658/265
f 496/646/496 241/645/241 240/904/240
f 496/646/496 240/904/240 687/903/687
f 237/328/237 202/286/202 204/288/204
f 237/328/237 204/288/204 239/330/239
f 109/146/109 108/145/108 99/136/99
f 109/146/109 99/136/99 98/135/98
f 261/361/261 260/360/260 210/1660/210
f 261/361/261 210/1660/210 209/480/209
