# MuJoCo material-split OBJ
v 0.103499904 0.947899997 -0.117599972
v 0.0795000121 0.973199964 -0.116299964
v 0.0976999104 0.973699987 -0.107399978
v 0.0946999118 0.994799972 -0.0987999514
v 0.0785000101 1.01470006 -0.101399951
v 0.0931999087 1.01429999 -0.0927999541
v 0.103399903 0.994199991 -0.0927999541
v 0.108499914 1.0122 -0.0814999565
v 0.111399904 0.993700087 -0.0869999602
v 0.115800008 0.973899961 -0.0936999694
v 0.113899916 0.947399974 -0.110199966
v 0.10710001 0.97360009 -0.100499965
v 0.0931999087 1.01429999 -0.0927999541
v 0.079200007 1.03509998 -0.0980999544
v 0.0931999087 1.03499997 -0.0901999548
v 0.0853999108 1.07940006 -0.09959995
v 0.097999908 1.10329998 -0.101699956
v 0.0982000083 1.07910001 -0.0943999514
v 0.104600012 1.07780015 -0.0895998552
v 0.109599903 1.09959996 -0.0916999504
v 0.110299915 1.07570016 -0.0836999491
v 0.107799903 1.0323 -0.0786999539
v 0.101099908 1.01330006 -0.0875999555
v 0.101000011 1.03380001 -0.0846999511
v 0.0595999882 0.97329998 -0.122299977
v 0.0450000092 0.948099971 -0.133999974
v 0.0425999686 0.975600004 -0.124999978
v 0.0601000115 0.995200098 -0.11479985
v 0.045400016 1.01470006 -0.111799963
v 0.0620999932 1.01419997 -0.107899956
v 0.0620999932 1.01419997 -0.107899956
v 0.0785000101 0.995000005 -0.107699953
v 0.0601000115 0.995200098 -0.11479985
v 0.0795000121 0.973199964 -0.116299964
v 0.0634999797 0.947300076 -0.131799966
v 0.0595999882 0.97329998 -0.122299977
v 0.0620999932 1.01419997 -0.107899956
v 0.047799997 1.03359997 -0.108799957
v 0.0641999766 1.03390002 -0.104399957
v 0.0710999891 1.07790017 -0.102799959
v 0.0590000078 1.10230017 -0.10839995
v 0.0735999867 1.10240006 -0.107199959
v 0.0735999867 1.10240006 -0.107199959
v 0.0853999108 1.07940006 -0.09959995
v 0.0710999891 1.07790017 -0.102799959
v 0.0641999766 1.03390002 -0.104399957
v 0.0785000101 1.01470006 -0.101399951
v 0.0620999932 1.01419997 -0.107899956
v 0.0806999132 1.08860016 0.0773001015
v 0.0580999777 1.07459998 0.0753000602
v 0.0753999874 1.07000017 0.0692000613
v 0.0734000206 1.02359998 0.0628000647
v 0.0521000028 1.00460017 0.0720001012
v 0.0732999966 1.00330007 0.061800085
v 0.0732999966 1.00330007 0.061800085
v 0.0892000124 1.02199996 0.0519001074
v 0.0734000206 1.02359998 0.0628000647
v 0.0753999874 1.07000017 0.0692000613
v 0.0965999067 1.08300006 0.0639000833
v 0.0806999132 1.08860016 0.0773001015
v 0.0732999966 1.00330007 0.061800085
v 0.0518000126 0.986800075 0.0734000951
v 0.0738999769 0.986500084 0.0633000955
v 0.0523999929 0.968000114 0.0747000724
v 0.0763000175 0.939999998 0.0635000616
v 0.0752999708 0.968700111 0.0653000623
v 0.0763000175 0.939999998 0.0635000616
v 0.0968999118 0.968400002 0.0514000878
v 0.0752999708 0.968700111 0.0653000623
v 0.0738999769 0.986500084 0.0633000955
v 0.0914999098 1.00240016 0.0504000969
v 0.0732999966 1.00330007 0.061800085
v 0.0350000188 1.07700002 0.0775000677
v -0.00379998051 1.10339999 0.0772000849
v -0.00430000015 1.07730007 0.0757000744
v -0.00379998051 1.02820015 0.0768000707
v 0.0263999701 1.00740016 0.0777000934
v 0.0282000303 1.02760017 0.0774000436
v 0.0263999701 1.00740016 0.0777000934
v 0.0536000133 1.02530015 0.0722000748
v 0.0282000303 1.02760017 0.0774000436
v 0.0580999777 1.07459998 0.0753000602
v 0.0400000215 1.10020006 0.0822000727
v 0.0350000188 1.07700002 0.0775000677
v 0.0263999701 1.00740016 0.0777000934
v -0.00210000016 0.988299966 0.0780000836
v 0.0253999792 0.988599956 0.0790000781
v 0.0265999995 0.968100011 0.0796000585
v 0 0.938399911 0.079600051
v 0.0274000093 0.937900007 0.0793000609
v 0.0274000093 0.937900007 0.0793000609
v 0.0523999929 0.968000114 0.0747000724
v 0.0265999995 0.968100011 0.0796000585
v 0.0253999792 0.988599956 0.0790000781
v 0.0521000028 1.00460017 0.0720001012
v 0.0263999701 1.00740016 0.0777000934
v 0.108299911 0.923500001 -0.123699971
v 0.0913000107 0.90169996 -0.136999875
v 0.0885999128 0.923799992 -0.133299977
v 0.0885999128 0.923799992 -0.133299977
v 0.103499904 0.947899997 -0.117599972
v 0.108299911 0.923500001 -0.123699971
v 0.119099915 0.923500001 -0.115599968
v 0.123399913 0.94690001 -0.102699973
v 0.128800005 0.921700001 -0.107499965
v 0.128800005 0.921700001 -0.107499965
v 0.120800003 0.898899913 -0.117599972
v 0.119099915 0.923500001 -0.115599968
v 0.0673000216 0.923799992 -0.139099985
v 0.0479000211 0.905900002 -0.147699982
v 0.0465999767 0.924100101 -0.142199993
v 0.0465999767 0.924100101 -0.142199993
v 0.0634999797 0.947300076 -0.131799966
v 0.0673000216 0.923799992 -0.139099985
v 0.0673000216 0.923799992 -0.139099985
v 0.0840999112 0.947600007 -0.126299858
v 0.0885999128 0.923799992 -0.133299977
v 0.0885999128 0.923799992 -0.133299977
v 0.069499962 0.903599977 -0.14379999
v 0.0673000216 0.923799992 -0.139099985
v 0.0763000175 0.939999998 0.0635000616
v 0.0536000133 0.910400093 0.0699000508
v 0.0786999092 0.912599862 0.060600061
v 0.0786999092 0.912599862 0.060600061
v 0.0544000193 0.888599992 0.0669000894
v 0.0807999074 0.890299857 0.0582000837
v 0.0807999074 0.890299857 0.0582000837
v 0.104199916 0.914599955 0.0478000827
v 0.0786999092 0.912599862 0.060600061
v 0.0786999092 0.912599862 0.060600061
v 0.100199908 0.940400004 0.0494000576
v 0.0763000175 0.939999998 0.0635000616
v 0.0274000093 0.937900007 0.0793000609
v 0.00050001964 0.912199974 0.0766000897
v 0.0278999805 0.91049999 0.0752000958
v 0.0278999805 0.91049999 0.0752000958
v 0.00120002031 0.887299955 0.0736000687
v 0.0296000205 0.888499975 0.0724000484
v 0.0296000205 0.888499975 0.0724000484
v 0.0536000133 0.910400093 0.0699000508
v 0.0278999805 0.91049999 0.0752000958
v 0.0278999805 0.91049999 0.0752000958
v 0.0529000089 0.938300014 0.0735000521
v 0.0274000093 0.937900007 0.0793000609
v 0.0985000134 1.12800002 -0.108599953
v 0.0861999094 1.10380006 -0.105399959
v 0.0860999078 1.12830007 -0.111499958
v 0.102800012 1.16950023 -0.122599952
v 0.094799906 1.18620026 -0.13169995
v 0.108099908 1.18450022 -0.129699945
v 0.111699909 1.16690028 -0.117399953
v 0.128000006 1.17770028 -0.113599963
v 0.120199904 1.16350019 -0.110399954
v 0.111999914 1.12390006 -0.09959995
v 0.103900015 1.10179996 -0.0972999558
v 0.105400011 1.12629998 -0.10489995
v 0.108099908 1.18450022 -0.129699945
v 0.0990999117 1.19810021 -0.137099952
v 0.114400014 1.19690025 -0.132199943
v 0.130100012 1.22490025 -0.133099943
v 0.114300013 1.24380028 -0.143299937
v 0.140300006 1.24170029 -0.13229996
v 0.161499903 1.23350024 -0.116999961
v 0.161999911 1.21120024 -0.101899959
v 0.148599908 1.21880019 -0.12159995
v 0.12650001 1.1936003 -0.123199962
v 0.128000006 1.17770028 -0.113599963
v 0.118000016 1.18160021 -0.122899957
v 0.0735999867 1.10240006 -0.107199959
v 0.0608999729 1.12619996 -0.113299958
v 0.0741000101 1.12600017 -0.112599857
v 0.0788000077 1.1693002 -0.122299962
v 0.0689999983 1.18700027 -0.11979986
v 0.0828000084 1.18650019 -0.127399951
v 0.0828000084 1.18650019 -0.127399951
v 0.0903000087 1.17010021 -0.123899959
v 0.0788000077 1.1693002 -0.122299962
v 0.0741000101 1.12600017 -0.112599857
v 0.0861999094 1.10380006 -0.105399959
v 0.0735999867 1.10240006 -0.107199959
v 0.0828000084 1.18650019 -0.127399951
v 0.0703999922 1.19970024 -0.126599967
v 0.0856000111 1.19860029 -0.134499967
v 0.090000011 1.22620022 -0.144099951
v 0.07099998 1.24550021 -0.142699957
v 0.0921999067 1.24470019 -0.146599948
v 0.0921999067 1.24470019 -0.146599948
v 0.108299911 1.22580028 -0.142799854
v 0.090000011 1.22620022 -0.144099951
v 0.0856000111 1.19860029 -0.134499967
v 0.094799906 1.18620026 -0.13169995
v 0.0828000084 1.18650019 -0.127399951
v 0.0881999061 1.23380029 0.0885001197
v 0.0658999607 1.21470022 0.0933000743
v 0.0899000093 1.21580029 0.0995000824
v 0.0946000069 1.18620026 0.106500052
v 0.0697000027 1.16960025 0.0992000923
v 0.0939999074 1.17030025 0.0987000689
v 0.0939999074 1.17030025 0.0987000689
v 0.118099913 1.1851002 0.0993000492
v 0.0946000069 1.18620026 0.106500052
v 0.0899000093 1.21580029 0.0995000824
v 0.112399906 1.23500025 0.0884000957
v 0.0881999061 1.23380029 0.0885001197
v 0.0913000107 1.15010023 0.0923000872
v 0.0697000027 1.16960025 0.0992000923
v 0.0687000081 1.15200019 0.0973000824
v 0.0846999064 1.1049 0.0820000991
v 0.0613999888 1.09459996 0.0831001028
v 0.0806999132 1.08860016 0.0773001015
v 0.0806999132 1.08860016 0.0773001015
v 0.102900013 1.09990001 0.0682000816
v 0.0846999064 1.1049 0.0820000991
v 0.0913000107 1.15010023 0.0923000872
v 0.118600011 1.1686002 0.0939000547
v 0.0939999074 1.17030025 0.0987000689
v 0.0351999998 1.21340024 0.0882000625
v 0.00999999046 1.22730029 0.0740000904
v 0.00749998912 1.21340024 0.0872000754
v 0.00279998034 1.18340027 0.0921001136
v 0.0440000221 1.16720021 0.0939000547
v 0.0397999808 1.18350029 0.0965000615
v 0.0440000221 1.16720021 0.0939000547
v 0.067099981 1.18620026 0.104700051
v 0.0397999808 1.18350029 0.0965000615
v 0.0351999998 1.21340024 0.0882000625
v 0.0644999668 1.23160028 0.0832000673
v 0.0364000201 1.22920024 0.0763001144
v 0.0436000228 1.15100026 0.0923000872
v -0.000599989668 1.16660023 0.0844000876
v -0.00139999948 1.15270019 0.0830000937
v -0.00320000015 1.12129998 0.0793000758
v 0.0400000215 1.10020006 0.0822000727
v 0.0421000123 1.1171 0.086600095
v 0.0400000215 1.10020006 0.0822000727
v 0.0630999804 1.11250007 0.0886000618
v 0.0421000123 1.1171 0.086600095
v 0.0687000081 1.15200019 0.0973000824
v 0.0440000221 1.16720021 0.0939000547
v 0.0436000228 1.15100026 0.0923000872
v 0.140300006 1.24170029 -0.13229996
v 0.124299914 1.27080023 -0.143899947
v 0.151800007 1.26490021 -0.13169995
v 0.151800007 1.26490021 -0.13169995
v 0.135299906 1.3021003 -0.140699953
v 0.163200006 1.29020023 -0.127999961
v 0.16960001 1.25670028 -0.117699958
v 0.189899907 1.2713002 -0.110899962
v 0.177499905 1.24910021 -0.104699858
v 0.177499905 1.24910021 -0.104699858
v 0.161499903 1.23350024 -0.116999961
v 0.16960001 1.25670028 -0.117699958
v 0.201899916 1.32480025 -0.096899949
v 0.202300012 1.29470026 -0.109099962
v 0.18919991 1.3051002 -0.113499962
v 0.202300012 1.29470026 -0.109099962
v 0.178499907 1.28050029 -0.118399851
v 0.18919991 1.3051002 -0.113499962
v 0.163200006 1.29020023 -0.127999961
v 0.145799905 1.33250022 -0.130299956
v 0.17400001 1.31640029 -0.120199852
v 0.17400001 1.31640029 -0.120199852
v 0.154399917 1.3568002 -0.110699944
v 0.18569991 1.33810019 -0.102299936
v 0.0921999067 1.24470019 -0.146599948
v 0.0715000033 1.27790022 -0.145299941
v 0.0976999104 1.27530026 -0.148299962
v 0.0715000033 1.27790022 -0.145299941
v 0.103499904 1.31040025 -0.146699935
v 0.0976999104 1.27530026 -0.148299962
v 0.103499904 1.31040025 -0.146699935
v 0.124299914 1.27080023 -0.143899947
v 0.0976999104 1.27530026 -0.148299962
v 0.0976999104 1.27530026 -0.148299962
v 0.114300013 1.24380028 -0.143299937
v 0.0921999067 1.24470019 -0.146599948
v 0.0937999114 1.26380026 0.0748001039
v 0.0691000223 1.28070021 0.0601001121
v 0.0669000074 1.26050019 0.0705001056
v 0.064899981 1.24550021 0.0761000887
v 0.0881999061 1.23380029 0.0885001197
v 0.0900999084 1.24890029 0.0807000697
v 0.0900999084 1.24890029 0.0807000697
v 0.112399906 1.23500025 0.0884000957
v 0.115599915 1.25000024 0.0803000629
v 0.119999915 1.26430023 0.0702001154
v 0.0972999111 1.28250027 0.0611000992
v 0.0937999114 1.26380026 0.0748001039
v 0.0414999723 1.25660026 0.0667000785
v 0.0138999783 1.27290022 0.0539000966
v 0.0131000206 1.25400031 0.0619001091
v 0.0119000003 1.23990023 0.0677001178
v 0.0364000201 1.22920024 0.0763001144
v 0.038500011 1.24120021 0.0710000694
v 0.038500011 1.24120021 0.0710000694
v 0.0644999668 1.23160028 0.0832000673
v 0.064899981 1.24550021 0.0761000887
v 0.0669000074 1.26050019 0.0705001056
v 0.0412999913 1.2777003 0.057600107
v 0.0414999723 1.25660026 0.0667000785
v 0.132699907 0.985700011 -0.0106999651
v 0.131499916 1.00419998 -0.0267998502
v 0.128599912 1.00339997 -0.00779996067
v 0.128599912 1.00339997 -0.00779996067
v 0.127099916 0.986299992 0.00960006565
v 0.132699907 0.985700011 -0.0106999651
v 0.137300014 0.966899991 -0.013099961
v 0.139899909 0.938500106 0.00480013341
v 0.145499915 0.937900007 -0.0160999671
v 0.145499915 0.937900007 -0.0160999671
v 0.139899909 0.968100011 -0.0316999778
v 0.137300014 0.966899991 -0.013099961
v 0.120100006 0.986000001 0.0223000869
v 0.122600004 1.00339997 0.0129000768
v 0.115699917 1.00320017 0.0254000649
v 0.107599914 1.00240016 0.0363000855
v 0.0943000093 0.986000001 0.0502000675
v 0.111699909 0.986100078 0.0351000652
v 0.116299912 0.968400002 0.0343000442
v 0.100199908 0.940400004 0.0494000576
v 0.122099906 0.939100087 0.031600073
v 0.132599905 0.93870008 0.0180000886
v 0.131600007 0.967599988 0.00760003924
v 0.125100017 0.967799962 0.0204000697
v 0.127699912 1.05799997 -0.0209999606
v 0.126299903 1.07360017 -0.00209995359
v 0.12470001 1.05579996 -0.00049996376
v 0.12470001 1.05579996 -0.00049996376
v 0.122499913 1.07389998 0.0211000741
v 0.118499905 1.05470002 0.0205000862
v 0.124400005 1.02180016 -0.00359996408
v 0.122600004 1.00339997 0.0129000768
v 0.128599912 1.00339997 -0.00779996067
v 0.128599912 1.00339997 -0.00779996067
v 0.127699912 1.0223 -0.0234999582
v 0.124400005 1.02180016 -0.00359996408
v 0.112099916 1.05560017 0.032400094
v 0.122499913 1.07389998 0.0211000741
v 0.116599903 1.07529998 0.0339001119
v 0.111199915 1.07850015 0.0492000803
v 0.0896999091 1.06330001 0.0572001003
v 0.104199916 1.05770016 0.0430000648
v 0.104399905 1.02040017 0.0395000726
v 0.0914999098 1.00240016 0.0504000969
v 0.107599914 1.00240016 0.0363000855
v 0.115699917 1.00320017 0.0254000649
v 0.118099913 1.02170014 0.0185000449
v 0.111800015 1.02040017 0.0295000896
v 0.152999908 0.911599994 -0.0177998766
v 0.147999913 0.939200103 -0.0349999741
v 0.145499915 0.937900007 -0.0160999671
v 0.145499915 0.937900007 -0.0160999671
v 0.14670001 0.912799954 0.0035000369
v 0.152999908 0.911599994 -0.0177998766
v 0.152999908 0.911599994 -0.0177998766
v 0.152500004 0.890799999 0.00490003079
v 0.159499913 0.888800085 -0.0183999762
v 0.159499913 0.888800085 -0.0183999762
v 0.154799908 0.912400007 -0.0379999653
v 0.152999908 0.911599994 -0.0177998766
v 0.139299914 0.912899971 0.0170000941
v 0.139899909 0.938500106 0.00480013341
v 0.132599905 0.93870008 0.0180000886
v 0.122099906 0.939100087 0.031600073
v 0.104199916 0.914599955 0.0478000827
v 0.128300011 0.913800001 0.0303000957
v 0.128300011 0.913800001 0.0303000957
v 0.107299909 0.8926 0.0473000519
v 0.135200009 0.89230001 0.028600052
v 0.143999904 0.891200006 0.0164000466
v 0.14670001 0.912799954 0.0035000369
v 0.139299914 0.912899971 0.0170000941
v 0.144399911 1.13580024 0.00590014458
v 0.148200005 1.15250027 -0.0166999549
v 0.151099905 1.15850019 0.0173000917
v 0.151099905 1.15850019 0.0173000917
v 0.144600004 1.13910019 0.033200115
v 0.144399911 1.13580024 0.00590014458
v 0.127600014 1.09239995 0.020900093
v 0.126299903 1.07360017 -0.00209995359
v 0.129699916 1.09080017 -0.00269985944
v 0.129699916 1.09080017 -0.00269985944
v 0.129199907 1.07599998 -0.0217999592
v 0.134199902 1.09599996 -0.0237999633
v 0.138199911 1.14000022 0.0466000736
v 0.147799909 1.16110027 0.0405000746
v 0.145099908 1.16400027 0.0659000576
v 0.136000007 1.16440022 0.0815000832
v 0.115100011 1.14470029 0.078800112
v 0.128599912 1.14090025 0.0591000654
v 0.117799908 1.09749997 0.051000081
v 0.0965999067 1.08300006 0.0639000833
v 0.111199915 1.07850015 0.0492000803
v 0.116599903 1.07529998 0.0339001119
v 0.127600014 1.09239995 0.020900093
v 0.12470001 1.09420002 0.0365000665
v 0.159899905 1.20550025 0.0245001018
v 0.169000015 1.20040023 -0.00779995322
v 0.168200016 1.21570027 0.0176000819
v 0.159899905 1.20550025 0.0245001018
v 0.166299909 1.23060024 0.0418001115
v 0.154499903 1.21690023 0.0476001166
v 0.153200015 1.17770028 0.0268000662
v 0.147799909 1.16110027 0.0405000746
v 0.151099905 1.15850019 0.0173000917
v 0.151099905 1.15850019 0.0173000917
v 0.151599914 1.16740024 -0.00879995525
v 0.153200015 1.17770028 0.0268000662
v 0.154499903 1.21690023 0.0476001166
v 0.148399904 1.23340023 0.0582000986
v 0.146799907 1.21990025 0.0719000995
v 0.13440001 1.21560025 0.0883000791
v 0.112399906 1.23500025 0.0884000957
v 0.113600016 1.21450019 0.0985000953
v 0.136499912 1.18100023 0.0884000957
v 0.118600011 1.1686002 0.0939000547
v 0.136000007 1.16440022 0.0815000832
v 0.145099908 1.16400027 0.0659000576
v 0.152899906 1.18610024 0.0580000542
v 0.147400007 1.18310022 0.0771000683
v 0.172199905 1.2547003 0.0379000604
v 0.16369991 1.27220023 0.0384000912
v 0.15929991 1.25790024 0.0473000668
v 0.142700016 1.26050019 0.0551001169
v 0.123700008 1.2814002 0.0556000806
v 0.119999915 1.26430023 0.0702001154
v 0.115599915 1.25000024 0.0803000629
v 0.133800015 1.23550022 0.0782000795
v 0.137899905 1.24900019 0.0663000643
v 0.15139991 1.24530029 0.0473000668
v 0.166299909 1.23060024 0.0418001115
v 0.169700012 1.24440026 0.041100122
v 0.111399904 0.993700087 -0.0869999602
v 0.118700013 1.01010001 -0.0730998591
v 0.121999905 0.992299855 -0.0769999549
v 0.121999905 0.992299855 -0.0769999549
v 0.12669991 1.00810015 -0.0599999502
v 0.129899904 0.990300059 -0.0626999512
v 0.13440001 0.970899999 -0.0656999722
v 0.134599909 0.944400012 -0.088099964
v 0.126600012 0.9727 -0.0811999664
v 0.126600012 0.9727 -0.0811999664
v 0.123399913 0.94690001 -0.102699973
v 0.115800008 0.973899961 -0.0936999694
v 0.129899904 0.990300059 -0.0626999512
v 0.130799904 1.00540006 -0.044199951
v 0.134599909 0.988000095 -0.0467999503
v 0.130799904 1.00540006 -0.044199951
v 0.135299906 0.987100005 -0.0292998627
v 0.134599909 0.988000095 -0.0467999503
v 0.138699904 0.968999982 -0.0490999743
v 0.147999913 0.939200103 -0.0349999741
v 0.147199914 0.940100074 -0.0531999692
v 0.138699904 0.968999982 -0.0490999743
v 0.142799914 0.942000091 -0.0710999742
v 0.13440001 0.970899999 -0.0656999722
v 0.110299915 1.07570016 -0.0836999491
v 0.118600011 1.09370017 -0.0781999603
v 0.118899912 1.07000017 -0.0708999559
v 0.118899912 1.07000017 -0.0708999559
v 0.125599906 1.08660007 -0.0596999601
v 0.124499917 1.06480002 -0.0552999601
v 0.117499903 1.02869999 -0.0671999529
v 0.12669991 1.00810015 -0.0599999502
v 0.118700013 1.01010001 -0.0730998591
v 0.117499903 1.02869999 -0.0671999529
v 0.108499914 1.0122 -0.0814999565
v 0.107799903 1.0323 -0.0786999539
v 0.124499917 1.06480002 -0.0552999601
v 0.128599912 1.07959998 -0.0388999507
v 0.127699912 1.06040001 -0.0382998511
v 0.127699912 1.06040001 -0.0382998511
v 0.129199907 1.07599998 -0.0217999592
v 0.127699912 1.05799997 -0.0209999606
v 0.127099916 1.02289999 -0.0405999497
v 0.131499916 1.00419998 -0.0267998502
v 0.130799904 1.00540006 -0.044199951
v 0.127099916 1.02289999 -0.0405999497
v 0.12669991 1.00810015 -0.0599999502
v 0.123599917 1.02600002 -0.055999957
v 0.128800005 0.921700001 -0.107499965
v 0.134599909 0.944400012 -0.088099964
v 0.140200004 0.919099987 -0.092799969
v 0.140200004 0.919099987 -0.092799969
v 0.142799914 0.942000091 -0.0710999742
v 0.148299903 0.916599989 -0.0754999742
v 0.148299903 0.916599989 -0.0754999742
v 0.142199904 0.894499958 -0.0952999666
v 0.140200004 0.919099987 -0.092799969
v 0.140200004 0.919099987 -0.092799969
v 0.130100012 0.897399962 -0.111199878
v 0.128800005 0.921700001 -0.107499965
v 0.148299903 0.916599989 -0.0754999742
v 0.147199914 0.940100074 -0.0531999692
v 0.15200001 0.913899958 -0.0572998747
v 0.147199914 0.940100074 -0.0531999692
v 0.154799908 0.912400007 -0.0379999653
v 0.15200001 0.913899958 -0.0572998747
v 0.154799908 0.912400007 -0.0379999653
v 0.155099913 0.890100002 -0.0586999729
v 0.15200001 0.913899958 -0.0572998747
v 0.15200001 0.913899958 -0.0572998747
v 0.15049991 0.891900003 -0.0771999732
v 0.148299903 0.916599989 -0.0754999742
v 0.120199904 1.16350019 -0.110399954
v 0.140599906 1.16680026 -0.0899999514
v 0.133100003 1.1542002 -0.0913999602
v 0.133100003 1.1542002 -0.0913999602
v 0.147700012 1.15690029 -0.0676999614
v 0.141299903 1.14380026 -0.0703999624
v 0.130399913 1.10930002 -0.0675999597
v 0.118600011 1.09370017 -0.0781999603
v 0.122499913 1.11720002 -0.0859999582
v 0.122499913 1.11720002 -0.0859999582
v 0.109599903 1.09959996 -0.0916999504
v 0.111999914 1.12390006 -0.09959995
v 0.144899905 1.13750029 -0.0480999574
v 0.147700012 1.15690029 -0.0676999614
v 0.149699911 1.15170026 -0.0436999574
v 0.149699911 1.15170026 -0.0436999574
v 0.144399911 1.13530028 -0.0232999548
v 0.144899905 1.13750029 -0.0480999574
v 0.134199902 1.09599996 -0.0237999633
v 0.128599912 1.07959998 -0.0388999507
v 0.134899914 1.10220015 -0.0444999561
v 0.134899914 1.10220015 -0.0444999561
v 0.125599906 1.08660007 -0.0596999601
v 0.130399913 1.10930002 -0.0675999597
v 0.161999911 1.21120024 -0.101899959
v 0.161000013 1.21040022 -0.0779999569
v 0.164799914 1.19700027 -0.0815999582
v 0.164799914 1.19700027 -0.0815999582
v 0.171699911 1.19250023 -0.0585999563
v 0.164499909 1.1851002 -0.0597999617
v 0.152899906 1.16680026 -0.0645999536
v 0.140599906 1.16680026 -0.0899999514
v 0.147700012 1.1778003 -0.0871999636
v 0.140599906 1.16680026 -0.0899999514
v 0.137700006 1.18890023 -0.111199863
v 0.147700012 1.1778003 -0.0871999636
v 0.164499909 1.1851002 -0.0597999617
v 0.170999914 1.19040024 -0.0339999571
v 0.163099915 1.1814003 -0.0346998498
v 0.170999914 1.19040024 -0.0339999571
v 0.160499915 1.19080019 -0.00559985638
v 0.163099915 1.1814003 -0.0346998498
v 0.153399915 1.16230023 -0.0399999544
v 0.148200005 1.15250027 -0.0166999549
v 0.149699911 1.15170026 -0.0436999574
v 0.149699911 1.15170026 -0.0436999574
v 0.152899906 1.16680026 -0.0645999536
v 0.153399915 1.16230023 -0.0399999544
v 0.156499907 1.21510029 -0.071199961
v 0.171699911 1.19250023 -0.0585999563
v 0.161000013 1.21040022 -0.0779999569
v 0.161000013 1.21040022 -0.0779999569
v 0.167600006 1.22670019 -0.0857999548
v 0.156499907 1.21510029 -0.071199961
v 0.15579991 1.20060027 -0.0617999509
v 0.166299909 1.19490027 -0.0704999492
v 0.158299908 1.18980026 -0.0582999513
v 0.158299908 1.18980026 -0.0582999513
v 0.154600009 1.19880021 -0.0449999496
v 0.15579991 1.20060027 -0.0617999509
v 0.180500016 1.20460021 -0.01039996
v 0.170999914 1.19040024 -0.0339999571
v 0.15200001 1.2153002 -0.0298999622
v 0.170999914 1.19040024 -0.0339999571
v 0.183599904 1.19540024 -0.0580999628
v 0.15200001 1.2153002 -0.0298999622
v 0.158699915 1.20170021 -0.0268999562
v 0.157699913 1.18830025 -0.0415999517
v 0.162699908 1.19110024 -0.0245999619
v 0.158699915 1.20170021 -0.0268999562
v 0.170199916 1.19640028 -0.00979995728
v 0.165400013 1.20710027 -0.0105998591
v 0.236900002 1.31190026 -0.0410999581
v 0.221400008 1.3295002 -0.025299944
v 0.232800007 1.31310022 -0.0223999545
v 0.232800007 1.31310022 -0.0223999545
v 0.213699907 1.32550025 -0.00719995052
v 0.226299912 1.3100003 -0.00559984893
v 0.246399999 1.26740026 -0.0199999586
v 0.245100021 1.24310029 -0.00869994611
v 0.250200003 1.24420023 -0.0231998637
v 0.250200003 1.24420023 -0.0231998637
v 0.248899996 1.2656002 -0.0373999551
v 0.246399999 1.26740026 -0.0199999586
v 0.205600008 1.28440022 0.016500093
v 0.181999907 1.27710021 0.0276000798
v 0.193700016 1.26670027 0.0221000686
v 0.193700016 1.26670027 0.0221000686
v 0.176299915 1.26550019 0.0334000885
v 0.182099909 1.25630021 0.0289001241
v 0.199100003 1.23420024 0.0157000721
v 0.215499908 1.22550023 0.0143000707
v 0.210399911 1.24120021 0.0157000795
v 0.210399911 1.24120021 0.0157000795
v 0.226299912 1.23260021 0.0115000829
v 0.221299917 1.25030029 0.0129000917
v 0.182099909 1.25630021 0.0289001241
v 0.172199905 1.2547003 0.0379000604
v 0.176900014 1.24840021 0.0317001119
v 0.182799906 1.23920023 0.0297000706
v 0.166299909 1.23060024 0.0418001115
v 0.179000005 1.22990024 0.0257000625
v 0.179199904 1.22000027 0.00890007615
v 0.190299913 1.21190023 0.0112000927
v 0.184100017 1.22470021 0.0132000744
v 0.189800009 1.22890019 0.0152001008
v 0.205200016 1.21980023 0.0146000609
v 0.199100003 1.23420024 0.0157000721
v 0.179000005 1.22990024 0.0257000625
v 0.168200016 1.21570027 0.0176000819
v 0.172600016 1.21810019 0.0111000836
v 0.172600016 1.21810019 0.0111000836
v 0.169000015 1.20040023 -0.00779995322
v 0.180500016 1.20460021 -0.01039996
v 0.165400013 1.20710027 -0.0105998591
v 0.177999914 1.20260024 0.000700041652
v 0.172699913 1.21390021 0.00100004673
v 0.172699913 1.21390021 0.00100004673
v 0.185199916 1.2080003 0.00740004331
v 0.179199904 1.22000027 0.00890007615
v 0.226299912 1.3100003 -0.00559984893
v 0.203599915 1.3144002 0.00740005076
v 0.216000006 1.30110025 0.00830010325
v 0.216000006 1.30110025 0.00830010325
v 0.194599912 1.29520023 0.0180001035
v 0.205600008 1.28440022 0.016500093
v 0.221299917 1.25030029 0.0129000917
v 0.237000018 1.23920023 0.00310005248
v 0.23180002 1.26000023 0.0062000528
v 0.23180002 1.26000023 0.0062000528
v 0.245100021 1.24310029 -0.00869994611
v 0.240700006 1.26580024 -0.00509995222
v 0.181500003 1.24070024 -0.0973999575
v 0.171299905 1.22620022 -0.0996998623
v 0.177499905 1.24910021 -0.104699858
v 0.177499905 1.24910021 -0.104699858
v 0.198099911 1.26010025 -0.10369996
v 0.181500003 1.24070024 -0.0973999575
v 0.182099909 1.21720028 -0.0862999633
v 0.203899905 1.21400023 -0.0842999592
v 0.184299916 1.20410025 -0.0805999562
v 0.184299916 1.20410025 -0.0805999562
v 0.163200006 1.20700026 -0.0751999542
v 0.182099909 1.21720028 -0.0862999633
v 0.213500008 1.28130019 -0.102899961
v 0.189899907 1.2713002 -0.110899962
v 0.202300012 1.29470026 -0.109099962
v 0.202300012 1.29470026 -0.109099962
v 0.226999998 1.29650021 -0.0888998583
v 0.213500008 1.28130019 -0.102899961
v 0.220799908 1.24500024 -0.0872999504
v 0.237900019 1.23480022 -0.072199963
v 0.221599907 1.22400022 -0.0814999565
v 0.221599907 1.22400022 -0.0814999565
v 0.202899903 1.23130023 -0.0902999565
v 0.220799908 1.24500024 -0.0872999504
v 0.220399916 1.20230019 -0.0787999555
v 0.203899905 1.21400023 -0.0842999592
v 0.221599907 1.22400022 -0.0814999565
v 0.221599907 1.22400022 -0.0814999565
v 0.237000018 1.2110002 -0.0705999509
v 0.220399916 1.20230019 -0.0787999555
v 0.186299905 1.18720019 -0.0761999562
v 0.166299909 1.19490027 -0.0704999492
v 0.184299916 1.20410025 -0.0805999562
v 0.184299916 1.20410025 -0.0805999562
v 0.203400016 1.19450021 -0.0804999545
v 0.186299905 1.18720019 -0.0761999562
v 0.240999997 1.22000027 0.000700041652
v 0.245100021 1.24310029 -0.00869994611
v 0.237000018 1.23920023 0.00310005248
v 0.240999997 1.22000027 0.000700041652
v 0.226299912 1.23260021 0.0115000829
v 0.230599999 1.21480024 0.0108000934
v 0.190199912 1.19530022 0.00940009207
v 0.177999914 1.20260024 0.000700041652
v 0.182699904 1.19070029 0.00240004063
v 0.182699904 1.19070029 0.00240004063
v 0.170199916 1.19640028 -0.00979995728
v 0.174599916 1.1851002 -0.00779995322
v 0.209799916 1.20480025 0.015500091
v 0.196200013 1.21540022 0.0135000646
v 0.20130001 1.20130026 0.0146000609
v 0.19539991 1.19830024 0.0127001032
v 0.185199916 1.2080003 0.00740004331
v 0.190199912 1.19530022 0.00940009207
v 0.230599999 1.21480024 0.0108000934
v 0.215499908 1.22550023 0.0143000707
v 0.219799906 1.20930028 0.0147000849
v 0.219799906 1.20930028 0.0147000849
v 0.205200016 1.21980023 0.0146000609
v 0.209799916 1.20480025 0.015500091
v 0.252400011 1.22280025 -0.0271999612
v 0.250699997 1.24250019 -0.0392999575
v 0.250200003 1.24420023 -0.0231998637
v 0.250200003 1.24420023 -0.0231998637
v 0.248899996 1.22290027 -0.0124999583
v 0.252400011 1.22280025 -0.0271999612
v 0.226999998 1.29650021 -0.0888998583
v 0.224600017 1.32310021 -0.0692999437
v 0.236100018 1.30560029 -0.0649999604
v 0.236100018 1.30560029 -0.0649999604
v 0.225499913 1.3288002 -0.045099847
v 0.236900002 1.31190026 -0.0410999581
v 0.245200008 1.26410019 -0.0581999496
v 0.250699997 1.24250019 -0.0392999575
v 0.247000009 1.24130023 -0.0560999587
v 0.247000009 1.24130023 -0.0560999587
v 0.236600012 1.25780022 -0.0768999532
v 0.245200008 1.26410019 -0.0581999496
v 0.166400015 1.18030024 -0.0218999609
v 0.170199916 1.19640028 -0.00979995728
v 0.162699908 1.19110024 -0.0245999619
v 0.162699908 1.19110024 -0.0245999619
v 0.161000013 1.17750025 -0.0385999605
v 0.166400015 1.18030024 -0.0218999609
v 0.161999911 1.1778003 -0.0551999584
v 0.157699913 1.18830025 -0.0415999517
v 0.158299908 1.18980026 -0.0582999513
v 0.158299908 1.18980026 -0.0582999513
v 0.170400009 1.18060029 -0.066799961
v 0.161999911 1.1778003 -0.0551999584
v 0.247400016 1.21700025 -0.0576998517
v 0.237900019 1.23480022 -0.072199963
v 0.247000009 1.24130023 -0.0560999587
v 0.247000009 1.24130023 -0.0560999587
v 0.252100021 1.22040021 -0.0421998575
v 0.247400016 1.21700025 -0.0576998517
v 0.101499915 1.35210025 -0.00239995122
v 0.108299911 1.32690024 0.0233000889
v 0.122600004 1.34710026 0.00290004909
v 0.122600004 1.34710026 0.00290004909
v 0.13639991 1.32080019 0.022600092
v 0.147099912 1.34120023 0.00400005281
v 0.147099912 1.34120023 0.00400005281
v 0.131299913 1.36080027 -0.0163999498
v 0.122600004 1.34710026 0.00290004909
v 0.122600004 1.34710026 0.00290004909
v 0.113899916 1.3633002 -0.019899942
v 0.101499915 1.35210025 -0.00239995122
v 0.147099912 1.34120023 0.00400005281
v 0.165400013 1.31560028 0.0186000839
v 0.173799917 1.33390021 0.00510004908
v 0.18190001 1.30600023 0.0179000795
v 0.203599915 1.3144002 0.00740005076
v 0.189599916 1.32500029 0.00580005348
v 0.189599916 1.32500029 0.00580005348
v 0.213699907 1.32550025 -0.00719995052
v 0.199399903 1.33750021 -0.00819995254
v 0.173799917 1.33390021 0.00510004908
v 0.154200003 1.3567003 -0.0130999461
v 0.147099912 1.34120023 0.00400005281
v 0.121600017 1.37400019 -0.0389998481
v 0.131299913 1.36080027 -0.0163999498
v 0.139100015 1.37080026 -0.0376999453
v 0.139100015 1.37080026 -0.0376999453
v 0.154200003 1.3567003 -0.0130999461
v 0.163200006 1.36550021 -0.036099948
v 0.163200006 1.36550021 -0.036099948
v 0.144500002 1.37830031 -0.0605999455
v 0.139100015 1.37080026 -0.0376999453
v 0.139100015 1.37080026 -0.0376999453
v 0.126299903 1.38500023 -0.0624999478
v 0.121600017 1.37400019 -0.0389998481
v 0.163200006 1.36550021 -0.036099948
v 0.182399914 1.34790027 -0.0103999525
v 0.191200003 1.35430026 -0.0321999416
v 0.207800016 1.34250021 -0.0288999453
v 0.213699907 1.32550025 -0.00719995052
v 0.221400008 1.3295002 -0.025299944
v 0.207800016 1.34250021 -0.0288999453
v 0.225499913 1.3288002 -0.045099847
v 0.211700007 1.3423003 -0.0490999445
v 0.191200003 1.35430026 -0.0321999416
v 0.168499917 1.36960018 -0.0580999479
v 0.163200006 1.36550021 -0.036099948
v 0.0254999883 0.978600085 -0.12479987
v 0.000699989498 0.9551 -0.132099986
v 0.000599980354 0.981099963 -0.12189997
v 0.000800009817 1.00209999 -0.116199858
v 0.0264999792 1.01639998 -0.113199957
v 0.0253999792 0.99939996 -0.11869996
v 0.0253999792 0.99939996 -0.11869996
v 0.045400016 1.01470006 -0.111799963
v 0.0433999822 0.996800065 -0.11809995
v 0.0425999686 0.975600004 -0.124999978
v 0.0271000192 0.950100064 -0.134899884
v 0.0254999883 0.978600085 -0.12479987
v 0.0138999783 1.33220029 0.0190000907
v 0.0457000062 1.32260025 0.0273000896
v 0.043299973 1.33610022 0.014800109
v 0.043299973 1.33610022 0.014800109
v 0.0796999112 1.33090019 0.019500114
v 0.0691999719 1.34310019 0.00480014831
v 0.0691999719 1.34310019 0.00480014831
v 0.0410000011 1.34350026 0.00830010325
v 0.043299973 1.33610022 0.014800109
v 0.043299973 1.33610022 0.014800109
v 0.0137000009 1.33960021 0.0127001107
v 0.0138999783 1.33220029 0.0190000907
v 0.090700008 1.3568002 -0.0087999478
v 0.0666999817 1.35400021 -0.00229994953
v 0.0691999719 1.34310019 0.00480014831
v 0.0691999719 1.34310019 0.00480014831
v 0.101499915 1.35210025 -0.00239995122
v 0.090700008 1.3568002 -0.0087999478
v 0.101499915 1.35210025 -0.00239995122
v 0.103200004 1.36590028 -0.0231998488
v 0.090700008 1.3568002 -0.0087999478
v 0.103200004 1.36590028 -0.0231998488
v 0.0840999112 1.3611002 -0.0139999464
v 0.090700008 1.3568002 -0.0087999478
v 0.111399904 1.37760019 -0.0401999429
v 0.0953000113 1.36920023 -0.0263998434
v 0.103200004 1.36590028 -0.0231998488
v 0.111399904 1.37760019 -0.0401999429
v 0.113899916 1.3633002 -0.019899942
v 0.121600017 1.37400019 -0.0389998481
v 0.111399904 1.37760019 -0.0401999429
v 0.126299903 1.38500023 -0.0624999478
v 0.113099903 1.38940024 -0.0648999438
v 0.113099903 1.38940024 -0.0648999438
v 0.103099912 1.3811003 -0.0423999354
v 0.111399904 1.37760019 -0.0401999429
v 0.0476999804 1.38420022 -0.12099994
v 0.0666999817 1.39340031 -0.101199947
v 0.0750999972 1.38860023 -0.110699944
v 0.0750999972 1.38860023 -0.110699944
v 0.0500999615 1.37030029 -0.127399951
v 0.0476999804 1.38420022 -0.12099994
v 0.0500999615 1.37030029 -0.127399951
v 0.0167000182 1.3811003 -0.124499835
v 0.0476999804 1.38420022 -0.12099994
v 0.0476999804 1.38420022 -0.12099994
v 0.0163999684 1.3913002 -0.114499949
v 0.0442000031 1.39270031 -0.110499837
v 0.129299909 1.3022002 0.0402000919
v 0.147199914 1.27630019 0.0449000895
v 0.154999912 1.29570019 0.0334000885
v 0.16369991 1.27220023 0.0384000912
v 0.181999907 1.27710021 0.0276000798
v 0.171100006 1.2870003 0.0319000781
v 0.171100006 1.2870003 0.0319000781
v 0.194599912 1.29520023 0.0180001035
v 0.18190001 1.30600023 0.0179000795
v 0.154999912 1.29570019 0.0334000885
v 0.13639991 1.32080019 0.022600092
v 0.129299909 1.3022002 0.0402000919
v 0.101599917 1.30360019 0.044000119
v 0.123700008 1.2814002 0.0556000806
v 0.129299909 1.3022002 0.0402000919
v 0.129299909 1.3022002 0.0402000919
v 0.108299911 1.32690024 0.0233000889
v 0.101599917 1.30360019 0.044000119
v 0.101599917 1.30360019 0.044000119
v 0.0796999112 1.33090019 0.019500114
v 0.0723999664 1.30160022 0.0438000932
v 0.0723999664 1.30160022 0.0438000932
v 0.0972999111 1.28250027 0.0611000992
v 0.101599917 1.30360019 0.044000119
v 0.0142999813 1.29670024 0.0422000587
v 0.0412999913 1.2777003 0.057600107
v 0.0429000184 1.29940021 0.0441000834
v 0.0429000184 1.29940021 0.0441000834
v 0.0691000223 1.28070021 0.0601001121
v 0.0723999664 1.30160022 0.0438000932
v 0.0723999664 1.30160022 0.0438000932
v 0.0457000062 1.32260025 0.0273000896
v 0.0429000184 1.29940021 0.0441000834
v 0.0429000184 1.29940021 0.0441000834
v 0.0142999813 1.31930029 0.02790007
v 0.0142999813 1.29670024 0.0422000587
v 0.103499904 1.31040025 -0.146699935
v 0.0802999064 1.34910023 -0.136699945
v 0.110800013 1.34360027 -0.137999952
v 0.110800013 1.34360027 -0.137999952
v 0.0860000104 1.37730026 -0.119799845
v 0.117900014 1.36940026 -0.116799943
v 0.117900014 1.36940026 -0.116799943
v 0.145799905 1.33250022 -0.130299956
v 0.110800013 1.34360027 -0.137999952
v 0.110800013 1.34360027 -0.137999952
v 0.135299906 1.3021003 -0.140699953
v 0.103499904 1.31040025 -0.146699935
v 0.0982000083 1.39190018 -0.089499943
v 0.103299916 1.39260018 -0.065499939
v 0.113099903 1.38940024 -0.0648999438
v 0.113099903 1.38940024 -0.0648999438
v 0.109499916 1.3870002 -0.0899999365
v 0.0982000083 1.39190018 -0.089499943
v 0.0982000083 1.39190018 -0.089499943
v 0.0860000104 1.37730026 -0.119799845
v 0.0750999972 1.38860023 -0.110699944
v 0.0750999972 1.38860023 -0.110699944
v 0.090000011 1.39500022 -0.0862999484
v 0.0982000083 1.39190018 -0.089499943
v 0.0279999897 1.0345 -0.111299954
v 0.000800009817 1.01859999 -0.111699961
v 0.000199969858 1.03700006 -0.110999949
v 0.0340999886 1.07749999 -0.10839995
v 0.00660002045 1.10450006 -0.111599959
v 0.0392000005 1.10329998 -0.110099964
v 0.0392000005 1.10329998 -0.110099964
v 0.0549999997 1.07710016 -0.105199955
v 0.0340999886 1.07749999 -0.10839995
v 0.0279999897 1.0345 -0.111299954
v 0.045400016 1.01470006 -0.111799963
v 0.0264999792 1.01639998 -0.113199957
v 0.0268999897 0.926599979 -0.144099981
v 0.00160001963 0.904899955 -0.153399974
v 0.000199969858 0.932700098 -0.143499881
v 0.000199969858 0.932700098 -0.143499881
v 0.0271000192 0.950100064 -0.134899884
v 0.0268999897 0.926599979 -0.144099981
v 0.0268999897 0.926599979 -0.144099981
v 0.0450000092 0.948099971 -0.133999974
v 0.0465999767 0.924100101 -0.142199993
v 0.0465999767 0.924100101 -0.142199993
v 0.0258999988 0.905799985 -0.15109998
v 0.0268999897 0.926599979 -0.144099981
v 0.0392000005 1.10329998 -0.110099964
v 0.01069998 1.12830007 -0.113899954
v 0.043099992 1.12759995 -0.113899954
v 0.0468000099 1.16950023 -0.115899958
v 0.0150999986 1.18390024 -0.117699958
v 0.0476999804 1.18660021 -0.115499862
v 0.0476999804 1.18660021 -0.115499862
v 0.0662000105 1.16960025 -0.118299954
v 0.0468000099 1.16950023 -0.115899958
v 0.043099992 1.12759995 -0.113899954
v 0.0590000078 1.10230017 -0.10839995
v 0.0392000005 1.10329998 -0.110099964
v 0.0476999804 1.18660021 -0.115499862
v 0.0159999691 1.19770026 -0.12159995
v 0.0480999872 1.20030022 -0.120799951
v 0.0485000014 1.22780025 -0.131399959
v 0.0160999782 1.24410021 -0.13259995
v 0.0472999811 1.24530029 -0.135499954
v 0.0472999811 1.24530029 -0.135499954
v 0.0712000132 1.22740018 -0.138699949
v 0.0485000014 1.22780025 -0.131399959
v 0.0480999872 1.20030022 -0.120799951
v 0.0689999983 1.18700027 -0.11979986
v 0.0476999804 1.18660021 -0.115499862
v 0.045400016 1.27800024 -0.137699962
v 0.0160999782 1.24410021 -0.13259995
v 0.0146999881 1.27830029 -0.135299951
v 0.045400016 1.27800024 -0.137699962
v 0.0143999979 1.31280029 -0.135299951
v 0.0468999669 1.3144002 -0.137099952
v 0.0468999669 1.3144002 -0.137099952
v 0.0715000033 1.27790022 -0.145299941
v 0.045400016 1.27800024 -0.137699962
v 0.045400016 1.27800024 -0.137699962
v 0.07099998 1.24550021 -0.142699957
v 0.0472999811 1.24530029 -0.135499954
v 0.0468999669 1.3144002 -0.137099952
v 0.0152000114 1.34240019 -0.133099943
v 0.0482000113 1.34590018 -0.13289994
v 0.0482000113 1.34590018 -0.13289994
v 0.0160999782 1.36600029 -0.129799932
v 0.0500999615 1.37030029 -0.127399951
v 0.0500999615 1.37030029 -0.127399951
v 0.0802999064 1.34910023 -0.136699945
v 0.0482000113 1.34590018 -0.13289994
v 0.0482000113 1.34590018 -0.13289994
v 0.074800007 1.31470025 -0.144099951
v 0.0468999669 1.3144002 -0.137099952
v 0.117900014 1.36940026 -0.116799943
v 0.109499916 1.3870002 -0.0899999365
v 0.133100003 1.37930024 -0.0884999409
v 0.133100003 1.37930024 -0.0884999409
v 0.126299903 1.38500023 -0.0624999478
v 0.144500002 1.37830031 -0.0605999455
v 0.144500002 1.37830031 -0.0605999455
v 0.162699908 1.36840022 -0.0824999437
v 0.133100003 1.37930024 -0.0884999409
v 0.133100003 1.37930024 -0.0884999409
v 0.154399917 1.3568002 -0.110699944
v 0.117900014 1.36940026 -0.116799943
v 0.211700007 1.3423003 -0.0490999445
v 0.224600017 1.32310021 -0.0692999437
v 0.211099908 1.33640027 -0.073299937
v 0.211099908 1.33640027 -0.073299937
v 0.215899915 1.31260026 -0.0931998566
v 0.201899916 1.32480025 -0.096899949
v 0.18569991 1.33810019 -0.102299936
v 0.162699908 1.36840022 -0.0824999437
v 0.193299904 1.34990025 -0.0775999352
v 0.193299904 1.34990025 -0.0775999352
v 0.168499917 1.36960018 -0.0580999479
v 0.195199907 1.35490024 -0.0535999462
v 0.152699903 1.2080003 -0.0482999608
v 0.156499907 1.21510029 -0.071199961
v 0.155099913 1.20980024 -0.0653999522
v 0.156499907 1.21510029 -0.071199961
v 0.164199904 1.21690023 -0.0803999528
v 0.155099913 1.20980024 -0.0653999522
v 0.155499905 1.21050024 -0.0288999602
v 0.180500016 1.20460021 -0.01039996
v 0.15200001 1.2153002 -0.0298999622
v 0.15200001 1.2153002 -0.0298999622
v 0.152699903 1.2080003 -0.0482999608
v 0.155499905 1.21050024 -0.0288999602
v 0.241300017 1.29090023 -0.0205999538
v 0.236900002 1.31190026 -0.0410999581
v 0.232800007 1.31310022 -0.0223999545
v 0.241300017 1.29090023 -0.0205999538
v 0.226299912 1.3100003 -0.00559984893
v 0.235200018 1.28870022 -0.00529994816
v 0.214699909 1.26830029 0.0144001022
v 0.193700016 1.26670027 0.0221000686
v 0.203599915 1.25520027 0.0181001201
v 0.193700016 1.26670027 0.0221000686
v 0.192700014 1.24650025 0.0200000703
v 0.203599915 1.25520027 0.0181001201
v 0.183599904 1.2397002 0.0222000778
v 0.182099909 1.25630021 0.0289001241
v 0.176900014 1.24840021 0.0317001119
v 0.179000005 1.23410022 0.0199001133
v 0.179000005 1.22990024 0.0257000625
v 0.173200011 1.22940028 0.0149001107
v 0.173200011 1.22940028 0.0149001107
v 0.172600016 1.21810019 0.0111000836
v 0.16960001 1.22170019 0.00310004503
v 0.16960001 1.22170019 0.00310004503
v 0.180500016 1.20460021 -0.01039996
v 0.190399915 1.20130026 -0.0131999552
v 0.235200018 1.28870022 -0.00529994816
v 0.216000006 1.30110025 0.00830010325
v 0.225799903 1.28170025 0.00710005313
v 0.225799903 1.28170025 0.00710005313
v 0.205600008 1.28440022 0.016500093
v 0.214699909 1.26830029 0.0144001022
v 0.182299912 1.22970021 -0.0917998627
v 0.167600006 1.22670019 -0.0857999548
v 0.181500003 1.24070024 -0.0973999575
v 0.181500003 1.24070024 -0.0973999575
v 0.202700004 1.24700022 -0.0969999507
v 0.182299912 1.22970021 -0.0917998627
v 0.219300017 1.26410019 -0.0947999582
v 0.198099911 1.26010025 -0.10369996
v 0.213500008 1.28130019 -0.102899961
v 0.213500008 1.28130019 -0.102899961
v 0.233999997 1.27820027 -0.0822999552
v 0.219300017 1.26410019 -0.0947999582
v 0.233999997 1.27820027 -0.0822999552
v 0.236100018 1.30560029 -0.0649999604
v 0.242799997 1.28620028 -0.0615998581
v 0.236100018 1.30560029 -0.0649999604
v 0.244700015 1.28970027 -0.0384999588
v 0.242799997 1.28620028 -0.0615998581
v -0.076399982 0.972499967 -0.110299967
v -0.0996999666 0.951099992 -0.11219997
v -0.094900012 0.973899961 -0.100899972
v -0.0926999971 0.994199991 -0.0937999561
v -0.0769000053 1.01190007 -0.0975999609
v -0.0762000009 0.99180001 -0.102899961
v -0.110499971 0.994700074 -0.082699962
v -0.100399971 1.01489997 -0.0836999491
v -0.102100007 0.994599998 -0.0879999623
v -0.104600012 0.974900007 -0.0947999731
v -0.120499961 0.951799989 -0.099199973
v -0.113600008 0.975699961 -0.0889999643
v -0.0780000016 1.03700006 -0.0950999632
v -0.0914999768 1.01499999 -0.0890999511
v -0.09170001 1.03869998 -0.0872999504
v -0.0934000015 1.09020007 -0.0900999531
v -0.0785000324 1.11469996 -0.0998999551
v -0.0809999704 1.08829999 -0.0953998491
v -0.100599997 1.08940017 -0.0859999582
v -0.103900008 1.11590016 -0.0871999636
v -0.0968999788 1.11750007 -0.0916999504
v -0.100399971 1.01489997 -0.0836999491
v -0.107200019 1.03569996 -0.0756999627
v -0.10019999 1.03770006 -0.0819999501
v -0.0561000109 0.971199989 -0.117699973
v -0.0411000177 0.949499965 -0.132999957
v -0.0594999716 0.949099958 -0.129299968
v -0.0590999685 1.01180017 -0.10489995
v -0.0397999808 0.994700074 -0.114599951
v -0.0569000207 0.991599858 -0.110899962
v -0.0762000009 0.99180001 -0.102899961
v -0.0590999685 1.01180017 -0.10489995
v -0.0569000207 0.991599858 -0.110899962
v -0.0561000109 0.971199989 -0.117699973
v -0.080200009 0.950299978 -0.121999972
v -0.076399982 0.972499967 -0.110299967
v -0.0462999903 1.03820002 -0.105299957
v -0.0590999685 1.01180017 -0.10489995
v -0.0634999797 1.03639996 -0.101399951
v -0.0694000125 1.08739996 -0.0986999497
v -0.0519000217 1.11250007 -0.104399957
v -0.0522000119 1.08679998 -0.101199962
v -0.0694000125 1.08739996 -0.0986999497
v -0.0785000324 1.11469996 -0.0998999551
v -0.0683000013 1.1135 -0.102599852
v -0.0634999797 1.03639996 -0.101399951
v -0.0769000053 1.01190007 -0.0975999609
v -0.0780000016 1.03700006 -0.0950999632
v -0.0601999685 1.08109999 0.0751000941
v -0.0806000233 1.09740007 0.0757000744
v -0.0773999617 1.07630014 0.0676001012
v -0.076399982 1.028 0.0598001108
v -0.0547000095 1.00750017 0.0665000826
v -0.0573999807 1.02950001 0.0672000945
v -0.0921000168 1.0266 0.051700078
v -0.0752000213 1.00639999 0.057900086
v -0.076399982 1.028 0.0598001108
v -0.0773999617 1.07630014 0.0676001012
v -0.0960999727 1.09220016 0.0631000549
v -0.0907000303 1.06930006 0.05600008
v -0.0742999911 0.988200068 0.058700107
v -0.0547000095 1.00750017 0.0665000826
v -0.0752000213 1.00639999 0.057900086
v -0.0748000145 0.941799998 0.0612001047
v -0.0526999794 0.968400002 0.0691001043
v -0.0745999813 0.969900012 0.0605001077
v -0.0745999813 0.969900012 0.0605001077
v -0.0982999727 0.942999959 0.0506000742
v -0.0748000145 0.941799998 0.0612001047
v -0.0742999911 0.988200068 0.058700107
v -0.0935000107 1.00600016 0.0491000675
v -0.0950999781 0.988700092 0.0496000871
v -0.0393999815 1.08280015 0.0776000917
v -0.00379998051 1.10339999 0.0772000849
v -0.0407999679 1.10670006 0.0830000937
v -0.0307000279 1.00950015 0.0732000619
v -0.00379998051 1.02820015 0.0768000707
v -0.033999972 1.0309 0.0729000792
v -0.033999972 1.0309 0.0729000792
v -0.0547000095 1.00750017 0.0665000826
v -0.0307000279 1.00950015 0.0732000619
v -0.0393999815 1.08280015 0.0776000917
v -0.0612999685 1.10240006 0.0832000598
v -0.0601999685 1.08109999 0.0751000941
v -0.0282000303 0.989400089 0.0749001056
v -0.00330002047 1.00760007 0.0768000707
v -0.0307000279 1.00950015 0.0732000619
v -0.0271999836 0.93809998 0.0757000595
v -0.00120002963 0.968100011 0.0789000541
v -0.0278999805 0.968200088 0.0759000927
v -0.0278999805 0.968200088 0.0759000927
v -0.0522999689 0.939599991 0.0697000846
v -0.0271999836 0.93809998 0.0757000595
v -0.0307000279 1.00950015 0.0732000619
v -0.0530999824 0.988200068 0.0677001029
v -0.0282000303 0.989400089 0.0749001056
v -0.104799978 0.932000101 -0.119299971
v -0.0856999755 0.912999988 -0.138399959
v -0.112399988 0.911599994 -0.123999976
v -0.0996999666 0.951099992 -0.11219997
v -0.0842000246 0.932799995 -0.130499959
v -0.104799978 0.932000101 -0.119299971
v -0.115999989 0.931200087 -0.112499975
v -0.120499961 0.951799989 -0.099199973
v -0.110400021 0.951200008 -0.105499975
v -0.122099988 0.911300063 -0.118699975
v -0.126299888 0.931200087 -0.106999971
v -0.115999989 0.931200087 -0.112499975
v -0.0425000116 0.930299997 -0.142999977
v -0.0658000112 0.912099957 -0.145399988
v -0.0630000234 0.931800008 -0.138299972
v -0.0630000234 0.931800008 -0.138299972
v -0.0411000177 0.949499965 -0.132999957
v -0.0425000116 0.930299997 -0.142999977
v -0.0842000246 0.932799995 -0.130499959
v -0.0594999716 0.949099958 -0.129299968
v -0.0630000234 0.931800008 -0.138299972
v -0.0630000234 0.931800008 -0.138299972
v -0.0856999755 0.912999988 -0.138399959
v -0.0842000246 0.932799995 -0.130499959
v -0.075699985 0.915700078 0.060600061
v -0.0522999689 0.939599991 0.0697000846
v -0.0748000145 0.941799998 0.0612001047
v -0.0781999826 0.892199993 0.0597000942
v -0.0519999787 0.912899971 0.0687000901
v -0.075699985 0.915700078 0.060600061
v -0.075699985 0.915700078 0.060600061
v -0.102100007 0.896399975 0.0489000827
v -0.0781999826 0.892199993 0.0597000942
v -0.0748000145 0.941799998 0.0612001047
v -0.100300014 0.918500066 0.0498000532
v -0.075699985 0.915700078 0.060600061
v -0.0260000229 0.911599994 0.0735000521
v 0 0.938399911 0.079600051
v -0.0271999836 0.93809998 0.0757000595
v -0.0260000229 0.911599994 0.0735000521
v 0.00120002031 0.887299955 0.0736000687
v 0.00050001964 0.912199974 0.0766000897
v -0.0260000229 0.911599994 0.0735000521
v -0.0527999923 0.885699987 0.0687000901
v -0.0249999762 0.885599971 0.0728000551
v -0.0271999836 0.93809998 0.0757000595
v -0.0519999787 0.912899971 0.0687000901
v -0.0260000229 0.911599994 0.0735000521
v -0.0784000158 1.13990021 -0.105799951
v -0.0896999836 1.1178 -0.0956999585
v -0.0913000107 1.14100027 -0.102099963
v -0.097299993 1.19100022 -0.124899961
v -0.0776000023 1.1801002 -0.119399957
v -0.0946000218 1.17760026 -0.116499953
v -0.104499988 1.17630029 -0.112999849
v -0.11900001 1.18580019 -0.112999849
v -0.10930001 1.18890023 -0.120099954
v -0.0968999788 1.11750007 -0.0916999504
v -0.106400013 1.13850021 -0.0942999497
v -0.0990999937 1.14000022 -0.0985999629
v -0.100700021 1.2045002 -0.129199952
v -0.0782999918 1.19390023 -0.127599955
v -0.097299993 1.19100022 -0.124899961
v -0.112200022 1.23290026 -0.134999961
v -0.0924999714 1.2505002 -0.145399958
v -0.0878000185 1.23510027 -0.142699957
v -0.129799992 1.22420025 -0.123999961
v -0.138899893 1.22540021 -0.111799963
v -0.140299991 1.23780024 -0.123699956
v -0.115299992 1.20000029 -0.122299962
v -0.11900001 1.18580019 -0.112999849
v -0.125099987 1.19460022 -0.113199957
v -0.0509999916 1.1383003 -0.109699957
v -0.0683000013 1.1135 -0.102599852
v -0.0662000105 1.13990021 -0.10839995
v -0.0638999939 1.18090022 -0.11979986
v -0.0475000106 1.19470024 -0.124599956
v -0.0486999676 1.17980027 -0.119599961
v -0.0638999939 1.18090022 -0.11979986
v -0.0782999918 1.19390023 -0.127599955
v -0.0637999699 1.19460022 -0.126699954
v -0.0683000013 1.1135 -0.102599852
v -0.0784000158 1.13990021 -0.105799951
v -0.0662000105 1.13990021 -0.10839995
v -0.0469999909 1.20650029 -0.130099952
v -0.0637999699 1.19460022 -0.126699954
v -0.0644000098 1.20680022 -0.13289997
v -0.0680999756 1.23260021 -0.143299937
v -0.0454000197 1.24840021 -0.143899947
v -0.0457999706 1.23200023 -0.139299959
v -0.0878000185 1.23510027 -0.142699957
v -0.0698999688 1.24900019 -0.147399962
v -0.0680999756 1.23260021 -0.143299937
v -0.0644000098 1.20680022 -0.13289997
v -0.0782999918 1.19390023 -0.127599955
v -0.080099985 1.20730031 -0.133699954
v -0.0443000123 1.22190022 0.0922000706
v -0.0674999952 1.24380028 0.0875000656
v -0.0699999928 1.22630024 0.0983000696
v -0.076300025 1.20000029 0.106300078
v -0.0536000095 1.18170023 0.10050007
v -0.0473999903 1.19650018 0.102400087
v -0.103500001 1.20160019 0.0972000659
v -0.078599982 1.18560028 0.10080006
v -0.076300025 1.20000029 0.106300078
v -0.0674999952 1.24380028 0.0875000656
v -0.100000024 1.22850025 0.0944000781
v -0.0699999928 1.22630024 0.0983000696
v -0.0587999821 1.16370022 0.0985000953
v -0.078599982 1.18560028 0.10080006
v -0.080099985 1.16420019 0.0922000632
v -0.0828000307 1.11650002 0.0809001029
v -0.0612999685 1.10240006 0.0832000598
v -0.060599979 1.12220001 0.0888001025
v -0.10079997 1.11300015 0.0664000735
v -0.0806000233 1.09740007 0.0757000744
v -0.0828000307 1.11650002 0.0809001029
v -0.080099985 1.16420019 0.0922000632
v -0.102399997 1.18860018 0.0943000615
v -0.101499967 1.1650002 0.0805000961
v 0.00749998912 1.21340024 0.0872000754
v -0.0156000266 1.2318002 0.0771000683
v -0.0177000165 1.21760023 0.0886000693
v -0.0225999951 1.18990028 0.0964000523
v -0.000599989668 1.16660023 0.0844000876
v 0.00279998034 1.18340027 0.0921001136
v -0.0473999903 1.19650018 0.102400087
v -0.0307000279 1.17470026 0.0936000645
v -0.0225999951 1.18990028 0.0964000523
v -0.0177000165 1.21760023 0.0886000693
v -0.0411999822 1.23840022 0.0823000968
v -0.0443000123 1.22190022 0.0922000706
v -0.0360000096 1.15960026 0.0933000743
v -0.000599989668 1.16660023 0.0844000876
v -0.0307000279 1.17470026 0.0936000645
v -0.0407999679 1.10670006 0.0830000937
v -0.00320000015 1.12129998 0.0793000758
v -0.039600011 1.12370002 0.0870001018
v -0.060599979 1.12220001 0.0888001025
v -0.0407999679 1.10670006 0.0830000937
v -0.039600011 1.12370002 0.0870001018
v -0.0360000096 1.15960026 0.0933000743
v -0.0536000095 1.18170023 0.10050007
v -0.0587999821 1.16370022 0.0985000953
v -0.0986999795 1.2742002 -0.147199959
v -0.121100001 1.2482003 -0.135999948
v -0.128499895 1.26940024 -0.136699945
v -0.1331999 1.29250026 -0.13469997
v -0.0986999795 1.2742002 -0.147199959
v -0.128499895 1.26940024 -0.136699945
v -0.144199893 1.26160026 -0.126699954
v -0.158899993 1.27500021 -0.122399963
v -0.148499891 1.28410029 -0.127599955
v -0.140299991 1.23780024 -0.123699956
v -0.151899993 1.2518003 -0.11979986
v -0.144199893 1.26160026 -0.126699954
v -0.155399889 1.30560029 -0.123299964
v -0.179299995 1.31280029 -0.107699953
v -0.166399986 1.32430029 -0.110099949
v -0.148499891 1.28410029 -0.127599955
v -0.167599991 1.29570019 -0.119499959
v -0.155399889 1.30560029 -0.123299964
v -0.140699893 1.31700027 -0.128699958
v -0.104300022 1.30360019 -0.145799935
v -0.1331999 1.29250026 -0.13469997
v -0.150899991 1.33790028 -0.114099942
v -0.112800002 1.33360028 -0.137099952
v -0.140699893 1.31700027 -0.128699958
v -0.04509997 1.27960026 -0.149299949
v -0.0698999688 1.24900019 -0.147399962
v -0.0712000132 1.2778002 -0.15169996
v -0.0730999708 1.31250024 -0.150599957
v -0.04509997 1.27960026 -0.149299949
v -0.0712000132 1.2778002 -0.15169996
v -0.0712000132 1.2778002 -0.15169996
v -0.104300022 1.30360019 -0.145799935
v -0.0730999708 1.31250024 -0.150599957
v -0.0712000132 1.2778002 -0.15169996
v -0.0924999714 1.2505002 -0.145399958
v -0.0986999795 1.2742002 -0.147199959
v -0.0691000223 1.27320027 0.0733000934
v -0.0411999822 1.28690028 0.0602000728
v -0.0707999989 1.29060018 0.0604001023
v -0.0674999952 1.24380028 0.0875000656
v -0.0397999808 1.25210023 0.0753000677
v -0.0677999854 1.25870025 0.07970009
v -0.0677999854 1.25870025 0.07970009
v -0.0960999727 1.24830019 0.0839000642
v -0.0674999952 1.24380028 0.0875000656
v -0.0707999989 1.29060018 0.0604001023
v -0.0982999727 1.27450025 0.0660000741
v -0.0691000223 1.27320027 0.0733000934
v -0.0149999866 1.26020026 0.0668000877
v 0.0138999783 1.27290022 0.0539000966
v -0.0134999799 1.28070021 0.0577000715
v -0.0156000266 1.2318002 0.0771000683
v 0.0119000003 1.23990023 0.0677001178
v -0.0149999866 1.24500024 0.0713001192
v -0.0149999866 1.24500024 0.0713001192
v -0.0411999822 1.23840022 0.0823000968
v -0.0156000266 1.2318002 0.0771000683
v -0.0134999799 1.28070021 0.0577000715
v -0.040099971 1.26690018 0.0696000755
v -0.0149999866 1.26020026 0.0668000877
v -0.1347 0.990300059 -0.00849996507
v -0.1329 1.00849998 -0.0263998583
v -0.136899993 0.99180001 -0.0281999633
v -0.129899889 0.990499973 0.0123000965
v -0.130599886 1.00769997 -0.0066999644
v -0.1347 0.990300059 -0.00849996507
v -0.13959989 0.97299999 -0.0094999671
v -0.14199999 0.946300089 0.0117000565
v -0.134599894 0.972499967 0.0113001093
v -0.13959989 0.97299999 -0.0094999671
v -0.150799885 0.950699985 -0.0307999775
v -0.148099989 0.948099971 -0.00959996134
v -0.122699969 0.990100086 0.0252000839
v -0.125199988 1.0079 0.0150000677
v -0.129899889 0.990499973 0.0123000965
v -0.0950999781 0.988700092 0.0496000871
v -0.11019998 1.00670016 0.0386001095
v -0.114000022 0.99000001 0.0377000794
v -0.118300021 0.972200096 0.0375001058
v -0.0982999727 0.942999959 0.0506000742
v -0.0974000022 0.971000075 0.0506000742
v -0.134599894 0.972499967 0.0113001093
v -0.133399889 0.944599986 0.0246001035
v -0.127499998 0.972000003 0.0243000537
v -0.125799984 1.08160007 -0.00189995766
v -0.127899989 1.06449997 -0.0208999589
v -0.125599891 1.06210017 -0.00049996376
v -0.125599891 1.06210017 -0.00049996376
v -0.120800011 1.08169997 0.0188001022
v -0.125799984 1.08160007 -0.00189995766
v -0.126399994 1.02680016 -0.00259996206
v -0.125199988 1.0079 0.0150000677
v -0.120700002 1.02690017 0.0199001059
v -0.128499895 1.02719998 -0.022899963
v -0.130599886 1.00769997 -0.0066999644
v -0.126399994 1.02680016 -0.00259996206
v -0.113399982 1.06210017 0.0326000676
v -0.120800011 1.08169997 0.0188001022
v -0.119899981 1.06099999 0.0211000666
v -0.0907000303 1.06930006 0.05600008
v -0.11019998 1.08790016 0.0465001091
v -0.105800033 1.06400001 0.0429001078
v -0.107200019 1.02559996 0.0413000733
v -0.0935000107 1.00600016 0.0491000675
v -0.0921000168 1.0266 0.051700078
v -0.120700002 1.02690017 0.0199001059
v -0.118600011 1.00779998 0.0276000649
v -0.114600003 1.02579999 0.0312000737
v -0.148099989 0.948099971 -0.00959996134
v -0.158399984 0.928399861 -0.0318999663
v -0.155799896 0.926099956 -0.00959996134
v -0.155799896 0.926099956 -0.00959996134
v -0.14199999 0.946300089 0.0117000565
v -0.148099989 0.948099971 -0.00959996134
v -0.155799896 0.926099956 -0.00959996134
v -0.150599986 0.899100006 0.0111000761
v -0.14729999 0.923300087 0.0120001063
v -0.158399984 0.928399861 -0.0318999663
v -0.162199885 0.902199984 -0.013099961
v -0.155799896 0.926099956 -0.00959996134
v -0.137400001 0.921199858 0.0241000876
v -0.14199999 0.946300089 0.0117000565
v -0.14729999 0.923300087 0.0120001063
v -0.100300014 0.918500066 0.0498000532
v -0.121399991 0.943799973 0.0373000652
v -0.124899894 0.920099974 0.0361001045
v -0.124899894 0.920099974 0.0361001045
v -0.102100007 0.896399975 0.0489000827
v -0.100300014 0.918500066 0.0498000532
v -0.14729999 0.923300087 0.0120001063
v -0.140399992 0.897700012 0.0208000764
v -0.137400001 0.921199858 0.0241000876
v -0.135099992 1.15730023 0.00670004636
v -0.135899991 1.17170024 -0.0181999579
v -0.134299994 1.15450025 -0.0217999592
v -0.132399991 1.16090024 0.0288000926
v -0.135899991 1.17830026 0.0114000738
v -0.135099992 1.15730023 0.00670004636
v -0.127599984 1.10300016 -0.00159996003
v -0.120800011 1.08169997 0.0188001022
v -0.124599993 1.10570002 0.0198000968
v -0.127599984 1.10300016 -0.00159996003
v -0.128099889 1.08440006 -0.0213998631
v -0.125799984 1.08160007 -0.00189995766
v -0.126800001 1.16340029 0.0481000841
v -0.133399889 1.18380022 0.0375001132
v -0.132399991 1.16090024 0.0288000926
v -0.101499967 1.1650002 0.0805000961
v -0.120999992 1.18820024 0.0826000869
v -0.117600024 1.16490018 0.0645000637
v -0.115699999 1.11109996 0.0498000644
v -0.0960999727 1.09220016 0.0631000549
v -0.10079997 1.11300015 0.0664000735
v -0.124599993 1.10570002 0.0198000968
v -0.115299992 1.08389997 0.0318001211
v -0.120899968 1.10969996 0.0353001058
v -0.141299888 1.21770024 0.0185000524
v -0.145699888 1.21090019 -0.012099959
v -0.1426 1.20430028 -0.00949995965
v -0.1338 1.22690022 0.033300072
v -0.14489989 1.22690022 0.0135000646
v -0.141299888 1.21770024 0.0185000524
v -0.135899991 1.19440019 0.0169000924
v -0.133399889 1.18380022 0.0375001132
v -0.133399889 1.20130026 0.0426000655
v -0.138099998 1.1857003 -0.0126999542
v -0.135899991 1.17830026 0.0114000738
v -0.135899991 1.19440019 0.0169000924
v -0.129399985 1.24640024 0.0460000969
v -0.1338 1.22690022 0.033300072
v -0.128999993 1.23340023 0.0551001169
v -0.120100021 1.23420024 0.0772000849
v -0.0960999727 1.24830019 0.0839000642
v -0.118199997 1.24950027 0.0663000643
v -0.122900002 1.20140028 0.0846000612
v -0.102399997 1.18860018 0.0943000615
v -0.103500001 1.20160019 0.0972000659
v -0.133399889 1.20130026 0.0426000655
v -0.130599886 1.1893003 0.0670001134
v -0.132299989 1.2038002 0.0691001117
v -0.137799889 1.27870023 0.0308000818
v -0.145099998 1.26440024 0.0305000916
v -0.136199981 1.26900029 0.0423000827
v -0.123999991 1.27180028 0.0528000891
v -0.0998999998 1.28940022 0.0523000695
v -0.125099987 1.28400028 0.0398000777
v -0.118199997 1.24950027 0.0663000643
v -0.0965999886 1.2633003 0.0744000971
v -0.119700007 1.25990021 0.0570000671
v -0.145499989 1.25670028 0.0362000838
v -0.129399985 1.24640024 0.0460000969
v -0.135299891 1.25970018 0.049500078
v -0.121100001 0.994500101 -0.0742999539
v -0.10860002 1.01380014 -0.0770999566
v -0.110499971 0.994700074 -0.082699962
v -0.129899889 0.993700087 -0.0614999607
v -0.118199997 1.01240015 -0.0697999522
v -0.121100001 0.994500101 -0.0742999539
v -0.125399992 0.976300001 -0.0789999738
v -0.144599989 0.952499986 -0.0698998645
v -0.135199994 0.976199985 -0.0647999719
v -0.113600008 0.975699961 -0.0889999643
v -0.133899897 0.95209986 -0.0871999785
v -0.125399992 0.976300001 -0.0789999738
v -0.130699992 1.00919998 -0.043499954
v -0.129899889 0.993700087 -0.0614999607
v -0.135399997 0.992500007 -0.0461998507
v -0.136899993 0.99180001 -0.0281999633
v -0.130699992 1.00919998 -0.043499954
v -0.135399997 0.992500007 -0.0461998507
v -0.140399992 0.975099862 -0.048199974
v -0.150799885 0.950699985 -0.0307999775
v -0.142199993 0.97450006 -0.0296999738
v -0.140399992 0.975099862 -0.048199974
v -0.144599989 0.952499986 -0.0698998645
v -0.150199994 0.951599956 -0.0507999733
v -0.115400009 1.10909998 -0.0746999606
v -0.107500009 1.08700001 -0.0804999545
v -0.117699981 1.08029997 -0.0683999583
v -0.117699981 1.08029997 -0.0683999583
v -0.124299988 1.09940016 -0.0577999577
v -0.115400009 1.10909998 -0.0746999606
v -0.118199997 1.01240015 -0.0697999522
v -0.122500002 1.02970016 -0.0543999597
v -0.116299979 1.03209996 -0.0651998594
v -0.116299979 1.03209996 -0.0651998594
v -0.10860002 1.01380014 -0.0770999566
v -0.118199997 1.01240015 -0.0697999522
v -0.127699882 1.0891 -0.0383999571
v -0.123599999 1.07309997 -0.0542999581
v -0.127099991 1.06760001 -0.0375999585
v -0.127099991 1.06760001 -0.0375999585
v -0.128099889 1.08440006 -0.0213998631
v -0.127699882 1.0891 -0.0383999571
v -0.126599997 1.02719998 -0.0396999493
v -0.1329 1.00849998 -0.0263998583
v -0.128499895 1.02719998 -0.022899963
v -0.126599997 1.02719998 -0.0396999493
v -0.125999898 1.01120007 -0.0581999496
v -0.130699992 1.00919998 -0.043499954
v -0.13989988 0.929799855 -0.0940999761
v -0.120499961 0.951799989 -0.099199973
v -0.126299888 0.931200087 -0.106999971
v -0.151999995 0.930299997 -0.0755999759
v -0.133899897 0.95209986 -0.0871999785
v -0.13989988 0.929799855 -0.0940999761
v -0.13989988 0.929799855 -0.0940999761
v -0.15519999 0.902399957 -0.0805999711
v -0.151999995 0.930299997 -0.0755999759
v -0.13989988 0.929799855 -0.0940999761
v -0.132299989 0.910899997 -0.114999972
v -0.143699989 0.905299962 -0.0983999744
v -0.158099994 0.928900003 -0.0544999763
v -0.144599989 0.952499986 -0.0698998645
v -0.151999995 0.930299997 -0.0755999759
v -0.158399984 0.928399861 -0.0318999663
v -0.150199994 0.951599956 -0.0507999733
v -0.158099994 0.928900003 -0.0544999763
v -0.158099994 0.928900003 -0.0544999763
v -0.168299988 0.90200007 -0.0340999737
v -0.158399984 0.928399861 -0.0318999663
v -0.151999995 0.930299997 -0.0755999759
v -0.161999986 0.902099967 -0.0593999699
v -0.158099994 0.928900003 -0.0544999763
v -0.128999993 1.1778003 -0.0958999619
v -0.114199989 1.17330027 -0.106799953
v -0.124899894 1.1656003 -0.0914999619
v -0.124899894 1.1656003 -0.0914999619
v -0.135399997 1.17120028 -0.0723998621
v -0.128999993 1.1778003 -0.0958999619
v -0.115400009 1.10909998 -0.0746999606
v -0.1259 1.12290001 -0.0639999583
v -0.117299974 1.13170028 -0.0814999565
v -0.117299974 1.13170028 -0.0814999565
v -0.103900008 1.11590016 -0.0871999636
v -0.115400009 1.10909998 -0.0746999606
v -0.137899995 1.1692003 -0.0454999581
v -0.131599993 1.15920019 -0.071199961
v -0.13499999 1.15470028 -0.0469999537
v -0.134299994 1.15450025 -0.0217999592
v -0.137899995 1.1692003 -0.0454999581
v -0.13499999 1.15470028 -0.0469999537
v -0.127699882 1.0891 -0.0383999571
v -0.130499989 1.10679996 -0.0219999626
v -0.130699992 1.11370015 -0.0419999585
v -0.130699992 1.11370015 -0.0419999585
v -0.124299988 1.09940016 -0.0577999577
v -0.127699882 1.0891 -0.0383999571
v -0.150399894 1.21160018 -0.0910998508
v -0.141799897 1.21420026 -0.109799959
v -0.143699989 1.2051003 -0.0930999592
v -0.143699989 1.2051003 -0.0930999592
v -0.150199994 1.20280027 -0.0665999576
v -0.150399894 1.21160018 -0.0910998508
v -0.128999993 1.1778003 -0.0958999619
v -0.139099985 1.1814003 -0.0708999559
v -0.1338 1.1880002 -0.0957999602
v -0.1338 1.1880002 -0.0957999602
v -0.11900001 1.18580019 -0.112999849
v -0.128999993 1.1778003 -0.0958999619
v -0.145899981 1.1959002 -0.0392999575
v -0.150199994 1.20280027 -0.0665999576
v -0.145999998 1.19740021 -0.0677999631
v -0.1426 1.20430028 -0.00949995965
v -0.148899987 1.20120025 -0.0392999575
v -0.145899981 1.1959002 -0.0392999575
v -0.140799999 1.17970026 -0.0428999588
v -0.135899991 1.17170024 -0.0181999579
v -0.138099998 1.1857003 -0.0126999542
v -0.139099985 1.1814003 -0.0708999559
v -0.137899995 1.1692003 -0.0454999581
v -0.140799999 1.17970026 -0.0428999588
v -0.150399894 1.21160018 -0.0910998508
v -0.157999992 1.20630026 -0.064799957
v -0.1338 1.2088002 -0.0928998515
v -0.14379999 1.22120023 -0.107999958
v -0.150399894 1.21160018 -0.0910998508
v -0.1338 1.2088002 -0.0928998515
v -0.1417 1.19810021 -0.0905999616
v -0.156199992 1.1952002 -0.0967998579
v -0.147599995 1.20720029 -0.102099963
v -0.138999999 1.1936003 -0.0740999505
v -0.149099991 1.18630028 -0.0865999535
v -0.1417 1.19810021 -0.0905999616
v -0.148899987 1.20120025 -0.0392999575
v -0.151999995 1.2160002 -0.0159998536
v -0.154999897 1.20570028 -0.0406999514
v -0.154999897 1.20570028 -0.0406999514
v -0.150199994 1.20280027 -0.0665999576
v -0.148899987 1.20120025 -0.0392999575
v -0.138499886 1.19570029 -0.0546999499
v -0.146299988 1.1821003 -0.071199961
v -0.138999999 1.1936003 -0.0740999505
v -0.138499886 1.19570029 -0.0546999499
v -0.15109989 1.18950021 -0.0362999514
v -0.14729999 1.18400025 -0.0529998615
v 0.176599905 1.16120028 -0.0641999617
v 0.174099907 1.16280019 -0.0497998521
v 0.16719991 1.16090024 -0.0528999493
v 0.234800011 1.17730021 -0.0700999573
v 0.2421 1.18170023 -0.0551999584
v 0.231100023 1.1772002 -0.06409996
v -0.192399889 1.33070028 -0.0419999436
v -0.205399886 1.31460023 -0.0608998612
v -0.203699991 1.31520021 -0.0400998518
v -0.203699991 1.31520021 -0.0400998518
v -0.185599893 1.3251003 -0.0219999477
v -0.192399889 1.33070028 -0.0419999436
v -0.224599883 1.24980021 -0.0382998511
v -0.213199884 1.27100027 -0.0212999508
v -0.218799889 1.27390027 -0.0375999585
v -0.220999897 1.27380025 -0.055899851
v -0.224599883 1.24980021 -0.0382998511
v -0.218799889 1.27390027 -0.0375999585
v -0.163699895 1.26910031 0.00780005008
v -0.166299984 1.29470026 0.00370004773
v -0.176099986 1.28530025 0.00120005012
v -0.153399989 1.25850022 0.014100112
v -0.153699994 1.27820027 0.0135000721
v -0.163699895 1.26910031 0.00780005008
v -0.190499991 1.2232002 -0.00109995902
v -0.171299994 1.23440027 0.000300042331
v -0.182199985 1.24190021 0.000700049102
v -0.182199985 1.24190021 0.000700049102
v -0.200899988 1.23190022 -0.003299959
v -0.190499991 1.2232002 -0.00109995902
v -0.145099998 1.26440024 0.0305000916
v -0.153399989 1.25850022 0.014100112
v -0.150199994 1.25260019 0.0192001238
v -0.151999995 1.24720025 0.022600092
v -0.144499987 1.2439003 0.0378001109
v -0.145499989 1.25670028 0.0362000838
v -0.166999996 1.2088002 -0.00829995424
v -0.153199986 1.21800029 -0.00819995999
v -0.157899886 1.22360027 -0.00279995799
v -0.162899897 1.22870028 -0.000199854374
v -0.18009989 1.21690023 -0.00259995461
v -0.172099993 1.21290028 -0.00499995798
v -0.14489989 1.22690022 0.0135000646
v -0.152999997 1.24230027 0.0201000944
v -0.152199894 1.23080027 0.00510004163
v -0.152199894 1.23080027 0.00510004163
v -0.145699888 1.21090019 -0.012099959
v -0.14489989 1.22690022 0.0135000646
v -0.156699985 1.19680023 -0.0229999498
v -0.141299888 1.20140028 -0.0358999595
v -0.147099882 1.21010029 -0.0200999603
v -0.147099882 1.21010029 -0.0200999603
v -0.162599891 1.2038002 -0.0137999579
v -0.156699985 1.19680023 -0.0229999498
v -0.175899893 1.31270027 -0.00739984959
v -0.198199883 1.31100023 -0.0212999508
v -0.187599987 1.30130029 -0.00719995052
v -0.187599987 1.30130029 -0.00719995052
v -0.166299984 1.29470026 0.00370004773
v -0.175899893 1.31270027 -0.00739984959
v -0.20979999 1.24060023 -0.0104999468
v -0.193499893 1.25280023 -0.00159995258
v -0.20449999 1.26420021 -0.00889994949
v -0.20449999 1.26420021 -0.00889994949
v -0.218499988 1.24670029 -0.0229999498
v -0.20979999 1.24060023 -0.0104999468
v -0.155599996 1.24170029 -0.115299962
v -0.138899893 1.22540021 -0.111799963
v -0.14379999 1.22120023 -0.107999958
v -0.165599987 1.2633003 -0.118299954
v -0.151899993 1.2518003 -0.11979986
v -0.155599996 1.24170029 -0.115299962
v -0.160299987 1.21930027 -0.10749995
v -0.187299892 1.21390021 -0.101499863
v -0.177699894 1.23340023 -0.10839995
v -0.147599995 1.20720029 -0.102099963
v -0.170199886 1.20530021 -0.100699954
v -0.160299987 1.21930027 -0.10749995
v -0.177299887 1.28540027 -0.116099961
v -0.158899993 1.27500021 -0.122399963
v -0.165599987 1.2633003 -0.118299954
v -0.189799994 1.29980028 -0.105699964
v -0.167599991 1.29570019 -0.119499959
v -0.177299887 1.28540027 -0.116099961
v -0.192699984 1.24950027 -0.105299957
v -0.214699894 1.23930025 -0.0908999518
v -0.207099989 1.26470029 -0.0965999588
v -0.177699894 1.23340023 -0.10839995
v -0.20189999 1.22730029 -0.0981999561
v -0.192699984 1.24950027 -0.105299957
v -0.208999991 1.20410025 -0.0947999582
v -0.187299892 1.21390021 -0.101499863
v -0.195299894 1.19320023 -0.097899951
v -0.221199885 1.21420026 -0.0872999504
v -0.20189999 1.22730029 -0.0981999561
v -0.208999991 1.20410025 -0.0947999582
v -0.204899997 1.16280019 -0.0941999629
v -0.195099995 1.16050029 -0.0835999623
v -0.205399886 1.1650002 -0.0836999491
v -0.216899991 1.18530023 -0.00309985876
v -0.222599894 1.18390024 -0.0195998624
v -0.212999985 1.18040025 -0.012099959
v -0.179599985 1.1857003 -0.0975999609
v -0.156199992 1.1952002 -0.0967998579
v -0.165799886 1.17850029 -0.0934999511
v -0.195299894 1.19320023 -0.097899951
v -0.170199886 1.20530021 -0.100699954
v -0.179599985 1.1857003 -0.0975999609
v -0.18339999 1.17040026 -0.00649995357
v -0.190399989 1.17040026 -0.0132999569
v -0.187099993 1.16880023 -0.0157999545
v -0.167699993 1.15830028 -0.0321999565
v -0.179499894 1.16370022 -0.0260999575
v -0.175499991 1.15980029 -0.0356999561
v -0.20979999 1.24060023 -0.0104999468
v -0.225099996 1.22400022 -0.0238998607
v -0.216499984 1.21860027 -0.0114999563
v -0.216499984 1.21860027 -0.0114999563
v -0.200899988 1.23190022 -0.003299959
v -0.20979999 1.24060023 -0.0104999468
v -0.206399992 1.17990029 -0.00139995664
v -0.212999985 1.18040025 -0.012099959
v -0.204799995 1.17620027 -0.0108999535
v -0.162399992 1.15400028 -0.0480999574
v -0.169199988 1.15520024 -0.0607999638
v -0.159799993 1.15230024 -0.0655998513
v -0.156699985 1.19680023 -0.0229999498
v -0.169099897 1.18900025 -0.0131999552
v -0.163699895 1.18300021 -0.0222999528
v -0.163699895 1.18300021 -0.0222999528
v -0.15109989 1.18950021 -0.0362999514
v -0.156699985 1.19680023 -0.0229999498
v -0.239799887 1.18660021 -0.070199959
v -0.225199893 1.17680025 -0.0747999623
v -0.232399896 1.18130028 -0.064799957
v -0.241699889 1.19260025 -0.038999863
v -0.23529999 1.18450022 -0.0520999506
v -0.234099895 1.18610024 -0.0401999578
v -0.172099993 1.21290028 -0.00499995798
v -0.186399996 1.19980025 -0.00209995359
v -0.178699896 1.19620025 -0.00489985943
v -0.173499987 1.19280028 -0.00839995593
v -0.162599891 1.2038002 -0.0137999579
v -0.166999996 1.2088002 -0.00829995424
v -0.187899992 1.17250025 -0.00339995325
v -0.197199985 1.17310023 -0.0105998591
v -0.190399989 1.17040026 -0.0132999569
v -0.196399897 1.17570019 -0.000899858773
v -0.204799995 1.17620027 -0.0108999535
v -0.197199985 1.17310023 -0.0105998591
v -0.190499991 1.2232002 -0.00109995902
v -0.207099989 1.21140027 -0.00359995663
v -0.19659999 1.20500028 -0.000999957323
v -0.19659999 1.20500028 -0.000999957323
v -0.18009989 1.21690023 -0.00259995461
v -0.190499991 1.2232002 -0.00109995902
v 0.234800011 1.17730021 -0.0700999573
v 0.218699902 1.17410028 -0.0677999631
v 0.219099909 1.17300022 -0.0748999491
v 0.198599905 1.1764003 0.0146000609
v 0.203599915 1.17740023 0.00880011171
v 0.202999905 1.17810023 0.0162000954
v -0.23089999 1.22640026 -0.0386999622
v -0.226699889 1.24980021 -0.0553999618
v -0.232899994 1.22580028 -0.0543999597
v -0.23089999 1.22640026 -0.0386999622
v -0.218499988 1.24670029 -0.0229999498
v -0.224599883 1.24980021 -0.0382998511
v 0.217100009 1.1837002 0.0184001029
v 0.221999913 1.18520021 0.00990006328
v 0.225899905 1.18700027 0.0165000856
v 0.253399998 1.19440019 -0.0159998536
v 0.246199995 1.1880002 -0.0306999609
v 0.256900012 1.19190025 -0.0316999629
v -0.189499885 1.32350028 -0.0874998346
v -0.189799994 1.29980028 -0.105699964
v -0.201199993 1.30850029 -0.0849998519
v -0.201199993 1.30850029 -0.0849998519
v -0.193799883 1.32990026 -0.0638999417
v -0.189499885 1.32350028 -0.0874998346
v -0.223399997 1.24810028 -0.0749999508
v -0.220999897 1.27380025 -0.055899851
v -0.216699883 1.27170026 -0.0783999637
v -0.207099989 1.26470029 -0.0965999588
v -0.223399997 1.24810028 -0.0749999508
v -0.216699883 1.27170026 -0.0783999637
v -0.14729999 1.18400025 -0.0529998615
v -0.158299893 1.1764003 -0.0351999626
v -0.153799996 1.17140019 -0.051599957
v -0.152399987 1.1699003 -0.0685999617
v -0.14729999 1.18400025 -0.0529998615
v -0.153799996 1.17140019 -0.051599957
v 0.236400008 1.19180024 0.0111000836
v 0.237100005 1.1893003 -0.00719995797
v 0.246100008 1.19380021 -0.00159996003
v 0.163900003 1.1620003 -0.0343999639
v 0.174099907 1.16280019 -0.0497998521
v 0.17339991 1.16440022 -0.0328998491
v -0.156199992 1.17270029 -0.0843999609
v -0.146299988 1.1821003 -0.071199961
v -0.152399987 1.1699003 -0.0685999617
v -0.165799886 1.17850029 -0.0934999511
v -0.149099991 1.18630028 -0.0865999535
v -0.156199992 1.17270029 -0.0843999609
v 0.225899905 1.18700027 0.0165000856
v 0.229200006 1.18740022 0.00250004232
v 0.236400008 1.19180024 0.0111000836
v 0.189999908 1.17310023 0.0068000406
v 0.199999914 1.17590022 0.00670004636
v 0.198599905 1.1764003 0.0146000609
v 0.171200007 1.16510022 -0.0172999576
v 0.17339991 1.16440022 -0.0328998491
v 0.179899916 1.16700029 -0.0194999501
v 0.246100008 1.19380021 -0.00159996003
v 0.243400007 1.18990028 -0.0183999613
v 0.253399998 1.19440019 -0.0159998536
v 0.180800006 1.16880023 -0.00339995325
v 0.193499908 1.17310023 -0.00049995631
v 0.189999908 1.17310023 0.0068000406
v 0.219099909 1.17300022 -0.0748999491
v 0.205699906 1.1692003 -0.06849996
v 0.204399914 1.16780019 -0.0753999576
v 0.180800006 1.16880023 -0.00339995325
v 0.179899916 1.16700029 -0.0194999501
v 0.18720001 1.16980028 -0.00869995356
v 0.190599903 1.16400027 -0.0712999627
v 0.182499915 1.16320026 -0.0591999516
v 0.176599905 1.16120028 -0.0641999617
v 0.204399914 1.16780019 -0.0753999576
v 0.194299906 1.16590023 -0.0649999604
v 0.190599903 1.16400027 -0.0712999627
v 0.254600018 1.18750024 -0.0464999601
v 0.2421 1.18170023 -0.0551999584
v 0.247600019 1.18260026 -0.0598999634
v -0.179399893 1.15630019 -0.0921999589
v -0.174799889 1.15630019 -0.0748999491
v -0.184599996 1.15860021 -0.0816998556
v -0.191899985 1.15760028 -0.0943999514
v -0.184599996 1.15860021 -0.0816998556
v -0.195099995 1.16050029 -0.0835999623
v -0.218499988 1.17250025 -0.0908999518
v -0.205399886 1.1650002 -0.0836999491
v -0.215799987 1.17170024 -0.0808999613
v -0.243299887 1.19100022 -0.0545999631
v -0.232399896 1.18130028 -0.064799957
v -0.23529999 1.18450022 -0.0520999506
v -0.167699993 1.15830028 -0.0321999565
v -0.171499893 1.15680027 -0.0471999571
v -0.162399992 1.15400028 -0.0480999574
v -0.173299983 1.16360021 -0.0193999633
v -0.183699891 1.16710019 -0.0183999613
v -0.179499894 1.16370022 -0.0260999575
v -0.159799993 1.15230024 -0.0655998513
v -0.174799889 1.15630019 -0.0748999491
v -0.166599885 1.1535002 -0.0831998512
v -0.236399993 1.19190025 -0.0249998495
v -0.222599894 1.18390024 -0.0195998624
v -0.227999985 1.18990028 -0.0129999593
v -0.241699889 1.19260025 -0.038999863
v -0.230199993 1.18630028 -0.0293999538
v -0.236399993 1.19190025 -0.0249998495
v -0.230099991 1.17930019 -0.0837999508
v -0.215799987 1.17170024 -0.0808999613
v -0.225199893 1.17680025 -0.0747999623
v -0.230399892 1.22210026 -0.0722999498
v -0.214699894 1.23930025 -0.0908999518
v -0.221199885 1.21420026 -0.0872999504
v -0.232899994 1.22580028 -0.0543999597
v -0.223399997 1.24810028 -0.0749999508
v -0.230399892 1.22210026 -0.0722999498
v 0.256900012 1.19190025 -0.0316999629
v 0.246100008 1.1851002 -0.0425998494
v 0.254600018 1.18750024 -0.0464999601
v 0.207499906 1.18000019 0.017900072
v 0.214699909 1.18240023 0.0122000799
v 0.217100009 1.1837002 0.0184001029
v -0.0806000233 1.33070028 0.0180001035
v -0.0762000009 1.35150027 -0.0112999454
v -0.0957000181 1.34650028 -0.00659994781
v -0.0957000181 1.34650028 -0.00659994781
v -0.111100011 1.32210028 0.0137000978
v -0.0806000233 1.33070028 0.0180001035
v -0.103999972 1.35950029 -0.0287999436
v -0.120100021 1.33990026 -0.00759994984
v -0.0957000181 1.34650028 -0.00659994781
v -0.0957000181 1.34650028 -0.00659994781
v -0.0870000124 1.36280024 -0.0310998484
v -0.103999972 1.35950029 -0.0287999436
v -0.139199883 1.31290019 0.00720004737
v -0.120100021 1.33990026 -0.00759994984
v -0.147799879 1.33140028 -0.00759994984
v -0.175899893 1.31270027 -0.00739984959
v -0.154699892 1.30330026 0.00500004739
v -0.162499994 1.32220018 -0.00809984654
v -0.162499994 1.32220018 -0.00809984654
v -0.185599893 1.3251003 -0.0219999477
v -0.175899893 1.31270027 -0.00739984959
v -0.147799879 1.33140028 -0.00759994984
v -0.126599997 1.35450029 -0.0263998434
v -0.153499991 1.34600019 -0.0243999436
v -0.103999972 1.35950029 -0.0287999436
v -0.0926999971 1.37460029 -0.0524999425
v -0.109499991 1.37100029 -0.0522998348
v -0.109499991 1.37100029 -0.0522998348
v -0.126599997 1.35450029 -0.0263998434
v -0.103999972 1.35950029 -0.0287999436
v -0.109499991 1.37100029 -0.0522998348
v -0.135499984 1.37010026 -0.0739999488
v -0.13259998 1.36520028 -0.0509999469
v -0.0926999971 1.37460029 -0.0524999425
v -0.111899972 1.37930024 -0.076299943
v -0.109499991 1.37100029 -0.0522998348
v -0.153499991 1.34600019 -0.0243999436
v -0.13259998 1.36520028 -0.0509999469
v -0.160899997 1.35440028 -0.0479998365
v -0.192399889 1.33070028 -0.0419999436
v -0.170799896 1.33610022 -0.0227999464
v -0.178099886 1.34310019 -0.0451999381
v -0.178099886 1.34310019 -0.0451999381
v -0.193799883 1.32990026 -0.0638999417
v -0.192399889 1.33070028 -0.0419999436
v -0.13259998 1.36520028 -0.0509999469
v -0.162899897 1.35510027 -0.0699999407
v -0.160899997 1.35440028 -0.0479998365
v -0.0231000185 0.976499856 -0.123399876
v 0.000699989498 0.9551 -0.132099986
v -0.0232999921 0.951399863 -0.134199858
v -0.0217999816 1.01810002 -0.111599959
v 0.000800009817 1.00209999 -0.116199858
v -0.0224999785 0.998900056 -0.116499953
v -0.0224999785 0.998900056 -0.116499953
v -0.0421000123 1.01559997 -0.108599953
v -0.0217999816 1.01810002 -0.111599959
v -0.0232999921 0.951399863 -0.134199858
v -0.0388000011 0.972200096 -0.122199975
v -0.0231000185 0.976499856 -0.123399876
v -0.016900003 1.32470024 0.0268000737
v 0.0138999783 1.33220029 0.0190000907
v -0.0163000226 1.33790028 0.014100112
v -0.0163000226 1.33790028 0.014100112
v -0.0508999825 1.33490026 0.017000109
v -0.016900003 1.32470024 0.0268000737
v -0.0145999789 1.34490025 0.00720004737
v -0.0437999889 1.34930027 0.00230015069
v -0.0163000226 1.33790028 0.014100112
v -0.0163000226 1.33790028 0.014100112
v 0.0137000009 1.33960021 0.0127001107
v -0.0145999789 1.34490025 0.00720004737
v -0.0651000142 1.35650027 -0.0168999508
v -0.0406000018 1.35500026 -0.00599995255
v -0.058600001 1.36090028 -0.0219999477
v -0.0762000009 1.35150027 -0.0112999454
v -0.0437999889 1.34930027 0.00230015069
v -0.0651000142 1.35650027 -0.0168999508
v -0.0651000142 1.35650027 -0.0168999508
v -0.0870000124 1.36280024 -0.0310998484
v -0.0762000009 1.35150027 -0.0112999454
v -0.058600001 1.36090028 -0.0219999477
v -0.0760999918 1.36600029 -0.0338999406
v -0.0651000142 1.35650027 -0.0168999508
v -0.0824999809 1.37840021 -0.0531999394
v -0.0688999817 1.36950028 -0.0370999351
v -0.0756000206 1.38150024 -0.0557999387
v -0.0926999971 1.37460029 -0.0524999425
v -0.0760999918 1.36600029 -0.0338999406
v -0.0824999809 1.37840021 -0.0531999394
v -0.0824999809 1.37840021 -0.0531999394
v -0.0944999978 1.38560021 -0.0775999352
v -0.0926999971 1.37460029 -0.0524999425
v -0.0756000206 1.38150024 -0.0557999387
v -0.0814999938 1.39000022 -0.0794999376
v -0.0824999809 1.37840021 -0.0531999394
v -0.0141999722 1.38510025 -0.123999946
v -0.0339000225 1.39380026 -0.108899944
v -0.0108000105 1.39310026 -0.11309994
v -0.016900003 1.37090027 -0.129699945
v -0.0404000208 1.3890003 -0.117799945
v -0.0141999722 1.38510025 -0.123999946
v 0.0167000182 1.3811003 -0.124499835
v -0.016900003 1.37090027 -0.129699945
v -0.0141999722 1.38510025 -0.123999946
v -0.0108000105 1.39310026 -0.11309994
v 0.0167000182 1.3811003 -0.124499835
v -0.0141999722 1.38510025 -0.123999946
v -0.125099987 1.28400028 0.0398000777
v -0.103999972 1.3065002 0.034900099
v -0.129899889 1.29590023 0.0242001191
v -0.143699989 1.2864002 0.0193000808
v -0.146200001 1.2713002 0.0227001086
v -0.137799889 1.27870023 0.0308000818
v -0.154699892 1.30330026 0.00500004739
v -0.153699994 1.27820027 0.0135000721
v -0.143699989 1.2864002 0.0193000808
v -0.129899889 1.29590023 0.0242001191
v -0.111100011 1.32210028 0.0137000978
v -0.139199883 1.31290019 0.00720004737
v -0.0734999701 1.3101002 0.0420000926
v -0.0998999998 1.28940022 0.0523000695
v -0.0707999989 1.29060018 0.0604001023
v -0.0806000233 1.33070028 0.0180001035
v -0.103999972 1.3065002 0.034900099
v -0.0734999701 1.3101002 0.0420000926
v -0.0734999701 1.3101002 0.0420000926
v -0.0508999825 1.33490026 0.017000109
v -0.0806000233 1.33070028 0.0180001035
v -0.0707999989 1.29060018 0.0604001023
v -0.0436999723 1.30750024 0.0433000699
v -0.0734999701 1.3101002 0.0420000926
v -0.0134999799 1.28070021 0.0577000715
v 0.0142999813 1.29670024 0.0422000587
v -0.0142999897 1.3021003 0.0441000834
v -0.0142999897 1.3021003 0.0441000834
v -0.0411999822 1.28690028 0.0602000728
v -0.0134999799 1.28070021 0.0577000715
v -0.016900003 1.32470024 0.0268000737
v -0.0436999723 1.30750024 0.0433000699
v -0.0142999897 1.3021003 0.0441000834
v -0.0142999897 1.3021003 0.0441000834
v 0.0142999813 1.31930029 0.02790007
v -0.016900003 1.32470024 0.0268000737
v -0.0778999925 1.34540021 -0.142999947
v -0.04509997 1.3166002 -0.147399962
v -0.0730999708 1.31250024 -0.150599957
v -0.0842000246 1.37050021 -0.126199931
v -0.0478000008 1.35070026 -0.139799953
v -0.0778999925 1.34540021 -0.142999947
v -0.112800002 1.33360028 -0.137099952
v -0.0842000246 1.37050021 -0.126199931
v -0.0778999925 1.34540021 -0.142999947
v -0.0730999708 1.31250024 -0.150599957
v -0.112800002 1.33360028 -0.137099952
v -0.0778999925 1.34540021 -0.142999947
v -0.0647 1.39300025 -0.101999946
v -0.0734000206 1.39190018 -0.0797999427
v -0.0570999905 1.39460027 -0.0988999382
v -0.0759000108 1.38810027 -0.102799945
v -0.0814999938 1.39000022 -0.0794999376
v -0.0647 1.39300025 -0.101999946
v -0.0647 1.39300025 -0.101999946
v -0.0508999825 1.37740028 -0.126899928
v -0.0759000108 1.38810027 -0.102799945
v -0.0570999905 1.39460027 -0.0988999382
v -0.0404000208 1.3890003 -0.117799945
v -0.0647 1.39300025 -0.101999946
v 0.000199969858 1.03700006 -0.110999949
v -0.0217999816 1.01810002 -0.111599959
v -0.0254999995 1.03850007 -0.109499954
v -0.0296000242 1.08449996 -0.106699951
v 0.00660002045 1.10450006 -0.111599959
v 0.00209998898 1.07930017 -0.111399956
v -0.0522000119 1.08679998 -0.101199962
v -0.0296999812 1.11080015 -0.108499952
v -0.0296000242 1.08449996 -0.106699951
v -0.0254999995 1.03850007 -0.109499954
v -0.0421000123 1.01559997 -0.108599953
v -0.0462999903 1.03820002 -0.105299957
v 0.000199969858 0.932700098 -0.143499881
v -0.0231000185 0.907899976 -0.155099988
v -0.0235000253 0.930999994 -0.144799978
v -0.0232999921 0.951399863 -0.134199858
v 0.000199969858 0.932700098 -0.143499881
v -0.0235000253 0.930999994 -0.144799978
v -0.0235000253 0.930999994 -0.144799978
v -0.0411000177 0.949499965 -0.132999957
v -0.0232999921 0.951399863 -0.134199858
v -0.0235000253 0.930999994 -0.144799978
v -0.0428000018 0.908699989 -0.15169999
v -0.0425000116 0.930299997 -0.142999977
v 0.01069998 1.12830007 -0.113899954
v -0.0296999812 1.11080015 -0.108499952
v -0.0292000175 1.13610029 -0.111999951
v -0.0260000229 1.17730021 -0.118399851
v 0.0150999986 1.18390024 -0.117699958
v 0.0145999715 1.16750026 -0.116799958
v -0.0486999676 1.17980027 -0.119599961
v -0.0242999792 1.1930002 -0.12159995
v -0.0260000229 1.17730021 -0.118399851
v -0.0292000175 1.13610029 -0.111999951
v -0.0519000217 1.11250007 -0.104399957
v -0.0509999916 1.1383003 -0.109699957
v 0.0159999691 1.19770026 -0.12159995
v -0.0242999792 1.1930002 -0.12159995
v -0.0228000283 1.20540023 -0.125699967
v -0.0205000043 1.23050022 -0.13289997
v 0.0160999782 1.24410021 -0.13259995
v 0.0166000091 1.22630024 -0.129399955
v -0.0457999706 1.23200023 -0.139299959
v -0.018599987 1.24710023 -0.136199951
v -0.0205000043 1.23050022 -0.13289997
v -0.0228000283 1.20540023 -0.125699967
v -0.0475000106 1.19470024 -0.124599956
v -0.0469999909 1.20650029 -0.130099952
v 0.0146999881 1.27830029 -0.135299951
v -0.018599987 1.24710023 -0.136199951
v -0.0170999765 1.27870023 -0.139599949
v -0.0170999765 1.27870023 -0.139599949
v 0.0143999979 1.31280029 -0.135299951
v 0.0146999881 1.27830029 -0.135299951
v -0.04509997 1.27960026 -0.149299949
v -0.0173000097 1.31520021 -0.138399959
v -0.0170999765 1.27870023 -0.139599949
v -0.0170999765 1.27870023 -0.139599949
v -0.0454000197 1.24840021 -0.143899947
v -0.04509997 1.27960026 -0.149299949
v 0.0152000114 1.34240019 -0.133099943
v -0.0173000097 1.31520021 -0.138399959
v -0.0166000128 1.34690022 -0.134199828
v -0.0166000128 1.34690022 -0.134199828
v 0.0160999782 1.36600029 -0.129799932
v 0.0152000114 1.34240019 -0.133099943
v -0.0478000008 1.35070026 -0.139799953
v -0.016900003 1.37090027 -0.129699945
v -0.0166000128 1.34690022 -0.134199828
v -0.0166000128 1.34690022 -0.134199828
v -0.04509997 1.3166002 -0.147399962
v -0.0478000008 1.35070026 -0.139799953
v -0.0759000108 1.38810027 -0.102799945
v -0.0842000246 1.37050021 -0.126199931
v -0.100000024 1.38100028 -0.101899944
v -0.100000024 1.38100028 -0.101899944
v -0.0944999978 1.38560021 -0.0775999352
v -0.0759000108 1.38810027 -0.102799945
v -0.128999993 1.36920023 -0.0966999456
v -0.111899972 1.37930024 -0.076299943
v -0.100000024 1.38100028 -0.101899944
v -0.100000024 1.38100028 -0.101899944
v -0.121200018 1.35770023 -0.120599948
v -0.128999993 1.36920023 -0.0966999456
v -0.189499885 1.32350028 -0.0874998346
v -0.179699987 1.34280026 -0.0663999394
v -0.176299885 1.33590019 -0.0896999463
v -0.176299885 1.33590019 -0.0896999463
v -0.179299995 1.31280029 -0.107699953
v -0.189499885 1.32350028 -0.0874998346
v -0.128999993 1.36920023 -0.0966999456
v -0.150899991 1.33790028 -0.114099942
v -0.159099996 1.34980023 -0.0924998447
v -0.159099996 1.34980023 -0.0924998447
v -0.135499984 1.37010026 -0.0739999488
v -0.128999993 1.36920023 -0.0966999456
v -0.135599881 1.20540023 -0.0928998515
v -0.157999992 1.20630026 -0.064799957
v -0.167799994 1.20650029 -0.0649999604
v -0.144400001 1.21470022 -0.105299957
v -0.1338 1.2088002 -0.0928998515
v -0.135599881 1.20540023 -0.0928998515
v -0.154999897 1.20570028 -0.0406999514
v -0.162299991 1.2173003 -0.0197999552
v -0.129799992 1.20320022 -0.0545999631
v -0.167799994 1.20650029 -0.0649999604
v -0.154999897 1.20570028 -0.0406999514
v -0.129799992 1.20320022 -0.0545999631
v -0.203699991 1.31520021 -0.0400998518
v -0.213999897 1.2972002 -0.0583998635
v -0.212099984 1.29750025 -0.0388999507
v -0.212099984 1.29750025 -0.0388999507
v -0.198199883 1.31100023 -0.0212999508
v -0.203699991 1.31520021 -0.0400998518
v -0.163699895 1.26910031 0.00780005008
v -0.185299993 1.27260029 -0.000599950552
v -0.173699886 1.25750029 0.00370004773
v -0.162499994 1.24730027 0.00630005449
v -0.163699895 1.26910031 0.00780005008
v -0.173699886 1.25750029 0.00370004773
v -0.150199994 1.25260019 0.0192001238
v -0.162499994 1.24730027 0.00630005449
v -0.153999895 1.23950028 0.00790008903
v -0.154799983 1.23510027 0.0100000724
v -0.152999997 1.24230027 0.0201000944
v -0.151999995 1.24720025 0.022600092
v -0.152199894 1.23080027 0.00510004163
v -0.146299988 1.22720027 0.00220004469
v -0.144199893 1.21900022 -0.0110999569
v -0.144199893 1.21900022 -0.0110999569
v -0.151999995 1.2160002 -0.0159998536
v -0.152199894 1.23080027 0.00510004163
v -0.187599987 1.30130029 -0.00719995052
v -0.206799895 1.29440022 -0.0215999559
v -0.196799994 1.28650022 -0.00849995017
v -0.196799994 1.28650022 -0.00849995017
v -0.176099986 1.28530025 0.00120005012
v -0.187599987 1.30130029 -0.00719995052
v -0.157099992 1.23030019 -0.112099953
v -0.14379999 1.22120023 -0.107999958
v -0.144400001 1.21470022 -0.105299957
v -0.170499891 1.25070024 -0.114399962
v -0.155599996 1.24170029 -0.115299962
v -0.157099992 1.23030019 -0.112099953
v -0.185099989 1.2713002 -0.111599959
v -0.165599987 1.2633003 -0.118299954
v -0.170499891 1.25070024 -0.114399962
v -0.198599994 1.28470027 -0.101799957
v -0.177299887 1.28540027 -0.116099961
v -0.185099989 1.2713002 -0.111599959
v -0.201199993 1.30850029 -0.0849998519
v -0.198599994 1.28470027 -0.101799957
v -0.209699884 1.29320025 -0.0819999501
v -0.209699884 1.29320025 -0.0819999501
v -0.205399886 1.31460023 -0.0608998612
v -0.201199993 1.30850029 -0.0849998519
v -0.0756000206 1.38150024 -0.0557999387
v -0.0670000315 1.38970029 -0.0766998455
v -0.0734000206 1.39190018 -0.0797999427
v 0.0840999112 1.3611002 -0.0139999464
v 0.0852000117 1.37300026 -0.0284999385
v 0.0749999806 1.36490023 -0.0173999444
v -0.0145999789 1.34490025 0.00720004737
v 0.0132999979 1.34580028 0.00500004739
v -0.0118000004 1.34970021 0.000400051475
v -0.058600001 1.36090028 -0.0219999477
v -0.060599979 1.37160027 -0.0381999388
v -0.0688999817 1.36950028 -0.0370999351
v -0.0108000105 1.39310026 -0.11309994
v -0.0268999934 1.38990021 -0.100099944
v -0.00770002976 1.39140022 -0.104799949
v -0.0406000018 1.35500026 -0.00599995255
v -0.0501999781 1.36440027 -0.0249998346
v -0.058600001 1.36090028 -0.0219999477
v 0.0410000011 1.34350026 0.00830010325
v 0.0598000214 1.35780025 -0.00719995052
v 0.0373999998 1.34850025 0.00170005113
v 0.0666999817 1.35400021 -0.00229994953
v 0.0749999806 1.36490023 -0.0173999444
v 0.0598000214 1.35780025 -0.00719995052
v 0.0137000009 1.33960021 0.0127001107
v 0.0373999998 1.34850025 0.00170005113
v 0.0132999979 1.34580028 0.00500004739
v 0.090000011 1.39500022 -0.0862999484
v 0.09390001 1.39340031 -0.0616999343
v 0.103299916 1.39260018 -0.065499939
v -0.0688999817 1.36950028 -0.0370999351
v -0.0680000111 1.38150024 -0.0550999418
v -0.0756000206 1.38150024 -0.0557999387
v 0.0163999684 1.3913002 -0.114499949
v -0.00770002976 1.39140022 -0.104799949
v 0.0159999691 1.39010024 -0.105499946
v 0.103099912 1.3811003 -0.0423999354
v 0.09390001 1.39340031 -0.0616999343
v 0.0924000069 1.38350022 -0.0429999456
v 0.0442000031 1.39270031 -0.110499837
v 0.0587999821 1.3906002 -0.0940999463
v 0.0666999817 1.39340031 -0.101199947
v 0.0666999817 1.39340031 -0.101199947
v 0.0820999071 1.39430022 -0.0809998438
v 0.090000011 1.39500022 -0.0862999484
v -0.0570999905 1.39460027 -0.0988999382
v -0.0670000315 1.38970029 -0.0766998455
v -0.0490000211 1.39010024 -0.094899945
v -0.0339000225 1.39380026 -0.108899944
v -0.0490000211 1.39010024 -0.094899945
v -0.0268999934 1.38990021 -0.100099944
v 0.0163999684 1.3913002 -0.114499949
v 0.0397999808 1.39110029 -0.102199934
v 0.0442000031 1.39270031 -0.110499837
v 0.0953000113 1.36920023 -0.0263998434
v 0.0924000069 1.38350022 -0.0429999456
v 0.0852000117 1.37300026 -0.0284999385
v -0.0145999789 1.34490025 0.00720004737
v -0.0339000225 1.35860026 -0.0108999461
v -0.0406000018 1.35500026 -0.00599995255
v 0.247400016 1.19410026 -0.0591999516
v 0.254600018 1.18750024 -0.0464999601
v 0.247600019 1.18260026 -0.0598999634
v 0.247600019 1.18260026 -0.0598999634
v 0.234899998 1.18820024 -0.0706999525
v 0.247400016 1.19410026 -0.0591999516
v 0.16719991 1.16090024 -0.0528999493
v 0.175000012 1.16810024 -0.0646999553
v 0.176599905 1.16120028 -0.0641999617
v 0.16719991 1.16090024 -0.0528999493
v 0.164000005 1.16750026 -0.0358999595
v 0.16610001 1.16660023 -0.0533999577
v 0.170000017 1.17040026 -0.0190999582
v 0.163900003 1.1620003 -0.0343999639
v 0.171200007 1.16510022 -0.0172999576
v 0.171200007 1.16510022 -0.0172999576
v 0.178799912 1.17440021 -0.00489985943
v 0.170000017 1.17040026 -0.0190999582
v 0.255199999 1.20210028 -0.0303998515
v 0.253399998 1.19440019 -0.0159998536
v 0.256900012 1.19190025 -0.0316999629
v 0.256900012 1.19190025 -0.0316999629
v 0.253399998 1.19860029 -0.0450998619
v 0.255199999 1.20210028 -0.0303998515
v 0.225899905 1.18700027 0.0165000856
v 0.214099914 1.19100022 0.0169000924
v 0.217100009 1.1837002 0.0184001029
v 0.236400008 1.19180024 0.0111000836
v 0.223500013 1.19490027 0.015500091
v 0.225899905 1.18700027 0.0165000856
v 0.200399905 1.18550026 0.0149001107
v 0.198599905 1.1764003 0.0146000609
v 0.202999905 1.17810023 0.0162000954
v 0.217100009 1.1837002 0.0184001029
v 0.205600008 1.18760026 0.0164000615
v 0.207499906 1.18000019 0.017900072
v 0.187600017 1.17900026 0.00480014086
v 0.180800006 1.16880023 -0.00339995325
v 0.189999908 1.17310023 0.0068000406
v 0.189999908 1.17310023 0.0068000406
v 0.19539991 1.18300021 0.0121000633
v 0.187600017 1.17900026 0.00480014086
v 0.244000018 1.20260024 -0.00049995631
v 0.236400008 1.19180024 0.0111000836
v 0.246100008 1.19380021 -0.00159996003
v 0.246100008 1.19380021 -0.00159996003
v 0.251800001 1.20390022 -0.0152998567
v 0.244000018 1.20260024 -0.00049995631
v 0.189499915 1.17230022 -0.07289996
v 0.204399914 1.16780019 -0.0753999576
v 0.190599903 1.16400027 -0.0712999627
v 0.190599903 1.16400027 -0.0712999627
v 0.175000012 1.16810024 -0.0646999553
v 0.189499915 1.17230022 -0.07289996
v 0.219099909 1.18270028 -0.0762999579
v 0.234800011 1.17730021 -0.0700999573
v 0.219099909 1.17300022 -0.0748999491
v 0.219099909 1.17300022 -0.0748999491
v 0.204100013 1.17730021 -0.076599963
v 0.219099909 1.18270028 -0.0762999579
v 0.245200008 1.26410019 -0.0581999496
v 0.233999997 1.27820027 -0.0822999552
v 0.242799997 1.28620028 -0.0615998581
v 0.244700015 1.28970027 -0.0384999588
v 0.245200008 1.26410019 -0.0581999496
v 0.242799997 1.28620028 -0.0615998581
v 0.220799908 1.24500024 -0.0872999504
v 0.202700004 1.24700022 -0.0969999507
v 0.219300017 1.26410019 -0.0947999582
v 0.219300017 1.26410019 -0.0947999582
v 0.236600012 1.25780022 -0.0768999532
v 0.220799908 1.24500024 -0.0872999504
v 0.182099909 1.21720028 -0.0862999633
v 0.164199904 1.21690023 -0.0803999528
v 0.182299912 1.22970021 -0.0917998627
v 0.182299912 1.22970021 -0.0917998627
v 0.202899903 1.23130023 -0.0902999565
v 0.182099909 1.21720028 -0.0862999633
v 0.225799903 1.28170025 0.00710005313
v 0.240700006 1.26580024 -0.00509995222
v 0.235200018 1.28870022 -0.00529994816
v 0.214699909 1.26830029 0.0144001022
v 0.23180002 1.26000023 0.0062000528
v 0.225799903 1.28170025 0.00710005313
v 0.16960001 1.22170019 0.00310004503
v 0.179199904 1.22000027 0.00890007615
v 0.173200011 1.22940028 0.0149001107
v 0.16960001 1.22170019 0.00310004503
v 0.165400013 1.20710027 -0.0105998591
v 0.172699913 1.21390021 0.00100004673
v 0.183599904 1.2397002 0.0222000778
v 0.199100003 1.23420024 0.0157000721
v 0.192700014 1.24650025 0.0200000703
v 0.173200011 1.22940028 0.0149001107
v 0.184100017 1.22470021 0.0132000744
v 0.179000005 1.23410022 0.0199001133
v 0.203599915 1.25520027 0.0181001201
v 0.221299917 1.25030029 0.0129000917
v 0.214699909 1.26830029 0.0144001022
v 0.192700014 1.24650025 0.0200000703
v 0.210399911 1.24120021 0.0157000795
v 0.203599915 1.25520027 0.0181001201
v 0.246399999 1.26740026 -0.0199999586
v 0.244700015 1.28970027 -0.0384999588
v 0.241300017 1.29090023 -0.0205999538
v 0.235200018 1.28870022 -0.00529994816
v 0.246399999 1.26740026 -0.0199999586
v 0.241300017 1.29090023 -0.0205999538
v 0.155499905 1.21050024 -0.0288999602
v 0.165400013 1.20710027 -0.0105998591
v 0.190399915 1.20130026 -0.0131999552
v 0.155499905 1.21050024 -0.0288999602
v 0.154600009 1.19880021 -0.0449999496
v 0.158699915 1.20170021 -0.0268999562
v 0.15579991 1.20060027 -0.0617999509
v 0.152699903 1.2080003 -0.0482999608
v 0.155099913 1.20980024 -0.0653999522
v 0.155099913 1.20980024 -0.0653999522
v 0.163200006 1.20700026 -0.0751999542
v 0.15579991 1.20060027 -0.0617999509
v -0.209699884 1.29320025 -0.0819999501
v -0.207099989 1.26470029 -0.0965999588
v -0.216699883 1.27170026 -0.0783999637
v -0.216699883 1.27170026 -0.0783999637
v -0.213999897 1.2972002 -0.0583998635
v -0.209699884 1.29320025 -0.0819999501
v -0.170499891 1.25070024 -0.114399962
v -0.192699984 1.24950027 -0.105299957
v -0.185099989 1.2713002 -0.111599959
v -0.185099989 1.2713002 -0.111599959
v -0.207099989 1.26470029 -0.0965999588
v -0.198599994 1.28470027 -0.101799957
v -0.144400001 1.21470022 -0.105299957
v -0.160299987 1.21930027 -0.10749995
v -0.157099992 1.23030019 -0.112099953
v -0.157099992 1.23030019 -0.112099953
v -0.177699894 1.23340023 -0.10839995
v -0.170499891 1.25070024 -0.114399962
v -0.196799994 1.28650022 -0.00849995017
v -0.213199884 1.27100027 -0.0212999508
v -0.20449999 1.26420021 -0.00889994949
v -0.20449999 1.26420021 -0.00889994949
v -0.185299993 1.27260029 -0.000599950552
v -0.196799994 1.28650022 -0.00849995017
v -0.144199893 1.21900022 -0.0110999569
v -0.153199986 1.21800029 -0.00819995999
v -0.147099882 1.21010029 -0.0200999603
v -0.147099882 1.21010029 -0.0200999603
v -0.162299991 1.2173003 -0.0197999552
v -0.144199893 1.21900022 -0.0110999569
v -0.153999895 1.23950028 0.00790008903
v -0.171299994 1.23440027 0.000300042331
v -0.162899897 1.22870028 -0.000199854374
v -0.157899886 1.22360027 -0.00279995799
v -0.146299988 1.22720027 0.00220004469
v -0.154799983 1.23510027 0.0100000724
v -0.173699886 1.25750029 0.00370004773
v -0.193499893 1.25280023 -0.00159995258
v -0.182199985 1.24190021 0.000700049102
v -0.182199985 1.24190021 0.000700049102
v -0.162499994 1.24730027 0.00630005449
v -0.173699886 1.25750029 0.00370004773
v -0.212099984 1.29750025 -0.0388999507
v -0.220999897 1.27380025 -0.055899851
v -0.218799889 1.27390027 -0.0375999585
v -0.218799889 1.27390027 -0.0375999585
v -0.206799895 1.29440022 -0.0215999559
v -0.212099984 1.29750025 -0.0388999507
v -0.129799992 1.20320022 -0.0545999631
v -0.141299888 1.20140028 -0.0358999595
v -0.138499886 1.19570029 -0.0546999499
v -0.129799992 1.20320022 -0.0545999631
v -0.138999999 1.1936003 -0.0740999505
v -0.167799994 1.20650029 -0.0649999604
v -0.135599881 1.20540023 -0.0928998515
v -0.138999999 1.1936003 -0.0740999505
v -0.1417 1.19810021 -0.0905999616
v -0.135599881 1.20540023 -0.0928998515
v -0.147599995 1.20720029 -0.102099963
v -0.144400001 1.21470022 -0.105299957
v -0.243299887 1.19100022 -0.0545999631
v -0.236499995 1.19830024 -0.0708999559
v -0.239799887 1.18660021 -0.070199959
v -0.239799887 1.18660021 -0.070199959
v -0.226999983 1.19100022 -0.0848999545
v -0.230099991 1.17930019 -0.0837999508
v -0.166599885 1.1535002 -0.0831998512
v -0.174799889 1.16380024 -0.0918999538
v -0.163399994 1.15990019 -0.082699962
v -0.163399994 1.15990019 -0.082699962
v -0.159799993 1.15230024 -0.0655998513
v -0.166599885 1.1535002 -0.0831998512
v -0.159799993 1.15230024 -0.0655998513
v -0.15959999 1.16010022 -0.0491999611
v -0.162399992 1.15400028 -0.0480999574
v -0.162399992 1.15400028 -0.0480999574
v -0.164499983 1.1643002 -0.0334999636
v -0.167699993 1.15830028 -0.0321999565
v -0.236399993 1.19190025 -0.0249998495
v -0.237399995 1.20410025 -0.0390999541
v -0.241699889 1.19260025 -0.038999863
v -0.241699889 1.19260025 -0.038999863
v -0.239399984 1.20260024 -0.0544999614
v -0.243299887 1.19100022 -0.0545999631
v -0.206399992 1.17990029 -0.00139995664
v -0.192899987 1.18390024 -0.00179995596
v -0.202899992 1.18830025 -0.00129985809
v -0.202899992 1.18830025 -0.00129985809
v -0.216899991 1.18530023 -0.00309985876
v -0.206399992 1.17990029 -0.00139995664
v -0.18339999 1.17040026 -0.00649995357
v -0.175499991 1.17480028 -0.0115999579
v -0.179999992 1.17800021 -0.00719995797
v -0.187899992 1.17250025 -0.00339995325
v -0.192899987 1.18390024 -0.00179995596
v -0.196399897 1.17570019 -0.000899858773
v -0.167699993 1.15830028 -0.0321999565
v -0.170099884 1.16980028 -0.0209999606
v -0.173299983 1.16360021 -0.0193999633
v -0.173299983 1.16360021 -0.0193999633
v -0.175499991 1.17480028 -0.0115999579
v -0.178799897 1.16800022 -0.00989985466
v -0.216899991 1.18530023 -0.00309985876
v -0.223399997 1.19910026 -0.0124999583
v -0.227999985 1.18990028 -0.0129999593
v -0.227999985 1.18990028 -0.0129999593
v -0.232199997 1.20290029 -0.0249998495
v -0.236399993 1.19190025 -0.0249998495
v -0.204899997 1.16280019 -0.0941999629
v -0.187899992 1.16780019 -0.09519995
v -0.191899985 1.15760028 -0.0943999514
v -0.187899992 1.16780019 -0.09519995
v -0.179399893 1.15630019 -0.0921999589
v -0.191899985 1.15760028 -0.0943999514
v -0.230099991 1.17930019 -0.0837999508
v -0.21509999 1.18280029 -0.0920999572
v -0.218499988 1.17250025 -0.0908999518
v -0.218499988 1.17250025 -0.0908999518
v -0.201599985 1.17300022 -0.0953998491
v -0.204899997 1.16280019 -0.0941999629
v -0.159099996 1.34980023 -0.0924998447
v -0.166399986 1.32430029 -0.110099949
v -0.176299885 1.33590019 -0.0896999463
v -0.176299885 1.33590019 -0.0896999463
v -0.162899897 1.35510027 -0.0699999407
v -0.159099996 1.34980023 -0.0924998447
v -0.139199883 1.31290019 0.00720004737
v -0.143699989 1.2864002 0.0193000808
v -0.129899889 1.29590023 0.0242001191
v -0.129899889 1.29590023 0.0242001191
v -0.137799889 1.27870023 0.0308000818
v -0.125099987 1.28400028 0.0398000777
v -0.160899997 1.35440028 -0.0479998365
v -0.179699987 1.34280026 -0.0663999394
v -0.178099886 1.34310019 -0.0451999381
v -0.178099886 1.34310019 -0.0451999381
v -0.153499991 1.34600019 -0.0243999436
v -0.160899997 1.35440028 -0.0479998365
v -0.147799879 1.33140028 -0.00759994984
v -0.170799896 1.33610022 -0.0227999464
v -0.162499994 1.32220018 -0.00809984654
v -0.162499994 1.32220018 -0.00809984654
v -0.139199883 1.31290019 0.00720004737
v -0.147799879 1.33140028 -0.00759994984
v -0.119700007 1.25990021 0.0570000671
v -0.129399985 1.24640024 0.0460000969
v -0.118199997 1.24950027 0.0663000643
v -0.125099987 1.28400028 0.0398000777
v -0.136199981 1.26900029 0.0423000827
v -0.123999991 1.27180028 0.0528000891
v -0.122900002 1.20140028 0.0846000612
v -0.130599886 1.1893003 0.0670001134
v -0.120999992 1.18820024 0.0826000869
v -0.118199997 1.24950027 0.0663000643
v -0.128999993 1.23340023 0.0551001169
v -0.120100021 1.23420024 0.0772000849
v -0.120899968 1.10969996 0.0353001058
v -0.11019998 1.08790016 0.0465001091
v -0.115699999 1.11109996 0.0498000644
v -0.117600024 1.16490018 0.0645000637
v -0.130599886 1.1893003 0.0670001134
v -0.126800001 1.16340029 0.0481000841
v -0.137400001 0.921199858 0.0241000876
v -0.128499895 0.897700012 0.0321001038
v -0.124899894 0.920099974 0.0361001045
v -0.124899894 0.920099974 0.0361001045
v -0.133399889 0.944599986 0.0246001035
v -0.137400001 0.921199858 0.0241000876
v -0.114600003 1.02579999 0.0312000737
v -0.11019998 1.00670016 0.0386001095
v -0.107200019 1.02559996 0.0413000733
v -0.105800033 1.06400001 0.0429001078
v -0.115299992 1.08389997 0.0318001211
v -0.113399982 1.06210017 0.0326000676
v -0.127499998 0.972000003 0.0243000537
v -0.121399991 0.943799973 0.0373000652
v -0.118300021 0.972200096 0.0375001058
v -0.114000022 0.99000001 0.0377000794
v -0.118600011 1.00779998 0.0276000649
v -0.122699969 0.990100086 0.0252000839
v -0.1331999 1.29250026 -0.13469997
v -0.155399889 1.30560029 -0.123299964
v -0.140699893 1.31700027 -0.128699958
v -0.140699893 1.31700027 -0.128699958
v -0.166399986 1.32430029 -0.110099949
v -0.150899991 1.33790028 -0.114099942
v -0.121100001 1.2482003 -0.135999948
v -0.144199893 1.26160026 -0.126699954
v -0.128499895 1.26940024 -0.136699945
v -0.128499895 1.26940024 -0.136699945
v -0.148499891 1.28410029 -0.127599955
v -0.1331999 1.29250026 -0.13469997
v -0.100700021 1.2045002 -0.129199952
v -0.10930001 1.18890023 -0.120099954
v -0.115299992 1.20000029 -0.122299962
v -0.129799992 1.22420025 -0.123999961
v -0.121100001 1.2482003 -0.135999948
v -0.112200022 1.23290026 -0.134999961
v -0.0896999836 1.1178 -0.0956999585
v -0.0990999937 1.14000022 -0.0985999629
v -0.0913000107 1.14100027 -0.102099963
v -0.0946000218 1.17760026 -0.116499953
v -0.10930001 1.18890023 -0.120099954
v -0.097299993 1.19100022 -0.124899961
v -0.112399988 0.911599994 -0.123999976
v -0.115999989 0.931200087 -0.112499975
v -0.104799978 0.932000101 -0.119299971
v -0.104799978 0.932000101 -0.119299971
v -0.110400021 0.951200008 -0.105499975
v -0.0996999666 0.951099992 -0.11219997
v -0.0914999768 1.01499999 -0.0890999511
v -0.10019999 1.03770006 -0.0819999501
v -0.09170001 1.03869998 -0.0872999504
v -0.0934000015 1.09020007 -0.0900999531
v -0.0968999788 1.11750007 -0.0916999504
v -0.0896999836 1.1178 -0.0956999585
v -0.094900012 0.973899961 -0.100899972
v -0.110400021 0.951200008 -0.105499975
v -0.104600012 0.974900007 -0.0947999731
v -0.102100007 0.994599998 -0.0879999623
v -0.0914999768 1.01499999 -0.0890999511
v -0.0926999971 0.994199991 -0.0937999561
v 0.193299904 1.34990025 -0.0775999352
v 0.201899916 1.32480025 -0.096899949
v 0.18569991 1.33810019 -0.102299936
v 0.195199907 1.35490024 -0.0535999462
v 0.211099908 1.33640027 -0.073299937
v 0.193299904 1.34990025 -0.0775999352
v 0.171100006 1.2870003 0.0319000781
v 0.165400013 1.31560028 0.0186000839
v 0.154999912 1.29570019 0.0334000885
v 0.154999912 1.29570019 0.0334000885
v 0.16369991 1.27220023 0.0384000912
v 0.171100006 1.2870003 0.0319000781
v 0.191200003 1.35430026 -0.0321999416
v 0.211700007 1.3423003 -0.0490999445
v 0.195199907 1.35490024 -0.0535999462
v 0.191200003 1.35430026 -0.0321999416
v 0.199399903 1.33750021 -0.00819995254
v 0.207800016 1.34250021 -0.0288999453
v 0.189599916 1.32500029 0.00580005348
v 0.182399914 1.34790027 -0.0103999525
v 0.173799917 1.33390021 0.00510004908
v 0.165400013 1.31560028 0.0186000839
v 0.189599916 1.32500029 0.00580005348
v 0.173799917 1.33390021 0.00510004908
v 0.137899905 1.24900019 0.0663000643
v 0.148399904 1.23340023 0.0582000986
v 0.15139991 1.24530029 0.0473000668
v 0.15929991 1.25790024 0.0473000668
v 0.147199914 1.27630019 0.0449000895
v 0.142700016 1.26050019 0.0551001169
v 0.136000007 1.16440022 0.0815000832
v 0.147400007 1.18310022 0.0771000683
v 0.136499912 1.18100023 0.0884000957
v 0.146799907 1.21990025 0.0719000995
v 0.133800015 1.23550022 0.0782000795
v 0.13440001 1.21560025 0.0883000791
v 0.111199915 1.07850015 0.0492000803
v 0.12470001 1.09420002 0.0365000665
v 0.117799908 1.09749997 0.051000081
v 0.128599912 1.14090025 0.0591000654
v 0.145099908 1.16400027 0.0659000576
v 0.136000007 1.16440022 0.0815000832
v 0.135200009 0.89230001 0.028600052
v 0.139299914 0.912899971 0.0170000941
v 0.128300011 0.913800001 0.0303000957
v 0.128300011 0.913800001 0.0303000957
v 0.132599905 0.93870008 0.0180000886
v 0.122099906 0.939100087 0.031600073
v 0.107599914 1.00240016 0.0363000855
v 0.111800015 1.02040017 0.0295000896
v 0.104399905 1.02040017 0.0395000726
v 0.104199916 1.05770016 0.0430000648
v 0.116599903 1.07529998 0.0339001119
v 0.111199915 1.07850015 0.0492000803
v 0.122099906 0.939100087 0.031600073
v 0.125100017 0.967799962 0.0204000697
v 0.116299912 0.968400002 0.0343000442
v 0.111699909 0.986100078 0.0351000652
v 0.115699917 1.00320017 0.0254000649
v 0.107599914 1.00240016 0.0363000855
v 0.18919991 1.3051002 -0.113499962
v 0.163200006 1.29020023 -0.127999961
v 0.17400001 1.31640029 -0.120199852
v 0.18569991 1.33810019 -0.102299936
v 0.18919991 1.3051002 -0.113499962
v 0.17400001 1.31640029 -0.120199852
v 0.151800007 1.26490021 -0.13169995
v 0.161499903 1.23350024 -0.116999961
v 0.140300006 1.24170029 -0.13229996
v 0.151800007 1.26490021 -0.13169995
v 0.178499907 1.28050029 -0.118399851
v 0.16960001 1.25670028 -0.117699958
v 0.114400014 1.19690025 -0.132199943
v 0.118000016 1.18160021 -0.122899957
v 0.108099908 1.18450022 -0.129699945
v 0.140300006 1.24170029 -0.13229996
v 0.148599908 1.21880019 -0.12159995
v 0.130100012 1.22490025 -0.133099943
v 0.105400011 1.12629998 -0.10489995
v 0.097999908 1.10329998 -0.101699956
v 0.0985000134 1.12800002 -0.108599953
v 0.102800012 1.16950023 -0.122599952
v 0.118000016 1.18160021 -0.122899957
v 0.111699909 1.16690028 -0.117399953
v 0.119099915 0.923500001 -0.115599968
v 0.111699909 0.899299979 -0.125799984
v 0.108299911 0.923500001 -0.123699971
v 0.108299911 0.923500001 -0.123699971
v 0.113899916 0.947399974 -0.110199966
v 0.119099915 0.923500001 -0.115599968
v 0.101000011 1.03380001 -0.0846999511
v 0.0931999087 1.01429999 -0.0927999541
v 0.0931999087 1.03499997 -0.0901999548
v 0.0982000083 1.07910001 -0.0943999514
v 0.103900015 1.10179996 -0.0972999558
v 0.104600012 1.07780015 -0.0895998552
v 0.0976999104 0.973699987 -0.107399978
v 0.113899916 0.947399974 -0.110199966
v 0.103499904 0.947899997 -0.117599972
v 0.0931999087 1.01429999 -0.0927999541
v 0.103399903 0.994199991 -0.0927999541
v 0.0946999118 0.994799972 -0.0987999514
v 0.130100012 1.22490025 -0.133099943
v 0.135099903 1.20650029 -0.123199962
v 0.120899916 1.20990026 -0.133699954
v 0.147999913 1.19970024 0.0804000795
v 0.13440001 1.21560025 0.0883000791
v 0.135699913 1.19630027 0.0923000872
v -0.120700002 1.21200025 -0.124899961
v -0.112200022 1.23290026 -0.134999961
v -0.104600012 1.2189002 -0.13319996
v -0.120100021 1.23420024 0.0772000849
v -0.132099897 1.21810019 0.0645000637
v -0.123099983 1.2153002 0.0833000839
v -0.0461999699 1.21850026 -0.135099947
v -0.0205000043 1.23050022 -0.13289997
v -0.0214999914 1.21750021 -0.129799962
v -0.0214999914 1.21750021 -0.129799962
v 0.0166000091 1.22630024 -0.129399955
v 0.0167000182 1.2117002 -0.125999957
v -0.140199989 1.19600022 -0.00979995728
v -0.145899981 1.1959002 -0.0392999575
v -0.143199891 1.18890023 -0.0401999578
v -0.143199891 1.18890023 -0.0401999578
v -0.145999998 1.19740021 -0.0677999631
v -0.142399997 1.19090021 -0.0694998577
v -0.138799995 1.19760025 -0.0943999514
v -0.145999998 1.19740021 -0.0677999631
v -0.143699989 1.2051003 -0.0930999592
v -0.138799995 1.19760025 -0.0943999514
v -0.141799897 1.21420026 -0.109799959
v -0.132199988 1.20370018 -0.113099955
v -0.123099983 1.2153002 0.0833000839
v -0.100000024 1.22850025 0.0944000781
v -0.120100021 1.23420024 0.0772000849
v -0.128999993 1.23340023 0.0551001169
v -0.134299994 1.21500027 0.0398000702
v -0.132099897 1.21810019 0.0645000637
v -0.134299994 1.21500027 0.0398000702
v -0.141299888 1.21770024 0.0185000524
v -0.135299891 1.20540023 0.0141001046
v -0.135299891 1.20540023 0.0141001046
v -0.1426 1.20430028 -0.00949995965
v -0.140199989 1.19600022 -0.00979995728
v -0.0207999945 1.20210028 0.0964000523
v -0.0443000123 1.22190022 0.0922000706
v -0.0469999909 1.20710027 0.0995000824
v 0.00559997 1.19760025 0.0938000977
v -0.0177000165 1.21760023 0.0886000693
v -0.0207999945 1.20210028 0.0964000523
v -0.0734999701 1.21270025 0.105400048
v -0.100000024 1.22850025 0.0944000781
v -0.104900002 1.21360028 0.102200061
v -0.0469999909 1.20710027 0.0995000824
v -0.0699999928 1.22630024 0.0983000696
v -0.0734999701 1.21270025 0.105400048
v -0.0830000043 1.22130024 -0.139099956
v -0.0680999756 1.23260021 -0.143299937
v -0.0658000112 1.21920025 -0.138999969
v -0.0658000112 1.21920025 -0.138999969
v -0.0457999706 1.23200023 -0.139299959
v -0.0461999699 1.21850026 -0.135099947
v -0.132199988 1.20370018 -0.113099955
v -0.129799992 1.22420025 -0.123999961
v -0.120700002 1.21200025 -0.124899961
v -0.104600012 1.2189002 -0.13319996
v -0.0878000185 1.23510027 -0.142699957
v -0.0830000043 1.22130024 -0.139099956
v 0.0485000014 1.22780025 -0.131399959
v 0.0713999793 1.21230018 -0.134599954
v 0.0486999676 1.21370029 -0.127099961
v 0.0486999676 1.21370029 -0.127099961
v 0.0166000091 1.22630024 -0.129399955
v 0.0485000014 1.22780025 -0.131399959
v 0.163099915 1.1814003 -0.0346998498
v 0.154900014 1.18040025 -0.00449986011
v 0.157299906 1.17240024 -0.0360999629
v 0.158299908 1.1772002 -0.0614999607
v 0.163099915 1.1814003 -0.0346998498
v 0.157299906 1.17240024 -0.0360999629
v 0.156199902 1.18900025 -0.0836999491
v 0.164499909 1.1851002 -0.0597999617
v 0.158299908 1.1772002 -0.0614999607
v 0.156199902 1.18900025 -0.0836999491
v 0.161999911 1.21120024 -0.101899959
v 0.164799914 1.19700027 -0.0815999582
v 0.13440001 1.21560025 0.0883000791
v 0.118499905 1.19930029 0.105600081
v 0.135699913 1.19630027 0.0923000872
v 0.153500006 1.20340025 0.0581000783
v 0.146799907 1.21990025 0.0719000995
v 0.147999913 1.19970024 0.0804000795
v 0.155399904 1.19390023 0.029500097
v 0.154499903 1.21690023 0.0476001166
v 0.153500006 1.20340025 0.0581000783
v 0.155399904 1.19390023 0.029500097
v 0.160499915 1.19080019 -0.00559985638
v 0.159899905 1.20550025 0.0245001018
v 0.03769999 1.19910026 0.095800072
v 0.0658999607 1.21470022 0.0933000743
v 0.0351999998 1.21340024 0.0882000625
v 0.0351999998 1.21340024 0.0882000625
v 0.00559997 1.19760025 0.0938000977
v 0.03769999 1.19910026 0.095800072
v 0.0928999111 1.2008003 0.106800042
v 0.113600016 1.21450019 0.0985000953
v 0.0899000093 1.21580029 0.0995000824
v 0.0899000093 1.21580029 0.0995000824
v 0.064899981 1.2001003 0.10200008
v 0.0928999111 1.2008003 0.106800042
v 0.090000011 1.22620022 -0.144099951
v 0.103200004 1.21050024 -0.141599953
v 0.0879999101 1.21080029 -0.14139995
v 0.0879999101 1.21080029 -0.14139995
v 0.0712000132 1.22740018 -0.138699949
v 0.090000011 1.22620022 -0.144099951
v 0.148599908 1.21880019 -0.12159995
v 0.147999913 1.20130026 -0.108599953
v 0.135099903 1.20650029 -0.123199962
v 0.120899916 1.20990026 -0.133699954
v 0.108299911 1.22580028 -0.142799854
v 0.130100012 1.22490025 -0.133099943
v 0.120899916 1.20990026 -0.133699954
v 0.12650001 1.1936003 -0.123199962
v 0.114400014 1.19690025 -0.132199943
v 0.135699913 1.19630027 0.0923000872
v 0.147400007 1.18310022 0.0771000683
v 0.147999913 1.19970024 0.0804000795
v -0.100700021 1.2045002 -0.129199952
v -0.120700002 1.21200025 -0.124899961
v -0.104600012 1.2189002 -0.13319996
v -0.123099983 1.2153002 0.0833000839
v -0.132299989 1.2038002 0.0691001117
v -0.122900002 1.20140028 0.0846000612
v -0.0214999914 1.21750021 -0.129799962
v -0.0469999909 1.20650029 -0.130099952
v -0.0461999699 1.21850026 -0.135099947
v 0.0167000182 1.2117002 -0.125999957
v -0.0228000283 1.20540023 -0.125699967
v -0.0214999914 1.21750021 -0.129799962
v -0.142399997 1.19090021 -0.0694998577
v -0.140799999 1.17970026 -0.0428999588
v -0.143199891 1.18890023 -0.0401999578
v -0.143199891 1.18890023 -0.0401999578
v -0.138099998 1.1857003 -0.0126999542
v -0.140199989 1.19600022 -0.00979995728
v -0.132199988 1.20370018 -0.113099955
v -0.1338 1.1880002 -0.0957999602
v -0.138799995 1.19760025 -0.0943999514
v -0.1338 1.1880002 -0.0957999602
v -0.142399997 1.19090021 -0.0694998577
v -0.138799995 1.19760025 -0.0943999514
v -0.132099897 1.21810019 0.0645000637
v -0.133399889 1.20130026 0.0426000655
v -0.132299989 1.2038002 0.0691001117
v -0.123099983 1.2153002 0.0833000839
v -0.103500001 1.20160019 0.0972000659
v -0.104900002 1.21360028 0.102200061
v -0.140199989 1.19600022 -0.00979995728
v -0.135899991 1.19440019 0.0169000924
v -0.135299891 1.20540023 0.0141001046
v -0.135299891 1.20540023 0.0141001046
v -0.133399889 1.20130026 0.0426000655
v -0.134299994 1.21500027 0.0398000702
v -0.0207999945 1.20210028 0.0964000523
v -0.0473999903 1.19650018 0.102400087
v -0.0225999951 1.18990028 0.0964000523
v -0.0225999951 1.18990028 0.0964000523
v 0.00559997 1.19760025 0.0938000977
v -0.0207999945 1.20210028 0.0964000523
v -0.104900002 1.21360028 0.102200061
v -0.076300025 1.20000029 0.106300078
v -0.0734999701 1.21270025 0.105400048
v -0.0734999701 1.21270025 0.105400048
v -0.0473999903 1.19650018 0.102400087
v -0.0469999909 1.20710027 0.0995000824
v -0.0658000112 1.21920025 -0.138999969
v -0.080099985 1.20730031 -0.133699954
v -0.0830000043 1.22130024 -0.139099956
v -0.0461999699 1.21850026 -0.135099947
v -0.0644000098 1.20680022 -0.13289997
v -0.0658000112 1.21920025 -0.138999969
v -0.115299992 1.20000029 -0.122299962
v -0.132199988 1.20370018 -0.113099955
v -0.120700002 1.21200025 -0.124899961
v -0.0830000043 1.22130024 -0.139099956
v -0.100700021 1.2045002 -0.129199952
v -0.104600012 1.2189002 -0.13319996
v 0.0486999676 1.21370029 -0.127099961
v 0.0703999922 1.19970024 -0.126599967
v 0.0480999872 1.20030022 -0.120799951
v 0.0480999872 1.20030022 -0.120799951
v 0.0167000182 1.2117002 -0.125999957
v 0.0486999676 1.21370029 -0.127099961
v 0.153399915 1.16230023 -0.0399999544
v 0.158299908 1.1772002 -0.0614999607
v 0.157299906 1.17240024 -0.0360999629
v 0.157299906 1.17240024 -0.0360999629
v 0.151599914 1.16740024 -0.00879995525
v 0.153399915 1.16230023 -0.0399999544
v 0.147700012 1.1778003 -0.0871999636
v 0.147999913 1.20130026 -0.108599953
v 0.156199902 1.18900025 -0.0836999491
v 0.158299908 1.1772002 -0.0614999607
v 0.147700012 1.1778003 -0.0871999636
v 0.156199902 1.18900025 -0.0836999491
v 0.147999913 1.19970024 0.0804000795
v 0.152899906 1.18610024 0.0580000542
v 0.153500006 1.20340025 0.0581000783
v 0.135699913 1.19630027 0.0923000872
v 0.118099913 1.1851002 0.0993000492
v 0.136499912 1.18100023 0.0884000957
v 0.153200015 1.17770028 0.0268000662
v 0.154900014 1.18040025 -0.00449986011
v 0.155399904 1.19390023 0.029500097
v 0.155399904 1.19390023 0.029500097
v 0.152899906 1.18610024 0.0580000542
v 0.153200015 1.17770028 0.0268000662
v 0.0397999808 1.18350029 0.0965000615
v 0.064899981 1.2001003 0.10200008
v 0.03769999 1.19910026 0.095800072
v 0.00559997 1.19760025 0.0938000977
v 0.0397999808 1.18350029 0.0965000615
v 0.03769999 1.19910026 0.095800072
v 0.0946000069 1.18620026 0.106500052
v 0.118499905 1.19930029 0.105600081
v 0.0928999111 1.2008003 0.106800042
v 0.0928999111 1.2008003 0.106800042
v 0.067099981 1.18620026 0.104700051
v 0.0946000069 1.18620026 0.106500052
v 0.0879999101 1.21080029 -0.14139995
v 0.0990999117 1.19810021 -0.137099952
v 0.0856000111 1.19860029 -0.134499967
v 0.0856000111 1.19860029 -0.134499967
v 0.0713999793 1.21230018 -0.134599954
v 0.0879999101 1.21080029 -0.14139995
v 0.135099903 1.20650029 -0.123199962
v 0.137700006 1.18890023 -0.111199863
v 0.12650001 1.1936003 -0.123199962
v 0.114400014 1.19690025 -0.132199943
v 0.103200004 1.21050024 -0.141599953
v 0.120899916 1.20990026 -0.133699954
v 0.0986999124 1.15190029 -0.114499964
v 0.111699909 1.16690028 -0.117399953
v 0.106599912 1.15000021 -0.110999949
v 0.124999911 1.11650002 0.0532000922
v 0.138199911 1.14000022 0.0466000736
v 0.128599912 1.14090025 0.0591000654
v -0.0928999707 1.16230023 -0.107799955
v -0.104499988 1.17630029 -0.112999849
v -0.0946000218 1.17760026 -0.116499953
v -0.118600011 1.13570023 0.054000102
v -0.126800001 1.16340029 0.0481000841
v -0.126999885 1.1340003 0.0406000912
v -0.0500000119 1.16160023 -0.114099957
v -0.0260000229 1.17730021 -0.118399851
v -0.0279999971 1.15880024 -0.115199961
v -0.0279999971 1.15880024 -0.115199961
v 0.0145999715 1.16750026 -0.116799958
v 0.0131999813 1.14960027 -0.115899958
v -0.132199988 1.1354003 -0.0460999534
v -0.134299994 1.15450025 -0.0217999592
v -0.13499999 1.15470028 -0.0469999537
v -0.13499999 1.15470028 -0.0469999537
v -0.128399894 1.14390028 -0.0682999566
v -0.132199988 1.1354003 -0.0460999534
v -0.121100001 1.15170026 -0.0862999633
v -0.131599993 1.15920019 -0.071199961
v -0.124899894 1.1656003 -0.0914999619
v -0.124899894 1.1656003 -0.0914999619
v -0.109799981 1.15880024 -0.0999999568
v -0.121100001 1.15170026 -0.0862999633
v -0.103900008 1.13660026 0.0736000836
v -0.117600024 1.16490018 0.0645000637
v -0.118600011 1.13570023 0.054000102
v -0.126999885 1.1340003 0.0406000912
v -0.132399991 1.16090024 0.0288000926
v -0.129999995 1.13200021 0.0239000618
v -0.129999995 1.13200021 0.0239000618
v -0.135099992 1.15730023 0.00670004636
v -0.13169989 1.12870002 0.000900045037
v -0.13169989 1.12870002 0.000900045037
v -0.134299994 1.15450025 -0.0217999592
v -0.1331999 1.13030028 -0.0230999514
v -0.0360000096 1.15960026 0.0933000743
v -0.0590999685 1.14110029 0.0933000743
v -0.0382000208 1.14000022 0.0905000865
v -0.0382000208 1.14000022 0.0905000865
v -0.00139999948 1.15270019 0.0830000937
v -0.0360000096 1.15960026 0.0933000743
v -0.0832999945 1.13750029 0.0862000808
v -0.101499967 1.1650002 0.0805000961
v -0.103900008 1.13660026 0.0736000836
v -0.0590999685 1.14110029 0.0933000743
v -0.080099985 1.16420019 0.0922000632
v -0.0832999945 1.13750029 0.0862000808
v -0.0645999908 1.16380024 -0.113099955
v -0.0776000023 1.1801002 -0.119399957
v -0.0638999939 1.18090022 -0.11979986
v -0.0645999908 1.16380024 -0.113099955
v -0.0486999676 1.17980027 -0.119599961
v -0.0500000119 1.16160023 -0.114099957
v -0.102100007 1.16040027 -0.104299955
v -0.114199989 1.17330027 -0.106799953
v -0.104499988 1.17630029 -0.112999849
v -0.0946000218 1.17760026 -0.116499953
v -0.0777999759 1.16370022 -0.111299954
v -0.0928999707 1.16230023 -0.107799955
v 0.0468000099 1.16950023 -0.115899958
v 0.0626000091 1.14870024 -0.116899855
v 0.0454999804 1.14970028 -0.11659985
v 0.0454999804 1.14970028 -0.11659985
v 0.0145999715 1.16750026 -0.116799958
v 0.0468000099 1.16950023 -0.115899958
v 0.139399916 1.12189996 -0.049599953
v 0.144399911 1.13530028 -0.0232999548
v 0.139999911 1.11680007 -0.0261999592
v 0.135099903 1.12920022 -0.0716998503
v 0.144899905 1.13750029 -0.0480999574
v 0.139399916 1.12189996 -0.049599953
v 0.126299903 1.13960028 -0.0906999633
v 0.141299903 1.14380026 -0.0703999624
v 0.135099903 1.12920022 -0.0716998503
v 0.114599913 1.14650023 -0.105299957
v 0.133100003 1.1542002 -0.0913999602
v 0.126299903 1.13960028 -0.0906999633
v 0.128599912 1.14090025 0.0591000654
v 0.109700009 1.11890006 0.0737000927
v 0.124999911 1.11650002 0.0532000922
v 0.13199991 1.11580002 0.0400001034
v 0.144600004 1.13910019 0.033200115
v 0.138199911 1.14000022 0.0466000736
v 0.144399911 1.13580024 0.00590014458
v 0.134800017 1.11380017 0.0231001005
v 0.135599911 1.11199999 -0.00199985504
v 0.135599911 1.11199999 -0.00199985504
v 0.144399911 1.13530028 -0.0232999548
v 0.144399911 1.13580024 0.00590014458
v 0.0648000166 1.1297003 0.092700094
v 0.0436000228 1.15100026 0.0923000872
v 0.043099992 1.13210022 0.0901000723
v 0.043099992 1.13210022 0.0901000723
v -0.00139999948 1.15270019 0.0830000937
v -0.00239999034 1.13610029 0.0813001022
v 0.0888000131 1.12419999 0.0877000913
v 0.115100011 1.14470029 0.078800112
v 0.0913000107 1.15010023 0.0923000872
v 0.0913000107 1.15010023 0.0923000872
v 0.0648000166 1.1297003 0.092700094
v 0.0888000131 1.12419999 0.0877000913
v 0.0788000077 1.1693002 -0.122299962
v 0.086300008 1.15140021 -0.116499953
v 0.0745999813 1.1485002 -0.11719995
v 0.0745999813 1.1485002 -0.11719995
v 0.0662000105 1.16960025 -0.118299954
v 0.0788000077 1.1693002 -0.122299962
v 0.106599912 1.15000021 -0.110999949
v 0.120199904 1.16350019 -0.110399954
v 0.114599913 1.14650023 -0.105299957
v 0.0986999124 1.15190029 -0.114499964
v 0.0903000087 1.17010021 -0.123899959
v 0.102800012 1.16950023 -0.122599952
v 0.142700016 1.26050019 0.0551001169
v 0.15139991 1.24530029 0.0473000668
v 0.15929991 1.25790024 0.0473000668
v -0.123999991 1.27180028 0.0528000891
v -0.135299891 1.25970018 0.049500078
v -0.119700007 1.25990021 0.0570000671
v -0.187899992 1.17250025 -0.00339995325
v -0.179999992 1.17800021 -0.00719995797
v -0.184899896 1.18050027 -0.00429995358
v -0.162899897 1.22870028 -0.000199854374
v -0.154799983 1.23510027 0.0100000724
v -0.153999895 1.23950028 0.00790008903
v 0.179000005 1.23410022 0.0199001133
v 0.189800009 1.22890019 0.0152001008
v 0.183599904 1.2397002 0.0222000778
v 0.207499906 1.18000019 0.017900072
v 0.200399905 1.18550026 0.0149001107
v 0.202999905 1.17810023 0.0162000954
v -0.153999895 1.23950028 0.00790008903
v -0.151999995 1.24720025 0.022600092
v -0.150199994 1.25260019 0.0192001238
v 0.202999905 1.17810023 0.0162000954
v 0.207399905 1.17940021 0.0111000836
v 0.207499906 1.18000019 0.017900072
v -0.178699896 1.19620025 -0.00489985943
v -0.166999996 1.2088002 -0.00829995424
v -0.172099993 1.21290028 -0.00499995798
v -0.178799897 1.16800022 -0.00989985466
v -0.187099993 1.16880023 -0.0157999545
v -0.183699891 1.16710019 -0.0183999613
v -0.172099993 1.21290028 -0.00499995798
v -0.157899886 1.22360027 -0.00279995799
v -0.162899897 1.22870028 -0.000199854374
v -0.150199994 1.25260019 0.0192001238
v -0.145499989 1.25670028 0.0362000838
v -0.145099998 1.26440024 0.0305000916
v -0.136199981 1.26900029 0.0423000827
v -0.145499989 1.25670028 0.0362000838
v -0.135299891 1.25970018 0.049500078
v -0.119700007 1.25990021 0.0570000671
v -0.0982999727 1.27450025 0.0660000741
v -0.123999991 1.27180028 0.0528000891
v -0.0149999866 1.26020026 0.0668000877
v -0.0397999808 1.25210023 0.0753000677
v -0.0149999866 1.24500024 0.0713001192
v -0.0149999866 1.24500024 0.0713001192
v 0.0131000206 1.25400031 0.0619001091
v -0.0149999866 1.26020026 0.0668000877
v -0.0691000223 1.27320027 0.0733000934
v -0.0965999886 1.2633003 0.0744000971
v -0.0677999854 1.25870025 0.07970009
v -0.0677999854 1.25870025 0.07970009
v -0.040099971 1.26690018 0.0696000755
v -0.0691000223 1.27320027 0.0733000934
v 0.183599904 1.2397002 0.0222000778
v 0.182799906 1.23920023 0.0297000706
v 0.179000005 1.23410022 0.0199001133
v 0.20130001 1.20130026 0.0146000609
v 0.190299913 1.21190023 0.0112000927
v 0.19539991 1.19830024 0.0127001032
v 0.184100017 1.22470021 0.0132000744
v 0.196200013 1.21540022 0.0135000646
v 0.189800009 1.22890019 0.0152001008
v 0.176900014 1.24840021 0.0317001119
v 0.169700012 1.24440026 0.041100122
v 0.182799906 1.23920023 0.0297000706
v 0.15929991 1.25790024 0.0473000668
v 0.169700012 1.24440026 0.041100122
v 0.172199905 1.2547003 0.0379000604
v 0.119999915 1.26430023 0.0702001154
v 0.137899905 1.24900019 0.0663000643
v 0.142700016 1.26050019 0.0551001169
v 0.0414999723 1.25660026 0.0667000785
v 0.064899981 1.24550021 0.0761000887
v 0.0669000074 1.26050019 0.0705001056
v 0.0131000206 1.25400031 0.0619001091
v 0.038500011 1.24120021 0.0710000694
v 0.0414999723 1.25660026 0.0667000785
v 0.0937999114 1.26380026 0.0748001039
v 0.115599915 1.25000024 0.0803000629
v 0.119999915 1.26430023 0.0702001154
v 0.0669000074 1.26050019 0.0705001056
v 0.0900999084 1.24890029 0.0807000697
v 0.0937999114 1.26380026 0.0748001039
v 0.106599912 1.15000021 -0.110999949
v 0.0985000134 1.12800002 -0.108599953
v 0.0986999124 1.15190029 -0.114499964
v 0.117799908 1.09749997 0.051000081
v 0.13199991 1.11580002 0.0400001034
v 0.124999911 1.11650002 0.0532000922
v -0.0913000107 1.14100027 -0.102099963
v -0.102100007 1.16040027 -0.104299955
v -0.0928999707 1.16230023 -0.107799955
v -0.126999885 1.1340003 0.0406000912
v -0.115699999 1.11109996 0.0498000644
v -0.118600011 1.13570023 0.054000102
v -0.0279999971 1.15880024 -0.115199961
v -0.0509999916 1.1383003 -0.109699957
v -0.0500000119 1.16160023 -0.114099957
v 0.0131999813 1.14960027 -0.115899958
v -0.0292000175 1.13610029 -0.111999951
v -0.0279999971 1.15880024 -0.115199961
v -0.132199988 1.1354003 -0.0460999534
v -0.1259 1.12290001 -0.0639999583
v -0.130699992 1.11370015 -0.0419999585
v -0.130699992 1.11370015 -0.0419999585
v -0.1331999 1.13030028 -0.0230999514
v -0.132199988 1.1354003 -0.0460999534
v -0.121100001 1.15170026 -0.0862999633
v -0.106400013 1.13850021 -0.0942999497
v -0.117299974 1.13170028 -0.0814999565
v -0.117299974 1.13170028 -0.0814999565
v -0.128399894 1.14390028 -0.0682999566
v -0.121100001 1.15170026 -0.0862999633
v -0.129999995 1.13200021 0.0239000618
v -0.120899968 1.10969996 0.0353001058
v -0.126999885 1.1340003 0.0406000912
v -0.118600011 1.13570023 0.054000102
v -0.10079997 1.11300015 0.0664000735
v -0.103900008 1.13660026 0.0736000836
v -0.13169989 1.12870002 0.000900045037
v -0.130499989 1.10679996 -0.0219999626
v -0.127599984 1.10300016 -0.00159996003
v -0.13169989 1.12870002 0.000900045037
v -0.124599993 1.10570002 0.0198000968
v -0.129999995 1.13200021 0.0239000618
v -0.0590999685 1.14110029 0.0933000743
v -0.039600011 1.12370002 0.0870001018
v -0.0382000208 1.14000022 0.0905000865
v -0.039600011 1.12370002 0.0870001018
v -0.00239999034 1.13610029 0.0813001022
v -0.0382000208 1.14000022 0.0905000865
v -0.103900008 1.13660026 0.0736000836
v -0.0828000307 1.11650002 0.0809001029
v -0.0832999945 1.13750029 0.0862000808
v -0.0832999945 1.13750029 0.0862000808
v -0.060599979 1.12220001 0.0888001025
v -0.0590999685 1.14110029 0.0933000743
v -0.0662000105 1.13990021 -0.10839995
v -0.0777999759 1.16370022 -0.111299954
v -0.0645999908 1.16380024 -0.113099955
v -0.0500000119 1.16160023 -0.114099957
v -0.0662000105 1.13990021 -0.10839995
v -0.0645999908 1.16380024 -0.113099955
v -0.0990999937 1.14000022 -0.0985999629
v -0.109799981 1.15880024 -0.0999999568
v -0.102100007 1.16040027 -0.104299955
v -0.0928999707 1.16230023 -0.107799955
v -0.0784000158 1.13990021 -0.105799951
v -0.0913000107 1.14100027 -0.102099963
v 0.0454999804 1.14970028 -0.11659985
v 0.0608999729 1.12619996 -0.113299958
v 0.043099992 1.12759995 -0.113899954
v 0.043099992 1.12759995 -0.113899954
v 0.0131999813 1.14960027 -0.115899958
v 0.0454999804 1.14970028 -0.11659985
v 0.139399916 1.12189996 -0.049599953
v 0.130399913 1.10930002 -0.0675999597
v 0.135099903 1.12920022 -0.0716998503
v 0.139999911 1.11680007 -0.0261999592
v 0.134899914 1.10220015 -0.0444999561
v 0.139399916 1.12189996 -0.049599953
v 0.126299903 1.13960028 -0.0906999633
v 0.111999914 1.12390006 -0.09959995
v 0.114599913 1.14650023 -0.105299957
v 0.135099903 1.12920022 -0.0716998503
v 0.122499913 1.11720002 -0.0859999582
v 0.126299903 1.13960028 -0.0906999633
v 0.12470001 1.09420002 0.0365000665
v 0.134800017 1.11380017 0.0231001005
v 0.13199991 1.11580002 0.0400001034
v 0.124999911 1.11650002 0.0532000922
v 0.102900013 1.09990001 0.0682000816
v 0.117799908 1.09749997 0.051000081
v 0.135599911 1.11199999 -0.00199985504
v 0.134199902 1.09599996 -0.0237999633
v 0.139999911 1.11680007 -0.0261999592
v 0.135599911 1.11199999 -0.00199985504
v 0.127600014 1.09239995 0.020900093
v 0.129699916 1.09080017 -0.00269985944
v 0.0421000123 1.1171 0.086600095
v 0.0648000166 1.1297003 0.092700094
v 0.043099992 1.13210022 0.0901000723
v -0.00239999034 1.13610029 0.0813001022
v 0.0421000123 1.1171 0.086600095
v 0.043099992 1.13210022 0.0901000723
v 0.0846999064 1.1049 0.0820000991
v 0.109700009 1.11890006 0.0737000927
v 0.0888000131 1.12419999 0.0877000913
v 0.0888000131 1.12419999 0.0877000913
v 0.0630999804 1.11250007 0.0886000618
v 0.0846999064 1.1049 0.0820000991
v 0.0745999813 1.1485002 -0.11719995
v 0.0860999078 1.12830007 -0.111499958
v 0.0741000101 1.12600017 -0.112599857
v 0.0741000101 1.12600017 -0.112599857
v 0.0626000091 1.14870024 -0.116899855
v 0.0745999813 1.1485002 -0.11719995
v 0.114599913 1.14650023 -0.105299957
v 0.105400011 1.12629998 -0.10489995
v 0.106599912 1.15000021 -0.110999949
v 0.0986999124 1.15190029 -0.114499964
v 0.0860999078 1.12830007 -0.111499958
v 0.086300008 1.15140021 -0.116499953
v 0.0955999121 1.05640006 -0.0888998583
v 0.104600012 1.07780015 -0.0895998552
v 0.103099912 1.0553 -0.0836999491
v 0.102699906 1.03900015 0.040200077
v 0.112099916 1.05560017 0.032400094
v 0.104199916 1.05770016 0.0430000648
v -0.0928999707 1.06309998 -0.0862999633
v -0.100599997 1.08940017 -0.0859999582
v -0.0934000015 1.09020007 -0.0900999531
v -0.104799978 1.04509997 0.0419000536
v -0.113399982 1.06210017 0.0326000676
v -0.112200022 1.04390001 0.0314001068
v -0.0494999811 1.06110001 -0.100999959
v -0.0296000242 1.08449996 -0.106699951
v -0.0281000137 1.05970001 -0.106799953
v -0.0281000137 1.05970001 -0.106799953
v 0.00209998898 1.07930017 -0.111399956
v 0.000299990177 1.05649996 -0.110699959
v -0.125799984 1.04589999 -0.0381999537
v -0.127899989 1.06449997 -0.0208999589
v -0.127099991 1.06760001 -0.0375999585
v -0.127099991 1.06760001 -0.0375999585
v -0.121799998 1.04900014 -0.0531999543
v -0.125799984 1.04589999 -0.0381999537
v -0.116199963 1.05350006 -0.0639999583
v -0.123599999 1.07309997 -0.0542999581
v -0.117699981 1.08029997 -0.0683999583
v -0.117699981 1.08029997 -0.0683999583
v -0.107399993 1.05900002 -0.0748999491
v -0.116199963 1.05350006 -0.0639999583
v -0.0907000303 1.04789996 0.0528000817
v -0.105800033 1.06400001 0.0429001078
v -0.104799978 1.04509997 0.0419000536
v -0.112200022 1.04390001 0.0314001068
v -0.119899981 1.06099999 0.0211000666
v -0.118900001 1.04330015 0.0201000795
v -0.118900001 1.04330015 0.0201000795
v -0.125599891 1.06210017 -0.00049996376
v -0.124699987 1.04289997 -0.00189996511
v -0.125599891 1.06210017 -0.00049996376
v -0.127399892 1.04499996 -0.0216999575
v -0.124699987 1.04289997 -0.00189996511
v -0.0368999802 1.05729997 0.0745001137
v -0.0601999685 1.08109999 0.0751000941
v -0.058600001 1.05540001 0.0695000514
v -0.0368999802 1.05729997 0.0745001137
v -0.00430000015 1.07730007 0.0757000744
v -0.0393999815 1.08280015 0.0776000917
v -0.0753999949 1.05330002 0.0615000986
v -0.0907000303 1.06930006 0.05600008
v -0.0907000303 1.04789996 0.0528000817
v -0.058600001 1.05540001 0.0695000514
v -0.0773999617 1.07630014 0.0676001012
v -0.0753999949 1.05330002 0.0615000986
v -0.0795999691 1.06210017 -0.0924998596
v -0.0694000125 1.08739996 -0.0986999497
v -0.0666999817 1.06130016 -0.0970999524
v -0.0666999817 1.06130016 -0.0970999524
v -0.0522000119 1.08679998 -0.101199962
v -0.0494999811 1.06110001 -0.100999959
v -0.10049998 1.06150007 -0.0813998505
v -0.107500009 1.08700001 -0.0804999545
v -0.100599997 1.08940017 -0.0859999582
v -0.0928999707 1.06309998 -0.0862999633
v -0.0809999704 1.08829999 -0.0953998491
v -0.0795999691 1.06210017 -0.0924998596
v 0.0340999886 1.07749999 -0.10839995
v 0.0504000112 1.05340016 -0.10489995
v 0.0297999904 1.0539 -0.108599953
v 0.0297999904 1.0539 -0.108599953
v 0.00209998898 1.07930017 -0.111399956
v 0.0340999886 1.07749999 -0.10839995
v 0.12650001 1.04060006 -0.0390999541
v 0.127699912 1.05799997 -0.0209999606
v 0.125800014 1.03859997 -0.02209986
v 0.12319991 1.04390001 -0.054999955
v 0.127699912 1.06040001 -0.0382998511
v 0.12650001 1.04060006 -0.0390999541
v 0.118000016 1.04830015 -0.0655998513
v 0.124499917 1.06480002 -0.0552999601
v 0.12319991 1.04390001 -0.054999955
v 0.109700009 1.05340016 -0.0767999515
v 0.118899912 1.07000017 -0.0708999559
v 0.118000016 1.04830015 -0.0655998513
v 0.104199916 1.05770016 0.0430000648
v 0.087800011 1.04299998 0.0526001081
v 0.102699906 1.03900015 0.040200077
v 0.109700009 1.03820002 0.0305000767
v 0.118499905 1.05470002 0.0205000862
v 0.112099916 1.05560017 0.032400094
v 0.122899905 1.03830016 -0.00169996172
v 0.118499905 1.05470002 0.0205000862
v 0.116500005 1.03770006 0.0194000751
v 0.125800014 1.03859997 -0.02209986
v 0.12470001 1.05579996 -0.00049996376
v 0.122899905 1.03830016 -0.00169996172
v 0.0543000102 1.05079997 0.0704000816
v 0.0350000188 1.07700002 0.0775000677
v 0.029399991 1.05239999 0.07500007
v 0.029399991 1.05239999 0.07500007
v -0.00430000015 1.07730007 0.0757000744
v -0.00400000997 1.05239999 0.0773001015
v 0.0723999664 1.04640007 0.0628000647
v 0.0896999091 1.06330001 0.0572001003
v 0.0753999874 1.07000017 0.0692000613
v 0.0753999874 1.07000017 0.0692000613
v 0.0543000102 1.05079997 0.0704000816
v 0.0723999664 1.04640007 0.0628000647
v 0.0710999891 1.07790017 -0.102799959
v 0.0818999112 1.05610001 -0.0953998491
v 0.0667999908 1.05430007 -0.100799851
v 0.0667999908 1.05430007 -0.100799851
v 0.0549999997 1.07710016 -0.105199955
v 0.0710999891 1.07790017 -0.102799959
v 0.103099912 1.0553 -0.0836999491
v 0.110299915 1.07570016 -0.0836999491
v 0.109700009 1.05340016 -0.0767999515
v 0.0955999121 1.05640006 -0.0888998583
v 0.0853999108 1.07940006 -0.09959995
v 0.0982000083 1.07910001 -0.0943999514
v 0.103099912 1.0553 -0.0836999491
v 0.0931999087 1.03499997 -0.0901999548
v 0.0955999121 1.05640006 -0.0888998583
v 0.104399905 1.02040017 0.0395000726
v 0.109700009 1.03820002 0.0305000767
v 0.102699906 1.03900015 0.040200077
v -0.09170001 1.03869998 -0.0872999504
v -0.10049998 1.06150007 -0.0813998505
v -0.0928999707 1.06309998 -0.0862999633
v -0.112200022 1.04390001 0.0314001068
v -0.107200019 1.02559996 0.0413000733
v -0.104799978 1.04509997 0.0419000536
v -0.0281000137 1.05970001 -0.106799953
v -0.0462999903 1.03820002 -0.105299957
v -0.0494999811 1.06110001 -0.100999959
v 0.000299990177 1.05649996 -0.110699959
v -0.0254999995 1.03850007 -0.109499954
v -0.0281000137 1.05970001 -0.106799953
v -0.125799984 1.04589999 -0.0381999537
v -0.122500002 1.02970016 -0.0543999597
v -0.126599997 1.02719998 -0.0396999493
v -0.125799984 1.04589999 -0.0381999537
v -0.128499895 1.02719998 -0.022899963
v -0.127399892 1.04499996 -0.0216999575
v -0.116199963 1.05350006 -0.0639999583
v -0.107200019 1.03569996 -0.0756999627
v -0.116299979 1.03209996 -0.0651998594
v -0.116299979 1.03209996 -0.0651998594
v -0.121799998 1.04900014 -0.0531999543
v -0.116199963 1.05350006 -0.0639999583
v -0.118900001 1.04330015 0.0201000795
v -0.114600003 1.02579999 0.0312000737
v -0.112200022 1.04390001 0.0314001068
v -0.104799978 1.04509997 0.0419000536
v -0.0921000168 1.0266 0.051700078
v -0.0907000303 1.04789996 0.0528000817
v -0.127399892 1.04499996 -0.0216999575
v -0.126399994 1.02680016 -0.00259996206
v -0.124699987 1.04289997 -0.00189996511
v -0.124699987 1.04289997 -0.00189996511
v -0.120700002 1.02690017 0.0199001059
v -0.118900001 1.04330015 0.0201000795
v -0.058600001 1.05540001 0.0695000514
v -0.033999972 1.0309 0.0729000792
v -0.0368999802 1.05729997 0.0745001137
v -0.033999972 1.0309 0.0729000792
v -0.00400000997 1.05239999 0.0773001015
v -0.0368999802 1.05729997 0.0745001137
v -0.0907000303 1.04789996 0.0528000817
v -0.076399982 1.028 0.0598001108
v -0.0753999949 1.05330002 0.0615000986
v -0.0753999949 1.05330002 0.0615000986
v -0.0573999807 1.02950001 0.0672000945
v -0.058600001 1.05540001 0.0695000514
v -0.0666999817 1.06130016 -0.0970999524
v -0.0780000016 1.03700006 -0.0950999632
v -0.0795999691 1.06210017 -0.0924998596
v -0.0494999811 1.06110001 -0.100999959
v -0.0634999797 1.03639996 -0.101399951
v -0.0666999817 1.06130016 -0.0970999524
v -0.10019999 1.03770006 -0.0819999501
v -0.107399993 1.05900002 -0.0748999491
v -0.10049998 1.06150007 -0.0813998505
v -0.0795999691 1.06210017 -0.0924998596
v -0.09170001 1.03869998 -0.0872999504
v -0.0928999707 1.06309998 -0.0862999633
v 0.0297999904 1.0539 -0.108599953
v 0.047799997 1.03359997 -0.108799957
v 0.0279999897 1.0345 -0.111299954
v 0.0297999904 1.0539 -0.108599953
v 0.000199969858 1.03700006 -0.110999949
v 0.000299990177 1.05649996 -0.110699959
v 0.12650001 1.04060006 -0.0390999541
v 0.123599917 1.02600002 -0.055999957
v 0.12319991 1.04390001 -0.054999955
v 0.12650001 1.04060006 -0.0390999541
v 0.127699912 1.0223 -0.0234999582
v 0.127099916 1.02289999 -0.0405999497
v 0.118000016 1.04830015 -0.0655998513
v 0.107799903 1.0323 -0.0786999539
v 0.109700009 1.05340016 -0.0767999515
v 0.12319991 1.04390001 -0.054999955
v 0.117499903 1.02869999 -0.0671999529
v 0.118000016 1.04830015 -0.0655998513
v 0.111800015 1.02040017 0.0295000896
v 0.116500005 1.03770006 0.0194000751
v 0.109700009 1.03820002 0.0305000767
v 0.102699906 1.03900015 0.040200077
v 0.0892000124 1.02199996 0.0519001074
v 0.104399905 1.02040017 0.0395000726
v 0.124400005 1.02180016 -0.00359996408
v 0.125800014 1.03859997 -0.02209986
v 0.122899905 1.03830016 -0.00169996172
v 0.122899905 1.03830016 -0.00169996172
v 0.118099913 1.02170014 0.0185000449
v 0.124400005 1.02180016 -0.00359996408
v 0.0282000303 1.02760017 0.0774000436
v 0.0543000102 1.05079997 0.0704000816
v 0.029399991 1.05239999 0.07500007
v -0.00400000997 1.05239999 0.0773001015
v 0.0282000303 1.02760017 0.0774000436
v 0.029399991 1.05239999 0.07500007
v 0.0734000206 1.02359998 0.0628000647
v 0.087800011 1.04299998 0.0526001081
v 0.0723999664 1.04640007 0.0628000647
v 0.0723999664 1.04640007 0.0628000647
v 0.0536000133 1.02530015 0.0722000748
v 0.0734000206 1.02359998 0.0628000647
v 0.0667999908 1.05430007 -0.100799851
v 0.079200007 1.03509998 -0.0980999544
v 0.0641999766 1.03390002 -0.104399957
v 0.0641999766 1.03390002 -0.104399957
v 0.0504000112 1.05340016 -0.10489995
v 0.0667999908 1.05430007 -0.100799851
v 0.109700009 1.05340016 -0.0767999515
v 0.101000011 1.03380001 -0.0846999511
v 0.103099912 1.0553 -0.0836999491
v 0.0931999087 1.03499997 -0.0901999548
v 0.0818999112 1.05610001 -0.0953998491
v 0.0955999121 1.05640006 -0.0888998583
v 0.0946999118 0.994799972 -0.0987999514
v 0.10710001 0.97360009 -0.100499965
v 0.0976999104 0.973699987 -0.107399978
v 0.116299912 0.968400002 0.0343000442
v 0.120100006 0.986000001 0.0223000869
v 0.111699909 0.986100078 0.0351000652
v -0.104600012 0.974900007 -0.0947999731
v -0.0926999971 0.994199991 -0.0937999561
v -0.094900012 0.973899961 -0.100899972
v -0.118300021 0.972200096 0.0375001058
v -0.122699969 0.990100086 0.0252000839
v -0.127499998 0.972000003 0.0243000537
v -0.0231000185 0.976499856 -0.123399876
v -0.0397999808 0.994700074 -0.114599951
v -0.0224999785 0.998900056 -0.116499953
v -0.0224999785 0.998900056 -0.116499953
v 0.000599980354 0.981099963 -0.12189997
v -0.0231000185 0.976499856 -0.123399876
v -0.142199993 0.97450006 -0.0296999738
v -0.135399997 0.992500007 -0.0461998507
v -0.140399992 0.975099862 -0.048199974
v -0.135399997 0.992500007 -0.0461998507
v -0.135199994 0.976199985 -0.0647999719
v -0.140399992 0.975099862 -0.048199974
v -0.135199994 0.976199985 -0.0647999719
v -0.121100001 0.994500101 -0.0742999539
v -0.125399992 0.976300001 -0.0789999738
v -0.125399992 0.976300001 -0.0789999738
v -0.110499971 0.994700074 -0.082699962
v -0.113600008 0.975699961 -0.0889999643
v -0.0974000022 0.971000075 0.0506000742
v -0.114000022 0.99000001 0.0377000794
v -0.118300021 0.972200096 0.0375001058
v -0.127499998 0.972000003 0.0243000537
v -0.129899889 0.990499973 0.0123000965
v -0.134599894 0.972499967 0.0113001093
v -0.134599894 0.972499967 0.0113001093
v -0.1347 0.990300059 -0.00849996507
v -0.13959989 0.97299999 -0.0094999671
v -0.13959989 0.97299999 -0.0094999671
v -0.136899993 0.99180001 -0.0281999633
v -0.142199993 0.97450006 -0.0296999738
v -0.0282000303 0.989400089 0.0749001056
v -0.0526999794 0.968400002 0.0691001043
v -0.0278999805 0.968200088 0.0759000927
v -0.0278999805 0.968200088 0.0759000927
v -0.00210000016 0.988299966 0.0780000836
v -0.0282000303 0.989400089 0.0749001056
v -0.0745999813 0.969900012 0.0605001077
v -0.0950999781 0.988700092 0.0496000871
v -0.0974000022 0.971000075 0.0506000742
v -0.0745999813 0.969900012 0.0605001077
v -0.0530999824 0.988200068 0.0677001029
v -0.0742999911 0.988200068 0.058700107
v -0.076399982 0.972499967 -0.110299967
v -0.0569000207 0.991599858 -0.110899962
v -0.0561000109 0.971199989 -0.117699973
v -0.0561000109 0.971199989 -0.117699973
v -0.0397999808 0.994700074 -0.114599951
v -0.0388000011 0.972200096 -0.122199975
v -0.113600008 0.975699961 -0.0889999643
v -0.102100007 0.994599998 -0.0879999623
v -0.104600012 0.974900007 -0.0947999731
v -0.094900012 0.973899961 -0.100899972
v -0.0762000009 0.99180001 -0.102899961
v -0.076399982 0.972499967 -0.110299967
v 0.0254999883 0.978600085 -0.12479987
v 0.0433999822 0.996800065 -0.11809995
v 0.0425999686 0.975600004 -0.124999978
v 0.000599980354 0.981099963 -0.12189997
v 0.0253999792 0.99939996 -0.11869996
v 0.0254999883 0.978600085 -0.12479987
v 0.134599909 0.988000095 -0.0467999503
v 0.139899909 0.968100011 -0.0316999778
v 0.138699904 0.968999982 -0.0490999743
v 0.13440001 0.970899999 -0.0656999722
v 0.134599909 0.988000095 -0.0467999503
v 0.138699904 0.968999982 -0.0490999743
v 0.126600012 0.9727 -0.0811999664
v 0.129899904 0.990300059 -0.0626999512
v 0.13440001 0.970899999 -0.0656999722
v 0.115800008 0.973899961 -0.0936999694
v 0.121999905 0.992299855 -0.0769999549
v 0.126600012 0.9727 -0.0811999664
v 0.111699909 0.986100078 0.0351000652
v 0.0968999118 0.968400002 0.0514000878
v 0.116299912 0.968400002 0.0343000442
v 0.125100017 0.967799962 0.0204000697
v 0.127099916 0.986299992 0.00960006565
v 0.120100006 0.986000001 0.0223000869
v 0.132699907 0.985700011 -0.0106999651
v 0.131600007 0.967599988 0.00760003924
v 0.137300014 0.966899991 -0.013099961
v 0.137300014 0.966899991 -0.013099961
v 0.135299906 0.987100005 -0.0292998627
v 0.132699907 0.985700011 -0.0106999651
v 0.0265999995 0.968100011 0.0796000585
v 0.0518000126 0.986800075 0.0734000951
v 0.0253999792 0.988599956 0.0790000781
v 0.0253999792 0.988599956 0.0790000781
v -0.00120002963 0.968100011 0.0789000541
v 0.0265999995 0.968100011 0.0796000585
v 0.0752999708 0.968700111 0.0653000623
v 0.0943000093 0.986000001 0.0502000675
v 0.0738999769 0.986500084 0.0633000955
v 0.0738999769 0.986500084 0.0633000955
v 0.0523999929 0.968000114 0.0747000724
v 0.0752999708 0.968700111 0.0653000623
v 0.0601000115 0.995200098 -0.11479985
v 0.0795000121 0.973199964 -0.116299964
v 0.0595999882 0.97329998 -0.122299977
v 0.0425999686 0.975600004 -0.124999978
v 0.0601000115 0.995200098 -0.11479985
v 0.0595999882 0.97329998 -0.122299977
v 0.103399903 0.994199991 -0.0927999541
v 0.115800008 0.973899961 -0.0936999694
v 0.10710001 0.97360009 -0.100499965
v 0.0976999104 0.973699987 -0.107399978
v 0.0785000101 0.995000005 -0.107699953
v 0.0946999118 0.994799972 -0.0987999514
v 0.205600008 1.18760026 0.0164000615
v 0.19539991 1.19830024 0.0127001032
v 0.200399905 1.18550026 0.0149001107
v 0.247400016 1.21700025 -0.0576998517
v 0.253399998 1.19860029 -0.0450998619
v 0.247400016 1.19410026 -0.0591999516
v 0.247400016 1.19410026 -0.0591999516
v 0.237000018 1.2110002 -0.0705999509
v 0.247400016 1.21700025 -0.0576998517
v 0.161999911 1.1778003 -0.0551999584
v 0.175000012 1.16810024 -0.0646999553
v 0.16610001 1.16660023 -0.0533999577
v 0.16610001 1.16660023 -0.0533999577
v 0.161000013 1.17750025 -0.0385999605
v 0.161999911 1.1778003 -0.0551999584
v 0.166400015 1.18030024 -0.0218999609
v 0.164000005 1.16750026 -0.0358999595
v 0.170000017 1.17040026 -0.0190999582
v 0.170000017 1.17040026 -0.0190999582
v 0.174599916 1.1851002 -0.00779995322
v 0.166400015 1.18030024 -0.0218999609
v 0.252400011 1.22280025 -0.0271999612
v 0.251800001 1.20390022 -0.0152998567
v 0.255199999 1.20210028 -0.0303998515
v 0.255199999 1.20210028 -0.0303998515
v 0.252100021 1.22040021 -0.0421998575
v 0.252400011 1.22280025 -0.0271999612
v 0.223500013 1.19490027 0.015500091
v 0.209799916 1.20480025 0.015500091
v 0.214099914 1.19100022 0.0169000924
v 0.234100014 1.19940031 0.0106000528
v 0.219799906 1.20930028 0.0147000849
v 0.223500013 1.19490027 0.015500091
v 0.200399905 1.18550026 0.0149001107
v 0.190199912 1.19530022 0.00940009207
v 0.19539991 1.18300021 0.0121000633
v 0.214099914 1.19100022 0.0169000924
v 0.20130001 1.20130026 0.0146000609
v 0.205600008 1.18760026 0.0164000615
v 0.182699904 1.19070029 0.00240004063
v 0.178799912 1.17440021 -0.00489985943
v 0.187600017 1.17900026 0.00480014086
v 0.187600017 1.17900026 0.00480014086
v 0.190199912 1.19530022 0.00940009207
v 0.182699904 1.19070029 0.00240004063
v 0.244000018 1.20260024 -0.00049995631
v 0.230599999 1.21480024 0.0108000934
v 0.234100014 1.19940031 0.0106000528
v 0.244000018 1.20260024 -0.00049995631
v 0.248899996 1.22290027 -0.0124999583
v 0.240999997 1.22000027 0.000700041652
v 0.186299905 1.18720019 -0.0761999562
v 0.204100013 1.17730021 -0.076599963
v 0.189499915 1.17230022 -0.07289996
v 0.189499915 1.17230022 -0.07289996
v 0.170400009 1.18060029 -0.066799961
v 0.186299905 1.18720019 -0.0761999562
v 0.220399916 1.20230019 -0.0787999555
v 0.234899998 1.18820024 -0.0706999525
v 0.219099909 1.18270028 -0.0762999579
v 0.219099909 1.18270028 -0.0762999579
v 0.203400016 1.19450021 -0.0804999545
v 0.220399916 1.20230019 -0.0787999555
v -0.184899896 1.18050027 -0.00429995358
v -0.173499987 1.19280028 -0.00839995593
v -0.178699896 1.19620025 -0.00489985943
v -0.239399984 1.20260024 -0.0544999614
v -0.230399892 1.22210026 -0.0722999498
v -0.236499995 1.19830024 -0.0708999559
v -0.236499995 1.19830024 -0.0708999559
v -0.221199885 1.21420026 -0.0872999504
v -0.226999983 1.19100022 -0.0848999545
v -0.163399994 1.15990019 -0.082699962
v -0.165799886 1.17850029 -0.0934999511
v -0.156199992 1.17270029 -0.0843999609
v -0.163399994 1.15990019 -0.082699962
v -0.152399987 1.1699003 -0.0685999617
v -0.157899886 1.1584003 -0.0665999576
v -0.157899886 1.1584003 -0.0665999576
v -0.153799996 1.17140019 -0.051599957
v -0.15959999 1.16010022 -0.0491999611
v -0.15959999 1.16010022 -0.0491999611
v -0.158299893 1.1764003 -0.0351999626
v -0.164499983 1.1643002 -0.0334999636
v -0.232199997 1.20290029 -0.0249998495
v -0.23089999 1.22640026 -0.0386999622
v -0.237399995 1.20410025 -0.0390999541
v -0.237399995 1.20410025 -0.0390999541
v -0.232899994 1.22580028 -0.0543999597
v -0.239399984 1.20260024 -0.0544999614
v -0.202899992 1.18830025 -0.00129985809
v -0.186399996 1.19980025 -0.00209995359
v -0.19659999 1.20500028 -0.000999957323
v -0.19659999 1.20500028 -0.000999957323
v -0.212899983 1.19370019 -0.00339995325
v -0.202899992 1.18830025 -0.00129985809
v -0.179999992 1.17800021 -0.00719995797
v -0.169099897 1.18900025 -0.0131999552
v -0.173499987 1.19280028 -0.00839995593
v -0.178699896 1.19620025 -0.00489985943
v -0.192899987 1.18390024 -0.00179995596
v -0.184899896 1.18050027 -0.00429995358
v -0.170099884 1.16980028 -0.0209999606
v -0.158299893 1.1764003 -0.0351999626
v -0.163699895 1.18300021 -0.0222999528
v -0.163699895 1.18300021 -0.0222999528
v -0.175499991 1.17480028 -0.0115999579
v -0.170099884 1.16980028 -0.0209999606
v -0.223399997 1.19910026 -0.0124999583
v -0.207099989 1.21140027 -0.00359995663
v -0.216499984 1.21860027 -0.0114999563
v -0.216499984 1.21860027 -0.0114999563
v -0.232199997 1.20290029 -0.0249998495
v -0.223399997 1.19910026 -0.0124999583
v -0.201599985 1.17300022 -0.0953998491
v -0.179599985 1.1857003 -0.0975999609
v -0.187899992 1.16780019 -0.09519995
v -0.179599985 1.1857003 -0.0975999609
v -0.174799889 1.16380024 -0.0918999538
v -0.187899992 1.16780019 -0.09519995
v -0.226999983 1.19100022 -0.0848999545
v -0.208999991 1.20410025 -0.0947999582
v -0.21509999 1.18280029 -0.0920999572
v -0.21509999 1.18280029 -0.0920999572
v -0.195299894 1.19320023 -0.097899951
v -0.201599985 1.17300022 -0.0953998491
v 0.152099907 0.880599976 -0.0714999661
v 0.130399913 0.900999963 -0.0947999731
v 0.150300011 0.893000007 -0.062399976
v -0.00279998966 0.91110009 -0.138299972
v -0.0170000196 0.899999976 -0.147499889
v -0.0181999803 0.914499998 -0.140699983
v -0.0690000057 0.868499994 0.0571000725
v -0.103500001 0.895599961 0.0461000912
v -0.112299971 0.882600009 0.0436000973
v 0.0914000124 0.889700055 0.0472001024
v 0.118899912 0.898500085 0.0339001045
v 0.0871999115 0.897499859 0.0487000532
v 0.0871999115 0.897499859 0.0487000532
v 0.0504000112 0.883599997 0.0577000529
v 0.0914000124 0.889700055 0.0472001024
v 0.097800009 0.876000106 0.044600077
v 0.123899907 0.890799999 0.0317000896
v 0.0914000124 0.889700055 0.0472001024
v -0.0652999803 0.886399984 0.0572000928
v -0.0983999893 0.902500093 0.0475000925
v -0.103500001 0.895599961 0.0461000912
v -0.103500001 0.895599961 0.0461000912
v -0.129299998 0.905600011 0.0299000964
v -0.132299989 0.899999976 0.0282001048
v -0.0335000157 0.905500114 -0.147199988
v -0.0181999803 0.914499998 -0.140699983
v -0.0170000196 0.899999976 -0.147499889
v -0.112299971 0.882600009 0.0436000973
v -0.132299989 0.899999976 0.0282001048
v -0.139499992 0.889900088 0.024600096
v -0.109799981 0.92809999 -0.10429997
v -0.136099994 0.91960001 -0.0817999765
v -0.134599894 0.922800004 -0.0795998648
v -0.110000007 0.925700068 -0.107099973
v -0.137099892 0.912599862 -0.0887999758
v -0.136099994 0.91960001 -0.0817999765
v -0.00760000944 0.880100012 0.0628000647
v 0.0522999689 0.865199864 0.0572000928
v 0.0504000112 0.883599997 0.0577000529
v 0.067099981 0.9023 -0.140599877
v 0.0985000134 0.911300063 -0.120899878
v 0.101299912 0.898300111 -0.125699967
v 0.064899981 0.914800107 -0.134899884
v 0.0375000201 0.918799996 -0.137099981
v 0.0647 0.919700086 -0.131499976
v 0.0647 0.919700086 -0.131499976
v 0.0985000134 0.911300063 -0.120899878
v 0.064899981 0.914800107 -0.134899884
v -0.0799000189 0.919499993 -0.131699979
v -0.0540999696 0.92200011 -0.136099964
v -0.0544000193 0.912400007 -0.142799884
v -0.110000007 0.925700068 -0.107099973
v -0.0807999894 0.929200113 -0.123299979
v -0.080200009 0.926400065 -0.126499981
v -0.080200009 0.926400065 -0.126499981
v -0.0546000004 0.926800013 -0.132399976
v -0.0540999696 0.92200011 -0.136099964
v -0.110000007 0.919700086 -0.111399971
v -0.080200009 0.926400065 -0.126499981
v -0.0799000189 0.919499993 -0.131699979
v 0.144199908 0.889700055 0.0083000809
v 0.131600007 0.877999961 0.0261000469
v 0.149900004 0.877900004 0.000900030136
v -0.139499992 0.889900088 0.024600096
v -0.148899987 0.905299962 0.00500003248
v -0.155599996 0.896299958 -0.00169996172
v 0.144199908 0.889700055 0.0083000809
v 0.152599916 0.895699978 -0.0218999758
v 0.141099915 0.896200061 0.0107000694
v 0.141099915 0.896200061 0.0107000694
v 0.123899907 0.890799999 0.0317000896
v 0.144199908 0.889700055 0.0083000809
v 0.149900004 0.877900004 0.000900030136
v 0.155300006 0.889900088 -0.0260999724
v 0.144199908 0.889700055 0.0083000809
v -0.132299989 0.899999976 0.0282001048
v -0.146399885 0.909900069 0.00680003315
v -0.148899987 0.905299962 0.00500003248
v -0.148899987 0.905299962 0.00500003248
v -0.153799996 0.914300084 -0.0227999762
v -0.156299993 0.910299957 -0.0257999673
v -0.00760000944 0.880100012 0.0628000647
v -0.0690000057 0.868499994 0.0571000725
v -0.00809998065 0.858299971 0.0627001077
v -0.155599996 0.896299958 -0.00169996172
v -0.156299993 0.910299957 -0.0257999673
v -0.159399897 0.902500093 -0.0341999754
v 0.150300011 0.893000007 -0.062399976
v 0.157699913 0.877699971 -0.0348999724
v 0.152099907 0.880599976 -0.0714999661
v 0.150300011 0.893000007 -0.062399976
v 0.127799913 0.906400084 -0.0911999717
v 0.147700012 0.898599982 -0.0578999743
v 0.147700012 0.898599982 -0.0578999743
v 0.155300006 0.889900088 -0.0260999724
v 0.150300011 0.893000007 -0.062399976
v -0.152299985 0.907000005 -0.0641999766
v -0.136099994 0.91960001 -0.0817999765
v -0.137099892 0.912599862 -0.0887999758
v -0.156299993 0.910299957 -0.0257999673
v -0.149399996 0.918599963 -0.0523999706
v -0.151199996 0.914699912 -0.0556999668
v -0.151199996 0.914699912 -0.0556999668
v -0.134599894 0.922800004 -0.0795998648
v -0.136099994 0.91960001 -0.0817999765
v -0.159399897 0.902500093 -0.0341999754
v -0.151199996 0.914699912 -0.0556999668
v -0.152299985 0.907000005 -0.0641999766
v 0.0914000124 0.889700055 0.0472001024
v 0.0522999689 0.865199864 0.0572000928
v 0.097800009 0.876000106 0.044600077
v 0.0725999996 0.766200006 0.0957000405
v 0.0350999795 0.724799991 0.101600058
v 0.0735999867 0.726600111 0.114600003
v 0.0735999867 0.726600111 0.114600003
v 0.114899904 0.759500086 0.0945000798
v 0.0725999996 0.766200006 0.0957000405
v 0.0725999996 0.766200006 0.0957000405
v 0.109700009 0.789800107 0.0812000781
v 0.0716000199 0.79369998 0.0800000578
v 0.0716000199 0.79369998 0.0800000578
v 0.037899971 0.761700094 0.0811000541
v 0.0725999996 0.766200006 0.0957000405
v -0.0965999886 0.73969996 0.0657000691
v -0.139199883 0.776600003 0.0534000471
v -0.144299895 0.738799989 0.0528000668
v -0.0965999886 0.73969996 0.0657000691
v -0.140199989 0.695299983 0.0523000434
v -0.0946999714 0.695299983 0.0671000555
v -0.0965999886 0.73969996 0.0657000691
v -0.0497999713 0.695599914 0.0533000939
v -0.0487999916 0.739600062 0.0504000857
v -0.0487999916 0.739600062 0.0504000857
v -0.0960000083 0.776899993 0.063300088
v -0.0965999886 0.73969996 0.0657000691
v 0.0758000016 0.669200063 0.133700013
v 0.0442000031 0.613300025 0.136099994
v 0.0766999125 0.607200086 0.141300023
v 0.0766999125 0.607200086 0.141300023
v 0.114799917 0.657100081 0.127399966
v 0.0758000016 0.669200063 0.133700013
v 0.0758000016 0.669200063 0.133700013
v 0.120800003 0.719400108 0.108400017
v 0.0735999867 0.726600111 0.114600003
v 0.0735999867 0.726600111 0.114600003
v 0.0393000171 0.676900089 0.120400012
v 0.0758000016 0.669200063 0.133700013
v -0.0946999714 0.695299983 0.0671000555
v -0.130299896 0.629399955 0.0498000421
v -0.09109997 0.632399857 0.06310004
v -0.09109997 0.632399857 0.06310004
v -0.119700007 0.576799989 0.036200054
v -0.0838000104 0.577799916 0.0508000888
v -0.09109997 0.632399857 0.06310004
v -0.0500000119 0.580299973 0.0430000499
v -0.0511999726 0.640999913 0.0518000796
v -0.0511999726 0.640999913 0.0518000796
v -0.0946999714 0.695299983 0.0671000555
v -0.09109997 0.632399857 0.06310004
v 0.0698999688 0.550199986 0.150499985
v 0.0434999987 0.505500019 0.158600032
v 0.0601000115 0.500800014 0.159399971
v 0.0698999688 0.550199986 0.150499985
v 0.0854999125 0.494799972 0.148900032
v 0.0955999121 0.543200016 0.137400016
v 0.0698999688 0.550199986 0.150499985
v 0.105800003 0.59829998 0.130600035
v 0.0766999125 0.607200086 0.141300023
v 0.0766999125 0.607200086 0.141300023
v 0.0461000204 0.558499992 0.149699986
v 0.0698999688 0.550199986 0.150499985
v -0.0838000104 0.577799916 0.0508000888
v -0.113700032 0.519400001 0.0283000469
v -0.0786999986 0.51849997 0.0422000214
v -0.0786999986 0.51849997 0.0422000214
v -0.111100011 0.469200015 0.024500072
v -0.0799999833 0.466700017 0.0317000747
v -0.0786999986 0.51849997 0.0422000214
v -0.0640000105 0.469099998 0.0304000303
v -0.05620002 0.523000002 0.0393000841
v -0.05620002 0.523000002 0.0393000841
v -0.0838000104 0.577799916 0.0508000888
v -0.0786999986 0.51849997 0.0422000214
v 0.0572000071 0.4551 0.158699974
v 0.03549999 0.411599994 0.138999984
v 0.0497000217 0.406300008 0.141099975
v 0.0497000217 0.406300008 0.141099975
v 0.0800999105 0.449100018 0.151599988
v 0.0572000071 0.4551 0.158699974
v 0.0572000071 0.4551 0.158699974
v 0.0854999125 0.494799972 0.148900032
v 0.0601000115 0.500800014 0.159399971
v 0.0601000115 0.500800014 0.159399971
v 0.0428000018 0.460200012 0.156599984
v 0.0572000071 0.4551 0.158699974
v -0.0859000012 0.428400099 0.0216000602
v -0.111100011 0.469200015 0.024500072
v -0.110899977 0.430999994 0.0177000761
v -0.0859000012 0.428400099 0.0216000602
v -0.108799994 0.39530009 0.00610001385
v -0.0842999816 0.391900003 0.0104000568
v -0.0842999816 0.391900003 0.0104000568
v -0.069499962 0.429400027 0.0192000866
v -0.0859000012 0.428400099 0.0216000602
v -0.069499962 0.429400027 0.0192000866
v -0.0799999833 0.466700017 0.0317000747
v -0.0859000012 0.428400099 0.0216000602
v 0.0260000192 0.379199982 0.123499967
v 0.0342999585 0.343899906 0.123400018
v 0.0412999913 0.376599997 0.1294
v 0.0342999585 0.343899906 0.123400018
v 0.0662000105 0.372699916 0.124899969
v 0.0412999913 0.376599997 0.1294
v 0.0662000105 0.372699916 0.124899969
v 0.0497000217 0.406300008 0.141099975
v 0.0412999913 0.376599997 0.1294
v 0.0412999913 0.376599997 0.1294
v 0.03549999 0.411599994 0.138999984
v 0.0260000192 0.379199982 0.123499967
v -0.0842999816 0.391900003 0.0104000568
v -0.104600012 0.3646999 -0.000699996948
v -0.0781000257 0.362199992 0.00220000744
v -0.0781000257 0.362199992 0.00220000744
v -0.0975999832 0.327199996 -0.00199989229
v -0.0718999952 0.326699913 -0.00169999152
v -0.0718999952 0.326699913 -0.00169999152
v -0.0594999716 0.361199915 -0.00529999286
v -0.0781000257 0.362199992 0.00220000744
v -0.0781000257 0.362199992 0.00220000744
v -0.0658999607 0.390900016 0.00450001657
v -0.0842999816 0.391900003 0.0104000568
v 0.00929998979 0.117900029 0.118799955
v -0.000899979845 0.101499997 0.126899987
v 0.011500001 0.0977000147 0.120099999
v 0.011500001 0.0977000147 0.120099999
v 0.0217999779 0.114900008 0.107800014
v 0.00929998979 0.117900029 0.118799955
v 0.00929998979 0.117900029 0.118799955
v 0.0234000012 0.153800026 0.109499969
v 0.00849997997 0.156300023 0.115699984
v 0.00849997997 0.156300023 0.115699984
v -0.00210000016 0.12030001 0.1219
v 0.00929998979 0.117900029 0.118799955
v -0.0543000028 0.109099999 0.00530000031
v -0.0699999928 0.146900013 -0.00290000439
v -0.0688999817 0.107000008 0.00289999694
v -0.0688999817 0.107000008 0.00289999694
v -0.0537999794 0.0891000181 0.0117000192
v -0.0543000028 0.109099999 0.00530000031
v -0.0543000028 0.109099999 0.00530000031
v -0.0437999889 0.0902000368 0.0102000684
v -0.0461999699 0.109300047 0.00289999694
v -0.0461999699 0.109300047 0.00289999694
v -0.0555999801 0.14760001 -0.00410000235
v -0.0543000028 0.109099999 0.00530000031
v 0.152299911 0.704200089 0.0861000568
v 0.166899905 0.727199912 0.0430000573
v 0.153200015 0.743800104 0.0757000595
v 0.153200015 0.743800104 0.0757000595
v 0.16960001 0.763499975 0.0309000686
v 0.151700005 0.7773 0.0639000684
v 0.151700005 0.7773 0.0639000684
v 0.114899904 0.759500086 0.0945000798
v 0.153200015 0.743800104 0.0757000595
v 0.153200015 0.743800104 0.0757000595
v 0.120800003 0.719400108 0.108400017
v 0.152299911 0.704200089 0.0861000568
v -0.144299895 0.738799989 0.0528000668
v -0.167199895 0.777799964 0.0298000723
v -0.168199986 0.737199962 0.0264000371
v -0.168199986 0.737199962 0.0264000371
v -0.178199992 0.782899976 -0.00579997152
v -0.175699994 0.73969996 -0.0124999732
v -0.175699994 0.73969996 -0.0124999732
v -0.162499994 0.693600059 0.0228000879
v -0.168199986 0.737199962 0.0264000371
v -0.168199986 0.737199962 0.0264000371
v -0.140199989 0.695299983 0.0523000434
v -0.144299895 0.738799989 0.0528000668
v 0.124000013 0.588199973 0.105800033
v 0.148699909 0.632200003 0.0683000684
v 0.141899914 0.642799973 0.100600064
v 0.141899914 0.642799973 0.100600064
v 0.161899909 0.688799977 0.0540000834
v 0.152299911 0.704200089 0.0861000568
v 0.152299911 0.704200089 0.0861000568
v 0.114799917 0.657100081 0.127399966
v 0.141899914 0.642799973 0.100600064
v 0.141899914 0.642799973 0.100600064
v 0.105800003 0.59829998 0.130600035
v 0.124000013 0.588199973 0.105800033
v -0.15259999 0.630900085 0.0178000405
v -0.140199989 0.695299983 0.0523000434
v -0.162499994 0.693600059 0.0228000879
v -0.162499994 0.693600059 0.0228000879
v -0.157699987 0.636799991 -0.018799983
v -0.15259999 0.630900085 0.0178000405
v -0.15259999 0.630900085 0.0178000405
v -0.145799994 0.584200084 -0.0211999789
v -0.13989988 0.579400003 0.0089000538
v -0.13989988 0.579400003 0.0089000538
v -0.130299896 0.629399955 0.0498000421
v -0.15259999 0.630900085 0.0178000405
v 0.108600006 0.537400007 0.114400022
v 0.104899913 0.481000006 0.0995000526
v 0.112599909 0.532000005 0.0876000524
v 0.112599909 0.532000005 0.0876000524
v 0.124000013 0.588199973 0.105800033
v 0.108600006 0.537400007 0.114400022
v 0.124000013 0.588199973 0.105800033
v 0.0955999121 0.543200016 0.137400016
v 0.108600006 0.537400007 0.114400022
v 0.0955999121 0.543200016 0.137400016
v 0.100300007 0.488499999 0.127199993
v 0.108600006 0.537400007 0.114400022
v -0.131799996 0.525900006 0.00530001521
v -0.119700007 0.576799989 0.036200054
v -0.13989988 0.579400003 0.0089000538
v -0.13989988 0.579400003 0.0089000538
v -0.138399988 0.531799912 -0.0199999884
v -0.131799996 0.525900006 0.00530001521
v -0.131799996 0.525900006 0.00530001521
v -0.137400001 0.477900088 -0.0202999935
v -0.130199999 0.474099994 0.00470001251
v -0.130199999 0.474099994 0.00470001251
v -0.113700032 0.519400001 0.0283000469
v -0.131799996 0.525900006 0.00530001521
v 0.0986000076 0.401600003 0.111999981
v 0.105999917 0.436100006 0.0928000137
v 0.0996000096 0.443899989 0.12999998
v 0.0996000096 0.443899989 0.12999998
v 0.104899913 0.481000006 0.0995000526
v 0.100300007 0.488499999 0.127199993
v 0.100300007 0.488499999 0.127199993
v 0.0800999105 0.449100018 0.151599988
v 0.0996000096 0.443899989 0.12999998
v 0.0996000096 0.443899989 0.12999998
v 0.0730000064 0.403699994 0.135099992
v 0.0986000076 0.401600003 0.111999981
v -0.131599993 0.434100091 -0.000699989498
v -0.111100011 0.469200015 0.024500072
v -0.130199999 0.474099994 0.00470001251
v -0.131599993 0.434100091 -0.000699989498
v -0.137400001 0.477900088 -0.0202999935
v -0.14199999 0.435899973 -0.0296999887
v -0.14199999 0.435899973 -0.0296999887
v -0.133699983 0.398500025 -0.0128999874
v -0.131599993 0.434100091 -0.000699989498
v -0.131599993 0.434100091 -0.000699989498
v -0.108799994 0.39530009 0.00610001385
v -0.110899977 0.430999994 0.0177000761
v 0.0950999111 0.370000005 0.100900039
v 0.0964999124 0.330900013 0.069200024
v 0.104899913 0.372200012 0.0670000762
v 0.0950999111 0.370000005 0.100900039
v 0.10710001 0.40170002 0.0754000545
v 0.0986000076 0.401600003 0.111999981
v 0.0986000076 0.401600003 0.111999981
v 0.0662000105 0.372699916 0.124899969
v 0.0950999111 0.370000005 0.100900039
v 0.0950999111 0.370000005 0.100900039
v 0.0579999611 0.337000012 0.119599976
v 0.0850999132 0.329599917 0.0994000286
v -0.1331999 0.368200004 -0.0186999813
v -0.108799994 0.39530009 0.00610001385
v -0.133699983 0.398500025 -0.0128999874
v -0.1331999 0.368200004 -0.0186999813
v -0.145599991 0.40139997 -0.0414998904
v -0.146200001 0.372200012 -0.0478999838
v -0.1331999 0.368200004 -0.0186999813
v -0.14229998 0.331799895 -0.0462999865
v -0.126199991 0.328299999 -0.0175999925
v -0.126199991 0.328299999 -0.0175999925
v -0.104600012 0.3646999 -0.000699996948
v -0.1331999 0.368200004 -0.0186999813
v 0.0297999904 0.0885999948 0.0856000558
v 0.0314999782 0.108900033 0.0697000474
v 0.0314999782 0.111300007 0.0895000473
v 0.0314999782 0.111300007 0.0895000473
v 0.0396000072 0.1461 0.0718000382
v 0.0357000194 0.150200024 0.09390001
v 0.0357000194 0.150200024 0.09390001
v 0.0217999779 0.114900008 0.107800014
v 0.0314999782 0.111300007 0.0895000473
v 0.0314999782 0.111300007 0.0895000473
v 0.0238999687 0.0931999907 0.10400001
v 0.0297999904 0.0885999948 0.0856000558
v -0.0688999817 0.107000008 0.00289999694
v -0.0878999829 0.144500032 -0.0108999982
v -0.0873000026 0.103500038 -0.0104000047
v -0.0873000026 0.103500038 -0.0104000047
v -0.103600018 0.139899984 -0.0325000063
v -0.0985000134 0.100300036 -0.0318999961
v -0.0985000134 0.100300036 -0.0318999961
v -0.0874999687 0.0811000168 -0.010300003
v -0.0873000026 0.103500038 -0.0104000047
v -0.0873000026 0.103500038 -0.0104000047
v -0.0702000186 0.085900031 0.00559999794
v -0.0688999817 0.107000008 0.00289999694
v 0.163500011 0.710900009 -0.00129988045
v 0.135699913 0.661499977 -0.0239999667
v 0.141199917 0.700899959 -0.0407998785
v 0.141199917 0.700899959 -0.0407998785
v 0.168499917 0.749000013 -0.0152998716
v 0.163500011 0.710900009 -0.00129988045
v 0.163500011 0.710900009 -0.00129988045
v 0.16960001 0.763499975 0.0309000686
v 0.166899905 0.727199912 0.0430000573
v 0.163500011 0.710900009 -0.00129988045
v 0.161899909 0.688799977 0.0540000834
v 0.156499907 0.673200011 0.0118000507
v -0.17219989 0.744199991 -0.0557999685
v -0.178199992 0.782899976 -0.00579997152
v -0.175699994 0.789200008 -0.0530999675
v -0.175699994 0.789200008 -0.0530999675
v -0.150099993 0.748399973 -0.0920999721
v -0.17219989 0.744199991 -0.0557999685
v -0.17219989 0.744199991 -0.0557999685
v -0.144599989 0.699799955 -0.0887999758
v -0.163199991 0.6972 -0.0584999695
v -0.17219989 0.744199991 -0.0557999685
v -0.168999985 0.694300056 -0.0175999776
v -0.175699994 0.73969996 -0.0124999732
v 0.123599917 0.574100018 0.0476000868
v 0.126200005 0.615800023 -0.00269988179
v 0.143199906 0.624100089 0.030800052
v 0.126200005 0.615800023 -0.00269988179
v 0.156499907 0.673200011 0.0118000507
v 0.143199906 0.624100089 0.030800052
v 0.156499907 0.673200011 0.0118000507
v 0.148699909 0.632200003 0.0683000684
v 0.143199906 0.624100089 0.030800052
v 0.143199906 0.624100089 0.030800052
v 0.129400015 0.580500007 0.0773000792
v 0.123599917 0.574100018 0.0476000868
v -0.153099984 0.645799994 -0.0537999645
v -0.168999985 0.694300056 -0.0175999776
v -0.163199991 0.6972 -0.0584999695
v -0.163199991 0.6972 -0.0584999695
v -0.137899995 0.650200009 -0.081999965
v -0.153099984 0.645799994 -0.0537999645
v -0.153099984 0.645799994 -0.0537999645
v -0.130499989 0.593000114 -0.0730998889
v -0.141799897 0.589399993 -0.0494999811
v -0.141799897 0.589399993 -0.0494999811
v -0.157699987 0.636799991 -0.018799983
v -0.153099984 0.645799994 -0.0537999645
v 0.0990999117 0.474300086 0.0728000328
v 0.0946000069 0.526199996 0.0396000743
v 0.107599914 0.528400123 0.0602000393
v 0.107599914 0.528400123 0.0602000393
v 0.109399915 0.567300022 0.0200000405
v 0.123599917 0.574100018 0.0476000868
v 0.107599914 0.528400123 0.0602000393
v 0.129400015 0.580500007 0.0773000792
v 0.112599909 0.532000005 0.0876000524
v 0.112599909 0.532000005 0.0876000524
v 0.0990999117 0.474300086 0.0728000328
v 0.107599914 0.528400123 0.0602000393
v -0.135899991 0.539600015 -0.0467999801
v -0.145799994 0.584200084 -0.0211999789
v -0.141799897 0.589399993 -0.0494999811
v -0.141799897 0.589399993 -0.0494999811
v -0.125299901 0.545400023 -0.066099979
v -0.135899991 0.539600015 -0.0467999801
v -0.135899991 0.539600015 -0.0467999801
v -0.125299901 0.483800113 -0.0680998936
v -0.135099992 0.481999993 -0.0486998931
v -0.135099992 0.481999993 -0.0486998931
v -0.138399988 0.531799912 -0.0199999884
v -0.135899991 0.539600015 -0.0467999801
v 0.097800009 0.404500008 0.0427000523
v 0.0875999108 0.432099998 0.0406000614
v 0.0982000083 0.435000002 0.0583000742
v 0.0982000083 0.435000002 0.0583000742
v 0.0890999064 0.469399989 0.0570000336
v 0.0990999117 0.474300086 0.0728000328
v 0.0990999117 0.474300086 0.0728000328
v 0.105999917 0.436100006 0.0928000137
v 0.0982000083 0.435000002 0.0583000742
v 0.0982000083 0.435000002 0.0583000742
v 0.10710001 0.40170002 0.0754000545
v 0.097800009 0.404500008 0.0427000523
v -0.14199999 0.435899973 -0.0296999887
v -0.135099992 0.481999993 -0.0486998931
v -0.138199896 0.437300026 -0.0627999827
v -0.138199896 0.437300026 -0.0627999827
v -0.125299901 0.483800113 -0.0680998936
v -0.127599984 0.4375 -0.0846999809
v -0.127599984 0.4375 -0.0846999809
v -0.1410999 0.403699994 -0.0752998814
v -0.138199896 0.437300026 -0.0627999827
v -0.138199896 0.437300026 -0.0627999827
v -0.145599991 0.40139997 -0.0414998904
v -0.14199999 0.435899973 -0.0296999887
v 0.0883999094 0.335299909 0.037500076
v 0.0816000104 0.375499904 0.0212000459
v 0.0965999067 0.376199901 0.0370000452
v 0.0965999067 0.376199901 0.0370000452
v 0.0854999125 0.403299987 0.0278000832
v 0.097800009 0.404500008 0.0427000523
v 0.097800009 0.404500008 0.0427000523
v 0.104899913 0.372200012 0.0670000762
v 0.0965999067 0.376199901 0.0370000452
v 0.104899913 0.372200012 0.0670000762
v 0.0883999094 0.335299909 0.037500076
v 0.0965999067 0.376199901 0.0370000452
v -0.146200001 0.372200012 -0.0478999838
v -0.1410999 0.403699994 -0.0752998814
v -0.141799897 0.374799907 -0.0814999864
v -0.141799897 0.374799907 -0.0814999864
v -0.128199995 0.402500093 -0.0958999917
v -0.128299981 0.373800009 -0.101199992
v -0.128299981 0.373800009 -0.101199992
v -0.140099987 0.334700018 -0.0808999911
v -0.141799897 0.374799907 -0.0814999864
v -0.140099987 0.334700018 -0.0808999911
v -0.146200001 0.372200012 -0.0478999838
v -0.141799897 0.374799907 -0.0814999864
v 0.0188000202 0.0864000544 0.0489000492
v 0.00840001926 0.108900033 0.0366000384
v 0.0236999914 0.108600043 0.0508000702
v 0.0236999914 0.108600043 0.0508000702
v 0.0161999986 0.144999996 0.0357000679
v 0.0317000113 0.145400003 0.0509000272
v 0.0317000113 0.145400003 0.0509000272
v 0.0314999782 0.108900033 0.0697000474
v 0.0236999914 0.108600043 0.0508000702
v 0.0236999914 0.108600043 0.0508000702
v 0.02700001 0.086600028 0.0671000332
v 0.0188000202 0.0864000544 0.0489000492
v -0.0974000022 0.0994000062 -0.0555000082
v -0.103600018 0.139899984 -0.0325000063
v -0.103699982 0.13910003 -0.0581999943
v -0.0974000022 0.0994000062 -0.0555000082
v -0.0938000008 0.139300004 -0.0768999979
v -0.0874999687 0.0993000567 -0.074500002
v -0.0874999687 0.0993000567 -0.074500002
v -0.0938000008 0.0754000247 -0.0545000061
v -0.0974000022 0.0994000062 -0.0555000082
v -0.0974000022 0.0994000062 -0.0555000082
v -0.094900012 0.076700002 -0.0315000042
v -0.0985000134 0.100300036 -0.0318999961
v 0.113399908 0.695100009 -0.0587999746
v 0.0856999084 0.658899963 -0.0465999767
v 0.0872999132 0.699000001 -0.0662998781
v 0.0872999132 0.699000001 -0.0662998781
v 0.114000008 0.725200057 -0.0818999782
v 0.113399908 0.695100009 -0.0587999746
v 0.114000008 0.725200057 -0.0818999782
v 0.141199917 0.700899959 -0.0407998785
v 0.113399908 0.695100009 -0.0587999746
v 0.113399908 0.695100009 -0.0587999746
v 0.135699913 0.661499977 -0.0239999667
v 0.110499904 0.656900108 -0.0409999713
v -0.150099993 0.748399973 -0.0920999721
v -0.122799993 0.77759999 -0.117899977
v -0.122399978 0.744799972 -0.108599968
v -0.122399978 0.744799972 -0.108599968
v -0.0956000015 0.772899985 -0.119399972
v -0.097800009 0.744300008 -0.112499975
v -0.097800009 0.744300008 -0.112499975
v -0.120700002 0.699400067 -0.103599973
v -0.122399978 0.744799972 -0.108599968
v -0.122399978 0.744799972 -0.108599968
v -0.144599989 0.699799955 -0.0887999758
v -0.150099993 0.748399973 -0.0920999721
v 0.0899000093 0.565699995 0.00510001928
v 0.0813999102 0.613700092 -0.0264999792
v 0.102699906 0.611899972 -0.020699881
v 0.0813999102 0.613700092 -0.0264999792
v 0.110499904 0.656900108 -0.0409999713
v 0.102699906 0.611899972 -0.020699881
v 0.110499904 0.656900108 -0.0409999713
v 0.126200005 0.615800023 -0.00269988179
v 0.102699906 0.611899972 -0.020699881
v 0.102699906 0.611899972 -0.020699881
v 0.109399915 0.567300022 0.0200000405
v 0.0899000093 0.565699995 0.00510001928
v -0.117399991 0.65139997 -0.0980999693
v -0.144599989 0.699799955 -0.0887999758
v -0.120700002 0.699400067 -0.103599973
v -0.120700002 0.699400067 -0.103599973
v -0.0974000022 0.6523 -0.103799976
v -0.117399991 0.65139997 -0.0980999693
v -0.117399991 0.65139997 -0.0980999693
v -0.094799988 0.595300078 -0.0941999927
v -0.113200001 0.594600081 -0.0874998793
v -0.113200001 0.594600081 -0.0874998793
v -0.137899995 0.650200009 -0.081999965
v -0.117399991 0.65139997 -0.0980999693
v 0.079200007 0.52700007 0.0280000567
v 0.0673000216 0.470300019 0.0457000732
v 0.0659999773 0.529800117 0.0238000751
v 0.0659999773 0.529800117 0.0238000751
v 0.0899000093 0.565699995 0.00510001928
v 0.079200007 0.52700007 0.0280000567
v 0.079200007 0.52700007 0.0280000567
v 0.109399915 0.567300022 0.0200000405
v 0.0946000069 0.526199996 0.0396000743
v 0.0946000069 0.526199996 0.0396000743
v 0.0781999081 0.468299985 0.0492000543
v 0.079200007 0.52700007 0.0280000567
v -0.110299997 0.549600005 -0.077799879
v -0.130499989 0.593000114 -0.0730998889
v -0.113200001 0.594600081 -0.0874998793
v -0.113200001 0.594600081 -0.0874998793
v -0.094099991 0.550899982 -0.0835999921
v -0.110299997 0.549600005 -0.077799879
v -0.110299997 0.549600005 -0.077799879
v -0.0990999937 0.483700097 -0.0823999867
v -0.112900011 0.483800113 -0.077899985
v -0.112900011 0.483800113 -0.077899985
v -0.125299901 0.545400023 -0.066099979
v -0.110299997 0.549600005 -0.077799879
v 0.0724999905 0.402700007 0.0215000436
v 0.0659999773 0.433700025 0.0334000513
v 0.0766999125 0.431699991 0.0344000459
v 0.0659999773 0.433700025 0.0334000513
v 0.0781999081 0.468299985 0.0492000543
v 0.0766999125 0.431699991 0.0344000459
v 0.0781999081 0.468299985 0.0492000543
v 0.0875999108 0.432099998 0.0406000614
v 0.0766999125 0.431699991 0.0344000459
v 0.0766999125 0.431699991 0.0344000459
v 0.0854999125 0.403299987 0.0278000832
v 0.0724999905 0.402700007 0.0215000436
v -0.127599984 0.4375 -0.0846999809
v -0.112900011 0.483800113 -0.077899985
v -0.113899998 0.434000015 -0.0950999931
v -0.113899998 0.434000015 -0.0950999931
v -0.0990999937 0.483700097 -0.0823999867
v -0.100099981 0.433700025 -0.0981999859
v -0.100099981 0.433700025 -0.0981999859
v -0.112800002 0.400400102 -0.105399989
v -0.113899998 0.434000015 -0.0950999931
v -0.113899998 0.434000015 -0.0950999931
v -0.128199995 0.402500093 -0.0958999917
v -0.127599984 0.4375 -0.0846999809
v 0.0513999984 0.336300015 0.0125000328
v 0.051599972 0.376100004 0.0125000328
v 0.0653999969 0.374199986 0.0144000575
v 0.0653999969 0.374199986 0.0144000575
v 0.0605000183 0.4047001 0.0198000669
v 0.0724999905 0.402700007 0.0215000436
v 0.0724999905 0.402700007 0.0215000436
v 0.0816000104 0.375499904 0.0212000459
v 0.0653999969 0.374199986 0.0144000575
v 0.0653999969 0.374199986 0.0144000575
v 0.0712000132 0.336699903 0.0193000361
v 0.0513999984 0.336300015 0.0125000328
v -0.128299981 0.373800009 -0.101199992
v -0.112800002 0.400400102 -0.105399989
v -0.111199968 0.369700015 -0.110599987
v -0.111199968 0.369700015 -0.110599987
v -0.0974999592 0.399200022 -0.108799987
v -0.0938000008 0.368000031 -0.11429999
v -0.0938000008 0.368000031 -0.11429999
v -0.106700003 0.3294999 -0.111399986
v -0.111199968 0.369700015 -0.110599987
v -0.111199968 0.369700015 -0.110599987
v -0.126199991 0.334100008 -0.10139998
v -0.128299981 0.373800009 -0.101199992
v -0.00789999962 0.0906000286 0.0305000395
v -0.0167000294 0.112000011 0.0291000381
v -0.00449998118 0.110100053 0.0312000364
v -0.00449998118 0.110100053 0.0312000364
v -0.0109000299 0.145900026 0.0284000486
v 0.00109999999 0.145500019 0.0296000689
v 0.00109999999 0.145500019 0.0296000689
v 0.00840001926 0.108900033 0.0366000384
v -0.00449998118 0.110100053 0.0312000364
v -0.00449998118 0.110100053 0.0312000364
v 0.0034000203 0.0880000219 0.0364000574
v -0.00789999962 0.0906000286 0.0305000395
v -0.0874999687 0.0993000567 -0.074500002
v -0.0813000053 0.139100045 -0.0866999999
v -0.0764999911 0.0996000469 -0.0839999989
v -0.0764999911 0.0996000469 -0.0839999989
v -0.0709999651 0.138700038 -0.0901999995
v -0.0677999854 0.100100011 -0.0874998942
v -0.0764999911 0.0996000469 -0.0839999989
v -0.0651000142 0.0792000592 -0.0877000019
v -0.0746999905 0.0778000057 -0.0828999951
v -0.0746999905 0.0778000057 -0.0828999951
v -0.0874999687 0.0993000567 -0.074500002
v -0.0764999911 0.0996000469 -0.0839999989
v 0.0397000313 0.718800008 -0.0627999678
v 0.0573999807 0.734899998 -0.0861999765
v 0.0618000031 0.708599985 -0.0662998781
v 0.0618000031 0.708599985 -0.0662998781
v 0.0850999132 0.726399958 -0.0865999684
v 0.0872999132 0.699000001 -0.0662998781
v 0.0872999132 0.699000001 -0.0662998781
v 0.0615000129 0.664699912 -0.0452999696
v 0.0618000031 0.708599985 -0.0662998781
v 0.0618000031 0.708599985 -0.0662998781
v 0.0378000103 0.674699962 -0.0403999761
v 0.0397000313 0.718800008 -0.0627999678
v -0.076399982 0.701399863 -0.105099864
v -0.097800009 0.744300008 -0.112499975
v -0.0749000311 0.746499956 -0.107699968
v -0.0749000311 0.746499956 -0.107699968
v -0.0956000015 0.772899985 -0.119399972
v -0.0715000033 0.771499991 -0.112799965
v -0.0715000033 0.771499991 -0.112799965
v -0.0555000305 0.747900009 -0.0984999761
v -0.0749000311 0.746499956 -0.107699968
v -0.0749000311 0.746499956 -0.107699968
v -0.0566999912 0.705000103 -0.0985999778
v -0.076399982 0.701399863 -0.105099864
v 0.040700011 0.628400028 -0.0220998898
v 0.0615000129 0.664699912 -0.0452999696
v 0.0610999987 0.618600011 -0.0263998881
v 0.0610999987 0.618600011 -0.0263998881
v 0.0856999084 0.658899963 -0.0465999767
v 0.0813999102 0.613700092 -0.0264999792
v 0.0813999102 0.613700092 -0.0264999792
v 0.0558999702 0.568899989 -0.000199876726
v 0.0610999987 0.618600011 -0.0263998881
v 0.0610999987 0.618600011 -0.0263998881
v 0.0390999913 0.575600088 0.00460001826
v 0.040700011 0.628400028 -0.0220998898
v -0.0778999925 0.653400064 -0.102999978
v -0.094799988 0.595300078 -0.0941999927
v -0.0974000022 0.6523 -0.103799976
v -0.0778999925 0.653400064 -0.102999978
v -0.097800009 0.699900091 -0.107599877
v -0.076399982 0.701399863 -0.105099864
v -0.076399982 0.701399863 -0.105099864
v -0.0595999919 0.656900108 -0.0975999758
v -0.0778999925 0.653400064 -0.102999978
v -0.0778999925 0.653400064 -0.102999978
v -0.059400022 0.597000003 -0.0890999809
v -0.0767999813 0.595000088 -0.0950999931
v 0.0389000103 0.535400093 0.0292000771
v 0.0558999702 0.568899989 -0.000199876726
v 0.0529000089 0.532199979 0.0244000554
v 0.0529000089 0.532199979 0.0244000554
v 0.0724999905 0.566600025 -0.000199876726
v 0.0659999773 0.529800117 0.0238000751
v 0.0659999773 0.529800117 0.0238000751
v 0.0555999801 0.475499988 0.0456000529
v 0.0529000089 0.532199979 0.0244000554
v 0.0529000089 0.532199979 0.0244000554
v 0.0425999686 0.479099989 0.0492000543
v 0.0389000103 0.535400093 0.0292000771
v -0.0838999748 0.485300004 -0.0828999802
v -0.094099991 0.550899982 -0.0835999921
v -0.0776000023 0.550500095 -0.0836999789
v -0.094099991 0.550899982 -0.0835999921
v -0.0767999813 0.595000088 -0.0950999931
v -0.0776000023 0.550500095 -0.0836999789
v -0.0776000023 0.550500095 -0.0836999789
v -0.059400022 0.597000003 -0.0890999809
v -0.0617999993 0.549199998 -0.0789999887
v -0.0776000023 0.550500095 -0.0836999789
v -0.0690000057 0.484600008 -0.0795998797
v -0.0838999748 0.485300004 -0.0828999802
v 0.0436000228 0.442000091 0.0394000337
v 0.0555999801 0.475499988 0.0456000529
v 0.05620002 0.437700093 0.0356000662
v 0.05620002 0.437700093 0.0356000662
v 0.0673000216 0.470300019 0.0457000732
v 0.0659999773 0.433700025 0.0334000513
v 0.0659999773 0.433700025 0.0334000513
v 0.0483000204 0.406800091 0.0209000632
v 0.05620002 0.437700093 0.0356000662
v 0.05620002 0.437700093 0.0356000662
v 0.0340999886 0.409099996 0.0264000222
v 0.0436000228 0.442000091 0.0394000337
v -0.086400032 0.434700012 -0.0977999792
v -0.0974999592 0.399200022 -0.108799987
v -0.100099981 0.433700025 -0.0981999859
v -0.086400032 0.434700012 -0.0977999792
v -0.0990999937 0.483700097 -0.0823999867
v -0.0838999748 0.485300004 -0.0828999802
v -0.0838999748 0.485300004 -0.0828999802
v -0.0717999935 0.436100006 -0.0943999812
v -0.086400032 0.434700012 -0.0977999792
v -0.0717999935 0.436100006 -0.0943999812
v -0.0821999907 0.397400022 -0.107999988
v -0.086400032 0.434700012 -0.0977999792
v 0.03769999 0.378300011 0.0151000544
v 0.0340999886 0.409099996 0.0264000222
v 0.0483000204 0.406800091 0.0209000632
v 0.0483000204 0.406800091 0.0209000632
v 0.051599972 0.376100004 0.0125000328
v 0.03769999 0.378300011 0.0151000544
v 0.03769999 0.378300011 0.0151000544
v 0.035300009 0.337300003 0.0120000765
v 0.0209000111 0.339900017 0.0162000582
v 0.0209000111 0.339900017 0.0162000582
v 0.0217999779 0.380900085 0.0227000639
v 0.03769999 0.378300011 0.0151000544
v -0.0760999918 0.366300017 -0.112399988
v -0.0874999687 0.326300025 -0.11459998
v -0.0938000008 0.368000031 -0.11429999
v -0.0938000008 0.368000031 -0.11429999
v -0.0821999907 0.397400022 -0.107999988
v -0.0760999918 0.366300017 -0.112399988
v -0.0760999918 0.366300017 -0.112399988
v -0.0665000007 0.396600008 -0.102399983
v -0.0598000214 0.365499914 -0.105399989
v -0.0598000214 0.365499914 -0.105399989
v -0.0687999725 0.324699998 -0.111099981
v -0.0760999918 0.366300017 -0.112399988
v -0.0339000225 0.113800012 0.0444000214
v -0.0210999846 0.145900026 0.0319000259
v -0.0250999928 0.113000005 0.0320000499
v -0.0210999846 0.145900026 0.0319000259
v -0.0167000294 0.112000011 0.0291000381
v -0.0250999928 0.113000005 0.0320000499
v -0.0250999928 0.113000005 0.0320000499
v -0.0205000043 0.0924999937 0.0287000388
v -0.0303000212 0.092900008 0.0321000665
v -0.0303000212 0.092900008 0.0321000665
v -0.0339000225 0.113800012 0.0444000214
v -0.0250999928 0.113000005 0.0320000499
v -0.0559999906 0.101600021 -0.0897000059
v -0.0651000142 0.0792000592 -0.0877000019
v -0.0677999854 0.100100011 -0.0874998942
v -0.0677999854 0.100100011 -0.0874998942
v -0.0587000214 0.138500005 -0.0916999951
v -0.0559999906 0.101600021 -0.0897000059
v -0.0559999906 0.101600021 -0.0897000059
v -0.043900013 0.139000013 -0.0816000029
v -0.0421999618 0.102000028 -0.0783000067
v -0.0421999618 0.102000028 -0.0783000067
v -0.0516999885 0.0795000494 -0.0892998949
v -0.0559999906 0.101600021 -0.0897000059
v -0.00819999073 0.835100055 0.0624000579
v 0.0340999886 0.823300004 0.0598000996
v 0.0559999868 0.845700085 0.0583000891
v -0.00809998065 0.858299971 0.0627001077
v 0.0559999868 0.845700085 0.0583000891
v 0.0522999689 0.865199864 0.0572000928
v -0.00809998065 0.858299971 0.0627001077
v -0.0734000206 0.847400069 0.0573000498
v -0.00819999073 0.835100055 0.0624000579
v -0.00819999073 0.835100055 0.0624000579
v -0.0546000004 0.82370007 0.0582000799
v -0.00950003043 0.817099988 0.0598000996
v -0.0100000007 0.804099858 0.0565000884
v 0.0167999789 0.79519999 0.0533000976
v 0.0229999982 0.807399988 0.0569000989
v -0.00950003043 0.817099988 0.0598000996
v 0.0229999982 0.807399988 0.0569000989
v 0.0340999886 0.823300004 0.0598000996
v -0.043099992 0.811600089 0.0537000373
v -0.00950003043 0.817099988 0.0598000996
v -0.0546000004 0.82370007 0.0582000799
v -0.0354999825 0.800000072 0.047600098
v -0.0100000007 0.804099858 0.0565000884
v -0.043099992 0.811600089 0.0537000373
v 0.0698000118 0.821400106 0.0642000586
v 0.0856000111 0.838 0.0588000603
v 0.0610999987 0.825999975 0.0604000799
v 0.0610999987 0.825999975 0.0604000799
v 0.0559999868 0.845700085 0.0583000891
v 0.0340999886 0.823300004 0.0598000996
v 0.0340999886 0.823300004 0.0598000996
v 0.0458999798 0.8149001 0.0583000891
v 0.0610999987 0.825999975 0.0604000799
v 0.0610999987 0.825999975 0.0604000799
v 0.0544000193 0.815299988 0.0619000904
v 0.0698000118 0.821400106 0.0642000586
v -0.064899981 0.811800003 0.0575000793
v -0.0546000004 0.82370007 0.0582000799
v -0.0795000121 0.8228001 0.0591000505
v -0.0795000121 0.8228001 0.0591000505
v -0.0734000206 0.847400069 0.0573000498
v -0.103100002 0.835599959 0.0547000878
v -0.103100002 0.835599959 0.0547000878
v -0.0922999904 0.814700007 0.0608000904
v -0.0795000121 0.8228001 0.0591000505
v -0.0795000121 0.8228001 0.0591000505
v -0.075699985 0.810799956 0.0600000769
v -0.064899981 0.811800003 0.0575000793
v 0.0716000199 0.812399983 0.071000047
v 0.0544000193 0.815299988 0.0619000904
v 0.0483000204 0.806800008 0.0627001077
v 0.0483000204 0.806800008 0.0627001077
v 0.0716000199 0.79369998 0.0800000578
v 0.0716000199 0.812399983 0.071000047
v 0.0716000199 0.79369998 0.0800000578
v 0.105000004 0.81129986 0.0706001073
v 0.0716000199 0.812399983 0.071000047
v 0.0716000199 0.812399983 0.071000047
v 0.097999908 0.826500058 0.0630000979
v 0.0698000118 0.821400106 0.0642000586
v -0.131499991 0.802699864 0.0534000471
v -0.0960000083 0.776899993 0.063300088
v -0.0974999592 0.800799966 0.0626000911
v -0.0960000083 0.776899993 0.063300088
v -0.0683000013 0.800999999 0.0584000498
v -0.0974999592 0.800799966 0.0626000911
v -0.0974999592 0.800799966 0.0626000911
v -0.075699985 0.810799956 0.0600000769
v -0.0922999904 0.814700007 0.0608000904
v -0.0974999592 0.800799966 0.0626000911
v -0.11870002 0.821300089 0.0537000373
v -0.131499991 0.802699864 0.0534000471
v 0.0358999893 0.803900003 0.0556000583
v 0.0229999982 0.807399988 0.0569000989
v 0.0167999789 0.79519999 0.0533000976
v 0.0167999789 0.79519999 0.0533000976
v 0.0271999799 0.793099999 0.0483000986
v 0.0358999893 0.803900003 0.0556000583
v 0.0358999893 0.803900003 0.0556000583
v 0.0386999808 0.788999856 0.0618000776
v 0.0483000204 0.806800008 0.0627001077
v 0.0483000204 0.806800008 0.0627001077
v 0.0458999798 0.8149001 0.0583000891
v 0.0358999893 0.803900003 0.0556000583
v -0.0521000028 0.802699864 0.0521000773
v -0.0501999781 0.777099967 0.0479000881
v -0.0357000194 0.788500011 0.0395000651
v -0.0357000194 0.788500011 0.0395000651
v -0.0354999825 0.800000072 0.047600098
v -0.0521000028 0.802699864 0.0521000773
v -0.0521000028 0.802699864 0.0521000773
v -0.043099992 0.811600089 0.0537000373
v -0.064899981 0.811800003 0.0575000793
v -0.064899981 0.811800003 0.0575000793
v -0.0683000013 0.800999999 0.0584000498
v -0.0521000028 0.802699864 0.0521000773
v -0.00660002977 0.808799982 -0.133599967
v -0.0299000144 0.79369998 -0.123299979
v -0.0263999701 0.810599864 -0.138899982
v -0.00940001011 0.791499972 0.0533000976
v 0.0126000009 0.795399964 0.0453000814
v 0.0167999789 0.79519999 0.0533000976
v -0.0264999866 0.787999988 0.0377000719
v -0.00940001011 0.791499972 0.0533000976
v -0.0354999825 0.800000072 0.047600098
v -0.0188999772 0.845300078 -0.152199984
v -0.00320000015 0.860099912 -0.147499889
v -0.00340002961 0.84160006 -0.145799965
v 0.122300014 0.843599856 0.0457000881
v 0.139399916 0.865399957 0.0237000659
v 0.106299907 0.861800075 0.0433000475
v 0.106299907 0.861800075 0.0433000475
v 0.0856000111 0.838 0.0588000603
v 0.122300014 0.843599856 0.0457000881
v 0.122300014 0.843599856 0.0457000881
v 0.097999908 0.826500058 0.0630000979
v 0.135399908 0.824799955 0.0500000902
v 0.135399908 0.824799955 0.0500000902
v 0.151199907 0.845600009 0.0234000757
v 0.122300014 0.843599856 0.0457000881
v -0.137199998 0.849799991 0.0390000492
v -0.11870002 0.821300089 0.0537000373
v -0.103100002 0.835599959 0.0547000878
v -0.103100002 0.835599959 0.0547000878
v -0.121999972 0.867999911 0.0422000363
v -0.137199998 0.849799991 0.0390000492
v -0.137199998 0.849799991 0.0390000492
v -0.148099989 0.879999995 0.0209000781
v -0.161099985 0.862399995 0.0144000798
v -0.161099985 0.862399995 0.0144000798
v -0.152099892 0.830500007 0.0352000669
v -0.137199998 0.849799991 0.0390000492
v 0.146000013 0.80309999 0.0565000884
v 0.162199914 0.821699977 0.0256000906
v 0.135399908 0.824799955 0.0500000902
v 0.135399908 0.824799955 0.0500000902
v 0.105000004 0.81129986 0.0706001073
v 0.146000013 0.80309999 0.0565000884
v 0.146000013 0.80309999 0.0565000884
v 0.109700009 0.789800107 0.0812000781
v 0.151700005 0.7773 0.0639000684
v 0.151700005 0.7773 0.0639000684
v 0.168799907 0.794200063 0.0285000876
v 0.146000013 0.80309999 0.0565000884
v -0.162799984 0.807399988 0.0320000798
v -0.139199883 0.776600003 0.0534000471
v -0.131499991 0.802699864 0.0534000471
v -0.131499991 0.802699864 0.0534000471
v -0.152099892 0.830500007 0.0352000669
v -0.162799984 0.807399988 0.0320000798
v -0.162799984 0.807399988 0.0320000798
v -0.171999991 0.842000008 0.00570002943
v -0.177899987 0.815499961 -0.00139997154
v -0.162799984 0.807399988 0.0320000798
v -0.178199992 0.782899976 -0.00579997152
v -0.167199895 0.777799964 0.0298000723
v 0.106299907 0.861800075 0.0433000475
v 0.131600007 0.877999961 0.0261000469
v 0.097800009 0.876000106 0.044600077
v 0.097800009 0.876000106 0.044600077
v 0.0559999868 0.845700085 0.0583000891
v 0.106299907 0.861800075 0.0433000475
v -0.139499992 0.889900088 0.024600096
v -0.121999972 0.867999911 0.0422000363
v -0.112299971 0.882600009 0.0436000973
v -0.112299971 0.882600009 0.0436000973
v -0.0734000206 0.847400069 0.0573000498
v -0.0690000057 0.868499994 0.0571000725
v 0.153500006 0.866299987 -0.0800999776
v 0.133199915 0.888000011 -0.101199977
v 0.152099907 0.880599976 -0.0714999661
v 0.152099907 0.880599976 -0.0714999661
v 0.160799906 0.865899861 -0.0436999723
v 0.153500006 0.866299987 -0.0800999776
v -0.137099892 0.912599862 -0.0887999758
v -0.152899891 0.897800088 -0.0749999657
v -0.152299985 0.907000005 -0.0641999766
v -0.152299985 0.907000005 -0.0641999766
v -0.161199898 0.893200099 -0.0446999744
v -0.159399897 0.902500093 -0.0341999754
v 0.155199915 0.819099963 -0.0985999778
v 0.138100013 0.851399958 -0.115599968
v 0.155499905 0.84679997 -0.0899999663
v 0.155499905 0.84679997 -0.0899999663
v 0.136700004 0.871899962 -0.108299874
v 0.153500006 0.866299987 -0.0800999776
v 0.153500006 0.866299987 -0.0800999776
v 0.162899911 0.845700085 -0.0548999682
v 0.155499905 0.84679997 -0.0899999663
v 0.155499905 0.84679997 -0.0899999663
v 0.165499911 0.815899968 -0.0630999729
v 0.155199915 0.819099963 -0.0985999778
v -0.163799986 0.878199995 -0.0584999695
v -0.152899891 0.897800088 -0.0749999657
v -0.154499993 0.883700013 -0.0876999721
v -0.154499993 0.883700013 -0.0876999721
v -0.137499899 0.902999997 -0.098899968
v -0.137799889 0.889299989 -0.109799974
v -0.137799889 0.889299989 -0.109799974
v -0.154799983 0.864199996 -0.102899976
v -0.154499993 0.883700013 -0.0876999721
v -0.154499993 0.883700013 -0.0876999721
v -0.166599885 0.858800113 -0.0749999657
v -0.163799986 0.878199995 -0.0584999695
v 0.155899912 0.8671 -0.0053999722
v 0.157699913 0.877699971 -0.0348999724
v 0.149900004 0.877900004 0.000900030136
v 0.149900004 0.877900004 0.000900030136
v 0.139399916 0.865399957 0.0237000659
v 0.155899912 0.8671 -0.0053999722
v -0.159399897 0.902500093 -0.0341999754
v -0.162099987 0.887499988 -0.00939997286
v -0.155599996 0.896299958 -0.00169996172
v -0.155599996 0.896299958 -0.00169996172
v -0.148099989 0.879999995 0.0209000781
v -0.139499992 0.889900088 0.024600096
v 0.170999914 0.817999959 -0.0150999725
v 0.162899911 0.845700085 -0.0548999682
v 0.164899915 0.846399963 -0.0124999732
v 0.164899915 0.846399963 -0.0124999732
v 0.160799906 0.865899861 -0.0436999723
v 0.155899912 0.8671 -0.0053999722
v 0.155899912 0.8671 -0.0053999722
v 0.151199907 0.845600009 0.0234000757
v 0.164899915 0.846399963 -0.0124999732
v 0.164899915 0.846399963 -0.0124999732
v 0.162199914 0.821699977 0.0256000906
v 0.170999914 0.817999959 -0.0150999725
v -0.161099985 0.862399995 0.0144000798
v -0.162099987 0.887499988 -0.00939997286
v -0.170499891 0.871600091 -0.0200999752
v -0.170499891 0.871600091 -0.0200999752
v -0.161199898 0.893200099 -0.0446999744
v -0.163799986 0.878199995 -0.0584999695
v -0.163799986 0.878199995 -0.0584999695
v -0.173499987 0.851199985 -0.0332999751
v -0.170499891 0.871600091 -0.0200999752
v -0.170499891 0.871600091 -0.0200999752
v -0.171999991 0.842000008 0.00570002943
v -0.161099985 0.862399995 0.0144000798
v 0.172600016 0.78459996 -0.0165999681
v 0.165499911 0.815899968 -0.0630999729
v 0.170999914 0.817999959 -0.0150999725
v 0.170999914 0.817999959 -0.0150999725
v 0.168799907 0.794200063 0.0285000876
v 0.172600016 0.78459996 -0.0165999681
v 0.172600016 0.78459996 -0.0165999681
v 0.16960001 0.763499975 0.0309000686
v 0.168499917 0.749000013 -0.0152998716
v 0.168499917 0.749000013 -0.0152998716
v 0.162999913 0.779800057 -0.0672999695
v 0.172600016 0.78459996 -0.0165999681
v -0.175999984 0.824400067 -0.0451999679
v -0.178199992 0.782899976 -0.00579997152
v -0.177899987 0.815499961 -0.00139997154
v -0.177899987 0.815499961 -0.00139997154
v -0.173499987 0.851199985 -0.0332999751
v -0.175999984 0.824400067 -0.0451999679
v -0.175999984 0.824400067 -0.0451999679
v -0.166599885 0.858800113 -0.0749999657
v -0.167199895 0.831799984 -0.0886999741
v -0.167199895 0.831799984 -0.0886999741
v -0.175699994 0.789200008 -0.0530999675
v -0.175999984 0.824400067 -0.0451999679
v 0.129800007 0.797100008 -0.126899958
v 0.155199915 0.819099963 -0.0985999778
v 0.147599906 0.785299957 -0.103299879
v 0.155199915 0.819099963 -0.0985999778
v 0.162999913 0.779800057 -0.0672999695
v 0.147599906 0.785299957 -0.103299879
v 0.162999913 0.779800057 -0.0672999695
v 0.130299911 0.756599963 -0.103199966
v 0.147599906 0.785299957 -0.103299879
v 0.147599906 0.785299957 -0.103299879
v 0.114599913 0.773599982 -0.125199974
v 0.129800007 0.797100008 -0.126899958
v -0.152199894 0.839100003 -0.115699969
v -0.155499995 0.793599963 -0.0997999683
v -0.167199895 0.831799984 -0.0886999741
v -0.167199895 0.831799984 -0.0886999741
v -0.154799983 0.864199996 -0.102899976
v -0.152199894 0.839100003 -0.115699969
v -0.152199894 0.839100003 -0.115699969
v -0.137999982 0.869700074 -0.122199975
v -0.133699983 0.845700085 -0.133999974
v -0.133699983 0.845700085 -0.133999974
v -0.136299893 0.811999857 -0.127099961
v -0.152199894 0.839100003 -0.115699969
v 0.105400011 0.744599998 -0.103899978
v 0.114599913 0.773599982 -0.125199974
v 0.130299911 0.756599963 -0.103199966
v 0.130299911 0.756599963 -0.103199966
v 0.114000008 0.725200057 -0.0818999782
v 0.105400011 0.744599998 -0.103899978
v 0.105400011 0.744599998 -0.103899978
v 0.0850999132 0.726399958 -0.0865999684
v 0.0782999098 0.744000077 -0.104899965
v 0.0782999098 0.744000077 -0.104899965
v 0.0937999114 0.764099956 -0.123799972
v 0.105400011 0.744599998 -0.103899978
v -0.112500012 0.796599984 -0.131199986
v -0.0956000015 0.772899985 -0.119399972
v -0.122799993 0.77759999 -0.117899977
v -0.122799993 0.77759999 -0.117899977
v -0.136299893 0.811999857 -0.127099961
v -0.112500012 0.796599984 -0.131199986
v -0.112500012 0.796599984 -0.131199986
v -0.120100021 0.824099958 -0.13989988
v -0.100599997 0.812699914 -0.141499966
v -0.100599997 0.812699914 -0.141499966
v -0.0881999731 0.790000081 -0.128599972
v -0.112500012 0.796599984 -0.131199986
v 0.0490000173 0.751100004 -0.104399972
v 0.0692999884 0.761999965 -0.123399876
v 0.0782999098 0.744000077 -0.104899965
v 0.0782999098 0.744000077 -0.104899965
v 0.0573999807 0.734899998 -0.0861999765
v 0.0490000173 0.751100004 -0.104399972
v 0.0490000173 0.751100004 -0.104399972
v 0.03549999 0.743700087 -0.0843999758
v 0.0282000303 0.761299968 -0.100899972
v 0.0282000303 0.761299968 -0.100899972
v 0.0397000313 0.766900003 -0.12099997
v 0.0490000173 0.751100004 -0.104399972
v -0.0641999841 0.785899997 -0.12279997
v -0.0518000126 0.770099998 -0.10429997
v -0.0715000033 0.771499991 -0.112799965
v -0.0715000033 0.771499991 -0.112799965
v -0.0881999731 0.790000081 -0.128599972
v -0.0641999841 0.785899997 -0.12279997
v -0.0641999841 0.785899997 -0.12279997
v -0.0796999931 0.805400014 -0.141199976
v -0.0558000207 0.798300087 -0.135399967
v -0.0558000207 0.798300087 -0.135399967
v -0.0432000086 0.783300102 -0.112999864
v -0.0641999841 0.785899997 -0.12279997
v 0.105999917 0.880800009 -0.130799979
v 0.133199915 0.888000011 -0.101199977
v 0.136700004 0.871899962 -0.108299874
v 0.136700004 0.871899962 -0.108299874
v 0.108799905 0.859099984 -0.137099981
v 0.105999917 0.880800009 -0.130799979
v -0.110000007 0.919700086 -0.111399971
v -0.137499899 0.902999997 -0.098899968
v -0.137099892 0.912599862 -0.0887999758
v 0.10710001 0.835100055 -0.141499966
v 0.138100013 0.851399958 -0.115599968
v 0.137199908 0.825999975 -0.122299977
v -0.110400021 0.9102 -0.119899966
v -0.137799889 0.889299989 -0.109799974
v -0.137499899 0.902999997 -0.098899968
v 0.137199908 0.825999975 -0.122299977
v 0.102599904 0.809700012 -0.142799884
v 0.10710001 0.835100055 -0.141499966
v -0.111199968 0.896000087 -0.127999961
v -0.137999982 0.869700074 -0.122199975
v -0.137799889 0.889299989 -0.109799974
v 0.0985000134 0.789699912 -0.138699979
v 0.129800007 0.797100008 -0.126899958
v 0.114599913 0.773599982 -0.125199974
v -0.111599982 0.875500083 -0.137999982
v -0.133699983 0.845700085 -0.133999974
v -0.137999982 0.869700074 -0.122199975
v 0.0937999114 0.764099956 -0.123799972
v 0.0985000134 0.789699912 -0.138699979
v 0.114599913 0.773599982 -0.125199974
v -0.11019998 0.852300107 -0.146199971
v -0.120100021 0.824099958 -0.13989988
v -0.133699983 0.845700085 -0.133999974
v 0.0692999884 0.761999965 -0.123399876
v 0.0810999125 0.78670001 -0.140699983
v 0.0937999114 0.764099956 -0.123799972
v -0.106299989 0.834499955 -0.148399979
v -0.100599997 0.812699914 -0.141499966
v -0.120100021 0.824099958 -0.13989988
v 0.0397000313 0.766900003 -0.12099997
v 0.0580999777 0.78459996 -0.140099972
v 0.0692999884 0.761999965 -0.123399876
v -0.0911999866 0.829200089 -0.151599973
v -0.0796999931 0.805400014 -0.141199976
v -0.100599997 0.812699914 -0.141499966
v 0.0153999887 0.777999997 -0.115599968
v 0.0325999781 0.787499964 -0.136599958
v 0.0397000313 0.766900003 -0.12099997
v -0.0796999931 0.805400014 -0.141199976
v -0.0500999615 0.814400077 -0.147699982
v -0.0558000207 0.798300087 -0.135399967
v -0.0070999898 0.792699993 -0.120799966
v 0.0108000003 0.794000089 -0.130399972
v 0.0153999887 0.777999997 -0.115599968
v -0.0558000207 0.798300087 -0.135399967
v -0.0263999701 0.810599864 -0.138899982
v -0.0299000144 0.79369998 -0.123299979
v -0.00309997983 0.878800094 -0.146499991
v -0.0163999796 0.864799976 -0.153899968
v -0.0151000023 0.883599997 -0.151799977
v -0.0151000023 0.883599997 -0.151799977
v -0.0026000198 0.896399975 -0.142699987
v -0.00309997983 0.878800094 -0.146499991
v -0.0026000198 0.896399975 -0.142699987
v 0.00919996947 0.907600105 -0.140899986
v 0.00859998912 0.891100109 -0.146399885
v 0.067099981 0.9023 -0.140599877
v 0.0390999913 0.880999863 -0.153599888
v 0.0364999697 0.898500085 -0.147299975
v 0.101299912 0.898300111 -0.125699967
v 0.0720000193 0.885100007 -0.146999985
v 0.067099981 0.9023 -0.140599877
v -0.0544000193 0.912400007 -0.142799884
v -0.0796999931 0.908899963 -0.138799965
v -0.0799000189 0.919499993 -0.131699979
v -0.0799000189 0.919499993 -0.131699979
v -0.110400021 0.9102 -0.119899966
v -0.110000007 0.919700086 -0.111399971
v -0.00349999033 0.919099987 -0.135199964
v -0.0181999803 0.914499998 -0.140699983
v -0.0188999772 0.921500087 -0.136499971
v -0.0340999886 0.917600095 -0.140199959
v -0.0188999772 0.921500087 -0.136499971
v -0.0181999803 0.914499998 -0.140699983
v -0.0544000193 0.912400007 -0.142799884
v -0.0340999886 0.917600095 -0.140199959
v -0.0335000157 0.905500114 -0.147199988
v 0.067099981 0.9023 -0.140599877
v 0.0367000103 0.912299991 -0.140899986
v 0.064899981 0.914800107 -0.134899884
v -0.0540999696 0.92200011 -0.136099964
v -0.034600012 0.923400104 -0.136199981
v -0.0340999886 0.917600095 -0.140199959
v 0.0760999918 0.838400006 -0.153399974
v 0.0424000025 0.858800113 -0.157199979
v 0.0749999806 0.862100005 -0.151499987
v 0.0749999806 0.862100005 -0.151499987
v 0.0390999913 0.880999863 -0.153599888
v 0.0720000193 0.885100007 -0.146999985
v 0.0749999806 0.862100005 -0.151499987
v 0.105999917 0.880800009 -0.130799979
v 0.108799905 0.859099984 -0.137099981
v 0.108799905 0.859099984 -0.137099981
v 0.0760999918 0.838400006 -0.153399974
v 0.0749999806 0.862100005 -0.151499987
v -0.111199968 0.896000087 -0.127999961
v -0.0796999931 0.908899963 -0.138799965
v -0.0803999752 0.893999994 -0.146099985
v -0.0803999752 0.893999994 -0.146099985
v -0.0544000193 0.899999976 -0.149599969
v -0.0557000004 0.883200109 -0.155399889
v -0.0557000004 0.883200109 -0.155399889
v -0.0824000239 0.872900009 -0.151899993
v -0.0803999752 0.893999994 -0.146099985
v -0.0803999752 0.893999994 -0.146099985
v -0.111599982 0.875500083 -0.137999982
v -0.111199968 0.896000087 -0.127999961
v 0.0763000175 0.812900007 -0.150599986
v 0.0465999767 0.834999859 -0.157099992
v 0.0760999918 0.838400006 -0.153399974
v 0.0763000175 0.812900007 -0.150599986
v 0.10710001 0.835100055 -0.141499966
v 0.102599904 0.809700012 -0.142799884
v 0.102599904 0.809700012 -0.142799884
v 0.0810999125 0.78670001 -0.140699983
v 0.0763000175 0.812900007 -0.150599986
v 0.0763000175 0.812900007 -0.150599986
v 0.0580999777 0.78459996 -0.140099972
v 0.0505999923 0.810199976 -0.151599973
v -0.086300008 0.850200057 -0.154699981
v -0.106299989 0.834499955 -0.148399979
v -0.11019998 0.852300107 -0.146199971
v -0.11019998 0.852300107 -0.146199971
v -0.0824000239 0.872900009 -0.151899993
v -0.086300008 0.850200057 -0.154699981
v -0.086300008 0.850200057 -0.154699981
v -0.0590999685 0.863099992 -0.158999979
v -0.0651999712 0.842899859 -0.157799989
v -0.0651999712 0.842899859 -0.157799989
v -0.0911999866 0.829200089 -0.151599973
v -0.086300008 0.850200057 -0.154699981
v 0.00809996948 0.813600004 -0.141899973
v 0.022700008 0.831499994 -0.154499978
v 0.0267999694 0.810500085 -0.148299992
v 0.0267999694 0.810500085 -0.148299992
v 0.0465999767 0.834999859 -0.157099992
v 0.0505999923 0.810199976 -0.151599973
v 0.0505999923 0.810199976 -0.151599973
v 0.0325999781 0.787499964 -0.136599958
v 0.0267999694 0.810500085 -0.148299992
v 0.0267999694 0.810500085 -0.148299992
v 0.0108000003 0.794000089 -0.130399972
v 0.00809996948 0.813600004 -0.141899973
v -0.0436000228 0.834400058 -0.155499965
v -0.0723000094 0.822399974 -0.152399987
v -0.0651999712 0.842899859 -0.157799989
v -0.0651999712 0.842899859 -0.157799989
v -0.03769999 0.852800012 -0.159399986
v -0.0436000228 0.834400058 -0.155499965
v -0.0436000228 0.834400058 -0.155499965
v -0.0188999772 0.845300078 -0.152199984
v -0.0228999853 0.828700006 -0.147699982
v -0.0228999853 0.828700006 -0.147699982
v -0.0500999615 0.814400077 -0.147699982
v -0.0436000228 0.834400058 -0.155499965
v -0.0170000196 0.899999976 -0.147499889
v -0.0328999758 0.891600013 -0.153499991
v -0.0335000157 0.905500114 -0.147199988
v -0.0335000157 0.905500114 -0.147199988
v -0.0544000193 0.899999976 -0.149599969
v -0.0544000193 0.912400007 -0.142799884
v -0.0557000004 0.883200109 -0.155399889
v -0.0328999758 0.891600013 -0.153499991
v -0.0344999991 0.872799993 -0.157499969
v -0.0344999991 0.872799993 -0.157499969
v -0.0151000023 0.883599997 -0.151799977
v -0.0163999796 0.864799976 -0.153899968
v -0.0163999796 0.864799976 -0.153899968
v -0.03769999 0.852800012 -0.159399986
v -0.0344999991 0.872799993 -0.157499969
v -0.0344999991 0.872799993 -0.157499969
v -0.0590999685 0.863099992 -0.158999979
v -0.0557000004 0.883200109 -0.155399889
v 0.0153999887 0.777999997 -0.115599968
v -0.00620002113 0.779699862 -0.101499878
v -0.0070999898 0.792699993 -0.120799966
v -0.0070999898 0.792699993 -0.120799966
v -0.0209000111 0.784799993 -0.102699973
v -0.0299000144 0.79369998 -0.123299979
v 0.0188000202 0.682700098 -0.0305999741
v 0.0126000009 0.721300006 -0.0400998667
v 0.0249999687 0.720399976 -0.0541999713
v 0.0249999687 0.720399976 -0.0541999713
v 0.0135999881 0.743800104 -0.0551999733
v 0.0229999982 0.745599985 -0.0735999718
v 0.0229999982 0.745599985 -0.0735999718
v 0.0397000313 0.718800008 -0.0627999678
v 0.0249999687 0.720399976 -0.0541999713
v 0.0249999687 0.720399976 -0.0541999713
v 0.0378000103 0.674699962 -0.0403999761
v 0.0188000202 0.682700098 -0.0305999741
v -0.0555000305 0.747900009 -0.0984999761
v -0.03769999 0.767099977 -0.0951999649
v -0.0414999723 0.746600091 -0.0891999677
v -0.0414999723 0.746600091 -0.0891999677
v -0.0261999965 0.761999965 -0.0826999769
v -0.0292000175 0.743800104 -0.0794999674
v -0.0292000175 0.743800104 -0.0794999674
v -0.0416999981 0.708700061 -0.0895998701
v -0.0414999723 0.746600091 -0.0891999677
v -0.0416999981 0.708700061 -0.0895998701
v -0.0555000305 0.747900009 -0.0984999761
v -0.0414999723 0.746600091 -0.0891999677
v -0.00330002047 0.694300056 0.00100002438
v -0.00230002962 0.728799999 0.00460002571
v 0.00249999017 0.72420001 -0.0198999718
v 0.00249999017 0.72420001 -0.0198999718
v 0.00109999999 0.745499969 -0.00879997015
v 0.00529997982 0.743900001 -0.0326999649
v 0.00529997982 0.743900001 -0.0326999649
v 0.0126000009 0.721300006 -0.0400998667
v 0.00249999017 0.72420001 -0.0198999718
v 0.00249999017 0.72420001 -0.0198999718
v 0.00609998964 0.688399911 -0.0188998654
v -0.00330002047 0.694300056 0.00100002438
v -0.0292000175 0.743800104 -0.0794999674
v -0.0159000158 0.756500006 -0.0617999658
v -0.0188000202 0.739300013 -0.0614999756
v -0.0188000202 0.739300013 -0.0614999756
v -0.0106999902 0.753300071 -0.041099973
v -0.0127000306 0.734999955 -0.0385999754
v -0.0127000306 0.734999955 -0.0385999754
v -0.0195999742 0.706499994 -0.0577999726
v -0.0188000202 0.739300013 -0.0614999756
v -0.0188000202 0.739300013 -0.0614999756
v -0.0289999843 0.710100055 -0.0768999681
v -0.0292000175 0.743800104 -0.0794999674
v 0.0225999914 0.639700055 -0.0126999766
v 0.00929998979 0.592800021 0.0296000913
v 0.00880002975 0.648500085 0.00230012089
v 0.00880002975 0.648500085 0.00230012089
v 0.0188000202 0.682700098 -0.0305999741
v 0.0225999914 0.639700055 -0.0126999766
v 0.0225999914 0.639700055 -0.0126999766
v 0.0378000103 0.674699962 -0.0403999761
v 0.040700011 0.628400028 -0.0220998898
v 0.040700011 0.628400028 -0.0220998898
v 0.0228000209 0.584800005 0.0140000582
v 0.0225999914 0.639700055 -0.0126999766
v -0.0429000184 0.66110009 -0.0871999785
v -0.0566999912 0.705000103 -0.0985999778
v -0.0416999981 0.708700061 -0.0895998701
v -0.0416999981 0.708700061 -0.0895998701
v -0.0278000236 0.662499964 -0.0703999773
v -0.0429000184 0.66110009 -0.0871999785
v -0.0278000236 0.662499964 -0.0703999773
v -0.0418999717 0.59860009 -0.0783999935
v -0.0429000184 0.66110009 -0.0871999785
v -0.0418999717 0.59860009 -0.0783999935
v -0.0595999919 0.656900108 -0.0975999758
v -0.0429000184 0.66110009 -0.0871999785
v 0.0257999897 0.481299996 0.0577000342
v 0.00859998912 0.545799971 0.0548000373
v 0.0228000209 0.540500104 0.0391000435
v 0.0228000209 0.540500104 0.0391000435
v 0.00929998979 0.592800021 0.0296000913
v 0.0228000209 0.584800005 0.0140000582
v 0.0228000209 0.540500104 0.0391000435
v 0.0390999913 0.575600088 0.00460001826
v 0.0389000103 0.535400093 0.0292000771
v 0.0389000103 0.535400093 0.0292000771
v 0.0257999897 0.481299996 0.0577000342
v 0.0228000209 0.540500104 0.0391000435
v -0.0617999993 0.549199998 -0.0789999887
v -0.0418999717 0.59860009 -0.0783999935
v -0.0440000221 0.547599912 -0.0691999868
v -0.0440000221 0.547599912 -0.0691999868
v -0.0267000198 0.597599983 -0.0617999807
v -0.0279999971 0.544000089 -0.0537999794
v -0.0279999971 0.544000089 -0.0537999794
v -0.051599972 0.481500089 -0.072499983
v -0.0440000221 0.547599912 -0.0691999868
v -0.0440000221 0.547599912 -0.0691999868
v -0.0690000057 0.484600008 -0.0795998797
v -0.0617999993 0.549199998 -0.0789999887
v 0.00219999999 0.550500095 0.0745000839
v 0.0077999793 0.498900115 0.115000002
v 0.00279998034 0.55580008 0.093100071
v 0.00219999999 0.550500095 0.0745000839
v 0.00139999017 0.603999972 0.0731000304
v 0.00160001963 0.599300086 0.0508000925
v 0.00160001963 0.599300086 0.0508000925
v 0.00859998912 0.545799971 0.0548000373
v 0.00219999999 0.550500095 0.0745000839
v 0.00859998912 0.545799971 0.0548000373
v 0.00209998898 0.487200022 0.0895000622
v 0.00219999999 0.550500095 0.0745000839
v -0.0279999971 0.544000089 -0.0537999794
v -0.0181000233 0.592899919 -0.0409999862
v -0.0202000141 0.538299918 -0.034999989
v -0.0202000141 0.538299918 -0.034999989
v -0.0160999894 0.588100076 -0.021499984
v -0.0194000006 0.535000026 -0.0182999894
v -0.0194000006 0.535000026 -0.0182999894
v -0.0267999768 0.47360009 -0.0434999838
v -0.0202000141 0.538299918 -0.034999989
v -0.0202000141 0.538299918 -0.034999989
v -0.0361000225 0.477299988 -0.0607999936
v -0.0279999971 0.544000089 -0.0537999794
v 0.02810001 0.448300004 0.0481000543
v 0.00690000877 0.415799975 0.0551000796
v 0.0134000108 0.451300085 0.0668000579
v 0.0134000108 0.451300085 0.0668000579
v 0.0257999897 0.481299996 0.0577000342
v 0.02810001 0.448300004 0.0481000543
v 0.02810001 0.448300004 0.0481000543
v 0.0425999686 0.479099989 0.0492000543
v 0.0436000228 0.442000091 0.0394000337
v 0.0436000228 0.442000091 0.0394000337
v 0.0192000195 0.4126001 0.0374000669
v 0.02810001 0.448300004 0.0481000543
v -0.0561000109 0.437399983 -0.0856998935
v -0.0690000057 0.484600008 -0.0795998797
v -0.051599972 0.481500089 -0.072499983
v -0.051599972 0.481500089 -0.072499983
v -0.0418999717 0.4375 -0.0684999898
v -0.0561000109 0.437399983 -0.0856998935
v -0.0561000109 0.437399983 -0.0856998935
v -0.0393000208 0.396300018 -0.0759998932
v -0.0519000217 0.396700084 -0.0919999853
v -0.0519000217 0.396700084 -0.0919999853
v -0.0717999935 0.436100006 -0.0943999812
v -0.0561000109 0.437399983 -0.0856998935
v 0.00480001979 0.452400029 0.0915000439
v 0.00319998898 0.417400002 0.101000063
v 0.0112000108 0.456200004 0.118300006
v 0.0112000108 0.456200004 0.118300006
v 0.00209998898 0.487200022 0.0895000622
v 0.00480001979 0.452400029 0.0915000439
v 0.00480001979 0.452400029 0.0915000439
v 0.01069998 0.482200086 0.0705000758
v 0.0134000108 0.451300085 0.0668000579
v 0.0134000108 0.451300085 0.0668000579
v 0.000599980354 0.417200029 0.0776000619
v 0.00480001979 0.452400029 0.0915000439
v -0.0339000225 0.436399996 -0.0512999818
v -0.0361000225 0.477299988 -0.0607999936
v -0.0267999768 0.47360009 -0.0434999838
v -0.0267999768 0.47360009 -0.0434999838
v -0.0347999893 0.434000015 -0.0290999934
v -0.0339000225 0.436399996 -0.0512999818
v -0.0339000225 0.436399996 -0.0512999818
v -0.0329999924 0.394400001 -0.035999991
v -0.0321999788 0.395699978 -0.0556999817
v -0.0321999788 0.395699978 -0.0556999817
v -0.0418999717 0.4375 -0.0684999898
v -0.0339000225 0.436399996 -0.0512999818
v -0.00540000945 0.351199985 0.0405000374
v -0.00320000015 0.386399984 0.0531000383
v 0.00749998912 0.384199977 0.0365000293
v 0.00749998912 0.384199977 0.0365000293
v 0.00690000877 0.415799975 0.0551000796
v 0.0192000195 0.4126001 0.0374000669
v 0.0192000195 0.4126001 0.0374000669
v 0.0217999779 0.380900085 0.0227000639
v 0.00749998912 0.384199977 0.0365000293
v 0.00749998912 0.384199977 0.0365000293
v 0.00590001978 0.344399989 0.0258000344
v -0.00540000945 0.351199985 0.0405000374
v -0.0598000214 0.365499914 -0.105399989
v -0.0519000217 0.396700084 -0.0919999853
v -0.04509997 0.365499914 -0.092399992
v -0.04509997 0.365499914 -0.092399992
v -0.0393000208 0.396300018 -0.0759998932
v -0.0332000256 0.36500001 -0.0755999908
v -0.0332000256 0.36500001 -0.0755999908
v -0.0375000201 0.328000009 -0.0874998793
v -0.04509997 0.365499914 -0.092399992
v -0.04509997 0.365499914 -0.092399992
v -0.0523999929 0.325000018 -0.102299981
v -0.0598000214 0.365499914 -0.105399989
v -0.0159999728 0.354499996 0.0762000605
v -0.00569999963 0.38499999 0.0899000689
v -0.00779999048 0.386399984 0.0730000734
v -0.00569999963 0.38499999 0.0899000689
v 0.000599980354 0.417200029 0.0776000619
v -0.00779999048 0.386399984 0.0730000734
v -0.00779999048 0.386399984 0.0730000734
v 0.00690000877 0.415799975 0.0551000796
v -0.00320000015 0.386399984 0.0531000383
v -0.00779999048 0.386399984 0.0730000734
v -0.0136000002 0.355199993 0.0573000312
v -0.0159999728 0.354499996 0.0762000605
v -0.0332000256 0.36500001 -0.0755999908
v -0.0321999788 0.395699978 -0.0556999817
v -0.0275999904 0.363700002 -0.0565998927
v -0.0321999788 0.395699978 -0.0556999817
v -0.0289000273 0.362100005 -0.0402999893
v -0.0275999904 0.363700002 -0.0565998927
v -0.0289000273 0.362100005 -0.0402999893
v -0.0238000154 0.327300012 -0.0531999841
v -0.0275999904 0.363700002 -0.0565998927
v -0.0275999904 0.363700002 -0.0565998927
v -0.0271999836 0.329200029 -0.0702999905
v -0.0332000256 0.36500001 -0.0755999908
v -0.038500011 0.116100028 0.0632000417
v -0.0403000116 0.0966000184 0.0844000354
v -0.0364000089 0.118300043 0.082800068
v -0.0364000089 0.118300043 0.082800068
v -0.0342999622 0.150500014 0.0609000176
v -0.038500011 0.116100028 0.0632000417
v -0.038500011 0.116100028 0.0632000417
v -0.0303000212 0.147700027 0.0435000509
v -0.0339000225 0.113800012 0.0444000214
v -0.0339000225 0.113800012 0.0444000214
v -0.0418999717 0.094300054 0.0639000386
v -0.038500011 0.116100028 0.0632000417
v -0.0421999618 0.102000028 -0.0783000067
v -0.0349000022 0.140599981 -0.0628999993
v -0.0321000218 0.103800029 -0.0578000024
v -0.0321000218 0.103800029 -0.0578000024
v -0.0321999788 0.142300025 -0.0446000025
v -0.0296999812 0.105800055 -0.0367000028
v -0.0296999812 0.105800055 -0.0367000028
v -0.0291000009 0.0805000365 -0.0553000048
v -0.0321000218 0.103800029 -0.0578000024
v -0.0321000218 0.103800029 -0.0578000024
v -0.0397999808 0.079000026 -0.0780000016
v -0.0421999618 0.102000028 -0.0783000067
v -0.0317000151 0.119499996 0.0962000266
v -0.0297999978 0.101200007 0.109499969
v -0.0267000198 0.120100036 0.105600037
v -0.0317000151 0.119499996 0.0962000266
v -0.0253999829 0.153699994 0.100500025
v -0.0296999812 0.153800026 0.091500029
v -0.0296999812 0.153800026 0.091500029
v -0.0364000089 0.118300043 0.082800068
v -0.0317000151 0.119499996 0.0962000266
v -0.0364000089 0.118300043 0.082800068
v -0.0354999825 0.0991000086 0.0993000045
v -0.0317000151 0.119499996 0.0962000266
v -0.0296999812 0.105800055 -0.0367000028
v -0.033100009 0.143199995 -0.0309999958
v -0.0314999819 0.107100032 -0.0224998966
v -0.0314999819 0.107100032 -0.0224998966
v -0.0353999697 0.143100038 -0.022800006
v -0.034200009 0.107200056 -0.0131999999
v -0.034200009 0.107200056 -0.0131999999
v -0.0274000168 0.085900031 -0.0188998953
v -0.0314999819 0.107100032 -0.0224998966
v -0.0314999819 0.107100032 -0.0224998966
v -0.0260000229 0.0839000046 -0.0334000066
v -0.0296999812 0.105800055 -0.0367000028
v 0.00309997052 0.762899995 -0.0424999669
v 0.0108000003 0.758099914 -0.0646999702
v 0.00559997 0.756800056 -0.0403999761
v 0.00559997 0.756800056 -0.0403999761
v 0.0135999881 0.743800104 -0.0551999733
v 0.00529997982 0.743900001 -0.0326999649
v 0.00529997982 0.743900001 -0.0326999649
v 0.00349997915 0.757600009 -0.0171999708
v 0.00559997 0.756800056 -0.0403999761
v 0.00559997 0.756800056 -0.0403999761
v 0.00109999999 0.763100088 -0.0184998736
v 0.00309997052 0.762899995 -0.0424999669
v -0.0123000201 0.766499996 -0.0600999668
v -0.0106999902 0.753300071 -0.041099973
v -0.0159000158 0.756500006 -0.0617999658
v -0.0159000158 0.756500006 -0.0617999658
v -0.0189999938 0.772099972 -0.0804999694
v -0.0123000201 0.766499996 -0.0600999668
v -0.0123000201 0.766499996 -0.0600999668
v -0.0141999722 0.775900006 -0.0794999674
v -0.00950003043 0.770599961 -0.0564999655
v -0.00950003043 0.770599961 -0.0564999655
v -0.00910001993 0.762899995 -0.0385999754
v -0.0123000201 0.766499996 -0.0600999668
v 0.00970000029 0.773400009 -0.0963999704
v 0.0282000303 0.761299968 -0.100899972
v 0.0178999901 0.761799991 -0.0872999653
v 0.0178999901 0.761799991 -0.0872999653
v 0.03549999 0.743700087 -0.0843999758
v 0.0229999982 0.745599985 -0.0735999718
v 0.0229999982 0.745599985 -0.0735999718
v 0.0108000003 0.758099914 -0.0646999702
v 0.0178999901 0.761799991 -0.0872999653
v 0.0178999901 0.761799991 -0.0872999653
v 0.00629996881 0.765799999 -0.0692999735
v 0.00970000029 0.773400009 -0.0963999704
v -0.0292000175 0.778900087 -0.0989998654
v -0.0261999965 0.761999965 -0.0826999769
v -0.03769999 0.767099977 -0.0951999649
v -0.03769999 0.767099977 -0.0951999649
v -0.0432000086 0.783300102 -0.112999864
v -0.0292000175 0.778900087 -0.0989998654
v -0.0432000086 0.783300102 -0.112999864
v -0.0209000111 0.784799993 -0.102699973
v -0.0292000175 0.778900087 -0.0989998654
v -0.0292000175 0.778900087 -0.0989998654
v -0.0141999722 0.775900006 -0.0794999674
v -0.0189999938 0.772099972 -0.0804999694
v -0.0026000198 0.774600089 -0.0774999782
v 0.00970000029 0.773400009 -0.0963999704
v 0.00629996881 0.765799999 -0.0692999735
v 0.00629996881 0.765799999 -0.0692999735
v -0.00160003081 0.768900096 -0.051599972
v -0.0026000198 0.774600089 -0.0774999782
v -0.0026000198 0.774600089 -0.0774999782
v -0.00950003043 0.770599961 -0.0564999655
v -0.0141999722 0.775900006 -0.0794999674
v -0.00620002113 0.779699862 -0.101499878
v -0.0141999722 0.775900006 -0.0794999674
v -0.0209000111 0.784799993 -0.102699973
v -0.000100020319 0.769999981 -0.0341999754
v 0.00309997052 0.762899995 -0.0424999669
v 0.00109999999 0.763100088 -0.0184998736
v 0.00709998049 0.774100006 0.0189000517
v -0.00290000997 0.771900058 0.0368001014
v -0.00169998966 0.760599971 0.0197000578
v -0.0156999826 0.777799964 0.020800069
v -0.00690001994 0.789200008 0.0384000689
v -0.0264999866 0.787999988 0.0377000719
v -0.00160003081 0.768900096 -0.051599972
v -0.00840003043 0.767700076 -0.0354999676
v -0.00950003043 0.770599961 -0.0564999655
v 0.00849997997 0.156300023 0.115699984
v 0.0300999805 0.198700011 0.110100009
v 0.0134999715 0.203299999 0.114400007
v 0.0134999715 0.203299999 0.114400007
v 0.0400000215 0.24699989 0.112900004
v 0.0217999779 0.252600014 0.115999982
v 0.0217999779 0.252600014 0.115999982
v -0.000800020993 0.2051 0.113599993
v 0.0134999715 0.203299999 0.114400007
v 0.0134999715 0.203299999 0.114400007
v -0.00349999033 0.156900004 0.115900017
v 0.00849997997 0.156300023 0.115699984
v -0.0601999685 0.190800026 -0.00779999793
v -0.0493000075 0.23740001 -0.0129999965
v -0.0628999993 0.237700015 -0.00759999454
v -0.0628999993 0.237700015 -0.00759999454
v -0.0759000108 0.189800024 -0.00569999963
v -0.0601999685 0.190800026 -0.00779999793
v -0.0601999685 0.190800026 -0.00779999793
v -0.0699999928 0.146900013 -0.00290000439
v -0.0555999801 0.14760001 -0.00410000235
v -0.0555999801 0.14760001 -0.00410000235
v -0.0489000008 0.190100029 -0.0126000047
v -0.0601999685 0.190800026 -0.00779999793
v 0.0217999779 0.252600014 0.115999982
v 0.0486999676 0.292999893 0.116900012
v 0.02859997 0.299199998 0.119800016
v 0.02859997 0.299199998 0.119800016
v 0.0579999611 0.337000012 0.119599976
v 0.0342999585 0.343899906 0.123400018
v 0.0342999585 0.343899906 0.123400018
v 0.0132999979 0.301400006 0.117499992
v 0.02859997 0.299199998 0.119800016
v 0.02859997 0.299199998 0.119800016
v 0.00669996999 0.256199896 0.114800021
v 0.0217999779 0.252600014 0.115999982
v -0.0669000149 0.283199996 -0.00449989736
v -0.0536000095 0.325399995 -0.00919989496
v -0.0718999952 0.326699913 -0.00169999152
v -0.0718999952 0.326699913 -0.00169999152
v -0.0892000124 0.283100009 -0.00269989669
v -0.0669000149 0.283199996 -0.00449989736
v -0.0669000149 0.283199996 -0.00449989736
v -0.0820999742 0.237000003 -0.00539999455
v -0.0628999993 0.237700015 -0.00759999454
v -0.0628999993 0.237700015 -0.00759999454
v -0.0500999615 0.282199919 -0.0110999942
v -0.0669000149 0.283199996 -0.00449989736
v 0.0357000194 0.150200024 0.09390001
v 0.0529000089 0.189300001 0.0721000284
v 0.0457000062 0.19340004 0.0960000604
v 0.0457000062 0.19340004 0.0960000604
v 0.0683000013 0.236199901 0.0738000125
v 0.0587000176 0.240199894 0.0990000218
v 0.0587000176 0.240199894 0.0990000218
v 0.0300999805 0.198700011 0.110100009
v 0.0457000062 0.19340004 0.0960000604
v 0.0457000062 0.19340004 0.0960000604
v 0.0234000012 0.153800026 0.109499969
v 0.0357000194 0.150200024 0.09390001
v -0.0946999714 0.187399998 -0.0121999979
v -0.0820999742 0.237000003 -0.00539999455
v -0.103600018 0.236100003 -0.0128999949
v -0.103600018 0.236100003 -0.0128999949
v -0.11080002 0.185300007 -0.0336999968
v -0.0946999714 0.187399998 -0.0121999979
v -0.11080002 0.185300007 -0.0336999968
v -0.0878999829 0.144500032 -0.0108999982
v -0.0946999714 0.187399998 -0.0121999979
v -0.0878999829 0.144500032 -0.0108999982
v -0.0759000108 0.189800024 -0.00569999963
v -0.0946999714 0.187399998 -0.0121999979
v 0.0587000176 0.240199894 0.0990000218
v 0.0831999108 0.283100009 0.0736000463
v 0.0716999695 0.285600007 0.101100013
v 0.0831999108 0.283100009 0.0736000463
v 0.0850999132 0.329599917 0.0994000286
v 0.0716999695 0.285600007 0.101100013
v 0.0850999132 0.329599917 0.0994000286
v 0.0486999676 0.292999893 0.116900012
v 0.0716999695 0.285600007 0.101100013
v 0.0716999695 0.285600007 0.101100013
v 0.0400000215 0.24699989 0.112900004
v 0.0587000176 0.240199894 0.0990000218
v -0.115000002 0.282700002 -0.0137999952
v -0.0975999832 0.327199996 -0.00199989229
v -0.126199991 0.328299999 -0.0175999925
v -0.126199991 0.328299999 -0.0175999925
v -0.131799996 0.282999992 -0.0408999994
v -0.115000002 0.282700002 -0.0137999952
v -0.115000002 0.282700002 -0.0137999952
v -0.1193 0.234500006 -0.0360000059
v -0.103600018 0.236100003 -0.0128999949
v -0.103600018 0.236100003 -0.0128999949
v -0.0892000124 0.283100009 -0.00269989669
v -0.115000002 0.282700002 -0.0137999952
v 0.0317000113 0.145400003 0.0509000272
v 0.0274000093 0.189600006 0.0316000357
v 0.0449000001 0.188400045 0.0474000424
v 0.0449000001 0.188400045 0.0474000424
v 0.0442000031 0.238900006 0.0269000456
v 0.0615999699 0.2368 0.0454000719
v 0.0615999699 0.2368 0.0454000719
v 0.0529000089 0.189300001 0.0721000284
v 0.0449000001 0.188400045 0.0474000424
v 0.0449000001 0.188400045 0.0474000424
v 0.0396000072 0.1461 0.0718000382
v 0.0317000113 0.145400003 0.0509000272
v -0.111500017 0.184499994 -0.0619998947
v -0.1193 0.234500006 -0.0360000059
v -0.120199971 0.235200018 -0.066399999
v -0.120199971 0.235200018 -0.066399999
v -0.101999991 0.184800044 -0.0819999948
v -0.111500017 0.184499994 -0.0619998947
v -0.111500017 0.184499994 -0.0619998947
v -0.0938000008 0.139300004 -0.0768999979
v -0.103699982 0.13910003 -0.0581999943
v -0.103699982 0.13910003 -0.0581999943
v -0.11080002 0.185300007 -0.0336999968
v -0.111500017 0.184499994 -0.0619998947
v 0.0615999699 0.2368 0.0454000719
v 0.0591999814 0.289999902 0.0215000361
v 0.0768999085 0.286799997 0.0411000773
v 0.0768999085 0.286799997 0.0411000773
v 0.0712000132 0.336699903 0.0193000361
v 0.0883999094 0.335299909 0.037500076
v 0.0768999085 0.286799997 0.0411000773
v 0.0964999124 0.330900013 0.069200024
v 0.0831999108 0.283100009 0.0736000463
v 0.0831999108 0.283100009 0.0736000463
v 0.0615999699 0.2368 0.0454000719
v 0.0768999085 0.286799997 0.0411000773
v -0.131799996 0.285799921 -0.074800007
v -0.14229998 0.331799895 -0.0462999865
v -0.140099987 0.334700018 -0.0808999911
v -0.140099987 0.334700018 -0.0808999911
v -0.119400017 0.28730002 -0.0967999026
v -0.131799996 0.285799921 -0.074800007
v -0.131799996 0.285799921 -0.074800007
v -0.109799981 0.236100003 -0.0883999988
v -0.120199971 0.235200018 -0.066399999
v -0.120199971 0.235200018 -0.066399999
v -0.131799996 0.282999992 -0.0408999994
v -0.131799996 0.285799921 -0.074800007
v 0.00109999999 0.145500019 0.0296000689
v -0.00770002976 0.193499982 0.0270000473
v 0.00730000995 0.192300022 0.0252000466
v 0.00730000995 0.192300022 0.0252000466
v 0.00309997052 0.245399997 0.024400048
v 0.0209000111 0.241999909 0.0218000337
v 0.0209000111 0.241999909 0.0218000337
v 0.0274000093 0.189600006 0.0316000357
v 0.00730000995 0.192300022 0.0252000466
v 0.00730000995 0.192300022 0.0252000466
v 0.0161999986 0.144999996 0.0357000679
v 0.00109999999 0.145500019 0.0296000689
v -0.101999991 0.184800044 -0.0819999948
v -0.0916000009 0.235100001 -0.0984000042
v -0.0874000117 0.184800044 -0.0923000053
v -0.0874000117 0.184800044 -0.0923000053
v -0.0749000311 0.233800009 -0.101000004
v -0.0741000101 0.184200004 -0.0957000032
v -0.0741000101 0.184200004 -0.0957000032
v -0.0813000053 0.139100045 -0.0866999999
v -0.0874000117 0.184800044 -0.0923000053
v -0.0874000117 0.184800044 -0.0923000053
v -0.0938000008 0.139300004 -0.0768999979
v -0.101999991 0.184800044 -0.0819999948
v 0.0209000111 0.241999909 0.0218000337
v 0.0184999704 0.293500006 0.0177000687
v 0.0364999697 0.291399896 0.0158000439
v 0.0364999697 0.291399896 0.0158000439
v 0.035300009 0.337300003 0.0120000765
v 0.0513999984 0.336300015 0.0125000328
v 0.0513999984 0.336300015 0.0125000328
v 0.0591999814 0.289999902 0.0215000361
v 0.0364999697 0.291399896 0.0158000439
v 0.0364999697 0.291399896 0.0158000439
v 0.0442000031 0.238900006 0.0269000456
v 0.0209000111 0.241999909 0.0218000337
v -0.119400017 0.28730002 -0.0967999026
v -0.106700003 0.3294999 -0.111399986
v -0.0992000028 0.284500003 -0.106799997
v -0.0992000028 0.284500003 -0.106799997
v -0.0874999687 0.326300025 -0.11459998
v -0.0799000189 0.282000005 -0.108800001
v -0.0799000189 0.282000005 -0.108800001
v -0.0916000009 0.235100001 -0.0984000042
v -0.0992000028 0.284500003 -0.106799997
v -0.0992000028 0.284500003 -0.106799997
v -0.109799981 0.236100003 -0.0883999988
v -0.119400017 0.28730002 -0.0967999026
v 0.0209000111 0.339900017 0.0162000582
v 0.0184999704 0.293500006 0.0177000687
v 0.00489996932 0.296299994 0.0237000436
v 0.00489996932 0.296299994 0.0237000436
v 0.00309997052 0.245399997 0.024400048
v -0.00910001993 0.248099893 0.0309000462
v -0.00910001993 0.248099893 0.0309000462
v -0.00770002976 0.300000012 0.0341000482
v 0.00489996932 0.296299994 0.0237000436
v 0.00489996932 0.296299994 0.0237000436
v 0.00590001978 0.344399989 0.0258000344
v 0.0209000111 0.339900017 0.0162000582
v -0.0468000099 0.281499922 -0.0947000012
v -0.0595999919 0.233200014 -0.0976000056
v -0.0621999986 0.281300008 -0.104199998
v -0.0621999986 0.281300008 -0.104199998
v -0.0749000311 0.233800009 -0.101000004
v -0.0799000189 0.282000005 -0.108800001
v -0.0799000189 0.282000005 -0.108800001
v -0.0687999725 0.324699998 -0.111099981
v -0.0621999986 0.281300008 -0.104199998
v -0.0621999986 0.281300008 -0.104199998
v -0.0523999929 0.325000018 -0.102299981
v -0.0468000099 0.281499922 -0.0947000012
v -0.00910001993 0.248099893 0.0309000462
v -0.00770002976 0.193499982 0.0270000473
v -0.0182999969 0.194499969 0.0334000364
v -0.0182999969 0.194499969 0.0334000364
v -0.0109000299 0.145900026 0.0284000486
v -0.0210999846 0.145900026 0.0319000259
v -0.0182999969 0.194499969 0.0334000364
v -0.0303000212 0.147700027 0.0435000509
v -0.0257999897 0.196200013 0.0449000373
v -0.0257999897 0.196200013 0.0449000373
v -0.00910001993 0.248099893 0.0309000462
v -0.0182999969 0.194499969 0.0334000364
v -0.0471000001 0.182299986 -0.0841000006
v -0.0587000214 0.138500005 -0.0916999951
v -0.060500022 0.182299986 -0.0941000059
v -0.060500022 0.182299986 -0.0941000059
v -0.0709999651 0.138700038 -0.0901999995
v -0.0741000101 0.184200004 -0.0957000032
v -0.0741000101 0.184200004 -0.0957000032
v -0.0595999919 0.233200014 -0.0976000056
v -0.060500022 0.182299986 -0.0941000059
v -0.0595999919 0.233200014 -0.0976000056
v -0.0471000001 0.182299986 -0.0841000006
v -0.060500022 0.182299986 -0.0941000059
v -0.0307999849 0.20010002 0.0599000342
v -0.0332000256 0.153000012 0.0785000771
v -0.0317000151 0.203799963 0.075300023
v -0.0317000151 0.203799963 0.075300023
v -0.024699986 0.256099999 0.0565000623
v -0.0307999849 0.20010002 0.0599000342
v -0.0307999849 0.20010002 0.0599000342
v -0.0180000067 0.251299918 0.0418000743
v -0.0257999897 0.196200013 0.0449000373
v -0.0257999897 0.196200013 0.0449000373
v -0.0342999622 0.150500014 0.0609000176
v -0.0307999849 0.20010002 0.0599000342
v -0.0364999697 0.184600025 -0.0678000078
v -0.0454999804 0.233999908 -0.088000007
v -0.0339000225 0.236199915 -0.0722999945
v -0.0339000225 0.236199915 -0.0722999945
v -0.0317000151 0.187000051 -0.0517000034
v -0.0364999697 0.184600025 -0.0678000078
v -0.0317000151 0.187000051 -0.0517000034
v -0.0349000022 0.140599981 -0.0628999993
v -0.0364999697 0.184600025 -0.0678000078
v -0.0364999697 0.184600025 -0.0678000078
v -0.043900013 0.139000013 -0.0816000029
v -0.0471000001 0.182299986 -0.0841000006
v -0.0175999999 0.305500001 0.048200056
v -0.0279999971 0.259099901 0.0701000541
v -0.0231999755 0.308499992 0.0633000657
v -0.0175999999 0.305500001 0.048200056
v -0.0136000002 0.355199993 0.0573000312
v -0.00540000945 0.351199985 0.0405000374
v -0.0175999999 0.305500001 0.048200056
v 0.00590001978 0.344399989 0.0258000344
v -0.00770002976 0.300000012 0.0341000482
v -0.00770002976 0.300000012 0.0341000482
v -0.024699986 0.256099999 0.0565000623
v -0.0175999999 0.305500001 0.048200056
v -0.0468000099 0.281499922 -0.0947000012
v -0.0375000201 0.328000009 -0.0874998793
v -0.0332000256 0.283499897 -0.079900004
v -0.0332000256 0.283499897 -0.079900004
v -0.0271999836 0.329200029 -0.0702999905
v -0.0254999995 0.284200013 -0.0651000068
v -0.0254999995 0.284200013 -0.0651000068
v -0.0339000225 0.236199915 -0.0722999945
v -0.0332000256 0.283499897 -0.079900004
v -0.0332000256 0.283499897 -0.079900004
v -0.0454999804 0.233999908 -0.088000007
v -0.0468000099 0.281499922 -0.0947000012
v -0.0296999812 0.153800026 0.091500029
v -0.0253000259 0.202899992 0.0961000249
v -0.029399991 0.204000011 0.0875000209
v -0.029399991 0.204000011 0.0875000209
v -0.0234000087 0.256199896 0.0941000432
v -0.0271000266 0.258300006 0.0830000564
v -0.0271000266 0.258300006 0.0830000564
v -0.0317000151 0.203799963 0.075300023
v -0.029399991 0.204000011 0.0875000209
v -0.029399991 0.204000011 0.0875000209
v -0.0332000256 0.153000012 0.0785000771
v -0.0296999812 0.153800026 0.091500029
v -0.0317000151 0.187000051 -0.0517000034
v -0.0271999836 0.235700011 -0.0443998948
v -0.0321999788 0.186800018 -0.0390999988
v -0.0321999788 0.186800018 -0.0390999988
v -0.0296999812 0.233400017 -0.0352000073
v -0.0343999788 0.185700014 -0.0308999941
v -0.0343999788 0.185700014 -0.0308999941
v -0.033100009 0.143199995 -0.0309999958
v -0.0321999788 0.186800018 -0.0390999988
v -0.0321999788 0.186800018 -0.0390999988
v -0.0321999788 0.142300025 -0.0446000025
v -0.0317000151 0.187000051 -0.0517000034
v -0.0271000266 0.258300006 0.0830000564
v -0.0195999742 0.304199994 0.0933000371
v -0.0235000253 0.307099998 0.0794000551
v -0.0235000253 0.307099998 0.0794000551
v -0.0129000004 0.352100015 0.0906000659
v -0.0159999728 0.354499996 0.0762000605
v -0.0159999728 0.354499996 0.0762000605
v -0.0231999755 0.308499992 0.0633000657
v -0.0235000253 0.307099998 0.0794000551
v -0.0235000253 0.307099998 0.0794000551
v -0.0279999971 0.259099901 0.0701000541
v -0.0271000266 0.258300006 0.0830000564
v -0.0254999995 0.284200013 -0.0651000068
v -0.0238000154 0.327300012 -0.0531999841
v -0.0238999724 0.281899989 -0.0496999994
v -0.0238999724 0.281899989 -0.0496999994
v -0.0253000259 0.324400008 -0.0397999808
v -0.0254999995 0.279299915 -0.037899904
v -0.0254999995 0.279299915 -0.037899904
v -0.0271999836 0.235700011 -0.0443998948
v -0.0238999724 0.281899989 -0.0496999994
v -0.0238999724 0.281899989 -0.0496999994
v -0.0275999904 0.23740001 -0.0576998964
v -0.0254999995 0.284200013 -0.0651000068
v 0.00160001963 0.599300086 0.0508000925
v -0.00309997983 0.663299859 0.0491000526
v -0.000700000674 0.656200111 0.0239000395
v -0.0278000236 0.662499964 -0.0703999773
v -0.0195999742 0.706499994 -0.0577999726
v -0.0171999931 0.659799993 -0.0489999726
v -0.0124999899 0.655600011 -0.0249998644
v -0.0181000233 0.592899919 -0.0409999862
v -0.0171999931 0.659799993 -0.0489999726
v -0.00700003095 0.700299978 0.0270000696
v -0.000700000674 0.656200111 0.0239000395
v -0.00309997983 0.663299859 0.0491000526
v -0.000700000674 0.656200111 0.0239000395
v 0.00929998979 0.592800021 0.0296000913
v 0.00160001963 0.599300086 0.0508000925
v 0.0170000084 0.751900077 0.0646000504
v 0.00309997052 0.713199973 0.0703000575
v 0.0138000213 0.719199955 0.0859000757
v 0.0138000213 0.719199955 0.0859000757
v 0.037899971 0.761700094 0.0811000541
v 0.0170000084 0.751900077 0.0646000504
v 0.037899971 0.761700094 0.0811000541
v 0.0188000202 0.773000002 0.0473000482
v 0.0170000084 0.751900077 0.0646000504
v 0.0188000202 0.773000002 0.0473000482
v 0.00559997 0.74330008 0.0485000648
v 0.0170000084 0.751900077 0.0646000504
v -0.0231000185 0.762899995 0.0213000923
v -0.0487999916 0.739600062 0.0504000857
v -0.0252000093 0.734299958 0.0272000581
v -0.0252000093 0.734299958 0.0272000581
v -0.0497999713 0.695599914 0.0533000939
v -0.0284000039 0.693699956 0.0328000784
v -0.0252000093 0.734299958 0.0272000581
v -0.0194000006 0.692999959 0.0133000687
v -0.0164999962 0.731500089 0.00570002943
v -0.0164999962 0.731500089 0.00570002943
v -0.0231000185 0.762899995 0.0213000923
v -0.0252000093 0.734299958 0.0272000581
v 0.000899970531 0.669499993 0.0705000758
v 0.00139999017 0.603999972 0.0731000304
v 0.00620000996 0.608500004 0.0917000771
v 0.00620000996 0.608500004 0.0917000771
v 0.00859998912 0.674100101 0.0882000476
v 0.000899970531 0.669499993 0.0705000758
v 0.000899970531 0.669499993 0.0705000758
v 0.00309997052 0.713199973 0.0703000575
v -0.00400000997 0.706499994 0.0515000932
v -0.00400000997 0.706499994 0.0515000932
v -0.00309997983 0.663299859 0.0491000526
v 0.000899970531 0.669499993 0.0705000758
v -0.0141999722 0.650699973 -0.00429997593
v -0.0194000006 0.692999959 0.0133000687
v -0.0194000006 0.647899985 0.0132000521
v -0.0194000006 0.647899985 0.0132000521
v -0.0174000263 0.585900009 -0.00589998066
v -0.0141999722 0.650699973 -0.00429997593
v -0.0141999722 0.650699973 -0.00429997593
v -0.0160999894 0.588100076 -0.021499984
v -0.0124999899 0.655600011 -0.0249998644
v -0.0124999899 0.655600011 -0.0249998644
v -0.0149000296 0.695200086 -0.00769998133
v -0.0141999722 0.650699973 -0.00429997593
v 0.0194000006 0.676999986 0.103500068
v 0.0142999813 0.612200022 0.108700037
v 0.0249999687 0.614000022 0.122600012
v 0.0249999687 0.614000022 0.122600012
v 0.0393000171 0.676900089 0.120400012
v 0.0194000006 0.676999986 0.103500068
v 0.0194000006 0.676999986 0.103500068
v 0.0350999795 0.724799991 0.101600058
v 0.0138000213 0.719199955 0.0859000757
v 0.0138000213 0.719199955 0.0859000757
v 0.00859998912 0.674100101 0.0882000476
v 0.0194000006 0.676999986 0.103500068
v -0.0295000076 0.645699978 0.0315000489
v -0.0497999713 0.695599914 0.0533000939
v -0.0511999726 0.640999913 0.0518000796
v -0.0511999726 0.640999913 0.0518000796
v -0.0313000083 0.583000124 0.0261000395
v -0.0295000076 0.645699978 0.0315000489
v -0.0295000076 0.645699978 0.0315000489
v -0.0220999718 0.584500015 0.00880008936
v -0.0194000006 0.647899985 0.0132000521
v -0.0194000006 0.647899985 0.0132000521
v -0.0284000039 0.693699956 0.0328000784
v -0.0295000076 0.645699978 0.0315000489
v 0.0105000101 0.560500085 0.112699986
v 0.0077999793 0.498900115 0.115000002
v 0.0159000084 0.504100025 0.134299994
v 0.0159000084 0.504100025 0.134299994
v 0.0199999809 0.562300086 0.130200014
v 0.0105000101 0.560500085 0.112699986
v 0.0105000101 0.560500085 0.112699986
v 0.0142999813 0.612200022 0.108700037
v 0.00620000996 0.608500004 0.0917000771
v 0.00620000996 0.608500004 0.0917000771
v 0.00279998034 0.55580008 0.093100071
v 0.0105000101 0.560500085 0.112699986
v -0.0217999816 0.532999992 -0.00419998914
v -0.0220999718 0.584500015 0.00880008936
v -0.0292000175 0.531400084 0.0116000772
v -0.0292000175 0.531400084 0.0116000772
v -0.0333999991 0.47390002 -0.00159998983
v -0.0217999816 0.532999992 -0.00419998914
v -0.0217999816 0.532999992 -0.00419998914
v -0.0278000236 0.473100007 -0.0188998803
v -0.0194000006 0.535000026 -0.0182999894
v -0.0194000006 0.535000026 -0.0182999894
v -0.0174000263 0.585900009 -0.00589998066
v -0.0217999816 0.532999992 -0.00419998914
v 0.0303000212 0.56190002 0.141799986
v 0.0256999694 0.504999995 0.148000002
v 0.03549999 0.505900085 0.154200003
v 0.03549999 0.505900085 0.154200003
v 0.0461000204 0.558499992 0.149699986
v 0.0303000212 0.56190002 0.141799986
v 0.0303000212 0.56190002 0.141799986
v 0.0442000031 0.613300025 0.136099994
v 0.0249999687 0.614000022 0.122600012
v 0.0249999687 0.614000022 0.122600012
v 0.0199999809 0.562300086 0.130200014
v 0.0303000212 0.56190002 0.141799986
v -0.0389000103 0.527899981 0.0271000862
v -0.0500000119 0.580299973 0.0430000499
v -0.05620002 0.523000002 0.0393000841
v -0.05620002 0.523000002 0.0393000841
v -0.0536000095 0.470399976 0.0249000713
v -0.0389000103 0.527899981 0.0271000862
v -0.0389000103 0.527899981 0.0271000862
v -0.0421000123 0.47179997 0.0146000311
v -0.0292000175 0.531400084 0.0116000772
v -0.0292000175 0.531400084 0.0116000772
v -0.0313000083 0.583000124 0.0261000395
v -0.0389000103 0.527899981 0.0271000862
v 0.0112000108 0.456200004 0.118300006
v 0.0110999905 0.416200101 0.116800003
v 0.0194000006 0.457899988 0.136300012
v 0.0194000006 0.457899988 0.136300012
v 0.0181999803 0.414799988 0.125399992
v 0.0268999897 0.460000098 0.146799982
v 0.0268999897 0.460000098 0.146799982
v 0.0159000084 0.504100025 0.134299994
v 0.0194000006 0.457899988 0.136300012
v 0.0194000006 0.457899988 0.136300012
v 0.0077999793 0.498900115 0.115000002
v 0.0112000108 0.456200004 0.118300006
v -0.0429000184 0.430999994 -0.00869998336
v -0.0421000123 0.47179997 0.0146000311
v -0.051599972 0.429100096 0.00370001048
v -0.0429000184 0.430999994 -0.00869998336
v -0.0473999903 0.39139998 -0.0105998889
v -0.038999971 0.393100023 -0.0218999907
v -0.038999971 0.393100023 -0.0218999907
v -0.0347999893 0.434000015 -0.0290999934
v -0.0429000184 0.430999994 -0.00869998336
v -0.0429000184 0.430999994 -0.00869998336
v -0.0278000236 0.473100007 -0.0188998803
v -0.0333999991 0.47390002 -0.00159998983
v 0.0268999897 0.460000098 0.146799982
v 0.0258999988 0.414200008 0.133299991
v 0.035300009 0.461700022 0.152599975
v 0.035300009 0.461700022 0.152599975
v 0.03549999 0.411599994 0.138999984
v 0.0428000018 0.460200012 0.156599984
v 0.035300009 0.461700022 0.152599975
v 0.0434999987 0.505500019 0.158600032
v 0.03549999 0.505900085 0.154200003
v 0.035300009 0.461700022 0.152599975
v 0.0256999694 0.504999995 0.148000002
v 0.0268999897 0.460000098 0.146799982
v -0.0604000017 0.429499984 0.0130000636
v -0.0640000105 0.469099998 0.0304000303
v -0.069499962 0.429400027 0.0192000866
v -0.0604000017 0.429499984 0.0130000636
v -0.0658999607 0.390900016 0.00450001657
v -0.0558000207 0.390699983 -0.00219998509
v -0.0558000207 0.390699983 -0.00219998509
v -0.051599972 0.429100096 0.00370001048
v -0.0604000017 0.429499984 0.0130000636
v -0.0604000017 0.429499984 0.0130000636
v -0.0421000123 0.47179997 0.0146000311
v -0.0536000095 0.470399976 0.0249000713
v -0.000299990177 0.383599997 0.101500027
v -0.0129000004 0.352100015 0.0906000659
v -0.00720001012 0.350499988 0.100300059
v -0.000299990177 0.383599997 0.101500027
v -0.000500030816 0.349999994 0.107000008
v 0.00730000995 0.382600009 0.109599993
v 0.00730000995 0.382600009 0.109599993
v 0.0110999905 0.416200101 0.116800003
v -0.000299990177 0.383599997 0.101500027
v -0.000299990177 0.383599997 0.101500027
v 0.00319998898 0.417400002 0.101000063
v -0.00569999963 0.38499999 0.0899000689
v -0.038999971 0.393100023 -0.0218999907
v -0.040700011 0.360700011 -0.019799985
v -0.0335999727 0.360899985 -0.0285998806
v -0.0335999727 0.360899985 -0.0285998806
v -0.0357000194 0.323700011 -0.0222999826
v -0.0297999978 0.323300004 -0.0302999839
v -0.0335999727 0.360899985 -0.0285998806
v -0.0253000259 0.324400008 -0.0397999808
v -0.0289000273 0.362100005 -0.0402999893
v -0.0335999727 0.360899985 -0.0285998806
v -0.0329999924 0.394400001 -0.035999991
v -0.038999971 0.393100023 -0.0218999907
v 0.00730000995 0.382600009 0.109599993
v 0.00709998049 0.349599898 0.112300023
v 0.0156000182 0.381299973 0.116500005
v 0.0156000182 0.381299973 0.116500005
v 0.0185999796 0.34740001 0.118499979
v 0.0260000192 0.379199982 0.123499967
v 0.0260000192 0.379199982 0.123499967
v 0.0258999988 0.414200008 0.133299991
v 0.0156000182 0.381299973 0.116500005
v 0.0156000182 0.381299973 0.116500005
v 0.0181999803 0.414799988 0.125399992
v 0.00730000995 0.382600009 0.109599993
v -0.0558000207 0.390699983 -0.00219998509
v -0.0594999716 0.361199915 -0.00529999286
v -0.0485000014 0.360899985 -0.0127998963
v -0.0485000014 0.360899985 -0.0127998963
v -0.0536000095 0.325399995 -0.00919989496
v -0.0422999784 0.325199902 -0.0164999962
v -0.0422999784 0.325199902 -0.0164999962
v -0.040700011 0.360700011 -0.019799985
v -0.0485000014 0.360899985 -0.0127998963
v -0.0485000014 0.360899985 -0.0127998963
v -0.0473999903 0.39139998 -0.0105998889
v -0.0558000207 0.390699983 -0.00219998509
v -0.0210000277 0.120499983 0.113199987
v -0.0297999978 0.101200007 0.109499969
v -0.0234000087 0.10200002 0.118099958
v -0.0234000087 0.10200002 0.118099958
v -0.0160999894 0.121100023 0.117799975
v -0.0210000277 0.120499983 0.113199987
v -0.0210000277 0.120499983 0.113199987
v -0.0164999962 0.155300021 0.110500015
v -0.0209000111 0.154500023 0.106900014
v -0.0209000111 0.154500023 0.106900014
v -0.0267000198 0.120100036 0.105600037
v -0.0210000277 0.120499983 0.113199987
v -0.0364999697 0.107400022 -0.00739990175
v -0.0394999906 0.144199982 -0.0148000047
v -0.0381000005 0.108000003 -0.00400000066
v -0.0381000005 0.108000003 -0.00400000066
v -0.0327000022 0.0878000557 -0.00100000203
v -0.0364999697 0.107400022 -0.00739990175
v -0.0364999697 0.107400022 -0.00739990175
v -0.0302000046 0.0872000158 -0.0080998987
v -0.034200009 0.107200056 -0.0131999999
v -0.034200009 0.107200056 -0.0131999999
v -0.0375999808 0.143499985 -0.0176999941
v -0.0364999697 0.107400022 -0.00739990175
v -0.00950003043 0.12120004 0.120900005
v -0.0175999999 0.102700017 0.123899966
v -0.00970000029 0.102700017 0.127199978
v -0.00970000029 0.102700017 0.127199978
v -0.00210000016 0.12030001 0.1219
v -0.00950003043 0.12120004 0.120900005
v -0.00950003043 0.12120004 0.120900005
v -0.00349999033 0.156900004 0.115900017
v -0.0111000007 0.156499982 0.113799967
v -0.0111000007 0.156499982 0.113799967
v -0.0160999894 0.121100023 0.117799975
v -0.00950003043 0.12120004 0.120900005
v -0.0411999822 0.108900033 -0.000500001013
v -0.0472999811 0.14670004 -0.00789999962
v -0.0461999699 0.109300047 0.00289999694
v -0.0461999699 0.109300047 0.00289999694
v -0.0382000208 0.0896999985 0.00719999522
v -0.0411999822 0.108900033 -0.000500001013
v -0.0382000208 0.0896999985 0.00719999522
v -0.0381000005 0.108000003 -0.00400000066
v -0.0411999822 0.108900033 -0.000500001013
v -0.0411999822 0.108900033 -0.000500001013
v -0.0394999906 0.144199982 -0.0148000047
v -0.0425000116 0.145600036 -0.0116000026
v 0.00410001911 0.762600064 0.00640002638
v 0.00109999999 0.745499969 -0.00879997015
v 0.00160001963 0.750099957 0.0136000663
v 0.00160001963 0.750099957 0.0136000663
v 0.00889997929 0.773199856 0.0243000463
v 0.00410001911 0.762600064 0.00640002638
v 0.00410001911 0.762600064 0.00640002638
v 0.00709998049 0.774100006 0.0189000517
v 0.00269996934 0.768299997 0.0027000308
v 0.00269996934 0.768299997 0.0027000308
v 0.00349997915 0.757600009 -0.0171999708
v 0.00410001911 0.762600064 0.00640002638
v -0.00730002113 0.769699991 -0.0159998685
v -0.0124999899 0.770500064 0.000600025058
v -0.00950003043 0.765400112 -0.0179999694
v -0.00950003043 0.765400112 -0.0179999694
v -0.0134000201 0.754799962 0.000400029123
v -0.0100000007 0.751900077 -0.0205999687
v -0.0100000007 0.751900077 -0.0205999687
v -0.00910001993 0.762899995 -0.0385999754
v -0.00950003043 0.765400112 -0.0179999694
v -0.00950003043 0.765400112 -0.0179999694
v -0.00840003043 0.767700076 -0.0354999676
v -0.00730002113 0.769699991 -0.0159998685
v 0.0164999887 0.781599998 0.0349000767
v 0.00789998844 0.759600103 0.0329000503
v 0.0188000202 0.773000002 0.0473000482
v 0.0188000202 0.773000002 0.0473000482
v 0.0271999799 0.793099999 0.0483000986
v 0.0164999887 0.781599998 0.0349000767
v 0.0164999887 0.781599998 0.0349000767
v 0.0126000009 0.795399964 0.0453000814
v 0.00999999046 0.781400084 0.0322000459
v 0.00999999046 0.781400084 0.0322000459
v 0.00889997929 0.773199856 0.0243000463
v 0.0164999887 0.781599998 0.0349000767
v -0.0198000073 0.776199996 0.0185000375
v -0.0264999866 0.787999988 0.0377000719
v -0.0357000194 0.788500011 0.0395000651
v -0.0357000194 0.788500011 0.0395000651
v -0.0231000185 0.762899995 0.0213000923
v -0.0198000073 0.776199996 0.0185000375
v -0.0231000185 0.762899995 0.0213000923
v -0.0124999899 0.770500064 0.000600025058
v -0.0198000073 0.776199996 0.0185000375
v -0.0198000073 0.776199996 0.0185000375
v -0.01029999 0.771299958 0.00340013206
v -0.0156999826 0.777799964 0.020800069
v 0.00109999999 0.763100088 -0.0184998736
v 0.00109999999 0.768000007 -0.0128999725
v -0.000100020319 0.769999981 -0.0341999754
v 0.00999999046 0.781400084 0.0322000459
v -0.00690001994 0.789200008 0.0384000689
v -0.00290000997 0.771900058 0.0368001014
v -0.000100020319 0.769999981 -0.0341999754
v -0.00730002113 0.769699991 -0.0159998685
v -0.00840003043 0.767700076 -0.0354999676
v 0.0199000202 0.909799993 -0.142199993
v 0.0364999697 0.898500085 -0.147299975
v 0.0192000195 0.893599987 -0.148999989
v 0.00269996934 0.768299997 0.0027000308
v -0.00169998966 0.760599971 0.0197000578
v 0.00109999999 0.768000007 -0.0128999725
v -0.01029999 0.771299958 0.00340013206
v 0.00109999999 0.768000007 -0.0128999725
v -0.00169998966 0.760599971 0.0197000578
v -0.00340002961 0.84160006 -0.145799965
v -0.0228999853 0.828700006 -0.147699982
v -0.0188999772 0.845300078 -0.152199984
v -0.00169998966 0.760599971 0.0197000578
v -0.0156999826 0.777799964 0.020800069
v -0.01029999 0.771299958 0.00340013206
v -0.0129000004 0.3021999 0.103100047
v -0.0234000087 0.256199896 0.0941000432
v -0.0174000263 0.254999995 0.102500007
v -0.0129000004 0.3021999 0.103100047
v -0.0109999804 0.255299985 0.107299998
v -0.00629997998 0.30250001 0.108300015
v -0.00629997998 0.30250001 0.108300015
v -0.00720001012 0.350499988 0.100300059
v -0.0129000004 0.3021999 0.103100047
v -0.00720001012 0.350499988 0.100300059
v -0.0195999742 0.304199994 0.0933000371
v -0.0129000004 0.3021999 0.103100047
v -0.0297999978 0.323300004 -0.0302999839
v -0.034600012 0.279100001 -0.0227000043
v -0.0296999812 0.278200001 -0.0290000066
v -0.0296999812 0.278200001 -0.0290000066
v -0.03659999 0.23409991 -0.0229000077
v -0.0335000157 0.232599914 -0.0276999995
v -0.0296999812 0.278200001 -0.0290000066
v -0.0296999812 0.233400017 -0.0352000073
v -0.0254999995 0.279299915 -0.037899904
v -0.0254999995 0.279299915 -0.037899904
v -0.0297999978 0.323300004 -0.0302999839
v -0.0296999812 0.278200001 -0.0290000066
v -0.00629997998 0.30250001 0.108300015
v -0.00349999033 0.256099999 0.11089997
v 0.00190000981 0.3028 0.112699971
v 0.00190000981 0.3028 0.112699971
v 0.00669996999 0.256199896 0.114800021
v 0.0132999979 0.301400006 0.117499992
v 0.00190000981 0.3028 0.112699971
v 0.0185999796 0.34740001 0.118499979
v 0.00709998049 0.349599898 0.112300023
v 0.00190000981 0.3028 0.112699971
v -0.000500030816 0.349999994 0.107000008
v -0.00629997998 0.30250001 0.108300015
v -0.0422999784 0.325199902 -0.0164999962
v -0.0500999615 0.282199919 -0.0110999942
v -0.0404999778 0.280900002 -0.0176999941
v -0.0404999778 0.280900002 -0.0176999941
v -0.0493000075 0.23740001 -0.0129999965
v -0.0414999723 0.235799998 -0.0183000043
v -0.0414999723 0.235799998 -0.0183000043
v -0.034600012 0.279100001 -0.0227000043
v -0.0404999778 0.280900002 -0.0176999941
v -0.0404999778 0.280900002 -0.0176999941
v -0.0357000194 0.323700011 -0.0222999826
v -0.0422999784 0.325199902 -0.0164999962
v -0.0206999779 0.20280005 0.102900013
v -0.0253999829 0.153699994 0.100500025
v -0.0209000111 0.154500023 0.106900014
v -0.0206999779 0.20280005 0.102900013
v -0.0164999962 0.155300021 0.110500015
v -0.016200006 0.20389998 0.106800005
v -0.016200006 0.20389998 0.106800005
v -0.0174000263 0.254999995 0.102500007
v -0.0206999779 0.20280005 0.102900013
v -0.0174000263 0.254999995 0.102500007
v -0.0253000259 0.202899992 0.0961000249
v -0.0206999779 0.20280005 0.102900013
v -0.0335000157 0.232599914 -0.0276999995
v -0.0389000103 0.186800018 -0.0219000056
v -0.0368000194 0.185700014 -0.0251000002
v -0.0368000194 0.185700014 -0.0251000002
v -0.0394999906 0.144199982 -0.0148000047
v -0.0375999808 0.143499985 -0.0176999941
v -0.0368000194 0.185700014 -0.0251000002
v -0.0353999697 0.143100038 -0.022800006
v -0.0343999788 0.185700014 -0.0308999941
v -0.0343999788 0.185700014 -0.0308999941
v -0.0335000157 0.232599914 -0.0276999995
v -0.0368000194 0.185700014 -0.0251000002
v -0.016200006 0.20389998 0.106800005
v -0.0111000007 0.156499982 0.113799967
v -0.0100000007 0.205200031 0.110500015
v -0.0100000007 0.205200031 0.110500015
v -0.00349999033 0.156900004 0.115900017
v -0.000800020993 0.2051 0.113599993
v -0.000800020993 0.2051 0.113599993
v -0.00349999033 0.256099999 0.11089997
v -0.0100000007 0.205200031 0.110500015
v -0.0100000007 0.205200031 0.110500015
v -0.0109999804 0.255299985 0.107299998
v -0.016200006 0.20389998 0.106800005
v -0.0414999723 0.235799998 -0.0183000043
v -0.0489000008 0.190100029 -0.0126000047
v -0.0428000018 0.188200012 -0.0176999941
v -0.0428000018 0.188200012 -0.0176999941
v -0.0472999811 0.14670004 -0.00789999962
v -0.0425000116 0.145600036 -0.0116000026
v -0.0425000116 0.145600036 -0.0116000026
v -0.0389000103 0.186800018 -0.0219000056
v -0.0428000018 0.188200012 -0.0176999941
v -0.0428000018 0.188200012 -0.0176999941
v -0.03659999 0.23409991 -0.0229000077
v -0.0414999723 0.235799998 -0.0183000043
v -0.00400000997 0.706499994 0.0515000932
v 0.00559997 0.74330008 0.0485000648
v -0.000899979845 0.734799981 0.0285000876
v -0.0164999962 0.731500089 0.00570002943
v -0.0149000296 0.695200086 -0.00769998133
v -0.0122000007 0.731599987 -0.0164999738
v -0.0127000306 0.734999955 -0.0385999754
v -0.0100000007 0.751900077 -0.0205999687
v -0.0122000007 0.731599987 -0.0164999738
v -0.000899979845 0.734799981 0.0285000876
v -0.00700003095 0.700299978 0.0270000696
v -0.00400000997 0.706499994 0.0515000932
v -0.0144000063 0.700299978 -0.0320999697
v -0.0122000007 0.731599987 -0.0164999738
v -0.0149000296 0.695200086 -0.00769998133
v -0.0122000007 0.731599987 -0.0164999738
v -0.0134000201 0.754799962 0.000400029123
v -0.0164999962 0.731500089 0.00570002943
v 0.00970000029 0.916400075 -0.137099981
v -0.00279998966 0.91110009 -0.138299972
v -0.00349999033 0.919099987 -0.135199964
v -0.00309997983 0.878800094 -0.146499991
v 0.00859998912 0.891100109 -0.146399885
v 0.00669996999 0.872500062 -0.149899989
v -0.00340002961 0.84160006 -0.145799965
v 0.00569999032 0.852300107 -0.15049997
v 0.00660002045 0.831999958 -0.148099989
v 0.0199000202 0.909799993 -0.142199993
v 0.00970000029 0.916400075 -0.137099981
v 0.0210999809 0.917600095 -0.138099968
v 0.0210999809 0.917600095 -0.138099968
v 0.0367000103 0.912299991 -0.140899986
v 0.0199000202 0.909799993 -0.142199993
v 0.0192000195 0.893599987 -0.148999989
v 0.00919996947 0.907600105 -0.140899986
v 0.0199000202 0.909799993 -0.142199993
v 0.0192000195 0.893599987 -0.148999989
v 0.0390999913 0.880999863 -0.153599888
v 0.0182999894 0.87559998 -0.153999984
v 0.0182999894 0.87559998 -0.153999984
v 0.00859998912 0.891100109 -0.146399885
v 0.0192000195 0.893599987 -0.148999989
v 0.0188999698 0.853700101 -0.155999988
v 0.00669996999 0.872500062 -0.149899989
v 0.0182999894 0.87559998 -0.153999984
v 0.0182999894 0.87559998 -0.153999984
v 0.0424000025 0.858800113 -0.157199979
v 0.0188999698 0.853700101 -0.155999988
v 0.0188999698 0.853700101 -0.155999988
v 0.0465999767 0.834999859 -0.157099992
v 0.022700008 0.831499994 -0.154499978
v 0.0188999698 0.853700101 -0.155999988
v 0.00660002045 0.831999958 -0.148099989
v 0.00569999032 0.852300107 -0.15049997
v 0.00669996999 0.872500062 -0.149899989
v -0.00320000015 0.860099912 -0.147499889
v -0.00309997983 0.878800094 -0.146499991
v -0.00660002977 0.808799982 -0.133599967
v 0.00809996948 0.813600004 -0.141899973
v 0.0108000003 0.794000089 -0.130399972
v -0.00760000944 0.880100012 0.0628000647
v 0.0476000309 0.89349997 0.0582000837
v -0.00679999962 0.890699983 0.0627001077
v -0.00470001064 0.825800061 -0.14169997
v -0.0263999701 0.810599864 -0.138899982
v -0.0228999853 0.828700006 -0.147699982
v 0.127799913 0.906400084 -0.0911999717
v 0.0985000134 0.911300063 -0.120899878
v 0.0976999104 0.916200101 -0.11749997
v -0.00470001064 0.825800061 -0.14169997
v 0.00660002045 0.831999958 -0.148099989
v 0.00809996948 0.813600004 -0.141899973
v -0.0617999993 0.895399988 0.0576000921
v -0.00760000944 0.880100012 0.0628000647
v -0.00679999962 0.890699983 0.0627001077
v -0.0171999931 0.659799993 -0.0489999726
v -0.0144000063 0.700299978 -0.0320999697
v -0.0124999899 0.655600011 -0.0249998644
v -0.0267000198 0.597599983 -0.0617999807
v -0.0171999931 0.659799993 -0.0489999726
v -0.0181000233 0.592899919 -0.0409999862
v -0.00330002047 0.694300056 0.00100002438
v 0.00880002975 0.648500085 0.00230012089
v -0.000700000674 0.656200111 0.0239000395
v 0.00789998844 0.759600103 0.0329000503
v -0.000899979845 0.734799981 0.0285000876
v 0.00559997 0.74330008 0.0485000648
v 0.00160001963 0.750099957 0.0136000663
v -0.00230002962 0.728799999 0.00460002571
v -0.000899979845 0.734799981 0.0285000876
v 0.130399913 0.900999963 -0.0947999731
v 0.101299912 0.898300111 -0.125699967
v 0.0985000134 0.911300063 -0.120899878
v 0.103499904 0.947899997 -0.117599972
v 0.0840999112 0.947600007 -0.126299858
v 0.0795000121 0.973199964 -0.116299964
v 0.0946999118 0.994799972 -0.0987999514
v 0.0785000101 0.995000005 -0.107699953
v 0.0785000101 1.01470006 -0.101399951
v 0.103399903 0.994199991 -0.0927999541
v 0.101099908 1.01330006 -0.0875999555
v 0.108499914 1.0122 -0.0814999565
v 0.115800008 0.973899961 -0.0936999694
v 0.123399913 0.94690001 -0.102699973
v 0.113899916 0.947399974 -0.110199966
v 0.0931999087 1.01429999 -0.0927999541
v 0.0785000101 1.01470006 -0.101399951
v 0.079200007 1.03509998 -0.0980999544
v 0.0853999108 1.07940006 -0.09959995
v 0.0861999094 1.10380006 -0.105399959
v 0.097999908 1.10329998 -0.101699956
v 0.104600012 1.07780015 -0.0895998552
v 0.103900015 1.10179996 -0.0972999558
v 0.109599903 1.09959996 -0.0916999504
v 0.107799903 1.0323 -0.0786999539
v 0.108499914 1.0122 -0.0814999565
v 0.101099908 1.01330006 -0.0875999555
v 0.0595999882 0.97329998 -0.122299977
v 0.0634999797 0.947300076 -0.131799966
v 0.0450000092 0.948099971 -0.133999974
v 0.0601000115 0.995200098 -0.11479985
v 0.0433999822 0.996800065 -0.11809995
v 0.045400016 1.01470006 -0.111799963
v 0.0620999932 1.01419997 -0.107899956
v 0.0785000101 1.01470006 -0.101399951
v 0.0785000101 0.995000005 -0.107699953
v 0.0795000121 0.973199964 -0.116299964
v 0.0840999112 0.947600007 -0.126299858
v 0.0634999797 0.947300076 -0.131799966
v 0.0620999932 1.01419997 -0.107899956
v 0.045400016 1.01470006 -0.111799963
v 0.047799997 1.03359997 -0.108799957
v 0.0710999891 1.07790017 -0.102799959
v 0.0549999997 1.07710016 -0.105199955
v 0.0590000078 1.10230017 -0.10839995
v 0.0735999867 1.10240006 -0.107199959
v 0.0861999094 1.10380006 -0.105399959
v 0.0853999108 1.07940006 -0.09959995
v 0.0641999766 1.03390002 -0.104399957
v 0.079200007 1.03509998 -0.0980999544
v 0.0785000101 1.01470006 -0.101399951
v 0.0806999132 1.08860016 0.0773001015
v 0.0613999888 1.09459996 0.0831001028
v 0.0580999777 1.07459998 0.0753000602
v 0.0734000206 1.02359998 0.0628000647
v 0.0536000133 1.02530015 0.0722000748
v 0.0521000028 1.00460017 0.0720001012
v 0.0732999966 1.00330007 0.061800085
v 0.0914999098 1.00240016 0.0504000969
v 0.0892000124 1.02199996 0.0519001074
v 0.0753999874 1.07000017 0.0692000613
v 0.0896999091 1.06330001 0.0572001003
v 0.0965999067 1.08300006 0.0639000833
v 0.0732999966 1.00330007 0.061800085
v 0.0521000028 1.00460017 0.0720001012
v 0.0518000126 0.986800075 0.0734000951
v 0.0523999929 0.968000114 0.0747000724
v 0.0529000089 0.938300014 0.0735000521
v 0.0763000175 0.939999998 0.0635000616
v 0.0763000175 0.939999998 0.0635000616
v 0.100199908 0.940400004 0.0494000576
v 0.0968999118 0.968400002 0.0514000878
v 0.0738999769 0.986500084 0.0633000955
v 0.0943000093 0.986000001 0.0502000675
v 0.0914999098 1.00240016 0.0504000969
v 0.0350000188 1.07700002 0.0775000677
v 0.0400000215 1.10020006 0.0822000727
v -0.00379998051 1.10339999 0.0772000849
v -0.00379998051 1.02820015 0.0768000707
v -0.00330002047 1.00760007 0.0768000707
v 0.0263999701 1.00740016 0.0777000934
v 0.0263999701 1.00740016 0.0777000934
v 0.0521000028 1.00460017 0.0720001012
v 0.0536000133 1.02530015 0.0722000748
v 0.0580999777 1.07459998 0.0753000602
v 0.0613999888 1.09459996 0.0831001028
v 0.0400000215 1.10020006 0.0822000727
v 0.0263999701 1.00740016 0.0777000934
v -0.00330002047 1.00760007 0.0768000707
v -0.00210000016 0.988299966 0.0780000836
v 0.0265999995 0.968100011 0.0796000585
v -0.00120002963 0.968100011 0.0789000541
v 0 0.938399911 0.079600051
v 0.0274000093 0.937900007 0.0793000609
v 0.0529000089 0.938300014 0.0735000521
v 0.0523999929 0.968000114 0.0747000724
v 0.0253999792 0.988599956 0.0790000781
v 0.0518000126 0.986800075 0.0734000951
v 0.0521000028 1.00460017 0.0720001012
v 0.108299911 0.923500001 -0.123699971
v 0.111699909 0.899299979 -0.125799984
v 0.0913000107 0.90169996 -0.136999875
v 0.0885999128 0.923799992 -0.133299977
v 0.0840999112 0.947600007 -0.126299858
v 0.103499904 0.947899997 -0.117599972
v 0.119099915 0.923500001 -0.115599968
v 0.113899916 0.947399974 -0.110199966
v 0.123399913 0.94690001 -0.102699973
v 0.128800005 0.921700001 -0.107499965
v 0.130100012 0.897399962 -0.111199878
v 0.120800003 0.898899913 -0.117599972
v 0.0673000216 0.923799992 -0.139099985
v 0.069499962 0.903599977 -0.14379999
v 0.0479000211 0.905900002 -0.147699982
v 0.0465999767 0.924100101 -0.142199993
v 0.0450000092 0.948099971 -0.133999974
v 0.0634999797 0.947300076 -0.131799966
v 0.0673000216 0.923799992 -0.139099985
v 0.0634999797 0.947300076 -0.131799966
v 0.0840999112 0.947600007 -0.126299858
v 0.0885999128 0.923799992 -0.133299977
v 0.0913000107 0.90169996 -0.136999875
v 0.069499962 0.903599977 -0.14379999
v 0.0763000175 0.939999998 0.0635000616
v 0.0529000089 0.938300014 0.0735000521
v 0.0536000133 0.910400093 0.0699000508
v 0.0786999092 0.912599862 0.060600061
v 0.0536000133 0.910400093 0.0699000508
v 0.0544000193 0.888599992 0.0669000894
v 0.0807999074 0.890299857 0.0582000837
v 0.107299909 0.8926 0.0473000519
v 0.104199916 0.914599955 0.0478000827
v 0.0786999092 0.912599862 0.060600061
v 0.104199916 0.914599955 0.0478000827
v 0.100199908 0.940400004 0.0494000576
v 0.0274000093 0.937900007 0.0793000609
v 0 0.938399911 0.079600051
v 0.00050001964 0.912199974 0.0766000897
v 0.0278999805 0.91049999 0.0752000958
v 0.00050001964 0.912199974 0.0766000897
v 0.00120002031 0.887299955 0.0736000687
v 0.0296000205 0.888499975 0.0724000484
v 0.0544000193 0.888599992 0.0669000894
v 0.0536000133 0.910400093 0.0699000508
v 0.0278999805 0.91049999 0.0752000958
v 0.0536000133 0.910400093 0.0699000508
v 0.0529000089 0.938300014 0.0735000521
v 0.0985000134 1.12800002 -0.108599953
v 0.097999908 1.10329998 -0.101699956
v 0.0861999094 1.10380006 -0.105399959
v 0.102800012 1.16950023 -0.122599952
v 0.0903000087 1.17010021 -0.123899959
v 0.094799906 1.18620026 -0.13169995
v 0.111699909 1.16690028 -0.117399953
v 0.118000016 1.18160021 -0.122899957
v 0.128000006 1.17770028 -0.113599963
v 0.111999914 1.12390006 -0.09959995
v 0.109599903 1.09959996 -0.0916999504
v 0.103900015 1.10179996 -0.0972999558
v 0.108099908 1.18450022 -0.129699945
v 0.094799906 1.18620026 -0.13169995
v 0.0990999117 1.19810021 -0.137099952
v 0.130100012 1.22490025 -0.133099943
v 0.108299911 1.22580028 -0.142799854
v 0.114300013 1.24380028 -0.143299937
v 0.161499903 1.23350024 -0.116999961
v 0.171299905 1.22620022 -0.0996998623
v 0.161999911 1.21120024 -0.101899959
v 0.12650001 1.1936003 -0.123199962
v 0.137700006 1.18890023 -0.111199863
v 0.128000006 1.17770028 -0.113599963
v 0.0735999867 1.10240006 -0.107199959
v 0.0590000078 1.10230017 -0.10839995
v 0.0608999729 1.12619996 -0.113299958
v 0.0788000077 1.1693002 -0.122299962
v 0.0662000105 1.16960025 -0.118299954
v 0.0689999983 1.18700027 -0.11979986
v 0.0828000084 1.18650019 -0.127399951
v 0.094799906 1.18620026 -0.13169995
v 0.0903000087 1.17010021 -0.123899959
v 0.0741000101 1.12600017 -0.112599857
v 0.0860999078 1.12830007 -0.111499958
v 0.0861999094 1.10380006 -0.105399959
v 0.0828000084 1.18650019 -0.127399951
v 0.0689999983 1.18700027 -0.11979986
v 0.0703999922 1.19970024 -0.126599967
v 0.090000011 1.22620022 -0.144099951
v 0.0712000132 1.22740018 -0.138699949
v 0.07099998 1.24550021 -0.142699957
v 0.0921999067 1.24470019 -0.146599948
v 0.114300013 1.24380028 -0.143299937
v 0.108299911 1.22580028 -0.142799854
v 0.0856000111 1.19860029 -0.134499967
v 0.0990999117 1.19810021 -0.137099952
v 0.094799906 1.18620026 -0.13169995
v 0.0881999061 1.23380029 0.0885001197
v 0.0644999668 1.23160028 0.0832000673
v 0.0658999607 1.21470022 0.0933000743
v 0.0946000069 1.18620026 0.106500052
v 0.067099981 1.18620026 0.104700051
v 0.0697000027 1.16960025 0.0992000923
v 0.0939999074 1.17030025 0.0987000689
v 0.118600011 1.1686002 0.0939000547
v 0.118099913 1.1851002 0.0993000492
v 0.0899000093 1.21580029 0.0995000824
v 0.113600016 1.21450019 0.0985000953
v 0.112399906 1.23500025 0.0884000957
v 0.0913000107 1.15010023 0.0923000872
v 0.0939999074 1.17030025 0.0987000689
v 0.0697000027 1.16960025 0.0992000923
v 0.0846999064 1.1049 0.0820000991
v 0.0630999804 1.11250007 0.0886000618
v 0.0613999888 1.09459996 0.0831001028
v 0.0806999132 1.08860016 0.0773001015
v 0.0965999067 1.08300006 0.0639000833
v 0.102900013 1.09990001 0.0682000816
v 0.0913000107 1.15010023 0.0923000872
v 0.115100011 1.14470029 0.078800112
v 0.118600011 1.1686002 0.0939000547
v 0.0351999998 1.21340024 0.0882000625
v 0.0364000201 1.22920024 0.0763001144
v 0.00999999046 1.22730029 0.0740000904
v 0.00279998034 1.18340027 0.0921001136
v -0.000599989668 1.16660023 0.0844000876
v 0.0440000221 1.16720021 0.0939000547
v 0.0440000221 1.16720021 0.0939000547
v 0.0697000027 1.16960025 0.0992000923
v 0.067099981 1.18620026 0.104700051
v 0.0351999998 1.21340024 0.0882000625
v 0.0658999607 1.21470022 0.0933000743
v 0.0644999668 1.23160028 0.0832000673
v 0.0436000228 1.15100026 0.0923000872
v 0.0440000221 1.16720021 0.0939000547
v -0.000599989668 1.16660023 0.0844000876
v -0.00320000015 1.12129998 0.0793000758
v -0.00379998051 1.10339999 0.0772000849
v 0.0400000215 1.10020006 0.0822000727
v 0.0400000215 1.10020006 0.0822000727
v 0.0613999888 1.09459996 0.0831001028
v 0.0630999804 1.11250007 0.0886000618
v 0.0687000081 1.15200019 0.0973000824
v 0.0697000027 1.16960025 0.0992000923
v 0.0440000221 1.16720021 0.0939000547
v 0.140300006 1.24170029 -0.13229996
v 0.114300013 1.24380028 -0.143299937
v 0.124299914 1.27080023 -0.143899947
v 0.151800007 1.26490021 -0.13169995
v 0.124299914 1.27080023 -0.143899947
v 0.135299906 1.3021003 -0.140699953
v 0.16960001 1.25670028 -0.117699958
v 0.178499907 1.28050029 -0.118399851
v 0.189899907 1.2713002 -0.110899962
v 0.177499905 1.24910021 -0.104699858
v 0.171299905 1.22620022 -0.0996998623
v 0.161499903 1.23350024 -0.116999961
v 0.201899916 1.32480025 -0.096899949
v 0.215899915 1.31260026 -0.0931998566
v 0.202300012 1.29470026 -0.109099962
v 0.202300012 1.29470026 -0.109099962
v 0.189899907 1.2713002 -0.110899962
v 0.178499907 1.28050029 -0.118399851
v 0.163200006 1.29020023 -0.127999961
v 0.135299906 1.3021003 -0.140699953
v 0.145799905 1.33250022 -0.130299956
v 0.17400001 1.31640029 -0.120199852
v 0.145799905 1.33250022 -0.130299956
v 0.154399917 1.3568002 -0.110699944
v 0.0921999067 1.24470019 -0.146599948
v 0.07099998 1.24550021 -0.142699957
v 0.0715000033 1.27790022 -0.145299941
v 0.0715000033 1.27790022 -0.145299941
v 0.074800007 1.31470025 -0.144099951
v 0.103499904 1.31040025 -0.146699935
v 0.103499904 1.31040025 -0.146699935
v 0.135299906 1.3021003 -0.140699953
v 0.124299914 1.27080023 -0.143899947
v 0.0976999104 1.27530026 -0.148299962
v 0.124299914 1.27080023 -0.143899947
v 0.114300013 1.24380028 -0.143299937
v 0.0937999114 1.26380026 0.0748001039
v 0.0972999111 1.28250027 0.0611000992
v 0.0691000223 1.28070021 0.0601001121
v 0.064899981 1.24550021 0.0761000887
v 0.0644999668 1.23160028 0.0832000673
v 0.0881999061 1.23380029 0.0885001197
v 0.0900999084 1.24890029 0.0807000697
v 0.0881999061 1.23380029 0.0885001197
v 0.112399906 1.23500025 0.0884000957
v 0.119999915 1.26430023 0.0702001154
v 0.123700008 1.2814002 0.0556000806
v 0.0972999111 1.28250027 0.0611000992
v 0.0414999723 1.25660026 0.0667000785
v 0.0412999913 1.2777003 0.057600107
v 0.0138999783 1.27290022 0.0539000966
v 0.0119000003 1.23990023 0.0677001178
v 0.00999999046 1.22730029 0.0740000904
v 0.0364000201 1.22920024 0.0763001144
v 0.038500011 1.24120021 0.0710000694
v 0.0364000201 1.22920024 0.0763001144
v 0.0644999668 1.23160028 0.0832000673
v 0.0669000074 1.26050019 0.0705001056
v 0.0691000223 1.28070021 0.0601001121
v 0.0412999913 1.2777003 0.057600107
v 0.132699907 0.985700011 -0.0106999651
v 0.135299906 0.987100005 -0.0292998627
v 0.131499916 1.00419998 -0.0267998502
v 0.128599912 1.00339997 -0.00779996067
v 0.122600004 1.00339997 0.0129000768
v 0.127099916 0.986299992 0.00960006565
v 0.137300014 0.966899991 -0.013099961
v 0.131600007 0.967599988 0.00760003924
v 0.139899909 0.938500106 0.00480013341
v 0.145499915 0.937900007 -0.0160999671
v 0.147999913 0.939200103 -0.0349999741
v 0.139899909 0.968100011 -0.0316999778
v 0.120100006 0.986000001 0.0223000869
v 0.127099916 0.986299992 0.00960006565
v 0.122600004 1.00339997 0.0129000768
v 0.107599914 1.00240016 0.0363000855
v 0.0914999098 1.00240016 0.0504000969
v 0.0943000093 0.986000001 0.0502000675
v 0.116299912 0.968400002 0.0343000442
v 0.0968999118 0.968400002 0.0514000878
v 0.100199908 0.940400004 0.0494000576
v 0.132599905 0.93870008 0.0180000886
v 0.139899909 0.938500106 0.00480013341
v 0.131600007 0.967599988 0.00760003924
v 0.127699912 1.05799997 -0.0209999606
v 0.129199907 1.07599998 -0.0217999592
v 0.126299903 1.07360017 -0.00209995359
v 0.12470001 1.05579996 -0.00049996376
v 0.126299903 1.07360017 -0.00209995359
v 0.122499913 1.07389998 0.0211000741
v 0.124400005 1.02180016 -0.00359996408
v 0.118099913 1.02170014 0.0185000449
v 0.122600004 1.00339997 0.0129000768
v 0.128599912 1.00339997 -0.00779996067
v 0.131499916 1.00419998 -0.0267998502
v 0.127699912 1.0223 -0.0234999582
v 0.112099916 1.05560017 0.032400094
v 0.118499905 1.05470002 0.0205000862
v 0.122499913 1.07389998 0.0211000741
v 0.111199915 1.07850015 0.0492000803
v 0.0965999067 1.08300006 0.0639000833
v 0.0896999091 1.06330001 0.0572001003
v 0.104399905 1.02040017 0.0395000726
v 0.0892000124 1.02199996 0.0519001074
v 0.0914999098 1.00240016 0.0504000969
v 0.115699917 1.00320017 0.0254000649
v 0.122600004 1.00339997 0.0129000768
v 0.118099913 1.02170014 0.0185000449
v 0.152999908 0.911599994 -0.0177998766
v 0.154799908 0.912400007 -0.0379999653
v 0.147999913 0.939200103 -0.0349999741
v 0.145499915 0.937900007 -0.0160999671
v 0.139899909 0.938500106 0.00480013341
v 0.14670001 0.912799954 0.0035000369
v 0.152999908 0.911599994 -0.0177998766
v 0.14670001 0.912799954 0.0035000369
v 0.152500004 0.890799999 0.00490003079
v 0.159499913 0.888800085 -0.0183999762
v 0.158699915 0.888899863 -0.0392999724
v 0.154799908 0.912400007 -0.0379999653
v 0.139299914 0.912899971 0.0170000941
v 0.14670001 0.912799954 0.0035000369
v 0.139899909 0.938500106 0.00480013341
v 0.122099906 0.939100087 0.031600073
v 0.100199908 0.940400004 0.0494000576
v 0.104199916 0.914599955 0.0478000827
v 0.128300011 0.913800001 0.0303000957
v 0.104199916 0.914599955 0.0478000827
v 0.107299909 0.8926 0.0473000519
v 0.143999904 0.891200006 0.0164000466
v 0.152500004 0.890799999 0.00490003079
v 0.14670001 0.912799954 0.0035000369
v 0.144399911 1.13580024 0.00590014458
v 0.144399911 1.13530028 -0.0232999548
v 0.148200005 1.15250027 -0.0166999549
v 0.151099905 1.15850019 0.0173000917
v 0.147799909 1.16110027 0.0405000746
v 0.144600004 1.13910019 0.033200115
v 0.127600014 1.09239995 0.020900093
v 0.122499913 1.07389998 0.0211000741
v 0.126299903 1.07360017 -0.00209995359
v 0.129699916 1.09080017 -0.00269985944
v 0.126299903 1.07360017 -0.00209995359
v 0.129199907 1.07599998 -0.0217999592
v 0.138199911 1.14000022 0.0466000736
v 0.144600004 1.13910019 0.033200115
v 0.147799909 1.16110027 0.0405000746
v 0.136000007 1.16440022 0.0815000832
v 0.118600011 1.1686002 0.0939000547
v 0.115100011 1.14470029 0.078800112
v 0.117799908 1.09749997 0.051000081
v 0.102900013 1.09990001 0.0682000816
v 0.0965999067 1.08300006 0.0639000833
v 0.116599903 1.07529998 0.0339001119
v 0.122499913 1.07389998 0.0211000741
v 0.127600014 1.09239995 0.020900093
v 0.159899905 1.20550025 0.0245001018
v 0.160499915 1.19080019 -0.00559985638
v 0.169000015 1.20040023 -0.00779995322
v 0.159899905 1.20550025 0.0245001018
v 0.168200016 1.21570027 0.0176000819
v 0.166299909 1.23060024 0.0418001115
v 0.153200015 1.17770028 0.0268000662
v 0.152899906 1.18610024 0.0580000542
v 0.147799909 1.16110027 0.0405000746
v 0.151099905 1.15850019 0.0173000917
v 0.148200005 1.15250027 -0.0166999549
v 0.151599914 1.16740024 -0.00879995525
v 0.154499903 1.21690023 0.0476001166
v 0.166299909 1.23060024 0.0418001115
v 0.148399904 1.23340023 0.0582000986
v 0.13440001 1.21560025 0.0883000791
v 0.133800015 1.23550022 0.0782000795
v 0.112399906 1.23500025 0.0884000957
v 0.136499912 1.18100023 0.0884000957
v 0.118099913 1.1851002 0.0993000492
v 0.118600011 1.1686002 0.0939000547
v 0.145099908 1.16400027 0.0659000576
v 0.147799909 1.16110027 0.0405000746
v 0.152899906 1.18610024 0.0580000542
v 0.172199905 1.2547003 0.0379000604
v 0.176299915 1.26550019 0.0334000885
v 0.16369991 1.27220023 0.0384000912
v 0.142700016 1.26050019 0.0551001169
v 0.147199914 1.27630019 0.0449000895
v 0.123700008 1.2814002 0.0556000806
v 0.115599915 1.25000024 0.0803000629
v 0.112399906 1.23500025 0.0884000957
v 0.133800015 1.23550022 0.0782000795
v 0.15139991 1.24530029 0.0473000668
v 0.148399904 1.23340023 0.0582000986
v 0.166299909 1.23060024 0.0418001115
v 0.111399904 0.993700087 -0.0869999602
v 0.108499914 1.0122 -0.0814999565
v 0.118700013 1.01010001 -0.0730998591
v 0.121999905 0.992299855 -0.0769999549
v 0.118700013 1.01010001 -0.0730998591
v 0.12669991 1.00810015 -0.0599999502
v 0.13440001 0.970899999 -0.0656999722
v 0.142799914 0.942000091 -0.0710999742
v 0.134599909 0.944400012 -0.088099964
v 0.126600012 0.9727 -0.0811999664
v 0.134599909 0.944400012 -0.088099964
v 0.123399913 0.94690001 -0.102699973
v 0.129899904 0.990300059 -0.0626999512
v 0.12669991 1.00810015 -0.0599999502
v 0.130799904 1.00540006 -0.044199951
v 0.130799904 1.00540006 -0.044199951
v 0.131499916 1.00419998 -0.0267998502
v 0.135299906 0.987100005 -0.0292998627
v 0.138699904 0.968999982 -0.0490999743
v 0.139899909 0.968100011 -0.0316999778
v 0.147999913 0.939200103 -0.0349999741
v 0.138699904 0.968999982 -0.0490999743
v 0.147199914 0.940100074 -0.0531999692
v 0.142799914 0.942000091 -0.0710999742
v 0.110299915 1.07570016 -0.0836999491
v 0.109599903 1.09959996 -0.0916999504
v 0.118600011 1.09370017 -0.0781999603
v 0.118899912 1.07000017 -0.0708999559
v 0.118600011 1.09370017 -0.0781999603
v 0.125599906 1.08660007 -0.0596999601
v 0.117499903 1.02869999 -0.0671999529
v 0.123599917 1.02600002 -0.055999957
v 0.12669991 1.00810015 -0.0599999502
v 0.117499903 1.02869999 -0.0671999529
v 0.118700013 1.01010001 -0.0730998591
v 0.108499914 1.0122 -0.0814999565
v 0.124499917 1.06480002 -0.0552999601
v 0.125599906 1.08660007 -0.0596999601
v 0.128599912 1.07959998 -0.0388999507
v 0.127699912 1.06040001 -0.0382998511
v 0.128599912 1.07959998 -0.0388999507
v 0.129199907 1.07599998 -0.0217999592
v 0.127099916 1.02289999 -0.0405999497
v 0.127699912 1.0223 -0.0234999582
v 0.131499916 1.00419998 -0.0267998502
v 0.127099916 1.02289999 -0.0405999497
v 0.130799904 1.00540006 -0.044199951
v 0.12669991 1.00810015 -0.0599999502
v 0.128800005 0.921700001 -0.107499965
v 0.123399913 0.94690001 -0.102699973
v 0.134599909 0.944400012 -0.088099964
v 0.140200004 0.919099987 -0.092799969
v 0.134599909 0.944400012 -0.088099964
v 0.142799914 0.942000091 -0.0710999742
v 0.148299903 0.916599989 -0.0754999742
v 0.15049991 0.891900003 -0.0771999732
v 0.142199904 0.894499958 -0.0952999666
v 0.140200004 0.919099987 -0.092799969
v 0.142199904 0.894499958 -0.0952999666
v 0.130100012 0.897399962 -0.111199878
v 0.148299903 0.916599989 -0.0754999742
v 0.142799914 0.942000091 -0.0710999742
v 0.147199914 0.940100074 -0.0531999692
v 0.147199914 0.940100074 -0.0531999692
v 0.147999913 0.939200103 -0.0349999741
v 0.154799908 0.912400007 -0.0379999653
v 0.154799908 0.912400007 -0.0379999653
v 0.158699915 0.888899863 -0.0392999724
v 0.155099913 0.890100002 -0.0586999729
v 0.15200001 0.913899958 -0.0572998747
v 0.155099913 0.890100002 -0.0586999729
v 0.15049991 0.891900003 -0.0771999732
v 0.120199904 1.16350019 -0.110399954
v 0.128000006 1.17770028 -0.113599963
v 0.140599906 1.16680026 -0.0899999514
v 0.133100003 1.1542002 -0.0913999602
v 0.140599906 1.16680026 -0.0899999514
v 0.147700012 1.15690029 -0.0676999614
v 0.130399913 1.10930002 -0.0675999597
v 0.125599906 1.08660007 -0.0596999601
v 0.118600011 1.09370017 -0.0781999603
v 0.122499913 1.11720002 -0.0859999582
v 0.118600011 1.09370017 -0.0781999603
v 0.109599903 1.09959996 -0.0916999504
v 0.144899905 1.13750029 -0.0480999574
v 0.141299903 1.14380026 -0.0703999624
v 0.147700012 1.15690029 -0.0676999614
v 0.149699911 1.15170026 -0.0436999574
v 0.148200005 1.15250027 -0.0166999549
v 0.144399911 1.13530028 -0.0232999548
v 0.134199902 1.09599996 -0.0237999633
v 0.129199907 1.07599998 -0.0217999592
v 0.128599912 1.07959998 -0.0388999507
v 0.134899914 1.10220015 -0.0444999561
v 0.128599912 1.07959998 -0.0388999507
v 0.125599906 1.08660007 -0.0596999601
v 0.161999911 1.21120024 -0.101899959
v 0.171299905 1.22620022 -0.0996998623
v 0.161000013 1.21040022 -0.0779999569
v 0.164799914 1.19700027 -0.0815999582
v 0.161000013 1.21040022 -0.0779999569
v 0.171699911 1.19250023 -0.0585999563
v 0.152899906 1.16680026 -0.0645999536
v 0.147700012 1.15690029 -0.0676999614
v 0.140599906 1.16680026 -0.0899999514
v 0.140599906 1.16680026 -0.0899999514
v 0.128000006 1.17770028 -0.113599963
v 0.137700006 1.18890023 -0.111199863
v 0.164499909 1.1851002 -0.0597999617
v 0.171699911 1.19250023 -0.0585999563
v 0.170999914 1.19040024 -0.0339999571
v 0.170999914 1.19040024 -0.0339999571
v 0.169000015 1.20040023 -0.00779995322
v 0.160499915 1.19080019 -0.00559985638
v 0.153399915 1.16230023 -0.0399999544
v 0.151599914 1.16740024 -0.00879995525
v 0.148200005 1.15250027 -0.0166999549
v 0.149699911 1.15170026 -0.0436999574
v 0.147700012 1.15690029 -0.0676999614
v 0.152899906 1.16680026 -0.0645999536
v 0.156499907 1.21510029 -0.071199961
v 0.183599904 1.19540024 -0.0580999628
v 0.171699911 1.19250023 -0.0585999563
v 0.161000013 1.21040022 -0.0779999569
v 0.171299905 1.22620022 -0.0996998623
v 0.167600006 1.22670019 -0.0857999548
v 0.15579991 1.20060027 -0.0617999509
v 0.163200006 1.20700026 -0.0751999542
v 0.166299909 1.19490027 -0.0704999492
v 0.158299908 1.18980026 -0.0582999513
v 0.157699913 1.18830025 -0.0415999517
v 0.154600009 1.19880021 -0.0449999496
v 0.180500016 1.20460021 -0.01039996
v 0.169000015 1.20040023 -0.00779995322
v 0.170999914 1.19040024 -0.0339999571
v 0.170999914 1.19040024 -0.0339999571
v 0.171699911 1.19250023 -0.0585999563
v 0.183599904 1.19540024 -0.0580999628
v 0.158699915 1.20170021 -0.0268999562
v 0.154600009 1.19880021 -0.0449999496
v 0.157699913 1.18830025 -0.0415999517
v 0.158699915 1.20170021 -0.0268999562
v 0.162699908 1.19110024 -0.0245999619
v 0.170199916 1.19640028 -0.00979995728
v 0.236900002 1.31190026 -0.0410999581
v 0.225499913 1.3288002 -0.045099847
v 0.221400008 1.3295002 -0.025299944
v 0.232800007 1.31310022 -0.0223999545
v 0.221400008 1.3295002 -0.025299944
v 0.213699907 1.32550025 -0.00719995052
v 0.246399999 1.26740026 -0.0199999586
v 0.240700006 1.26580024 -0.00509995222
v 0.245100021 1.24310029 -0.00869994611
v 0.250200003 1.24420023 -0.0231998637
v 0.250699997 1.24250019 -0.0392999575
v 0.248899996 1.2656002 -0.0373999551
v 0.205600008 1.28440022 0.016500093
v 0.194599912 1.29520023 0.0180001035
v 0.181999907 1.27710021 0.0276000798
v 0.193700016 1.26670027 0.0221000686
v 0.181999907 1.27710021 0.0276000798
v 0.176299915 1.26550019 0.0334000885
v 0.199100003 1.23420024 0.0157000721
v 0.205200016 1.21980023 0.0146000609
v 0.215499908 1.22550023 0.0143000707
v 0.210399911 1.24120021 0.0157000795
v 0.215499908 1.22550023 0.0143000707
v 0.226299912 1.23260021 0.0115000829
v 0.182099909 1.25630021 0.0289001241
v 0.176299915 1.26550019 0.0334000885
v 0.172199905 1.2547003 0.0379000604
v 0.182799906 1.23920023 0.0297000706
v 0.169700012 1.24440026 0.041100122
v 0.166299909 1.23060024 0.0418001115
v 0.179199904 1.22000027 0.00890007615
v 0.185199916 1.2080003 0.00740004331
v 0.190299913 1.21190023 0.0112000927
v 0.189800009 1.22890019 0.0152001008
v 0.196200013 1.21540022 0.0135000646
v 0.205200016 1.21980023 0.0146000609
v 0.179000005 1.22990024 0.0257000625
v 0.166299909 1.23060024 0.0418001115
v 0.168200016 1.21570027 0.0176000819
v 0.172600016 1.21810019 0.0111000836
v 0.168200016 1.21570027 0.0176000819
v 0.169000015 1.20040023 -0.00779995322
v 0.165400013 1.20710027 -0.0105998591
v 0.170199916 1.19640028 -0.00979995728
v 0.177999914 1.20260024 0.000700041652
v 0.172699913 1.21390021 0.00100004673
v 0.177999914 1.20260024 0.000700041652
v 0.185199916 1.2080003 0.00740004331
v 0.226299912 1.3100003 -0.00559984893
v 0.213699907 1.32550025 -0.00719995052
v 0.203599915 1.3144002 0.00740005076
v 0.216000006 1.30110025 0.00830010325
v 0.203599915 1.3144002 0.00740005076
v 0.194599912 1.29520023 0.0180001035
v 0.221299917 1.25030029 0.0129000917
v 0.226299912 1.23260021 0.0115000829
v 0.237000018 1.23920023 0.00310005248
v 0.23180002 1.26000023 0.0062000528
v 0.237000018 1.23920023 0.00310005248
v 0.245100021 1.24310029 -0.00869994611
v 0.181500003 1.24070024 -0.0973999575
v 0.167600006 1.22670019 -0.0857999548
v 0.171299905 1.22620022 -0.0996998623
v 0.177499905 1.24910021 -0.104699858
v 0.189899907 1.2713002 -0.110899962
v 0.198099911 1.26010025 -0.10369996
v 0.182099909 1.21720028 -0.0862999633
v 0.202899903 1.23130023 -0.0902999565
v 0.203899905 1.21400023 -0.0842999592
v 0.184299916 1.20410025 -0.0805999562
v 0.166299909 1.19490027 -0.0704999492
v 0.163200006 1.20700026 -0.0751999542
v 0.213500008 1.28130019 -0.102899961
v 0.198099911 1.26010025 -0.10369996
v 0.189899907 1.2713002 -0.110899962
v 0.202300012 1.29470026 -0.109099962
v 0.215899915 1.31260026 -0.0931998566
v 0.226999998 1.29650021 -0.0888998583
v 0.220799908 1.24500024 -0.0872999504
v 0.236600012 1.25780022 -0.0768999532
v 0.237900019 1.23480022 -0.072199963
v 0.221599907 1.22400022 -0.0814999565
v 0.203899905 1.21400023 -0.0842999592
v 0.202899903 1.23130023 -0.0902999565
v 0.220399916 1.20230019 -0.0787999555
v 0.203400016 1.19450021 -0.0804999545
v 0.203899905 1.21400023 -0.0842999592
v 0.221599907 1.22400022 -0.0814999565
v 0.237900019 1.23480022 -0.072199963
v 0.237000018 1.2110002 -0.0705999509
v 0.186299905 1.18720019 -0.0761999562
v 0.170400009 1.18060029 -0.066799961
v 0.166299909 1.19490027 -0.0704999492
v 0.184299916 1.20410025 -0.0805999562
v 0.203899905 1.21400023 -0.0842999592
v 0.203400016 1.19450021 -0.0804999545
v 0.240999997 1.22000027 0.000700041652
v 0.248899996 1.22290027 -0.0124999583
v 0.245100021 1.24310029 -0.00869994611
v 0.240999997 1.22000027 0.000700041652
v 0.237000018 1.23920023 0.00310005248
v 0.226299912 1.23260021 0.0115000829
v 0.190199912 1.19530022 0.00940009207
v 0.185199916 1.2080003 0.00740004331
v 0.177999914 1.20260024 0.000700041652
v 0.182699904 1.19070029 0.00240004063
v 0.177999914 1.20260024 0.000700041652
v 0.170199916 1.19640028 -0.00979995728
v 0.209799916 1.20480025 0.015500091
v 0.205200016 1.21980023 0.0146000609
v 0.196200013 1.21540022 0.0135000646
v 0.19539991 1.19830024 0.0127001032
v 0.190299913 1.21190023 0.0112000927
v 0.185199916 1.2080003 0.00740004331
v 0.230599999 1.21480024 0.0108000934
v 0.226299912 1.23260021 0.0115000829
v 0.215499908 1.22550023 0.0143000707
v 0.219799906 1.20930028 0.0147000849
v 0.215499908 1.22550023 0.0143000707
v 0.205200016 1.21980023 0.0146000609
v 0.252400011 1.22280025 -0.0271999612
v 0.252100021 1.22040021 -0.0421998575
v 0.250699997 1.24250019 -0.0392999575
v 0.250200003 1.24420023 -0.0231998637
v 0.245100021 1.24310029 -0.00869994611
v 0.248899996 1.22290027 -0.0124999583
v 0.226999998 1.29650021 -0.0888998583
v 0.215899915 1.31260026 -0.0931998566
v 0.224600017 1.32310021 -0.0692999437
v 0.236100018 1.30560029 -0.0649999604
v 0.224600017 1.32310021 -0.0692999437
v 0.225499913 1.3288002 -0.045099847
v 0.245200008 1.26410019 -0.0581999496
v 0.248899996 1.2656002 -0.0373999551
v 0.250699997 1.24250019 -0.0392999575
v 0.247000009 1.24130023 -0.0560999587
v 0.237900019 1.23480022 -0.072199963
v 0.236600012 1.25780022 -0.0768999532
v 0.166400015 1.18030024 -0.0218999609
v 0.174599916 1.1851002 -0.00779995322
v 0.170199916 1.19640028 -0.00979995728
v 0.162699908 1.19110024 -0.0245999619
v 0.157699913 1.18830025 -0.0415999517
v 0.161000013 1.17750025 -0.0385999605
v 0.161999911 1.1778003 -0.0551999584
v 0.161000013 1.17750025 -0.0385999605
v 0.157699913 1.18830025 -0.0415999517
v 0.158299908 1.18980026 -0.0582999513
v 0.166299909 1.19490027 -0.0704999492
v 0.170400009 1.18060029 -0.066799961
v 0.247400016 1.21700025 -0.0576998517
v 0.237000018 1.2110002 -0.0705999509
v 0.237900019 1.23480022 -0.072199963
v 0.247000009 1.24130023 -0.0560999587
v 0.250699997 1.24250019 -0.0392999575
v 0.252100021 1.22040021 -0.0421998575
v 0.101499915 1.35210025 -0.00239995122
v 0.0796999112 1.33090019 0.019500114
v 0.108299911 1.32690024 0.0233000889
v 0.122600004 1.34710026 0.00290004909
v 0.108299911 1.32690024 0.0233000889
v 0.13639991 1.32080019 0.022600092
v 0.147099912 1.34120023 0.00400005281
v 0.154200003 1.3567003 -0.0130999461
v 0.131299913 1.36080027 -0.0163999498
v 0.122600004 1.34710026 0.00290004909
v 0.131299913 1.36080027 -0.0163999498
v 0.113899916 1.3633002 -0.019899942
v 0.147099912 1.34120023 0.00400005281
v 0.13639991 1.32080019 0.022600092
v 0.165400013 1.31560028 0.0186000839
v 0.18190001 1.30600023 0.0179000795
v 0.194599912 1.29520023 0.0180001035
v 0.203599915 1.3144002 0.00740005076
v 0.189599916 1.32500029 0.00580005348
v 0.203599915 1.3144002 0.00740005076
v 0.213699907 1.32550025 -0.00719995052
v 0.173799917 1.33390021 0.00510004908
v 0.182399914 1.34790027 -0.0103999525
v 0.154200003 1.3567003 -0.0130999461
v 0.121600017 1.37400019 -0.0389998481
v 0.113899916 1.3633002 -0.019899942
v 0.131299913 1.36080027 -0.0163999498
v 0.139100015 1.37080026 -0.0376999453
v 0.131299913 1.36080027 -0.0163999498
v 0.154200003 1.3567003 -0.0130999461
v 0.163200006 1.36550021 -0.036099948
v 0.168499917 1.36960018 -0.0580999479
v 0.144500002 1.37830031 -0.0605999455
v 0.139100015 1.37080026 -0.0376999453
v 0.144500002 1.37830031 -0.0605999455
v 0.126299903 1.38500023 -0.0624999478
v 0.163200006 1.36550021 -0.036099948
v 0.154200003 1.3567003 -0.0130999461
v 0.182399914 1.34790027 -0.0103999525
v 0.207800016 1.34250021 -0.0288999453
v 0.199399903 1.33750021 -0.00819995254
v 0.213699907 1.32550025 -0.00719995052
v 0.207800016 1.34250021 -0.0288999453
v 0.221400008 1.3295002 -0.025299944
v 0.225499913 1.3288002 -0.045099847
v 0.191200003 1.35430026 -0.0321999416
v 0.195199907 1.35490024 -0.0535999462
v 0.168499917 1.36960018 -0.0580999479
v 0.0254999883 0.978600085 -0.12479987
v 0.0271000192 0.950100064 -0.134899884
v 0.000699989498 0.9551 -0.132099986
v 0.000800009817 1.00209999 -0.116199858
v 0.000800009817 1.01859999 -0.111699961
v 0.0264999792 1.01639998 -0.113199957
v 0.0253999792 0.99939996 -0.11869996
v 0.0264999792 1.01639998 -0.113199957
v 0.045400016 1.01470006 -0.111799963
v 0.0425999686 0.975600004 -0.124999978
v 0.0450000092 0.948099971 -0.133999974
v 0.0271000192 0.950100064 -0.134899884
v 0.0138999783 1.33220029 0.0190000907
v 0.0142999813 1.31930029 0.02790007
v 0.0457000062 1.32260025 0.0273000896
v 0.043299973 1.33610022 0.014800109
v 0.0457000062 1.32260025 0.0273000896
v 0.0796999112 1.33090019 0.019500114
v 0.0691999719 1.34310019 0.00480014831
v 0.0666999817 1.35400021 -0.00229994953
v 0.0410000011 1.34350026 0.00830010325
v 0.043299973 1.33610022 0.014800109
v 0.0410000011 1.34350026 0.00830010325
v 0.0137000009 1.33960021 0.0127001107
v 0.090700008 1.3568002 -0.0087999478
v 0.0840999112 1.3611002 -0.0139999464
v 0.0666999817 1.35400021 -0.00229994953
v 0.0691999719 1.34310019 0.00480014831
v 0.0796999112 1.33090019 0.019500114
v 0.101499915 1.35210025 -0.00239995122
v 0.101499915 1.35210025 -0.00239995122
v 0.113899916 1.3633002 -0.019899942
v 0.103200004 1.36590028 -0.0231998488
v 0.103200004 1.36590028 -0.0231998488
v 0.0953000113 1.36920023 -0.0263998434
v 0.0840999112 1.3611002 -0.0139999464
v 0.111399904 1.37760019 -0.0401999429
v 0.103099912 1.3811003 -0.0423999354
v 0.0953000113 1.36920023 -0.0263998434
v 0.111399904 1.37760019 -0.0401999429
v 0.103200004 1.36590028 -0.0231998488
v 0.113899916 1.3633002 -0.019899942
v 0.111399904 1.37760019 -0.0401999429
v 0.121600017 1.37400019 -0.0389998481
v 0.126299903 1.38500023 -0.0624999478
v 0.113099903 1.38940024 -0.0648999438
v 0.103299916 1.39260018 -0.065499939
v 0.103099912 1.3811003 -0.0423999354
v 0.0476999804 1.38420022 -0.12099994
v 0.0442000031 1.39270031 -0.110499837
v 0.0666999817 1.39340031 -0.101199947
v 0.0750999972 1.38860023 -0.110699944
v 0.0860000104 1.37730026 -0.119799845
v 0.0500999615 1.37030029 -0.127399951
v 0.0500999615 1.37030029 -0.127399951
v 0.0160999782 1.36600029 -0.129799932
v 0.0167000182 1.3811003 -0.124499835
v 0.0476999804 1.38420022 -0.12099994
v 0.0167000182 1.3811003 -0.124499835
v 0.0163999684 1.3913002 -0.114499949
v 0.129299909 1.3022002 0.0402000919
v 0.123700008 1.2814002 0.0556000806
v 0.147199914 1.27630019 0.0449000895
v 0.16369991 1.27220023 0.0384000912
v 0.176299915 1.26550019 0.0334000885
v 0.181999907 1.27710021 0.0276000798
v 0.171100006 1.2870003 0.0319000781
v 0.181999907 1.27710021 0.0276000798
v 0.194599912 1.29520023 0.0180001035
v 0.154999912 1.29570019 0.0334000885
v 0.165400013 1.31560028 0.0186000839
v 0.13639991 1.32080019 0.022600092
v 0.101599917 1.30360019 0.044000119
v 0.0972999111 1.28250027 0.0611000992
v 0.123700008 1.2814002 0.0556000806
v 0.129299909 1.3022002 0.0402000919
v 0.13639991 1.32080019 0.022600092
v 0.108299911 1.32690024 0.0233000889
v 0.101599917 1.30360019 0.044000119
v 0.108299911 1.32690024 0.0233000889
v 0.0796999112 1.33090019 0.019500114
v 0.0723999664 1.30160022 0.0438000932
v 0.0691000223 1.28070021 0.0601001121
v 0.0972999111 1.28250027 0.0611000992
v 0.0142999813 1.29670024 0.0422000587
v 0.0138999783 1.27290022 0.0539000966
v 0.0412999913 1.2777003 0.057600107
v 0.0429000184 1.29940021 0.0441000834
v 0.0412999913 1.2777003 0.057600107
v 0.0691000223 1.28070021 0.0601001121
v 0.0723999664 1.30160022 0.0438000932
v 0.0796999112 1.33090019 0.019500114
v 0.0457000062 1.32260025 0.0273000896
v 0.0429000184 1.29940021 0.0441000834
v 0.0457000062 1.32260025 0.0273000896
v 0.0142999813 1.31930029 0.02790007
v 0.103499904 1.31040025 -0.146699935
v 0.074800007 1.31470025 -0.144099951
v 0.0802999064 1.34910023 -0.136699945
v 0.110800013 1.34360027 -0.137999952
v 0.0802999064 1.34910023 -0.136699945
v 0.0860000104 1.37730026 -0.119799845
v 0.117900014 1.36940026 -0.116799943
v 0.154399917 1.3568002 -0.110699944
v 0.145799905 1.33250022 -0.130299956
v 0.110800013 1.34360027 -0.137999952
v 0.145799905 1.33250022 -0.130299956
v 0.135299906 1.3021003 -0.140699953
v 0.0982000083 1.39190018 -0.089499943
v 0.090000011 1.39500022 -0.0862999484
v 0.103299916 1.39260018 -0.065499939
v 0.113099903 1.38940024 -0.0648999438
v 0.126299903 1.38500023 -0.0624999478
v 0.109499916 1.3870002 -0.0899999365
v 0.0982000083 1.39190018 -0.089499943
v 0.109499916 1.3870002 -0.0899999365
v 0.0860000104 1.37730026 -0.119799845
v 0.0750999972 1.38860023 -0.110699944
v 0.0666999817 1.39340031 -0.101199947
v 0.090000011 1.39500022 -0.0862999484
v 0.0279999897 1.0345 -0.111299954
v 0.0264999792 1.01639998 -0.113199957
v 0.000800009817 1.01859999 -0.111699961
v 0.0340999886 1.07749999 -0.10839995
v 0.00209998898 1.07930017 -0.111399956
v 0.00660002045 1.10450006 -0.111599959
v 0.0392000005 1.10329998 -0.110099964
v 0.0590000078 1.10230017 -0.10839995
v 0.0549999997 1.07710016 -0.105199955
v 0.0279999897 1.0345 -0.111299954
v 0.047799997 1.03359997 -0.108799957
v 0.045400016 1.01470006 -0.111799963
v 0.0268999897 0.926599979 -0.144099981
v 0.0258999988 0.905799985 -0.15109998
v 0.00160001963 0.904899955 -0.153399974
v 0.000199969858 0.932700098 -0.143499881
v 0.000699989498 0.9551 -0.132099986
v 0.0271000192 0.950100064 -0.134899884
v 0.0268999897 0.926599979 -0.144099981
v 0.0271000192 0.950100064 -0.134899884
v 0.0450000092 0.948099971 -0.133999974
v 0.0465999767 0.924100101 -0.142199993
v 0.0479000211 0.905900002 -0.147699982
v 0.0258999988 0.905799985 -0.15109998
v 0.0392000005 1.10329998 -0.110099964
v 0.00660002045 1.10450006 -0.111599959
v 0.01069998 1.12830007 -0.113899954
v 0.0468000099 1.16950023 -0.115899958
v 0.0145999715 1.16750026 -0.116799958
v 0.0150999986 1.18390024 -0.117699958
v 0.0476999804 1.18660021 -0.115499862
v 0.0689999983 1.18700027 -0.11979986
v 0.0662000105 1.16960025 -0.118299954
v 0.043099992 1.12759995 -0.113899954
v 0.0608999729 1.12619996 -0.113299958
v 0.0590000078 1.10230017 -0.10839995
v 0.0476999804 1.18660021 -0.115499862
v 0.0150999986 1.18390024 -0.117699958
v 0.0159999691 1.19770026 -0.12159995
v 0.0485000014 1.22780025 -0.131399959
v 0.0166000091 1.22630024 -0.129399955
v 0.0160999782 1.24410021 -0.13259995
v 0.0472999811 1.24530029 -0.135499954
v 0.07099998 1.24550021 -0.142699957
v 0.0712000132 1.22740018 -0.138699949
v 0.0480999872 1.20030022 -0.120799951
v 0.0703999922 1.19970024 -0.126599967
v 0.0689999983 1.18700027 -0.11979986
v 0.045400016 1.27800024 -0.137699962
v 0.0472999811 1.24530029 -0.135499954
v 0.0160999782 1.24410021 -0.13259995
v 0.045400016 1.27800024 -0.137699962
v 0.0146999881 1.27830029 -0.135299951
v 0.0143999979 1.31280029 -0.135299951
v 0.0468999669 1.3144002 -0.137099952
v 0.074800007 1.31470025 -0.144099951
v 0.0715000033 1.27790022 -0.145299941
v 0.045400016 1.27800024 -0.137699962
v 0.0715000033 1.27790022 -0.145299941
v 0.07099998 1.24550021 -0.142699957
v 0.0468999669 1.3144002 -0.137099952
v 0.0143999979 1.31280029 -0.135299951
v 0.0152000114 1.34240019 -0.133099943
v 0.0482000113 1.34590018 -0.13289994
v 0.0152000114 1.34240019 -0.133099943
v 0.0160999782 1.36600029 -0.129799932
v 0.0500999615 1.37030029 -0.127399951
v 0.0860000104 1.37730026 -0.119799845
v 0.0802999064 1.34910023 -0.136699945
v 0.0482000113 1.34590018 -0.13289994
v 0.0802999064 1.34910023 -0.136699945
v 0.074800007 1.31470025 -0.144099951
v 0.117900014 1.36940026 -0.116799943
v 0.0860000104 1.37730026 -0.119799845
v 0.109499916 1.3870002 -0.0899999365
v 0.133100003 1.37930024 -0.0884999409
v 0.109499916 1.3870002 -0.0899999365
v 0.126299903 1.38500023 -0.0624999478
v 0.144500002 1.37830031 -0.0605999455
v 0.168499917 1.36960018 -0.0580999479
v 0.162699908 1.36840022 -0.0824999437
v 0.133100003 1.37930024 -0.0884999409
v 0.162699908 1.36840022 -0.0824999437
v 0.154399917 1.3568002 -0.110699944
v 0.211700007 1.3423003 -0.0490999445
v 0.225499913 1.3288002 -0.045099847
v 0.224600017 1.32310021 -0.0692999437
v 0.211099908 1.33640027 -0.073299937
v 0.224600017 1.32310021 -0.0692999437
v 0.215899915 1.31260026 -0.0931998566
v 0.18569991 1.33810019 -0.102299936
v 0.154399917 1.3568002 -0.110699944
v 0.162699908 1.36840022 -0.0824999437
v 0.193299904 1.34990025 -0.0775999352
v 0.162699908 1.36840022 -0.0824999437
v 0.168499917 1.36960018 -0.0580999479
v 0.152699903 1.2080003 -0.0482999608
v 0.183599904 1.19540024 -0.0580999628
v 0.156499907 1.21510029 -0.071199961
v 0.156499907 1.21510029 -0.071199961
v 0.167600006 1.22670019 -0.0857999548
v 0.164199904 1.21690023 -0.0803999528
v 0.155499905 1.21050024 -0.0288999602
v 0.190399915 1.20130026 -0.0131999552
v 0.180500016 1.20460021 -0.01039996
v 0.15200001 1.2153002 -0.0298999622
v 0.183599904 1.19540024 -0.0580999628
v 0.152699903 1.2080003 -0.0482999608
v 0.241300017 1.29090023 -0.0205999538
v 0.244700015 1.28970027 -0.0384999588
v 0.236900002 1.31190026 -0.0410999581
v 0.241300017 1.29090023 -0.0205999538
v 0.232800007 1.31310022 -0.0223999545
v 0.226299912 1.3100003 -0.00559984893
v 0.214699909 1.26830029 0.0144001022
v 0.205600008 1.28440022 0.016500093
v 0.193700016 1.26670027 0.0221000686
v 0.193700016 1.26670027 0.0221000686
v 0.182099909 1.25630021 0.0289001241
v 0.192700014 1.24650025 0.0200000703
v 0.183599904 1.2397002 0.0222000778
v 0.192700014 1.24650025 0.0200000703
v 0.182099909 1.25630021 0.0289001241
v 0.179000005 1.23410022 0.0199001133
v 0.182799906 1.23920023 0.0297000706
v 0.179000005 1.22990024 0.0257000625
v 0.173200011 1.22940028 0.0149001107
v 0.179000005 1.22990024 0.0257000625
v 0.172600016 1.21810019 0.0111000836
v 0.16960001 1.22170019 0.00310004503
v 0.172600016 1.21810019 0.0111000836
v 0.180500016 1.20460021 -0.01039996
v 0.235200018 1.28870022 -0.00529994816
v 0.226299912 1.3100003 -0.00559984893
v 0.216000006 1.30110025 0.00830010325
v 0.225799903 1.28170025 0.00710005313
v 0.216000006 1.30110025 0.00830010325
v 0.205600008 1.28440022 0.016500093
v 0.182299912 1.22970021 -0.0917998627
v 0.164199904 1.21690023 -0.0803999528
v 0.167600006 1.22670019 -0.0857999548
v 0.181500003 1.24070024 -0.0973999575
v 0.198099911 1.26010025 -0.10369996
v 0.202700004 1.24700022 -0.0969999507
v 0.219300017 1.26410019 -0.0947999582
v 0.202700004 1.24700022 -0.0969999507
v 0.198099911 1.26010025 -0.10369996
v 0.213500008 1.28130019 -0.102899961
v 0.226999998 1.29650021 -0.0888998583
v 0.233999997 1.27820027 -0.0822999552
v 0.233999997 1.27820027 -0.0822999552
v 0.226999998 1.29650021 -0.0888998583
v 0.236100018 1.30560029 -0.0649999604
v 0.236100018 1.30560029 -0.0649999604
v 0.236900002 1.31190026 -0.0410999581
v 0.244700015 1.28970027 -0.0384999588
v -0.076399982 0.972499967 -0.110299967
v -0.080200009 0.950299978 -0.121999972
v -0.0996999666 0.951099992 -0.11219997
v -0.0926999971 0.994199991 -0.0937999561
v -0.0914999768 1.01499999 -0.0890999511
v -0.0769000053 1.01190007 -0.0975999609
v -0.110499971 0.994700074 -0.082699962
v -0.10860002 1.01380014 -0.0770999566
v -0.100399971 1.01489997 -0.0836999491
v -0.104600012 0.974900007 -0.0947999731
v -0.110400021 0.951200008 -0.105499975
v -0.120499961 0.951799989 -0.099199973
v -0.0780000016 1.03700006 -0.0950999632
v -0.0769000053 1.01190007 -0.0975999609
v -0.0914999768 1.01499999 -0.0890999511
v -0.0934000015 1.09020007 -0.0900999531
v -0.0896999836 1.1178 -0.0956999585
v -0.0785000324 1.11469996 -0.0998999551
v -0.100599997 1.08940017 -0.0859999582
v -0.107500009 1.08700001 -0.0804999545
v -0.103900008 1.11590016 -0.0871999636
v -0.100399971 1.01489997 -0.0836999491
v -0.10860002 1.01380014 -0.0770999566
v -0.107200019 1.03569996 -0.0756999627
v -0.0561000109 0.971199989 -0.117699973
v -0.0388000011 0.972200096 -0.122199975
v -0.0411000177 0.949499965 -0.132999957
v -0.0590999685 1.01180017 -0.10489995
v -0.0421000123 1.01559997 -0.108599953
v -0.0397999808 0.994700074 -0.114599951
v -0.0762000009 0.99180001 -0.102899961
v -0.0769000053 1.01190007 -0.0975999609
v -0.0590999685 1.01180017 -0.10489995
v -0.0561000109 0.971199989 -0.117699973
v -0.0594999716 0.949099958 -0.129299968
v -0.080200009 0.950299978 -0.121999972
v -0.0462999903 1.03820002 -0.105299957
v -0.0421000123 1.01559997 -0.108599953
v -0.0590999685 1.01180017 -0.10489995
v -0.0694000125 1.08739996 -0.0986999497
v -0.0683000013 1.1135 -0.102599852
v -0.0519000217 1.11250007 -0.104399957
v -0.0694000125 1.08739996 -0.0986999497
v -0.0809999704 1.08829999 -0.0953998491
v -0.0785000324 1.11469996 -0.0998999551
v -0.0634999797 1.03639996 -0.101399951
v -0.0590999685 1.01180017 -0.10489995
v -0.0769000053 1.01190007 -0.0975999609
v -0.0601999685 1.08109999 0.0751000941
v -0.0612999685 1.10240006 0.0832000598
v -0.0806000233 1.09740007 0.0757000744
v -0.076399982 1.028 0.0598001108
v -0.0752000213 1.00639999 0.057900086
v -0.0547000095 1.00750017 0.0665000826
v -0.0921000168 1.0266 0.051700078
v -0.0935000107 1.00600016 0.0491000675
v -0.0752000213 1.00639999 0.057900086
v -0.0773999617 1.07630014 0.0676001012
v -0.0806000233 1.09740007 0.0757000744
v -0.0960999727 1.09220016 0.0631000549
v -0.0742999911 0.988200068 0.058700107
v -0.0530999824 0.988200068 0.0677001029
v -0.0547000095 1.00750017 0.0665000826
v -0.0748000145 0.941799998 0.0612001047
v -0.0522999689 0.939599991 0.0697000846
v -0.0526999794 0.968400002 0.0691001043
v -0.0745999813 0.969900012 0.0605001077
v -0.0974000022 0.971000075 0.0506000742
v -0.0982999727 0.942999959 0.0506000742
v -0.0742999911 0.988200068 0.058700107
v -0.0752000213 1.00639999 0.057900086
v -0.0935000107 1.00600016 0.0491000675
v -0.0393999815 1.08280015 0.0776000917
v -0.00430000015 1.07730007 0.0757000744
v -0.00379998051 1.10339999 0.0772000849
v -0.0307000279 1.00950015 0.0732000619
v -0.00330002047 1.00760007 0.0768000707
v -0.00379998051 1.02820015 0.0768000707
v -0.033999972 1.0309 0.0729000792
v -0.0573999807 1.02950001 0.0672000945
v -0.0547000095 1.00750017 0.0665000826
v -0.0393999815 1.08280015 0.0776000917
v -0.0407999679 1.10670006 0.0830000937
v -0.0612999685 1.10240006 0.0832000598
v -0.0282000303 0.989400089 0.0749001056
v -0.00210000016 0.988299966 0.0780000836
v -0.00330002047 1.00760007 0.0768000707
v -0.0271999836 0.93809998 0.0757000595
v 0 0.938399911 0.079600051
v -0.00120002963 0.968100011 0.0789000541
v -0.0278999805 0.968200088 0.0759000927
v -0.0526999794 0.968400002 0.0691001043
v -0.0522999689 0.939599991 0.0697000846
v -0.0307000279 1.00950015 0.0732000619
v -0.0547000095 1.00750017 0.0665000826
v -0.0530999824 0.988200068 0.0677001029
v -0.104799978 0.932000101 -0.119299971
v -0.0842000246 0.932799995 -0.130499959
v -0.0856999755 0.912999988 -0.138399959
v -0.0996999666 0.951099992 -0.11219997
v -0.080200009 0.950299978 -0.121999972
v -0.0842000246 0.932799995 -0.130499959
v -0.115999989 0.931200087 -0.112499975
v -0.126299888 0.931200087 -0.106999971
v -0.120499961 0.951799989 -0.099199973
v -0.122099988 0.911300063 -0.118699975
v -0.132299989 0.910899997 -0.114999972
v -0.126299888 0.931200087 -0.106999971
v -0.0425000116 0.930299997 -0.142999977
v -0.0428000018 0.908699989 -0.15169999
v -0.0658000112 0.912099957 -0.145399988
v -0.0630000234 0.931800008 -0.138299972
v -0.0594999716 0.949099958 -0.129299968
v -0.0411000177 0.949499965 -0.132999957
v -0.0842000246 0.932799995 -0.130499959
v -0.080200009 0.950299978 -0.121999972
v -0.0594999716 0.949099958 -0.129299968
v -0.0630000234 0.931800008 -0.138299972
v -0.0658000112 0.912099957 -0.145399988
v -0.0856999755 0.912999988 -0.138399959
v -0.075699985 0.915700078 0.060600061
v -0.0519999787 0.912899971 0.0687000901
v -0.0522999689 0.939599991 0.0697000846
v -0.0781999826 0.892199993 0.0597000942
v -0.0527999923 0.885699987 0.0687000901
v -0.0519999787 0.912899971 0.0687000901
v -0.075699985 0.915700078 0.060600061
v -0.100300014 0.918500066 0.0498000532
v -0.102100007 0.896399975 0.0489000827
v -0.0748000145 0.941799998 0.0612001047
v -0.0982999727 0.942999959 0.0506000742
v -0.100300014 0.918500066 0.0498000532
v -0.0260000229 0.911599994 0.0735000521
v 0.00050001964 0.912199974 0.0766000897
v 0 0.938399911 0.079600051
v -0.0260000229 0.911599994 0.0735000521
v -0.0249999762 0.885599971 0.0728000551
v 0.00120002031 0.887299955 0.0736000687
v -0.0260000229 0.911599994 0.0735000521
v -0.0519999787 0.912899971 0.0687000901
v -0.0527999923 0.885699987 0.0687000901
v -0.0271999836 0.93809998 0.0757000595
v -0.0522999689 0.939599991 0.0697000846
v -0.0519999787 0.912899971 0.0687000901
v -0.0784000158 1.13990021 -0.105799951
v -0.0785000324 1.11469996 -0.0998999551
v -0.0896999836 1.1178 -0.0956999585
v -0.097299993 1.19100022 -0.124899961
v -0.0782999918 1.19390023 -0.127599955
v -0.0776000023 1.1801002 -0.119399957
v -0.104499988 1.17630029 -0.112999849
v -0.114199989 1.17330027 -0.106799953
v -0.11900001 1.18580019 -0.112999849
v -0.0968999788 1.11750007 -0.0916999504
v -0.103900008 1.11590016 -0.0871999636
v -0.106400013 1.13850021 -0.0942999497
v -0.100700021 1.2045002 -0.129199952
v -0.080099985 1.20730031 -0.133699954
v -0.0782999918 1.19390023 -0.127599955
v -0.112200022 1.23290026 -0.134999961
v -0.121100001 1.2482003 -0.135999948
v -0.0924999714 1.2505002 -0.145399958
v -0.129799992 1.22420025 -0.123999961
v -0.141799897 1.21420026 -0.109799959
v -0.138899893 1.22540021 -0.111799963
v -0.115299992 1.20000029 -0.122299962
v -0.10930001 1.18890023 -0.120099954
v -0.11900001 1.18580019 -0.112999849
v -0.0509999916 1.1383003 -0.109699957
v -0.0519000217 1.11250007 -0.104399957
v -0.0683000013 1.1135 -0.102599852
v -0.0638999939 1.18090022 -0.11979986
v -0.0637999699 1.19460022 -0.126699954
v -0.0475000106 1.19470024 -0.124599956
v -0.0638999939 1.18090022 -0.11979986
v -0.0776000023 1.1801002 -0.119399957
v -0.0782999918 1.19390023 -0.127599955
v -0.0683000013 1.1135 -0.102599852
v -0.0785000324 1.11469996 -0.0998999551
v -0.0784000158 1.13990021 -0.105799951
v -0.0469999909 1.20650029 -0.130099952
v -0.0475000106 1.19470024 -0.124599956
v -0.0637999699 1.19460022 -0.126699954
v -0.0680999756 1.23260021 -0.143299937
v -0.0698999688 1.24900019 -0.147399962
v -0.0454000197 1.24840021 -0.143899947
v -0.0878000185 1.23510027 -0.142699957
v -0.0924999714 1.2505002 -0.145399958
v -0.0698999688 1.24900019 -0.147399962
v -0.0644000098 1.20680022 -0.13289997
v -0.0637999699 1.19460022 -0.126699954
v -0.0782999918 1.19390023 -0.127599955
v -0.0443000123 1.22190022 0.0922000706
v -0.0411999822 1.23840022 0.0823000968
v -0.0674999952 1.24380028 0.0875000656
v -0.076300025 1.20000029 0.106300078
v -0.078599982 1.18560028 0.10080006
v -0.0536000095 1.18170023 0.10050007
v -0.103500001 1.20160019 0.0972000659
v -0.102399997 1.18860018 0.0943000615
v -0.078599982 1.18560028 0.10080006
v -0.0674999952 1.24380028 0.0875000656
v -0.0960999727 1.24830019 0.0839000642
v -0.100000024 1.22850025 0.0944000781
v -0.0587999821 1.16370022 0.0985000953
v -0.0536000095 1.18170023 0.10050007
v -0.078599982 1.18560028 0.10080006
v -0.0828000307 1.11650002 0.0809001029
v -0.0806000233 1.09740007 0.0757000744
v -0.0612999685 1.10240006 0.0832000598
v -0.10079997 1.11300015 0.0664000735
v -0.0960999727 1.09220016 0.0631000549
v -0.0806000233 1.09740007 0.0757000744
v -0.080099985 1.16420019 0.0922000632
v -0.078599982 1.18560028 0.10080006
v -0.102399997 1.18860018 0.0943000615
v 0.00749998912 1.21340024 0.0872000754
v 0.00999999046 1.22730029 0.0740000904
v -0.0156000266 1.2318002 0.0771000683
v -0.0225999951 1.18990028 0.0964000523
v -0.0307000279 1.17470026 0.0936000645
v -0.000599989668 1.16660023 0.0844000876
v -0.0473999903 1.19650018 0.102400087
v -0.0536000095 1.18170023 0.10050007
v -0.0307000279 1.17470026 0.0936000645
v -0.0177000165 1.21760023 0.0886000693
v -0.0156000266 1.2318002 0.0771000683
v -0.0411999822 1.23840022 0.0823000968
v -0.0360000096 1.15960026 0.0933000743
v -0.00139999948 1.15270019 0.0830000937
v -0.000599989668 1.16660023 0.0844000876
v -0.0407999679 1.10670006 0.0830000937
v -0.00379998051 1.10339999 0.0772000849
v -0.00320000015 1.12129998 0.0793000758
v -0.060599979 1.12220001 0.0888001025
v -0.0612999685 1.10240006 0.0832000598
v -0.0407999679 1.10670006 0.0830000937
v -0.0360000096 1.15960026 0.0933000743
v -0.0307000279 1.17470026 0.0936000645
v -0.0536000095 1.18170023 0.10050007
v -0.0986999795 1.2742002 -0.147199959
v -0.0924999714 1.2505002 -0.145399958
v -0.121100001 1.2482003 -0.135999948
v -0.1331999 1.29250026 -0.13469997
v -0.104300022 1.30360019 -0.145799935
v -0.0986999795 1.2742002 -0.147199959
v -0.144199893 1.26160026 -0.126699954
v -0.151899993 1.2518003 -0.11979986
v -0.158899993 1.27500021 -0.122399963
v -0.140299991 1.23780024 -0.123699956
v -0.138899893 1.22540021 -0.111799963
v -0.151899993 1.2518003 -0.11979986
v -0.155399889 1.30560029 -0.123299964
v -0.167599991 1.29570019 -0.119499959
v -0.179299995 1.31280029 -0.107699953
v -0.148499891 1.28410029 -0.127599955
v -0.158899993 1.27500021 -0.122399963
v -0.167599991 1.29570019 -0.119499959
v -0.140699893 1.31700027 -0.128699958
v -0.112800002 1.33360028 -0.137099952
v -0.104300022 1.30360019 -0.145799935
v -0.150899991 1.33790028 -0.114099942
v -0.121200018 1.35770023 -0.120599948
v -0.112800002 1.33360028 -0.137099952
v -0.04509997 1.27960026 -0.149299949
v -0.0454000197 1.24840021 -0.143899947
v -0.0698999688 1.24900019 -0.147399962
v -0.0730999708 1.31250024 -0.150599957
v -0.04509997 1.3166002 -0.147399962
v -0.04509997 1.27960026 -0.149299949
v -0.0712000132 1.2778002 -0.15169996
v -0.0986999795 1.2742002 -0.147199959
v -0.104300022 1.30360019 -0.145799935
v -0.0712000132 1.2778002 -0.15169996
v -0.0698999688 1.24900019 -0.147399962
v -0.0924999714 1.2505002 -0.145399958
v -0.0691000223 1.27320027 0.0733000934
v -0.040099971 1.26690018 0.0696000755
v -0.0411999822 1.28690028 0.0602000728
v -0.0674999952 1.24380028 0.0875000656
v -0.0411999822 1.23840022 0.0823000968
v -0.0397999808 1.25210023 0.0753000677
v -0.0677999854 1.25870025 0.07970009
v -0.0965999886 1.2633003 0.0744000971
v -0.0960999727 1.24830019 0.0839000642
v -0.0707999989 1.29060018 0.0604001023
v -0.0998999998 1.28940022 0.0523000695
v -0.0982999727 1.27450025 0.0660000741
v -0.0149999866 1.26020026 0.0668000877
v 0.0131000206 1.25400031 0.0619001091
v 0.0138999783 1.27290022 0.0539000966
v -0.0156000266 1.2318002 0.0771000683
v 0.00999999046 1.22730029 0.0740000904
v 0.0119000003 1.23990023 0.0677001178
v -0.0149999866 1.24500024 0.0713001192
v -0.0397999808 1.25210023 0.0753000677
v -0.0411999822 1.23840022 0.0823000968
v -0.0134999799 1.28070021 0.0577000715
v -0.0411999822 1.28690028 0.0602000728
v -0.040099971 1.26690018 0.0696000755
v -0.1347 0.990300059 -0.00849996507
v -0.130599886 1.00769997 -0.0066999644
v -0.1329 1.00849998 -0.0263998583
v -0.129899889 0.990499973 0.0123000965
v -0.125199988 1.0079 0.0150000677
v -0.130599886 1.00769997 -0.0066999644
v -0.13959989 0.97299999 -0.0094999671
v -0.148099989 0.948099971 -0.00959996134
v -0.14199999 0.946300089 0.0117000565
v -0.13959989 0.97299999 -0.0094999671
v -0.142199993 0.97450006 -0.0296999738
v -0.150799885 0.950699985 -0.0307999775
v -0.122699969 0.990100086 0.0252000839
v -0.118600011 1.00779998 0.0276000649
v -0.125199988 1.0079 0.0150000677
v -0.0950999781 0.988700092 0.0496000871
v -0.0935000107 1.00600016 0.0491000675
v -0.11019998 1.00670016 0.0386001095
v -0.118300021 0.972200096 0.0375001058
v -0.121399991 0.943799973 0.0373000652
v -0.0982999727 0.942999959 0.0506000742
v -0.134599894 0.972499967 0.0113001093
v -0.14199999 0.946300089 0.0117000565
v -0.133399889 0.944599986 0.0246001035
v -0.125799984 1.08160007 -0.00189995766
v -0.128099889 1.08440006 -0.0213998631
v -0.127899989 1.06449997 -0.0208999589
v -0.125599891 1.06210017 -0.00049996376
v -0.119899981 1.06099999 0.0211000666
v -0.120800011 1.08169997 0.0188001022
v -0.126399994 1.02680016 -0.00259996206
v -0.130599886 1.00769997 -0.0066999644
v -0.125199988 1.0079 0.0150000677
v -0.128499895 1.02719998 -0.022899963
v -0.1329 1.00849998 -0.0263998583
v -0.130599886 1.00769997 -0.0066999644
v -0.113399982 1.06210017 0.0326000676
v -0.115299992 1.08389997 0.0318001211
v -0.120800011 1.08169997 0.0188001022
v -0.0907000303 1.06930006 0.05600008
v -0.0960999727 1.09220016 0.0631000549
v -0.11019998 1.08790016 0.0465001091
v -0.107200019 1.02559996 0.0413000733
v -0.11019998 1.00670016 0.0386001095
v -0.0935000107 1.00600016 0.0491000675
v -0.120700002 1.02690017 0.0199001059
v -0.125199988 1.0079 0.0150000677
v -0.118600011 1.00779998 0.0276000649
v -0.148099989 0.948099971 -0.00959996134
v -0.150799885 0.950699985 -0.0307999775
v -0.158399984 0.928399861 -0.0318999663
v -0.155799896 0.926099956 -0.00959996134
v -0.14729999 0.923300087 0.0120001063
v -0.14199999 0.946300089 0.0117000565
v -0.155799896 0.926099956 -0.00959996134
v -0.162199885 0.902199984 -0.013099961
v -0.150599986 0.899100006 0.0111000761
v -0.158399984 0.928399861 -0.0318999663
v -0.168299988 0.90200007 -0.0340999737
v -0.162199885 0.902199984 -0.013099961
v -0.137400001 0.921199858 0.0241000876
v -0.133399889 0.944599986 0.0246001035
v -0.14199999 0.946300089 0.0117000565
v -0.100300014 0.918500066 0.0498000532
v -0.0982999727 0.942999959 0.0506000742
v -0.121399991 0.943799973 0.0373000652
v -0.124899894 0.920099974 0.0361001045
v -0.128499895 0.897700012 0.0321001038
v -0.102100007 0.896399975 0.0489000827
v -0.14729999 0.923300087 0.0120001063
v -0.150599986 0.899100006 0.0111000761
v -0.140399992 0.897700012 0.0208000764
v -0.135099992 1.15730023 0.00670004636
v -0.135899991 1.17830026 0.0114000738
v -0.135899991 1.17170024 -0.0181999579
v -0.132399991 1.16090024 0.0288000926
v -0.133399889 1.18380022 0.0375001132
v -0.135899991 1.17830026 0.0114000738
v -0.127599984 1.10300016 -0.00159996003
v -0.125799984 1.08160007 -0.00189995766
v -0.120800011 1.08169997 0.0188001022
v -0.127599984 1.10300016 -0.00159996003
v -0.130499989 1.10679996 -0.0219999626
v -0.128099889 1.08440006 -0.0213998631
v -0.126800001 1.16340029 0.0481000841
v -0.130599886 1.1893003 0.0670001134
v -0.133399889 1.18380022 0.0375001132
v -0.101499967 1.1650002 0.0805000961
v -0.102399997 1.18860018 0.0943000615
v -0.120999992 1.18820024 0.0826000869
v -0.115699999 1.11109996 0.0498000644
v -0.11019998 1.08790016 0.0465001091
v -0.0960999727 1.09220016 0.0631000549
v -0.124599993 1.10570002 0.0198000968
v -0.120800011 1.08169997 0.0188001022
v -0.115299992 1.08389997 0.0318001211
v -0.141299888 1.21770024 0.0185000524
v -0.14489989 1.22690022 0.0135000646
v -0.145699888 1.21090019 -0.012099959
v -0.1338 1.22690022 0.033300072
v -0.144499987 1.2439003 0.0378001109
v -0.14489989 1.22690022 0.0135000646
v -0.135899991 1.19440019 0.0169000924
v -0.135899991 1.17830026 0.0114000738
v -0.133399889 1.18380022 0.0375001132
v -0.138099998 1.1857003 -0.0126999542
v -0.135899991 1.17170024 -0.0181999579
v -0.135899991 1.17830026 0.0114000738
v -0.129399985 1.24640024 0.0460000969
v -0.144499987 1.2439003 0.0378001109
v -0.1338 1.22690022 0.033300072
v -0.120100021 1.23420024 0.0772000849
v -0.100000024 1.22850025 0.0944000781
v -0.0960999727 1.24830019 0.0839000642
v -0.122900002 1.20140028 0.0846000612
v -0.120999992 1.18820024 0.0826000869
v -0.102399997 1.18860018 0.0943000615
v -0.133399889 1.20130026 0.0426000655
v -0.133399889 1.18380022 0.0375001132
v -0.130599886 1.1893003 0.0670001134
v -0.137799889 1.27870023 0.0308000818
v -0.146200001 1.2713002 0.0227001086
v -0.145099998 1.26440024 0.0305000916
v -0.123999991 1.27180028 0.0528000891
v -0.0982999727 1.27450025 0.0660000741
v -0.0998999998 1.28940022 0.0523000695
v -0.118199997 1.24950027 0.0663000643
v -0.0960999727 1.24830019 0.0839000642
v -0.0965999886 1.2633003 0.0744000971
v -0.145499989 1.25670028 0.0362000838
v -0.144499987 1.2439003 0.0378001109
v -0.129399985 1.24640024 0.0460000969
v -0.121100001 0.994500101 -0.0742999539
v -0.118199997 1.01240015 -0.0697999522
v -0.10860002 1.01380014 -0.0770999566
v -0.129899889 0.993700087 -0.0614999607
v -0.125999898 1.01120007 -0.0581999496
v -0.118199997 1.01240015 -0.0697999522
v -0.125399992 0.976300001 -0.0789999738
v -0.133899897 0.95209986 -0.0871999785
v -0.144599989 0.952499986 -0.0698998645
v -0.113600008 0.975699961 -0.0889999643
v -0.120499961 0.951799989 -0.099199973
v -0.133899897 0.95209986 -0.0871999785
v -0.130699992 1.00919998 -0.043499954
v -0.125999898 1.01120007 -0.0581999496
v -0.129899889 0.993700087 -0.0614999607
v -0.136899993 0.99180001 -0.0281999633
v -0.1329 1.00849998 -0.0263998583
v -0.130699992 1.00919998 -0.043499954
v -0.140399992 0.975099862 -0.048199974
v -0.150199994 0.951599956 -0.0507999733
v -0.150799885 0.950699985 -0.0307999775
v -0.140399992 0.975099862 -0.048199974
v -0.135199994 0.976199985 -0.0647999719
v -0.144599989 0.952499986 -0.0698998645
v -0.115400009 1.10909998 -0.0746999606
v -0.103900008 1.11590016 -0.0871999636
v -0.107500009 1.08700001 -0.0804999545
v -0.117699981 1.08029997 -0.0683999583
v -0.123599999 1.07309997 -0.0542999581
v -0.124299988 1.09940016 -0.0577999577
v -0.118199997 1.01240015 -0.0697999522
v -0.125999898 1.01120007 -0.0581999496
v -0.122500002 1.02970016 -0.0543999597
v -0.116299979 1.03209996 -0.0651998594
v -0.107200019 1.03569996 -0.0756999627
v -0.10860002 1.01380014 -0.0770999566
v -0.127699882 1.0891 -0.0383999571
v -0.124299988 1.09940016 -0.0577999577
v -0.123599999 1.07309997 -0.0542999581
v -0.127099991 1.06760001 -0.0375999585
v -0.127899989 1.06449997 -0.0208999589
v -0.128099889 1.08440006 -0.0213998631
v -0.126599997 1.02719998 -0.0396999493
v -0.130699992 1.00919998 -0.043499954
v -0.1329 1.00849998 -0.0263998583
v -0.126599997 1.02719998 -0.0396999493
v -0.122500002 1.02970016 -0.0543999597
v -0.125999898 1.01120007 -0.0581999496
v -0.13989988 0.929799855 -0.0940999761
v -0.133899897 0.95209986 -0.0871999785
v -0.120499961 0.951799989 -0.099199973
v -0.151999995 0.930299997 -0.0755999759
v -0.144599989 0.952499986 -0.0698998645
v -0.133899897 0.95209986 -0.0871999785
v -0.13989988 0.929799855 -0.0940999761
v -0.143699989 0.905299962 -0.0983999744
v -0.15519999 0.902399957 -0.0805999711
v -0.13989988 0.929799855 -0.0940999761
v -0.126299888 0.931200087 -0.106999971
v -0.132299989 0.910899997 -0.114999972
v -0.158099994 0.928900003 -0.0544999763
v -0.150199994 0.951599956 -0.0507999733
v -0.144599989 0.952499986 -0.0698998645
v -0.158399984 0.928399861 -0.0318999663
v -0.150799885 0.950699985 -0.0307999775
v -0.150199994 0.951599956 -0.0507999733
v -0.158099994 0.928900003 -0.0544999763
v -0.161999986 0.902099967 -0.0593999699
v -0.168299988 0.90200007 -0.0340999737
v -0.151999995 0.930299997 -0.0755999759
v -0.15519999 0.902399957 -0.0805999711
v -0.161999986 0.902099967 -0.0593999699
v -0.128999993 1.1778003 -0.0958999619
v -0.11900001 1.18580019 -0.112999849
v -0.114199989 1.17330027 -0.106799953
v -0.124899894 1.1656003 -0.0914999619
v -0.131599993 1.15920019 -0.071199961
v -0.135399997 1.17120028 -0.0723998621
v -0.115400009 1.10909998 -0.0746999606
v -0.124299988 1.09940016 -0.0577999577
v -0.1259 1.12290001 -0.0639999583
v -0.117299974 1.13170028 -0.0814999565
v -0.106400013 1.13850021 -0.0942999497
v -0.103900008 1.11590016 -0.0871999636
v -0.137899995 1.1692003 -0.0454999581
v -0.135399997 1.17120028 -0.0723998621
v -0.131599993 1.15920019 -0.071199961
v -0.134299994 1.15450025 -0.0217999592
v -0.135899991 1.17170024 -0.0181999579
v -0.137899995 1.1692003 -0.0454999581
v -0.127699882 1.0891 -0.0383999571
v -0.128099889 1.08440006 -0.0213998631
v -0.130499989 1.10679996 -0.0219999626
v -0.130699992 1.11370015 -0.0419999585
v -0.1259 1.12290001 -0.0639999583
v -0.124299988 1.09940016 -0.0577999577
v -0.150399894 1.21160018 -0.0910998508
v -0.138899893 1.22540021 -0.111799963
v -0.141799897 1.21420026 -0.109799959
v -0.143699989 1.2051003 -0.0930999592
v -0.145999998 1.19740021 -0.0677999631
v -0.150199994 1.20280027 -0.0665999576
v -0.128999993 1.1778003 -0.0958999619
v -0.135399997 1.17120028 -0.0723998621
v -0.139099985 1.1814003 -0.0708999559
v -0.1338 1.1880002 -0.0957999602
v -0.125099987 1.19460022 -0.113199957
v -0.11900001 1.18580019 -0.112999849
v -0.145899981 1.1959002 -0.0392999575
v -0.148899987 1.20120025 -0.0392999575
v -0.150199994 1.20280027 -0.0665999576
v -0.1426 1.20430028 -0.00949995965
v -0.145699888 1.21090019 -0.012099959
v -0.148899987 1.20120025 -0.0392999575
v -0.140799999 1.17970026 -0.0428999588
v -0.137899995 1.1692003 -0.0454999581
v -0.135899991 1.17170024 -0.0181999579
v -0.139099985 1.1814003 -0.0708999559
v -0.135399997 1.17120028 -0.0723998621
v -0.137899995 1.1692003 -0.0454999581
v -0.150399894 1.21160018 -0.0910998508
v -0.150199994 1.20280027 -0.0665999576
v -0.157999992 1.20630026 -0.064799957
v -0.14379999 1.22120023 -0.107999958
v -0.138899893 1.22540021 -0.111799963
v -0.150399894 1.21160018 -0.0910998508
v -0.1417 1.19810021 -0.0905999616
v -0.149099991 1.18630028 -0.0865999535
v -0.156199992 1.1952002 -0.0967998579
v -0.138999999 1.1936003 -0.0740999505
v -0.146299988 1.1821003 -0.071199961
v -0.149099991 1.18630028 -0.0865999535
v -0.148899987 1.20120025 -0.0392999575
v -0.145699888 1.21090019 -0.012099959
v -0.151999995 1.2160002 -0.0159998536
v -0.154999897 1.20570028 -0.0406999514
v -0.157999992 1.20630026 -0.064799957
v -0.150199994 1.20280027 -0.0665999576
v -0.138499886 1.19570029 -0.0546999499
v -0.14729999 1.18400025 -0.0529998615
v -0.146299988 1.1821003 -0.071199961
v -0.138499886 1.19570029 -0.0546999499
v -0.141299888 1.20140028 -0.0358999595
v -0.15109989 1.18950021 -0.0362999514
v 0.176599905 1.16120028 -0.0641999617
v 0.182499915 1.16320026 -0.0591999516
v 0.174099907 1.16280019 -0.0497998521
v 0.234800011 1.17730021 -0.0700999573
v 0.247600019 1.18260026 -0.0598999634
v 0.2421 1.18170023 -0.0551999584
v -0.192399889 1.33070028 -0.0419999436
v -0.193799883 1.32990026 -0.0638999417
v -0.205399886 1.31460023 -0.0608998612
v -0.203699991 1.31520021 -0.0400998518
v -0.198199883 1.31100023 -0.0212999508
v -0.185599893 1.3251003 -0.0219999477
v -0.224599883 1.24980021 -0.0382998511
v -0.218499988 1.24670029 -0.0229999498
v -0.213199884 1.27100027 -0.0212999508
v -0.220999897 1.27380025 -0.055899851
v -0.226699889 1.24980021 -0.0553999618
v -0.224599883 1.24980021 -0.0382998511
v -0.163699895 1.26910031 0.00780005008
v -0.153699994 1.27820027 0.0135000721
v -0.166299984 1.29470026 0.00370004773
v -0.153399989 1.25850022 0.014100112
v -0.146200001 1.2713002 0.0227001086
v -0.153699994 1.27820027 0.0135000721
v -0.190499991 1.2232002 -0.00109995902
v -0.18009989 1.21690023 -0.00259995461
v -0.171299994 1.23440027 0.000300042331
v -0.182199985 1.24190021 0.000700049102
v -0.193499893 1.25280023 -0.00159995258
v -0.200899988 1.23190022 -0.003299959
v -0.145099998 1.26440024 0.0305000916
v -0.146200001 1.2713002 0.0227001086
v -0.153399989 1.25850022 0.014100112
v -0.151999995 1.24720025 0.022600092
v -0.152999997 1.24230027 0.0201000944
v -0.144499987 1.2439003 0.0378001109
v -0.166999996 1.2088002 -0.00829995424
v -0.162599891 1.2038002 -0.0137999579
v -0.153199986 1.21800029 -0.00819995999
v -0.162899897 1.22870028 -0.000199854374
v -0.171299994 1.23440027 0.000300042331
v -0.18009989 1.21690023 -0.00259995461
v -0.14489989 1.22690022 0.0135000646
v -0.144499987 1.2439003 0.0378001109
v -0.152999997 1.24230027 0.0201000944
v -0.152199894 1.23080027 0.00510004163
v -0.151999995 1.2160002 -0.0159998536
v -0.145699888 1.21090019 -0.012099959
v -0.156699985 1.19680023 -0.0229999498
v -0.15109989 1.18950021 -0.0362999514
v -0.141299888 1.20140028 -0.0358999595
v -0.147099882 1.21010029 -0.0200999603
v -0.153199986 1.21800029 -0.00819995999
v -0.162599891 1.2038002 -0.0137999579
v -0.175899893 1.31270027 -0.00739984959
v -0.185599893 1.3251003 -0.0219999477
v -0.198199883 1.31100023 -0.0212999508
v -0.187599987 1.30130029 -0.00719995052
v -0.176099986 1.28530025 0.00120005012
v -0.166299984 1.29470026 0.00370004773
v -0.20979999 1.24060023 -0.0104999468
v -0.200899988 1.23190022 -0.003299959
v -0.193499893 1.25280023 -0.00159995258
v -0.20449999 1.26420021 -0.00889994949
v -0.213199884 1.27100027 -0.0212999508
v -0.218499988 1.24670029 -0.0229999498
v -0.155599996 1.24170029 -0.115299962
v -0.151899993 1.2518003 -0.11979986
v -0.138899893 1.22540021 -0.111799963
v -0.165599987 1.2633003 -0.118299954
v -0.158899993 1.27500021 -0.122399963
v -0.151899993 1.2518003 -0.11979986
v -0.160299987 1.21930027 -0.10749995
v -0.170199886 1.20530021 -0.100699954
v -0.187299892 1.21390021 -0.101499863
v -0.147599995 1.20720029 -0.102099963
v -0.156199992 1.1952002 -0.0967998579
v -0.170199886 1.20530021 -0.100699954
v -0.177299887 1.28540027 -0.116099961
v -0.167599991 1.29570019 -0.119499959
v -0.158899993 1.27500021 -0.122399963
v -0.189799994 1.29980028 -0.105699964
v -0.179299995 1.31280029 -0.107699953
v -0.167599991 1.29570019 -0.119499959
v -0.192699984 1.24950027 -0.105299957
v -0.20189999 1.22730029 -0.0981999561
v -0.214699894 1.23930025 -0.0908999518
v -0.177699894 1.23340023 -0.10839995
v -0.187299892 1.21390021 -0.101499863
v -0.20189999 1.22730029 -0.0981999561
v -0.208999991 1.20410025 -0.0947999582
v -0.20189999 1.22730029 -0.0981999561
v -0.187299892 1.21390021 -0.101499863
v -0.221199885 1.21420026 -0.0872999504
v -0.214699894 1.23930025 -0.0908999518
v -0.20189999 1.22730029 -0.0981999561
v -0.204899997 1.16280019 -0.0941999629
v -0.191899985 1.15760028 -0.0943999514
v -0.195099995 1.16050029 -0.0835999623
v -0.216899991 1.18530023 -0.00309985876
v -0.227999985 1.18990028 -0.0129999593
v -0.222599894 1.18390024 -0.0195998624
v -0.179599985 1.1857003 -0.0975999609
v -0.170199886 1.20530021 -0.100699954
v -0.156199992 1.1952002 -0.0967998579
v -0.195299894 1.19320023 -0.097899951
v -0.187299892 1.21390021 -0.101499863
v -0.170199886 1.20530021 -0.100699954
v -0.18339999 1.17040026 -0.00649995357
v -0.187899992 1.17250025 -0.00339995325
v -0.190399989 1.17040026 -0.0132999569
v -0.167699993 1.15830028 -0.0321999565
v -0.173299983 1.16360021 -0.0193999633
v -0.179499894 1.16370022 -0.0260999575
v -0.20979999 1.24060023 -0.0104999468
v -0.218499988 1.24670029 -0.0229999498
v -0.225099996 1.22400022 -0.0238998607
v -0.216499984 1.21860027 -0.0114999563
v -0.207099989 1.21140027 -0.00359995663
v -0.200899988 1.23190022 -0.003299959
v -0.206399992 1.17990029 -0.00139995664
v -0.216899991 1.18530023 -0.00309985876
v -0.212999985 1.18040025 -0.012099959
v -0.162399992 1.15400028 -0.0480999574
v -0.171499893 1.15680027 -0.0471999571
v -0.169199988 1.15520024 -0.0607999638
v -0.156699985 1.19680023 -0.0229999498
v -0.162599891 1.2038002 -0.0137999579
v -0.169099897 1.18900025 -0.0131999552
v -0.163699895 1.18300021 -0.0222999528
v -0.158299893 1.1764003 -0.0351999626
v -0.15109989 1.18950021 -0.0362999514
v -0.239799887 1.18660021 -0.070199959
v -0.230099991 1.17930019 -0.0837999508
v -0.225199893 1.17680025 -0.0747999623
v -0.241699889 1.19260025 -0.038999863
v -0.243299887 1.19100022 -0.0545999631
v -0.23529999 1.18450022 -0.0520999506
v -0.172099993 1.21290028 -0.00499995798
v -0.18009989 1.21690023 -0.00259995461
v -0.186399996 1.19980025 -0.00209995359
v -0.173499987 1.19280028 -0.00839995593
v -0.169099897 1.18900025 -0.0131999552
v -0.162599891 1.2038002 -0.0137999579
v -0.187899992 1.17250025 -0.00339995325
v -0.196399897 1.17570019 -0.000899858773
v -0.197199985 1.17310023 -0.0105998591
v -0.196399897 1.17570019 -0.000899858773
v -0.206399992 1.17990029 -0.00139995664
v -0.204799995 1.17620027 -0.0108999535
v -0.190499991 1.2232002 -0.00109995902
v -0.200899988 1.23190022 -0.003299959
v -0.207099989 1.21140027 -0.00359995663
v -0.19659999 1.20500028 -0.000999957323
v -0.186399996 1.19980025 -0.00209995359
v -0.18009989 1.21690023 -0.00259995461
v 0.234800011 1.17730021 -0.0700999573
v 0.231100023 1.1772002 -0.06409996
v 0.218699902 1.17410028 -0.0677999631
v 0.198599905 1.1764003 0.0146000609
v 0.199999914 1.17590022 0.00670004636
v 0.203599915 1.17740023 0.00880011171
v -0.23089999 1.22640026 -0.0386999622
v -0.224599883 1.24980021 -0.0382998511
v -0.226699889 1.24980021 -0.0553999618
v -0.23089999 1.22640026 -0.0386999622
v -0.225099996 1.22400022 -0.0238998607
v -0.218499988 1.24670029 -0.0229999498
v 0.217100009 1.1837002 0.0184001029
v 0.214699909 1.18240023 0.0122000799
v 0.221999913 1.18520021 0.00990006328
v 0.253399998 1.19440019 -0.0159998536
v 0.243400007 1.18990028 -0.0183999613
v 0.246199995 1.1880002 -0.0306999609
v -0.189499885 1.32350028 -0.0874998346
v -0.179299995 1.31280029 -0.107699953
v -0.189799994 1.29980028 -0.105699964
v -0.201199993 1.30850029 -0.0849998519
v -0.205399886 1.31460023 -0.0608998612
v -0.193799883 1.32990026 -0.0638999417
v -0.223399997 1.24810028 -0.0749999508
v -0.226699889 1.24980021 -0.0553999618
v -0.220999897 1.27380025 -0.055899851
v -0.207099989 1.26470029 -0.0965999588
v -0.214699894 1.23930025 -0.0908999518
v -0.223399997 1.24810028 -0.0749999508
v -0.14729999 1.18400025 -0.0529998615
v -0.15109989 1.18950021 -0.0362999514
v -0.158299893 1.1764003 -0.0351999626
v -0.152399987 1.1699003 -0.0685999617
v -0.146299988 1.1821003 -0.071199961
v -0.14729999 1.18400025 -0.0529998615
v 0.236400008 1.19180024 0.0111000836
v 0.229200006 1.18740022 0.00250004232
v 0.237100005 1.1893003 -0.00719995797
v 0.163900003 1.1620003 -0.0343999639
v 0.16719991 1.16090024 -0.0528999493
v 0.174099907 1.16280019 -0.0497998521
v -0.156199992 1.17270029 -0.0843999609
v -0.149099991 1.18630028 -0.0865999535
v -0.146299988 1.1821003 -0.071199961
v -0.165799886 1.17850029 -0.0934999511
v -0.156199992 1.1952002 -0.0967998579
v -0.149099991 1.18630028 -0.0865999535
v 0.225899905 1.18700027 0.0165000856
v 0.221999913 1.18520021 0.00990006328
v 0.229200006 1.18740022 0.00250004232
v 0.189999908 1.17310023 0.0068000406
v 0.193499908 1.17310023 -0.00049995631
v 0.199999914 1.17590022 0.00670004636
v 0.171200007 1.16510022 -0.0172999576
v 0.163900003 1.1620003 -0.0343999639
v 0.17339991 1.16440022 -0.0328998491
v 0.246100008 1.19380021 -0.00159996003
v 0.237100005 1.1893003 -0.00719995797
v 0.243400007 1.18990028 -0.0183999613
v 0.180800006 1.16880023 -0.00339995325
v 0.18720001 1.16980028 -0.00869995356
v 0.193499908 1.17310023 -0.00049995631
v 0.219099909 1.17300022 -0.0748999491
v 0.218699902 1.17410028 -0.0677999631
v 0.205699906 1.1692003 -0.06849996
v 0.180800006 1.16880023 -0.00339995325
v 0.171200007 1.16510022 -0.0172999576
v 0.179899916 1.16700029 -0.0194999501
v 0.190599903 1.16400027 -0.0712999627
v 0.194299906 1.16590023 -0.0649999604
v 0.182499915 1.16320026 -0.0591999516
v 0.204399914 1.16780019 -0.0753999576
v 0.205699906 1.1692003 -0.06849996
v 0.194299906 1.16590023 -0.0649999604
v 0.254600018 1.18750024 -0.0464999601
v 0.246100008 1.1851002 -0.0425998494
v 0.2421 1.18170023 -0.0551999584
v -0.179399893 1.15630019 -0.0921999589
v -0.166599885 1.1535002 -0.0831998512
v -0.174799889 1.15630019 -0.0748999491
v -0.191899985 1.15760028 -0.0943999514
v -0.179399893 1.15630019 -0.0921999589
v -0.184599996 1.15860021 -0.0816998556
v -0.218499988 1.17250025 -0.0908999518
v -0.204899997 1.16280019 -0.0941999629
v -0.205399886 1.1650002 -0.0836999491
v -0.243299887 1.19100022 -0.0545999631
v -0.239799887 1.18660021 -0.070199959
v -0.232399896 1.18130028 -0.064799957
v -0.167699993 1.15830028 -0.0321999565
v -0.175499991 1.15980029 -0.0356999561
v -0.171499893 1.15680027 -0.0471999571
v -0.173299983 1.16360021 -0.0193999633
v -0.178799897 1.16800022 -0.00989985466
v -0.183699891 1.16710019 -0.0183999613
v -0.159799993 1.15230024 -0.0655998513
v -0.169199988 1.15520024 -0.0607999638
v -0.174799889 1.15630019 -0.0748999491
v -0.236399993 1.19190025 -0.0249998495
v -0.230199993 1.18630028 -0.0293999538
v -0.222599894 1.18390024 -0.0195998624
v -0.241699889 1.19260025 -0.038999863
v -0.234099895 1.18610024 -0.0401999578
v -0.230199993 1.18630028 -0.0293999538
v -0.230099991 1.17930019 -0.0837999508
v -0.218499988 1.17250025 -0.0908999518
v -0.215799987 1.17170024 -0.0808999613
v -0.230399892 1.22210026 -0.0722999498
v -0.223399997 1.24810028 -0.0749999508
v -0.214699894 1.23930025 -0.0908999518
v -0.232899994 1.22580028 -0.0543999597
v -0.226699889 1.24980021 -0.0553999618
v -0.223399997 1.24810028 -0.0749999508
v 0.256900012 1.19190025 -0.0316999629
v 0.246199995 1.1880002 -0.0306999609
v 0.246100008 1.1851002 -0.0425998494
v 0.207499906 1.18000019 0.017900072
v 0.207399905 1.17940021 0.0111000836
v 0.214699909 1.18240023 0.0122000799
v -0.0806000233 1.33070028 0.0180001035
v -0.0508999825 1.33490026 0.017000109
v -0.0762000009 1.35150027 -0.0112999454
v -0.0957000181 1.34650028 -0.00659994781
v -0.120100021 1.33990026 -0.00759994984
v -0.111100011 1.32210028 0.0137000978
v -0.103999972 1.35950029 -0.0287999436
v -0.126599997 1.35450029 -0.0263998434
v -0.120100021 1.33990026 -0.00759994984
v -0.0957000181 1.34650028 -0.00659994781
v -0.0762000009 1.35150027 -0.0112999454
v -0.0870000124 1.36280024 -0.0310998484
v -0.139199883 1.31290019 0.00720004737
v -0.111100011 1.32210028 0.0137000978
v -0.120100021 1.33990026 -0.00759994984
v -0.175899893 1.31270027 -0.00739984959
v -0.166299984 1.29470026 0.00370004773
v -0.154699892 1.30330026 0.00500004739
v -0.162499994 1.32220018 -0.00809984654
v -0.170799896 1.33610022 -0.0227999464
v -0.185599893 1.3251003 -0.0219999477
v -0.147799879 1.33140028 -0.00759994984
v -0.120100021 1.33990026 -0.00759994984
v -0.126599997 1.35450029 -0.0263998434
v -0.103999972 1.35950029 -0.0287999436
v -0.0870000124 1.36280024 -0.0310998484
v -0.0926999971 1.37460029 -0.0524999425
v -0.109499991 1.37100029 -0.0522998348
v -0.13259998 1.36520028 -0.0509999469
v -0.126599997 1.35450029 -0.0263998434
v -0.109499991 1.37100029 -0.0522998348
v -0.111899972 1.37930024 -0.076299943
v -0.135499984 1.37010026 -0.0739999488
v -0.0926999971 1.37460029 -0.0524999425
v -0.0944999978 1.38560021 -0.0775999352
v -0.111899972 1.37930024 -0.076299943
v -0.153499991 1.34600019 -0.0243999436
v -0.126599997 1.35450029 -0.0263998434
v -0.13259998 1.36520028 -0.0509999469
v -0.192399889 1.33070028 -0.0419999436
v -0.185599893 1.3251003 -0.0219999477
v -0.170799896 1.33610022 -0.0227999464
v -0.178099886 1.34310019 -0.0451999381
v -0.179699987 1.34280026 -0.0663999394
v -0.193799883 1.32990026 -0.0638999417
v -0.13259998 1.36520028 -0.0509999469
v -0.135499984 1.37010026 -0.0739999488
v -0.162899897 1.35510027 -0.0699999407
v -0.0231000185 0.976499856 -0.123399876
v 0.000599980354 0.981099963 -0.12189997
v 0.000699989498 0.9551 -0.132099986
v -0.0217999816 1.01810002 -0.111599959
v 0.000800009817 1.01859999 -0.111699961
v 0.000800009817 1.00209999 -0.116199858
v -0.0224999785 0.998900056 -0.116499953
v -0.0397999808 0.994700074 -0.114599951
v -0.0421000123 1.01559997 -0.108599953
v -0.0232999921 0.951399863 -0.134199858
v -0.0411000177 0.949499965 -0.132999957
v -0.0388000011 0.972200096 -0.122199975
v -0.016900003 1.32470024 0.0268000737
v 0.0142999813 1.31930029 0.02790007
v 0.0138999783 1.33220029 0.0190000907
v -0.0163000226 1.33790028 0.014100112
v -0.0437999889 1.34930027 0.00230015069
v -0.0508999825 1.33490026 0.017000109
v -0.0145999789 1.34490025 0.00720004737
v -0.0406000018 1.35500026 -0.00599995255
v -0.0437999889 1.34930027 0.00230015069
v -0.0163000226 1.33790028 0.014100112
v 0.0138999783 1.33220029 0.0190000907
v 0.0137000009 1.33960021 0.0127001107
v -0.0651000142 1.35650027 -0.0168999508
v -0.0437999889 1.34930027 0.00230015069
v -0.0406000018 1.35500026 -0.00599995255
v -0.0762000009 1.35150027 -0.0112999454
v -0.0508999825 1.33490026 0.017000109
v -0.0437999889 1.34930027 0.00230015069
v -0.0651000142 1.35650027 -0.0168999508
v -0.0760999918 1.36600029 -0.0338999406
v -0.0870000124 1.36280024 -0.0310998484
v -0.058600001 1.36090028 -0.0219999477
v -0.0688999817 1.36950028 -0.0370999351
v -0.0760999918 1.36600029 -0.0338999406
v -0.0824999809 1.37840021 -0.0531999394
v -0.0760999918 1.36600029 -0.0338999406
v -0.0688999817 1.36950028 -0.0370999351
v -0.0926999971 1.37460029 -0.0524999425
v -0.0870000124 1.36280024 -0.0310998484
v -0.0760999918 1.36600029 -0.0338999406
v -0.0824999809 1.37840021 -0.0531999394
v -0.0814999938 1.39000022 -0.0794999376
v -0.0944999978 1.38560021 -0.0775999352
v -0.0756000206 1.38150024 -0.0557999387
v -0.0734000206 1.39190018 -0.0797999427
v -0.0814999938 1.39000022 -0.0794999376
v -0.0141999722 1.38510025 -0.123999946
v -0.0404000208 1.3890003 -0.117799945
v -0.0339000225 1.39380026 -0.108899944
v -0.016900003 1.37090027 -0.129699945
v -0.0508999825 1.37740028 -0.126899928
v -0.0404000208 1.3890003 -0.117799945
v 0.0167000182 1.3811003 -0.124499835
v 0.0160999782 1.36600029 -0.129799932
v -0.016900003 1.37090027 -0.129699945
v -0.0108000105 1.39310026 -0.11309994
v 0.0163999684 1.3913002 -0.114499949
v 0.0167000182 1.3811003 -0.124499835
v -0.125099987 1.28400028 0.0398000777
v -0.0998999998 1.28940022 0.0523000695
v -0.103999972 1.3065002 0.034900099
v -0.143699989 1.2864002 0.0193000808
v -0.153699994 1.27820027 0.0135000721
v -0.146200001 1.2713002 0.0227001086
v -0.154699892 1.30330026 0.00500004739
v -0.166299984 1.29470026 0.00370004773
v -0.153699994 1.27820027 0.0135000721
v -0.129899889 1.29590023 0.0242001191
v -0.103999972 1.3065002 0.034900099
v -0.111100011 1.32210028 0.0137000978
v -0.0734999701 1.3101002 0.0420000926
v -0.103999972 1.3065002 0.034900099
v -0.0998999998 1.28940022 0.0523000695
v -0.0806000233 1.33070028 0.0180001035
v -0.111100011 1.32210028 0.0137000978
v -0.103999972 1.3065002 0.034900099
v -0.0734999701 1.3101002 0.0420000926
v -0.0436999723 1.30750024 0.0433000699
v -0.0508999825 1.33490026 0.017000109
v -0.0707999989 1.29060018 0.0604001023
v -0.0411999822 1.28690028 0.0602000728
v -0.0436999723 1.30750024 0.0433000699
v -0.0134999799 1.28070021 0.0577000715
v 0.0138999783 1.27290022 0.0539000966
v 0.0142999813 1.29670024 0.0422000587
v -0.0142999897 1.3021003 0.0441000834
v -0.0436999723 1.30750024 0.0433000699
v -0.0411999822 1.28690028 0.0602000728
v -0.016900003 1.32470024 0.0268000737
v -0.0508999825 1.33490026 0.017000109
v -0.0436999723 1.30750024 0.0433000699
v -0.0142999897 1.3021003 0.0441000834
v 0.0142999813 1.29670024 0.0422000587
v 0.0142999813 1.31930029 0.02790007
v -0.0778999925 1.34540021 -0.142999947
v -0.0478000008 1.35070026 -0.139799953
v -0.04509997 1.3166002 -0.147399962
v -0.0842000246 1.37050021 -0.126199931
v -0.0508999825 1.37740028 -0.126899928
v -0.0478000008 1.35070026 -0.139799953
v -0.112800002 1.33360028 -0.137099952
v -0.121200018 1.35770023 -0.120599948
v -0.0842000246 1.37050021 -0.126199931
v -0.0730999708 1.31250024 -0.150599957
v -0.104300022 1.30360019 -0.145799935
v -0.112800002 1.33360028 -0.137099952
v -0.0647 1.39300025 -0.101999946
v -0.0814999938 1.39000022 -0.0794999376
v -0.0734000206 1.39190018 -0.0797999427
v -0.0759000108 1.38810027 -0.102799945
v -0.0944999978 1.38560021 -0.0775999352
v -0.0814999938 1.39000022 -0.0794999376
v -0.0647 1.39300025 -0.101999946
v -0.0404000208 1.3890003 -0.117799945
v -0.0508999825 1.37740028 -0.126899928
v -0.0570999905 1.39460027 -0.0988999382
v -0.0339000225 1.39380026 -0.108899944
v -0.0404000208 1.3890003 -0.117799945
v 0.000199969858 1.03700006 -0.110999949
v 0.000800009817 1.01859999 -0.111699961
v -0.0217999816 1.01810002 -0.111599959
v -0.0296000242 1.08449996 -0.106699951
v -0.0296999812 1.11080015 -0.108499952
v 0.00660002045 1.10450006 -0.111599959
v -0.0522000119 1.08679998 -0.101199962
v -0.0519000217 1.11250007 -0.104399957
v -0.0296999812 1.11080015 -0.108499952
v -0.0254999995 1.03850007 -0.109499954
v -0.0217999816 1.01810002 -0.111599959
v -0.0421000123 1.01559997 -0.108599953
v 0.000199969858 0.932700098 -0.143499881
v 0.00160001963 0.904899955 -0.153399974
v -0.0231000185 0.907899976 -0.155099988
v -0.0232999921 0.951399863 -0.134199858
v 0.000699989498 0.9551 -0.132099986
v 0.000199969858 0.932700098 -0.143499881
v -0.0235000253 0.930999994 -0.144799978
v -0.0425000116 0.930299997 -0.142999977
v -0.0411000177 0.949499965 -0.132999957
v -0.0235000253 0.930999994 -0.144799978
v -0.0231000185 0.907899976 -0.155099988
v -0.0428000018 0.908699989 -0.15169999
v 0.01069998 1.12830007 -0.113899954
v 0.00660002045 1.10450006 -0.111599959
v -0.0296999812 1.11080015 -0.108499952
v -0.0260000229 1.17730021 -0.118399851
v -0.0242999792 1.1930002 -0.12159995
v 0.0150999986 1.18390024 -0.117699958
v -0.0486999676 1.17980027 -0.119599961
v -0.0475000106 1.19470024 -0.124599956
v -0.0242999792 1.1930002 -0.12159995
v -0.0292000175 1.13610029 -0.111999951
v -0.0296999812 1.11080015 -0.108499952
v -0.0519000217 1.11250007 -0.104399957
v 0.0159999691 1.19770026 -0.12159995
v 0.0150999986 1.18390024 -0.117699958
v -0.0242999792 1.1930002 -0.12159995
v -0.0205000043 1.23050022 -0.13289997
v -0.018599987 1.24710023 -0.136199951
v 0.0160999782 1.24410021 -0.13259995
v -0.0457999706 1.23200023 -0.139299959
v -0.0454000197 1.24840021 -0.143899947
v -0.018599987 1.24710023 -0.136199951
v -0.0228000283 1.20540023 -0.125699967
v -0.0242999792 1.1930002 -0.12159995
v -0.0475000106 1.19470024 -0.124599956
v 0.0146999881 1.27830029 -0.135299951
v 0.0160999782 1.24410021 -0.13259995
v -0.018599987 1.24710023 -0.136199951
v -0.0170999765 1.27870023 -0.139599949
v -0.0173000097 1.31520021 -0.138399959
v 0.0143999979 1.31280029 -0.135299951
v -0.04509997 1.27960026 -0.149299949
v -0.04509997 1.3166002 -0.147399962
v -0.0173000097 1.31520021 -0.138399959
v -0.0170999765 1.27870023 -0.139599949
v -0.018599987 1.24710023 -0.136199951
v -0.0454000197 1.24840021 -0.143899947
v 0.0152000114 1.34240019 -0.133099943
v 0.0143999979 1.31280029 -0.135299951
v -0.0173000097 1.31520021 -0.138399959
v -0.0166000128 1.34690022 -0.134199828
v -0.016900003 1.37090027 -0.129699945
v 0.0160999782 1.36600029 -0.129799932
v -0.0478000008 1.35070026 -0.139799953
v -0.0508999825 1.37740028 -0.126899928
v -0.016900003 1.37090027 -0.129699945
v -0.0166000128 1.34690022 -0.134199828
v -0.0173000097 1.31520021 -0.138399959
v -0.04509997 1.3166002 -0.147399962
v -0.0759000108 1.38810027 -0.102799945
v -0.0508999825 1.37740028 -0.126899928
v -0.0842000246 1.37050021 -0.126199931
v -0.100000024 1.38100028 -0.101899944
v -0.111899972 1.37930024 -0.076299943
v -0.0944999978 1.38560021 -0.0775999352
v -0.128999993 1.36920023 -0.0966999456
v -0.135499984 1.37010026 -0.0739999488
v -0.111899972 1.37930024 -0.076299943
v -0.100000024 1.38100028 -0.101899944
v -0.0842000246 1.37050021 -0.126199931
v -0.121200018 1.35770023 -0.120599948
v -0.189499885 1.32350028 -0.0874998346
v -0.193799883 1.32990026 -0.0638999417
v -0.179699987 1.34280026 -0.0663999394
v -0.176299885 1.33590019 -0.0896999463
v -0.166399986 1.32430029 -0.110099949
v -0.179299995 1.31280029 -0.107699953
v -0.128999993 1.36920023 -0.0966999456
v -0.121200018 1.35770023 -0.120599948
v -0.150899991 1.33790028 -0.114099942
v -0.159099996 1.34980023 -0.0924998447
v -0.162899897 1.35510027 -0.0699999407
v -0.135499984 1.37010026 -0.0739999488
v -0.135599881 1.20540023 -0.0928998515
v -0.1338 1.2088002 -0.0928998515
v -0.157999992 1.20630026 -0.064799957
v -0.144400001 1.21470022 -0.105299957
v -0.14379999 1.22120023 -0.107999958
v -0.1338 1.2088002 -0.0928998515
v -0.154999897 1.20570028 -0.0406999514
v -0.151999995 1.2160002 -0.0159998536
v -0.162299991 1.2173003 -0.0197999552
v -0.167799994 1.20650029 -0.0649999604
v -0.157999992 1.20630026 -0.064799957
v -0.154999897 1.20570028 -0.0406999514
v -0.203699991 1.31520021 -0.0400998518
v -0.205399886 1.31460023 -0.0608998612
v -0.213999897 1.2972002 -0.0583998635
v -0.212099984 1.29750025 -0.0388999507
v -0.206799895 1.29440022 -0.0215999559
v -0.198199883 1.31100023 -0.0212999508
v -0.163699895 1.26910031 0.00780005008
v -0.176099986 1.28530025 0.00120005012
v -0.185299993 1.27260029 -0.000599950552
v -0.162499994 1.24730027 0.00630005449
v -0.153399989 1.25850022 0.014100112
v -0.163699895 1.26910031 0.00780005008
v -0.150199994 1.25260019 0.0192001238
v -0.153399989 1.25850022 0.014100112
v -0.162499994 1.24730027 0.00630005449
v -0.154799983 1.23510027 0.0100000724
v -0.146299988 1.22720027 0.00220004469
v -0.152999997 1.24230027 0.0201000944
v -0.152199894 1.23080027 0.00510004163
v -0.152999997 1.24230027 0.0201000944
v -0.146299988 1.22720027 0.00220004469
v -0.144199893 1.21900022 -0.0110999569
v -0.162299991 1.2173003 -0.0197999552
v -0.151999995 1.2160002 -0.0159998536
v -0.187599987 1.30130029 -0.00719995052
v -0.198199883 1.31100023 -0.0212999508
v -0.206799895 1.29440022 -0.0215999559
v -0.196799994 1.28650022 -0.00849995017
v -0.185299993 1.27260029 -0.000599950552
v -0.176099986 1.28530025 0.00120005012
v -0.157099992 1.23030019 -0.112099953
v -0.155599996 1.24170029 -0.115299962
v -0.14379999 1.22120023 -0.107999958
v -0.170499891 1.25070024 -0.114399962
v -0.165599987 1.2633003 -0.118299954
v -0.155599996 1.24170029 -0.115299962
v -0.185099989 1.2713002 -0.111599959
v -0.177299887 1.28540027 -0.116099961
v -0.165599987 1.2633003 -0.118299954
v -0.198599994 1.28470027 -0.101799957
v -0.189799994 1.29980028 -0.105699964
v -0.177299887 1.28540027 -0.116099961
v -0.201199993 1.30850029 -0.0849998519
v -0.189799994 1.29980028 -0.105699964
v -0.198599994 1.28470027 -0.101799957
v -0.209699884 1.29320025 -0.0819999501
v -0.213999897 1.2972002 -0.0583998635
v -0.205399886 1.31460023 -0.0608998612
v -0.0756000206 1.38150024 -0.0557999387
v -0.0680000111 1.38150024 -0.0550999418
v -0.0670000315 1.38970029 -0.0766998455
v 0.0840999112 1.3611002 -0.0139999464
v 0.0953000113 1.36920023 -0.0263998434
v 0.0852000117 1.37300026 -0.0284999385
v -0.0145999789 1.34490025 0.00720004737
v 0.0137000009 1.33960021 0.0127001107
v 0.0132999979 1.34580028 0.00500004739
v -0.058600001 1.36090028 -0.0219999477
v -0.0501999781 1.36440027 -0.0249998346
v -0.060599979 1.37160027 -0.0381999388
v -0.0108000105 1.39310026 -0.11309994
v -0.0339000225 1.39380026 -0.108899944
v -0.0268999934 1.38990021 -0.100099944
v -0.0406000018 1.35500026 -0.00599995255
v -0.0339000225 1.35860026 -0.0108999461
v -0.0501999781 1.36440027 -0.0249998346
v 0.0410000011 1.34350026 0.00830010325
v 0.0666999817 1.35400021 -0.00229994953
v 0.0598000214 1.35780025 -0.00719995052
v 0.0666999817 1.35400021 -0.00229994953
v 0.0840999112 1.3611002 -0.0139999464
v 0.0749999806 1.36490023 -0.0173999444
v 0.0137000009 1.33960021 0.0127001107
v 0.0410000011 1.34350026 0.00830010325
v 0.0373999998 1.34850025 0.00170005113
v 0.090000011 1.39500022 -0.0862999484
v 0.0820999071 1.39430022 -0.0809998438
v 0.09390001 1.39340031 -0.0616999343
v -0.0688999817 1.36950028 -0.0370999351
v -0.060599979 1.37160027 -0.0381999388
v -0.0680000111 1.38150024 -0.0550999418
v 0.0163999684 1.3913002 -0.114499949
v -0.0108000105 1.39310026 -0.11309994
v -0.00770002976 1.39140022 -0.104799949
v 0.103099912 1.3811003 -0.0423999354
v 0.103299916 1.39260018 -0.065499939
v 0.09390001 1.39340031 -0.0616999343
v 0.0442000031 1.39270031 -0.110499837
v 0.0397999808 1.39110029 -0.102199934
v 0.0587999821 1.3906002 -0.0940999463
v 0.0666999817 1.39340031 -0.101199947
v 0.0587999821 1.3906002 -0.0940999463
v 0.0820999071 1.39430022 -0.0809998438
v -0.0570999905 1.39460027 -0.0988999382
v -0.0734000206 1.39190018 -0.0797999427
v -0.0670000315 1.38970029 -0.0766998455
v -0.0339000225 1.39380026 -0.108899944
v -0.0570999905 1.39460027 -0.0988999382
v -0.0490000211 1.39010024 -0.094899945
v 0.0163999684 1.3913002 -0.114499949
v 0.0159999691 1.39010024 -0.105499946
v 0.0397999808 1.39110029 -0.102199934
v 0.0953000113 1.36920023 -0.0263998434
v 0.103099912 1.3811003 -0.0423999354
v 0.0924000069 1.38350022 -0.0429999456
v -0.0145999789 1.34490025 0.00720004737
v -0.0118000004 1.34970021 0.000400051475
v -0.0339000225 1.35860026 -0.0108999461
v 0.247400016 1.19410026 -0.0591999516
v 0.253399998 1.19860029 -0.0450998619
v 0.254600018 1.18750024 -0.0464999601
v 0.247600019 1.18260026 -0.0598999634
v 0.234800011 1.17730021 -0.0700999573
v 0.234899998 1.18820024 -0.0706999525
v 0.16719991 1.16090024 -0.0528999493
v 0.16610001 1.16660023 -0.0533999577
v 0.175000012 1.16810024 -0.0646999553
v 0.16719991 1.16090024 -0.0528999493
v 0.163900003 1.1620003 -0.0343999639
v 0.164000005 1.16750026 -0.0358999595
v 0.170000017 1.17040026 -0.0190999582
v 0.164000005 1.16750026 -0.0358999595
v 0.163900003 1.1620003 -0.0343999639
v 0.171200007 1.16510022 -0.0172999576
v 0.180800006 1.16880023 -0.00339995325
v 0.178799912 1.17440021 -0.00489985943
v 0.255199999 1.20210028 -0.0303998515
v 0.251800001 1.20390022 -0.0152998567
v 0.253399998 1.19440019 -0.0159998536
v 0.256900012 1.19190025 -0.0316999629
v 0.254600018 1.18750024 -0.0464999601
v 0.253399998 1.19860029 -0.0450998619
v 0.225899905 1.18700027 0.0165000856
v 0.223500013 1.19490027 0.015500091
v 0.214099914 1.19100022 0.0169000924
v 0.236400008 1.19180024 0.0111000836
v 0.234100014 1.19940031 0.0106000528
v 0.223500013 1.19490027 0.015500091
v 0.200399905 1.18550026 0.0149001107
v 0.19539991 1.18300021 0.0121000633
v 0.198599905 1.1764003 0.0146000609
v 0.217100009 1.1837002 0.0184001029
v 0.214099914 1.19100022 0.0169000924
v 0.205600008 1.18760026 0.0164000615
v 0.187600017 1.17900026 0.00480014086
v 0.178799912 1.17440021 -0.00489985943
v 0.180800006 1.16880023 -0.00339995325
v 0.189999908 1.17310023 0.0068000406
v 0.198599905 1.1764003 0.0146000609
v 0.19539991 1.18300021 0.0121000633
v 0.244000018 1.20260024 -0.00049995631
v 0.234100014 1.19940031 0.0106000528
v 0.236400008 1.19180024 0.0111000836
v 0.246100008 1.19380021 -0.00159996003
v 0.253399998 1.19440019 -0.0159998536
v 0.251800001 1.20390022 -0.0152998567
v 0.189499915 1.17230022 -0.07289996
v 0.204100013 1.17730021 -0.076599963
v 0.204399914 1.16780019 -0.0753999576
v 0.190599903 1.16400027 -0.0712999627
v 0.176599905 1.16120028 -0.0641999617
v 0.175000012 1.16810024 -0.0646999553
v 0.219099909 1.18270028 -0.0762999579
v 0.234899998 1.18820024 -0.0706999525
v 0.234800011 1.17730021 -0.0700999573
v 0.219099909 1.17300022 -0.0748999491
v 0.204399914 1.16780019 -0.0753999576
v 0.204100013 1.17730021 -0.076599963
v 0.245200008 1.26410019 -0.0581999496
v 0.236600012 1.25780022 -0.0768999532
v 0.233999997 1.27820027 -0.0822999552
v 0.244700015 1.28970027 -0.0384999588
v 0.248899996 1.2656002 -0.0373999551
v 0.245200008 1.26410019 -0.0581999496
v 0.220799908 1.24500024 -0.0872999504
v 0.202899903 1.23130023 -0.0902999565
v 0.202700004 1.24700022 -0.0969999507
v 0.219300017 1.26410019 -0.0947999582
v 0.233999997 1.27820027 -0.0822999552
v 0.236600012 1.25780022 -0.0768999532
v 0.182099909 1.21720028 -0.0862999633
v 0.163200006 1.20700026 -0.0751999542
v 0.164199904 1.21690023 -0.0803999528
v 0.182299912 1.22970021 -0.0917998627
v 0.202700004 1.24700022 -0.0969999507
v 0.202899903 1.23130023 -0.0902999565
v 0.225799903 1.28170025 0.00710005313
v 0.23180002 1.26000023 0.0062000528
v 0.240700006 1.26580024 -0.00509995222
v 0.214699909 1.26830029 0.0144001022
v 0.221299917 1.25030029 0.0129000917
v 0.23180002 1.26000023 0.0062000528
v 0.16960001 1.22170019 0.00310004503
v 0.172699913 1.21390021 0.00100004673
v 0.179199904 1.22000027 0.00890007615
v 0.16960001 1.22170019 0.00310004503
v 0.190399915 1.20130026 -0.0131999552
v 0.165400013 1.20710027 -0.0105998591
v 0.183599904 1.2397002 0.0222000778
v 0.189800009 1.22890019 0.0152001008
v 0.199100003 1.23420024 0.0157000721
v 0.173200011 1.22940028 0.0149001107
v 0.179199904 1.22000027 0.00890007615
v 0.184100017 1.22470021 0.0132000744
v 0.203599915 1.25520027 0.0181001201
v 0.210399911 1.24120021 0.0157000795
v 0.221299917 1.25030029 0.0129000917
v 0.192700014 1.24650025 0.0200000703
v 0.199100003 1.23420024 0.0157000721
v 0.210399911 1.24120021 0.0157000795
v 0.246399999 1.26740026 -0.0199999586
v 0.248899996 1.2656002 -0.0373999551
v 0.244700015 1.28970027 -0.0384999588
v 0.235200018 1.28870022 -0.00529994816
v 0.240700006 1.26580024 -0.00509995222
v 0.246399999 1.26740026 -0.0199999586
v 0.155499905 1.21050024 -0.0288999602
v 0.158699915 1.20170021 -0.0268999562
v 0.165400013 1.20710027 -0.0105998591
v 0.155499905 1.21050024 -0.0288999602
v 0.152699903 1.2080003 -0.0482999608
v 0.154600009 1.19880021 -0.0449999496
v 0.15579991 1.20060027 -0.0617999509
v 0.154600009 1.19880021 -0.0449999496
v 0.152699903 1.2080003 -0.0482999608
v 0.155099913 1.20980024 -0.0653999522
v 0.164199904 1.21690023 -0.0803999528
v 0.163200006 1.20700026 -0.0751999542
v -0.209699884 1.29320025 -0.0819999501
v -0.198599994 1.28470027 -0.101799957
v -0.207099989 1.26470029 -0.0965999588
v -0.216699883 1.27170026 -0.0783999637
v -0.220999897 1.27380025 -0.055899851
v -0.213999897 1.2972002 -0.0583998635
v -0.170499891 1.25070024 -0.114399962
v -0.177699894 1.23340023 -0.10839995
v -0.192699984 1.24950027 -0.105299957
v -0.185099989 1.2713002 -0.111599959
v -0.192699984 1.24950027 -0.105299957
v -0.207099989 1.26470029 -0.0965999588
v -0.144400001 1.21470022 -0.105299957
v -0.147599995 1.20720029 -0.102099963
v -0.160299987 1.21930027 -0.10749995
v -0.157099992 1.23030019 -0.112099953
v -0.160299987 1.21930027 -0.10749995
v -0.177699894 1.23340023 -0.10839995
v -0.196799994 1.28650022 -0.00849995017
v -0.206799895 1.29440022 -0.0215999559
v -0.213199884 1.27100027 -0.0212999508
v -0.20449999 1.26420021 -0.00889994949
v -0.193499893 1.25280023 -0.00159995258
v -0.185299993 1.27260029 -0.000599950552
v -0.144199893 1.21900022 -0.0110999569
v -0.146299988 1.22720027 0.00220004469
v -0.153199986 1.21800029 -0.00819995999
v -0.147099882 1.21010029 -0.0200999603
v -0.141299888 1.20140028 -0.0358999595
v -0.162299991 1.2173003 -0.0197999552
v -0.153999895 1.23950028 0.00790008903
v -0.162499994 1.24730027 0.00630005449
v -0.171299994 1.23440027 0.000300042331
v -0.157899886 1.22360027 -0.00279995799
v -0.153199986 1.21800029 -0.00819995999
v -0.146299988 1.22720027 0.00220004469
v -0.173699886 1.25750029 0.00370004773
v -0.185299993 1.27260029 -0.000599950552
v -0.193499893 1.25280023 -0.00159995258
v -0.182199985 1.24190021 0.000700049102
v -0.171299994 1.23440027 0.000300042331
v -0.162499994 1.24730027 0.00630005449
v -0.212099984 1.29750025 -0.0388999507
v -0.213999897 1.2972002 -0.0583998635
v -0.220999897 1.27380025 -0.055899851
v -0.218799889 1.27390027 -0.0375999585
v -0.213199884 1.27100027 -0.0212999508
v -0.206799895 1.29440022 -0.0215999559
v -0.129799992 1.20320022 -0.0545999631
v -0.162299991 1.2173003 -0.0197999552
v -0.141299888 1.20140028 -0.0358999595
v -0.129799992 1.20320022 -0.0545999631
v -0.138499886 1.19570029 -0.0546999499
v -0.138999999 1.1936003 -0.0740999505
v -0.135599881 1.20540023 -0.0928998515
v -0.167799994 1.20650029 -0.0649999604
v -0.138999999 1.1936003 -0.0740999505
v -0.135599881 1.20540023 -0.0928998515
v -0.1417 1.19810021 -0.0905999616
v -0.147599995 1.20720029 -0.102099963
v -0.243299887 1.19100022 -0.0545999631
v -0.239399984 1.20260024 -0.0544999614
v -0.236499995 1.19830024 -0.0708999559
v -0.239799887 1.18660021 -0.070199959
v -0.236499995 1.19830024 -0.0708999559
v -0.226999983 1.19100022 -0.0848999545
v -0.166599885 1.1535002 -0.0831998512
v -0.179399893 1.15630019 -0.0921999589
v -0.174799889 1.16380024 -0.0918999538
v -0.163399994 1.15990019 -0.082699962
v -0.157899886 1.1584003 -0.0665999576
v -0.159799993 1.15230024 -0.0655998513
v -0.159799993 1.15230024 -0.0655998513
v -0.157899886 1.1584003 -0.0665999576
v -0.15959999 1.16010022 -0.0491999611
v -0.162399992 1.15400028 -0.0480999574
v -0.15959999 1.16010022 -0.0491999611
v -0.164499983 1.1643002 -0.0334999636
v -0.236399993 1.19190025 -0.0249998495
v -0.232199997 1.20290029 -0.0249998495
v -0.237399995 1.20410025 -0.0390999541
v -0.241699889 1.19260025 -0.038999863
v -0.237399995 1.20410025 -0.0390999541
v -0.239399984 1.20260024 -0.0544999614
v -0.206399992 1.17990029 -0.00139995664
v -0.196399897 1.17570019 -0.000899858773
v -0.192899987 1.18390024 -0.00179995596
v -0.202899992 1.18830025 -0.00129985809
v -0.212899983 1.19370019 -0.00339995325
v -0.216899991 1.18530023 -0.00309985876
v -0.18339999 1.17040026 -0.00649995357
v -0.178799897 1.16800022 -0.00989985466
v -0.175499991 1.17480028 -0.0115999579
v -0.187899992 1.17250025 -0.00339995325
v -0.184899896 1.18050027 -0.00429995358
v -0.192899987 1.18390024 -0.00179995596
v -0.167699993 1.15830028 -0.0321999565
v -0.164499983 1.1643002 -0.0334999636
v -0.170099884 1.16980028 -0.0209999606
v -0.173299983 1.16360021 -0.0193999633
v -0.170099884 1.16980028 -0.0209999606
v -0.175499991 1.17480028 -0.0115999579
v -0.216899991 1.18530023 -0.00309985876
v -0.212899983 1.19370019 -0.00339995325
v -0.223399997 1.19910026 -0.0124999583
v -0.227999985 1.18990028 -0.0129999593
v -0.223399997 1.19910026 -0.0124999583
v -0.232199997 1.20290029 -0.0249998495
v -0.204899997 1.16280019 -0.0941999629
v -0.201599985 1.17300022 -0.0953998491
v -0.187899992 1.16780019 -0.09519995
v -0.187899992 1.16780019 -0.09519995
v -0.174799889 1.16380024 -0.0918999538
v -0.179399893 1.15630019 -0.0921999589
v -0.230099991 1.17930019 -0.0837999508
v -0.226999983 1.19100022 -0.0848999545
v -0.21509999 1.18280029 -0.0920999572
v -0.218499988 1.17250025 -0.0908999518
v -0.21509999 1.18280029 -0.0920999572
v -0.201599985 1.17300022 -0.0953998491
v -0.159099996 1.34980023 -0.0924998447
v -0.150899991 1.33790028 -0.114099942
v -0.166399986 1.32430029 -0.110099949
v -0.176299885 1.33590019 -0.0896999463
v -0.179699987 1.34280026 -0.0663999394
v -0.162899897 1.35510027 -0.0699999407
v -0.139199883 1.31290019 0.00720004737
v -0.154699892 1.30330026 0.00500004739
v -0.143699989 1.2864002 0.0193000808
v -0.129899889 1.29590023 0.0242001191
v -0.143699989 1.2864002 0.0193000808
v -0.137799889 1.27870023 0.0308000818
v -0.160899997 1.35440028 -0.0479998365
v -0.162899897 1.35510027 -0.0699999407
v -0.179699987 1.34280026 -0.0663999394
v -0.178099886 1.34310019 -0.0451999381
v -0.170799896 1.33610022 -0.0227999464
v -0.153499991 1.34600019 -0.0243999436
v -0.147799879 1.33140028 -0.00759994984
v -0.153499991 1.34600019 -0.0243999436
v -0.170799896 1.33610022 -0.0227999464
v -0.162499994 1.32220018 -0.00809984654
v -0.154699892 1.30330026 0.00500004739
v -0.139199883 1.31290019 0.00720004737
v -0.119700007 1.25990021 0.0570000671
v -0.135299891 1.25970018 0.049500078
v -0.129399985 1.24640024 0.0460000969
v -0.125099987 1.28400028 0.0398000777
v -0.137799889 1.27870023 0.0308000818
v -0.136199981 1.26900029 0.0423000827
v -0.122900002 1.20140028 0.0846000612
v -0.132299989 1.2038002 0.0691001117
v -0.130599886 1.1893003 0.0670001134
v -0.118199997 1.24950027 0.0663000643
v -0.129399985 1.24640024 0.0460000969
v -0.128999993 1.23340023 0.0551001169
v -0.120899968 1.10969996 0.0353001058
v -0.115299992 1.08389997 0.0318001211
v -0.11019998 1.08790016 0.0465001091
v -0.117600024 1.16490018 0.0645000637
v -0.120999992 1.18820024 0.0826000869
v -0.130599886 1.1893003 0.0670001134
v -0.137400001 0.921199858 0.0241000876
v -0.140399992 0.897700012 0.0208000764
v -0.128499895 0.897700012 0.0321001038
v -0.124899894 0.920099974 0.0361001045
v -0.121399991 0.943799973 0.0373000652
v -0.133399889 0.944599986 0.0246001035
v -0.114600003 1.02579999 0.0312000737
v -0.118600011 1.00779998 0.0276000649
v -0.11019998 1.00670016 0.0386001095
v -0.105800033 1.06400001 0.0429001078
v -0.11019998 1.08790016 0.0465001091
v -0.115299992 1.08389997 0.0318001211
v -0.127499998 0.972000003 0.0243000537
v -0.133399889 0.944599986 0.0246001035
v -0.121399991 0.943799973 0.0373000652
v -0.114000022 0.99000001 0.0377000794
v -0.11019998 1.00670016 0.0386001095
v -0.118600011 1.00779998 0.0276000649
v -0.1331999 1.29250026 -0.13469997
v -0.148499891 1.28410029 -0.127599955
v -0.155399889 1.30560029 -0.123299964
v -0.140699893 1.31700027 -0.128699958
v -0.155399889 1.30560029 -0.123299964
v -0.166399986 1.32430029 -0.110099949
v -0.121100001 1.2482003 -0.135999948
v -0.140299991 1.23780024 -0.123699956
v -0.144199893 1.26160026 -0.126699954
v -0.128499895 1.26940024 -0.136699945
v -0.144199893 1.26160026 -0.126699954
v -0.148499891 1.28410029 -0.127599955
v -0.100700021 1.2045002 -0.129199952
v -0.097299993 1.19100022 -0.124899961
v -0.10930001 1.18890023 -0.120099954
v -0.129799992 1.22420025 -0.123999961
v -0.140299991 1.23780024 -0.123699956
v -0.121100001 1.2482003 -0.135999948
v -0.0896999836 1.1178 -0.0956999585
v -0.0968999788 1.11750007 -0.0916999504
v -0.0990999937 1.14000022 -0.0985999629
v -0.0946000218 1.17760026 -0.116499953
v -0.104499988 1.17630029 -0.112999849
v -0.10930001 1.18890023 -0.120099954
v -0.112399988 0.911599994 -0.123999976
v -0.122099988 0.911300063 -0.118699975
v -0.115999989 0.931200087 -0.112499975
v -0.104799978 0.932000101 -0.119299971
v -0.115999989 0.931200087 -0.112499975
v -0.110400021 0.951200008 -0.105499975
v -0.0914999768 1.01499999 -0.0890999511
v -0.100399971 1.01489997 -0.0836999491
v -0.10019999 1.03770006 -0.0819999501
v -0.0934000015 1.09020007 -0.0900999531
v -0.100599997 1.08940017 -0.0859999582
v -0.0968999788 1.11750007 -0.0916999504
v -0.094900012 0.973899961 -0.100899972
v -0.0996999666 0.951099992 -0.11219997
v -0.110400021 0.951200008 -0.105499975
v -0.102100007 0.994599998 -0.0879999623
v -0.100399971 1.01489997 -0.0836999491
v -0.0914999768 1.01499999 -0.0890999511
v 0.193299904 1.34990025 -0.0775999352
v 0.211099908 1.33640027 -0.073299937
v 0.201899916 1.32480025 -0.096899949
v 0.195199907 1.35490024 -0.0535999462
v 0.211700007 1.3423003 -0.0490999445
v 0.211099908 1.33640027 -0.073299937
v 0.171100006 1.2870003 0.0319000781
v 0.18190001 1.30600023 0.0179000795
v 0.165400013 1.31560028 0.0186000839
v 0.154999912 1.29570019 0.0334000885
v 0.147199914 1.27630019 0.0449000895
v 0.16369991 1.27220023 0.0384000912
v 0.191200003 1.35430026 -0.0321999416
v 0.207800016 1.34250021 -0.0288999453
v 0.211700007 1.3423003 -0.0490999445
v 0.191200003 1.35430026 -0.0321999416
v 0.182399914 1.34790027 -0.0103999525
v 0.199399903 1.33750021 -0.00819995254
v 0.189599916 1.32500029 0.00580005348
v 0.199399903 1.33750021 -0.00819995254
v 0.182399914 1.34790027 -0.0103999525
v 0.165400013 1.31560028 0.0186000839
v 0.18190001 1.30600023 0.0179000795
v 0.189599916 1.32500029 0.00580005348
v 0.137899905 1.24900019 0.0663000643
v 0.133800015 1.23550022 0.0782000795
v 0.148399904 1.23340023 0.0582000986
v 0.15929991 1.25790024 0.0473000668
v 0.16369991 1.27220023 0.0384000912
v 0.147199914 1.27630019 0.0449000895
v 0.136000007 1.16440022 0.0815000832
v 0.145099908 1.16400027 0.0659000576
v 0.147400007 1.18310022 0.0771000683
v 0.146799907 1.21990025 0.0719000995
v 0.148399904 1.23340023 0.0582000986
v 0.133800015 1.23550022 0.0782000795
v 0.111199915 1.07850015 0.0492000803
v 0.116599903 1.07529998 0.0339001119
v 0.12470001 1.09420002 0.0365000665
v 0.128599912 1.14090025 0.0591000654
v 0.138199911 1.14000022 0.0466000736
v 0.145099908 1.16400027 0.0659000576
v 0.135200009 0.89230001 0.028600052
v 0.143999904 0.891200006 0.0164000466
v 0.139299914 0.912899971 0.0170000941
v 0.128300011 0.913800001 0.0303000957
v 0.139299914 0.912899971 0.0170000941
v 0.132599905 0.93870008 0.0180000886
v 0.107599914 1.00240016 0.0363000855
v 0.115699917 1.00320017 0.0254000649
v 0.111800015 1.02040017 0.0295000896
v 0.104199916 1.05770016 0.0430000648
v 0.112099916 1.05560017 0.032400094
v 0.116599903 1.07529998 0.0339001119
v 0.122099906 0.939100087 0.031600073
v 0.132599905 0.93870008 0.0180000886
v 0.125100017 0.967799962 0.0204000697
v 0.111699909 0.986100078 0.0351000652
v 0.120100006 0.986000001 0.0223000869
v 0.115699917 1.00320017 0.0254000649
v 0.18919991 1.3051002 -0.113499962
v 0.178499907 1.28050029 -0.118399851
v 0.163200006 1.29020023 -0.127999961
v 0.18569991 1.33810019 -0.102299936
v 0.201899916 1.32480025 -0.096899949
v 0.18919991 1.3051002 -0.113499962
v 0.151800007 1.26490021 -0.13169995
v 0.16960001 1.25670028 -0.117699958
v 0.161499903 1.23350024 -0.116999961
v 0.151800007 1.26490021 -0.13169995
v 0.163200006 1.29020023 -0.127999961
v 0.178499907 1.28050029 -0.118399851
v 0.114400014 1.19690025 -0.132199943
v 0.12650001 1.1936003 -0.123199962
v 0.118000016 1.18160021 -0.122899957
v 0.140300006 1.24170029 -0.13229996
v 0.161499903 1.23350024 -0.116999961
v 0.148599908 1.21880019 -0.12159995
v 0.105400011 1.12629998 -0.10489995
v 0.103900015 1.10179996 -0.0972999558
v 0.097999908 1.10329998 -0.101699956
v 0.102800012 1.16950023 -0.122599952
v 0.108099908 1.18450022 -0.129699945
v 0.118000016 1.18160021 -0.122899957
v 0.119099915 0.923500001 -0.115599968
v 0.120800003 0.898899913 -0.117599972
v 0.111699909 0.899299979 -0.125799984
v 0.108299911 0.923500001 -0.123699971
v 0.103499904 0.947899997 -0.117599972
v 0.113899916 0.947399974 -0.110199966
v 0.101000011 1.03380001 -0.0846999511
v 0.101099908 1.01330006 -0.0875999555
v 0.0931999087 1.01429999 -0.0927999541
v 0.0982000083 1.07910001 -0.0943999514
v 0.097999908 1.10329998 -0.101699956
v 0.103900015 1.10179996 -0.0972999558
v 0.0976999104 0.973699987 -0.107399978
v 0.10710001 0.97360009 -0.100499965
v 0.113899916 0.947399974 -0.110199966
v 0.0931999087 1.01429999 -0.0927999541
v 0.101099908 1.01330006 -0.0875999555
v 0.103399903 0.994199991 -0.0927999541
v 0.130100012 1.22490025 -0.133099943
v 0.148599908 1.21880019 -0.12159995
v 0.135099903 1.20650029 -0.123199962
v 0.147999913 1.19970024 0.0804000795
v 0.146799907 1.21990025 0.0719000995
v 0.13440001 1.21560025 0.0883000791
v -0.120700002 1.21200025 -0.124899961
v -0.129799992 1.22420025 -0.123999961
v -0.112200022 1.23290026 -0.134999961
v -0.120100021 1.23420024 0.0772000849
v -0.128999993 1.23340023 0.0551001169
v -0.132099897 1.21810019 0.0645000637
v -0.0461999699 1.21850026 -0.135099947
v -0.0457999706 1.23200023 -0.139299959
v -0.0205000043 1.23050022 -0.13289997
v -0.0214999914 1.21750021 -0.129799962
v -0.0205000043 1.23050022 -0.13289997
v 0.0166000091 1.22630024 -0.129399955
v -0.140199989 1.19600022 -0.00979995728
v -0.1426 1.20430028 -0.00949995965
v -0.145899981 1.1959002 -0.0392999575
v -0.143199891 1.18890023 -0.0401999578
v -0.145899981 1.1959002 -0.0392999575
v -0.145999998 1.19740021 -0.0677999631
v -0.138799995 1.19760025 -0.0943999514
v -0.142399997 1.19090021 -0.0694998577
v -0.145999998 1.19740021 -0.0677999631
v -0.138799995 1.19760025 -0.0943999514
v -0.143699989 1.2051003 -0.0930999592
v -0.141799897 1.21420026 -0.109799959
v -0.123099983 1.2153002 0.0833000839
v -0.104900002 1.21360028 0.102200061
v -0.100000024 1.22850025 0.0944000781
v -0.128999993 1.23340023 0.0551001169
v -0.1338 1.22690022 0.033300072
v -0.134299994 1.21500027 0.0398000702
v -0.134299994 1.21500027 0.0398000702
v -0.1338 1.22690022 0.033300072
v -0.141299888 1.21770024 0.0185000524
v -0.135299891 1.20540023 0.0141001046
v -0.141299888 1.21770024 0.0185000524
v -0.1426 1.20430028 -0.00949995965
v -0.0207999945 1.20210028 0.0964000523
v -0.0177000165 1.21760023 0.0886000693
v -0.0443000123 1.22190022 0.0922000706
v 0.00559997 1.19760025 0.0938000977
v 0.00749998912 1.21340024 0.0872000754
v -0.0177000165 1.21760023 0.0886000693
v -0.0734999701 1.21270025 0.105400048
v -0.0699999928 1.22630024 0.0983000696
v -0.100000024 1.22850025 0.0944000781
v -0.0469999909 1.20710027 0.0995000824
v -0.0443000123 1.22190022 0.0922000706
v -0.0699999928 1.22630024 0.0983000696
v -0.0830000043 1.22130024 -0.139099956
v -0.0878000185 1.23510027 -0.142699957
v -0.0680999756 1.23260021 -0.143299937
v -0.0658000112 1.21920025 -0.138999969
v -0.0680999756 1.23260021 -0.143299937
v -0.0457999706 1.23200023 -0.139299959
v -0.132199988 1.20370018 -0.113099955
v -0.141799897 1.21420026 -0.109799959
v -0.129799992 1.22420025 -0.123999961
v -0.104600012 1.2189002 -0.13319996
v -0.112200022 1.23290026 -0.134999961
v -0.0878000185 1.23510027 -0.142699957
v 0.0485000014 1.22780025 -0.131399959
v 0.0712000132 1.22740018 -0.138699949
v 0.0713999793 1.21230018 -0.134599954
v 0.0486999676 1.21370029 -0.127099961
v 0.0167000182 1.2117002 -0.125999957
v 0.0166000091 1.22630024 -0.129399955
v 0.163099915 1.1814003 -0.0346998498
v 0.160499915 1.19080019 -0.00559985638
v 0.154900014 1.18040025 -0.00449986011
v 0.158299908 1.1772002 -0.0614999607
v 0.164499909 1.1851002 -0.0597999617
v 0.163099915 1.1814003 -0.0346998498
v 0.156199902 1.18900025 -0.0836999491
v 0.164799914 1.19700027 -0.0815999582
v 0.164499909 1.1851002 -0.0597999617
v 0.156199902 1.18900025 -0.0836999491
v 0.147999913 1.20130026 -0.108599953
v 0.161999911 1.21120024 -0.101899959
v 0.13440001 1.21560025 0.0883000791
v 0.113600016 1.21450019 0.0985000953
v 0.118499905 1.19930029 0.105600081
v 0.153500006 1.20340025 0.0581000783
v 0.154499903 1.21690023 0.0476001166
v 0.146799907 1.21990025 0.0719000995
v 0.155399904 1.19390023 0.029500097
v 0.159899905 1.20550025 0.0245001018
v 0.154499903 1.21690023 0.0476001166
v 0.155399904 1.19390023 0.029500097
v 0.154900014 1.18040025 -0.00449986011
v 0.160499915 1.19080019 -0.00559985638
v 0.03769999 1.19910026 0.095800072
v 0.064899981 1.2001003 0.10200008
v 0.0658999607 1.21470022 0.0933000743
v 0.0351999998 1.21340024 0.0882000625
v 0.00749998912 1.21340024 0.0872000754
v 0.00559997 1.19760025 0.0938000977
v 0.0928999111 1.2008003 0.106800042
v 0.118499905 1.19930029 0.105600081
v 0.113600016 1.21450019 0.0985000953
v 0.0899000093 1.21580029 0.0995000824
v 0.0658999607 1.21470022 0.0933000743
v 0.064899981 1.2001003 0.10200008
v 0.090000011 1.22620022 -0.144099951
v 0.108299911 1.22580028 -0.142799854
v 0.103200004 1.21050024 -0.141599953
v 0.0879999101 1.21080029 -0.14139995
v 0.0713999793 1.21230018 -0.134599954
v 0.0712000132 1.22740018 -0.138699949
v 0.148599908 1.21880019 -0.12159995
v 0.161999911 1.21120024 -0.101899959
v 0.147999913 1.20130026 -0.108599953
v 0.120899916 1.20990026 -0.133699954
v 0.103200004 1.21050024 -0.141599953
v 0.108299911 1.22580028 -0.142799854
v 0.120899916 1.20990026 -0.133699954
v 0.135099903 1.20650029 -0.123199962
v 0.12650001 1.1936003 -0.123199962
v 0.135699913 1.19630027 0.0923000872
v 0.136499912 1.18100023 0.0884000957
v 0.147400007 1.18310022 0.0771000683
v -0.100700021 1.2045002 -0.129199952
v -0.115299992 1.20000029 -0.122299962
v -0.120700002 1.21200025 -0.124899961
v -0.123099983 1.2153002 0.0833000839
v -0.132099897 1.21810019 0.0645000637
v -0.132299989 1.2038002 0.0691001117
v -0.0214999914 1.21750021 -0.129799962
v -0.0228000283 1.20540023 -0.125699967
v -0.0469999909 1.20650029 -0.130099952
v 0.0167000182 1.2117002 -0.125999957
v 0.0159999691 1.19770026 -0.12159995
v -0.0228000283 1.20540023 -0.125699967
v -0.142399997 1.19090021 -0.0694998577
v -0.139099985 1.1814003 -0.0708999559
v -0.140799999 1.17970026 -0.0428999588
v -0.143199891 1.18890023 -0.0401999578
v -0.140799999 1.17970026 -0.0428999588
v -0.138099998 1.1857003 -0.0126999542
v -0.132199988 1.20370018 -0.113099955
v -0.125099987 1.19460022 -0.113199957
v -0.1338 1.1880002 -0.0957999602
v -0.1338 1.1880002 -0.0957999602
v -0.139099985 1.1814003 -0.0708999559
v -0.142399997 1.19090021 -0.0694998577
v -0.132099897 1.21810019 0.0645000637
v -0.134299994 1.21500027 0.0398000702
v -0.133399889 1.20130026 0.0426000655
v -0.123099983 1.2153002 0.0833000839
v -0.122900002 1.20140028 0.0846000612
v -0.103500001 1.20160019 0.0972000659
v -0.140199989 1.19600022 -0.00979995728
v -0.138099998 1.1857003 -0.0126999542
v -0.135899991 1.19440019 0.0169000924
v -0.135299891 1.20540023 0.0141001046
v -0.135899991 1.19440019 0.0169000924
v -0.133399889 1.20130026 0.0426000655
v -0.0207999945 1.20210028 0.0964000523
v -0.0469999909 1.20710027 0.0995000824
v -0.0473999903 1.19650018 0.102400087
v -0.0225999951 1.18990028 0.0964000523
v 0.00279998034 1.18340027 0.0921001136
v 0.00559997 1.19760025 0.0938000977
v -0.104900002 1.21360028 0.102200061
v -0.103500001 1.20160019 0.0972000659
v -0.076300025 1.20000029 0.106300078
v -0.0734999701 1.21270025 0.105400048
v -0.076300025 1.20000029 0.106300078
v -0.0473999903 1.19650018 0.102400087
v -0.0658000112 1.21920025 -0.138999969
v -0.0644000098 1.20680022 -0.13289997
v -0.080099985 1.20730031 -0.133699954
v -0.0461999699 1.21850026 -0.135099947
v -0.0469999909 1.20650029 -0.130099952
v -0.0644000098 1.20680022 -0.13289997
v -0.115299992 1.20000029 -0.122299962
v -0.125099987 1.19460022 -0.113199957
v -0.132199988 1.20370018 -0.113099955
v -0.0830000043 1.22130024 -0.139099956
v -0.080099985 1.20730031 -0.133699954
v -0.100700021 1.2045002 -0.129199952
v 0.0486999676 1.21370029 -0.127099961
v 0.0713999793 1.21230018 -0.134599954
v 0.0703999922 1.19970024 -0.126599967
v 0.0480999872 1.20030022 -0.120799951
v 0.0159999691 1.19770026 -0.12159995
v 0.0167000182 1.2117002 -0.125999957
v 0.153399915 1.16230023 -0.0399999544
v 0.152899906 1.16680026 -0.0645999536
v 0.158299908 1.1772002 -0.0614999607
v 0.157299906 1.17240024 -0.0360999629
v 0.154900014 1.18040025 -0.00449986011
v 0.151599914 1.16740024 -0.00879995525
v 0.147700012 1.1778003 -0.0871999636
v 0.137700006 1.18890023 -0.111199863
v 0.147999913 1.20130026 -0.108599953
v 0.158299908 1.1772002 -0.0614999607
v 0.152899906 1.16680026 -0.0645999536
v 0.147700012 1.1778003 -0.0871999636
v 0.147999913 1.19970024 0.0804000795
v 0.147400007 1.18310022 0.0771000683
v 0.152899906 1.18610024 0.0580000542
v 0.135699913 1.19630027 0.0923000872
v 0.118499905 1.19930029 0.105600081
v 0.118099913 1.1851002 0.0993000492
v 0.153200015 1.17770028 0.0268000662
v 0.151599914 1.16740024 -0.00879995525
v 0.154900014 1.18040025 -0.00449986011
v 0.155399904 1.19390023 0.029500097
v 0.153500006 1.20340025 0.0581000783
v 0.152899906 1.18610024 0.0580000542
v 0.0397999808 1.18350029 0.0965000615
v 0.067099981 1.18620026 0.104700051
v 0.064899981 1.2001003 0.10200008
v 0.00559997 1.19760025 0.0938000977
v 0.00279998034 1.18340027 0.0921001136
v 0.0397999808 1.18350029 0.0965000615
v 0.0946000069 1.18620026 0.106500052
v 0.118099913 1.1851002 0.0993000492
v 0.118499905 1.19930029 0.105600081
v 0.0928999111 1.2008003 0.106800042
v 0.064899981 1.2001003 0.10200008
v 0.067099981 1.18620026 0.104700051
v 0.0879999101 1.21080029 -0.14139995
v 0.103200004 1.21050024 -0.141599953
v 0.0990999117 1.19810021 -0.137099952
v 0.0856000111 1.19860029 -0.134499967
v 0.0703999922 1.19970024 -0.126599967
v 0.0713999793 1.21230018 -0.134599954
v 0.135099903 1.20650029 -0.123199962
v 0.147999913 1.20130026 -0.108599953
v 0.137700006 1.18890023 -0.111199863
v 0.114400014 1.19690025 -0.132199943
v 0.0990999117 1.19810021 -0.137099952
v 0.103200004 1.21050024 -0.141599953
v 0.0986999124 1.15190029 -0.114499964
v 0.102800012 1.16950023 -0.122599952
v 0.111699909 1.16690028 -0.117399953
v 0.124999911 1.11650002 0.0532000922
v 0.13199991 1.11580002 0.0400001034
v 0.138199911 1.14000022 0.0466000736
v -0.0928999707 1.16230023 -0.107799955
v -0.102100007 1.16040027 -0.104299955
v -0.104499988 1.17630029 -0.112999849
v -0.118600011 1.13570023 0.054000102
v -0.117600024 1.16490018 0.0645000637
v -0.126800001 1.16340029 0.0481000841
v -0.0500000119 1.16160023 -0.114099957
v -0.0486999676 1.17980027 -0.119599961
v -0.0260000229 1.17730021 -0.118399851
v -0.0279999971 1.15880024 -0.115199961
v -0.0260000229 1.17730021 -0.118399851
v 0.0145999715 1.16750026 -0.116799958
v -0.132199988 1.1354003 -0.0460999534
v -0.1331999 1.13030028 -0.0230999514
v -0.134299994 1.15450025 -0.0217999592
v -0.13499999 1.15470028 -0.0469999537
v -0.131599993 1.15920019 -0.071199961
v -0.128399894 1.14390028 -0.0682999566
v -0.121100001 1.15170026 -0.0862999633
v -0.128399894 1.14390028 -0.0682999566
v -0.131599993 1.15920019 -0.071199961
v -0.124899894 1.1656003 -0.0914999619
v -0.114199989 1.17330027 -0.106799953
v -0.109799981 1.15880024 -0.0999999568
v -0.103900008 1.13660026 0.0736000836
v -0.101499967 1.1650002 0.0805000961
v -0.117600024 1.16490018 0.0645000637
v -0.126999885 1.1340003 0.0406000912
v -0.126800001 1.16340029 0.0481000841
v -0.132399991 1.16090024 0.0288000926
v -0.129999995 1.13200021 0.0239000618
v -0.132399991 1.16090024 0.0288000926
v -0.135099992 1.15730023 0.00670004636
v -0.13169989 1.12870002 0.000900045037
v -0.135099992 1.15730023 0.00670004636
v -0.134299994 1.15450025 -0.0217999592
v -0.0360000096 1.15960026 0.0933000743
v -0.0587999821 1.16370022 0.0985000953
v -0.0590999685 1.14110029 0.0933000743
v -0.0382000208 1.14000022 0.0905000865
v -0.00239999034 1.13610029 0.0813001022
v -0.00139999948 1.15270019 0.0830000937
v -0.0832999945 1.13750029 0.0862000808
v -0.080099985 1.16420019 0.0922000632
v -0.101499967 1.1650002 0.0805000961
v -0.0590999685 1.14110029 0.0933000743
v -0.0587999821 1.16370022 0.0985000953
v -0.080099985 1.16420019 0.0922000632
v -0.0645999908 1.16380024 -0.113099955
v -0.0777999759 1.16370022 -0.111299954
v -0.0776000023 1.1801002 -0.119399957
v -0.0645999908 1.16380024 -0.113099955
v -0.0638999939 1.18090022 -0.11979986
v -0.0486999676 1.17980027 -0.119599961
v -0.102100007 1.16040027 -0.104299955
v -0.109799981 1.15880024 -0.0999999568
v -0.114199989 1.17330027 -0.106799953
v -0.0946000218 1.17760026 -0.116499953
v -0.0776000023 1.1801002 -0.119399957
v -0.0777999759 1.16370022 -0.111299954
v 0.0468000099 1.16950023 -0.115899958
v 0.0662000105 1.16960025 -0.118299954
v 0.0626000091 1.14870024 -0.116899855
v 0.0454999804 1.14970028 -0.11659985
v 0.0131999813 1.14960027 -0.115899958
v 0.0145999715 1.16750026 -0.116799958
v 0.139399916 1.12189996 -0.049599953
v 0.144899905 1.13750029 -0.0480999574
v 0.144399911 1.13530028 -0.0232999548
v 0.135099903 1.12920022 -0.0716998503
v 0.141299903 1.14380026 -0.0703999624
v 0.144899905 1.13750029 -0.0480999574
v 0.126299903 1.13960028 -0.0906999633
v 0.133100003 1.1542002 -0.0913999602
v 0.141299903 1.14380026 -0.0703999624
v 0.114599913 1.14650023 -0.105299957
v 0.120199904 1.16350019 -0.110399954
v 0.133100003 1.1542002 -0.0913999602
v 0.128599912 1.14090025 0.0591000654
v 0.115100011 1.14470029 0.078800112
v 0.109700009 1.11890006 0.0737000927
v 0.13199991 1.11580002 0.0400001034
v 0.134800017 1.11380017 0.0231001005
v 0.144600004 1.13910019 0.033200115
v 0.144399911 1.13580024 0.00590014458
v 0.144600004 1.13910019 0.033200115
v 0.134800017 1.11380017 0.0231001005
v 0.135599911 1.11199999 -0.00199985504
v 0.139999911 1.11680007 -0.0261999592
v 0.144399911 1.13530028 -0.0232999548
v 0.0648000166 1.1297003 0.092700094
v 0.0687000081 1.15200019 0.0973000824
v 0.0436000228 1.15100026 0.0923000872
v 0.043099992 1.13210022 0.0901000723
v 0.0436000228 1.15100026 0.0923000872
v -0.00139999948 1.15270019 0.0830000937
v 0.0888000131 1.12419999 0.0877000913
v 0.109700009 1.11890006 0.0737000927
v 0.115100011 1.14470029 0.078800112
v 0.0913000107 1.15010023 0.0923000872
v 0.0687000081 1.15200019 0.0973000824
v 0.0648000166 1.1297003 0.092700094
v 0.0788000077 1.1693002 -0.122299962
v 0.0903000087 1.17010021 -0.123899959
v 0.086300008 1.15140021 -0.116499953
v 0.0745999813 1.1485002 -0.11719995
v 0.0626000091 1.14870024 -0.116899855
v 0.0662000105 1.16960025 -0.118299954
v 0.106599912 1.15000021 -0.110999949
v 0.111699909 1.16690028 -0.117399953
v 0.120199904 1.16350019 -0.110399954
v 0.0986999124 1.15190029 -0.114499964
v 0.086300008 1.15140021 -0.116499953
v 0.0903000087 1.17010021 -0.123899959
v 0.142700016 1.26050019 0.0551001169
v 0.137899905 1.24900019 0.0663000643
v 0.15139991 1.24530029 0.0473000668
v -0.123999991 1.27180028 0.0528000891
v -0.136199981 1.26900029 0.0423000827
v -0.135299891 1.25970018 0.049500078
v -0.187899992 1.17250025 -0.00339995325
v -0.18339999 1.17040026 -0.00649995357
v -0.179999992 1.17800021 -0.00719995797
v -0.162899897 1.22870028 -0.000199854374
v -0.157899886 1.22360027 -0.00279995799
v -0.154799983 1.23510027 0.0100000724
v 0.179000005 1.23410022 0.0199001133
v 0.184100017 1.22470021 0.0132000744
v 0.189800009 1.22890019 0.0152001008
v 0.207499906 1.18000019 0.017900072
v 0.205600008 1.18760026 0.0164000615
v 0.200399905 1.18550026 0.0149001107
v -0.153999895 1.23950028 0.00790008903
v -0.154799983 1.23510027 0.0100000724
v -0.151999995 1.24720025 0.022600092
v 0.202999905 1.17810023 0.0162000954
v 0.203599915 1.17740023 0.00880011171
v 0.207399905 1.17940021 0.0111000836
v -0.178699896 1.19620025 -0.00489985943
v -0.173499987 1.19280028 -0.00839995593
v -0.166999996 1.2088002 -0.00829995424
v -0.178799897 1.16800022 -0.00989985466
v -0.18339999 1.17040026 -0.00649995357
v -0.187099993 1.16880023 -0.0157999545
v -0.172099993 1.21290028 -0.00499995798
v -0.166999996 1.2088002 -0.00829995424
v -0.157899886 1.22360027 -0.00279995799
v -0.150199994 1.25260019 0.0192001238
v -0.151999995 1.24720025 0.022600092
v -0.145499989 1.25670028 0.0362000838
v -0.136199981 1.26900029 0.0423000827
v -0.145099998 1.26440024 0.0305000916
v -0.145499989 1.25670028 0.0362000838
v -0.119700007 1.25990021 0.0570000671
v -0.0965999886 1.2633003 0.0744000971
v -0.0982999727 1.27450025 0.0660000741
v -0.0149999866 1.26020026 0.0668000877
v -0.040099971 1.26690018 0.0696000755
v -0.0397999808 1.25210023 0.0753000677
v -0.0149999866 1.24500024 0.0713001192
v 0.0119000003 1.23990023 0.0677001178
v 0.0131000206 1.25400031 0.0619001091
v -0.0691000223 1.27320027 0.0733000934
v -0.0982999727 1.27450025 0.0660000741
v -0.0965999886 1.2633003 0.0744000971
v -0.0677999854 1.25870025 0.07970009
v -0.0397999808 1.25210023 0.0753000677
v -0.040099971 1.26690018 0.0696000755
v 0.183599904 1.2397002 0.0222000778
v 0.176900014 1.24840021 0.0317001119
v 0.182799906 1.23920023 0.0297000706
v 0.20130001 1.20130026 0.0146000609
v 0.196200013 1.21540022 0.0135000646
v 0.190299913 1.21190023 0.0112000927
v 0.184100017 1.22470021 0.0132000744
v 0.190299913 1.21190023 0.0112000927
v 0.196200013 1.21540022 0.0135000646
v 0.176900014 1.24840021 0.0317001119
v 0.172199905 1.2547003 0.0379000604
v 0.169700012 1.24440026 0.041100122
v 0.15929991 1.25790024 0.0473000668
v 0.15139991 1.24530029 0.0473000668
v 0.169700012 1.24440026 0.041100122
v 0.119999915 1.26430023 0.0702001154
v 0.115599915 1.25000024 0.0803000629
v 0.137899905 1.24900019 0.0663000643
v 0.0414999723 1.25660026 0.0667000785
v 0.038500011 1.24120021 0.0710000694
v 0.064899981 1.24550021 0.0761000887
v 0.0131000206 1.25400031 0.0619001091
v 0.0119000003 1.23990023 0.0677001178
v 0.038500011 1.24120021 0.0710000694
v 0.0937999114 1.26380026 0.0748001039
v 0.0900999084 1.24890029 0.0807000697
v 0.115599915 1.25000024 0.0803000629
v 0.0669000074 1.26050019 0.0705001056
v 0.064899981 1.24550021 0.0761000887
v 0.0900999084 1.24890029 0.0807000697
v 0.106599912 1.15000021 -0.110999949
v 0.105400011 1.12629998 -0.10489995
v 0.0985000134 1.12800002 -0.108599953
v 0.117799908 1.09749997 0.051000081
v 0.12470001 1.09420002 0.0365000665
v 0.13199991 1.11580002 0.0400001034
v -0.0913000107 1.14100027 -0.102099963
v -0.0990999937 1.14000022 -0.0985999629
v -0.102100007 1.16040027 -0.104299955
v -0.126999885 1.1340003 0.0406000912
v -0.120899968 1.10969996 0.0353001058
v -0.115699999 1.11109996 0.0498000644
v -0.0279999971 1.15880024 -0.115199961
v -0.0292000175 1.13610029 -0.111999951
v -0.0509999916 1.1383003 -0.109699957
v 0.0131999813 1.14960027 -0.115899958
v 0.01069998 1.12830007 -0.113899954
v -0.0292000175 1.13610029 -0.111999951
v -0.132199988 1.1354003 -0.0460999534
v -0.128399894 1.14390028 -0.0682999566
v -0.1259 1.12290001 -0.0639999583
v -0.130699992 1.11370015 -0.0419999585
v -0.130499989 1.10679996 -0.0219999626
v -0.1331999 1.13030028 -0.0230999514
v -0.121100001 1.15170026 -0.0862999633
v -0.109799981 1.15880024 -0.0999999568
v -0.106400013 1.13850021 -0.0942999497
v -0.117299974 1.13170028 -0.0814999565
v -0.1259 1.12290001 -0.0639999583
v -0.128399894 1.14390028 -0.0682999566
v -0.129999995 1.13200021 0.0239000618
v -0.124599993 1.10570002 0.0198000968
v -0.120899968 1.10969996 0.0353001058
v -0.118600011 1.13570023 0.054000102
v -0.115699999 1.11109996 0.0498000644
v -0.10079997 1.11300015 0.0664000735
v -0.13169989 1.12870002 0.000900045037
v -0.1331999 1.13030028 -0.0230999514
v -0.130499989 1.10679996 -0.0219999626
v -0.13169989 1.12870002 0.000900045037
v -0.127599984 1.10300016 -0.00159996003
v -0.124599993 1.10570002 0.0198000968
v -0.0590999685 1.14110029 0.0933000743
v -0.060599979 1.12220001 0.0888001025
v -0.039600011 1.12370002 0.0870001018
v -0.039600011 1.12370002 0.0870001018
v -0.00320000015 1.12129998 0.0793000758
v -0.00239999034 1.13610029 0.0813001022
v -0.103900008 1.13660026 0.0736000836
v -0.10079997 1.11300015 0.0664000735
v -0.0828000307 1.11650002 0.0809001029
v -0.0832999945 1.13750029 0.0862000808
v -0.0828000307 1.11650002 0.0809001029
v -0.060599979 1.12220001 0.0888001025
v -0.0662000105 1.13990021 -0.10839995
v -0.0784000158 1.13990021 -0.105799951
v -0.0777999759 1.16370022 -0.111299954
v -0.0500000119 1.16160023 -0.114099957
v -0.0509999916 1.1383003 -0.109699957
v -0.0662000105 1.13990021 -0.10839995
v -0.0990999937 1.14000022 -0.0985999629
v -0.106400013 1.13850021 -0.0942999497
v -0.109799981 1.15880024 -0.0999999568
v -0.0928999707 1.16230023 -0.107799955
v -0.0777999759 1.16370022 -0.111299954
v -0.0784000158 1.13990021 -0.105799951
v 0.0454999804 1.14970028 -0.11659985
v 0.0626000091 1.14870024 -0.116899855
v 0.0608999729 1.12619996 -0.113299958
v 0.043099992 1.12759995 -0.113899954
v 0.01069998 1.12830007 -0.113899954
v 0.0131999813 1.14960027 -0.115899958
v 0.139399916 1.12189996 -0.049599953
v 0.134899914 1.10220015 -0.0444999561
v 0.130399913 1.10930002 -0.0675999597
v 0.139999911 1.11680007 -0.0261999592
v 0.134199902 1.09599996 -0.0237999633
v 0.134899914 1.10220015 -0.0444999561
v 0.126299903 1.13960028 -0.0906999633
v 0.122499913 1.11720002 -0.0859999582
v 0.111999914 1.12390006 -0.09959995
v 0.135099903 1.12920022 -0.0716998503
v 0.130399913 1.10930002 -0.0675999597
v 0.122499913 1.11720002 -0.0859999582
v 0.12470001 1.09420002 0.0365000665
v 0.127600014 1.09239995 0.020900093
v 0.134800017 1.11380017 0.0231001005
v 0.124999911 1.11650002 0.0532000922
v 0.109700009 1.11890006 0.0737000927
v 0.102900013 1.09990001 0.0682000816
v 0.135599911 1.11199999 -0.00199985504
v 0.129699916 1.09080017 -0.00269985944
v 0.134199902 1.09599996 -0.0237999633
v 0.135599911 1.11199999 -0.00199985504
v 0.134800017 1.11380017 0.0231001005
v 0.127600014 1.09239995 0.020900093
v 0.0421000123 1.1171 0.086600095
v 0.0630999804 1.11250007 0.0886000618
v 0.0648000166 1.1297003 0.092700094
v -0.00239999034 1.13610029 0.0813001022
v -0.00320000015 1.12129998 0.0793000758
v 0.0421000123 1.1171 0.086600095
v 0.0846999064 1.1049 0.0820000991
v 0.102900013 1.09990001 0.0682000816
v 0.109700009 1.11890006 0.0737000927
v 0.0888000131 1.12419999 0.0877000913
v 0.0648000166 1.1297003 0.092700094
v 0.0630999804 1.11250007 0.0886000618
v 0.0745999813 1.1485002 -0.11719995
v 0.086300008 1.15140021 -0.116499953
v 0.0860999078 1.12830007 -0.111499958
v 0.0741000101 1.12600017 -0.112599857
v 0.0608999729 1.12619996 -0.113299958
v 0.0626000091 1.14870024 -0.116899855
v 0.114599913 1.14650023 -0.105299957
v 0.111999914 1.12390006 -0.09959995
v 0.105400011 1.12629998 -0.10489995
v 0.0986999124 1.15190029 -0.114499964
v 0.0985000134 1.12800002 -0.108599953
v 0.0860999078 1.12830007 -0.111499958
v 0.0955999121 1.05640006 -0.0888998583
v 0.0982000083 1.07910001 -0.0943999514
v 0.104600012 1.07780015 -0.0895998552
v 0.102699906 1.03900015 0.040200077
v 0.109700009 1.03820002 0.0305000767
v 0.112099916 1.05560017 0.032400094
v -0.0928999707 1.06309998 -0.0862999633
v -0.10049998 1.06150007 -0.0813998505
v -0.100599997 1.08940017 -0.0859999582
v -0.104799978 1.04509997 0.0419000536
v -0.105800033 1.06400001 0.0429001078
v -0.113399982 1.06210017 0.0326000676
v -0.0494999811 1.06110001 -0.100999959
v -0.0522000119 1.08679998 -0.101199962
v -0.0296000242 1.08449996 -0.106699951
v -0.0281000137 1.05970001 -0.106799953
v -0.0296000242 1.08449996 -0.106699951
v 0.00209998898 1.07930017 -0.111399956
v -0.125799984 1.04589999 -0.0381999537
v -0.127399892 1.04499996 -0.0216999575
v -0.127899989 1.06449997 -0.0208999589
v -0.127099991 1.06760001 -0.0375999585
v -0.123599999 1.07309997 -0.0542999581
v -0.121799998 1.04900014 -0.0531999543
v -0.116199963 1.05350006 -0.0639999583
v -0.121799998 1.04900014 -0.0531999543
v -0.123599999 1.07309997 -0.0542999581
v -0.117699981 1.08029997 -0.0683999583
v -0.107500009 1.08700001 -0.0804999545
v -0.107399993 1.05900002 -0.0748999491
v -0.0907000303 1.04789996 0.0528000817
v -0.0907000303 1.06930006 0.05600008
v -0.105800033 1.06400001 0.0429001078
v -0.112200022 1.04390001 0.0314001068
v -0.113399982 1.06210017 0.0326000676
v -0.119899981 1.06099999 0.0211000666
v -0.118900001 1.04330015 0.0201000795
v -0.119899981 1.06099999 0.0211000666
v -0.125599891 1.06210017 -0.00049996376
v -0.125599891 1.06210017 -0.00049996376
v -0.127899989 1.06449997 -0.0208999589
v -0.127399892 1.04499996 -0.0216999575
v -0.0368999802 1.05729997 0.0745001137
v -0.0393999815 1.08280015 0.0776000917
v -0.0601999685 1.08109999 0.0751000941
v -0.0368999802 1.05729997 0.0745001137
v -0.00400000997 1.05239999 0.0773001015
v -0.00430000015 1.07730007 0.0757000744
v -0.0753999949 1.05330002 0.0615000986
v -0.0773999617 1.07630014 0.0676001012
v -0.0907000303 1.06930006 0.05600008
v -0.058600001 1.05540001 0.0695000514
v -0.0601999685 1.08109999 0.0751000941
v -0.0773999617 1.07630014 0.0676001012
v -0.0795999691 1.06210017 -0.0924998596
v -0.0809999704 1.08829999 -0.0953998491
v -0.0694000125 1.08739996 -0.0986999497
v -0.0666999817 1.06130016 -0.0970999524
v -0.0694000125 1.08739996 -0.0986999497
v -0.0522000119 1.08679998 -0.101199962
v -0.10049998 1.06150007 -0.0813998505
v -0.107399993 1.05900002 -0.0748999491
v -0.107500009 1.08700001 -0.0804999545
v -0.0928999707 1.06309998 -0.0862999633
v -0.0934000015 1.09020007 -0.0900999531
v -0.0809999704 1.08829999 -0.0953998491
v 0.0340999886 1.07749999 -0.10839995
v 0.0549999997 1.07710016 -0.105199955
v 0.0504000112 1.05340016 -0.10489995
v 0.0297999904 1.0539 -0.108599953
v 0.000299990177 1.05649996 -0.110699959
v 0.00209998898 1.07930017 -0.111399956
v 0.12650001 1.04060006 -0.0390999541
v 0.127699912 1.06040001 -0.0382998511
v 0.127699912 1.05799997 -0.0209999606
v 0.12319991 1.04390001 -0.054999955
v 0.124499917 1.06480002 -0.0552999601
v 0.127699912 1.06040001 -0.0382998511
v 0.118000016 1.04830015 -0.0655998513
v 0.118899912 1.07000017 -0.0708999559
v 0.124499917 1.06480002 -0.0552999601
v 0.109700009 1.05340016 -0.0767999515
v 0.110299915 1.07570016 -0.0836999491
v 0.118899912 1.07000017 -0.0708999559
v 0.104199916 1.05770016 0.0430000648
v 0.0896999091 1.06330001 0.0572001003
v 0.087800011 1.04299998 0.0526001081
v 0.109700009 1.03820002 0.0305000767
v 0.116500005 1.03770006 0.0194000751
v 0.118499905 1.05470002 0.0205000862
v 0.122899905 1.03830016 -0.00169996172
v 0.12470001 1.05579996 -0.00049996376
v 0.118499905 1.05470002 0.0205000862
v 0.125800014 1.03859997 -0.02209986
v 0.127699912 1.05799997 -0.0209999606
v 0.12470001 1.05579996 -0.00049996376
v 0.0543000102 1.05079997 0.0704000816
v 0.0580999777 1.07459998 0.0753000602
v 0.0350000188 1.07700002 0.0775000677
v 0.029399991 1.05239999 0.07500007
v 0.0350000188 1.07700002 0.0775000677
v -0.00430000015 1.07730007 0.0757000744
v 0.0723999664 1.04640007 0.0628000647
v 0.087800011 1.04299998 0.0526001081
v 0.0896999091 1.06330001 0.0572001003
v 0.0753999874 1.07000017 0.0692000613
v 0.0580999777 1.07459998 0.0753000602
v 0.0543000102 1.05079997 0.0704000816
v 0.0710999891 1.07790017 -0.102799959
v 0.0853999108 1.07940006 -0.09959995
v 0.0818999112 1.05610001 -0.0953998491
v 0.0667999908 1.05430007 -0.100799851
v 0.0504000112 1.05340016 -0.10489995
v 0.0549999997 1.07710016 -0.105199955
v 0.103099912 1.0553 -0.0836999491
v 0.104600012 1.07780015 -0.0895998552
v 0.110299915 1.07570016 -0.0836999491
v 0.0955999121 1.05640006 -0.0888998583
v 0.0818999112 1.05610001 -0.0953998491
v 0.0853999108 1.07940006 -0.09959995
v 0.103099912 1.0553 -0.0836999491
v 0.101000011 1.03380001 -0.0846999511
v 0.0931999087 1.03499997 -0.0901999548
v 0.104399905 1.02040017 0.0395000726
v 0.111800015 1.02040017 0.0295000896
v 0.109700009 1.03820002 0.0305000767
v -0.09170001 1.03869998 -0.0872999504
v -0.10019999 1.03770006 -0.0819999501
v -0.10049998 1.06150007 -0.0813998505
v -0.112200022 1.04390001 0.0314001068
v -0.114600003 1.02579999 0.0312000737
v -0.107200019 1.02559996 0.0413000733
v -0.0281000137 1.05970001 -0.106799953
v -0.0254999995 1.03850007 -0.109499954
v -0.0462999903 1.03820002 -0.105299957
v 0.000299990177 1.05649996 -0.110699959
v 0.000199969858 1.03700006 -0.110999949
v -0.0254999995 1.03850007 -0.109499954
v -0.125799984 1.04589999 -0.0381999537
v -0.121799998 1.04900014 -0.0531999543
v -0.122500002 1.02970016 -0.0543999597
v -0.125799984 1.04589999 -0.0381999537
v -0.126599997 1.02719998 -0.0396999493
v -0.128499895 1.02719998 -0.022899963
v -0.116199963 1.05350006 -0.0639999583
v -0.107399993 1.05900002 -0.0748999491
v -0.107200019 1.03569996 -0.0756999627
v -0.116299979 1.03209996 -0.0651998594
v -0.122500002 1.02970016 -0.0543999597
v -0.121799998 1.04900014 -0.0531999543
v -0.118900001 1.04330015 0.0201000795
v -0.120700002 1.02690017 0.0199001059
v -0.114600003 1.02579999 0.0312000737
v -0.104799978 1.04509997 0.0419000536
v -0.107200019 1.02559996 0.0413000733
v -0.0921000168 1.0266 0.051700078
v -0.127399892 1.04499996 -0.0216999575
v -0.128499895 1.02719998 -0.022899963
v -0.126399994 1.02680016 -0.00259996206
v -0.124699987 1.04289997 -0.00189996511
v -0.126399994 1.02680016 -0.00259996206
v -0.120700002 1.02690017 0.0199001059
v -0.058600001 1.05540001 0.0695000514
v -0.0573999807 1.02950001 0.0672000945
v -0.033999972 1.0309 0.0729000792
v -0.033999972 1.0309 0.0729000792
v -0.00379998051 1.02820015 0.0768000707
v -0.00400000997 1.05239999 0.0773001015
v -0.0907000303 1.04789996 0.0528000817
v -0.0921000168 1.0266 0.051700078
v -0.076399982 1.028 0.0598001108
v -0.0753999949 1.05330002 0.0615000986
v -0.076399982 1.028 0.0598001108
v -0.0573999807 1.02950001 0.0672000945
v -0.0666999817 1.06130016 -0.0970999524
v -0.0634999797 1.03639996 -0.101399951
v -0.0780000016 1.03700006 -0.0950999632
v -0.0494999811 1.06110001 -0.100999959
v -0.0462999903 1.03820002 -0.105299957
v -0.0634999797 1.03639996 -0.101399951
v -0.10019999 1.03770006 -0.0819999501
v -0.107200019 1.03569996 -0.0756999627
v -0.107399993 1.05900002 -0.0748999491
v -0.0795999691 1.06210017 -0.0924998596
v -0.0780000016 1.03700006 -0.0950999632
v -0.09170001 1.03869998 -0.0872999504
v 0.0297999904 1.0539 -0.108599953
v 0.0504000112 1.05340016 -0.10489995
v 0.047799997 1.03359997 -0.108799957
v 0.0297999904 1.0539 -0.108599953
v 0.0279999897 1.0345 -0.111299954
v 0.000199969858 1.03700006 -0.110999949
v 0.12650001 1.04060006 -0.0390999541
v 0.127099916 1.02289999 -0.0405999497
v 0.123599917 1.02600002 -0.055999957
v 0.12650001 1.04060006 -0.0390999541
v 0.125800014 1.03859997 -0.02209986
v 0.127699912 1.0223 -0.0234999582
v 0.118000016 1.04830015 -0.0655998513
v 0.117499903 1.02869999 -0.0671999529
v 0.107799903 1.0323 -0.0786999539
v 0.12319991 1.04390001 -0.054999955
v 0.123599917 1.02600002 -0.055999957
v 0.117499903 1.02869999 -0.0671999529
v 0.111800015 1.02040017 0.0295000896
v 0.118099913 1.02170014 0.0185000449
v 0.116500005 1.03770006 0.0194000751
v 0.102699906 1.03900015 0.040200077
v 0.087800011 1.04299998 0.0526001081
v 0.0892000124 1.02199996 0.0519001074
v 0.124400005 1.02180016 -0.00359996408
v 0.127699912 1.0223 -0.0234999582
v 0.125800014 1.03859997 -0.02209986
v 0.122899905 1.03830016 -0.00169996172
v 0.116500005 1.03770006 0.0194000751
v 0.118099913 1.02170014 0.0185000449
v 0.0282000303 1.02760017 0.0774000436
v 0.0536000133 1.02530015 0.0722000748
v 0.0543000102 1.05079997 0.0704000816
v -0.00400000997 1.05239999 0.0773001015
v -0.00379998051 1.02820015 0.0768000707
v 0.0282000303 1.02760017 0.0774000436
v 0.0734000206 1.02359998 0.0628000647
v 0.0892000124 1.02199996 0.0519001074
v 0.087800011 1.04299998 0.0526001081
v 0.0723999664 1.04640007 0.0628000647
v 0.0543000102 1.05079997 0.0704000816
v 0.0536000133 1.02530015 0.0722000748
v 0.0667999908 1.05430007 -0.100799851
v 0.0818999112 1.05610001 -0.0953998491
v 0.079200007 1.03509998 -0.0980999544
v 0.0641999766 1.03390002 -0.104399957
v 0.047799997 1.03359997 -0.108799957
v 0.0504000112 1.05340016 -0.10489995
v 0.109700009 1.05340016 -0.0767999515
v 0.107799903 1.0323 -0.0786999539
v 0.101000011 1.03380001 -0.0846999511
v 0.0931999087 1.03499997 -0.0901999548
v 0.079200007 1.03509998 -0.0980999544
v 0.0818999112 1.05610001 -0.0953998491
v 0.0946999118 0.994799972 -0.0987999514
v 0.103399903 0.994199991 -0.0927999541
v 0.10710001 0.97360009 -0.100499965
v 0.116299912 0.968400002 0.0343000442
v 0.125100017 0.967799962 0.0204000697
v 0.120100006 0.986000001 0.0223000869
v -0.104600012 0.974900007 -0.0947999731
v -0.102100007 0.994599998 -0.0879999623
v -0.0926999971 0.994199991 -0.0937999561
v -0.118300021 0.972200096 0.0375001058
v -0.114000022 0.99000001 0.0377000794
v -0.122699969 0.990100086 0.0252000839
v -0.0231000185 0.976499856 -0.123399876
v -0.0388000011 0.972200096 -0.122199975
v -0.0397999808 0.994700074 -0.114599951
v -0.0224999785 0.998900056 -0.116499953
v 0.000800009817 1.00209999 -0.116199858
v 0.000599980354 0.981099963 -0.12189997
v -0.142199993 0.97450006 -0.0296999738
v -0.136899993 0.99180001 -0.0281999633
v -0.135399997 0.992500007 -0.0461998507
v -0.135399997 0.992500007 -0.0461998507
v -0.129899889 0.993700087 -0.0614999607
v -0.135199994 0.976199985 -0.0647999719
v -0.135199994 0.976199985 -0.0647999719
v -0.129899889 0.993700087 -0.0614999607
v -0.121100001 0.994500101 -0.0742999539
v -0.125399992 0.976300001 -0.0789999738
v -0.121100001 0.994500101 -0.0742999539
v -0.110499971 0.994700074 -0.082699962
v -0.0974000022 0.971000075 0.0506000742
v -0.0950999781 0.988700092 0.0496000871
v -0.114000022 0.99000001 0.0377000794
v -0.127499998 0.972000003 0.0243000537
v -0.122699969 0.990100086 0.0252000839
v -0.129899889 0.990499973 0.0123000965
v -0.134599894 0.972499967 0.0113001093
v -0.129899889 0.990499973 0.0123000965
v -0.1347 0.990300059 -0.00849996507
v -0.13959989 0.97299999 -0.0094999671
v -0.1347 0.990300059 -0.00849996507
v -0.136899993 0.99180001 -0.0281999633
v -0.0282000303 0.989400089 0.0749001056
v -0.0530999824 0.988200068 0.0677001029
v -0.0526999794 0.968400002 0.0691001043
v -0.0278999805 0.968200088 0.0759000927
v -0.00120002963 0.968100011 0.0789000541
v -0.00210000016 0.988299966 0.0780000836
v -0.0745999813 0.969900012 0.0605001077
v -0.0742999911 0.988200068 0.058700107
v -0.0950999781 0.988700092 0.0496000871
v -0.0745999813 0.969900012 0.0605001077
v -0.0526999794 0.968400002 0.0691001043
v -0.0530999824 0.988200068 0.0677001029
v -0.076399982 0.972499967 -0.110299967
v -0.0762000009 0.99180001 -0.102899961
v -0.0569000207 0.991599858 -0.110899962
v -0.0561000109 0.971199989 -0.117699973
v -0.0569000207 0.991599858 -0.110899962
v -0.0397999808 0.994700074 -0.114599951
v -0.113600008 0.975699961 -0.0889999643
v -0.110499971 0.994700074 -0.082699962
v -0.102100007 0.994599998 -0.0879999623
v -0.094900012 0.973899961 -0.100899972
v -0.0926999971 0.994199991 -0.0937999561
v -0.0762000009 0.99180001 -0.102899961
v 0.0254999883 0.978600085 -0.12479987
v 0.0253999792 0.99939996 -0.11869996
v 0.0433999822 0.996800065 -0.11809995
v 0.000599980354 0.981099963 -0.12189997
v 0.000800009817 1.00209999 -0.116199858
v 0.0253999792 0.99939996 -0.11869996
v 0.134599909 0.988000095 -0.0467999503
v 0.135299906 0.987100005 -0.0292998627
v 0.139899909 0.968100011 -0.0316999778
v 0.13440001 0.970899999 -0.0656999722
v 0.129899904 0.990300059 -0.0626999512
v 0.134599909 0.988000095 -0.0467999503
v 0.126600012 0.9727 -0.0811999664
v 0.121999905 0.992299855 -0.0769999549
v 0.129899904 0.990300059 -0.0626999512
v 0.115800008 0.973899961 -0.0936999694
v 0.111399904 0.993700087 -0.0869999602
v 0.121999905 0.992299855 -0.0769999549
v 0.111699909 0.986100078 0.0351000652
v 0.0943000093 0.986000001 0.0502000675
v 0.0968999118 0.968400002 0.0514000878
v 0.125100017 0.967799962 0.0204000697
v 0.131600007 0.967599988 0.00760003924
v 0.127099916 0.986299992 0.00960006565
v 0.132699907 0.985700011 -0.0106999651
v 0.127099916 0.986299992 0.00960006565
v 0.131600007 0.967599988 0.00760003924
v 0.137300014 0.966899991 -0.013099961
v 0.139899909 0.968100011 -0.0316999778
v 0.135299906 0.987100005 -0.0292998627
v 0.0265999995 0.968100011 0.0796000585
v 0.0523999929 0.968000114 0.0747000724
v 0.0518000126 0.986800075 0.0734000951
v 0.0253999792 0.988599956 0.0790000781
v -0.00210000016 0.988299966 0.0780000836
v -0.00120002963 0.968100011 0.0789000541
v 0.0752999708 0.968700111 0.0653000623
v 0.0968999118 0.968400002 0.0514000878
v 0.0943000093 0.986000001 0.0502000675
v 0.0738999769 0.986500084 0.0633000955
v 0.0518000126 0.986800075 0.0734000951
v 0.0523999929 0.968000114 0.0747000724
v 0.0601000115 0.995200098 -0.11479985
v 0.0785000101 0.995000005 -0.107699953
v 0.0795000121 0.973199964 -0.116299964
v 0.0425999686 0.975600004 -0.124999978
v 0.0433999822 0.996800065 -0.11809995
v 0.0601000115 0.995200098 -0.11479985
v 0.103399903 0.994199991 -0.0927999541
v 0.111399904 0.993700087 -0.0869999602
v 0.115800008 0.973899961 -0.0936999694
v 0.0976999104 0.973699987 -0.107399978
v 0.0795000121 0.973199964 -0.116299964
v 0.0785000101 0.995000005 -0.107699953
v 0.205600008 1.18760026 0.0164000615
v 0.20130001 1.20130026 0.0146000609
v 0.19539991 1.19830024 0.0127001032
v 0.247400016 1.21700025 -0.0576998517
v 0.252100021 1.22040021 -0.0421998575
v 0.253399998 1.19860029 -0.0450998619
v 0.247400016 1.19410026 -0.0591999516
v 0.234899998 1.18820024 -0.0706999525
v 0.237000018 1.2110002 -0.0705999509
v 0.161999911 1.1778003 -0.0551999584
v 0.170400009 1.18060029 -0.066799961
v 0.175000012 1.16810024 -0.0646999553
v 0.16610001 1.16660023 -0.0533999577
v 0.164000005 1.16750026 -0.0358999595
v 0.161000013 1.17750025 -0.0385999605
v 0.166400015 1.18030024 -0.0218999609
v 0.161000013 1.17750025 -0.0385999605
v 0.164000005 1.16750026 -0.0358999595
v 0.170000017 1.17040026 -0.0190999582
v 0.178799912 1.17440021 -0.00489985943
v 0.174599916 1.1851002 -0.00779995322
v 0.252400011 1.22280025 -0.0271999612
v 0.248899996 1.22290027 -0.0124999583
v 0.251800001 1.20390022 -0.0152998567
v 0.255199999 1.20210028 -0.0303998515
v 0.253399998 1.19860029 -0.0450998619
v 0.252100021 1.22040021 -0.0421998575
v 0.223500013 1.19490027 0.015500091
v 0.219799906 1.20930028 0.0147000849
v 0.209799916 1.20480025 0.015500091
v 0.234100014 1.19940031 0.0106000528
v 0.230599999 1.21480024 0.0108000934
v 0.219799906 1.20930028 0.0147000849
v 0.200399905 1.18550026 0.0149001107
v 0.19539991 1.19830024 0.0127001032
v 0.190199912 1.19530022 0.00940009207
v 0.214099914 1.19100022 0.0169000924
v 0.209799916 1.20480025 0.015500091
v 0.20130001 1.20130026 0.0146000609
v 0.182699904 1.19070029 0.00240004063
v 0.174599916 1.1851002 -0.00779995322
v 0.178799912 1.17440021 -0.00489985943
v 0.187600017 1.17900026 0.00480014086
v 0.19539991 1.18300021 0.0121000633
v 0.190199912 1.19530022 0.00940009207
v 0.244000018 1.20260024 -0.00049995631
v 0.240999997 1.22000027 0.000700041652
v 0.230599999 1.21480024 0.0108000934
v 0.244000018 1.20260024 -0.00049995631
v 0.251800001 1.20390022 -0.0152998567
v 0.248899996 1.22290027 -0.0124999583
v 0.186299905 1.18720019 -0.0761999562
v 0.203400016 1.19450021 -0.0804999545
v 0.204100013 1.17730021 -0.076599963
v 0.189499915 1.17230022 -0.07289996
v 0.175000012 1.16810024 -0.0646999553
v 0.170400009 1.18060029 -0.066799961
v 0.220399916 1.20230019 -0.0787999555
v 0.237000018 1.2110002 -0.0705999509
v 0.234899998 1.18820024 -0.0706999525
v 0.219099909 1.18270028 -0.0762999579
v 0.204100013 1.17730021 -0.076599963
v 0.203400016 1.19450021 -0.0804999545
v -0.184899896 1.18050027 -0.00429995358
v -0.179999992 1.17800021 -0.00719995797
v -0.173499987 1.19280028 -0.00839995593
v -0.239399984 1.20260024 -0.0544999614
v -0.232899994 1.22580028 -0.0543999597
v -0.230399892 1.22210026 -0.0722999498
v -0.236499995 1.19830024 -0.0708999559
v -0.230399892 1.22210026 -0.0722999498
v -0.221199885 1.21420026 -0.0872999504
v -0.163399994 1.15990019 -0.082699962
v -0.174799889 1.16380024 -0.0918999538
v -0.165799886 1.17850029 -0.0934999511
v -0.163399994 1.15990019 -0.082699962
v -0.156199992 1.17270029 -0.0843999609
v -0.152399987 1.1699003 -0.0685999617
v -0.157899886 1.1584003 -0.0665999576
v -0.152399987 1.1699003 -0.0685999617
v -0.153799996 1.17140019 -0.051599957
v -0.15959999 1.16010022 -0.0491999611
v -0.153799996 1.17140019 -0.051599957
v -0.158299893 1.1764003 -0.0351999626
v -0.232199997 1.20290029 -0.0249998495
v -0.225099996 1.22400022 -0.0238998607
v -0.23089999 1.22640026 -0.0386999622
v -0.237399995 1.20410025 -0.0390999541
v -0.23089999 1.22640026 -0.0386999622
v -0.232899994 1.22580028 -0.0543999597
v -0.202899992 1.18830025 -0.00129985809
v -0.192899987 1.18390024 -0.00179995596
v -0.186399996 1.19980025 -0.00209995359
v -0.19659999 1.20500028 -0.000999957323
v -0.207099989 1.21140027 -0.00359995663
v -0.212899983 1.19370019 -0.00339995325
v -0.179999992 1.17800021 -0.00719995797
v -0.175499991 1.17480028 -0.0115999579
v -0.169099897 1.18900025 -0.0131999552
v -0.178699896 1.19620025 -0.00489985943
v -0.186399996 1.19980025 -0.00209995359
v -0.192899987 1.18390024 -0.00179995596
v -0.170099884 1.16980028 -0.0209999606
v -0.164499983 1.1643002 -0.0334999636
v -0.158299893 1.1764003 -0.0351999626
v -0.163699895 1.18300021 -0.0222999528
v -0.169099897 1.18900025 -0.0131999552
v -0.175499991 1.17480028 -0.0115999579
v -0.223399997 1.19910026 -0.0124999583
v -0.212899983 1.19370019 -0.00339995325
v -0.207099989 1.21140027 -0.00359995663
v -0.216499984 1.21860027 -0.0114999563
v -0.225099996 1.22400022 -0.0238998607
v -0.232199997 1.20290029 -0.0249998495
v -0.201599985 1.17300022 -0.0953998491
v -0.195299894 1.19320023 -0.097899951
v -0.179599985 1.1857003 -0.0975999609
v -0.179599985 1.1857003 -0.0975999609
v -0.165799886 1.17850029 -0.0934999511
v -0.174799889 1.16380024 -0.0918999538
v -0.226999983 1.19100022 -0.0848999545
v -0.221199885 1.21420026 -0.0872999504
v -0.208999991 1.20410025 -0.0947999582
v -0.21509999 1.18280029 -0.0920999572
v -0.208999991 1.20410025 -0.0947999582
v -0.195299894 1.19320023 -0.097899951
v 0.152099907 0.880599976 -0.0714999661
v 0.133199915 0.888000011 -0.101199977
v 0.130399913 0.900999963 -0.0947999731
v -0.00279998966 0.91110009 -0.138299972
v -0.0026000198 0.896399975 -0.142699987
v -0.0170000196 0.899999976 -0.147499889
v -0.0690000057 0.868499994 0.0571000725
v -0.0652999803 0.886399984 0.0572000928
v -0.103500001 0.895599961 0.0461000912
v 0.0914000124 0.889700055 0.0472001024
v 0.123899907 0.890799999 0.0317000896
v 0.118899912 0.898500085 0.0339001045
v 0.0871999115 0.897499859 0.0487000532
v 0.0476000309 0.89349997 0.0582000837
v 0.0504000112 0.883599997 0.0577000529
v 0.097800009 0.876000106 0.044600077
v 0.131600007 0.877999961 0.0261000469
v 0.123899907 0.890799999 0.0317000896
v -0.0652999803 0.886399984 0.0572000928
v -0.0617999993 0.895399988 0.0576000921
v -0.0983999893 0.902500093 0.0475000925
v -0.103500001 0.895599961 0.0461000912
v -0.0983999893 0.902500093 0.0475000925
v -0.129299998 0.905600011 0.0299000964
v -0.0335000157 0.905500114 -0.147199988
v -0.0340999886 0.917600095 -0.140199959
v -0.0181999803 0.914499998 -0.140699983
v -0.112299971 0.882600009 0.0436000973
v -0.103500001 0.895599961 0.0461000912
v -0.132299989 0.899999976 0.0282001048
v -0.109799981 0.92809999 -0.10429997
v -0.110000007 0.925700068 -0.107099973
v -0.136099994 0.91960001 -0.0817999765
v -0.110000007 0.925700068 -0.107099973
v -0.110000007 0.919700086 -0.111399971
v -0.137099892 0.912599862 -0.0887999758
v -0.00760000944 0.880100012 0.0628000647
v -0.00809998065 0.858299971 0.0627001077
v 0.0522999689 0.865199864 0.0572000928
v 0.067099981 0.9023 -0.140599877
v 0.064899981 0.914800107 -0.134899884
v 0.0985000134 0.911300063 -0.120899878
v 0.064899981 0.914800107 -0.134899884
v 0.0367000103 0.912299991 -0.140899986
v 0.0375000201 0.918799996 -0.137099981
v 0.0647 0.919700086 -0.131499976
v 0.0976999104 0.916200101 -0.11749997
v 0.0985000134 0.911300063 -0.120899878
v -0.0799000189 0.919499993 -0.131699979
v -0.080200009 0.926400065 -0.126499981
v -0.0540999696 0.92200011 -0.136099964
v -0.110000007 0.925700068 -0.107099973
v -0.109799981 0.92809999 -0.10429997
v -0.0807999894 0.929200113 -0.123299979
v -0.080200009 0.926400065 -0.126499981
v -0.0807999894 0.929200113 -0.123299979
v -0.0546000004 0.926800013 -0.132399976
v -0.110000007 0.919700086 -0.111399971
v -0.110000007 0.925700068 -0.107099973
v -0.080200009 0.926400065 -0.126499981
v 0.144199908 0.889700055 0.0083000809
v 0.123899907 0.890799999 0.0317000896
v 0.131600007 0.877999961 0.0261000469
v -0.139499992 0.889900088 0.024600096
v -0.132299989 0.899999976 0.0282001048
v -0.148899987 0.905299962 0.00500003248
v 0.144199908 0.889700055 0.0083000809
v 0.155300006 0.889900088 -0.0260999724
v 0.152599916 0.895699978 -0.0218999758
v 0.141099915 0.896200061 0.0107000694
v 0.118899912 0.898500085 0.0339001045
v 0.123899907 0.890799999 0.0317000896
v 0.149900004 0.877900004 0.000900030136
v 0.157699913 0.877699971 -0.0348999724
v 0.155300006 0.889900088 -0.0260999724
v -0.132299989 0.899999976 0.0282001048
v -0.129299998 0.905600011 0.0299000964
v -0.146399885 0.909900069 0.00680003315
v -0.148899987 0.905299962 0.00500003248
v -0.146399885 0.909900069 0.00680003315
v -0.153799996 0.914300084 -0.0227999762
v -0.00760000944 0.880100012 0.0628000647
v -0.0652999803 0.886399984 0.0572000928
v -0.0690000057 0.868499994 0.0571000725
v -0.155599996 0.896299958 -0.00169996172
v -0.148899987 0.905299962 0.00500003248
v -0.156299993 0.910299957 -0.0257999673
v 0.150300011 0.893000007 -0.062399976
v 0.155300006 0.889900088 -0.0260999724
v 0.157699913 0.877699971 -0.0348999724
v 0.150300011 0.893000007 -0.062399976
v 0.130399913 0.900999963 -0.0947999731
v 0.127799913 0.906400084 -0.0911999717
v 0.147700012 0.898599982 -0.0578999743
v 0.152599916 0.895699978 -0.0218999758
v 0.155300006 0.889900088 -0.0260999724
v -0.152299985 0.907000005 -0.0641999766
v -0.151199996 0.914699912 -0.0556999668
v -0.136099994 0.91960001 -0.0817999765
v -0.156299993 0.910299957 -0.0257999673
v -0.153799996 0.914300084 -0.0227999762
v -0.149399996 0.918599963 -0.0523999706
v -0.151199996 0.914699912 -0.0556999668
v -0.149399996 0.918599963 -0.0523999706
v -0.134599894 0.922800004 -0.0795998648
v -0.159399897 0.902500093 -0.0341999754
v -0.156299993 0.910299957 -0.0257999673
v -0.151199996 0.914699912 -0.0556999668
v 0.0914000124 0.889700055 0.0472001024
v 0.0504000112 0.883599997 0.0577000529
v 0.0522999689 0.865199864 0.0572000928
v 0.0725999996 0.766200006 0.0957000405
v 0.037899971 0.761700094 0.0811000541
v 0.0350999795 0.724799991 0.101600058
v 0.0735999867 0.726600111 0.114600003
v 0.120800003 0.719400108 0.108400017
v 0.114899904 0.759500086 0.0945000798
v 0.0725999996 0.766200006 0.0957000405
v 0.114899904 0.759500086 0.0945000798
v 0.109700009 0.789800107 0.0812000781
v 0.0716000199 0.79369998 0.0800000578
v 0.0386999808 0.788999856 0.0618000776
v 0.037899971 0.761700094 0.0811000541
v -0.0965999886 0.73969996 0.0657000691
v -0.0960000083 0.776899993 0.063300088
v -0.139199883 0.776600003 0.0534000471
v -0.0965999886 0.73969996 0.0657000691
v -0.144299895 0.738799989 0.0528000668
v -0.140199989 0.695299983 0.0523000434
v -0.0965999886 0.73969996 0.0657000691
v -0.0946999714 0.695299983 0.0671000555
v -0.0497999713 0.695599914 0.0533000939
v -0.0487999916 0.739600062 0.0504000857
v -0.0501999781 0.777099967 0.0479000881
v -0.0960000083 0.776899993 0.063300088
v 0.0758000016 0.669200063 0.133700013
v 0.0393000171 0.676900089 0.120400012
v 0.0442000031 0.613300025 0.136099994
v 0.0766999125 0.607200086 0.141300023
v 0.105800003 0.59829998 0.130600035
v 0.114799917 0.657100081 0.127399966
v 0.0758000016 0.669200063 0.133700013
v 0.114799917 0.657100081 0.127399966
v 0.120800003 0.719400108 0.108400017
v 0.0735999867 0.726600111 0.114600003
v 0.0350999795 0.724799991 0.101600058
v 0.0393000171 0.676900089 0.120400012
v -0.0946999714 0.695299983 0.0671000555
v -0.140199989 0.695299983 0.0523000434
v -0.130299896 0.629399955 0.0498000421
v -0.09109997 0.632399857 0.06310004
v -0.130299896 0.629399955 0.0498000421
v -0.119700007 0.576799989 0.036200054
v -0.09109997 0.632399857 0.06310004
v -0.0838000104 0.577799916 0.0508000888
v -0.0500000119 0.580299973 0.0430000499
v -0.0511999726 0.640999913 0.0518000796
v -0.0497999713 0.695599914 0.0533000939
v -0.0946999714 0.695299983 0.0671000555
v 0.0698999688 0.550199986 0.150499985
v 0.0461000204 0.558499992 0.149699986
v 0.0434999987 0.505500019 0.158600032
v 0.0698999688 0.550199986 0.150499985
v 0.0601000115 0.500800014 0.159399971
v 0.0854999125 0.494799972 0.148900032
v 0.0698999688 0.550199986 0.150499985
v 0.0955999121 0.543200016 0.137400016
v 0.105800003 0.59829998 0.130600035
v 0.0766999125 0.607200086 0.141300023
v 0.0442000031 0.613300025 0.136099994
v 0.0461000204 0.558499992 0.149699986
v -0.0838000104 0.577799916 0.0508000888
v -0.119700007 0.576799989 0.036200054
v -0.113700032 0.519400001 0.0283000469
v -0.0786999986 0.51849997 0.0422000214
v -0.113700032 0.519400001 0.0283000469
v -0.111100011 0.469200015 0.024500072
v -0.0786999986 0.51849997 0.0422000214
v -0.0799999833 0.466700017 0.0317000747
v -0.0640000105 0.469099998 0.0304000303
v -0.05620002 0.523000002 0.0393000841
v -0.0500000119 0.580299973 0.0430000499
v -0.0838000104 0.577799916 0.0508000888
v 0.0572000071 0.4551 0.158699974
v 0.0428000018 0.460200012 0.156599984
v 0.03549999 0.411599994 0.138999984
v 0.0497000217 0.406300008 0.141099975
v 0.0730000064 0.403699994 0.135099992
v 0.0800999105 0.449100018 0.151599988
v 0.0572000071 0.4551 0.158699974
v 0.0800999105 0.449100018 0.151599988
v 0.0854999125 0.494799972 0.148900032
v 0.0601000115 0.500800014 0.159399971
v 0.0434999987 0.505500019 0.158600032
v 0.0428000018 0.460200012 0.156599984
v -0.0859000012 0.428400099 0.0216000602
v -0.0799999833 0.466700017 0.0317000747
v -0.111100011 0.469200015 0.024500072
v -0.0859000012 0.428400099 0.0216000602
v -0.110899977 0.430999994 0.0177000761
v -0.108799994 0.39530009 0.00610001385
v -0.0842999816 0.391900003 0.0104000568
v -0.0658999607 0.390900016 0.00450001657
v -0.069499962 0.429400027 0.0192000866
v -0.069499962 0.429400027 0.0192000866
v -0.0640000105 0.469099998 0.0304000303
v -0.0799999833 0.466700017 0.0317000747
v 0.0260000192 0.379199982 0.123499967
v 0.0185999796 0.34740001 0.118499979
v 0.0342999585 0.343899906 0.123400018
v 0.0342999585 0.343899906 0.123400018
v 0.0579999611 0.337000012 0.119599976
v 0.0662000105 0.372699916 0.124899969
v 0.0662000105 0.372699916 0.124899969
v 0.0730000064 0.403699994 0.135099992
v 0.0497000217 0.406300008 0.141099975
v 0.0412999913 0.376599997 0.1294
v 0.0497000217 0.406300008 0.141099975
v 0.03549999 0.411599994 0.138999984
v -0.0842999816 0.391900003 0.0104000568
v -0.108799994 0.39530009 0.00610001385
v -0.104600012 0.3646999 -0.000699996948
v -0.0781000257 0.362199992 0.00220000744
v -0.104600012 0.3646999 -0.000699996948
v -0.0975999832 0.327199996 -0.00199989229
v -0.0718999952 0.326699913 -0.00169999152
v -0.0536000095 0.325399995 -0.00919989496
v -0.0594999716 0.361199915 -0.00529999286
v -0.0781000257 0.362199992 0.00220000744
v -0.0594999716 0.361199915 -0.00529999286
v -0.0658999607 0.390900016 0.00450001657
v 0.00929998979 0.117900029 0.118799955
v -0.00210000016 0.12030001 0.1219
v -0.000899979845 0.101499997 0.126899987
v 0.011500001 0.0977000147 0.120099999
v 0.0238999687 0.0931999907 0.10400001
v 0.0217999779 0.114900008 0.107800014
v 0.00929998979 0.117900029 0.118799955
v 0.0217999779 0.114900008 0.107800014
v 0.0234000012 0.153800026 0.109499969
v 0.00849997997 0.156300023 0.115699984
v -0.00349999033 0.156900004 0.115900017
v -0.00210000016 0.12030001 0.1219
v -0.0543000028 0.109099999 0.00530000031
v -0.0555999801 0.14760001 -0.00410000235
v -0.0699999928 0.146900013 -0.00290000439
v -0.0688999817 0.107000008 0.00289999694
v -0.0702000186 0.085900031 0.00559999794
v -0.0537999794 0.0891000181 0.0117000192
v -0.0543000028 0.109099999 0.00530000031
v -0.0537999794 0.0891000181 0.0117000192
v -0.0437999889 0.0902000368 0.0102000684
v -0.0461999699 0.109300047 0.00289999694
v -0.0472999811 0.14670004 -0.00789999962
v -0.0555999801 0.14760001 -0.00410000235
v 0.152299911 0.704200089 0.0861000568
v 0.161899909 0.688799977 0.0540000834
v 0.166899905 0.727199912 0.0430000573
v 0.153200015 0.743800104 0.0757000595
v 0.166899905 0.727199912 0.0430000573
v 0.16960001 0.763499975 0.0309000686
v 0.151700005 0.7773 0.0639000684
v 0.109700009 0.789800107 0.0812000781
v 0.114899904 0.759500086 0.0945000798
v 0.153200015 0.743800104 0.0757000595
v 0.114899904 0.759500086 0.0945000798
v 0.120800003 0.719400108 0.108400017
v -0.144299895 0.738799989 0.0528000668
v -0.139199883 0.776600003 0.0534000471
v -0.167199895 0.777799964 0.0298000723
v -0.168199986 0.737199962 0.0264000371
v -0.167199895 0.777799964 0.0298000723
v -0.178199992 0.782899976 -0.00579997152
v -0.175699994 0.73969996 -0.0124999732
v -0.168999985 0.694300056 -0.0175999776
v -0.162499994 0.693600059 0.0228000879
v -0.168199986 0.737199962 0.0264000371
v -0.162499994 0.693600059 0.0228000879
v -0.140199989 0.695299983 0.0523000434
v 0.124000013 0.588199973 0.105800033
v 0.129400015 0.580500007 0.0773000792
v 0.148699909 0.632200003 0.0683000684
v 0.141899914 0.642799973 0.100600064
v 0.148699909 0.632200003 0.0683000684
v 0.161899909 0.688799977 0.0540000834
v 0.152299911 0.704200089 0.0861000568
v 0.120800003 0.719400108 0.108400017
v 0.114799917 0.657100081 0.127399966
v 0.141899914 0.642799973 0.100600064
v 0.114799917 0.657100081 0.127399966
v 0.105800003 0.59829998 0.130600035
v -0.15259999 0.630900085 0.0178000405
v -0.130299896 0.629399955 0.0498000421
v -0.140199989 0.695299983 0.0523000434
v -0.162499994 0.693600059 0.0228000879
v -0.168999985 0.694300056 -0.0175999776
v -0.157699987 0.636799991 -0.018799983
v -0.15259999 0.630900085 0.0178000405
v -0.157699987 0.636799991 -0.018799983
v -0.145799994 0.584200084 -0.0211999789
v -0.13989988 0.579400003 0.0089000538
v -0.119700007 0.576799989 0.036200054
v -0.130299896 0.629399955 0.0498000421
v 0.108600006 0.537400007 0.114400022
v 0.100300007 0.488499999 0.127199993
v 0.104899913 0.481000006 0.0995000526
v 0.112599909 0.532000005 0.0876000524
v 0.129400015 0.580500007 0.0773000792
v 0.124000013 0.588199973 0.105800033
v 0.124000013 0.588199973 0.105800033
v 0.105800003 0.59829998 0.130600035
v 0.0955999121 0.543200016 0.137400016
v 0.0955999121 0.543200016 0.137400016
v 0.0854999125 0.494799972 0.148900032
v 0.100300007 0.488499999 0.127199993
v -0.131799996 0.525900006 0.00530001521
v -0.113700032 0.519400001 0.0283000469
v -0.119700007 0.576799989 0.036200054
v -0.13989988 0.579400003 0.0089000538
v -0.145799994 0.584200084 -0.0211999789
v -0.138399988 0.531799912 -0.0199999884
v -0.131799996 0.525900006 0.00530001521
v -0.138399988 0.531799912 -0.0199999884
v -0.137400001 0.477900088 -0.0202999935
v -0.130199999 0.474099994 0.00470001251
v -0.111100011 0.469200015 0.024500072
v -0.113700032 0.519400001 0.0283000469
v 0.0986000076 0.401600003 0.111999981
v 0.10710001 0.40170002 0.0754000545
v 0.105999917 0.436100006 0.0928000137
v 0.0996000096 0.443899989 0.12999998
v 0.105999917 0.436100006 0.0928000137
v 0.104899913 0.481000006 0.0995000526
v 0.100300007 0.488499999 0.127199993
v 0.0854999125 0.494799972 0.148900032
v 0.0800999105 0.449100018 0.151599988
v 0.0996000096 0.443899989 0.12999998
v 0.0800999105 0.449100018 0.151599988
v 0.0730000064 0.403699994 0.135099992
v -0.131599993 0.434100091 -0.000699989498
v -0.110899977 0.430999994 0.0177000761
v -0.111100011 0.469200015 0.024500072
v -0.131599993 0.434100091 -0.000699989498
v -0.130199999 0.474099994 0.00470001251
v -0.137400001 0.477900088 -0.0202999935
v -0.14199999 0.435899973 -0.0296999887
v -0.145599991 0.40139997 -0.0414998904
v -0.133699983 0.398500025 -0.0128999874
v -0.131599993 0.434100091 -0.000699989498
v -0.133699983 0.398500025 -0.0128999874
v -0.108799994 0.39530009 0.00610001385
v 0.0950999111 0.370000005 0.100900039
v 0.0850999132 0.329599917 0.0994000286
v 0.0964999124 0.330900013 0.069200024
v 0.0950999111 0.370000005 0.100900039
v 0.104899913 0.372200012 0.0670000762
v 0.10710001 0.40170002 0.0754000545
v 0.0986000076 0.401600003 0.111999981
v 0.0730000064 0.403699994 0.135099992
v 0.0662000105 0.372699916 0.124899969
v 0.0950999111 0.370000005 0.100900039
v 0.0662000105 0.372699916 0.124899969
v 0.0579999611 0.337000012 0.119599976
v -0.1331999 0.368200004 -0.0186999813
v -0.104600012 0.3646999 -0.000699996948
v -0.108799994 0.39530009 0.00610001385
v -0.1331999 0.368200004 -0.0186999813
v -0.133699983 0.398500025 -0.0128999874
v -0.145599991 0.40139997 -0.0414998904
v -0.1331999 0.368200004 -0.0186999813
v -0.146200001 0.372200012 -0.0478999838
v -0.14229998 0.331799895 -0.0462999865
v -0.126199991 0.328299999 -0.0175999925
v -0.0975999832 0.327199996 -0.00199989229
v -0.104600012 0.3646999 -0.000699996948
v 0.0297999904 0.0885999948 0.0856000558
v 0.02700001 0.086600028 0.0671000332
v 0.0314999782 0.108900033 0.0697000474
v 0.0314999782 0.111300007 0.0895000473
v 0.0314999782 0.108900033 0.0697000474
v 0.0396000072 0.1461 0.0718000382
v 0.0357000194 0.150200024 0.09390001
v 0.0234000012 0.153800026 0.109499969
v 0.0217999779 0.114900008 0.107800014
v 0.0314999782 0.111300007 0.0895000473
v 0.0217999779 0.114900008 0.107800014
v 0.0238999687 0.0931999907 0.10400001
v -0.0688999817 0.107000008 0.00289999694
v -0.0699999928 0.146900013 -0.00290000439
v -0.0878999829 0.144500032 -0.0108999982
v -0.0873000026 0.103500038 -0.0104000047
v -0.0878999829 0.144500032 -0.0108999982
v -0.103600018 0.139899984 -0.0325000063
v -0.0985000134 0.100300036 -0.0318999961
v -0.094900012 0.076700002 -0.0315000042
v -0.0874999687 0.0811000168 -0.010300003
v -0.0873000026 0.103500038 -0.0104000047
v -0.0874999687 0.0811000168 -0.010300003
v -0.0702000186 0.085900031 0.00559999794
v 0.163500011 0.710900009 -0.00129988045
v 0.156499907 0.673200011 0.0118000507
v 0.135699913 0.661499977 -0.0239999667
v 0.141199917 0.700899959 -0.0407998785
v 0.147199914 0.740199864 -0.0646999702
v 0.168499917 0.749000013 -0.0152998716
v 0.163500011 0.710900009 -0.00129988045
v 0.168499917 0.749000013 -0.0152998716
v 0.16960001 0.763499975 0.0309000686
v 0.163500011 0.710900009 -0.00129988045
v 0.166899905 0.727199912 0.0430000573
v 0.161899909 0.688799977 0.0540000834
v -0.17219989 0.744199991 -0.0557999685
v -0.175699994 0.73969996 -0.0124999732
v -0.178199992 0.782899976 -0.00579997152
v -0.175699994 0.789200008 -0.0530999675
v -0.155499995 0.793599963 -0.0997999683
v -0.150099993 0.748399973 -0.0920999721
v -0.17219989 0.744199991 -0.0557999685
v -0.150099993 0.748399973 -0.0920999721
v -0.144599989 0.699799955 -0.0887999758
v -0.17219989 0.744199991 -0.0557999685
v -0.163199991 0.6972 -0.0584999695
v -0.168999985 0.694300056 -0.0175999776
v 0.123599917 0.574100018 0.0476000868
v 0.109399915 0.567300022 0.0200000405
v 0.126200005 0.615800023 -0.00269988179
v 0.126200005 0.615800023 -0.00269988179
v 0.135699913 0.661499977 -0.0239999667
v 0.156499907 0.673200011 0.0118000507
v 0.156499907 0.673200011 0.0118000507
v 0.161899909 0.688799977 0.0540000834
v 0.148699909 0.632200003 0.0683000684
v 0.143199906 0.624100089 0.030800052
v 0.148699909 0.632200003 0.0683000684
v 0.129400015 0.580500007 0.0773000792
v -0.153099984 0.645799994 -0.0537999645
v -0.157699987 0.636799991 -0.018799983
v -0.168999985 0.694300056 -0.0175999776
v -0.163199991 0.6972 -0.0584999695
v -0.144599989 0.699799955 -0.0887999758
v -0.137899995 0.650200009 -0.081999965
v -0.153099984 0.645799994 -0.0537999645
v -0.137899995 0.650200009 -0.081999965
v -0.130499989 0.593000114 -0.0730998889
v -0.141799897 0.589399993 -0.0494999811
v -0.145799994 0.584200084 -0.0211999789
v -0.157699987 0.636799991 -0.018799983
v 0.0990999117 0.474300086 0.0728000328
v 0.0890999064 0.469399989 0.0570000336
v 0.0946000069 0.526199996 0.0396000743
v 0.107599914 0.528400123 0.0602000393
v 0.0946000069 0.526199996 0.0396000743
v 0.109399915 0.567300022 0.0200000405
v 0.107599914 0.528400123 0.0602000393
v 0.123599917 0.574100018 0.0476000868
v 0.129400015 0.580500007 0.0773000792
v 0.112599909 0.532000005 0.0876000524
v 0.104899913 0.481000006 0.0995000526
v 0.0990999117 0.474300086 0.0728000328
v -0.135899991 0.539600015 -0.0467999801
v -0.138399988 0.531799912 -0.0199999884
v -0.145799994 0.584200084 -0.0211999789
v -0.141799897 0.589399993 -0.0494999811
v -0.130499989 0.593000114 -0.0730998889
v -0.125299901 0.545400023 -0.066099979
v -0.135899991 0.539600015 -0.0467999801
v -0.125299901 0.545400023 -0.066099979
v -0.125299901 0.483800113 -0.0680998936
v -0.135099992 0.481999993 -0.0486998931
v -0.137400001 0.477900088 -0.0202999935
v -0.138399988 0.531799912 -0.0199999884
v 0.097800009 0.404500008 0.0427000523
v 0.0854999125 0.403299987 0.0278000832
v 0.0875999108 0.432099998 0.0406000614
v 0.0982000083 0.435000002 0.0583000742
v 0.0875999108 0.432099998 0.0406000614
v 0.0890999064 0.469399989 0.0570000336
v 0.0990999117 0.474300086 0.0728000328
v 0.104899913 0.481000006 0.0995000526
v 0.105999917 0.436100006 0.0928000137
v 0.0982000083 0.435000002 0.0583000742
v 0.105999917 0.436100006 0.0928000137
v 0.10710001 0.40170002 0.0754000545
v -0.14199999 0.435899973 -0.0296999887
v -0.137400001 0.477900088 -0.0202999935
v -0.135099992 0.481999993 -0.0486998931
v -0.138199896 0.437300026 -0.0627999827
v -0.135099992 0.481999993 -0.0486998931
v -0.125299901 0.483800113 -0.0680998936
v -0.127599984 0.4375 -0.0846999809
v -0.128199995 0.402500093 -0.0958999917
v -0.1410999 0.403699994 -0.0752998814
v -0.138199896 0.437300026 -0.0627999827
v -0.1410999 0.403699994 -0.0752998814
v -0.145599991 0.40139997 -0.0414998904
v 0.0883999094 0.335299909 0.037500076
v 0.0712000132 0.336699903 0.0193000361
v 0.0816000104 0.375499904 0.0212000459
v 0.0965999067 0.376199901 0.0370000452
v 0.0816000104 0.375499904 0.0212000459
v 0.0854999125 0.403299987 0.0278000832
v 0.097800009 0.404500008 0.0427000523
v 0.10710001 0.40170002 0.0754000545
v 0.104899913 0.372200012 0.0670000762
v 0.104899913 0.372200012 0.0670000762
v 0.0964999124 0.330900013 0.069200024
v 0.0883999094 0.335299909 0.037500076
v -0.146200001 0.372200012 -0.0478999838
v -0.145599991 0.40139997 -0.0414998904
v -0.1410999 0.403699994 -0.0752998814
v -0.141799897 0.374799907 -0.0814999864
v -0.1410999 0.403699994 -0.0752998814
v -0.128199995 0.402500093 -0.0958999917
v -0.128299981 0.373800009 -0.101199992
v -0.126199991 0.334100008 -0.10139998
v -0.140099987 0.334700018 -0.0808999911
v -0.140099987 0.334700018 -0.0808999911
v -0.14229998 0.331799895 -0.0462999865
v -0.146200001 0.372200012 -0.0478999838
v 0.0188000202 0.0864000544 0.0489000492
v 0.0034000203 0.0880000219 0.0364000574
v 0.00840001926 0.108900033 0.0366000384
v 0.0236999914 0.108600043 0.0508000702
v 0.00840001926 0.108900033 0.0366000384
v 0.0161999986 0.144999996 0.0357000679
v 0.0317000113 0.145400003 0.0509000272
v 0.0396000072 0.1461 0.0718000382
v 0.0314999782 0.108900033 0.0697000474
v 0.0236999914 0.108600043 0.0508000702
v 0.0314999782 0.108900033 0.0697000474
v 0.02700001 0.086600028 0.0671000332
v -0.0974000022 0.0994000062 -0.0555000082
v -0.0985000134 0.100300036 -0.0318999961
v -0.103600018 0.139899984 -0.0325000063
v -0.0974000022 0.0994000062 -0.0555000082
v -0.103699982 0.13910003 -0.0581999943
v -0.0938000008 0.139300004 -0.0768999979
v -0.0874999687 0.0993000567 -0.074500002
v -0.0841000006 0.0757000148 -0.0730000064
v -0.0938000008 0.0754000247 -0.0545000061
v -0.0974000022 0.0994000062 -0.0555000082
v -0.0938000008 0.0754000247 -0.0545000061
v -0.094900012 0.076700002 -0.0315000042
v 0.113399908 0.695100009 -0.0587999746
v 0.110499904 0.656900108 -0.0409999713
v 0.0856999084 0.658899963 -0.0465999767
v 0.0872999132 0.699000001 -0.0662998781
v 0.0850999132 0.726399958 -0.0865999684
v 0.114000008 0.725200057 -0.0818999782
v 0.114000008 0.725200057 -0.0818999782
v 0.147199914 0.740199864 -0.0646999702
v 0.141199917 0.700899959 -0.0407998785
v 0.113399908 0.695100009 -0.0587999746
v 0.141199917 0.700899959 -0.0407998785
v 0.135699913 0.661499977 -0.0239999667
v -0.150099993 0.748399973 -0.0920999721
v -0.155499995 0.793599963 -0.0997999683
v -0.122799993 0.77759999 -0.117899977
v -0.122399978 0.744799972 -0.108599968
v -0.122799993 0.77759999 -0.117899977
v -0.0956000015 0.772899985 -0.119399972
v -0.097800009 0.744300008 -0.112499975
v -0.097800009 0.699900091 -0.107599877
v -0.120700002 0.699400067 -0.103599973
v -0.122399978 0.744799972 -0.108599968
v -0.120700002 0.699400067 -0.103599973
v -0.144599989 0.699799955 -0.0887999758
v 0.0899000093 0.565699995 0.00510001928
v 0.0724999905 0.566600025 -0.000199876726
v 0.0813999102 0.613700092 -0.0264999792
v 0.0813999102 0.613700092 -0.0264999792
v 0.0856999084 0.658899963 -0.0465999767
v 0.110499904 0.656900108 -0.0409999713
v 0.110499904 0.656900108 -0.0409999713
v 0.135699913 0.661499977 -0.0239999667
v 0.126200005 0.615800023 -0.00269988179
v 0.102699906 0.611899972 -0.020699881
v 0.126200005 0.615800023 -0.00269988179
v 0.109399915 0.567300022 0.0200000405
v -0.117399991 0.65139997 -0.0980999693
v -0.137899995 0.650200009 -0.081999965
v -0.144599989 0.699799955 -0.0887999758
v -0.120700002 0.699400067 -0.103599973
v -0.097800009 0.699900091 -0.107599877
v -0.0974000022 0.6523 -0.103799976
v -0.117399991 0.65139997 -0.0980999693
v -0.0974000022 0.6523 -0.103799976
v -0.094799988 0.595300078 -0.0941999927
v -0.113200001 0.594600081 -0.0874998793
v -0.130499989 0.593000114 -0.0730998889
v -0.137899995 0.650200009 -0.081999965
v 0.079200007 0.52700007 0.0280000567
v 0.0781999081 0.468299985 0.0492000543
v 0.0673000216 0.470300019 0.0457000732
v 0.0659999773 0.529800117 0.0238000751
v 0.0724999905 0.566600025 -0.000199876726
v 0.0899000093 0.565699995 0.00510001928
v 0.079200007 0.52700007 0.0280000567
v 0.0899000093 0.565699995 0.00510001928
v 0.109399915 0.567300022 0.0200000405
v 0.0946000069 0.526199996 0.0396000743
v 0.0890999064 0.469399989 0.0570000336
v 0.0781999081 0.468299985 0.0492000543
v -0.110299997 0.549600005 -0.077799879
v -0.125299901 0.545400023 -0.066099979
v -0.130499989 0.593000114 -0.0730998889
v -0.113200001 0.594600081 -0.0874998793
v -0.094799988 0.595300078 -0.0941999927
v -0.094099991 0.550899982 -0.0835999921
v -0.110299997 0.549600005 -0.077799879
v -0.094099991 0.550899982 -0.0835999921
v -0.0990999937 0.483700097 -0.0823999867
v -0.112900011 0.483800113 -0.077899985
v -0.125299901 0.483800113 -0.0680998936
v -0.125299901 0.545400023 -0.066099979
v 0.0724999905 0.402700007 0.0215000436
v 0.0605000183 0.4047001 0.0198000669
v 0.0659999773 0.433700025 0.0334000513
v 0.0659999773 0.433700025 0.0334000513
v 0.0673000216 0.470300019 0.0457000732
v 0.0781999081 0.468299985 0.0492000543
v 0.0781999081 0.468299985 0.0492000543
v 0.0890999064 0.469399989 0.0570000336
v 0.0875999108 0.432099998 0.0406000614
v 0.0766999125 0.431699991 0.0344000459
v 0.0875999108 0.432099998 0.0406000614
v 0.0854999125 0.403299987 0.0278000832
v -0.127599984 0.4375 -0.0846999809
v -0.125299901 0.483800113 -0.0680998936
v -0.112900011 0.483800113 -0.077899985
v -0.113899998 0.434000015 -0.0950999931
v -0.112900011 0.483800113 -0.077899985
v -0.0990999937 0.483700097 -0.0823999867
v -0.100099981 0.433700025 -0.0981999859
v -0.0974999592 0.399200022 -0.108799987
v -0.112800002 0.400400102 -0.105399989
v -0.113899998 0.434000015 -0.0950999931
v -0.112800002 0.400400102 -0.105399989
v -0.128199995 0.402500093 -0.0958999917
v 0.0513999984 0.336300015 0.0125000328
v 0.035300009 0.337300003 0.0120000765
v 0.051599972 0.376100004 0.0125000328
v 0.0653999969 0.374199986 0.0144000575
v 0.051599972 0.376100004 0.0125000328
v 0.0605000183 0.4047001 0.0198000669
v 0.0724999905 0.402700007 0.0215000436
v 0.0854999125 0.403299987 0.0278000832
v 0.0816000104 0.375499904 0.0212000459
v 0.0653999969 0.374199986 0.0144000575
v 0.0816000104 0.375499904 0.0212000459
v 0.0712000132 0.336699903 0.0193000361
v -0.128299981 0.373800009 -0.101199992
v -0.128199995 0.402500093 -0.0958999917
v -0.112800002 0.400400102 -0.105399989
v -0.111199968 0.369700015 -0.110599987
v -0.112800002 0.400400102 -0.105399989
v -0.0974999592 0.399200022 -0.108799987
v -0.0938000008 0.368000031 -0.11429999
v -0.0874999687 0.326300025 -0.11459998
v -0.106700003 0.3294999 -0.111399986
v -0.111199968 0.369700015 -0.110599987
v -0.106700003 0.3294999 -0.111399986
v -0.126199991 0.334100008 -0.10139998
v -0.00789999962 0.0906000286 0.0305000395
v -0.0205000043 0.0924999937 0.0287000388
v -0.0167000294 0.112000011 0.0291000381
v -0.00449998118 0.110100053 0.0312000364
v -0.0167000294 0.112000011 0.0291000381
v -0.0109000299 0.145900026 0.0284000486
v 0.00109999999 0.145500019 0.0296000689
v 0.0161999986 0.144999996 0.0357000679
v 0.00840001926 0.108900033 0.0366000384
v -0.00449998118 0.110100053 0.0312000364
v 0.00840001926 0.108900033 0.0366000384
v 0.0034000203 0.0880000219 0.0364000574
v -0.0874999687 0.0993000567 -0.074500002
v -0.0938000008 0.139300004 -0.0768999979
v -0.0813000053 0.139100045 -0.0866999999
v -0.0764999911 0.0996000469 -0.0839999989
v -0.0813000053 0.139100045 -0.0866999999
v -0.0709999651 0.138700038 -0.0901999995
v -0.0764999911 0.0996000469 -0.0839999989
v -0.0677999854 0.100100011 -0.0874998942
v -0.0651000142 0.0792000592 -0.0877000019
v -0.0746999905 0.0778000057 -0.0828999951
v -0.0841000006 0.0757000148 -0.0730000064
v -0.0874999687 0.0993000567 -0.074500002
v 0.0397000313 0.718800008 -0.0627999678
v 0.03549999 0.743700087 -0.0843999758
v 0.0573999807 0.734899998 -0.0861999765
v 0.0618000031 0.708599985 -0.0662998781
v 0.0573999807 0.734899998 -0.0861999765
v 0.0850999132 0.726399958 -0.0865999684
v 0.0872999132 0.699000001 -0.0662998781
v 0.0856999084 0.658899963 -0.0465999767
v 0.0615000129 0.664699912 -0.0452999696
v 0.0618000031 0.708599985 -0.0662998781
v 0.0615000129 0.664699912 -0.0452999696
v 0.0378000103 0.674699962 -0.0403999761
v -0.076399982 0.701399863 -0.105099864
v -0.097800009 0.699900091 -0.107599877
v -0.097800009 0.744300008 -0.112499975
v -0.0749000311 0.746499956 -0.107699968
v -0.097800009 0.744300008 -0.112499975
v -0.0956000015 0.772899985 -0.119399972
v -0.0715000033 0.771499991 -0.112799965
v -0.0518000126 0.770099998 -0.10429997
v -0.0555000305 0.747900009 -0.0984999761
v -0.0749000311 0.746499956 -0.107699968
v -0.0555000305 0.747900009 -0.0984999761
v -0.0566999912 0.705000103 -0.0985999778
v 0.040700011 0.628400028 -0.0220998898
v 0.0378000103 0.674699962 -0.0403999761
v 0.0615000129 0.664699912 -0.0452999696
v 0.0610999987 0.618600011 -0.0263998881
v 0.0615000129 0.664699912 -0.0452999696
v 0.0856999084 0.658899963 -0.0465999767
v 0.0813999102 0.613700092 -0.0264999792
v 0.0724999905 0.566600025 -0.000199876726
v 0.0558999702 0.568899989 -0.000199876726
v 0.0610999987 0.618600011 -0.0263998881
v 0.0558999702 0.568899989 -0.000199876726
v 0.0390999913 0.575600088 0.00460001826
v -0.0778999925 0.653400064 -0.102999978
v -0.0767999813 0.595000088 -0.0950999931
v -0.094799988 0.595300078 -0.0941999927
v -0.0778999925 0.653400064 -0.102999978
v -0.0974000022 0.6523 -0.103799976
v -0.097800009 0.699900091 -0.107599877
v -0.076399982 0.701399863 -0.105099864
v -0.0566999912 0.705000103 -0.0985999778
v -0.0595999919 0.656900108 -0.0975999758
v -0.0778999925 0.653400064 -0.102999978
v -0.0595999919 0.656900108 -0.0975999758
v -0.059400022 0.597000003 -0.0890999809
v 0.0389000103 0.535400093 0.0292000771
v 0.0390999913 0.575600088 0.00460001826
v 0.0558999702 0.568899989 -0.000199876726
v 0.0529000089 0.532199979 0.0244000554
v 0.0558999702 0.568899989 -0.000199876726
v 0.0724999905 0.566600025 -0.000199876726
v 0.0659999773 0.529800117 0.0238000751
v 0.0673000216 0.470300019 0.0457000732
v 0.0555999801 0.475499988 0.0456000529
v 0.0529000089 0.532199979 0.0244000554
v 0.0555999801 0.475499988 0.0456000529
v 0.0425999686 0.479099989 0.0492000543
v -0.0838999748 0.485300004 -0.0828999802
v -0.0990999937 0.483700097 -0.0823999867
v -0.094099991 0.550899982 -0.0835999921
v -0.094099991 0.550899982 -0.0835999921
v -0.094799988 0.595300078 -0.0941999927
v -0.0767999813 0.595000088 -0.0950999931
v -0.0776000023 0.550500095 -0.0836999789
v -0.0767999813 0.595000088 -0.0950999931
v -0.059400022 0.597000003 -0.0890999809
v -0.0776000023 0.550500095 -0.0836999789
v -0.0617999993 0.549199998 -0.0789999887
v -0.0690000057 0.484600008 -0.0795998797
v 0.0436000228 0.442000091 0.0394000337
v 0.0425999686 0.479099989 0.0492000543
v 0.0555999801 0.475499988 0.0456000529
v 0.05620002 0.437700093 0.0356000662
v 0.0555999801 0.475499988 0.0456000529
v 0.0673000216 0.470300019 0.0457000732
v 0.0659999773 0.433700025 0.0334000513
v 0.0605000183 0.4047001 0.0198000669
v 0.0483000204 0.406800091 0.0209000632
v 0.05620002 0.437700093 0.0356000662
v 0.0483000204 0.406800091 0.0209000632
v 0.0340999886 0.409099996 0.0264000222
v -0.086400032 0.434700012 -0.0977999792
v -0.0821999907 0.397400022 -0.107999988
v -0.0974999592 0.399200022 -0.108799987
v -0.086400032 0.434700012 -0.0977999792
v -0.100099981 0.433700025 -0.0981999859
v -0.0990999937 0.483700097 -0.0823999867
v -0.0838999748 0.485300004 -0.0828999802
v -0.0690000057 0.484600008 -0.0795998797
v -0.0717999935 0.436100006 -0.0943999812
v -0.0717999935 0.436100006 -0.0943999812
v -0.0665000007 0.396600008 -0.102399983
v -0.0821999907 0.397400022 -0.107999988
v 0.03769999 0.378300011 0.0151000544
v 0.0217999779 0.380900085 0.0227000639
v 0.0340999886 0.409099996 0.0264000222
v 0.0483000204 0.406800091 0.0209000632
v 0.0605000183 0.4047001 0.0198000669
v 0.051599972 0.376100004 0.0125000328
v 0.03769999 0.378300011 0.0151000544
v 0.051599972 0.376100004 0.0125000328
v 0.035300009 0.337300003 0.0120000765
v 0.0209000111 0.339900017 0.0162000582
v 0.00590001978 0.344399989 0.0258000344
v 0.0217999779 0.380900085 0.0227000639
v -0.0760999918 0.366300017 -0.112399988
v -0.0687999725 0.324699998 -0.111099981
v -0.0874999687 0.326300025 -0.11459998
v -0.0938000008 0.368000031 -0.11429999
v -0.0974999592 0.399200022 -0.108799987
v -0.0821999907 0.397400022 -0.107999988
v -0.0760999918 0.366300017 -0.112399988
v -0.0821999907 0.397400022 -0.107999988
v -0.0665000007 0.396600008 -0.102399983
v -0.0598000214 0.365499914 -0.105399989
v -0.0523999929 0.325000018 -0.102299981
v -0.0687999725 0.324699998 -0.111099981
v -0.0339000225 0.113800012 0.0444000214
v -0.0303000212 0.147700027 0.0435000509
v -0.0210999846 0.145900026 0.0319000259
v -0.0210999846 0.145900026 0.0319000259
v -0.0109000299 0.145900026 0.0284000486
v -0.0167000294 0.112000011 0.0291000381
v -0.0250999928 0.113000005 0.0320000499
v -0.0167000294 0.112000011 0.0291000381
v -0.0205000043 0.0924999937 0.0287000388
v -0.0303000212 0.092900008 0.0321000665
v -0.0375999808 0.0930000246 0.0439000577
v -0.0339000225 0.113800012 0.0444000214
v -0.0559999906 0.101600021 -0.0897000059
v -0.0516999885 0.0795000494 -0.0892998949
v -0.0651000142 0.0792000592 -0.0877000019
v -0.0677999854 0.100100011 -0.0874998942
v -0.0709999651 0.138700038 -0.0901999995
v -0.0587000214 0.138500005 -0.0916999951
v -0.0559999906 0.101600021 -0.0897000059
v -0.0587000214 0.138500005 -0.0916999951
v -0.043900013 0.139000013 -0.0816000029
v -0.0421999618 0.102000028 -0.0783000067
v -0.0397999808 0.079000026 -0.0780000016
v -0.0516999885 0.0795000494 -0.0892998949
v -0.00819999073 0.835100055 0.0624000579
v -0.00950003043 0.817099988 0.0598000996
v 0.0340999886 0.823300004 0.0598000996
v -0.00809998065 0.858299971 0.0627001077
v -0.00819999073 0.835100055 0.0624000579
v 0.0559999868 0.845700085 0.0583000891
v -0.00809998065 0.858299971 0.0627001077
v -0.0690000057 0.868499994 0.0571000725
v -0.0734000206 0.847400069 0.0573000498
v -0.00819999073 0.835100055 0.0624000579
v -0.0734000206 0.847400069 0.0573000498
v -0.0546000004 0.82370007 0.0582000799
v -0.0100000007 0.804099858 0.0565000884
v -0.00940001011 0.791499972 0.0533000976
v 0.0167999789 0.79519999 0.0533000976
v -0.00950003043 0.817099988 0.0598000996
v -0.0100000007 0.804099858 0.0565000884
v 0.0229999982 0.807399988 0.0569000989
v -0.043099992 0.811600089 0.0537000373
v -0.0100000007 0.804099858 0.0565000884
v -0.00950003043 0.817099988 0.0598000996
v -0.0354999825 0.800000072 0.047600098
v -0.00940001011 0.791499972 0.0533000976
v -0.0100000007 0.804099858 0.0565000884
v 0.0698000118 0.821400106 0.0642000586
v 0.097999908 0.826500058 0.0630000979
v 0.0856000111 0.838 0.0588000603
v 0.0610999987 0.825999975 0.0604000799
v 0.0856000111 0.838 0.0588000603
v 0.0559999868 0.845700085 0.0583000891
v 0.0340999886 0.823300004 0.0598000996
v 0.0229999982 0.807399988 0.0569000989
v 0.0458999798 0.8149001 0.0583000891
v 0.0610999987 0.825999975 0.0604000799
v 0.0458999798 0.8149001 0.0583000891
v 0.0544000193 0.815299988 0.0619000904
v -0.064899981 0.811800003 0.0575000793
v -0.043099992 0.811600089 0.0537000373
v -0.0546000004 0.82370007 0.0582000799
v -0.0795000121 0.8228001 0.0591000505
v -0.0546000004 0.82370007 0.0582000799
v -0.0734000206 0.847400069 0.0573000498
v -0.103100002 0.835599959 0.0547000878
v -0.11870002 0.821300089 0.0537000373
v -0.0922999904 0.814700007 0.0608000904
v -0.0795000121 0.8228001 0.0591000505
v -0.0922999904 0.814700007 0.0608000904
v -0.075699985 0.810799956 0.0600000769
v 0.0716000199 0.812399983 0.071000047
v 0.0698000118 0.821400106 0.0642000586
v 0.0544000193 0.815299988 0.0619000904
v 0.0483000204 0.806800008 0.0627001077
v 0.0386999808 0.788999856 0.0618000776
v 0.0716000199 0.79369998 0.0800000578
v 0.0716000199 0.79369998 0.0800000578
v 0.109700009 0.789800107 0.0812000781
v 0.105000004 0.81129986 0.0706001073
v 0.0716000199 0.812399983 0.071000047
v 0.105000004 0.81129986 0.0706001073
v 0.097999908 0.826500058 0.0630000979
v -0.131499991 0.802699864 0.0534000471
v -0.139199883 0.776600003 0.0534000471
v -0.0960000083 0.776899993 0.063300088
v -0.0960000083 0.776899993 0.063300088
v -0.0501999781 0.777099967 0.0479000881
v -0.0683000013 0.800999999 0.0584000498
v -0.0974999592 0.800799966 0.0626000911
v -0.0683000013 0.800999999 0.0584000498
v -0.075699985 0.810799956 0.0600000769
v -0.0974999592 0.800799966 0.0626000911
v -0.0922999904 0.814700007 0.0608000904
v -0.11870002 0.821300089 0.0537000373
v 0.0358999893 0.803900003 0.0556000583
v 0.0458999798 0.8149001 0.0583000891
v 0.0229999982 0.807399988 0.0569000989
v 0.0167999789 0.79519999 0.0533000976
v 0.0126000009 0.795399964 0.0453000814
v 0.0271999799 0.793099999 0.0483000986
v 0.0358999893 0.803900003 0.0556000583
v 0.0271999799 0.793099999 0.0483000986
v 0.0386999808 0.788999856 0.0618000776
v 0.0483000204 0.806800008 0.0627001077
v 0.0544000193 0.815299988 0.0619000904
v 0.0458999798 0.8149001 0.0583000891
v -0.0521000028 0.802699864 0.0521000773
v -0.0683000013 0.800999999 0.0584000498
v -0.0501999781 0.777099967 0.0479000881
v -0.0357000194 0.788500011 0.0395000651
v -0.0264999866 0.787999988 0.0377000719
v -0.0354999825 0.800000072 0.047600098
v -0.0521000028 0.802699864 0.0521000773
v -0.0354999825 0.800000072 0.047600098
v -0.043099992 0.811600089 0.0537000373
v -0.064899981 0.811800003 0.0575000793
v -0.075699985 0.810799956 0.0600000769
v -0.0683000013 0.800999999 0.0584000498
v -0.00660002977 0.808799982 -0.133599967
v -0.0070999898 0.792699993 -0.120799966
v -0.0299000144 0.79369998 -0.123299979
v -0.00940001011 0.791499972 0.0533000976
v -0.00690001994 0.789200008 0.0384000689
v 0.0126000009 0.795399964 0.0453000814
v -0.0264999866 0.787999988 0.0377000719
v -0.00690001994 0.789200008 0.0384000689
v -0.00940001011 0.791499972 0.0533000976
v -0.0188999772 0.845300078 -0.152199984
v -0.0163999796 0.864799976 -0.153899968
v -0.00320000015 0.860099912 -0.147499889
v 0.122300014 0.843599856 0.0457000881
v 0.151199907 0.845600009 0.0234000757
v 0.139399916 0.865399957 0.0237000659
v 0.106299907 0.861800075 0.0433000475
v 0.0559999868 0.845700085 0.0583000891
v 0.0856000111 0.838 0.0588000603
v 0.122300014 0.843599856 0.0457000881
v 0.0856000111 0.838 0.0588000603
v 0.097999908 0.826500058 0.0630000979
v 0.135399908 0.824799955 0.0500000902
v 0.162199914 0.821699977 0.0256000906
v 0.151199907 0.845600009 0.0234000757
v -0.137199998 0.849799991 0.0390000492
v -0.152099892 0.830500007 0.0352000669
v -0.11870002 0.821300089 0.0537000373
v -0.103100002 0.835599959 0.0547000878
v -0.0734000206 0.847400069 0.0573000498
v -0.121999972 0.867999911 0.0422000363
v -0.137199998 0.849799991 0.0390000492
v -0.121999972 0.867999911 0.0422000363
v -0.148099989 0.879999995 0.0209000781
v -0.161099985 0.862399995 0.0144000798
v -0.171999991 0.842000008 0.00570002943
v -0.152099892 0.830500007 0.0352000669
v 0.146000013 0.80309999 0.0565000884
v 0.168799907 0.794200063 0.0285000876
v 0.162199914 0.821699977 0.0256000906
v 0.135399908 0.824799955 0.0500000902
v 0.097999908 0.826500058 0.0630000979
v 0.105000004 0.81129986 0.0706001073
v 0.146000013 0.80309999 0.0565000884
v 0.105000004 0.81129986 0.0706001073
v 0.109700009 0.789800107 0.0812000781
v 0.151700005 0.7773 0.0639000684
v 0.16960001 0.763499975 0.0309000686
v 0.168799907 0.794200063 0.0285000876
v -0.162799984 0.807399988 0.0320000798
v -0.167199895 0.777799964 0.0298000723
v -0.139199883 0.776600003 0.0534000471
v -0.131499991 0.802699864 0.0534000471
v -0.11870002 0.821300089 0.0537000373
v -0.152099892 0.830500007 0.0352000669
v -0.162799984 0.807399988 0.0320000798
v -0.152099892 0.830500007 0.0352000669
v -0.171999991 0.842000008 0.00570002943
v -0.162799984 0.807399988 0.0320000798
v -0.177899987 0.815499961 -0.00139997154
v -0.178199992 0.782899976 -0.00579997152
v 0.106299907 0.861800075 0.0433000475
v 0.139399916 0.865399957 0.0237000659
v 0.131600007 0.877999961 0.0261000469
v 0.097800009 0.876000106 0.044600077
v 0.0522999689 0.865199864 0.0572000928
v 0.0559999868 0.845700085 0.0583000891
v -0.139499992 0.889900088 0.024600096
v -0.148099989 0.879999995 0.0209000781
v -0.121999972 0.867999911 0.0422000363
v -0.112299971 0.882600009 0.0436000973
v -0.121999972 0.867999911 0.0422000363
v -0.0734000206 0.847400069 0.0573000498
v 0.153500006 0.866299987 -0.0800999776
v 0.136700004 0.871899962 -0.108299874
v 0.133199915 0.888000011 -0.101199977
v 0.152099907 0.880599976 -0.0714999661
v 0.157699913 0.877699971 -0.0348999724
v 0.160799906 0.865899861 -0.0436999723
v -0.137099892 0.912599862 -0.0887999758
v -0.137499899 0.902999997 -0.098899968
v -0.152899891 0.897800088 -0.0749999657
v -0.152299985 0.907000005 -0.0641999766
v -0.152899891 0.897800088 -0.0749999657
v -0.161199898 0.893200099 -0.0446999744
v 0.155199915 0.819099963 -0.0985999778
v 0.137199908 0.825999975 -0.122299977
v 0.138100013 0.851399958 -0.115599968
v 0.155499905 0.84679997 -0.0899999663
v 0.138100013 0.851399958 -0.115599968
v 0.136700004 0.871899962 -0.108299874
v 0.153500006 0.866299987 -0.0800999776
v 0.160799906 0.865899861 -0.0436999723
v 0.162899911 0.845700085 -0.0548999682
v 0.155499905 0.84679997 -0.0899999663
v 0.162899911 0.845700085 -0.0548999682
v 0.165499911 0.815899968 -0.0630999729
v -0.163799986 0.878199995 -0.0584999695
v -0.161199898 0.893200099 -0.0446999744
v -0.152899891 0.897800088 -0.0749999657
v -0.154499993 0.883700013 -0.0876999721
v -0.152899891 0.897800088 -0.0749999657
v -0.137499899 0.902999997 -0.098899968
v -0.137799889 0.889299989 -0.109799974
v -0.137999982 0.869700074 -0.122199975
v -0.154799983 0.864199996 -0.102899976
v -0.154499993 0.883700013 -0.0876999721
v -0.154799983 0.864199996 -0.102899976
v -0.166599885 0.858800113 -0.0749999657
v 0.155899912 0.8671 -0.0053999722
v 0.160799906 0.865899861 -0.0436999723
v 0.157699913 0.877699971 -0.0348999724
v 0.149900004 0.877900004 0.000900030136
v 0.131600007 0.877999961 0.0261000469
v 0.139399916 0.865399957 0.0237000659
v -0.159399897 0.902500093 -0.0341999754
v -0.161199898 0.893200099 -0.0446999744
v -0.162099987 0.887499988 -0.00939997286
v -0.155599996 0.896299958 -0.00169996172
v -0.162099987 0.887499988 -0.00939997286
v -0.148099989 0.879999995 0.0209000781
v 0.170999914 0.817999959 -0.0150999725
v 0.165499911 0.815899968 -0.0630999729
v 0.162899911 0.845700085 -0.0548999682
v 0.164899915 0.846399963 -0.0124999732
v 0.162899911 0.845700085 -0.0548999682
v 0.160799906 0.865899861 -0.0436999723
v 0.155899912 0.8671 -0.0053999722
v 0.139399916 0.865399957 0.0237000659
v 0.151199907 0.845600009 0.0234000757
v 0.164899915 0.846399963 -0.0124999732
v 0.151199907 0.845600009 0.0234000757
v 0.162199914 0.821699977 0.0256000906
v -0.161099985 0.862399995 0.0144000798
v -0.148099989 0.879999995 0.0209000781
v -0.162099987 0.887499988 -0.00939997286
v -0.170499891 0.871600091 -0.0200999752
v -0.162099987 0.887499988 -0.00939997286
v -0.161199898 0.893200099 -0.0446999744
v -0.163799986 0.878199995 -0.0584999695
v -0.166599885 0.858800113 -0.0749999657
v -0.173499987 0.851199985 -0.0332999751
v -0.170499891 0.871600091 -0.0200999752
v -0.173499987 0.851199985 -0.0332999751
v -0.171999991 0.842000008 0.00570002943
v 0.172600016 0.78459996 -0.0165999681
v 0.162999913 0.779800057 -0.0672999695
v 0.165499911 0.815899968 -0.0630999729
v 0.170999914 0.817999959 -0.0150999725
v 0.162199914 0.821699977 0.0256000906
v 0.168799907 0.794200063 0.0285000876
v 0.172600016 0.78459996 -0.0165999681
v 0.168799907 0.794200063 0.0285000876
v 0.16960001 0.763499975 0.0309000686
v 0.168499917 0.749000013 -0.0152998716
v 0.147199914 0.740199864 -0.0646999702
v 0.162999913 0.779800057 -0.0672999695
v -0.175999984 0.824400067 -0.0451999679
v -0.175699994 0.789200008 -0.0530999675
v -0.178199992 0.782899976 -0.00579997152
v -0.177899987 0.815499961 -0.00139997154
v -0.171999991 0.842000008 0.00570002943
v -0.173499987 0.851199985 -0.0332999751
v -0.175999984 0.824400067 -0.0451999679
v -0.173499987 0.851199985 -0.0332999751
v -0.166599885 0.858800113 -0.0749999657
v -0.167199895 0.831799984 -0.0886999741
v -0.155499995 0.793599963 -0.0997999683
v -0.175699994 0.789200008 -0.0530999675
v 0.129800007 0.797100008 -0.126899958
v 0.137199908 0.825999975 -0.122299977
v 0.155199915 0.819099963 -0.0985999778
v 0.155199915 0.819099963 -0.0985999778
v 0.165499911 0.815899968 -0.0630999729
v 0.162999913 0.779800057 -0.0672999695
v 0.162999913 0.779800057 -0.0672999695
v 0.147199914 0.740199864 -0.0646999702
v 0.130299911 0.756599963 -0.103199966
v 0.147599906 0.785299957 -0.103299879
v 0.130299911 0.756599963 -0.103199966
v 0.114599913 0.773599982 -0.125199974
v -0.152199894 0.839100003 -0.115699969
v -0.136299893 0.811999857 -0.127099961
v -0.155499995 0.793599963 -0.0997999683
v -0.167199895 0.831799984 -0.0886999741
v -0.166599885 0.858800113 -0.0749999657
v -0.154799983 0.864199996 -0.102899976
v -0.152199894 0.839100003 -0.115699969
v -0.154799983 0.864199996 -0.102899976
v -0.137999982 0.869700074 -0.122199975
v -0.133699983 0.845700085 -0.133999974
v -0.120100021 0.824099958 -0.13989988
v -0.136299893 0.811999857 -0.127099961
v 0.105400011 0.744599998 -0.103899978
v 0.0937999114 0.764099956 -0.123799972
v 0.114599913 0.773599982 -0.125199974
v 0.130299911 0.756599963 -0.103199966
v 0.147199914 0.740199864 -0.0646999702
v 0.114000008 0.725200057 -0.0818999782
v 0.105400011 0.744599998 -0.103899978
v 0.114000008 0.725200057 -0.0818999782
v 0.0850999132 0.726399958 -0.0865999684
v 0.0782999098 0.744000077 -0.104899965
v 0.0692999884 0.761999965 -0.123399876
v 0.0937999114 0.764099956 -0.123799972
v -0.112500012 0.796599984 -0.131199986
v -0.0881999731 0.790000081 -0.128599972
v -0.0956000015 0.772899985 -0.119399972
v -0.122799993 0.77759999 -0.117899977
v -0.155499995 0.793599963 -0.0997999683
v -0.136299893 0.811999857 -0.127099961
v -0.112500012 0.796599984 -0.131199986
v -0.136299893 0.811999857 -0.127099961
v -0.120100021 0.824099958 -0.13989988
v -0.100599997 0.812699914 -0.141499966
v -0.0796999931 0.805400014 -0.141199976
v -0.0881999731 0.790000081 -0.128599972
v 0.0490000173 0.751100004 -0.104399972
v 0.0397000313 0.766900003 -0.12099997
v 0.0692999884 0.761999965 -0.123399876
v 0.0782999098 0.744000077 -0.104899965
v 0.0850999132 0.726399958 -0.0865999684
v 0.0573999807 0.734899998 -0.0861999765
v 0.0490000173 0.751100004 -0.104399972
v 0.0573999807 0.734899998 -0.0861999765
v 0.03549999 0.743700087 -0.0843999758
v 0.0282000303 0.761299968 -0.100899972
v 0.0153999887 0.777999997 -0.115599968
v 0.0397000313 0.766900003 -0.12099997
v -0.0641999841 0.785899997 -0.12279997
v -0.0432000086 0.783300102 -0.112999864
v -0.0518000126 0.770099998 -0.10429997
v -0.0715000033 0.771499991 -0.112799965
v -0.0956000015 0.772899985 -0.119399972
v -0.0881999731 0.790000081 -0.128599972
v -0.0641999841 0.785899997 -0.12279997
v -0.0881999731 0.790000081 -0.128599972
v -0.0796999931 0.805400014 -0.141199976
v -0.0558000207 0.798300087 -0.135399967
v -0.0299000144 0.79369998 -0.123299979
v -0.0432000086 0.783300102 -0.112999864
v 0.105999917 0.880800009 -0.130799979
v 0.101299912 0.898300111 -0.125699967
v 0.133199915 0.888000011 -0.101199977
v 0.136700004 0.871899962 -0.108299874
v 0.138100013 0.851399958 -0.115599968
v 0.108799905 0.859099984 -0.137099981
v -0.110000007 0.919700086 -0.111399971
v -0.110400021 0.9102 -0.119899966
v -0.137499899 0.902999997 -0.098899968
v 0.10710001 0.835100055 -0.141499966
v 0.108799905 0.859099984 -0.137099981
v 0.138100013 0.851399958 -0.115599968
v -0.110400021 0.9102 -0.119899966
v -0.111199968 0.896000087 -0.127999961
v -0.137799889 0.889299989 -0.109799974
v 0.137199908 0.825999975 -0.122299977
v 0.129800007 0.797100008 -0.126899958
v 0.102599904 0.809700012 -0.142799884
v -0.111199968 0.896000087 -0.127999961
v -0.111599982 0.875500083 -0.137999982
v -0.137999982 0.869700074 -0.122199975
v 0.0985000134 0.789699912 -0.138699979
v 0.102599904 0.809700012 -0.142799884
v 0.129800007 0.797100008 -0.126899958
v -0.111599982 0.875500083 -0.137999982
v -0.11019998 0.852300107 -0.146199971
v -0.133699983 0.845700085 -0.133999974
v 0.0937999114 0.764099956 -0.123799972
v 0.0810999125 0.78670001 -0.140699983
v 0.0985000134 0.789699912 -0.138699979
v -0.11019998 0.852300107 -0.146199971
v -0.106299989 0.834499955 -0.148399979
v -0.120100021 0.824099958 -0.13989988
v 0.0692999884 0.761999965 -0.123399876
v 0.0580999777 0.78459996 -0.140099972
v 0.0810999125 0.78670001 -0.140699983
v -0.106299989 0.834499955 -0.148399979
v -0.0911999866 0.829200089 -0.151599973
v -0.100599997 0.812699914 -0.141499966
v 0.0397000313 0.766900003 -0.12099997
v 0.0325999781 0.787499964 -0.136599958
v 0.0580999777 0.78459996 -0.140099972
v -0.0911999866 0.829200089 -0.151599973
v -0.0723000094 0.822399974 -0.152399987
v -0.0796999931 0.805400014 -0.141199976
v 0.0153999887 0.777999997 -0.115599968
v 0.0108000003 0.794000089 -0.130399972
v 0.0325999781 0.787499964 -0.136599958
v -0.0796999931 0.805400014 -0.141199976
v -0.0723000094 0.822399974 -0.152399987
v -0.0500999615 0.814400077 -0.147699982
v -0.0070999898 0.792699993 -0.120799966
v -0.00660002977 0.808799982 -0.133599967
v 0.0108000003 0.794000089 -0.130399972
v -0.0558000207 0.798300087 -0.135399967
v -0.0500999615 0.814400077 -0.147699982
v -0.0263999701 0.810599864 -0.138899982
v -0.00309997983 0.878800094 -0.146499991
v -0.00320000015 0.860099912 -0.147499889
v -0.0163999796 0.864799976 -0.153899968
v -0.0151000023 0.883599997 -0.151799977
v -0.0170000196 0.899999976 -0.147499889
v -0.0026000198 0.896399975 -0.142699987
v -0.0026000198 0.896399975 -0.142699987
v -0.00279998966 0.91110009 -0.138299972
v 0.00919996947 0.907600105 -0.140899986
v 0.067099981 0.9023 -0.140599877
v 0.0720000193 0.885100007 -0.146999985
v 0.0390999913 0.880999863 -0.153599888
v 0.101299912 0.898300111 -0.125699967
v 0.105999917 0.880800009 -0.130799979
v 0.0720000193 0.885100007 -0.146999985
v -0.0544000193 0.912400007 -0.142799884
v -0.0544000193 0.899999976 -0.149599969
v -0.0796999931 0.908899963 -0.138799965
v -0.0799000189 0.919499993 -0.131699979
v -0.0796999931 0.908899963 -0.138799965
v -0.110400021 0.9102 -0.119899966
v -0.00349999033 0.919099987 -0.135199964
v -0.00279998966 0.91110009 -0.138299972
v -0.0181999803 0.914499998 -0.140699983
v -0.0340999886 0.917600095 -0.140199959
v -0.034600012 0.923400104 -0.136199981
v -0.0188999772 0.921500087 -0.136499971
v -0.0544000193 0.912400007 -0.142799884
v -0.0540999696 0.92200011 -0.136099964
v -0.0340999886 0.917600095 -0.140199959
v 0.067099981 0.9023 -0.140599877
v 0.0364999697 0.898500085 -0.147299975
v 0.0367000103 0.912299991 -0.140899986
v -0.0540999696 0.92200011 -0.136099964
v -0.0546000004 0.926800013 -0.132399976
v -0.034600012 0.923400104 -0.136199981
v 0.0760999918 0.838400006 -0.153399974
v 0.0465999767 0.834999859 -0.157099992
v 0.0424000025 0.858800113 -0.157199979
v 0.0749999806 0.862100005 -0.151499987
v 0.0424000025 0.858800113 -0.157199979
v 0.0390999913 0.880999863 -0.153599888
v 0.0749999806 0.862100005 -0.151499987
v 0.0720000193 0.885100007 -0.146999985
v 0.105999917 0.880800009 -0.130799979
v 0.108799905 0.859099984 -0.137099981
v 0.10710001 0.835100055 -0.141499966
v 0.0760999918 0.838400006 -0.153399974
v -0.111199968 0.896000087 -0.127999961
v -0.110400021 0.9102 -0.119899966
v -0.0796999931 0.908899963 -0.138799965
v -0.0803999752 0.893999994 -0.146099985
v -0.0796999931 0.908899963 -0.138799965
v -0.0544000193 0.899999976 -0.149599969
v -0.0557000004 0.883200109 -0.155399889
v -0.0590999685 0.863099992 -0.158999979
v -0.0824000239 0.872900009 -0.151899993
v -0.0803999752 0.893999994 -0.146099985
v -0.0824000239 0.872900009 -0.151899993
v -0.111599982 0.875500083 -0.137999982
v 0.0763000175 0.812900007 -0.150599986
v 0.0505999923 0.810199976 -0.151599973
v 0.0465999767 0.834999859 -0.157099992
v 0.0763000175 0.812900007 -0.150599986
v 0.0760999918 0.838400006 -0.153399974
v 0.10710001 0.835100055 -0.141499966
v 0.102599904 0.809700012 -0.142799884
v 0.0985000134 0.789699912 -0.138699979
v 0.0810999125 0.78670001 -0.140699983
v 0.0763000175 0.812900007 -0.150599986
v 0.0810999125 0.78670001 -0.140699983
v 0.0580999777 0.78459996 -0.140099972
v -0.086300008 0.850200057 -0.154699981
v -0.0911999866 0.829200089 -0.151599973
v -0.106299989 0.834499955 -0.148399979
v -0.11019998 0.852300107 -0.146199971
v -0.111599982 0.875500083 -0.137999982
v -0.0824000239 0.872900009 -0.151899993
v -0.086300008 0.850200057 -0.154699981
v -0.0824000239 0.872900009 -0.151899993
v -0.0590999685 0.863099992 -0.158999979
v -0.0651999712 0.842899859 -0.157799989
v -0.0723000094 0.822399974 -0.152399987
v -0.0911999866 0.829200089 -0.151599973
v 0.00809996948 0.813600004 -0.141899973
v 0.00660002045 0.831999958 -0.148099989
v 0.022700008 0.831499994 -0.154499978
v 0.0267999694 0.810500085 -0.148299992
v 0.022700008 0.831499994 -0.154499978
v 0.0465999767 0.834999859 -0.157099992
v 0.0505999923 0.810199976 -0.151599973
v 0.0580999777 0.78459996 -0.140099972
v 0.0325999781 0.787499964 -0.136599958
v 0.0267999694 0.810500085 -0.148299992
v 0.0325999781 0.787499964 -0.136599958
v 0.0108000003 0.794000089 -0.130399972
v -0.0436000228 0.834400058 -0.155499965
v -0.0500999615 0.814400077 -0.147699982
v -0.0723000094 0.822399974 -0.152399987
v -0.0651999712 0.842899859 -0.157799989
v -0.0590999685 0.863099992 -0.158999979
v -0.03769999 0.852800012 -0.159399986
v -0.0436000228 0.834400058 -0.155499965
v -0.03769999 0.852800012 -0.159399986
v -0.0188999772 0.845300078 -0.152199984
v -0.0228999853 0.828700006 -0.147699982
v -0.0263999701 0.810599864 -0.138899982
v -0.0500999615 0.814400077 -0.147699982
v -0.0170000196 0.899999976 -0.147499889
v -0.0151000023 0.883599997 -0.151799977
v -0.0328999758 0.891600013 -0.153499991
v -0.0335000157 0.905500114 -0.147199988
v -0.0328999758 0.891600013 -0.153499991
v -0.0544000193 0.899999976 -0.149599969
v -0.0557000004 0.883200109 -0.155399889
v -0.0544000193 0.899999976 -0.149599969
v -0.0328999758 0.891600013 -0.153499991
v -0.0344999991 0.872799993 -0.157499969
v -0.0328999758 0.891600013 -0.153499991
v -0.0151000023 0.883599997 -0.151799977
v -0.0163999796 0.864799976 -0.153899968
v -0.0188999772 0.845300078 -0.152199984
v -0.03769999 0.852800012 -0.159399986
v -0.0344999991 0.872799993 -0.157499969
v -0.03769999 0.852800012 -0.159399986
v -0.0590999685 0.863099992 -0.158999979
v 0.0153999887 0.777999997 -0.115599968
v 0.00970000029 0.773400009 -0.0963999704
v -0.00620002113 0.779699862 -0.101499878
v -0.0070999898 0.792699993 -0.120799966
v -0.00620002113 0.779699862 -0.101499878
v -0.0209000111 0.784799993 -0.102699973
v 0.0188000202 0.682700098 -0.0305999741
v 0.00609998964 0.688399911 -0.0188998654
v 0.0126000009 0.721300006 -0.0400998667
v 0.0249999687 0.720399976 -0.0541999713
v 0.0126000009 0.721300006 -0.0400998667
v 0.0135999881 0.743800104 -0.0551999733
v 0.0229999982 0.745599985 -0.0735999718
v 0.03549999 0.743700087 -0.0843999758
v 0.0397000313 0.718800008 -0.0627999678
v 0.0249999687 0.720399976 -0.0541999713
v 0.0397000313 0.718800008 -0.0627999678
v 0.0378000103 0.674699962 -0.0403999761
v -0.0555000305 0.747900009 -0.0984999761
v -0.0518000126 0.770099998 -0.10429997
v -0.03769999 0.767099977 -0.0951999649
v -0.0414999723 0.746600091 -0.0891999677
v -0.03769999 0.767099977 -0.0951999649
v -0.0261999965 0.761999965 -0.0826999769
v -0.0292000175 0.743800104 -0.0794999674
v -0.0289999843 0.710100055 -0.0768999681
v -0.0416999981 0.708700061 -0.0895998701
v -0.0416999981 0.708700061 -0.0895998701
v -0.0566999912 0.705000103 -0.0985999778
v -0.0555000305 0.747900009 -0.0984999761
v -0.00330002047 0.694300056 0.00100002438
v -0.00700003095 0.700299978 0.0270000696
v -0.00230002962 0.728799999 0.00460002571
v 0.00249999017 0.72420001 -0.0198999718
v -0.00230002962 0.728799999 0.00460002571
v 0.00109999999 0.745499969 -0.00879997015
v 0.00529997982 0.743900001 -0.0326999649
v 0.0135999881 0.743800104 -0.0551999733
v 0.0126000009 0.721300006 -0.0400998667
v 0.00249999017 0.72420001 -0.0198999718
v 0.0126000009 0.721300006 -0.0400998667
v 0.00609998964 0.688399911 -0.0188998654
v -0.0292000175 0.743800104 -0.0794999674
v -0.0261999965 0.761999965 -0.0826999769
v -0.0159000158 0.756500006 -0.0617999658
v -0.0188000202 0.739300013 -0.0614999756
v -0.0159000158 0.756500006 -0.0617999658
v -0.0106999902 0.753300071 -0.041099973
v -0.0127000306 0.734999955 -0.0385999754
v -0.0144000063 0.700299978 -0.0320999697
v -0.0195999742 0.706499994 -0.0577999726
v -0.0188000202 0.739300013 -0.0614999756
v -0.0195999742 0.706499994 -0.0577999726
v -0.0289999843 0.710100055 -0.0768999681
v 0.0225999914 0.639700055 -0.0126999766
v 0.0228000209 0.584800005 0.0140000582
v 0.00929998979 0.592800021 0.0296000913
v 0.00880002975 0.648500085 0.00230012089
v 0.00609998964 0.688399911 -0.0188998654
v 0.0188000202 0.682700098 -0.0305999741
v 0.0225999914 0.639700055 -0.0126999766
v 0.0188000202 0.682700098 -0.0305999741
v 0.0378000103 0.674699962 -0.0403999761
v 0.040700011 0.628400028 -0.0220998898
v 0.0390999913 0.575600088 0.00460001826
v 0.0228000209 0.584800005 0.0140000582
v -0.0429000184 0.66110009 -0.0871999785
v -0.0595999919 0.656900108 -0.0975999758
v -0.0566999912 0.705000103 -0.0985999778
v -0.0416999981 0.708700061 -0.0895998701
v -0.0289999843 0.710100055 -0.0768999681
v -0.0278000236 0.662499964 -0.0703999773
v -0.0278000236 0.662499964 -0.0703999773
v -0.0267000198 0.597599983 -0.0617999807
v -0.0418999717 0.59860009 -0.0783999935
v -0.0418999717 0.59860009 -0.0783999935
v -0.059400022 0.597000003 -0.0890999809
v -0.0595999919 0.656900108 -0.0975999758
v 0.0257999897 0.481299996 0.0577000342
v 0.01069998 0.482200086 0.0705000758
v 0.00859998912 0.545799971 0.0548000373
v 0.0228000209 0.540500104 0.0391000435
v 0.00859998912 0.545799971 0.0548000373
v 0.00929998979 0.592800021 0.0296000913
v 0.0228000209 0.540500104 0.0391000435
v 0.0228000209 0.584800005 0.0140000582
v 0.0390999913 0.575600088 0.00460001826
v 0.0389000103 0.535400093 0.0292000771
v 0.0425999686 0.479099989 0.0492000543
v 0.0257999897 0.481299996 0.0577000342
v -0.0617999993 0.549199998 -0.0789999887
v -0.059400022 0.597000003 -0.0890999809
v -0.0418999717 0.59860009 -0.0783999935
v -0.0440000221 0.547599912 -0.0691999868
v -0.0418999717 0.59860009 -0.0783999935
v -0.0267000198 0.597599983 -0.0617999807
v -0.0279999971 0.544000089 -0.0537999794
v -0.0361000225 0.477299988 -0.0607999936
v -0.051599972 0.481500089 -0.072499983
v -0.0440000221 0.547599912 -0.0691999868
v -0.051599972 0.481500089 -0.072499983
v -0.0690000057 0.484600008 -0.0795998797
v 0.00219999999 0.550500095 0.0745000839
v 0.00209998898 0.487200022 0.0895000622
v 0.0077999793 0.498900115 0.115000002
v 0.00219999999 0.550500095 0.0745000839
v 0.00279998034 0.55580008 0.093100071
v 0.00139999017 0.603999972 0.0731000304
v 0.00160001963 0.599300086 0.0508000925
v 0.00929998979 0.592800021 0.0296000913
v 0.00859998912 0.545799971 0.0548000373
v 0.00859998912 0.545799971 0.0548000373
v 0.01069998 0.482200086 0.0705000758
v 0.00209998898 0.487200022 0.0895000622
v -0.0279999971 0.544000089 -0.0537999794
v -0.0267000198 0.597599983 -0.0617999807
v -0.0181000233 0.592899919 -0.0409999862
v -0.0202000141 0.538299918 -0.034999989
v -0.0181000233 0.592899919 -0.0409999862
v -0.0160999894 0.588100076 -0.021499984
v -0.0194000006 0.535000026 -0.0182999894
v -0.0278000236 0.473100007 -0.0188998803
v -0.0267999768 0.47360009 -0.0434999838
v -0.0202000141 0.538299918 -0.034999989
v -0.0267999768 0.47360009 -0.0434999838
v -0.0361000225 0.477299988 -0.0607999936
v 0.02810001 0.448300004 0.0481000543
v 0.0192000195 0.4126001 0.0374000669
v 0.00690000877 0.415799975 0.0551000796
v 0.0134000108 0.451300085 0.0668000579
v 0.01069998 0.482200086 0.0705000758
v 0.0257999897 0.481299996 0.0577000342
v 0.02810001 0.448300004 0.0481000543
v 0.0257999897 0.481299996 0.0577000342
v 0.0425999686 0.479099989 0.0492000543
v 0.0436000228 0.442000091 0.0394000337
v 0.0340999886 0.409099996 0.0264000222
v 0.0192000195 0.4126001 0.0374000669
v -0.0561000109 0.437399983 -0.0856998935
v -0.0717999935 0.436100006 -0.0943999812
v -0.0690000057 0.484600008 -0.0795998797
v -0.051599972 0.481500089 -0.072499983
v -0.0361000225 0.477299988 -0.0607999936
v -0.0418999717 0.4375 -0.0684999898
v -0.0561000109 0.437399983 -0.0856998935
v -0.0418999717 0.4375 -0.0684999898
v -0.0393000208 0.396300018 -0.0759998932
v -0.0519000217 0.396700084 -0.0919999853
v -0.0665000007 0.396600008 -0.102399983
v -0.0717999935 0.436100006 -0.0943999812
v 0.00480001979 0.452400029 0.0915000439
v 0.000599980354 0.417200029 0.0776000619
v 0.00319998898 0.417400002 0.101000063
v 0.0112000108 0.456200004 0.118300006
v 0.0077999793 0.498900115 0.115000002
v 0.00209998898 0.487200022 0.0895000622
v 0.00480001979 0.452400029 0.0915000439
v 0.00209998898 0.487200022 0.0895000622
v 0.01069998 0.482200086 0.0705000758
v 0.0134000108 0.451300085 0.0668000579
v 0.00690000877 0.415799975 0.0551000796
v 0.000599980354 0.417200029 0.0776000619
v -0.0339000225 0.436399996 -0.0512999818
v -0.0418999717 0.4375 -0.0684999898
v -0.0361000225 0.477299988 -0.0607999936
v -0.0267999768 0.47360009 -0.0434999838
v -0.0278000236 0.473100007 -0.0188998803
v -0.0347999893 0.434000015 -0.0290999934
v -0.0339000225 0.436399996 -0.0512999818
v -0.0347999893 0.434000015 -0.0290999934
v -0.0329999924 0.394400001 -0.035999991
v -0.0321999788 0.395699978 -0.0556999817
v -0.0393000208 0.396300018 -0.0759998932
v -0.0418999717 0.4375 -0.0684999898
v -0.00540000945 0.351199985 0.0405000374
v -0.0136000002 0.355199993 0.0573000312
v -0.00320000015 0.386399984 0.0531000383
v 0.00749998912 0.384199977 0.0365000293
v -0.00320000015 0.386399984 0.0531000383
v 0.00690000877 0.415799975 0.0551000796
v 0.0192000195 0.4126001 0.0374000669
v 0.0340999886 0.409099996 0.0264000222
v 0.0217999779 0.380900085 0.0227000639
v 0.00749998912 0.384199977 0.0365000293
v 0.0217999779 0.380900085 0.0227000639
v 0.00590001978 0.344399989 0.0258000344
v -0.0598000214 0.365499914 -0.105399989
v -0.0665000007 0.396600008 -0.102399983
v -0.0519000217 0.396700084 -0.0919999853
v -0.04509997 0.365499914 -0.092399992
v -0.0519000217 0.396700084 -0.0919999853
v -0.0393000208 0.396300018 -0.0759998932
v -0.0332000256 0.36500001 -0.0755999908
v -0.0271999836 0.329200029 -0.0702999905
v -0.0375000201 0.328000009 -0.0874998793
v -0.04509997 0.365499914 -0.092399992
v -0.0375000201 0.328000009 -0.0874998793
v -0.0523999929 0.325000018 -0.102299981
v -0.0159999728 0.354499996 0.0762000605
v -0.0129000004 0.352100015 0.0906000659
v -0.00569999963 0.38499999 0.0899000689
v -0.00569999963 0.38499999 0.0899000689
v 0.00319998898 0.417400002 0.101000063
v 0.000599980354 0.417200029 0.0776000619
v -0.00779999048 0.386399984 0.0730000734
v 0.000599980354 0.417200029 0.0776000619
v 0.00690000877 0.415799975 0.0551000796
v -0.00779999048 0.386399984 0.0730000734
v -0.00320000015 0.386399984 0.0531000383
v -0.0136000002 0.355199993 0.0573000312
v -0.0332000256 0.36500001 -0.0755999908
v -0.0393000208 0.396300018 -0.0759998932
v -0.0321999788 0.395699978 -0.0556999817
v -0.0321999788 0.395699978 -0.0556999817
v -0.0329999924 0.394400001 -0.035999991
v -0.0289000273 0.362100005 -0.0402999893
v -0.0289000273 0.362100005 -0.0402999893
v -0.0253000259 0.324400008 -0.0397999808
v -0.0238000154 0.327300012 -0.0531999841
v -0.0275999904 0.363700002 -0.0565998927
v -0.0238000154 0.327300012 -0.0531999841
v -0.0271999836 0.329200029 -0.0702999905
v -0.038500011 0.116100028 0.0632000417
v -0.0418999717 0.094300054 0.0639000386
v -0.0403000116 0.0966000184 0.0844000354
v -0.0364000089 0.118300043 0.082800068
v -0.0332000256 0.153000012 0.0785000771
v -0.0342999622 0.150500014 0.0609000176
v -0.038500011 0.116100028 0.0632000417
v -0.0342999622 0.150500014 0.0609000176
v -0.0303000212 0.147700027 0.0435000509
v -0.0339000225 0.113800012 0.0444000214
v -0.0375999808 0.0930000246 0.0439000577
v -0.0418999717 0.094300054 0.0639000386
v -0.0421999618 0.102000028 -0.0783000067
v -0.043900013 0.139000013 -0.0816000029
v -0.0349000022 0.140599981 -0.0628999993
v -0.0321000218 0.103800029 -0.0578000024
v -0.0349000022 0.140599981 -0.0628999993
v -0.0321999788 0.142300025 -0.0446000025
v -0.0296999812 0.105800055 -0.0367000028
v -0.0260000229 0.0839000046 -0.0334000066
v -0.0291000009 0.0805000365 -0.0553000048
v -0.0321000218 0.103800029 -0.0578000024
v -0.0291000009 0.0805000365 -0.0553000048
v -0.0397999808 0.079000026 -0.0780000016
v -0.0317000151 0.119499996 0.0962000266
v -0.0354999825 0.0991000086 0.0993000045
v -0.0297999978 0.101200007 0.109499969
v -0.0317000151 0.119499996 0.0962000266
v -0.0267000198 0.120100036 0.105600037
v -0.0253999829 0.153699994 0.100500025
v -0.0296999812 0.153800026 0.091500029
v -0.0332000256 0.153000012 0.0785000771
v -0.0364000089 0.118300043 0.082800068
v -0.0364000089 0.118300043 0.082800068
v -0.0403000116 0.0966000184 0.0844000354
v -0.0354999825 0.0991000086 0.0993000045
v -0.0296999812 0.105800055 -0.0367000028
v -0.0321999788 0.142300025 -0.0446000025
v -0.033100009 0.143199995 -0.0309999958
v -0.0314999819 0.107100032 -0.0224998966
v -0.033100009 0.143199995 -0.0309999958
v -0.0353999697 0.143100038 -0.022800006
v -0.034200009 0.107200056 -0.0131999999
v -0.0302000046 0.0872000158 -0.0080998987
v -0.0274000168 0.085900031 -0.0188998953
v -0.0314999819 0.107100032 -0.0224998966
v -0.0274000168 0.085900031 -0.0188998953
v -0.0260000229 0.0839000046 -0.0334000066
v 0.00309997052 0.762899995 -0.0424999669
v 0.00629996881 0.765799999 -0.0692999735
v 0.0108000003 0.758099914 -0.0646999702
v 0.00559997 0.756800056 -0.0403999761
v 0.0108000003 0.758099914 -0.0646999702
v 0.0135999881 0.743800104 -0.0551999733
v 0.00529997982 0.743900001 -0.0326999649
v 0.00109999999 0.745499969 -0.00879997015
v 0.00349997915 0.757600009 -0.0171999708
v 0.00559997 0.756800056 -0.0403999761
v 0.00349997915 0.757600009 -0.0171999708
v 0.00109999999 0.763100088 -0.0184998736
v -0.0123000201 0.766499996 -0.0600999668
v -0.00910001993 0.762899995 -0.0385999754
v -0.0106999902 0.753300071 -0.041099973
v -0.0159000158 0.756500006 -0.0617999658
v -0.0261999965 0.761999965 -0.0826999769
v -0.0189999938 0.772099972 -0.0804999694
v -0.0123000201 0.766499996 -0.0600999668
v -0.0189999938 0.772099972 -0.0804999694
v -0.0141999722 0.775900006 -0.0794999674
v -0.00950003043 0.770599961 -0.0564999655
v -0.00840003043 0.767700076 -0.0354999676
v -0.00910001993 0.762899995 -0.0385999754
v 0.00970000029 0.773400009 -0.0963999704
v 0.0153999887 0.777999997 -0.115599968
v 0.0282000303 0.761299968 -0.100899972
v 0.0178999901 0.761799991 -0.0872999653
v 0.0282000303 0.761299968 -0.100899972
v 0.03549999 0.743700087 -0.0843999758
v 0.0229999982 0.745599985 -0.0735999718
v 0.0135999881 0.743800104 -0.0551999733
v 0.0108000003 0.758099914 -0.0646999702
v 0.0178999901 0.761799991 -0.0872999653
v 0.0108000003 0.758099914 -0.0646999702
v 0.00629996881 0.765799999 -0.0692999735
v -0.0292000175 0.778900087 -0.0989998654
v -0.0189999938 0.772099972 -0.0804999694
v -0.0261999965 0.761999965 -0.0826999769
v -0.03769999 0.767099977 -0.0951999649
v -0.0518000126 0.770099998 -0.10429997
v -0.0432000086 0.783300102 -0.112999864
v -0.0432000086 0.783300102 -0.112999864
v -0.0299000144 0.79369998 -0.123299979
v -0.0209000111 0.784799993 -0.102699973
v -0.0292000175 0.778900087 -0.0989998654
v -0.0209000111 0.784799993 -0.102699973
v -0.0141999722 0.775900006 -0.0794999674
v -0.0026000198 0.774600089 -0.0774999782
v -0.00620002113 0.779699862 -0.101499878
v 0.00970000029 0.773400009 -0.0963999704
v 0.00629996881 0.765799999 -0.0692999735
v 0.00309997052 0.762899995 -0.0424999669
v -0.00160003081 0.768900096 -0.051599972
v -0.0026000198 0.774600089 -0.0774999782
v -0.00160003081 0.768900096 -0.051599972
v -0.00950003043 0.770599961 -0.0564999655
v -0.00620002113 0.779699862 -0.101499878
v -0.0026000198 0.774600089 -0.0774999782
v -0.0141999722 0.775900006 -0.0794999674
v -0.000100020319 0.769999981 -0.0341999754
v -0.00160003081 0.768900096 -0.051599972
v 0.00309997052 0.762899995 -0.0424999669
v 0.00709998049 0.774100006 0.0189000517
v 0.00999999046 0.781400084 0.0322000459
v -0.00290000997 0.771900058 0.0368001014
v -0.0156999826 0.777799964 0.020800069
v -0.00290000997 0.771900058 0.0368001014
v -0.00690001994 0.789200008 0.0384000689
v -0.00160003081 0.768900096 -0.051599972
v -0.000100020319 0.769999981 -0.0341999754
v -0.00840003043 0.767700076 -0.0354999676
v 0.00849997997 0.156300023 0.115699984
v 0.0234000012 0.153800026 0.109499969
v 0.0300999805 0.198700011 0.110100009
v 0.0134999715 0.203299999 0.114400007
v 0.0300999805 0.198700011 0.110100009
v 0.0400000215 0.24699989 0.112900004
v 0.0217999779 0.252600014 0.115999982
v 0.00669996999 0.256199896 0.114800021
v -0.000800020993 0.2051 0.113599993
v 0.0134999715 0.203299999 0.114400007
v -0.000800020993 0.2051 0.113599993
v -0.00349999033 0.156900004 0.115900017
v -0.0601999685 0.190800026 -0.00779999793
v -0.0489000008 0.190100029 -0.0126000047
v -0.0493000075 0.23740001 -0.0129999965
v -0.0628999993 0.237700015 -0.00759999454
v -0.0820999742 0.237000003 -0.00539999455
v -0.0759000108 0.189800024 -0.00569999963
v -0.0601999685 0.190800026 -0.00779999793
v -0.0759000108 0.189800024 -0.00569999963
v -0.0699999928 0.146900013 -0.00290000439
v -0.0555999801 0.14760001 -0.00410000235
v -0.0472999811 0.14670004 -0.00789999962
v -0.0489000008 0.190100029 -0.0126000047
v 0.0217999779 0.252600014 0.115999982
v 0.0400000215 0.24699989 0.112900004
v 0.0486999676 0.292999893 0.116900012
v 0.02859997 0.299199998 0.119800016
v 0.0486999676 0.292999893 0.116900012
v 0.0579999611 0.337000012 0.119599976
v 0.0342999585 0.343899906 0.123400018
v 0.0185999796 0.34740001 0.118499979
v 0.0132999979 0.301400006 0.117499992
v 0.02859997 0.299199998 0.119800016
v 0.0132999979 0.301400006 0.117499992
v 0.00669996999 0.256199896 0.114800021
v -0.0669000149 0.283199996 -0.00449989736
v -0.0500999615 0.282199919 -0.0110999942
v -0.0536000095 0.325399995 -0.00919989496
v -0.0718999952 0.326699913 -0.00169999152
v -0.0975999832 0.327199996 -0.00199989229
v -0.0892000124 0.283100009 -0.00269989669
v -0.0669000149 0.283199996 -0.00449989736
v -0.0892000124 0.283100009 -0.00269989669
v -0.0820999742 0.237000003 -0.00539999455
v -0.0628999993 0.237700015 -0.00759999454
v -0.0493000075 0.23740001 -0.0129999965
v -0.0500999615 0.282199919 -0.0110999942
v 0.0357000194 0.150200024 0.09390001
v 0.0396000072 0.1461 0.0718000382
v 0.0529000089 0.189300001 0.0721000284
v 0.0457000062 0.19340004 0.0960000604
v 0.0529000089 0.189300001 0.0721000284
v 0.0683000013 0.236199901 0.0738000125
v 0.0587000176 0.240199894 0.0990000218
v 0.0400000215 0.24699989 0.112900004
v 0.0300999805 0.198700011 0.110100009
v 0.0457000062 0.19340004 0.0960000604
v 0.0300999805 0.198700011 0.110100009
v 0.0234000012 0.153800026 0.109499969
v -0.0946999714 0.187399998 -0.0121999979
v -0.0759000108 0.189800024 -0.00569999963
v -0.0820999742 0.237000003 -0.00539999455
v -0.103600018 0.236100003 -0.0128999949
v -0.1193 0.234500006 -0.0360000059
v -0.11080002 0.185300007 -0.0336999968
v -0.11080002 0.185300007 -0.0336999968
v -0.103600018 0.139899984 -0.0325000063
v -0.0878999829 0.144500032 -0.0108999982
v -0.0878999829 0.144500032 -0.0108999982
v -0.0699999928 0.146900013 -0.00290000439
v -0.0759000108 0.189800024 -0.00569999963
v 0.0587000176 0.240199894 0.0990000218
v 0.0683000013 0.236199901 0.0738000125
v 0.0831999108 0.283100009 0.0736000463
v 0.0831999108 0.283100009 0.0736000463
v 0.0964999124 0.330900013 0.069200024
v 0.0850999132 0.329599917 0.0994000286
v 0.0850999132 0.329599917 0.0994000286
v 0.0579999611 0.337000012 0.119599976
v 0.0486999676 0.292999893 0.116900012
v 0.0716999695 0.285600007 0.101100013
v 0.0486999676 0.292999893 0.116900012
v 0.0400000215 0.24699989 0.112900004
v -0.115000002 0.282700002 -0.0137999952
v -0.0892000124 0.283100009 -0.00269989669
v -0.0975999832 0.327199996 -0.00199989229
v -0.126199991 0.328299999 -0.0175999925
v -0.14229998 0.331799895 -0.0462999865
v -0.131799996 0.282999992 -0.0408999994
v -0.115000002 0.282700002 -0.0137999952
v -0.131799996 0.282999992 -0.0408999994
v -0.1193 0.234500006 -0.0360000059
v -0.103600018 0.236100003 -0.0128999949
v -0.0820999742 0.237000003 -0.00539999455
v -0.0892000124 0.283100009 -0.00269989669
v 0.0317000113 0.145400003 0.0509000272
v 0.0161999986 0.144999996 0.0357000679
v 0.0274000093 0.189600006 0.0316000357
v 0.0449000001 0.188400045 0.0474000424
v 0.0274000093 0.189600006 0.0316000357
v 0.0442000031 0.238900006 0.0269000456
v 0.0615999699 0.2368 0.0454000719
v 0.0683000013 0.236199901 0.0738000125
v 0.0529000089 0.189300001 0.0721000284
v 0.0449000001 0.188400045 0.0474000424
v 0.0529000089 0.189300001 0.0721000284
v 0.0396000072 0.1461 0.0718000382
v -0.111500017 0.184499994 -0.0619998947
v -0.11080002 0.185300007 -0.0336999968
v -0.1193 0.234500006 -0.0360000059
v -0.120199971 0.235200018 -0.066399999
v -0.109799981 0.236100003 -0.0883999988
v -0.101999991 0.184800044 -0.0819999948
v -0.111500017 0.184499994 -0.0619998947
v -0.101999991 0.184800044 -0.0819999948
v -0.0938000008 0.139300004 -0.0768999979
v -0.103699982 0.13910003 -0.0581999943
v -0.103600018 0.139899984 -0.0325000063
v -0.11080002 0.185300007 -0.0336999968
v 0.0615999699 0.2368 0.0454000719
v 0.0442000031 0.238900006 0.0269000456
v 0.0591999814 0.289999902 0.0215000361
v 0.0768999085 0.286799997 0.0411000773
v 0.0591999814 0.289999902 0.0215000361
v 0.0712000132 0.336699903 0.0193000361
v 0.0768999085 0.286799997 0.0411000773
v 0.0883999094 0.335299909 0.037500076
v 0.0964999124 0.330900013 0.069200024
v 0.0831999108 0.283100009 0.0736000463
v 0.0683000013 0.236199901 0.0738000125
v 0.0615999699 0.2368 0.0454000719
v -0.131799996 0.285799921 -0.074800007
v -0.131799996 0.282999992 -0.0408999994
v -0.14229998 0.331799895 -0.0462999865
v -0.140099987 0.334700018 -0.0808999911
v -0.126199991 0.334100008 -0.10139998
v -0.119400017 0.28730002 -0.0967999026
v -0.131799996 0.285799921 -0.074800007
v -0.119400017 0.28730002 -0.0967999026
v -0.109799981 0.236100003 -0.0883999988
v -0.120199971 0.235200018 -0.066399999
v -0.1193 0.234500006 -0.0360000059
v -0.131799996 0.282999992 -0.0408999994
v 0.00109999999 0.145500019 0.0296000689
v -0.0109000299 0.145900026 0.0284000486
v -0.00770002976 0.193499982 0.0270000473
v 0.00730000995 0.192300022 0.0252000466
v -0.00770002976 0.193499982 0.0270000473
v 0.00309997052 0.245399997 0.024400048
v 0.0209000111 0.241999909 0.0218000337
v 0.0442000031 0.238900006 0.0269000456
v 0.0274000093 0.189600006 0.0316000357
v 0.00730000995 0.192300022 0.0252000466
v 0.0274000093 0.189600006 0.0316000357
v 0.0161999986 0.144999996 0.0357000679
v -0.101999991 0.184800044 -0.0819999948
v -0.109799981 0.236100003 -0.0883999988
v -0.0916000009 0.235100001 -0.0984000042
v -0.0874000117 0.184800044 -0.0923000053
v -0.0916000009 0.235100001 -0.0984000042
v -0.0749000311 0.233800009 -0.101000004
v -0.0741000101 0.184200004 -0.0957000032
v -0.0709999651 0.138700038 -0.0901999995
v -0.0813000053 0.139100045 -0.0866999999
v -0.0874000117 0.184800044 -0.0923000053
v -0.0813000053 0.139100045 -0.0866999999
v -0.0938000008 0.139300004 -0.0768999979
v 0.0209000111 0.241999909 0.0218000337
v 0.00309997052 0.245399997 0.024400048
v 0.0184999704 0.293500006 0.0177000687
v 0.0364999697 0.291399896 0.0158000439
v 0.0184999704 0.293500006 0.0177000687
v 0.035300009 0.337300003 0.0120000765
v 0.0513999984 0.336300015 0.0125000328
v 0.0712000132 0.336699903 0.0193000361
v 0.0591999814 0.289999902 0.0215000361
v 0.0364999697 0.291399896 0.0158000439
v 0.0591999814 0.289999902 0.0215000361
v 0.0442000031 0.238900006 0.0269000456
v -0.119400017 0.28730002 -0.0967999026
v -0.126199991 0.334100008 -0.10139998
v -0.106700003 0.3294999 -0.111399986
v -0.0992000028 0.284500003 -0.106799997
v -0.106700003 0.3294999 -0.111399986
v -0.0874999687 0.326300025 -0.11459998
v -0.0799000189 0.282000005 -0.108800001
v -0.0749000311 0.233800009 -0.101000004
v -0.0916000009 0.235100001 -0.0984000042
v -0.0992000028 0.284500003 -0.106799997
v -0.0916000009 0.235100001 -0.0984000042
v -0.109799981 0.236100003 -0.0883999988
v 0.0209000111 0.339900017 0.0162000582
v 0.035300009 0.337300003 0.0120000765
v 0.0184999704 0.293500006 0.0177000687
v 0.00489996932 0.296299994 0.0237000436
v 0.0184999704 0.293500006 0.0177000687
v 0.00309997052 0.245399997 0.024400048
v -0.00910001993 0.248099893 0.0309000462
v -0.0180000067 0.251299918 0.0418000743
v -0.00770002976 0.300000012 0.0341000482
v 0.00489996932 0.296299994 0.0237000436
v -0.00770002976 0.300000012 0.0341000482
v 0.00590001978 0.344399989 0.0258000344
v -0.0468000099 0.281499922 -0.0947000012
v -0.0454999804 0.233999908 -0.088000007
v -0.0595999919 0.233200014 -0.0976000056
v -0.0621999986 0.281300008 -0.104199998
v -0.0595999919 0.233200014 -0.0976000056
v -0.0749000311 0.233800009 -0.101000004
v -0.0799000189 0.282000005 -0.108800001
v -0.0874999687 0.326300025 -0.11459998
v -0.0687999725 0.324699998 -0.111099981
v -0.0621999986 0.281300008 -0.104199998
v -0.0687999725 0.324699998 -0.111099981
v -0.0523999929 0.325000018 -0.102299981
v -0.00910001993 0.248099893 0.0309000462
v 0.00309997052 0.245399997 0.024400048
v -0.00770002976 0.193499982 0.0270000473
v -0.0182999969 0.194499969 0.0334000364
v -0.00770002976 0.193499982 0.0270000473
v -0.0109000299 0.145900026 0.0284000486
v -0.0182999969 0.194499969 0.0334000364
v -0.0210999846 0.145900026 0.0319000259
v -0.0303000212 0.147700027 0.0435000509
v -0.0257999897 0.196200013 0.0449000373
v -0.0180000067 0.251299918 0.0418000743
v -0.00910001993 0.248099893 0.0309000462
v -0.0471000001 0.182299986 -0.0841000006
v -0.043900013 0.139000013 -0.0816000029
v -0.0587000214 0.138500005 -0.0916999951
v -0.060500022 0.182299986 -0.0941000059
v -0.0587000214 0.138500005 -0.0916999951
v -0.0709999651 0.138700038 -0.0901999995
v -0.0741000101 0.184200004 -0.0957000032
v -0.0749000311 0.233800009 -0.101000004
v -0.0595999919 0.233200014 -0.0976000056
v -0.0595999919 0.233200014 -0.0976000056
v -0.0454999804 0.233999908 -0.088000007
v -0.0471000001 0.182299986 -0.0841000006
v -0.0307999849 0.20010002 0.0599000342
v -0.0342999622 0.150500014 0.0609000176
v -0.0332000256 0.153000012 0.0785000771
v -0.0317000151 0.203799963 0.075300023
v -0.0279999971 0.259099901 0.0701000541
v -0.024699986 0.256099999 0.0565000623
v -0.0307999849 0.20010002 0.0599000342
v -0.024699986 0.256099999 0.0565000623
v -0.0180000067 0.251299918 0.0418000743
v -0.0257999897 0.196200013 0.0449000373
v -0.0303000212 0.147700027 0.0435000509
v -0.0342999622 0.150500014 0.0609000176
v -0.0364999697 0.184600025 -0.0678000078
v -0.0471000001 0.182299986 -0.0841000006
v -0.0454999804 0.233999908 -0.088000007
v -0.0339000225 0.236199915 -0.0722999945
v -0.0275999904 0.23740001 -0.0576998964
v -0.0317000151 0.187000051 -0.0517000034
v -0.0317000151 0.187000051 -0.0517000034
v -0.0321999788 0.142300025 -0.0446000025
v -0.0349000022 0.140599981 -0.0628999993
v -0.0364999697 0.184600025 -0.0678000078
v -0.0349000022 0.140599981 -0.0628999993
v -0.043900013 0.139000013 -0.0816000029
v -0.0175999999 0.305500001 0.048200056
v -0.024699986 0.256099999 0.0565000623
v -0.0279999971 0.259099901 0.0701000541
v -0.0175999999 0.305500001 0.048200056
v -0.0231999755 0.308499992 0.0633000657
v -0.0136000002 0.355199993 0.0573000312
v -0.0175999999 0.305500001 0.048200056
v -0.00540000945 0.351199985 0.0405000374
v 0.00590001978 0.344399989 0.0258000344
v -0.00770002976 0.300000012 0.0341000482
v -0.0180000067 0.251299918 0.0418000743
v -0.024699986 0.256099999 0.0565000623
v -0.0468000099 0.281499922 -0.0947000012
v -0.0523999929 0.325000018 -0.102299981
v -0.0375000201 0.328000009 -0.0874998793
v -0.0332000256 0.283499897 -0.079900004
v -0.0375000201 0.328000009 -0.0874998793
v -0.0271999836 0.329200029 -0.0702999905
v -0.0254999995 0.284200013 -0.0651000068
v -0.0275999904 0.23740001 -0.0576998964
v -0.0339000225 0.236199915 -0.0722999945
v -0.0332000256 0.283499897 -0.079900004
v -0.0339000225 0.236199915 -0.0722999945
v -0.0454999804 0.233999908 -0.088000007
v -0.0296999812 0.153800026 0.091500029
v -0.0253999829 0.153699994 0.100500025
v -0.0253000259 0.202899992 0.0961000249
v -0.029399991 0.204000011 0.0875000209
v -0.0253000259 0.202899992 0.0961000249
v -0.0234000087 0.256199896 0.0941000432
v -0.0271000266 0.258300006 0.0830000564
v -0.0279999971 0.259099901 0.0701000541
v -0.0317000151 0.203799963 0.075300023
v -0.029399991 0.204000011 0.0875000209
v -0.0317000151 0.203799963 0.075300023
v -0.0332000256 0.153000012 0.0785000771
v -0.0317000151 0.187000051 -0.0517000034
v -0.0275999904 0.23740001 -0.0576998964
v -0.0271999836 0.235700011 -0.0443998948
v -0.0321999788 0.186800018 -0.0390999988
v -0.0271999836 0.235700011 -0.0443998948
v -0.0296999812 0.233400017 -0.0352000073
v -0.0343999788 0.185700014 -0.0308999941
v -0.0353999697 0.143100038 -0.022800006
v -0.033100009 0.143199995 -0.0309999958
v -0.0321999788 0.186800018 -0.0390999988
v -0.033100009 0.143199995 -0.0309999958
v -0.0321999788 0.142300025 -0.0446000025
v -0.0271000266 0.258300006 0.0830000564
v -0.0234000087 0.256199896 0.0941000432
v -0.0195999742 0.304199994 0.0933000371
v -0.0235000253 0.307099998 0.0794000551
v -0.0195999742 0.304199994 0.0933000371
v -0.0129000004 0.352100015 0.0906000659
v -0.0159999728 0.354499996 0.0762000605
v -0.0136000002 0.355199993 0.0573000312
v -0.0231999755 0.308499992 0.0633000657
v -0.0235000253 0.307099998 0.0794000551
v -0.0231999755 0.308499992 0.0633000657
v -0.0279999971 0.259099901 0.0701000541
v -0.0254999995 0.284200013 -0.0651000068
v -0.0271999836 0.329200029 -0.0702999905
v -0.0238000154 0.327300012 -0.0531999841
v -0.0238999724 0.281899989 -0.0496999994
v -0.0238000154 0.327300012 -0.0531999841
v -0.0253000259 0.324400008 -0.0397999808
v -0.0254999995 0.279299915 -0.037899904
v -0.0296999812 0.233400017 -0.0352000073
v -0.0271999836 0.235700011 -0.0443998948
v -0.0238999724 0.281899989 -0.0496999994
v -0.0271999836 0.235700011 -0.0443998948
v -0.0275999904 0.23740001 -0.0576998964
v 0.00160001963 0.599300086 0.0508000925
v 0.00139999017 0.603999972 0.0731000304
v -0.00309997983 0.663299859 0.0491000526
v -0.0278000236 0.662499964 -0.0703999773
v -0.0289999843 0.710100055 -0.0768999681
v -0.0195999742 0.706499994 -0.0577999726
v -0.0124999899 0.655600011 -0.0249998644
v -0.0160999894 0.588100076 -0.021499984
v -0.0181000233 0.592899919 -0.0409999862
v -0.00700003095 0.700299978 0.0270000696
v -0.00330002047 0.694300056 0.00100002438
v -0.000700000674 0.656200111 0.0239000395
v -0.000700000674 0.656200111 0.0239000395
v 0.00880002975 0.648500085 0.00230012089
v 0.00929998979 0.592800021 0.0296000913
v 0.0170000084 0.751900077 0.0646000504
v 0.00559997 0.74330008 0.0485000648
v 0.00309997052 0.713199973 0.0703000575
v 0.0138000213 0.719199955 0.0859000757
v 0.0350999795 0.724799991 0.101600058
v 0.037899971 0.761700094 0.0811000541
v 0.037899971 0.761700094 0.0811000541
v 0.0386999808 0.788999856 0.0618000776
v 0.0188000202 0.773000002 0.0473000482
v 0.0188000202 0.773000002 0.0473000482
v 0.00789998844 0.759600103 0.0329000503
v 0.00559997 0.74330008 0.0485000648
v -0.0231000185 0.762899995 0.0213000923
v -0.0501999781 0.777099967 0.0479000881
v -0.0487999916 0.739600062 0.0504000857
v -0.0252000093 0.734299958 0.0272000581
v -0.0487999916 0.739600062 0.0504000857
v -0.0497999713 0.695599914 0.0533000939
v -0.0252000093 0.734299958 0.0272000581
v -0.0284000039 0.693699956 0.0328000784
v -0.0194000006 0.692999959 0.0133000687
v -0.0164999962 0.731500089 0.00570002943
v -0.0134000201 0.754799962 0.000400029123
v -0.0231000185 0.762899995 0.0213000923
v 0.000899970531 0.669499993 0.0705000758
v -0.00309997983 0.663299859 0.0491000526
v 0.00139999017 0.603999972 0.0731000304
v 0.00620000996 0.608500004 0.0917000771
v 0.0142999813 0.612200022 0.108700037
v 0.00859998912 0.674100101 0.0882000476
v 0.000899970531 0.669499993 0.0705000758
v 0.00859998912 0.674100101 0.0882000476
v 0.00309997052 0.713199973 0.0703000575
v -0.00400000997 0.706499994 0.0515000932
v -0.00700003095 0.700299978 0.0270000696
v -0.00309997983 0.663299859 0.0491000526
v -0.0141999722 0.650699973 -0.00429997593
v -0.0149000296 0.695200086 -0.00769998133
v -0.0194000006 0.692999959 0.0133000687
v -0.0194000006 0.647899985 0.0132000521
v -0.0220999718 0.584500015 0.00880008936
v -0.0174000263 0.585900009 -0.00589998066
v -0.0141999722 0.650699973 -0.00429997593
v -0.0174000263 0.585900009 -0.00589998066
v -0.0160999894 0.588100076 -0.021499984
v -0.0124999899 0.655600011 -0.0249998644
v -0.0144000063 0.700299978 -0.0320999697
v -0.0149000296 0.695200086 -0.00769998133
v 0.0194000006 0.676999986 0.103500068
v 0.00859998912 0.674100101 0.0882000476
v 0.0142999813 0.612200022 0.108700037
v 0.0249999687 0.614000022 0.122600012
v 0.0442000031 0.613300025 0.136099994
v 0.0393000171 0.676900089 0.120400012
v 0.0194000006 0.676999986 0.103500068
v 0.0393000171 0.676900089 0.120400012
v 0.0350999795 0.724799991 0.101600058
v 0.0138000213 0.719199955 0.0859000757
v 0.00309997052 0.713199973 0.0703000575
v 0.00859998912 0.674100101 0.0882000476
v -0.0295000076 0.645699978 0.0315000489
v -0.0284000039 0.693699956 0.0328000784
v -0.0497999713 0.695599914 0.0533000939
v -0.0511999726 0.640999913 0.0518000796
v -0.0500000119 0.580299973 0.0430000499
v -0.0313000083 0.583000124 0.0261000395
v -0.0295000076 0.645699978 0.0315000489
v -0.0313000083 0.583000124 0.0261000395
v -0.0220999718 0.584500015 0.00880008936
v -0.0194000006 0.647899985 0.0132000521
v -0.0194000006 0.692999959 0.0133000687
v -0.0284000039 0.693699956 0.0328000784
v 0.0105000101 0.560500085 0.112699986
v 0.00279998034 0.55580008 0.093100071
v 0.0077999793 0.498900115 0.115000002
v 0.0159000084 0.504100025 0.134299994
v 0.0256999694 0.504999995 0.148000002
v 0.0199999809 0.562300086 0.130200014
v 0.0105000101 0.560500085 0.112699986
v 0.0199999809 0.562300086 0.130200014
v 0.0142999813 0.612200022 0.108700037
v 0.00620000996 0.608500004 0.0917000771
v 0.00139999017 0.603999972 0.0731000304
v 0.00279998034 0.55580008 0.093100071
v -0.0217999816 0.532999992 -0.00419998914
v -0.0174000263 0.585900009 -0.00589998066
v -0.0220999718 0.584500015 0.00880008936
v -0.0292000175 0.531400084 0.0116000772
v -0.0421000123 0.47179997 0.0146000311
v -0.0333999991 0.47390002 -0.00159998983
v -0.0217999816 0.532999992 -0.00419998914
v -0.0333999991 0.47390002 -0.00159998983
v -0.0278000236 0.473100007 -0.0188998803
v -0.0194000006 0.535000026 -0.0182999894
v -0.0160999894 0.588100076 -0.021499984
v -0.0174000263 0.585900009 -0.00589998066
v 0.0303000212 0.56190002 0.141799986
v 0.0199999809 0.562300086 0.130200014
v 0.0256999694 0.504999995 0.148000002
v 0.03549999 0.505900085 0.154200003
v 0.0434999987 0.505500019 0.158600032
v 0.0461000204 0.558499992 0.149699986
v 0.0303000212 0.56190002 0.141799986
v 0.0461000204 0.558499992 0.149699986
v 0.0442000031 0.613300025 0.136099994
v 0.0249999687 0.614000022 0.122600012
v 0.0142999813 0.612200022 0.108700037
v 0.0199999809 0.562300086 0.130200014
v -0.0389000103 0.527899981 0.0271000862
v -0.0313000083 0.583000124 0.0261000395
v -0.0500000119 0.580299973 0.0430000499
v -0.05620002 0.523000002 0.0393000841
v -0.0640000105 0.469099998 0.0304000303
v -0.0536000095 0.470399976 0.0249000713
v -0.0389000103 0.527899981 0.0271000862
v -0.0536000095 0.470399976 0.0249000713
v -0.0421000123 0.47179997 0.0146000311
v -0.0292000175 0.531400084 0.0116000772
v -0.0220999718 0.584500015 0.00880008936
v -0.0313000083 0.583000124 0.0261000395
v 0.0112000108 0.456200004 0.118300006
v 0.00319998898 0.417400002 0.101000063
v 0.0110999905 0.416200101 0.116800003
v 0.0194000006 0.457899988 0.136300012
v 0.0110999905 0.416200101 0.116800003
v 0.0181999803 0.414799988 0.125399992
v 0.0268999897 0.460000098 0.146799982
v 0.0256999694 0.504999995 0.148000002
v 0.0159000084 0.504100025 0.134299994
v 0.0194000006 0.457899988 0.136300012
v 0.0159000084 0.504100025 0.134299994
v 0.0077999793 0.498900115 0.115000002
v -0.0429000184 0.430999994 -0.00869998336
v -0.0333999991 0.47390002 -0.00159998983
v -0.0421000123 0.47179997 0.0146000311
v -0.0429000184 0.430999994 -0.00869998336
v -0.051599972 0.429100096 0.00370001048
v -0.0473999903 0.39139998 -0.0105998889
v -0.038999971 0.393100023 -0.0218999907
v -0.0329999924 0.394400001 -0.035999991
v -0.0347999893 0.434000015 -0.0290999934
v -0.0429000184 0.430999994 -0.00869998336
v -0.0347999893 0.434000015 -0.0290999934
v -0.0278000236 0.473100007 -0.0188998803
v 0.0268999897 0.460000098 0.146799982
v 0.0181999803 0.414799988 0.125399992
v 0.0258999988 0.414200008 0.133299991
v 0.035300009 0.461700022 0.152599975
v 0.0258999988 0.414200008 0.133299991
v 0.03549999 0.411599994 0.138999984
v 0.035300009 0.461700022 0.152599975
v 0.0428000018 0.460200012 0.156599984
v 0.0434999987 0.505500019 0.158600032
v 0.035300009 0.461700022 0.152599975
v 0.03549999 0.505900085 0.154200003
v 0.0256999694 0.504999995 0.148000002
v -0.0604000017 0.429499984 0.0130000636
v -0.0536000095 0.470399976 0.0249000713
v -0.0640000105 0.469099998 0.0304000303
v -0.0604000017 0.429499984 0.0130000636
v -0.069499962 0.429400027 0.0192000866
v -0.0658999607 0.390900016 0.00450001657
v -0.0558000207 0.390699983 -0.00219998509
v -0.0473999903 0.39139998 -0.0105998889
v -0.051599972 0.429100096 0.00370001048
v -0.0604000017 0.429499984 0.0130000636
v -0.051599972 0.429100096 0.00370001048
v -0.0421000123 0.47179997 0.0146000311
v -0.000299990177 0.383599997 0.101500027
v -0.00569999963 0.38499999 0.0899000689
v -0.0129000004 0.352100015 0.0906000659
v -0.000299990177 0.383599997 0.101500027
v -0.00720001012 0.350499988 0.100300059
v -0.000500030816 0.349999994 0.107000008
v 0.00730000995 0.382600009 0.109599993
v 0.0181999803 0.414799988 0.125399992
v 0.0110999905 0.416200101 0.116800003
v -0.000299990177 0.383599997 0.101500027
v 0.0110999905 0.416200101 0.116800003
v 0.00319998898 0.417400002 0.101000063
v -0.038999971 0.393100023 -0.0218999907
v -0.0473999903 0.39139998 -0.0105998889
v -0.040700011 0.360700011 -0.019799985
v -0.0335999727 0.360899985 -0.0285998806
v -0.040700011 0.360700011 -0.019799985
v -0.0357000194 0.323700011 -0.0222999826
v -0.0335999727 0.360899985 -0.0285998806
v -0.0297999978 0.323300004 -0.0302999839
v -0.0253000259 0.324400008 -0.0397999808
v -0.0335999727 0.360899985 -0.0285998806
v -0.0289000273 0.362100005 -0.0402999893
v -0.0329999924 0.394400001 -0.035999991
v 0.00730000995 0.382600009 0.109599993
v -0.000500030816 0.349999994 0.107000008
v 0.00709998049 0.349599898 0.112300023
v 0.0156000182 0.381299973 0.116500005
v 0.00709998049 0.349599898 0.112300023
v 0.0185999796 0.34740001 0.118499979
v 0.0260000192 0.379199982 0.123499967
v 0.03549999 0.411599994 0.138999984
v 0.0258999988 0.414200008 0.133299991
v 0.0156000182 0.381299973 0.116500005
v 0.0258999988 0.414200008 0.133299991
v 0.0181999803 0.414799988 0.125399992
v -0.0558000207 0.390699983 -0.00219998509
v -0.0658999607 0.390900016 0.00450001657
v -0.0594999716 0.361199915 -0.00529999286
v -0.0485000014 0.360899985 -0.0127998963
v -0.0594999716 0.361199915 -0.00529999286
v -0.0536000095 0.325399995 -0.00919989496
v -0.0422999784 0.325199902 -0.0164999962
v -0.0357000194 0.323700011 -0.0222999826
v -0.040700011 0.360700011 -0.019799985
v -0.0485000014 0.360899985 -0.0127998963
v -0.040700011 0.360700011 -0.019799985
v -0.0473999903 0.39139998 -0.0105998889
v -0.0210000277 0.120499983 0.113199987
v -0.0267000198 0.120100036 0.105600037
v -0.0297999978 0.101200007 0.109499969
v -0.0234000087 0.10200002 0.118099958
v -0.0175999999 0.102700017 0.123899966
v -0.0160999894 0.121100023 0.117799975
v -0.0210000277 0.120499983 0.113199987
v -0.0160999894 0.121100023 0.117799975
v -0.0164999962 0.155300021 0.110500015
v -0.0209000111 0.154500023 0.106900014
v -0.0253999829 0.153699994 0.100500025
v -0.0267000198 0.120100036 0.105600037
v -0.0364999697 0.107400022 -0.00739990175
v -0.0375999808 0.143499985 -0.0176999941
v -0.0394999906 0.144199982 -0.0148000047
v -0.0381000005 0.108000003 -0.00400000066
v -0.034600012 0.088800028 0.00349999964
v -0.0327000022 0.0878000557 -0.00100000203
v -0.0364999697 0.107400022 -0.00739990175
v -0.0327000022 0.0878000557 -0.00100000203
v -0.0302000046 0.0872000158 -0.0080998987
v -0.034200009 0.107200056 -0.0131999999
v -0.0353999697 0.143100038 -0.022800006
v -0.0375999808 0.143499985 -0.0176999941
v -0.00950003043 0.12120004 0.120900005
v -0.0160999894 0.121100023 0.117799975
v -0.0175999999 0.102700017 0.123899966
v -0.00970000029 0.102700017 0.127199978
v -0.000899979845 0.101499997 0.126899987
v -0.00210000016 0.12030001 0.1219
v -0.00950003043 0.12120004 0.120900005
v -0.00210000016 0.12030001 0.1219
v -0.00349999033 0.156900004 0.115900017
v -0.0111000007 0.156499982 0.113799967
v -0.0164999962 0.155300021 0.110500015
v -0.0160999894 0.121100023 0.117799975
v -0.0411999822 0.108900033 -0.000500001013
v -0.0425000116 0.145600036 -0.0116000026
v -0.0472999811 0.14670004 -0.00789999962
v -0.0461999699 0.109300047 0.00289999694
v -0.0437999889 0.0902000368 0.0102000684
v -0.0382000208 0.0896999985 0.00719999522
v -0.0382000208 0.0896999985 0.00719999522
v -0.034600012 0.088800028 0.00349999964
v -0.0381000005 0.108000003 -0.00400000066
v -0.0411999822 0.108900033 -0.000500001013
v -0.0381000005 0.108000003 -0.00400000066
v -0.0394999906 0.144199982 -0.0148000047
v 0.00410001911 0.762600064 0.00640002638
v 0.00349997915 0.757600009 -0.0171999708
v 0.00109999999 0.745499969 -0.00879997015
v 0.00160001963 0.750099957 0.0136000663
v 0.00789998844 0.759600103 0.0329000503
v 0.00889997929 0.773199856 0.0243000463
v 0.00410001911 0.762600064 0.00640002638
v 0.00889997929 0.773199856 0.0243000463
v 0.00709998049 0.774100006 0.0189000517
v 0.00269996934 0.768299997 0.0027000308
v 0.00109999999 0.763100088 -0.0184998736
v 0.00349997915 0.757600009 -0.0171999708
v -0.00730002113 0.769699991 -0.0159998685
v -0.01029999 0.771299958 0.00340013206
v -0.0124999899 0.770500064 0.000600025058
v -0.00950003043 0.765400112 -0.0179999694
v -0.0124999899 0.770500064 0.000600025058
v -0.0134000201 0.754799962 0.000400029123
v -0.0100000007 0.751900077 -0.0205999687
v -0.0106999902 0.753300071 -0.041099973
v -0.00910001993 0.762899995 -0.0385999754
v -0.00950003043 0.765400112 -0.0179999694
v -0.00910001993 0.762899995 -0.0385999754
v -0.00840003043 0.767700076 -0.0354999676
v 0.0164999887 0.781599998 0.0349000767
v 0.00889997929 0.773199856 0.0243000463
v 0.00789998844 0.759600103 0.0329000503
v 0.0188000202 0.773000002 0.0473000482
v 0.0386999808 0.788999856 0.0618000776
v 0.0271999799 0.793099999 0.0483000986
v 0.0164999887 0.781599998 0.0349000767
v 0.0271999799 0.793099999 0.0483000986
v 0.0126000009 0.795399964 0.0453000814
v 0.00999999046 0.781400084 0.0322000459
v 0.00709998049 0.774100006 0.0189000517
v 0.00889997929 0.773199856 0.0243000463
v -0.0198000073 0.776199996 0.0185000375
v -0.0156999826 0.777799964 0.020800069
v -0.0264999866 0.787999988 0.0377000719
v -0.0357000194 0.788500011 0.0395000651
v -0.0501999781 0.777099967 0.0479000881
v -0.0231000185 0.762899995 0.0213000923
v -0.0231000185 0.762899995 0.0213000923
v -0.0134000201 0.754799962 0.000400029123
v -0.0124999899 0.770500064 0.000600025058
v -0.0198000073 0.776199996 0.0185000375
v -0.0124999899 0.770500064 0.000600025058
v -0.01029999 0.771299958 0.00340013206
v 0.00109999999 0.763100088 -0.0184998736
v 0.00269996934 0.768299997 0.0027000308
v 0.00109999999 0.768000007 -0.0128999725
v 0.00999999046 0.781400084 0.0322000459
v 0.0126000009 0.795399964 0.0453000814
v -0.00690001994 0.789200008 0.0384000689
v -0.000100020319 0.769999981 -0.0341999754
v 0.00109999999 0.768000007 -0.0128999725
v -0.00730002113 0.769699991 -0.0159998685
v 0.0199000202 0.909799993 -0.142199993
v 0.0367000103 0.912299991 -0.140899986
v 0.0364999697 0.898500085 -0.147299975
v 0.00269996934 0.768299997 0.0027000308
v 0.00709998049 0.774100006 0.0189000517
v -0.00169998966 0.760599971 0.0197000578
v -0.01029999 0.771299958 0.00340013206
v -0.00730002113 0.769699991 -0.0159998685
v 0.00109999999 0.768000007 -0.0128999725
v -0.00340002961 0.84160006 -0.145799965
v -0.00470001064 0.825800061 -0.14169997
v -0.0228999853 0.828700006 -0.147699982
v -0.00169998966 0.760599971 0.0197000578
v -0.00290000997 0.771900058 0.0368001014
v -0.0156999826 0.777799964 0.020800069
v -0.0129000004 0.3021999 0.103100047
v -0.0195999742 0.304199994 0.0933000371
v -0.0234000087 0.256199896 0.0941000432
v -0.0129000004 0.3021999 0.103100047
v -0.0174000263 0.254999995 0.102500007
v -0.0109999804 0.255299985 0.107299998
v -0.00629997998 0.30250001 0.108300015
v -0.000500030816 0.349999994 0.107000008
v -0.00720001012 0.350499988 0.100300059
v -0.00720001012 0.350499988 0.100300059
v -0.0129000004 0.352100015 0.0906000659
v -0.0195999742 0.304199994 0.0933000371
v -0.0297999978 0.323300004 -0.0302999839
v -0.0357000194 0.323700011 -0.0222999826
v -0.034600012 0.279100001 -0.0227000043
v -0.0296999812 0.278200001 -0.0290000066
v -0.034600012 0.279100001 -0.0227000043
v -0.03659999 0.23409991 -0.0229000077
v -0.0296999812 0.278200001 -0.0290000066
v -0.0335000157 0.232599914 -0.0276999995
v -0.0296999812 0.233400017 -0.0352000073
v -0.0254999995 0.279299915 -0.037899904
v -0.0253000259 0.324400008 -0.0397999808
v -0.0297999978 0.323300004 -0.0302999839
v -0.00629997998 0.30250001 0.108300015
v -0.0109999804 0.255299985 0.107299998
v -0.00349999033 0.256099999 0.11089997
v 0.00190000981 0.3028 0.112699971
v -0.00349999033 0.256099999 0.11089997
v 0.00669996999 0.256199896 0.114800021
v 0.00190000981 0.3028 0.112699971
v 0.0132999979 0.301400006 0.117499992
v 0.0185999796 0.34740001 0.118499979
v 0.00190000981 0.3028 0.112699971
v 0.00709998049 0.349599898 0.112300023
v -0.000500030816 0.349999994 0.107000008
v -0.0422999784 0.325199902 -0.0164999962
v -0.0536000095 0.325399995 -0.00919989496
v -0.0500999615 0.282199919 -0.0110999942
v -0.0404999778 0.280900002 -0.0176999941
v -0.0500999615 0.282199919 -0.0110999942
v -0.0493000075 0.23740001 -0.0129999965
v -0.0414999723 0.235799998 -0.0183000043
v -0.03659999 0.23409991 -0.0229000077
v -0.034600012 0.279100001 -0.0227000043
v -0.0404999778 0.280900002 -0.0176999941
v -0.034600012 0.279100001 -0.0227000043
v -0.0357000194 0.323700011 -0.0222999826
v -0.0206999779 0.20280005 0.102900013
v -0.0253000259 0.202899992 0.0961000249
v -0.0253999829 0.153699994 0.100500025
v -0.0206999779 0.20280005 0.102900013
v -0.0209000111 0.154500023 0.106900014
v -0.0164999962 0.155300021 0.110500015
v -0.016200006 0.20389998 0.106800005
v -0.0109999804 0.255299985 0.107299998
v -0.0174000263 0.254999995 0.102500007
v -0.0174000263 0.254999995 0.102500007
v -0.0234000087 0.256199896 0.0941000432
v -0.0253000259 0.202899992 0.0961000249
v -0.0335000157 0.232599914 -0.0276999995
v -0.03659999 0.23409991 -0.0229000077
v -0.0389000103 0.186800018 -0.0219000056
v -0.0368000194 0.185700014 -0.0251000002
v -0.0389000103 0.186800018 -0.0219000056
v -0.0394999906 0.144199982 -0.0148000047
v -0.0368000194 0.185700014 -0.0251000002
v -0.0375999808 0.143499985 -0.0176999941
v -0.0353999697 0.143100038 -0.022800006
v -0.0343999788 0.185700014 -0.0308999941
v -0.0296999812 0.233400017 -0.0352000073
v -0.0335000157 0.232599914 -0.0276999995
v -0.016200006 0.20389998 0.106800005
v -0.0164999962 0.155300021 0.110500015
v -0.0111000007 0.156499982 0.113799967
v -0.0100000007 0.205200031 0.110500015
v -0.0111000007 0.156499982 0.113799967
v -0.00349999033 0.156900004 0.115900017
v -0.000800020993 0.2051 0.113599993
v 0.00669996999 0.256199896 0.114800021
v -0.00349999033 0.256099999 0.11089997
v -0.0100000007 0.205200031 0.110500015
v -0.00349999033 0.256099999 0.11089997
v -0.0109999804 0.255299985 0.107299998
v -0.0414999723 0.235799998 -0.0183000043
v -0.0493000075 0.23740001 -0.0129999965
v -0.0489000008 0.190100029 -0.0126000047
v -0.0428000018 0.188200012 -0.0176999941
v -0.0489000008 0.190100029 -0.0126000047
v -0.0472999811 0.14670004 -0.00789999962
v -0.0425000116 0.145600036 -0.0116000026
v -0.0394999906 0.144199982 -0.0148000047
v -0.0389000103 0.186800018 -0.0219000056
v -0.0428000018 0.188200012 -0.0176999941
v -0.0389000103 0.186800018 -0.0219000056
v -0.03659999 0.23409991 -0.0229000077
v -0.00400000997 0.706499994 0.0515000932
v 0.00309997052 0.713199973 0.0703000575
v 0.00559997 0.74330008 0.0485000648
v -0.0164999962 0.731500089 0.00570002943
v -0.0194000006 0.692999959 0.0133000687
v -0.0149000296 0.695200086 -0.00769998133
v -0.0127000306 0.734999955 -0.0385999754
v -0.0106999902 0.753300071 -0.041099973
v -0.0100000007 0.751900077 -0.0205999687
v -0.000899979845 0.734799981 0.0285000876
v -0.00230002962 0.728799999 0.00460002571
v -0.00700003095 0.700299978 0.0270000696
v -0.0144000063 0.700299978 -0.0320999697
v -0.0127000306 0.734999955 -0.0385999754
v -0.0122000007 0.731599987 -0.0164999738
v -0.0122000007 0.731599987 -0.0164999738
v -0.0100000007 0.751900077 -0.0205999687
v -0.0134000201 0.754799962 0.000400029123
v 0.00970000029 0.916400075 -0.137099981
v 0.00919996947 0.907600105 -0.140899986
v -0.00279998966 0.91110009 -0.138299972
v -0.00309997983 0.878800094 -0.146499991
v -0.0026000198 0.896399975 -0.142699987
v 0.00859998912 0.891100109 -0.146399885
v -0.00340002961 0.84160006 -0.145799965
v -0.00320000015 0.860099912 -0.147499889
v 0.00569999032 0.852300107 -0.15049997
v 0.0199000202 0.909799993 -0.142199993
v 0.00919996947 0.907600105 -0.140899986
v 0.00970000029 0.916400075 -0.137099981
v 0.0210999809 0.917600095 -0.138099968
v 0.0375000201 0.918799996 -0.137099981
v 0.0367000103 0.912299991 -0.140899986
v 0.0192000195 0.893599987 -0.148999989
v 0.00859998912 0.891100109 -0.146399885
v 0.00919996947 0.907600105 -0.140899986
v 0.0192000195 0.893599987 -0.148999989
v 0.0364999697 0.898500085 -0.147299975
v 0.0390999913 0.880999863 -0.153599888
v 0.0182999894 0.87559998 -0.153999984
v 0.00669996999 0.872500062 -0.149899989
v 0.00859998912 0.891100109 -0.146399885
v 0.0188999698 0.853700101 -0.155999988
v 0.00569999032 0.852300107 -0.15049997
v 0.00669996999 0.872500062 -0.149899989
v 0.0182999894 0.87559998 -0.153999984
v 0.0390999913 0.880999863 -0.153599888
v 0.0424000025 0.858800113 -0.157199979
v 0.0188999698 0.853700101 -0.155999988
v 0.0424000025 0.858800113 -0.157199979
v 0.0465999767 0.834999859 -0.157099992
v 0.0188999698 0.853700101 -0.155999988
v 0.022700008 0.831499994 -0.154499978
v 0.00660002045 0.831999958 -0.148099989
v 0.00669996999 0.872500062 -0.149899989
v 0.00569999032 0.852300107 -0.15049997
v -0.00320000015 0.860099912 -0.147499889
v -0.00660002977 0.808799982 -0.133599967
v -0.00470001064 0.825800061 -0.14169997
v 0.00809996948 0.813600004 -0.141899973
v -0.00760000944 0.880100012 0.0628000647
v 0.0504000112 0.883599997 0.0577000529
v 0.0476000309 0.89349997 0.0582000837
v -0.00470001064 0.825800061 -0.14169997
v -0.00660002977 0.808799982 -0.133599967
v -0.0263999701 0.810599864 -0.138899982
v 0.127799913 0.906400084 -0.0911999717
v 0.130399913 0.900999963 -0.0947999731
v 0.0985000134 0.911300063 -0.120899878
v -0.00470001064 0.825800061 -0.14169997
v -0.00340002961 0.84160006 -0.145799965
v 0.00660002045 0.831999958 -0.148099989
v -0.0617999993 0.895399988 0.0576000921
v -0.0652999803 0.886399984 0.0572000928
v -0.00760000944 0.880100012 0.0628000647
v -0.0171999931 0.659799993 -0.0489999726
v -0.0195999742 0.706499994 -0.0577999726
v -0.0144000063 0.700299978 -0.0320999697
v -0.0267000198 0.597599983 -0.0617999807
v -0.0278000236 0.662499964 -0.0703999773
v -0.0171999931 0.659799993 -0.0489999726
v -0.00330002047 0.694300056 0.00100002438
v 0.00609998964 0.688399911 -0.0188998654
v 0.00880002975 0.648500085 0.00230012089
v 0.00789998844 0.759600103 0.0329000503
v 0.00160001963 0.750099957 0.0136000663
v -0.000899979845 0.734799981 0.0285000876
v 0.00160001963 0.750099957 0.0136000663
v 0.00109999999 0.745499969 -0.00879997015
v -0.00230002962 0.728799999 0.00460002571
v 0.130399913 0.900999963 -0.0947999731
v 0.133199915 0.888000011 -0.101199977
v 0.101299912 0.898300111 -0.125699967
vt 0.067900002 0.856000006 0
vt 0.0852999613 0.834999979 0
vt 0.0891999602 0.851499975 0
vt 0.108599998 0.849600017 0
vt 0.125599995 0.833500028 0
vt 0.128800005 0.848399997 0
vt 0.110699996 0.859000027 0
vt 0.130899996 0.8653 0
vt 0.112599999 0.867999971 0
vt 0.0944999978 0.871299982 0
vt 0.0697999522 0.866699994 0
vt 0.091899991 0.861500025 0
vt 0.148100004 0.833199978 0
vt 0.150999993 0.847299993 0
vt 0.197500005 0.834699988 0
vt 0.222800002 0.846800029 0
vt 0.199300006 0.846800029 0
vt 0.199000001 0.853600025 0
vt 0.221000001 0.859000027 0
vt 0.197699994 0.860499978 0
vt 0.151600003 0.863600016 0
vt 0.129999906 0.856999993 0
vt 0.151600003 0.855599999 0
vt 0.0822999999 0.818700016 0
vt 0.0613999888 0.807600021 0
vt 0.0812000036 0.804899991 0
vt 0.101599999 0.818300009 0
vt 0.1197 0.804799974 0
vt 0.122000001 0.818499982 0
vt 0.104900002 0.833999991 0
vt 0.0626999736 0.8222 0
vt 0.141299993 0.805299997 0
vt 0.144199997 0.818899989 0
vt 0.193800002 0.822300017 0
vt 0.215700001 0.812300026 0
vt 0.218099996 0.824500024 0
vt 0.699999988 0.707499981 0
vt 0.682699978 0.725199997 0
vt 0.681800008 0.707199991 0
vt 0.641799986 0.705299973 0
vt 0.62440002 0.725700021 0
vt 0.622600019 0.703800023 0
vt 0.640699983 0.684499979 0
vt 0.699699998 0.689300001 0
vt 0.608299971 0.725600004 0
vt 0.60680002 0.703400016 0
vt 0.591700017 0.725499988 0
vt 0.565699995 0.703000009 0
vt 0.590799987 0.703199983 0
vt 0.590399981 0.680299997 0
vt 0.621999979 0.681999981 0
vt 0.683499992 0.745700002 0
vt 0.703199983 0.770200014 0
vt 0.684099972 0.770099998 0
vt 0.646700025 0.770699978 0
vt 0.627300024 0.747600019 0
vt 0.645900011 0.747300029 0
vt 0.643599987 0.725899994 0
vt 0.701200008 0.745000005 0
vt 0.611800015 0.770099998 0
vt 0.610499978 0.747500002 0
vt 0.592999995 0.747200012 0
vt 0.567600012 0.768700004 0
vt 0.566799998 0.746999979 0
vt 0.0507999584 0.860800028 0
vt 0.0332999788 0.846300006 0
vt 0.0480999909 0.842899978 0
vt 0.0525999591 0.872099996 0
vt 0.0719000101 0.877200007 0
vt 0.0542999506 0.88319999 0
vt 0.0360999703 0.876699984 0
vt 0.0460000001 0.825500011 0
vt 0.0321999714 0.811600029 0
vt 0.0447999798 0.809700012 0
vt 0.0649999902 0.838699996 0
vt 0.0320000015 0.828100026 0
vt 0.540400028 0.725499988 0
vt 0.540799975 0.703199983 0
vt 0.520699978 0.725300014 0
vt 0.519900024 0.703100026 0
vt 0.542800009 0.681200027 0
vt 0.566100001 0.680400014 0
vt 0.54369998 0.76880002 0
vt 0.542400002 0.746900022 0
vt 0.522199988 0.76880002 0
vt 0.522499979 0.745400012 0
vt 0.565699995 0.725399971 0
vt 0.245299906 0.847599983 0
vt 0.221300006 0.835900009 0
vt 0.242799893 0.836499989 0
vt 0.281599998 0.850099981 0
vt 0.29519999 0.840900004 0
vt 0.296200007 0.852199972 0
vt 0.281100005 0.85799998 0
vt 0.293199986 0.870500028 0
vt 0.279500008 0.866400003 0
vt 0.244000003 0.860599995 0
vt 0.222399995 0.852800012 0
vt 0.245199993 0.853999972 0
vt 0.306400001 0.842100024 0
vt 0.307099998 0.855099976 0
vt 0.331099987 0.863799989 0
vt 0.343600005 0.84920001 0
vt 0.345499992 0.869499981 0
vt 0.345699996 0.888199985 0
vt 0.330000013 0.895500004 0
vt 0.33129999 0.879899979 0
vt 0.306400001 0.865499973 0
vt 0.295300007 0.860899985 0
vt 0.236300007 0.813799977 0
vt 0.238700002 0.825399995 0
vt 0.274899989 0.828499973 0
vt 0.286799997 0.817700028 0
vt 0.291299999 0.830500007 0
vt 0.279399991 0.838800013 0
vt 0.299800009 0.818499982 0
vt 0.303600013 0.831499994 0
vt 0.327399999 0.832199991 0
vt 0.340499997 0.817399979 0
vt 0.342000008 0.833000004 0
vt 0.329299986 0.846000016 0
vt 0.805100024 0.708899975 0
vt 0.790899992 0.726100028 0
vt 0.79400003 0.708800018 0
vt 0.772000015 0.708400011 0
vt 0.755800009 0.725099981 0
vt 0.759199977 0.708199978 0
vt 0.777400017 0.693700016 0
vt 0.807299972 0.693799973 0
vt 0.745199978 0.707599998 0
vt 0.742999971 0.724699974 0
vt 0.714600027 0.707300007 0
vt 0.700200021 0.724699974 0
vt 0.715300024 0.689599991 0
vt 0.763800025 0.692399979 0
vt 0.788999975 0.745299995 0
vt 0.801400006 0.766900003 0
vt 0.788800001 0.767799973 0
vt 0.765799999 0.769400001 0
vt 0.754599988 0.744599998 0
vt 0.765500009 0.744700015 0
vt 0.767499983 0.725399971 0
vt 0.80309999 0.726400018 0
vt 0.801599979 0.745500028 0
vt 0.742600024 0.744599998 0
vt 0.755400002 0.769800007 0
vt 0.743900001 0.770099998 0
vt 0.717299998 0.770299971 0
vt 0.714999974 0.744700015 0
vt 0.714299977 0.7245 0
vt 0.364899993 0.853600025 0
vt 0.364600003 0.87529999 0
vt 0.387400001 0.85710001 0
vt 0.383700013 0.880299985 0
vt 0.363400012 0.892700016 0
vt 0.378399998 0.908500016 0
vt 0.362800002 0.908500016 0
vt 0.417400002 0.899600029 0
vt 0.396100014 0.909300029 0
vt 0.399699986 0.896799982 0
vt 0.380600005 0.895299971 0
vt 0.409000009 0.860099971 0
vt 0.403499991 0.883000016 0
vt 0.42899999 0.864300013 0
vt 0.422300011 0.886200011 0
vt 0.36559999 0.817300022 0
vt 0.365399987 0.835099995 0
vt 0.390300006 0.836399972 0
vt 0.828999996 0.706399977 0
vt 0.8495 0.724099994 0
vt 0.828400016 0.725600004 0
vt 0.814400017 0.726199985 0
vt 0.815699995 0.708000004 0
vt 0.817600012 0.691399992 0
vt 0.830299973 0.68809998 0
vt 0.849399984 0.703999996 0
vt 0.827899992 0.745299995 0
vt 0.848500013 0.765600026 0
vt 0.827700019 0.765799999 0
vt 0.813300014 0.766200006 0
vt 0.813499987 0.745500028 0
vt 0.84890002 0.744599998 0
vt 0.61559999 0.617399991 0
vt 0.632799983 0.602100015 0
vt 0.630100012 0.618700027 0
vt 0.612500012 0.634899974 0
vt 0.599699974 0.616100013 0
vt 0.571799994 0.632399976 0
vt 0.575100005 0.614300013 0
vt 0.602199972 0.5995 0
vt 0.610199988 0.647000015 0
vt 0.627200007 0.635999978 0
vt 0.625199974 0.648199975 0
vt 0.623300016 0.660899997 0
vt 0.60650003 0.680899978 0
vt 0.608099997 0.659500003 0
vt 0.592100024 0.658500016 0
vt 0.567799985 0.657999992 0
vt 0.569700003 0.644900024 0
vt 0.596599996 0.633899987 0
vt 0.594299972 0.645900011 0
vt 0.681100011 0.606700003 0
vt 0.697700024 0.625100017 0
vt 0.679499984 0.623899996 0
vt 0.697600007 0.643899977 0
vt 0.67900002 0.642499983 0
vt 0.645200014 0.620500028 0
vt 0.647599995 0.603799999 0
vt 0.679199994 0.654999971 0
vt 0.698199987 0.656799972 0
vt 0.698800027 0.669799984 0
vt 0.680899978 0.688199997 0
vt 0.6796 0.667800009 0
vt 0.640799999 0.663299978 0
vt 0.64319998 0.638300002 0
vt 0.641900003 0.650600016 0
vt 0.552100003 0.613499999 0
vt 0.577799976 0.597599983 0
vt 0.549000025 0.632200003 0
vt 0.528999984 0.633599997 0
vt 0.531799972 0.612900019 0
vt 0.555199981 0.595899999 0
vt 0.546800017 0.645099998 0
vt 0.5449 0.658599973 0
vt 0.522099972 0.681999981 0
vt 0.5255 0.657800019 0
vt 0.5273 0.645699978 0
vt 0.74879998 0.629199982 0
vt 0.761500001 0.610400021 0
vt 0.763700008 0.632099986 0
vt 0.750199974 0.648400009 0
vt 0.714699984 0.644400001 0
vt 0.7148 0.625800014 0
vt 0.699400008 0.607500017 0
vt 0.717000008 0.607200027 0
vt 0.750699997 0.662299991 0
vt 0.765900016 0.652100027 0
vt 0.766600013 0.665899992 0
vt 0.766200006 0.677900016 0
vt 0.748399973 0.691100001 0
vt 0.750199974 0.675199986 0
vt 0.715399981 0.67110002 0
vt 0.715200007 0.657800019 0
vt 0.797399998 0.629499972 0
vt 0.800800025 0.602599978 0
vt 0.808099985 0.623000026 0
vt 0.817200005 0.642799973 0
vt 0.802999973 0.650900006 0
vt 0.776000023 0.63349998 0
vt 0.772300005 0.610700011 0
vt 0.813600004 0.663500011 0
vt 0.802100003 0.667699993 0
vt 0.799700022 0.681599975 0
vt 0.796999991 0.694599986 0
vt 0.779299974 0.680700004 0
vt 0.779100001 0.654399991 0
vt 0.779699981 0.668799996 0
vt 0.839999974 0.641600013 0
vt 0.851199985 0.65170002 0
vt 0.836600006 0.656300008 0
vt 0.833199978 0.670899987 0
vt 0.849399984 0.684499979 0
vt 0.810400009 0.679199994 0
vt 0.820900023 0.675300002 0
vt 0.824699998 0.660099983 0
vt 0.829599977 0.643700004 0
vt 0.132100001 0.878499985 0
vt 0.115599997 0.882099986 0
vt 0.134499997 0.892499983 0
vt 0.119199999 0.896899998 0
vt 0.102899998 0.90200001 0
vt 0.075599961 0.89349997 0
vt 0.0985999703 0.886399984 0
vt 0.137199894 0.907000005 0
vt 0.122900002 0.911499977 0
vt 0.126800001 0.926199973 0
vt 0.107500002 0.916899979 0
vt 0.0898999497 0.939700007 0
vt 0.0848999619 0.924799979 0
vt 0.0798999593 0.909600019 0
vt 0.216399997 0.870899975 0
vt 0.193299994 0.872300029 0
vt 0.210999995 0.88499999 0
vt 0.189500004 0.885100007 0
vt 0.150399998 0.876299977 0
vt 0.206100002 0.899999976 0
vt 0.186800003 0.899500012 0
vt 0.202600002 0.914699972 0
vt 0.185499996 0.914200008 0
vt 0.151899904 0.903500021 0
vt 0.140200004 0.921800017 0
vt 0.150600001 0.889299989 0
vt 0.0573999807 0.900200009 0
vt 0.061099939 0.916400015 0
vt 0.0404999815 0.905799985 0
vt 0.0374999605 0.887199998 0
vt 0.0653999969 0.932099998 0
vt 0.0695999786 0.947899997 0
vt 0.0481999516 0.939599991 0
vt 0.0440999791 0.923099995 0
vt 0.28549999 0.887000024 0
vt 0.272899985 0.881299973 0
vt 0.275099993 0.902899981 0
vt 0.263099998 0.896700025 0
vt 0.231600001 0.887300014 0
vt 0.239199907 0.873000026 0
vt 0.253300011 0.912100017 0
vt 0.264400005 0.918799996 0
vt 0.244800001 0.928200006 0
vt 0.218700007 0.916999996 0
vt 0.2245 0.902199984 0
vt 0.326499999 0.914900005 0
vt 0.317799985 0.907999992 0
vt 0.311300009 0.924300015 0
vt 0.30309999 0.918900013 0
vt 0.284999996 0.908299983 0
vt 0.296600014 0.893700004 0
vt 0.3046 0.876699984 0
vt 0.299199998 0.937099993 0
vt 0.290300012 0.932299972 0
vt 0.279500008 0.949899971 0
vt 0.273400009 0.923600018 0
vt 0.254799992 0.935899973 0
vt 0.332399994 0.924700022 0
vt 0.34709999 0.921400011 0
vt 0.934499979 0.208299905 0
vt 0.921800017 0.206799999 0
vt 0.930999994 0.1998 0
vt 0.945500016 0.201000005 0
vt 0.300000012 0.95569998 0
vt 0.308899999 0.941799998 0
vt 0.319499999 0.931400001 0
vt 0.958100021 0.194800004 0
vt 0.941200018 0.192699999 0
vt 0.952899992 0.186399907 0
vt 0.965300024 0.180999905 0
vt 0.971499979 0.189400002 0
vt 0.437400013 0.934800029 0
vt 0.457300007 0.9278 0
vt 0.451000005 0.940500021 0
vt 0.927299976 0.594900012 0
vt 0.919200003 0.6153 0
vt 0.913200021 0.602100015 0
vt 0.841700017 0.245399997 0
vt 0.832199991 0.225600004 0
vt 0.843900025 0.227500007 0
vt 0.854499996 0.245900005 0
vt 0.881600022 0.612100005 0
vt 0.866999984 0.631600022 0
vt 0.865400016 0.616699994 0
vt 0.852299988 0.637300014 0
vt 0.852999985 0.621599972 0
vt 0.786899984 0.222200006 0
vt 0.801400006 0.213100001 0
vt 0.796599984 0.226600006 0
vt 0.81099999 0.217500001 0
vt 0.806999981 0.232299998 0
vt 0.843200028 0.625100017 0
vt 0.835600019 0.625899971 0
vt 0.827700019 0.623399973 0
vt 0.768999994 0.208299905 0
vt 0.780499995 0.201800004 0
vt 0.773699999 0.213799998 0
vt 0.778900027 0.217899993 0
vt 0.792800009 0.209399894 0
vt 0.818799973 0.611800015 0
vt 0.810899973 0.595600009 0
vt 0.755599976 0.186700001 0
vt 0.769800007 0.188600004 0
vt 0.762799978 0.198699996 0
vt 0.776000023 0.196899995 0
vt 0.903699994 0.621500015 0
vt 0.898400009 0.608299971 0
vt 0.885800004 0.62620002 0
vt 0.821099997 0.222100005 0
vt 0.817700028 0.238499895 0
vt 0.829299986 0.243000001 0
vt 0.361699998 0.921199977 0
vt 0.344199985 0.906899989 0
vt 0.375400007 0.921800017 0
vt 0.914099991 0.224399999 0
vt 0.900699973 0.216999993 0
vt 0.910899997 0.212799996 0
vt 0.925199986 0.216800004 0
vt 0.390300006 0.922999978 0
vt 0.406500012 0.924700022 0
vt 0.892700016 0.235300004 0
vt 0.879700005 0.223499998 0
vt 0.890399992 0.219899997 0
vt 0.903400004 0.230599895 0
vt 0.888499975 0.206200004 0
vt 0.878499985 0.208900005 0
vt 0.907400012 0.200299993 0
vt 0.897899985 0.203700006 0
vt 0.824199975 0.2086 0
vt 0.814599991 0.204899997 0
vt 0.783299983 0.186000004 0
vt 0.776899993 0.179000005 0
vt 0.762099981 0.178299993 0
vt 0.768899977 0.1699 0
vt 0.798399985 0.197099999 0
vt 0.78549999 0.205500007 0
vt 0.791800022 0.193200007 0
vt 0.787500024 0.189999893 0
vt 0.805800021 0.200800002 0
vt 0.845600009 0.212599903 0
vt 0.855700016 0.227699906 0
vt 0.834500015 0.211199895 0
vt 0.42840001 0.916400015 0
vt 0.422300011 0.929199994 0
vt 0.443300009 0.921999991 0
vt 0.867999971 0.244299993 0
vt 0.867999971 0.226300001 0
vt 0.880999982 0.240500003 0
vt 0.948099971 0.177900001 0
vt 0.936800003 0.184300005 0
vt 0.926599979 0.190500006 0
vt 0.917400002 0.195800006 0
vt 0.867900014 0.211199895 0
vt 0.856700003 0.212500006 0
vt 0.923699975 0.702600002 0
vt 0.898100019 0.69569999 0
vt 0.91960001 0.688199997 0
vt 0.895099998 0.675000012 0
vt 0.915499985 0.66930002 0
vt 0.938499987 0.680999994 0
vt 0.941699982 0.693400025 0
vt 0.892499983 0.653999984 0
vt 0.911499977 0.647899985 0
vt 0.889299989 0.639699996 0
vt 0.907700002 0.63410002 0
vt 0.924000025 0.628199995 0
vt 0.934199989 0.663500011 0
vt 0.958199978 0.687300026 0
vt 0.955600023 0.675000012 0
vt 0.951799989 0.657500029 0
vt 0.474599987 0.882300019 0
vt 0.46509999 0.860700011 0
vt 0.480199993 0.866699994 0
vt 0.469500005 0.848699987 0
vt 0.484200001 0.855799973 0
vt 0.92869997 0.642400026 0
vt 0.945599973 0.635900021 0
vt 0.939999998 0.621299982 0
vt 0.934099972 0.608200014 0
vt 0.462500006 0.915400028 0
vt 0.448199987 0.910000026 0
vt 0.467700005 0.901799977 0
vt 0.459399998 0.877200007 0
vt 0.0814999864 0.791100025 0
vt 0.0612999685 0.772300005 0
vt 0.0814999864 0.772599995 0
vt 0.100100003 0.773000002 0
vt 0.118799999 0.790199995 0
vt 0.0998999998 0.790499985 0
vt 0.100100003 0.8046 0
vt 0.0612999685 0.792699993 0
vt 0.904299974 0.765699983 0
vt 0.89349997 0.741900027 0
vt 0.907199979 0.743799984 0
vt 0.90170002 0.716799974 0
vt 0.915600002 0.723699987 0
vt 0.914799988 0.745700002 0
vt 0.91170001 0.765699983 0
vt 0.929499984 0.709900022 0
vt 0.923200011 0.727400005 0
vt 0.944800019 0.700500011 0
vt 0.934899986 0.714399993 0
vt 0.960399985 0.694999993 0
vt 0.948199987 0.70599997 0
vt 0.486299992 0.848699987 0
vt 0.472200006 0.840799987 0
vt 0.487899989 0.842499971 0
vt 0.44569999 0.796199977 0
vt 0.458499998 0.811500013 0
vt 0.450700015 0.815199971 0
vt 0.434300005 0.797299981 0
vt 0.444200009 0.776300013 0
vt 0.453999996 0.776300013 0
vt 0.454899997 0.794700027 0
vt 0.871999979 0.680100024 0
vt 0.850199997 0.666400015 0
vt 0.870400012 0.660700023 0
vt 0.868600011 0.645799994 0
vt 0.873600006 0.700500011 0
vt 0.874499977 0.721300006 0
vt 0.871299982 0.765500009 0
vt 0.872200012 0.743300021 0
vt 0.890999973 0.765500009 0
vt 0.416200012 0.818199992 0
vt 0.413399994 0.83859998 0
vt 0.439599991 0.821699977 0
vt 0.434599996 0.842899978 0
vt 0.460500002 0.830200016 0
vt 0.474900007 0.834500015 0
vt 0.45629999 0.837800026 0
vt 0.4648 0.825100005 0
vt 0.140100002 0.790300012 0
vt 0.119099997 0.773199975 0
vt 0.140599996 0.772800028 0
vt 0.189099997 0.79369998 0
vt 0.212699994 0.775900006 0
vt 0.2139 0.796800017 0
vt 0.190799996 0.809400022 0
vt 0.0441999994 0.793299973 0
vt 0.0256999694 0.772499979 0
vt 0.0438999496 0.772199988 0
vt 0.0296999793 0.79400003 0
vt 0.233500004 0.777400017 0
vt 0.234599993 0.799300015 0
vt 0.268700004 0.801400006 0
vt 0.282499999 0.778500021 0
vt 0.282900006 0.801299989 0
vt 0.271600008 0.816600025 0
vt 0.295599997 0.778599977 0
vt 0.296200007 0.801299989 0
vt 0.323000014 0.800400019 0
vt 0.337000012 0.77759999 0
vt 0.33829999 0.799600005 0
vt 0.325500011 0.818099976 0
vt 0.364800006 0.798099995 0
vt 0.364100009 0.77670002 0
vt 0.391600013 0.776499987 0
vt 0.39199999 0.797100008 0
vt 0.414700001 0.776499987 0
vt 0.415399998 0.796899974 0
vt 0.432599992 0.77640003 0
vt 0.39199999 0.817200005 0
vt 0.451400012 0.852100015 0
vt 0.445499986 0.870700002 0
vt 0.433499992 0.904500008 0
vt 0.412800014 0.911599994 0
vt 0.438699991 0.89139998 0
vt 0.453000009 0.896899998 0
vt 0.949699998 0.208700001 0
vt 0.942099988 0.224600002 0
vt 0.937600017 0.216600001 0
vt 0.927299976 0.226099998 0
vt 0.963199973 0.202199906 0
vt 0.984600008 0.204099998 0
vt 0.968599975 0.2095 0
vt 0.83950001 0.263999999 0
vt 0.851899981 0.282099992 0
vt 0.837000012 0.281300008 0
vt 0.8222 0.278299987 0
vt 0.826200008 0.261299998 0
vt 0.802399993 0.247500002 0
vt 0.782100022 0.251899987 0
vt 0.790899992 0.239999995 0
vt 0.780499995 0.234500006 0
vt 0.772199988 0.229699999 0
vt 0.770799994 0.245700002 0
vt 0.761900008 0.241099998 0
vt 0.766900003 0.225299999 0
vt 0.751100004 0.230499998 0
vt 0.762300014 0.219400004 0
vt 0.746999979 0.216999993 0
vt 0.756200016 0.208000004 0
vt 0.74150002 0.200599998 0
vt 0.74940002 0.194000006 0
vt 0.808099985 0.272199988 0
vt 0.813799977 0.255800009 0
vt 0.795099974 0.261700004 0
vt 0.916199982 0.235200003 0
vt 0.930800021 0.235499993 0
vt 0.920099974 0.246000007 0
vt 0.905399978 0.243399993 0
vt 0.894699991 0.25060001 0
vt 0.90990001 0.255899996 0
vt 0.898299992 0.266200006 0
vt 0.882200003 0.257999986 0
vt 0.868200004 0.280600011 0
vt 0.867799997 0.262699991 0
vt 0.853200018 0.264600009 0
vt 0.0847999975 0.710600019 0
vt 0.0665999576 0.688600004 0
vt 0.0896999836 0.694000006 0
vt 0.109200001 0.696699977 0
vt 0.122699998 0.712899983 0
vt 0.103 0.712100029 0
vt 0.114699997 0.67750001 0
vt 0.131999999 0.689199984 0
vt 0.112199999 0.68690002 0
vt 0.0928999707 0.683899999 0
vt 0.0715999603 0.667100012 0
vt 0.0960999727 0.674099982 0
vt 0.148100004 0.71390003 0
vt 0.129600003 0.698599994 0
vt 0.153300002 0.700399995 0
vt 0.204300001 0.702000022 0
vt 0.224600002 0.712800026 0
vt 0.200599998 0.71390003 0
vt 0.204799995 0.694800019 0
vt 0.229800001 0.68809998 0
vt 0.230100006 0.694999993 0
vt 0.154499993 0.683399975 0
vt 0.154400006 0.691799998 0
vt 0.0804999992 0.727100015 0
vt 0.0591999814 0.737800002 0
vt 0.060599979 0.723100007 0
vt 0.119099997 0.728699982 0
vt 0.0982999802 0.742799997 0
vt 0.0988999605 0.728399992 0
vt 0.0633999705 0.70630002 0
vt 0.144999996 0.741699994 0
vt 0.145099893 0.727599978 0
vt 0.198200002 0.723800004 0
vt 0.219799906 0.735800028 0
vt 0.196099907 0.737699986 0
vt 0.222200006 0.722100019 0
vt 0.6875 0.813899994 0
vt 0.705200016 0.830200016 0
vt 0.686699986 0.831399977 0
vt 0.645500004 0.833800018 0
vt 0.627099991 0.81370002 0
vt 0.647199988 0.813899994 0
vt 0.644400001 0.853600025 0
vt 0.625400007 0.834900022 0
vt 0.70450002 0.847000003 0
vt 0.685400009 0.849099994 0
vt 0.608799994 0.834900022 0
vt 0.567300022 0.835200012 0
vt 0.592400014 0.812600017 0
vt 0.592100024 0.834999979 0
vt 0.568000019 0.858299971 0
vt 0.625 0.855700016 0
vt 0.608799994 0.856899977 0
vt 0.687300026 0.79400003 0
vt 0.705200016 0.79430002 0
vt 0.629400015 0.792200029 0
vt 0.648800015 0.792999983 0
vt 0.70539999 0.813600004 0
vt 0.611500025 0.791499972 0
vt 0.628700018 0.770500004 0
vt 0.567200005 0.790499985 0
vt 0.593900025 0.769400001 0
vt 0.593299985 0.790899992 0
vt 0.567099988 0.8125 0
vt 0.609799981 0.813000023 0
vt 0.0470999405 0.681699991 0
vt 0.0273999497 0.699699998 0
vt 0.0284000002 0.673099995 0
vt 0.0456999503 0.701799989 0
vt 0.0481999516 0.67019999 0
vt 0.0689999983 0.6778 0
vt 0.0291000009 0.663200021 0
vt 0.0496000014 0.659200013 0
vt 0.0429999791 0.735300004 0
vt 0.0268999897 0.716600001 0
vt 0.0442999601 0.719399989 0
vt 0.543600023 0.835500002 0
vt 0.521300018 0.836600006 0
vt 0.543299973 0.812600017 0
vt 0.522899985 0.857500017 0
vt 0.54430002 0.85799998 0
vt 0.543500006 0.790400028 0
vt 0.519699991 0.813600004 0
vt 0.520900011 0.790799975 0
vt 0.246999994 0.709299982 0
vt 0.229000002 0.701699972 0
vt 0.250400007 0.697899997 0
vt 0.298299998 0.691500008 0
vt 0.282999992 0.70599997 0
vt 0.28459999 0.692700028 0
vt 0.28490001 0.685000002 0
vt 0.296700001 0.675199986 0
vt 0.298000008 0.683000028 0
vt 0.2509 0.684300005 0
vt 0.251199991 0.691100001 0
vt 0.310900003 0.690500021 0
vt 0.297399998 0.705799997 0
vt 0.336600006 0.684599996 0
vt 0.347900003 0.700699985 0
vt 0.335000008 0.703000009 0
vt 0.333299994 0.670300007 0
vt 0.343400002 0.649100006 0
vt 0.34830001 0.663399994 0
vt 0.308699995 0.680299997 0
vt 0.305999994 0.67110002 0
vt 0.241500005 0.733299971 0
vt 0.244900003 0.720099986 0
vt 0.280600011 0.718299985 0
vt 0.292100012 0.731700003 0
vt 0.2773 0.73150003 0
vt 0.294800013 0.717999995 0
vt 0.30430001 0.732299984 0
vt 0.307099998 0.718299985 0
vt 0.330900013 0.717199981 0
vt 0.342099994 0.733699977 0
vt 0.327899992 0.733399987 0
vt 0.344799995 0.716499984 0
vt 0.310299993 0.70599997 0
vt 0.791800022 0.806999981 0
vt 0.805599988 0.824999988 0
vt 0.7949 0.824999988 0
vt 0.775699973 0.825600028 0
vt 0.760200024 0.810400009 0
vt 0.770600021 0.809400022 0
vt 0.780300021 0.840900004 0
vt 0.764900029 0.826399982 0
vt 0.798799992 0.841899991 0
vt 0.747900009 0.811500013 0
vt 0.75120002 0.827600002 0
vt 0.720000029 0.829599977 0
vt 0.719500005 0.813199997 0
vt 0.720700026 0.845899999 0
vt 0.769500017 0.841300011 0
vt 0.754999995 0.842800021 0
vt 0.802100003 0.786899984 0
vt 0.789900005 0.788200021 0
vt 0.767799973 0.790700018 0
vt 0.757700026 0.791599989 0
vt 0.80339998 0.805999994 0
vt 0.746200025 0.792400002 0
vt 0.719099998 0.793900013 0
vt 0.366699994 0.698400021 0
vt 0.350199997 0.680000007 0
vt 0.367300004 0.675899982 0
vt 0.384299994 0.674600005 0
vt 0.366400003 0.660700023 0
vt 0.379299998 0.649699986 0
vt 0.381900012 0.660899997 0
vt 0.364199996 0.648699999 0
vt 0.398699999 0.659300029 0
vt 0.411300004 0.64380002 0
vt 0.416399986 0.655300021 0
vt 0.394699991 0.647800028 0
vt 0.402999997 0.672500014 0
vt 0.387600005 0.697300017 0
vt 0.421600014 0.668299973 0
vt 0.409099996 0.694400012 0
vt 0.367000014 0.734099984 0
vt 0.3671 0.716700017 0
vt 0.391000003 0.717100024 0
vt 0.828999996 0.826499999 0
vt 0.8495 0.806900024 0
vt 0.849399984 0.827700019 0
vt 0.814499974 0.805700004 0
vt 0.815900028 0.825600028 0
vt 0.809199989 0.842700005 0
vt 0.830600023 0.846300006 0
vt 0.827899992 0.786000013 0
vt 0.84890002 0.786499977 0
vt 0.81370002 0.786199987 0
vt 0.828400016 0.805899978 0
vt 0.619499981 0.921199977 0
vt 0.637899995 0.936500013 0
vt 0.622900009 0.938399971 0
vt 0.615800023 0.903199971 0
vt 0.634500027 0.91960001 0
vt 0.603299975 0.922999978 0
vt 0.574299991 0.906599998 0
vt 0.599600017 0.904799998 0
vt 0.582000017 0.943099976 0
vt 0.578299999 0.925199986 0
vt 0.613300025 0.890600026 0
vt 0.631099999 0.901499987 0
vt 0.626600027 0.87620002 0
vt 0.610899985 0.877699971 0
vt 0.594600022 0.879199982 0
vt 0.592499971 0.857900023 0
vt 0.57190001 0.89349997 0
vt 0.597000003 0.892199993 0
vt 0.702300012 0.911199987 0
vt 0.686600029 0.930100024 0
vt 0.684300005 0.913100004 0
vt 0.701799989 0.892400026 0
vt 0.649999976 0.917400002 0
vt 0.647499979 0.899100006 0
vt 0.652899981 0.934199989 0
vt 0.683399975 0.881799996 0
vt 0.683399975 0.894500017 0
vt 0.703100026 0.866299987 0
vt 0.683799982 0.868900001 0
vt 0.644699991 0.87379998 0
vt 0.628799975 0.888999999 0
vt 0.646000028 0.886600018 0
vt 0.556699991 0.9454 0
vt 0.554099977 0.926500022 0
vt 0.525200009 0.905900002 0
vt 0.550000012 0.906799972 0
vt 0.529299974 0.929099977 0
vt 0.547699988 0.893400013 0
vt 0.569800019 0.880100012 0
vt 0.545799971 0.879599988 0
vt 0.524100006 0.893000007 0
vt 0.755400002 0.905099988 0
vt 0.767499983 0.924799979 0
vt 0.754800022 0.924799979 0
vt 0.756600022 0.886099994 0
vt 0.76910001 0.903900027 0
vt 0.719900012 0.909099996 0
vt 0.719900012 0.890500009 0
vt 0.704599977 0.928600013 0
vt 0.757200003 0.871800005 0
vt 0.770900011 0.884500027 0
vt 0.771499991 0.856700003 0
vt 0.756900012 0.858399987 0
vt 0.720700026 0.863799989 0
vt 0.702300012 0.879400015 0
vt 0.720399976 0.876999974 0
vt 0.797699988 0.905799985 0
vt 0.798900008 0.92930001 0
vt 0.792999983 0.927100003 0
vt 0.80309999 0.885999978 0
vt 0.806200027 0.909200013 0
vt 0.780099988 0.903800011 0
vt 0.782199979 0.884199977 0
vt 0.777700007 0.925199986 0
vt 0.815500021 0.872399986 0
vt 0.80400002 0.871200025 0
vt 0.802600026 0.857800007 0
vt 0.813199997 0.858799994 0
vt 0.782700002 0.856599987 0
vt 0.771700025 0.870100021 0
vt 0.783100009 0.869899988 0
vt 0.851999998 0.879199982 0
vt 0.840600014 0.887600005 0
vt 0.837199986 0.875699997 0
vt 0.833800018 0.863099992 0
vt 0.849300027 0.848200023 0
vt 0.850300014 0.86619997 0
vt 0.818700016 0.844399989 0
vt 0.822700024 0.860700011 0
vt 0.82950002 0.886699975 0
vt 0.826099992 0.873700023 0
vt 0.118199997 0.664200008 0
vt 0.133399993 0.680199981 0
vt 0.122299999 0.649900019 0
vt 0.135199994 0.667800009 0
vt 0.100900002 0.659600019 0
vt 0.0830999613 0.634800017 0
vt 0.106200002 0.64410001 0
vt 0.0764999911 0.651300013 0
vt 0.141399994 0.640999973 0
vt 0.126900002 0.635699987 0
vt 0.131899998 0.620999992 0
vt 0.111699902 0.629299998 0
vt 0.0959999487 0.603999972 0
vt 0.1175 0.614600003 0
vt 0.0893999934 0.619199991 0
vt 0.225199893 0.675599992 0
vt 0.203999907 0.687699974 0
vt 0.200100005 0.675599992 0
vt 0.217899993 0.662500024 0
vt 0.154599994 0.658800006 0
vt 0.153899997 0.671299994 0
vt 0.211700007 0.648899972 0
vt 0.195299998 0.663100004 0
vt 0.192300007 0.649500012 0
vt 0.207800001 0.63440001 0
vt 0.156499997 0.645099998 0
vt 0.145300001 0.626399994 0
vt 0.159299999 0.630500019 0
vt 0.137999997 0.654799998 0
vt 0.0529999696 0.642400026 0
vt 0.0590999685 0.625 0
vt 0.0342999585 0.61589998 0
vt 0.0297999904 0.653400004 0
vt 0.0307999793 0.634000003 0
vt 0.0661000013 0.608500004 0
vt 0.0744000003 0.592400014 0
vt 0.0499999486 0.579599977 0
vt 0.0417000018 0.598999977 0
vt 0.289499998 0.664300025 0
vt 0.284200013 0.6778 0
vt 0.277399987 0.666499972 0
vt 0.280099988 0.649399996 0
vt 0.237900004 0.659300029 0
vt 0.245800003 0.672200024 0
vt 0.270599991 0.631799996 0
vt 0.26879999 0.6523 0
vt 0.259499997 0.636099994 0
vt 0.251599997 0.619799972 0
vt 0.223199993 0.631099999 0
vt 0.229100004 0.645699978 0
vt 0.324000001 0.643400013 0
vt 0.328200012 0.658299983 0
vt 0.316700011 0.649299979 0
vt 0.309700012 0.631799996 0
vt 0.289499998 0.644699991 0
vt 0.299499989 0.659500003 0
vt 0.292800009 0.620599985 0
vt 0.304100007 0.635800004 0
vt 0.283399999 0.603699982 0
vt 0.297899991 0.618200004 0
vt 0.279500008 0.627600014 0
vt 0.261999995 0.614400029 0
vt 0.270399988 0.609899998 0
vt 0.315899998 0.626299977 0
vt 0.328999996 0.634800017 0
vt 0.345200002 0.639100015 0
vt 0.784099996 0.349599987 0
vt 0.798200011 0.346799999 0
vt 0.79339999 0.359600008 0
vt 0.772300005 0.340200007 0
vt 0.788500011 0.338200003 0
vt 0.296700001 0.601199985 0
vt 0.304199994 0.61589998 0
vt 0.758599997 0.333299994 0
vt 0.778100014 0.32949999 0
vt 0.753600001 0.316100001 0
vt 0.765999973 0.322400004 0
vt 0.911599994 0.181199998 0
vt 0.917999983 0.172600001 0
vt 0.92019999 0.178399995 0
vt 0.87650001 0.190200001 0
vt 0.86680001 0.186700001 0
vt 0.87559998 0.185499996 0
vt 0.455300003 0.62559998 0
vt 0.435099989 0.619700015 0
vt 0.448500007 0.613200009 0
vt 0.926500022 0.93629998 0
vt 0.917999983 0.916100025 0
vt 0.933300018 0.923300028 0
vt 0.877699971 0.361900002 0
vt 0.89319998 0.379299998 0
vt 0.880500019 0.381900012 0
vt 0.867699981 0.382499993 0
vt 0.86680001 0.908500016 0
vt 0.885999978 0.902700007 0
vt 0.882300019 0.915000021 0
vt 0.853999972 0.903599977 0
vt 0.868700027 0.895900011 0
vt 0.91960001 0.346199989 0
vt 0.937600017 0.359400004 0
vt 0.927299976 0.363200009 0
vt 0.910000026 0.350600004 0
vt 0.843400002 0.90109998 0
vt 0.834800005 0.900900006 0
vt 0.816500008 0.889500022 0
vt 0.940900028 0.337500006 0
vt 0.9551 0.346599996 0
vt 0.950500011 0.352100015 0
vt 0.945599973 0.35589999 0
vt 0.928799987 0.343400002 0
vt 0.936100006 0.340799987 0
vt 0.825699985 0.903999984 0
vt 0.814899981 0.916899979 0
vt 0.952199996 0.324000001 0
vt 0.969200015 0.323700011 0
vt 0.961899996 0.336299986 0
vt 0.945500016 0.332599998 0
vt 0.902899981 0.909500003 0
vt 0.912400007 0.92900002 0
vt 0.898000002 0.921899974 0
vt 0.9005 0.355599999 0
vt 0.916100025 0.368800014 0
vt 0.904999971 0.374900013 0
vt 0.889599979 0.359600008 0
vt 0.361400008 0.639999986 0
vt 0.375499994 0.639299989 0
vt 0.804899991 0.366100013 0
vt 0.820599973 0.352100015 0
vt 0.817200005 0.369399995 0
vt 0.808899999 0.351099998 0
vt 0.389800012 0.636699975 0
vt 0.405400008 0.632300019 0
vt 0.828599989 0.373800009 0
vt 0.841600001 0.358700007 0
vt 0.840600014 0.378199995 0
vt 0.83099997 0.355399996 0
vt 0.832700014 0.339399993 0
vt 0.823000014 0.336199999 0
vt 0.842299998 0.342099994 0
vt 0.825800002 0.316199988 0
vt 0.821699977 0.307599992 0
vt 0.82950002 0.309399992 0
vt 0.900099993 0.316500008 0
vt 0.888999999 0.311500013 0
vt 0.897499979 0.308899999 0
vt 0.812900007 0.335000008 0
vt 0.803600013 0.331999987 0
vt 0.923500001 0.305599988 0
vt 0.917800009 0.300700009 0
vt 0.921000004 0.298700005 0
vt 0.940900028 0.289799988 0
vt 0.930000007 0.291799992 0
vt 0.935699999 0.285600007 0
vt 0.886699975 0.342400014 0
vt 0.896700025 0.339300007 0
vt 0.907800019 0.313199997 0
vt 0.905399978 0.305900007 0
vt 0.781300008 0.298900008 0
vt 0.792800009 0.298799992 0
vt 0.791499972 0.306699991 0
vt 0.937699974 0.319200009 0
vt 0.944199979 0.312099993 0
vt 0.960300028 0.313499987 0
vt 0.852900028 0.32249999 0
vt 0.845099986 0.314300001 0
vt 0.853200018 0.315200001 0
vt 0.872799993 0.32190001 0
vt 0.862100005 0.315299988 0
vt 0.871299982 0.314599991 0
vt 0.922299981 0.328700006 0
vt 0.928799987 0.326000005 0
vt 0.933300018 0.323199987 0
vt 0.919799984 0.307900012 0
vt 0.911499977 0.303600013 0
vt 0.913800001 0.310499996 0
vt 0.905600011 0.335399985 0
vt 0.914200008 0.331499994 0
vt 0.88380003 0.183300003 0
vt 0.885599971 0.188299999 0
vt 0.79369998 0.172600001 0
vt 0.798900008 0.169699997 0
vt 0.796800017 0.174899906 0
vt 0.87559998 0.344399989 0
vt 0.865700006 0.362399995 0
vt 0.864300013 0.344999999 0
vt 0.806200027 0.181500003 0
vt 0.814199984 0.179299995 0
vt 0.811600029 0.185000002 0
vt 0.837499976 0.193000004 0
vt 0.848500013 0.185800001 0
vt 0.84799999 0.193599895 0
vt 0.426699996 0.638100028 0
vt 0.42050001 0.62620002 0
vt 0.441300005 0.632000029 0
vt 0.853399992 0.361299992 0
vt 0.854099989 0.381300002 0
vt 0.760999978 0.305500001 0
vt 0.772599995 0.312000006 0
vt 0.783900023 0.319200009 0
vt 0.819400012 0.189199999 0
vt 0.831099987 0.183400005 0
vt 0.828199983 0.191400006 0
vt 0.930800021 0.173299998 0
vt 0.929700017 0.166199997 0
vt 0.794099987 0.326299995 0
vt 0.823099971 0.181400001 0
vt 0.786899984 0.166700006 0
vt 0.795799971 0.167199999 0
vt 0.941500008 0.166700006 0
vt 0.939599991 0.159899995 0
vt 0.838999987 0.184699997 0
vt 0.779200017 0.158600003 0
vt 0.790000021 0.161200002 0
vt 0.891900003 0.181099996 0
vt 0.89410001 0.186199993 0
vt 0.952199996 0.159299999 0
vt 0.947899997 0.154200003 0
vt 0.902700007 0.183500007 0
vt 0.908699989 0.175899997 0
vt 0.899800003 0.178399995 0
vt 0.857599974 0.193000004 0
vt 0.867500007 0.192000002 0
vt 0.811100006 0.314599991 0
vt 0.80430001 0.3037 0
vt 0.81370002 0.306499988 0
vt 0.818300009 0.315100014 0
vt 0.834900022 0.319000006 0
vt 0.837499976 0.312000006 0
vt 0.862500012 0.322600007 0
vt 0.770900011 0.290699989 0
vt 0.783200026 0.291900009 0
vt 0.933300018 0.297800004 0
vt 0.924399972 0.296900004 0
vt 0.801900029 0.31220001 0
vt 0.883000016 0.320199996 0
vt 0.891700029 0.318599999 0
vt 0.880599976 0.313199997 0
vt 0.843400002 0.321099997 0
vt 0.853100002 0.344199985 0
vt 0.8574 0.186499998 0
vt 0.800000012 0.177300006 0
vt 0.808000028 0.176499993 0
vt 0.898199975 0.835699975 0
vt 0.923200011 0.828999996 0
vt 0.91900003 0.843400002 0
vt 0.894800007 0.856299996 0
vt 0.93720001 0.850399971 0
vt 0.914699972 0.862100005 0
vt 0.940699995 0.838100016 0
vt 0.891099989 0.877300024 0
vt 0.910300016 0.883400023 0
vt 0.888499975 0.890799999 0
vt 0.906599998 0.897099972 0
vt 0.932500005 0.867799997 0
vt 0.927299976 0.888800025 0
vt 0.957000017 0.844299972 0
vt 0.954200029 0.85650003 0
vt 0.479499996 0.68629998 0
vt 0.458799988 0.675999999 0
vt 0.473699987 0.670700014 0
vt 0.483399987 0.6972 0
vt 0.46450001 0.692300022 0
vt 0.950200021 0.873899996 0
vt 0.944400012 0.895500004 0
vt 0.922699988 0.903100014 0
vt 0.93900001 0.910099983 0
vt 0.460900009 0.637899995 0
vt 0.451900005 0.656499982 0
vt 0.466500014 0.65140003 0
vt 0.0798000023 0.755200028 0
vt 0.0599999987 0.753000021 0
vt 0.120200001 0.757499993 0
vt 0.0992999598 0.756600022 0
vt 0.119999997 0.742999971 0
vt 0.0783999488 0.74150002 0
vt 0.89349997 0.788800001 0
vt 0.906799972 0.787400007 0
vt 0.901799977 0.814400017 0
vt 0.914600015 0.785700023 0
vt 0.915300012 0.807699978 0
vt 0.92900002 0.82160002 0
vt 0.922900021 0.80400002 0
vt 0.934400022 0.816999972 0
vt 0.944100022 0.83069998 0
vt 0.959500015 0.836300015 0
vt 0.947700024 0.825600028 0
vt 0.961899996 0.830799997 0
vt 0.485599995 0.704599977 0
vt 0.468800008 0.704200029 0
vt 0.486699998 0.710099995 0
vt 0.471599996 0.712000012 0
vt 0.445499986 0.756299973 0
vt 0.457500011 0.74089998 0
vt 0.454699993 0.757700026 0
vt 0.434100002 0.755400002 0
vt 0.449800014 0.737500012 0
vt 0.871900022 0.851300001 0
vt 0.870199978 0.870700002 0
vt 0.869400024 0.884199977 0
vt 0.853600025 0.890699983 0
vt 0.873600006 0.830600023 0
vt 0.874499977 0.809599996 0
vt 0.872300029 0.787599981 0
vt 0.413800001 0.71509999 0
vt 0.392699987 0.735599995 0
vt 0.434199989 0.710300028 0
vt 0.416399986 0.735000014 0
vt 0.459899992 0.72240001 0
vt 0.473500013 0.717000008 0
vt 0.463200003 0.726800025 0
vt 0.455799997 0.714999974 0
vt 0.438600004 0.731299996 0
vt 0.143700004 0.756799996 0
vt 0.193399996 0.754100025 0
vt 0.188700005 0.773999989 0
vt 0.216999993 0.752799988 0
vt 0.0244999509 0.749899983 0
vt 0.0429999791 0.75150001 0
vt 0.0251999404 0.734099984 0
vt 0.238199994 0.750699997 0
vt 0.273499995 0.749100029 0
vt 0.26789999 0.778599977 0
vt 0.288399994 0.749499977 0
vt 0.300599992 0.750500023 0
vt 0.324699998 0.752499998 0
vt 0.32159999 0.778199971 0
vt 0.339300007 0.753400028 0
vt 0.365399987 0.754599988 0
vt 0.39230001 0.755900025 0
vt 0.415499985 0.756099999 0
vt 0.451200008 0.700900018 0
vt 0.445100009 0.682799995 0
vt 0.4287 0.689499974 0
vt 0.446700007 0.643700004 0
vt 0.432000011 0.649699986 0
vt 0.437599987 0.662500024 0
vt 0.779500008 0.358399987 0
vt 0.761200011 0.355300009 0
vt 0.766700029 0.349000007 0
vt 0.789900005 0.368299991 0
vt 0.774800003 0.364499986 0
vt 0.745599985 0.349700004 0
vt 0.737100005 0.335399985 0
vt 0.751699984 0.342500001 0
vt 0.885800004 0.416000009 0
vt 0.869700015 0.4023 0
vt 0.883300006 0.4014 0
vt 0.90079999 0.412600011 0
vt 0.942799985 0.390599996 0
vt 0.922200024 0.386500001 0
vt 0.934899986 0.379000008 0
vt 0.945800006 0.373400003 0
vt 0.962800026 0.378600001 0
vt 0.954100013 0.368600011 0
vt 0.959399998 0.363999993 0
vt 0.974600017 0.366400003 0
vt 0.969099998 0.373600006 0
vt 0.980400026 0.351799995 0
vt 0.964299977 0.35769999 0
vt 0.971199989 0.345299989 0
vt 0.986699998 0.335299999 0
vt 0.914900005 0.407000005 0
vt 0.896700025 0.398699999 0
vt 0.909300029 0.39379999 0
vt 0.929099977 0.398900002 0
vt 0.801800013 0.377400011 0
vt 0.787699997 0.376100004 0
vt 0.814199984 0.38530001 0
vt 0.799600005 0.387600005 0
vt 0.826300025 0.391900003 0
vt 0.810500026 0.397300005 0
vt 0.839900017 0.397500008 0
vt 0.823000014 0.405699998 0
vt 0.854600012 0.416299999 0
vt 0.854900002 0.400999993 0
vt 0.870899975 0.417199999 0
vt 0.477899998 0.720300019 0
vt 0.950900018 0.713699996 0
vt 0.939400017 0.721199989 0
vt 0.91900003 0.765799999 0
vt 0.921800017 0.783200026 0
vt 0.949599981 0.819100022 0
vt 0.463400006 0.744899988 0
vt 0.460799992 0.75999999 0
vt 0.938899994 0.810599983 0
vt 0.92930001 0.732500017 0
vt 0.921899974 0.748300016 0
vt 0.479999989 0.829100013 0
vt 0.961799979 0.824899971 0
vt 0.460299999 0.776199996 0
vt 0.4912 0.835799992 0
vt 0.464700013 0.807099998 0
vt 0.470999986 0.819599986 0
vt 0.468699992 0.731400013 0
vt 0.461299986 0.792299986 0
vt 0.963699996 0.709599972 0
vt 0.929199994 0.799000025 0
vt 0.867600024 0.198200002 0
vt 0.877200007 0.196400002 0
vt 0.913600028 0.186100006 0
vt 0.932900012 0.176899999 0
vt 0.922599971 0.182300001 0
vt 0.943700016 0.170399994 0
vt 0.954699993 0.163900003 0
vt 0.847100019 0.199699894 0
vt 0.857299984 0.199399993 0
vt 0.803499997 0.1866 0
vt 0.809899986 0.190200001 0
vt 0.79369998 0.179900005 0
vt 0.797599971 0.182699993 0
vt 0.783399999 0.170599893 0
vt 0.789900005 0.176699907 0
vt 0.826900005 0.196999997 0
vt 0.836600006 0.198899999 0
vt 0.904299974 0.189199999 0
vt 0.886600018 0.194299906 0
vt 0.895399988 0.192000002 0
vt 0.977699995 0.196500003 0
vt 0.978200018 0.33070001 0
vt 0.745000005 0.326799989 0
vt 0.852999985 0.32949999 0
vt 0.843100011 0.328000009 0
vt 0.808300018 0.319900006 0
vt 0.799099982 0.316399992 0
vt 0.778500021 0.303299993 0
vt 0.767700016 0.2958 0
vt 0.873700023 0.3292 0
vt 0.863200009 0.329899997 0
vt 0.916599989 0.316399992 0
vt 0.909699976 0.319200009 0
vt 0.930999994 0.307999998 0
vt 0.926800013 0.311100006 0
vt 0.93720001 0.301999986 0
vt 0.927200019 0.303499997 0
vt 0.89319998 0.325399995 0
vt 0.884000003 0.327499986 0
vt 0.816399992 0.3213 0
vt 0.834100008 0.325700015 0
vt 0.824999988 0.32280001 0
vt 0.523599982 0.880400002 0
vt 0.034699969 0.866299987 0
vt 0.318100005 0.871200025 0
vt 0.318399996 0.858500004 0
vt 0.791299999 0.670099974 0
vt 0.790000021 0.682500005 0
vt 0.320100009 0.676699996 0
vt 0.324099988 0.68870002 0
vt 0.793500006 0.870299995 0
vt 0.792500019 0.85710001 0
vt 0.315899998 0.732800007 0
vt 0.3125 0.75150001 0
vt 0.308699995 0.778599977 0
vt 0.277700007 0.606100023 0
vt 0.287200004 0.623600006 0
vt 0.298000008 0.639800012 0
vt 0.308999985 0.654299974 0
vt 0.315800011 0.666000009 0
vt 0.792599976 0.884599984 0
vt 0.789600015 0.904299974 0
vt 0.78640002 0.925999999 0
vt 0.777999997 0.789699972 0
vt 0.780600011 0.808499992 0
vt 0.776499987 0.76880002 0
vt 0.785000026 0.825299978 0
vt 0.789300025 0.841400027 0
vt 0.323300004 0.705299973 0
vt 0.319099993 0.718200028 0
vt 0.31279999 0.818899989 0
vt 0.309799999 0.801199973 0
vt 0.271400005 0.94660002 0
vt 0.282200009 0.928200006 0
vt 0.2949 0.913999975 0
vt 0.308200002 0.901199996 0
vt 0.787800014 0.694500029 0
vt 0.791199982 0.654699981 0
vt 0.787199974 0.633000016 0
vt 0.791199982 0.606999993 0
vt 0.776600003 0.744899988 0
vt 0.783299983 0.708400011 0
vt 0.778900027 0.725499988 0
vt 0.317099988 0.843500018 0
vt 0.315200001 0.832000017 0
vt 0.316900015 0.884800017 0
vt 0.263200015 0.941799998 0
vt 0.782299995 0.609700024 0
vt 0.265100002 0.84799999 0
vt 0.265300006 0.855199993 0
vt 0.73150003 0.672699988 0
vt 0.269400001 0.694299996 0
vt 0.737800002 0.861199975 0
vt 0.737999976 0.874599993 0
vt 0.260899991 0.731700003 0
vt 0.257099986 0.749199986 0
vt 0.251899987 0.778400004 0
vt 0.245100006 0.641099989 0
vt 0.255600005 0.655200005 0
vt 0.263999999 0.668500006 0
vt 0.269800007 0.680400014 0
vt 0.736500025 0.844600022 0
vt 0.737699986 0.888599992 0
vt 0.737299979 0.907000005 0
vt 0.738200009 0.925599992 0
vt 0.732800007 0.812399983 0
vt 0.731999993 0.793200016 0
vt 0.734200001 0.828800023 0
vt 0.264699996 0.718900025 0
vt 0.270099998 0.68720001 0
vt 0.26699999 0.706700027 0
vt 0.254299998 0.814599991 0
vt 0.252600014 0.800800025 0
vt 0.240999907 0.905900002 0
vt 0.233199999 0.920899987 0
vt 0.249899998 0.890799999 0
vt 0.259200007 0.876100004 0
vt 0.264400005 0.862600029 0
vt 0.730300009 0.689999998 0
vt 0.731700003 0.659099996 0
vt 0.731400013 0.645099998 0
vt 0.731299996 0.626399994 0
vt 0.748099983 0.60860002 0
vt 0.727500021 0.724600017 0
vt 0.727999985 0.744700015 0
vt 0.729900002 0.770299971 0
vt 0.728500009 0.707300007 0
vt 0.261799991 0.836499989 0
vt 0.256799996 0.825699985 0
vt 0.922500014 0.313699991 0
vt 0.801800013 0.172499999 0
vt 0.755900025 0.236900002 0
vt 0.237599999 0.626100004 0
vt 0.721599996 0.926999986 0
vt 0.733500004 0.606700003 0
vt 0.174899906 0.847000003 0
vt 0.174899906 0.854900002 0
vt 0.65990001 0.665700018 0
vt 0.178200006 0.701799989 0
vt 0.663999975 0.871299982 0
vt 0.664200008 0.884199977 0
vt 0.170900002 0.739899993 0
vt 0.168400005 0.755500019 0
vt 0.163800001 0.772899985 0
vt 0.172800004 0.648100019 0
vt 0.191 0.63499999 0
vt 0.172700003 0.661899984 0
vt 0.174500003 0.674099982 0
vt 0.177300006 0.68629998 0
vt 0.665000021 0.851300001 0
vt 0.664799988 0.896799982 0
vt 0.666400015 0.915300012 0
vt 0.66869998 0.932099998 0
vt 0.668500006 0.793600023 0
vt 0.667900026 0.813899994 0
vt 0.666599989 0.832499981 0
vt 0.175099999 0.71450001 0
vt 0.172600001 0.725899994 0
vt 0.178200006 0.694000006 0
vt 0.164900005 0.806599975 0
vt 0.163399905 0.791199982 0
vt 0.167899996 0.90079999 0
vt 0.168699995 0.915400028 0
vt 0.168300003 0.886799991 0
vt 0.170499995 0.874800026 0
vt 0.173999995 0.862600029 0
vt 0.66109997 0.686699986 0
vt 0.660000026 0.652899981 0
vt 0.66140002 0.622300029 0
vt 0.660300016 0.640600026 0
vt 0.663200021 0.605400026 0
vt 0.663999975 0.725700021 0
vt 0.665199995 0.746399999 0
vt 0.665400028 0.770299971 0
vt 0.662500024 0.70660001 0
vt 0.172499999 0.833700001 0
vt 0.168300003 0.820200026 0
vt 0.174099997 0.633700013 0
vt 0.153999999 0.918200016 0
vt 0.606700003 0.940400004 0
vt 0.112199999 0.931400001 0
vt 0.618200004 0.600799978 0
vt 0.959800005 0.172099993 0
vt 0.817900002 0.194199994 0
vt 0.775399983 0.162300006 0
vt 0.789099991 0.310499996 0
vt 0.901799977 0.322600007 0
vt 0.952499986 0.303200006 0
vt 0.198200002 0.516600013 0
vt 0.211600006 0.527100027 0
vt 0.194199994 0.524200022 0
vt 0.468300015 0.554099977 0
vt 0.476399988 0.544499993 0
vt 0.479099989 0.551800013 0
vt 0.658599973 0.527100027 0
vt 0.633899987 0.538600028 0
vt 0.633899987 0.52609998 0
vt 0.126200005 0.518899977 0
vt 0.140599996 0.523800015 0
vt 0.125200003 0.524900019 0
vt 0.102300003 0.519599974 0
vt 0.127800003 0.505900025 0
vt 0.142199904 0.518400013 0
vt 0.655399978 0.541599989 0
vt 0.6347 0.5449 0
vt 0.620999992 0.542400002 0
vt 0.619899988 0.536499977 0
vt 0.485399991 0.543200016 0
vt 0.617299974 0.5255 0
vt 0.532599986 0.545799971 0
vt 0.554799974 0.539200008 0
vt 0.555199981 0.542299986 0
vt 0.531599998 0.54369998 0
vt 0.551999986 0.532700002 0
vt 0.0633999705 0.525099993 0
vt 0.100699998 0.504800022 0
vt 0.257800013 0.533900023 0
vt 0.237599999 0.53490001 0
vt 0.239800006 0.528800011 0
vt 0.255600005 0.540700018 0
vt 0.268900007 0.548500001 0
vt 0.254500002 0.543600023 0
vt 0.50999999 0.542500019 0
vt 0.498600006 0.548900008 0
vt 0.496399999 0.542100012 0
vt 0.513700008 0.549700022 0
vt 0.512499988 0.547500014 0
vt 0.499900013 0.552100003 0
vt 0.529399991 0.539300025 0
vt 0.158899993 0.519800007 0
vt 0.145500004 0.507200003 0
vt 0.162699893 0.510100007 0
vt 0.603100002 0.536199987 0
vt 0.599799991 0.52609998 0
vt 0.174799994 0.52609998 0
vt 0.157000005 0.524500012 0
vt 0.177000001 0.522199988 0
vt 0.604399979 0.541400015 0
vt 0.586300015 0.541100025 0
vt 0.584699988 0.536899984 0
vt 0.689999998 0.550800025 0
vt 0.694800019 0.537 0
vt 0.581399977 0.527999997 0
vt 0.181299999 0.513599992 0
vt 0.210800007 0.530399978 0
vt 0.192200005 0.52759999 0
vt 0.566500008 0.529799998 0
vt 0.570800006 0.541100025 0
vt 0.569500029 0.537699997 0
vt 0.107600003 0.421299994 0
vt 0.0961999819 0.389699996 0
vt 0.113200001 0.392500013 0
vt 0.125799999 0.421200007 0
vt 0.122000001 0.441399992 0
vt 0.103600003 0.441500008 0
vt 0.0885999724 0.41929999 0
vt 0.660600007 0.438699991 0
vt 0.641300023 0.459199995 0
vt 0.641200006 0.436399996 0
vt 0.643000007 0.405600011 0
vt 0.660899997 0.406599998 0
vt 0.679899991 0.405999988 0
vt 0.682399988 0.439700007 0
vt 0.6602 0.460999995 0
vt 0.117899999 0.354000002 0
vt 0.112999998 0.314300001 0
vt 0.124799997 0.317999989 0
vt 0.133499995 0.356400013 0
vt 0.129600003 0.393299997 0
vt 0.104099996 0.351000011 0
vt 0.644699991 0.370099992 0
vt 0.661599994 0.369300008 0
vt 0.647000015 0.336899996 0
vt 0.662599981 0.335099995 0
vt 0.677200019 0.332700014 0
vt 0.678200006 0.367700011 0
vt 0.128399998 0.288500011 0
vt 0.1219 0.259499997 0
vt 0.132599995 0.262300014 0
vt 0.146799996 0.264200002 0
vt 0.141499907 0.291200012 0
vt 0.138099998 0.321200013 0
vt 0.118199997 0.285100013 0
vt 0.649200022 0.306800008 0
vt 0.663900018 0.305500001 0
vt 0.648599982 0.279000014 0
vt 0.663100004 0.278499991 0
vt 0.675000012 0.27700001 0
vt 0.676400006 0.30340001 0
vt 0.135399893 0.238299996 0
vt 0.126000002 0.213200003 0
vt 0.136899993 0.215000004 0
vt 0.149200007 0.239299998 0
vt 0.124499999 0.236100003 0
vt 0.661899984 0.253600001 0
vt 0.647599995 0.253800005 0
vt 0.647899985 0.231199995 0
vt 0.662699997 0.231000006 0
vt 0.673799992 0.252400011 0
vt 0.125799999 0.191 0
vt 0.138099998 0.170499995 0
vt 0.137400001 0.1928 0
vt 0.151800007 0.193299994 0
vt 0.649699986 0.2104 0
vt 0.665300012 0.209999993 0
vt 0.652499974 0.188800007 0
vt 0.66839999 0.1884 0
vt 0.67869997 0.209000006 0
vt 0.675000012 0.230000004 0
vt 0.152899995 0.0438999496 0
vt 0.144800007 0.0222999994 0
vt 0.155900002 0.0215999391 0
vt 0.165199906 0.0438999496 0
vt 0.160799995 0.0712999701 0
vt 0.149000004 0.0703999922 0
vt 0.142499998 0.0434999391 0
vt 0.673200011 0.0626999736 0
vt 0.661499977 0.0878999829 0
vt 0.66049999 0.0615999587 0
vt 0.671999991 0.0413999483 0
vt 0.683099985 0.043199949 0
vt 0.683399975 0.0633999705 0
vt 0.673699975 0.0879999921 0
vt 0.147 0.391600013 0
vt 0.166299894 0.417100012 0
vt 0.145999998 0.41929999 0
vt 0.163000003 0.438199997 0
vt 0.143700004 0.439900011 0
vt 0.622200012 0.457700014 0
vt 0.622099996 0.433699995 0
vt 0.602400005 0.457399994 0
vt 0.601499975 0.432200015 0
vt 0.62349999 0.403699994 0
vt 0.155200005 0.323000014 0
vt 0.171399996 0.358500004 0
vt 0.151600003 0.357600003 0
vt 0.167799994 0.391000003 0
vt 0.625100017 0.369800001 0
vt 0.603100002 0.369599998 0
vt 0.60710001 0.335599989 0
vt 0.628099978 0.336899996 0
vt 0.158899993 0.292100012 0
vt 0.182600006 0.261599988 0
vt 0.178200006 0.291099995 0
vt 0.164000005 0.263999999 0
vt 0.630800009 0.305999994 0
vt 0.611599982 0.303600013 0
vt 0.614199996 0.274699986 0
vt 0.631099999 0.277399987 0
vt 0.170200005 0.214300007 0
vt 0.185900003 0.234599993 0
vt 0.166999906 0.238299996 0
vt 0.150800005 0.215399995 0
vt 0.630999982 0.252099991 0
vt 0.614300013 0.248999998 0
vt 0.631099999 0.229699999 0
vt 0.170699999 0.193200007 0
vt 0.188600004 0.172999993 0
vt 0.190500006 0.193100005 0
vt 0.189700007 0.212200001 0
vt 0.152799994 0.171499997 0
vt 0.170100003 0.172099993 0
vt 0.632499993 0.209600002 0
vt 0.613699973 0.227300003 0
vt 0.614600003 0.208100006 0
vt 0.617500007 0.188199893 0
vt 0.635399997 0.188800007 0
vt 0.1831 0.0191999599 0
vt 0.193399996 0.0427999385 0
vt 0.178599998 0.0433999784 0
vt 0.189799994 0.0708999634 0
vt 0.174500003 0.0713999793 0
vt 0.169300005 0.0203999802 0
vt 0.646300018 0.0874999687 0
vt 0.645600021 0.0602999888 0
vt 0.628799975 0.0865999982 0
vt 0.629000008 0.0590999685 0
vt 0.643599987 0.0366999507 0
vt 0.658200026 0.0388999507 0
vt 0.188899904 0.415199995 0
vt 0.216600001 0.387699991 0
vt 0.215000004 0.413700014 0
vt 0.185599998 0.437000006 0
vt 0.191 0.389800012 0
vt 0.579999983 0.432200015 0
vt 0.581399977 0.458000004 0
vt 0.556200027 0.430999994 0
vt 0.557200015 0.40079999 0
vt 0.579599977 0.402099997 0
vt 0.601400018 0.402500004 0
vt 0.196400002 0.321799994 0
vt 0.218899995 0.355500013 0
vt 0.193800002 0.357600003 0
vt 0.174600005 0.323399991 0
vt 0.582000017 0.369199991 0
vt 0.559899986 0.368200004 0
vt 0.566299975 0.331099987 0
vt 0.586899996 0.333400011 0
vt 0.201499894 0.257800013 0
vt 0.221499994 0.283499986 0
vt 0.199000001 0.287699997 0
vt 0.220100001 0.319200009 0
vt 0.592400014 0.300199986 0
vt 0.572799981 0.296700001 0
vt 0.576200008 0.269300014 0
vt 0.595600009 0.272000015 0
vt 0.207000002 0.212400004 0
vt 0.222599998 0.230800003 0
vt 0.204500005 0.231600001 0
vt 0.221399993 0.254999995 0
vt 0.596000016 0.246199995 0
vt 0.577199996 0.243900001 0
vt 0.595600009 0.224900007 0
vt 0.207100004 0.174099997 0
vt 0.225299999 0.1919 0
vt 0.207699999 0.193900004 0
vt 0.224600002 0.210500002 0
vt 0.596400023 0.206100002 0
vt 0.577700019 0.222399995 0
vt 0.57889998 0.203500003 0
vt 0.59859997 0.186700001 0
vt 0.212999895 0.0187999606 0
vt 0.226999894 0.0427999385 0
vt 0.2104 0.0425999686 0
vt 0.226099998 0.0698999688 0
vt 0.208199993 0.0704999492 0
vt 0.197500005 0.0184999704 0
vt 0.610599995 0.0582999513 0
vt 0.609099984 0.085699968 0
vt 0.590399981 0.0842999816 0
vt 0.592999995 0.0577999912 0
vt 0.611699998 0.03489995 0
vt 0.628199995 0.0352999493 0
vt 0.239199907 0.412800014 0
vt 0.262199998 0.387499988 0
vt 0.262699991 0.415100008 0
vt 0.241699904 0.432599992 0
vt 0.239999995 0.386400014 0
vt 0.529299974 0.448500007 0
vt 0.534300029 0.426899999 0
vt 0.508899987 0.444599986 0
vt 0.513899982 0.425000012 0
vt 0.537199974 0.398499995 0
vt 0.242500007 0.317499995 0
vt 0.262400001 0.351399988 0
vt 0.241799995 0.353199989 0
vt 0.540400028 0.36469999 0
vt 0.522400022 0.361900002 0
vt 0.528699994 0.324200004 0
vt 0.546999991 0.327600002 0
vt 0.244200006 0.282599986 0
vt 0.258100003 0.252799988 0
vt 0.261999995 0.281100005 0
vt 0.240899995 0.253500015 0
vt 0.552999973 0.293500006 0
vt 0.533800006 0.291299999 0
vt 0.539600015 0.263000011 0
vt 0.557600021 0.265500009 0
vt 0.239099994 0.208299905 0
vt 0.254999995 0.230199903 0
vt 0.239299998 0.230800003 0
vt 0.560299993 0.239600003 0
vt 0.54460001 0.237800002 0
vt 0.56190002 0.218999997 0
vt 0.240199998 0.171599999 0
vt 0.252999991 0.188700005 0
vt 0.239299998 0.189999893 0
vt 0.252999991 0.208299905 0
vt 0.225400001 0.172999993 0
vt 0.563499987 0.200299993 0
vt 0.547800004 0.216199905 0
vt 0.549600005 0.196700007 0
vt 0.564899981 0.181199998 0
vt 0.58039999 0.184400007 0
vt 0.241699904 0.0213999692 0
vt 0.252000004 0.0415999815 0
vt 0.240600005 0.0424999483 0
vt 0.251800001 0.0667999908 0
vt 0.239899904 0.0684999824 0
vt 0.228300005 0.0200999901 0
vt 0.576399982 0.0819999501 0
vt 0.578999996 0.0567999408 0
vt 0.564700007 0.0792999789 0
vt 0.567799985 0.0549999401 0
vt 0.569800019 0.0349999592 0
vt 0.581099987 0.0356999598 0
vt 0.305099994 0.422199994 0
vt 0.288399994 0.43779999 0
vt 0.285100013 0.41870001 0
vt 0.264899999 0.433699995 0
vt 0.283600003 0.388799995 0
vt 0.30309999 0.390300006 0
vt 0.498600006 0.396400005 0
vt 0.493099988 0.425099999 0
vt 0.488499999 0.444200009 0
vt 0.474400014 0.425000012 0
vt 0.480699986 0.394699991 0
vt 0.299499989 0.350100011 0
vt 0.281699985 0.350300014 0
vt 0.279900014 0.312900007 0
vt 0.297199994 0.310499996 0
vt 0.504899979 0.358700007 0
vt 0.518100023 0.397500008 0
vt 0.488499999 0.355699986 0
vt 0.495799989 0.315200001 0
vt 0.511699975 0.319900006 0
vt 0.29339999 0.27610001 0
vt 0.27759999 0.278100014 0
vt 0.262499988 0.315699995 0
vt 0.273099989 0.252400011 0
vt 0.288800001 0.250699997 0
vt 0.523800015 0.258399993 0
vt 0.51789999 0.287200004 0
vt 0.503000021 0.282400012 0
vt 0.509500027 0.254700005 0
vt 0.283199996 0.228100002 0
vt 0.268700004 0.230199903 0
vt 0.266000003 0.208100006 0
vt 0.279599994 0.206300005 0
vt 0.530099988 0.234200001 0
vt 0.516300023 0.231199995 0
vt 0.534500003 0.212899998 0
vt 0.265500009 0.1875 0
vt 0.254400015 0.169300005 0
vt 0.266299993 0.167199999 0
vt 0.278400004 0.186000004 0
vt 0.536800027 0.193299994 0
vt 0.550800025 0.177399904 0
vt 0.521200001 0.210099906 0
vt 0.524100006 0.190200001 0
vt 0.538299978 0.173800007 0
vt 0.27579999 0.0390999913 0
vt 0.262600005 0.0653999969 0
vt 0.263000011 0.0401999913 0
vt 0.252900004 0.0215999391 0
vt 0.264400005 0.0202999692 0
vt 0.556699991 0.0519999787 0
vt 0.55400002 0.0764999911 0
vt 0.540799975 0.0734999701 0
vt 0.542599976 0.0482999608 0
vt 0.557600021 0.0317999683 0
vt 0.0585999414 0.497399986 0
vt 0.0838999674 0.479299992 0
vt 0.09959995 0.489100009 0
vt 0.0607999489 0.510500014 0
vt 0.661599994 0.511200011 0
vt 0.699199975 0.524699986 0
vt 0.677200019 0.503600001 0
vt 0.702199996 0.515200019 0
vt 0.0541999899 0.479099989 0
vt 0.0689999983 0.4648 0
vt 0.0750999972 0.472299993 0
vt 0.0562999807 0.487500012 0
vt 0.686399996 0.497900009 0
vt 0.693799973 0.491100013 0
vt 0.7051 0.507300019 0
vt 0.103 0.462900013 0
vt 0.114600003 0.476300001 0
vt 0.0988999605 0.469999999 0
vt 0.0884999633 0.464700013 0
vt 0.0931999609 0.460299999 0
vt 0.672699988 0.487699986 0
vt 0.662599981 0.491899997 0
vt 0.648299992 0.496199995 0
vt 0.657999992 0.482800007 0
vt 0.666599989 0.48120001 0
vt 0.103299998 0.45449999 0
vt 0.0898999497 0.453900009 0
vt 0.119999997 0.455799997 0
vt 0.119000003 0.466500014 0
vt 0.64200002 0.474299997 0
vt 0.658399999 0.473100007 0
vt 0.671500027 0.475899994 0
vt 0.643899977 0.485700011 0
vt 0.0810999796 0.457800001 0
vt 0.0725999996 0.448900014 0
vt 0.0824999809 0.441199988 0
vt 0.681100011 0.482300013 0
vt 0.683000028 0.465200007 0
vt 0.692499995 0.475400001 0
vt 0.449299991 0.492700011 0
vt 0.462900013 0.470899999 0
vt 0.465200007 0.488700002 0
vt 0.0519999787 0.470699996 0
vt 0.0638999864 0.455900013 0
vt 0.702099979 0.483999997 0
vt 0.708400011 0.49939999 0
vt 0.468699992 0.513499975 0
vt 0.458900005 0.526799977 0
vt 0.45570001 0.515500009 0
vt 0.134000003 0.481999993 0
vt 0.148200005 0.498100013 0
vt 0.129299894 0.493999988 0
vt 0.137600005 0.470499992 0
vt 0.151600003 0.487100005 0
vt 0.627699971 0.500199974 0
vt 0.632700026 0.512899995 0
vt 0.614499986 0.515200019 0
vt 0.610300004 0.503799975 0
vt 0.624599993 0.488599986 0
vt 0.140799895 0.456400007 0
vt 0.155300006 0.47420001 0
vt 0.159099907 0.457399994 0
vt 0.622300029 0.475800008 0
vt 0.606100023 0.4921 0
vt 0.603399992 0.477499992 0
vt 0.202099994 0.509199977 0
vt 0.214699998 0.520099998 0
vt 0.185100004 0.505699992 0
vt 0.562900007 0.522499979 0
vt 0.578000009 0.519999981 0
vt 0.213599995 0.486200005 0
vt 0.223000005 0.504199982 0
vt 0.207300007 0.499500006 0
vt 0.218099996 0.513100028 0
vt 0.189799994 0.495499998 0
vt 0.195500001 0.481299996 0
vt 0.573300004 0.509899974 0
vt 0.557600021 0.513000011 0
vt 0.548300028 0.526300013 0
vt 0.542800009 0.517499983 0
vt 0.550899982 0.500699997 0
vt 0.567799985 0.497299999 0
vt 0.166099995 0.501900017 0
vt 0.596400023 0.517400026 0
vt 0.174400002 0.477499992 0
vt 0.170000002 0.49149999 0
vt 0.591899991 0.506900012 0
vt 0.587400019 0.494800001 0
vt 0.1796 0.458600014 0
vt 0.202999994 0.462000012 0
vt 0.584100008 0.479000002 0
vt 0.56220001 0.481000006 0
vt 0.237399906 0.479000002 0
vt 0.222000003 0.469700009 0
vt 0.2333 0.45449999 0
vt 0.2465 0.467599988 0
vt 0.543200016 0.485700011 0
vt 0.553300023 0.458600014 0
vt 0.535700023 0.505699992 0
vt 0.5273 0.491400003 0
vt 0.532599986 0.470800012 0
vt 0.249699995 0.448000014 0
vt 0.2685 0.448300004 0
vt 0.258300006 0.462199986 0
vt 0.51819998 0.462000012 0
vt 0.51789999 0.479600012 0
vt 0.508000016 0.47299999 0
vt 0.502200007 0.458200008 0
vt 0.289900005 0.452899992 0
vt 0.272700012 0.461800009 0
vt 0.307900012 0.442999989 0
vt 0.309100002 0.456699997 0
vt 0.291099995 0.465799987 0
vt 0.484800011 0.457700014 0
vt 0.470499992 0.444000006 0
vt 0.495799989 0.470200002 0
vt 0.4815 0.470299989 0
vt 0.467500001 0.457399994 0
vt 0.2421 0.522300005 0
vt 0.245499998 0.513700008 0
vt 0.250400007 0.502699971 0
vt 0.229399994 0.492399991 0
vt 0.526499987 0.534300029 0
vt 0.255299985 0.491699994 0
vt 0.522400022 0.526300013 0
vt 0.257800013 0.481700003 0
vt 0.51730001 0.514199972 0
vt 0.512300014 0.49970001 0
vt 0.2667 0.480300009 0
vt 0.50910002 0.488900006 0
vt 0.277799994 0.480300009 0
vt 0.500999987 0.487500012 0
vt 0.3116 0.470400006 0
vt 0.291399986 0.482600003 0
vt 0.479900002 0.486699998 0
vt 0.325899988 0.480500013 0
vt 0.306600004 0.487399995 0
vt 0.462599993 0.538900018 0
vt 0.471100003 0.525099993 0
vt 0.474000007 0.536800027 0
vt 0.465299994 0.546800017 0
vt 0.299600005 0.546599984 0
vt 0.287699997 0.549499989 0
vt 0.290399998 0.541599989 0
vt 0.274699986 0.529799998 0
vt 0.272899985 0.537100017 0
vt 0.2597 0.527100027 0
vt 0.507000029 0.537400007 0
vt 0.470099986 0.558300018 0
vt 0.480599999 0.555800021 0
vt 0.487899989 0.550499976 0
vt 0.270500004 0.5449 0
vt 0.489399999 0.554099977 0
vt 0.265700012 0.507200003 0
vt 0.27669999 0.520099998 0
vt 0.262300014 0.518400013 0
vt 0.503600001 0.529100001 0
vt 0.493800014 0.535899997 0
vt 0.49090001 0.5273 0
vt 0.500199974 0.516799986 0
vt 0.26789999 0.495400012 0
vt 0.278800011 0.509000003 0
vt 0.279399991 0.497299999 0
vt 0.498800009 0.502900004 0
vt 0.488900006 0.515900016 0
vt 0.488599986 0.503700018 0
vt 0.30309999 0.502099991 0
vt 0.289799988 0.509800017 0
vt 0.290699989 0.499000013 0
vt 0.478599995 0.503300011 0
vt 0.490999997 0.486200005 0
vt 0.478899986 0.514100015 0
vt 0.467000008 0.503899992 0
vt 0.483099997 0.53609997 0
vt 0.480399996 0.525699973 0
vt 0.333000004 0.467400014 0
vt 0.446200013 0.479200006 0
vt 0.44749999 0.458400011 0
vt 0.319499999 0.390500009 0
vt 0.338099986 0.416299999 0
vt 0.322100013 0.420700014 0
vt 0.340000004 0.432700008 0
vt 0.323799998 0.440400004 0
vt 0.453500003 0.439200014 0
vt 0.457599998 0.422699988 0
vt 0.43720001 0.430700004 0
vt 0.441900015 0.417199999 0
vt 0.4648 0.393400013 0
vt 0.350499988 0.387100011 0
vt 0.365799993 0.406300008 0
vt 0.352600008 0.411300004 0
vt 0.366100013 0.419699997 0
vt 0.354000002 0.425599992 0
vt 0.334899992 0.390199989 0
vt 0.423299998 0.422100008 0
vt 0.427300006 0.409700006 0
vt 0.412 0.415199995 0
vt 0.414799988 0.4023 0
vt 0.434399992 0.386500001 0
vt 0.449299991 0.39230001 0
vt 0.315600008 0.350899994 0
vt 0.330000013 0.306400001 0
vt 0.33129999 0.351599991 0
vt 0.314399987 0.308600008 0
vt 0.472900003 0.353899986 0
vt 0.457599998 0.352400005 0
vt 0.479799986 0.311100006 0
vt 0.305999994 0.248099998 0
vt 0.326599985 0.272500008 0
vt 0.311300009 0.274399996 0
vt 0.486000001 0.278600007 0
vt 0.46509999 0.307200015 0
vt 0.471399993 0.274599999 0
vt 0.493900001 0.251899987 0
vt 0.338400006 0.271499991 0
vt 0.342900008 0.245800003 0
vt 0.348199993 0.270900011 0
vt 0.353599995 0.301999986 0
vt 0.343199998 0.3037 0
vt 0.332700014 0.245800003 0
vt 0.452199996 0.301400006 0
vt 0.459600002 0.270500004 0
vt 0.442499995 0.297899991 0
vt 0.450399995 0.268000007 0
vt 0.467700005 0.244000003 0
vt 0.479299992 0.247500002 0
vt 0.298500001 0.226500005 0
vt 0.307399988 0.204699904 0
vt 0.313300014 0.224700004 0
vt 0.293500006 0.205599993 0
vt 0.502099991 0.228100002 0
vt 0.488499999 0.2245 0
vt 0.494899988 0.204699904 0
vt 0.508000016 0.207300007 0
vt 0.326299995 0.2245 0
vt 0.332700014 0.204699904 0
vt 0.337399989 0.224800006 0
vt 0.320899993 0.246099994 0
vt 0.32100001 0.204600006 0
vt 0.476000011 0.222200006 0
vt 0.464899987 0.220500007 0
vt 0.470299989 0.200800002 0
vt 0.481900007 0.202600002 0
vt 0.293199986 0.165000007 0
vt 0.305999994 0.184900001 0
vt 0.292199999 0.185499996 0
vt 0.279100001 0.165700004 0
vt 0.511099994 0.187700003 0
vt 0.497900009 0.185100004 0
vt 0.512199998 0.167600006 0
vt 0.525900006 0.170399994 0
vt 0.318800002 0.162 0
vt 0.32980001 0.182999998 0
vt 0.318800002 0.183899894 0
vt 0.306899995 0.164000005 0
vt 0.485500008 0.1822 0
vt 0.474900007 0.179800004 0
vt 0.487399995 0.160699993 0
vt 0.498800009 0.164499894 0
vt 0.290800005 0.0392999612 0
vt 0.304699987 0.0187999606 0
vt 0.305400014 0.0399000011 0
vt 0.290600002 0.0652999803 0
vt 0.274800003 0.064799957 0
vt 0.291700006 0.0184999704 0
vt 0.523000002 0.0704999492 0
vt 0.525600016 0.0451999903 0
vt 0.505699992 0.0675999522 0
vt 0.50940001 0.0426999889 0
vt 0.527199984 0.0243999902 0
vt 0.542599976 0.02749997 0
vt 0.317200005 0.0397999808 0
vt 0.326599985 0.0187999606 0
vt 0.326499999 0.0392999612 0
vt 0.326299995 0.0643000007 0
vt 0.317600012 0.0651999712 0
vt 0.316599995 0.0188999698 0
vt 0.493499994 0.0647 0
vt 0.497000009 0.0401999913 0
vt 0.484800011 0.0621999502 0
vt 0.487699986 0.0381000005 0
vt 0.500699997 0.0202999692 0
vt 0.513000011 0.0222999994 0
vt 0.355599999 0.437000006 0
vt 0.341300011 0.441500008 0
vt 0.355100006 0.432999998 0
vt 0.367199987 0.425700009 0
vt 0.368200004 0.4287 0
vt 0.420899987 0.429800004 0
vt 0.433999985 0.439799994 0
vt 0.432099998 0.445600003 0
vt 0.41960001 0.433999985 0
vt 0.410100013 0.421099991 0
vt 0.326900005 0.459699988 0
vt 0.324800014 0.451599985 0
vt 0.342000008 0.4472 0
vt 0.450500011 0.450399995 0
vt 0.343600005 0.452899992 0
vt 0.356599987 0.441500008 0
vt 0.42930001 0.451499999 0
vt 0.439700007 0.465900004 0
vt 0.370099992 0.432599992 0
vt 0.0483999811 0.430599988 0
vt 0.0504999682 0.449200004 0
vt 0.0447999798 0.435400009 0
vt 0.71359998 0.474599987 0
vt 0.713100016 0.491899997 0
vt 0.418599993 0.437999994 0
vt 0.408399999 0.423999995 0
vt 0.156200007 0.0974999592 0
vt 0.143999904 0.0963999629 0
vt 0.154300004 0.123099998 0
vt 0.142000005 0.122000001 0
vt 0.134000003 0.0948999524 0
vt 0.138899997 0.0691999719 0
vt 0.672800004 0.113499902 0
vt 0.682600021 0.1391 0
vt 0.671400011 0.139200002 0
vt 0.660399973 0.113600001 0
vt 0.682900012 0.113300003 0
vt 0.152899995 0.148000002 0
vt 0.139699906 0.146899894 0
vt 0.128800005 0.145199999 0
vt 0.131699994 0.1206 0
vt 0.6699 0.164499894 0
vt 0.681999981 0.187600002 0
vt 0.655300021 0.164700001 0
vt 0.657899976 0.139200002 0
vt 0.682699978 0.164199993 0
vt 0.187299997 0.0982999802 0
vt 0.170900002 0.0979999825 0
vt 0.186199993 0.125100002 0
vt 0.169100001 0.123999998 0
vt 0.644999981 0.113499902 0
vt 0.642400026 0.139300004 0
vt 0.627600014 0.113300003 0
vt 0.186900005 0.150199994 0
vt 0.169 0.149000004 0
vt 0.639100015 0.164900005 0
vt 0.621500015 0.164900005 0
vt 0.625199974 0.139599994 0
vt 0.225700006 0.0982999802 0
vt 0.206599995 0.0985999703 0
vt 0.225199893 0.126399904 0
vt 0.205699995 0.126100004 0
vt 0.6074 0.112999998 0
vt 0.605199993 0.139599994 0
vt 0.588199973 0.1118 0
vt 0.225099996 0.151199907 0
vt 0.206 0.151299998 0
vt 0.602100015 0.164299995 0
vt 0.583299994 0.163000003 0
vt 0.585799992 0.138799995 0
vt 0.253500015 0.0952000022 0
vt 0.240700006 0.0968999788 0
vt 0.254999995 0.123800002 0
vt 0.241400003 0.125499994 0
vt 0.570299983 0.136500001 0
vt 0.573800027 0.109300002 0
vt 0.556900024 0.133499995 0
vt 0.56099999 0.106200002 0
vt 0.255299985 0.148100004 0
vt 0.241300002 0.150099903 0
vt 0.567200005 0.160300002 0
vt 0.552999973 0.156900004 0
vt 0.266799986 0.1461 0
vt 0.266499996 0.122000001 0
vt 0.279399991 0.144299999 0
vt 0.527899981 0.149800003 0
vt 0.54460001 0.130199999 0
vt 0.540799975 0.153400004 0
vt 0.264600009 0.0936999917 0
vt 0.276600003 0.0927999616 0
vt 0.536499977 0.100199901 0
vt 0.549600005 0.103200004 0
vt 0.291799992 0.0925999805 0
vt 0.306100011 0.0656999871 0
vt 0.306800008 0.0921999812 0
vt 0.293199986 0.1193 0
vt 0.278699994 0.120399997 0
vt 0.519400001 0.0968999788 0
vt 0.531499982 0.126699999 0
vt 0.515900016 0.123000003 0
vt 0.502699971 0.0934000015 0
vt 0.293799996 0.143199995 0
vt 0.307200015 0.118000001 0
vt 0.307399988 0.141800001 0
vt 0.513400018 0.146400005 0
vt 0.499599993 0.142700002 0
vt 0.326599985 0.08950001 0
vt 0.318100005 0.0907999799 0
vt 0.327100009 0.114100002 0
vt 0.318300009 0.115900002 0
vt 0.489399999 0.115000002 0
vt 0.490999997 0.0898999497 0
vt 0.480800003 0.111900002 0
vt 0.482300013 0.0871999785 0
vt 0.327399999 0.137400001 0
vt 0.318599999 0.139400005 0
vt 0.328399986 0.160199896 0
vt 0.488499999 0.138500005 0
vt 0.478300005 0.157600001 0
vt 0.479999989 0.135199994 0
vt 0.500800014 0.119099997 0
vt 0.360199988 0.341100007 0
vt 0.347000003 0.347000003 0
vt 0.443800002 0.344599992 0
vt 0.431600004 0.335799992 0
vt 0.36559999 0.380800009 0
vt 0.0735999867 0.412900001 0
vt 0.0726999566 0.381700009 0
vt 0.0830999613 0.385899991 0
vt 0.0658000112 0.4296 0
vt 0.0620999895 0.406199992 0
vt 0.705200016 0.456699997 0
vt 0.699999988 0.435200006 0
vt 0.694000006 0.403699994 0
vt 0.704599977 0.401600003 0
vt 0.712499976 0.430200011 0
vt 0.0737999603 0.342999995 0
vt 0.0767999813 0.30340001 0
vt 0.0852999613 0.306600004 0
vt 0.0831999704 0.345899999 0
vt 0.0619999692 0.377900004 0
vt 0.0638999864 0.3398 0
vt 0.710699975 0.36500001 0
vt 0.700699985 0.36500001 0
vt 0.706700027 0.328900009 0
vt 0.715300024 0.327699989 0
vt 0.721300006 0.3653 0
vt 0.715699971 0.402399987 0
vt 0.0928999707 0.348399997 0
vt 0.094099991 0.308899999 0
vt 0.103100002 0.311399996 0
vt 0.690599978 0.36590001 0
vt 0.688499987 0.330799997 0
vt 0.697799981 0.32949999 0
vt 0.0948999524 0.27700001 0
vt 0.0928999707 0.249200001 0
vt 0.100400001 0.252099991 0
vt 0.102200001 0.279599994 0
vt 0.0868999884 0.273999989 0
vt 0.702000022 0.299199998 0
vt 0.694400012 0.300300002 0
vt 0.698400021 0.272899985 0
vt 0.706200004 0.271600008 0
vt 0.709900022 0.298099995 0
vt 0.1096 0.282200009 0
vt 0.106799997 0.254500002 0
vt 0.113700002 0.256900012 0
vt 0.68629998 0.301600009 0
vt 0.684000015 0.2755 0
vt 0.691500008 0.274100006 0
vt 0.0952000022 0.227400005 0
vt 0.103699997 0.208100006 0
vt 0.103 0.229800001 0
vt 0.1105 0.209600002 0
vt 0.109399997 0.231800005 0
vt 0.697099984 0.250200003 0
vt 0.689899981 0.250800014 0
vt 0.691299975 0.229000002 0
vt 0.698599994 0.2289 0
vt 0.705600023 0.249300003 0
vt 0.117600001 0.211300001 0
vt 0.116099998 0.233799905 0
vt 0.682600021 0.251399994 0
vt 0.683799982 0.229200006 0
vt 0.103500001 0.185299903 0
vt 0.09959995 0.160600007 0
vt 0.106399998 0.162 0
vt 0.1118 0.164100006 0
vt 0.109899901 0.187000006 0
vt 0.0952000022 0.206400007 0
vt 0.0956999585 0.183799997 0
vt 0.695100009 0.207399994 0
vt 0.701699972 0.206900001 0
vt 0.698000014 0.185200006 0
vt 0.70389998 0.184200004 0
vt 0.710699975 0.184400007 0
vt 0.709599972 0.207100004 0
vt 0.707400024 0.2289 0
vt 0.118000001 0.166500002 0
vt 0.116899997 0.188999996 0
vt 0.126100004 0.168699995 0
vt 0.687900007 0.208100006 0
vt 0.691200018 0.186399907 0
vt 0.1241 0.0403999612 0
vt 0.1206 0.0189999901 0
vt 0.127299994 0.0200999901 0
vt 0.129500002 0.0414999686 0
vt 0.125599995 0.0663999915 0
vt 0.119999997 0.0651999712 0
vt 0.1175 0.0393999815 0
vt 0.700999975 0.0627999902 0
vt 0.696200013 0.0870999619 0
vt 0.695800006 0.0630999804 0
vt 0.700399995 0.0430999883 0
vt 0.707099974 0.0426999889 0
vt 0.707700014 0.0627999902 0
vt 0.701699972 0.0868999884 0
vt 0.135199994 0.0425999686 0
vt 0.132300004 0.0211999994 0
vt 0.137600005 0.0219999496 0
vt 0.131500006 0.067799978 0
vt 0.690299988 0.0633999705 0
vt 0.683600008 0.0878999829 0
vt 0.690199971 0.0437999889 0
vt 0.690599978 0.0874999687 0
vt 0.0364999697 0.417600006 0
vt 0.0265999995 0.406599998 0
vt 0.0396999717 0.412299991 0
vt 0.0504999682 0.426400006 0
vt 0.0345999487 0.42050001 0
vt 0.0227999594 0.411300004 0
vt 0.738300025 0.453500003 0
vt 0.723399997 0.458000004 0
vt 0.737200022 0.450300008 0
vt 0.719799995 0.448599994 0
vt 0.733699977 0.444400012 0
vt 0.750100017 0.444599986 0
vt 0.751600027 0.44749999 0
vt 0.0612999685 0.437700003 0
vt 0.0539999604 0.41960001 0
vt 0.057500001 0.443599999 0
vt 0.708899975 0.466899991 0
vt 0.725700021 0.463800013 0
vt 0.0209999606 0.413800001 0
vt 0.0320000015 0.424800009 0
vt 0.0184999704 0.417400002 0
vt 0.0508999787 0.461699992 0
vt 0.753600001 0.449999988 0
vt 0.280600011 0.547399998 0
vt 0.283100009 0.539200008 0
vt 0.739799976 0.457100004 0
vt 0.729799986 0.470400006 0
vt 0.109999999 0.138799995 0
vt 0.106899999 0.114200003 0
vt 0.113300003 0.115099996 0
vt 0.118500002 0.116800003 0
vt 0.115299903 0.140900001 0
vt 0.103600003 0.137700006 0
vt 0.697700024 0.162100002 0
vt 0.703199983 0.1611 0
vt 0.696399987 0.137799993 0
vt 0.701799989 0.137099996 0
vt 0.708299994 0.137700006 0
vt 0.709699988 0.161400005 0
vt 0.124300003 0.118799999 0
vt 0.121100001 0.143199995 0
vt 0.691399992 0.163299993 0
vt 0.690400004 0.138600007 0
vt 0.116099998 0.0902999565 0
vt 0.113399997 0.0643000007 0
vt 0.121299997 0.0916000009 0
vt 0.109700002 0.0893999934 0
vt 0.69599998 0.112199999 0
vt 0.701499999 0.111900002 0
vt 0.708400011 0.0873999521 0
vt 0.708100021 0.112599999 0
vt 0.126800001 0.0932999775 0
vt 0.690199971 0.112800002 0
vt 0.0487999916 0.400599986 0
vt 0.725499988 0.429399997 0
vt 0.739199996 0.428900003 0
vt 0.0491999909 0.3759 0
vt 0.729300022 0.405299991 0
vt 0.286199987 0.55400002 0
vt 0.296700001 0.553900003 0
vt 0.295100003 0.558300018 0
vt 0.302899987 0.538800001 0
vt 0.293199986 0.533699989 0
vt 0.31220001 0.516099989 0
vt 0.297300011 0.522499979 0
vt 0.300799996 0.511799991 0
vt 0.278899997 0.551500022 0
vt 0.284999996 0.531400025 0
vt 0.287499994 0.520699978 0
vt 0.307799995 0.527100027 0
vt 0.3204 0.493499994 0
vt 0.102499999 0.526899993 0
vt 0.0653999969 0.532700002 0
vt 0.453099996 0.506200016 0
vt 0.236100003 0.537400007 0
vt 0.315499991 0.506900012 0
vt 0.655099988 0.548900008 0
vt 0.68809998 0.558300018 0
vt 0.420100003 0.37650001 0
vt 0.0355999395 0.396899998 0
vt 0.535399973 0.594600022 0
vt 0.0518999584 0.95569998 0
vt 0.288899988 0.953000009 0
vt 0.962700009 0.701600015 0
vt 0.954599977 0.215900004 0
vt 0.88440001 0.27579999 0
vt 0.528299987 0.948000014 0
vt 0.289099991 0.602100015 0
vt 0.805999994 0.933600008 0
vt 0.784500003 0.154200003 0
vt 0.7755 0.285600007 0
vt 0.729900002 0.342799991 0
vt 0.953999996 0.384200007 0
vt 0.838199973 0.412699997 0
vt 0.48969999 0.71450001 0
vt 0.945200026 0.293900013 0
vt 0.215399995 0.438499987 0
vt 0.595300019 0.0352999493 0
vt 0.27790001 0.0187999606 0
vt 0.457899988 0.241799995 0
vt 0.490799993 0.0184999704 0
vt 0.721400023 0.482499987 0
vt 0.407000005 0.426800013 0
vt 0.6954 0.0434999391 0
vt 0.746399999 0.439599991 0
vn 0.472413301 0.35939914 -0.804772019
vn 0.334916502 0.366992116 -0.867840886
vn 0.47637859 0.395196825 -0.785418928
vn 0.508091927 0.333702415 -0.794031024
vn 0.427119315 0.205182046 -0.880607426
vn 0.528964579 0.199414626 -0.824881971
vn 0.562984407 0.335068434 -0.755498409
vn 0.654389203 0.232341424 -0.719577909
vn 0.61557138 0.337480932 -0.7121647
vn 0.638270497 0.379074216 -0.67001009
vn 0.571440816 0.353808641 -0.740455925
vn 0.551095128 0.395383418 -0.734824002
vn 0.428850204 0.100467935 -0.897771597
vn 0.528529406 0.0552090183 -0.84711802
vn 0.294173986 -0.23038885 -0.927568197
vn 0.408984303 -0.259227782 -0.874947429
vn 0.459473014 -0.255723983 -0.850582123
vn 0.604871511 -0.236772373 -0.760308802
vn 0.681160629 -0.259078473 -0.684761882
vn 0.721448004 -0.207775965 -0.6605618
vn 0.723798573 0.0607946813 -0.687327921
vn 0.601291895 0.199962631 -0.773603976
vn 0.626950979 0.0472739041 -0.777623117
vn 0.223707095 0.330799639 -0.916802526
vn 0.116705403 0.335528344 -0.934773088
vn 0.121343903 0.317459524 -0.940476
vn 0.268110514 0.309982717 -0.912155509
vn 0.162176907 0.220010146 -0.961922228
vn 0.295883 0.217113152 -0.930223227
vn 0.395074189 0.324177533 -0.859549522
vn 0.186989695 0.345993638 -0.91941458
vn 0.195595995 0.143652752 -0.970106304
vn 0.310836703 0.135321543 -0.940780878
vn 0.200909093 -0.164529949 -0.965694308
vn 0.0804790184 -0.174264356 -0.981404722
vn 0.127174005 -0.21088846 -0.96920222
vn 0.339103192 -0.39126122 0.855525374
vn 0.121129803 -0.291517228 0.948865414
vn 0.36992681 -0.365562439 0.854118526
vn 0.498459786 -0.0127567984 0.866819024
vn 0.325152904 0.0163887888 0.945519388
vn 0.48593381 0.0274676215 0.873563886
vn 0.596273422 0.00549330702 0.802762628
vn 0.550443292 -0.406392932 0.729285419
vn 0.312944412 0.0715370849 0.947073519
vn 0.470415086 0.107639365 0.875855923
vn 0.295267791 0.0285043288 0.954989314
vn 0.449065596 -0.0473969877 0.892240882
vn 0.4604747 0.0486171432 0.886340618
vn 0.595308304 0.0701636821 0.800428212
vn 0.594259322 0.0472428352 0.802884877
vn 0.0115058403 -0.15476425 0.987884521
vn 0.00631737709 -0.111973442 0.993691206
vn -0.00418102695 -0.0296947733 0.999550402
vn -0.0764802024 -0.0100712534 0.997020304
vn 0.0923812911 0.0294203274 0.995289028
vn 0.104803897 0.0343954042 0.993897974
vn 0.316604197 0.0104374383 0.948500395
vn -0.1117016 -0.227767542 0.967287302
vn -0.0742519423 0.0507525355 0.995947301
vn 0.0865821764 0.052584067 0.994856
vn 0.0902151391 0.0213634465 0.995693207
vn -0.0662268922 -0.0475796238 0.996669471
vn 0.116521098 -0.0763888136 0.990246177
vn 0.514064014 0.230236232 -0.826274574
vn 0.39327091 0.181375846 -0.901355028
vn 0.344321311 0.261918634 -0.901577294
vn 0.620458901 0.210003734 -0.755598605
vn 0.688086212 0.335039943 -0.643650293
vn 0.721758902 0.201032832 -0.662306607
vn 0.632264912 0.123724528 -0.764809489
vn 0.205825195 0.286916137 -0.935582817
vn 0.158547401 0.28211984 -0.946187794
vn 0.138100699 0.311421037 -0.94018358
vn 0.307726294 0.358388424 -0.881398022
vn 0.243451804 0.230114952 -0.942219913
vn 0.284772307 -0.110356547 0.952221811
vn 0.404928505 -0.0572539903 0.912554085
vn 0.27848959 -0.110449746 0.95406729
vn 0.371322215 -0.0438860394 0.927466273
vn 0.518061221 0.0379046313 0.854503274
vn 0.567479014 0.0175181255 0.823201478
vn -0.0397964716 -0.121953048 0.991737783
vn 0.123573303 -0.12686944 0.984192014
vn -0.0141912596 -0.0978437439 0.995100617
vn 0.130895093 -0.119481042 0.984170079
vn 0.306959599 -0.0771519318 0.948590219
vn 0.315111905 -0.244520649 -0.917013824
vn 0.215527505 -0.237653956 -0.947137117
vn 0.167700097 -0.225807562 -0.95962888
vn 0.211770803 -0.458821684 -0.862922907
vn -0.108282901 -0.412622571 -0.904443204
vn 0.269760191 -0.429070979 -0.862048507
vn 0.403006703 -0.448816061 -0.797590017
vn 0.593629777 -0.446557462 -0.669470072
vn 0.558045924 -0.431024373 -0.709086001
vn 0.621765912 -0.271620065 -0.73459512
vn 0.573825121 -0.262313873 -0.775832713
vn 0.478075296 -0.260476977 -0.838806212
vn 0.0387893282 -0.38987726 -0.920049489
vn 0.395195305 -0.346455872 -0.850758016
vn 0.425594687 -0.232955456 -0.874414682
vn 0.264199704 -0.121219859 -0.956819773
vn 0.436972588 -0.197672248 -0.877485514
vn 0.648105323 -0.294998378 -0.70209372
vn 0.795476675 -0.45570907 -0.399432123
vn 0.552849412 -0.363937557 -0.749604583
vn 0.539368212 -0.370260477 -0.756299615
vn 0.463561594 -0.435117364 -0.771870196
vn 0.0324718915 -0.18033506 -0.983069122
vn 0.0864913985 -0.209575355 -0.973959804
vn -0.213971496 -0.209973454 -0.954006016
vn -0.323810011 -0.241712958 -0.914725125
vn -0.37712729 -0.32344377 -0.867847502
vn -0.0371110402 -0.374925584 -0.926311791
vn -0.355612904 -0.43401736 -0.827749074
vn -0.322986186 -0.412651956 -0.851703227
vn -0.1044349 -0.142583162 -0.984257877
vn -0.246902406 -0.130348548 -0.96023351
vn -0.0251784306 -0.089574106 -0.995661914
vn 0.246104106 -0.145086661 -0.958322823
vn -0.133126199 0.485504776 0.864038527
vn -0.209114999 0.49504596 0.843327105
vn -0.0907333419 0.468773872 0.878645897
vn 0.075351052 -0.252452135 0.964671075
vn -0.0587495491 -0.259627432 0.963920295
vn 0.112220697 -0.366449118 0.923645914
vn 0.356493801 -0.333482444 0.872755229
vn 0.184276506 0.45107758 0.873253286
vn 0.240244597 -0.281414628 0.929025471
vn 0.0115973298 -0.153603941 0.988064408
vn 0.338058889 -0.340286732 0.877451479
vn 0.0271007996 -0.33045882 0.943431318
vn 0.593690217 -0.392477036 0.702491224
vn 0.333365589 -0.389704734 0.858485818
vn -0.127236307 0.523808062 0.842280209
vn 0.0552705489 0.559908569 0.826708913
vn 0.0608546697 0.527671754 0.84726578
vn -0.0326252505 -0.267259032 0.9630723
vn -0.193707094 -0.170878544 0.966063201
vn -0.176005006 -0.0911612958 0.980159104
vn -0.178172097 -0.0878652781 0.980068624
vn -0.224594399 0.478182465 0.849057674
vn -0.180306897 0.516169846 0.837292075
vn -0.189830005 -0.108038343 0.975854695
vn 0.00640898896 -0.227673545 0.973716497
vn 0.0249339305 -0.108189546 0.993817627
vn 0.0126959002 -0.141303152 0.989884973
vn -0.163338393 -0.217082649 0.962390721
vn 0.0166937709 -0.265940934 0.963844776
vn 0.276865512 -0.0644553974 -0.958744526
vn 0.455413014 -0.145608857 -0.878292203
vn 0.329207808 0.0894205347 -0.940014005
vn 0.450920701 0.000915614015 -0.892563581
vn 0.584933102 -0.287613869 -0.758374274
vn 0.411944509 -0.261119872 -0.872993827
vn 0.556461811 -0.42083317 -0.716414511
vn 0.58530128 0.46743533 -0.662515402
vn 0.483636886 0.104802735 -0.868971705
vn 0.486871302 0.183480844 -0.853985488
vn 0.467559606 -0.119026266 -0.875911415
vn 0.391624004 0.341847032 -0.854266524
vn 0.478811294 0.240061834 -0.84445852
vn 0.436606407 0.6397416 -0.632539093
vn 0.554907501 0.527012527 -0.643688977
vn -0.197579101 -0.00640888605 -0.980265975
vn 0.0231027603 -0.00717188418 -0.99970752
vn 0.0717493221 0.130833551 -0.988804579
vn -0.0319532715 0.492117673 0.869942009
vn -0.104803398 0.549897552 0.828630805
vn -0.187694401 0.410913557 0.892144024
vn -0.221691206 0.403310776 0.887802601
vn -0.113225304 0.427448362 0.896921396
vn 0.251511812 0.457610458 0.852839112
vn 0.348526686 0.515587568 0.782750726
vn 0.0538356304 0.607665122 0.792366624
vn -0.197827801 0.349693179 0.915739477
vn 0.0224925801 0.41335097 0.910293877
vn 0.0234690309 0.368882477 0.929179728
vn 0.0296337008 0.406815082 0.913029671
vn -0.195720807 0.373984575 0.906547904
vn -0.158914998 0.458067179 0.874597371
vn 0.958728909 0.198466092 0.203593314
vn 0.977288485 0.202037603 0.0639379099
vn 0.960215926 0.180610791 0.212991312
vn 0.913501084 0.177804887 0.365925312
vn 0.952555895 0.229196891 0.20026502
vn 0.906180084 0.222577482 0.359578788
vn 0.948081672 0.249830887 0.196788311
vn 0.968441427 0.244063601 0.0505400896
vn 0.847267926 0.155890882 0.50777477
vn 0.915451586 0.140693083 0.377033204
vn 0.838856816 0.0962887183 0.535768509
vn 0.731337011 0.0728803501 0.678111076
vn 0.597635627 0.118507765 0.792961299
vn 0.741248429 0.142982066 0.655825377
vn 0.751711428 0.118932173 0.648679614
vn 0.712924719 0.110326268 0.692507505
vn 0.823845506 0.181072563 0.537114024
vn 0.914105892 0.200662583 0.352342099
vn 0.852962077 0.164622679 0.495333314
vn 0.993947923 -0.0851789713 0.0693700314
vn 0.980974019 -0.138129205 0.136420101
vn 0.975370526 -0.110022604 0.191173702
vn 0.922286391 -0.217631519 0.319412589
vn 0.907148778 -0.170082808 0.384906501
vn 0.968458474 0.119298592 0.218759999
vn 0.986718178 0.141121 0.0804487467
vn 0.820018113 -0.190164626 0.539822102
vn 0.855353892 -0.323653221 0.404497802
vn 0.723375499 -0.378412515 0.577522278
vn 0.54469949 -0.33671394 0.768066525
vn 0.700053275 -0.262863338 0.663949013
vn 0.724342823 0.0292678699 0.688818514
vn 0.912416577 0.0838985816 0.400570899
vn 0.830481529 0.0580774844 0.55401051
vn 0.948962629 0.257306904 0.18238242
vn 0.964333892 0.2598373 0.0504475906
vn 0.898883104 0.229352087 0.373372287
vn 0.875488102 0.255990267 0.40986529
vn 0.962467611 0.236313596 0.133462414
vn 0.977918506 0.206918404 -0.0293286908
vn 0.820393622 0.185344577 0.540926874
vn 0.676245809 0.139869764 0.723276019
vn 0.485465795 0.0598782413 0.872202814
vn 0.705055773 0.151466966 0.692787111
vn 0.812520504 0.192486376 0.550235927
vn 0.948871374 -0.315385103 0.0132452659
vn 0.968106925 -0.2486417 0.0307635497
vn 0.979334474 -0.197643101 0.0429101437
vn 0.921228409 -0.312854409 0.231214985
vn 0.935886621 -0.303569615 0.178778484
vn 0.965667188 -0.230910406 0.11902599
vn 0.988057613 -0.147712693 0.0438560136
vn 0.964829028 -0.259900212 0.0394610576
vn 0.816485405 -0.368674338 0.444331884
vn 0.950007617 -0.266037494 0.163431287
vn 0.846524417 -0.425139099 0.320395559
vn 0.619256914 -0.478962034 0.62218672
vn 0.533512712 -0.442686439 0.720689178
vn 0.702346981 -0.442991644 0.557195902
vn 0.748969376 -0.343797833 0.566434622
vn 0.871092916 -0.366327792 0.327109963
vn 0.878381908 -0.37456581 0.296893656
vn 0.617768586 -0.685460091 0.385365278
vn 0.7689417 -0.54926151 0.327170283
vn 0.66730541 -0.262313724 0.697061718
vn 0.909412205 -0.142372221 0.3907682
vn 0.983224273 -0.171424106 0.062319383
vn 0.968155682 -0.245251 0.0502648205
vn 0.809645414 0.235578075 0.537566125
vn 0.844257116 0.280717075 0.456539094
vn 0.571505725 0.341755778 0.746045887
vn 0.209299207 0.456441879 0.86478591
vn 0.603389025 -0.240305737 0.760378182
vn 0.976427078 -0.148780406 0.1563797
vn 0.861473918 -0.21027942 0.462217808
vn 0.651577592 0.0769380033 0.754670203
vn 0.441495806 0.280230463 0.852380514
vn 0.470790893 0.103796065 0.876117826
vn 0.572992802 0.303266466 0.761386216
vn 0.331838697 0.528994739 0.78105551
vn 0.582270324 0.40315488 0.70599401
vn 0.670260787 0.355791777 0.651277781
vn 0.592320919 0.0887504444 0.800799072
vn 0.562091529 -0.011658106 0.826992929
vn 0.752205491 0.262953043 -0.604187608
vn 0.777666986 0.291033834 -0.557255328
vn 0.913496673 0.226634622 -0.337876588
vn 0.90857482 0.247698709 -0.336358905
vn 0.906370819 0.289050996 -0.308125794
vn 0.829798102 0.30513522 -0.467255503
vn 0.803323984 0.32676813 -0.497888803
vn 0.966596901 0.224863693 -0.122991495
vn 0.96246922 0.234292299 -0.136967987
vn 0.974083781 0.217632994 0.0616183914
vn 0.956644595 0.260417491 -0.130437583
vn 0.957761884 0.260819286 -0.121101186
vn 0.913250625 0.283490986 -0.292585701
vn 0.814069629 -0.240582973 -0.528592885
vn 0.853254616 -0.157356679 -0.497187614
vn 0.925643921 -0.210001782 -0.314773887
vn 0.954001606 -0.0886584371 -0.286392808
vn 0.824738324 0.119450323 -0.552755415
vn 0.977065504 -0.169716105 -0.128607005
vn 0.992235184 -0.0598783381 -0.109013997
vn 0.984187901 0.136238307 -0.113196291
vn 0.938436091 0.138404712 -0.316514999
vn 0.850017607 0.196115613 -0.488885313
vn 0.940622509 0.172736809 -0.292218298
vn 0.862195373 0.118261524 -0.492578387
vn 0.700896204 0.141607523 -0.699065089
vn 0.974095583 0.162115306 -0.157659501
vn 0.970904112 0.147437811 -0.188699603
vn 0.946237087 0.116490416 -0.301770508
vn 0.765082479 -0.406452864 -0.499444544
vn 0.733403385 -0.371783078 -0.569119275
vn 0.876784921 -0.358661085 -0.32032913
vn 0.857022107 -0.346642077 -0.381251335
vn 0.878552079 -0.295119166 -0.375567496
vn 0.76300931 -0.283309162 -0.580993116
vn 0.938307405 -0.3230744 -0.123296916
vn 0.949260175 -0.311659098 -0.0421160534
vn 0.963969111 -0.265392095 0.0181892384
vn 0.946670115 -0.28013429 -0.159187317
vn 0.967590809 0.177013189 0.180095613
vn 0.915212095 -0.245008692 -0.319933593
vn 0.604227126 -0.677107871 -0.420041323
vn 0.754467905 -0.626561522 -0.195445731
vn 0.887898207 -0.382193297 -0.256057024
vn 0.792379677 -0.428922057 -0.43377474
vn 0.661035478 -0.421005666 -0.621116996
vn 0.948795915 -0.285899192 0.134343281
vn 0.79581207 -0.598446071 0.0924418196
vn 0.821893215 -0.516300321 0.240677565
vn 0.937256992 -0.348369896 0.0137027847
vn 0.215283796 0.305285543 -0.927606523
vn 0.559447408 -0.657261372 -0.505001187
vn -0.888907015 -0.282059968 -0.360952497
vn -0.53856802 -0.37397927 -0.755038977
vn -0.872664213 -0.339525372 -0.35097
vn -0.970834672 -0.229959399 0.0678128526
vn 0.208048195 -0.846506298 0.490044057
vn -0.577638984 0.694070101 0.429650933
vn 0.938090682 -0.114934288 -0.326766104
vn -0.89529258 -0.251847833 0.367455989
vn -0.957651913 -0.263500005 0.116063185
vn -0.885803998 -0.218086317 0.409621388
vn -0.77720052 -0.233593524 0.584289014
vn -0.770890474 0.520142674 0.367667615
vn 0.890219927 0.455410212 0.0104986597
vn 0.699461877 0.659817994 0.274578333
vn 0.82744652 0.485139012 0.282794327
vn 0.55456841 0.604986429 0.571354091
vn 0.697664678 0.456686556 0.551997602
vn 0.951513588 0.168432981 0.257395208
vn 0.878096819 0.0991261378 0.468102604
vn 0.977769017 0.100560196 0.1839993
vn 0.98987031 0.137821898 -0.0340891927
vn 0.384021312 0.151313454 0.910841286
vn 0.466425806 0.140449554 0.873338997
vn 0.432728589 -0.0123907095 0.901439071
vn 0.522846997 0.128514364 0.842683315
vn 0.605444789 -0.120582335 0.786699772
vn 0.119390503 -0.181802049 0.97606051
vn 0.149849802 0.0031739627 0.988703728
vn 0.197306499 -0.0670201555 0.978048384
vn 0.438960195 0.0453517586 0.897361279
vn 0.401602387 0.0315262787 0.915271401
vn 0.754468322 0.0265517514 0.655799329
vn 0.925048113 -0.0377209261 0.377972394
vn 0.838265181 -0.527276576 0.138891876
vn -0.425861508 -0.474936128 0.770115376
vn -0.377006501 -0.18525295 0.907495201
vn -0.1628225 -0.445099235 0.88055408
vn 0.0397973582 -0.33672142 0.940762877
vn -0.0173958503 -0.0264295135 0.999499321
vn 0.967172503 -0.245157793 0.0668972656
vn -0.653966129 -0.227795631 0.721413612
vn -0.604323089 -0.378201723 0.701254129
vn -0.534390509 -0.213878229 0.817730308
vn 0.366383106 0.474939972 0.800122201
vn 0.493288189 0.335837662 0.802421272
vn 0.345660508 0.297714859 0.889879107
vn 0.702667296 0.0759004578 0.707458675
vn 0.634642899 0.0914959535 0.767370105
vn 0.840496719 0.147590473 0.521327674
vn 0.364188194 -0.488158077 -0.793138623
vn 0.854017615 -0.465813905 -0.231670916
vn 0.328843087 -0.344712973 -0.879224181
vn -0.1248556 -0.396968156 -0.909300506
vn 0.123997398 -0.253732264 -0.959293783
vn -0.184581205 -0.333698958 -0.924432218
vn -0.567352474 -0.362324268 -0.739480972
vn 0.553129613 -0.0658603534 -0.830487907
vn 0.76822722 0.218974724 -0.601562321
vn 0.515411973 -0.241866365 -0.822101712
vn 0.739016712 -0.0744967088 -0.669555604
vn 0.426228791 -0.178841457 -0.88676101
vn 0.2170531 -0.338367164 -0.91563952
vn 0.323106706 -0.12885195 -0.93754971
vn 0.641124606 -0.0554539748 -0.765430808
vn -0.266796708 -0.271069378 -0.92484647
vn 0.0126042301 -0.203560159 -0.978981376
vn 0.756148875 0.0853322372 0.648812175
vn 0.498134106 0.0929308757 0.862105906
vn -0.574310601 -0.0883531272 0.813855827
vn -0.681599021 -0.14210023 0.717795491
vn -0.779250503 -0.165720031 0.604405105
vn -0.0349134803 0.063753739 0.997354805
vn -0.178534806 -0.105900146 0.978218079
vn -0.217144296 0.0282607172 0.9757303
vn -0.415738195 -0.0278644282 0.909057379
vn 0.180792406 0.0804165676 0.980228305
vn 0.990365326 0.0954016894 0.100376308
vn 0.991773725 0.0819128156 -0.098362498
vn 0.91927582 0.0853933468 0.384239614
vn 0.772008896 0.547236383 -0.323318362
vn 0.882102907 0.369193405 -0.292559177
vn 0.770830393 0.63672781 -0.0199596528
vn 0.953809679 0.0665313751 -0.292951703
vn 0.935283184 0.0393999331 -0.351700097
vn 0.799568117 -0.0724521577 -0.59618932
vn -0.878525913 -0.19715412 0.435112298
vn -0.955876172 -0.264963299 0.126866192
vn -0.868094325 -0.362265497 -0.339375943
vn -0.56680429 -0.344440669 -0.748394072
vn 0.885054708 0.0293289013 -0.464562207
vn 0.981248379 0.085270226 -0.172859907
vn 0.00338756992 0.777473509 0.628906667
vn 0.0692771599 0.671469748 0.73778671
vn 0.082401447 0.737065971 0.670778573
vn 0.199167505 0.606902421 0.769416571
vn 0.138221502 0.668736756 0.730538189
vn 0.0662874505 0.8353073 0.545772731
vn 0.0397663116 0.83426851 0.549922764
vn 0.236678094 0.50353992 0.830921829
vn 0.208324403 0.599276125 0.772961318
vn 0.299819499 0.421529561 0.855816126
vn 0.299725085 0.531484842 0.792268097
vn 0.435116887 0.683179617 0.586463273
vn 0.139291301 0.811881781 0.566962183
vn 0.168802306 0.86149931 0.478878617
vn 0.159552902 0.89743942 0.411273032
vn 0.255168587 0.905587912 0.338821024
vn 0.319202691 0.941493988 0.108160943
vn 0.291118592 0.943365872 0.159094349
vn 0.293783396 0.768671095 0.56818676
vn 0.444722712 0.855569303 0.264996439
vn 0.581839204 0.773160994 0.252359241
vn 0.657377899 0.752718985 -0.0356155261
vn 0.408991486 0.912165999 0.0260636583
vn -0.00866734888 0.316481441 -0.948559225
vn -0.0136421304 0.403709441 -0.914785683
vn -0.042238351 0.31513983 -0.948104918
vn -0.0375081301 0.265761435 -0.963308871
vn 0.0196239296 0.201885343 -0.979212701
vn 0.00369280507 0.294600725 -0.955613315
vn 0.139288604 0.304121524 -0.942395329
vn 0.0405907594 0.358511537 -0.932642519
vn 0.0132147605 0.62555182 0.780070722
vn -0.0116887596 0.632111967 0.774788916
vn 0.0349746309 0.685302258 0.727418482
vn -0.00784343388 0.700754642 0.713359237
vn 0.0476397797 0.686062455 0.725981236
vn 0.0184640791 0.71683532 0.69699806
vn 0.0097659817 0.711393416 0.702726245
vn 0.0299394093 0.785811305 0.617741466
vn 0.0701330304 0.692601919 0.717902482
vn 0.0554835685 0.814278424 0.577816963
vn 0.085728161 0.791635275 0.604949951
vn 0.196265697 0.830810308 0.520801544
vn 0.122288197 0.778012216 0.616232872
vn 0.300739706 0.941772521 0.150400445
vn 0.189343199 0.822959602 0.535618067
vn 0.133215606 0.624175787 -0.769843102
vn -0.0268263798 0.987877309 -0.152901351
vn 0.1659666 0.812009513 -0.559549749
vn 0.0546905883 0.379568934 -0.92354548
vn 0.0317704007 0.529232144 -0.847882211
vn 0.00888097193 0.939069271 -0.343613267
vn 0.0404685698 0.964349329 -0.261519969
vn 0.257153511 0.55550772 0.790748715
vn 0.4186607 0.386768162 0.821665108
vn 0.31040889 0.432759672 0.84638381
vn 0.365193486 0.289932966 0.884631276
vn 0.0552700087 0.628296137 0.776008487
vn -0.0364398882 0.625429451 0.779429317
vn 0.0248734299 0.509463012 0.860132992
vn -0.0764205381 0.564944565 0.821582317
vn 0.0170601606 0.568082452 0.822794795
vn -0.0221566502 0.352645516 -0.935494721
vn 0.185706407 0.39720124 -0.898746014
vn 0.180581093 0.672578573 -0.717655122
vn 0.295390904 0.709621727 -0.639672756
vn 0.320302308 0.895320296 -0.309528768
vn 0.250103205 0.95371902 0.16693905
vn 0.330830514 0.887504816 -0.320759058
vn 0.124060802 0.98394078 -0.128333449
vn 0.0509970114 0.115605444 -0.991985202
vn -0.0178843103 0.154183641 -0.987880409
vn -0.0105291 0.045198895 -0.998922706
vn 0.116706401 -0.046755746 -0.99206531
vn -0.0266430303 -0.0609157756 -0.997787178
vn 0.0611902997 -0.123967454 -0.990397871
vn 0.153571904 -0.0986375362 -0.9832021
vn 0.0934183523 0.335097641 -0.937540829
vn 0.084752731 0.332723916 -0.93920809
vn 0.0371419713 0.399650335 -0.915914893
vn 0.105625898 0.309492141 -0.945017397
vn -0.031892769 -0.101812758 -0.994292319
vn 0.0125128003 -0.143439457 -0.989579976
vn -0.0286265593 0.0118107535 -0.999520421
vn 0.0474268086 -0.158821955 -0.98616761
vn -0.0532863103 -0.174904957 -0.983142316
vn -0.202068493 -0.0604587272 -0.977503479
vn 0.0505706593 -0.295489073 -0.954006672
vn -0.0947318003 -0.388815373 -0.9164325
vn -0.186657101 -0.255661666 -0.948575914
vn 0.00573748304 -0.135503158 -0.990760326
vn -0.190623194 -0.154213756 -0.969474614
vn -0.30311361 -0.21943076 -0.927347004
vn -0.176982298 -0.0297563765 -0.983764172
vn 0.0237740204 -0.0438553169 -0.998754978
vn 0.0244453494 0.0428481549 -0.998782575
vn -0.148415402 0.0777327269 -0.985865414
vn 0.0221264903 0.118537143 -0.99270308
vn -0.0763288066 0.185526952 -0.979670227
vn 0.0306721907 0.239914551 -0.970309377
vn -0.144111201 0.127752945 -0.981280506
vn 0.348899603 0.887966514 -0.299640983
vn 0.454854399 0.838569224 -0.299848676
vn 0.661415875 0.658852279 -0.35838896
vn 0.652288496 0.397727221 -0.645238519
vn 0.573667228 0.736730576 -0.357958257
vn 0.553645492 0.831399202 -0.0474569909
vn -0.769989908 0.633540213 -0.0757781491
vn -0.935001194 -0.108405888 -0.337669909
vn -0.553587377 -0.291274965 -0.780192316
vn -0.832727373 -0.28047514 0.477387697
vn 0.915483177 0.288222909 0.280745685
vn 0.801705122 0.270307273 0.533106923
vn 0.393079787 0.0703453645 0.916809678
vn 0.277754903 -0.0465722419 0.959522486
vn 0.345721096 -0.172799543 0.922289073
vn 0.622991025 -0.369833231 0.68927902
vn 0.615054488 -0.700416923 0.362110883
vn 0.741253614 -0.63608402 0.21433717
vn 0.547292411 -0.0377211273 0.836091101
vn -0.808427215 -0.067173034 -0.584750772
vn 0.591465712 0.186351374 0.784500778
vn -0.0743744895 -0.425829858 -0.901741326
vn 0.289325505 -0.364098579 -0.885281324
vn 0.570458829 -0.210061371 -0.794009626
vn 0.822647274 0.0329302773 -0.567597687
vn 0.947048426 0.171763316 -0.271287203
vn 0.968316078 0.249312103 0.014405081
vn -0.347553402 0.404288739 -0.846024513
vn -0.433679104 0.451746523 -0.779645801
vn -0.427178115 0.40352574 -0.809126675
vn -0.465386987 0.277541429 -0.840467572
vn -0.425250113 0.148932144 -0.892738283
vn -0.3963826 0.28181383 -0.873763025
vn -0.562009573 0.298629522 -0.771340191
vn -0.57030201 0.156316534 -0.806424677
vn -0.502048016 0.280170232 -0.818200886
vn -0.465536892 0.398273021 -0.790350676
vn -0.532860279 0.431934237 -0.727662623
vn -0.531031907 0.396931022 -0.748632789
vn -0.436639309 0.0742839277 -0.896564722
vn -0.496735185 0.138161749 -0.85683471
vn -0.504965603 0.0442218482 -0.862006009
vn -0.444119513 -0.123939566 -0.887353897
vn -0.331097186 -0.171118155 -0.927951097
vn -0.348954588 -0.125982448 -0.928632975
vn -0.538807511 -0.121311761 -0.833648622
vn -0.585389495 -0.202891871 -0.784954786
vn -0.477112502 -0.213789552 -0.852442324
vn -0.720190108 0.0514247082 -0.691868305
vn -0.606107175 0.0380876921 -0.794470608
vn -0.2641716 0.387132317 -0.883369803
vn -0.149330005 0.459678829 -0.875440478
vn -0.226850003 0.480648518 -0.847063303
vn -0.309250712 0.165261239 -0.936510921
vn -0.209787905 0.275831133 -0.938033223
vn -0.300188005 0.275497943 -0.913229525
vn -0.323600709 0.477359116 -0.816952229
vn -0.222606495 0.118078545 -0.967731416
vn -0.311355203 0.103917345 -0.9445948
vn -0.218941599 -0.113682352 -0.969092906
vn -0.148536205 -0.15256466 -0.977067471
vn -0.193339199 -0.076938875 -0.978110611
vn -0.190011606 -0.171303451 -0.966721714
vn -0.210066602 -0.28783074 0.934358478
vn -0.412159503 -0.32307452 0.851908207
vn -0.425378889 -0.316607922 0.847827911
vn -0.413741797 -0.06567619 0.908022285
vn -0.320698798 -0.0174876805 0.947019815
vn -0.303607404 -0.0748031512 0.9498564
vn -0.513785481 -0.0383317173 0.857061923
vn -0.411331713 -0.0383315422 0.910679519
vn -0.607918024 -0.313526839 0.729477108
vn -0.569786429 -0.243814826 0.784791529
vn -0.398186207 0.0636633262 0.915092826
vn -0.381829888 0.00860645249 0.924192607
vn -0.314437598 0.0368669182 0.948562026
vn -0.385156393 0.0556675307 0.921170771
vn -0.456472009 0.0174567811 0.8895666
vn -0.483065695 -0.00289938622 0.875579417
vn -0.462023288 0.0887179524 0.882419109
vn 0.00430309679 -0.177191645 0.98416698
vn 0.111668497 -0.223428652 0.968302608
vn -0.199962407 0.0179452971 0.979639173
vn -0.179332107 -0.0488921255 0.982572913
vn -0.125618204 -0.293628037 0.947630107
vn -0.194743901 0.051760748 0.979487479
vn -0.0780976415 0.0297862981 0.996500671
vn -0.177958593 -0.0402856246 0.983213007
vn -0.0738243386 0.0253303163 0.996949613
vn -0.185343593 0.0196848679 0.982476711
vn -0.293869287 -0.012055072 0.955769479
vn -0.329120487 0.0512724072 0.942894995
vn -0.473289609 0.387408942 -0.791145623
vn -0.375811905 0.364428222 -0.852031529
vn -0.463552594 0.371721029 -0.804327428
vn -0.366231501 0.415520221 -0.832596898
vn -0.464441508 0.396261632 -0.792004287
vn -0.465814114 0.435325533 -0.770395398
vn -0.399033993 0.404649526 -0.822818816
vn -0.535007417 0.42492342 -0.730210304
vn -0.140358195 0.415031821 -0.898915112
vn -0.240581095 0.36241293 -0.900431871
vn -0.235820606 0.421895325 -0.875438809
vn -0.367845386 -0.00799600407 0.929852724
vn -0.367327988 0.0063479133 0.930069923
vn -0.261823803 -0.0233776923 0.964832604
vn -0.458087593 -0.0116887391 0.888830304
vn -0.447477907 0.00436421297 0.894284427
vn -0.136298999 -0.068820931 0.988274395
vn -0.243417993 -0.00247202534 0.96991837
vn -0.0872526094 -0.0301523637 0.995729804
vn -0.250103503 -0.229747161 -0.940566123
vn -0.412252098 -0.19990015 -0.888869107
vn -0.319500804 -0.276408285 -0.906376302
vn -0.164195701 -0.439421773 -0.883146822
vn -0.0456263982 -0.469936579 -0.881520271
vn -0.157111794 -0.51476413 -0.842813075
vn -0.284715891 -0.519623935 -0.805560589
vn -0.5345456 -0.477565974 -0.697274506
vn -0.335743994 -0.461606055 -0.821094215
vn -0.545411706 -0.304033875 -0.781082273
vn -0.402089 -0.296706557 -0.866192698
vn -0.2302991 -0.348378479 -0.908622503
vn -0.0159002505 -0.450242877 -0.892764628
vn -0.331224293 -0.264723063 -0.905655682
vn -0.201001406 -0.180278555 -0.962859273
vn -0.165750995 -0.25804168 -0.951809525
vn -0.551940501 -0.309922785 -0.774151027
vn -0.648559213 -0.304640561 -0.697542191
vn -0.608638406 -0.380784184 -0.69610548
vn -0.408556402 -0.367416859 -0.835515678
vn -0.600806117 -0.446560681 -0.663035214
vn -0.107396603 -0.183694258 -0.977099001
vn -0.147135198 -0.197278962 -0.969243109
vn 0.01965403 -0.401626557 -0.91559267
vn 0.100681096 -0.381971776 -0.918673396
vn 0.00671422388 -0.30406338 -0.952628076
vn 0.100286402 -0.445093274 -0.889850914
vn 0.145182103 -0.403989166 -0.903169274
vn 0.0960122868 -0.429674864 -0.897864819
vn 0.0482196808 -0.267833084 -0.962258101
vn 0.209486097 -0.206678256 -0.955719471
vn 0.199808493 -0.275648475 -0.940262973
vn 0.0175481997 -0.192481056 -0.981143892
vn -0.0648228526 -0.404746175 -0.912128627
vn 0.230999693 0.435752869 0.869918823
vn 0.113897301 0.476922274 0.871534705
vn 0.108800501 0.473015159 0.874310672
vn -0.080602102 -0.141183451 0.98669678
vn 0.123632401 -0.177620545 0.976302326
vn 0.185710207 -0.00268570893 0.982600927
vn -0.463224202 -0.280840039 0.840566695
vn -0.202373296 -0.304185629 0.930868506
vn -0.306504399 0.491939068 0.814893305
vn -0.0236519501 -0.209541351 0.97751379
vn -0.347584099 -0.279251426 0.895099998
vn -0.418446898 -0.267377615 0.867992818
vn -0.0887195393 -0.244551048 0.965569079
vn -0.650672615 -0.267441124 0.710704207
vn -0.411274999 -0.324356735 0.851848423
vn -0.552614391 -0.328480124 0.765975416
vn 0.2346351 0.499881476 0.833705604
vn 0.185589999 0.493685961 0.849606216
vn 0.162118405 -0.174692452 0.971185029
vn 0.228127301 -0.186347246 0.955632091
vn 0.255384088 0.450187564 0.855634272
vn 0.222180903 -0.150155246 0.96337378
vn 0.152625099 -0.22568734 0.962170005
vn -0.241408795 -0.0624427274 -0.968412519
vn -0.3692846 -0.208600059 -0.905601978
vn -0.394461215 -0.0932057053 -0.914173424
vn -0.393456906 0.0411402322 -0.918422222
vn -0.4640387 -0.178321362 -0.867680609
vn -0.371912688 -0.106910363 -0.922090709
vn -0.416464597 -0.027406171 -0.908738911
vn -0.415001005 -0.274612367 -0.867388189
vn -0.443743706 0.179633752 -0.87796551
vn -0.563509285 0.401909441 -0.721752226
vn -0.545100629 0.443105936 -0.711704016
vn -0.423642904 0.131875351 -0.896178305
vn -0.440672487 0.224990442 -0.869014978
vn -0.273607701 0.0910703316 -0.957520306
vn -0.533568025 0.495510429 -0.685401201
vn -0.335496098 0.314529538 -0.887982905
vn 0.213603005 -0.0562771074 -0.975298226
vn -0.0237129908 -0.0532856062 -0.998297811
vn -0.04785382 0.131048739 -0.990220308
vn 0.00817906763 0.49709487 0.867657721
vn 0.140969202 0.542452037 0.828174829
vn -0.0709887072 0.636212766 0.768240929
vn 0.236100003 0.382502764 0.893279672
vn 0.07993 0.439264178 0.89479512
vn -0.275374711 0.501582921 0.820111811
vn -0.35664919 0.537567854 0.764082611
vn 0.220773503 0.335402369 0.915840805
vn 0.203076005 0.450496584 0.86937511
vn 0.228740305 0.34138608 0.911665201
vn 0.202128202 0.391041577 0.897903502
vn -0.956923008 0.233073488 0.173134208
vn -0.973190427 0.229991302 0.00213630009
vn -0.964115322 0.264330596 0.0247209109
vn -0.913444519 0.204540685 0.351827204
vn -0.964950323 0.198098883 0.172127321
vn -0.939018786 0.284592807 0.193004221
vn -0.864631474 0.237192988 0.442890495
vn -0.903832078 0.23078768 0.360312104
vn -0.940644324 0.333151788 0.0647930652
vn -0.922672093 0.316397905 0.22038281
vn -0.837356508 0.164468169 0.521329701
vn -0.922586083 0.15720278 0.352310091
vn -0.671595871 0.0606407151 0.738431871
vn -0.678217828 0.128331274 0.723568678
vn -0.685184181 0.109258369 0.720128596
vn -0.463886708 0.062258441 0.883704126
vn -0.767503321 0.147744671 0.623787105
vn -0.828836203 0.171028674 0.532710016
vn -0.984407008 -0.0402247384 0.171244994
vn -0.999412417 -0.0226147119 0.0257581975
vn -0.982184589 -0.0291453581 0.185645506
vn -0.944269896 -0.0783127621 0.319721103
vn -0.974426925 0.130531892 0.182903394
vn -0.921166122 0.109228782 0.373526514
vn -0.990112305 0.140175804 0.00534088025
vn -0.840082109 -0.0583534427 0.539311588
vn -0.92240411 -0.03918631 0.384233296
vn -0.796208322 -0.26704064 0.542901218
vn -0.724649906 -0.126014128 0.677497625
vn -0.689906001 0.0296030883 0.723293483
vn -0.839407504 0.105139576 0.533236206
vn -0.834626019 0.0836822689 0.544423521
vn -0.943916619 0.319379508 0.0837741569
vn -0.933317482 0.242599681 0.264695793
vn -0.807142019 0.106237374 0.580719829
vn -0.840585291 0.134863466 0.524622023
vn -0.918689489 0.236279786 0.31651479
vn -0.733427823 0.0626245439 0.676876485
vn -0.621725202 0.0698265061 0.780116677
vn -0.602751672 0.0159919448 0.797768474
vn -0.704507113 0.0186777376 0.709451199
vn -0.994320989 -0.0891775414 0.0580783375
vn -0.988025606 -0.1425547 0.0590239018
vn -0.994764805 -0.101109199 0.0148321856
vn -0.975965381 -0.097813189 0.194741398
vn -0.994941413 -0.0586264729 0.0815765783
vn -0.9801687 -0.136601597 0.143559903
vn -0.95385462 -0.20066531 0.223371789
vn -0.997819424 -0.0560328886 0.0348831974
vn -0.909785807 -0.201245412 0.363029301
vn -0.985487819 -0.0990034938 0.137884602
vn -0.670868516 -0.348069131 0.654815495
vn -0.756611109 -0.333304435 0.562537014
vn -0.810680807 -0.251447439 0.528744578
vn -0.901777089 -0.165962622 0.399067193
vn -0.914378703 -0.260937095 0.309553891
vn -0.910458505 -0.269823104 0.313466012
vn -0.836827695 -0.466358989 0.286755383
vn -0.914081693 -0.330218107 0.235394791
vn -0.9047153 -0.113654017 0.410576701
vn -0.827044308 -0.425043225 0.367880464
vn -0.994071126 0.00845378172 0.1084041
vn -0.996158481 -0.0338756442 0.0807522535
vn -0.974115908 -0.197856799 0.109320194
vn -0.755241275 -0.103065133 0.647292972
vn -0.931526899 0.252940208 0.261302412
vn -0.70273751 0.409141779 0.582033575
vn -0.712779522 0.42287606 0.559572279
vn -0.711163819 -0.0783128962 0.698650897
vn -0.91264528 -0.257520705 0.3174299
vn -0.953143418 -0.0282912329 0.301193386
vn -0.701115608 0.447837472 0.554867983
vn -0.869189322 0.300065577 0.393027395
vn -0.712836206 0.443382382 0.543393672
vn -0.515932024 0.414424062 0.749711215
vn -0.3359828 0.628048956 0.701904714
vn -0.543853879 0.577730417 0.608646512
vn -0.344956309 0.502190351 0.792975485
vn -0.605965674 0.205182865 0.768573821
vn -0.847452402 0.133001864 0.513940513
vn -0.653027117 -0.0309468228 0.756702125
vn -0.700519323 0.305227816 -0.64506501
vn -0.636759579 0.209730223 -0.741990924
vn -0.85808152 0.307116032 -0.411553204
vn -0.722820401 0.261032015 -0.639838278
vn -0.681736708 0.383167922 -0.623231471
vn -0.841082275 0.394920141 -0.369619578
vn -0.84001112 0.367726117 -0.398947179
vn -0.690975428 0.411942333 -0.594017327
vn -0.945879281 0.264234602 -0.188394591
vn -0.936217308 0.2988168 -0.18494828
vn -0.926657319 0.338550597 -0.16336979
vn -0.949281394 0.312815696 0.0318003967
vn -0.9215101 0.367352694 -0.125980884
vn -0.771088123 -0.152654976 -0.6181584
vn -0.667349696 -0.114078373 -0.735955417
vn -0.822487473 -0.103642479 -0.559260905
vn -0.925498724 -0.107275382 -0.363241106
vn -0.920414329 0.14368692 -0.363581687
vn -0.816544473 0.106604025 -0.567354202
vn -0.988488019 -0.0813948438 -0.127539903
vn -0.941609204 -0.0797161236 -0.327135414
vn -0.9891119 -0.0465105027 -0.139623106
vn -0.971072972 0.157110021 -0.179815799
vn -0.881577909 0.263991117 -0.391317308
vn -0.750446379 0.32784152 -0.573890507
vn -0.874734819 0.280255735 -0.395342797
vn -0.890059412 0.185617208 -0.416341692
vn -0.585966706 0.378864139 -0.71631372
vn -0.836327195 0.218001112 -0.503023326
vn -0.944208086 0.289110005 -0.157754585
vn -0.954446495 0.293805003 0.0520651415
vn -0.948724926 0.176523909 -0.26222229
vn -0.766399682 -0.412742466 -0.492214739
vn -0.477626503 -0.503445745 -0.720010579
vn -0.733985603 -0.421866179 -0.532253921
vn -0.916575372 -0.318282098 -0.242045715
vn -0.901702106 -0.177410483 -0.394282907
vn -0.743451715 -0.26435867 -0.614324212
vn -0.972345412 -0.231916294 -0.0275589302
vn -0.913096011 -0.286359102 -0.29026559
vn -0.980558276 -0.1757918 -0.0871939659
vn -0.992108703 -0.121312603 0.0316786058
vn -0.981434822 -0.121374592 -0.148506194
vn -0.90525198 0.424670696 0.0131841488
vn -0.821340322 -0.192547366 -0.536959827
vn -0.774057925 -0.553434789 -0.307480723
vn -0.647315323 -0.748090208 -0.146096125
vn -0.932207108 -0.306015402 -0.19324711
vn -0.821911573 -0.404043168 -0.401510119
vn -0.898825705 -0.426141798 0.102544978
vn -0.84413439 -0.517333329 -0.140724733
vn -0.769938111 -0.617738903 0.159981564
vn -0.964081526 -0.264138192 0.0278939493
vn -0.182899907 -0.982831419 -0.0242931023
vn 0.971863389 0.224135295 0.0724228099
vn 0.298175395 -0.585516453 -0.753831506
vn 0.586331129 -0.619566321 -0.521875024
vn 0.263502508 -0.426200181 -0.865401626
vn 0.241806999 -0.500125051 -0.831507325
vn 0.994779706 -0.0101629356 -0.101538002
vn 0.666790485 -0.517763674 -0.536014318
vn -0.597411215 -0.577634811 0.556271374
vn -0.974172771 0.0412924327 -0.221996605
vn 0.723463297 -0.662424505 0.194408774
vn 0.851068914 -0.514193773 -0.106238626
vn 0.757853329 -0.484828442 0.43657738
vn 0.837438226 -0.495443493 0.230722681
vn -0.298142195 -0.809400082 -0.50594753
vn 0.214583203 -0.969271719 0.120277658
vn -0.557947278 -0.799199522 -0.223551229
vn 0.497133613 -0.676588774 -0.543218195
vn 0.296427399 -0.9418962 0.157994851
vn 0.237710297 -0.962530077 0.130498052
vn -0.693572104 0.6855762 0.221231431
vn -0.852345407 0.512420475 -0.104559377
vn -0.823287487 0.525999427 0.213360131
vn -0.541878402 0.619886875 0.567545593
vn -0.939670205 0.227554679 0.255419105
vn -0.836355925 0.205426589 0.508240879
vn -0.940256298 0.246684089 0.234659716
vn -0.96595031 0.255411804 -0.0412918776
vn -0.447835505 0.0166022312 0.893961906
vn -0.371236086 0.248487651 0.894671679
vn -0.378193706 0.147895858 0.913836002
vn -0.737944305 0.0345472284 0.673976779
vn -0.597210109 0.143473163 0.789148629
vn -0.070895128 -0.0324109532 0.996957183
vn -0.129402101 -0.232099846 0.964046121
vn -0.1794824 -0.0820656866 0.980332315
vn -0.38381359 0.0759020001 0.920285821
vn -0.91990608 0.130896285 0.369647086
vn -0.957754672 0.176919982 0.226727411
vn -0.68295902 -0.252821237 0.685308993
vn 0.406238794 -0.365526438 0.837472677
vn 0.283339709 -0.665470064 0.690556705
vn 0.0258194208 -0.595587432 0.802875578
vn -0.174663603 -0.413326621 0.893674314
vn 0.116429299 -0.138677642 0.983469784
vn 0.243268296 -0.267439634 0.932360828
vn -0.938994884 -0.186901718 0.288714886
vn -0.877376199 0.376336604 -0.297626674
vn 0.659977317 -0.43648544 0.611482322
vn 0.856578171 -0.129492313 0.499505311
vn 0.970338821 0.152170479 0.187847897
vn 0.557651877 -0.409723938 0.721907675
vn -0.379573494 0.469972879 0.796899974
vn -0.687935174 0.486568868 0.538512826
vn -0.483882993 0.34181577 0.805617213
vn -0.660790205 0.141789675 0.737056375
vn -0.371910095 0.0530122109 0.926753819
vn -0.627621293 0.146765366 0.764559627
vn -0.840035081 0.183174878 0.510674179
vn -0.176551998 -0.296766073 -0.938487828
vn -0.31544289 -0.163275748 -0.934792519
vn -0.0795017406 -0.364029467 -0.927988172
vn -0.203961104 -0.16578126 -0.964840114
vn -0.27271831 -0.212473556 -0.938338816
vn -0.0263078194 -0.288379371 -0.95715481
vn -0.448565513 0.040590018 -0.892827809
vn -0.636290729 0.288313031 -0.715548575
vn -0.4533979 -0.0970214829 -0.886012018
vn -0.69641161 0.0629605874 -0.714875519
vn -0.716055274 0.0828917921 -0.693104506
vn -0.423361003 -0.0630829558 -0.903762221
vn -0.388356596 -0.01168878 -0.921435118
vn -0.153877497 -0.090824917 -0.983906806
vn -0.66900897 0.0873456299 -0.738104224
vn -0.421687394 -0.677745581 -0.602362514
vn -0.307699293 -0.935946584 0.171245754
vn -0.481468588 -0.864757419 0.142768055
vn -0.533932924 -0.350451738 0.76947999
vn -0.545018017 -0.799734116 0.251755685
vn -0.481960803 -0.840623677 0.247114778
vn 0.056796249 -0.177194461 -0.98253572
vn 0.341301203 -0.329581559 -0.880278111
vn 0.189492598 -0.683717787 0.704714715
vn -0.257915586 -0.929912329 0.262188256
vn -0.265637785 -0.928328276 0.260083258
vn 0.362571806 -0.830008686 0.423824459
vn -0.289105803 -0.923167288 0.253337681
vn -0.273485988 -0.939362109 0.206892163
vn -0.827337325 0.236582592 0.509452283
vn -0.664161921 0.18567957 0.724162996
vn -0.310414702 -0.519809783 0.795889914
vn -0.418695599 -0.868917704 0.263962179
vn 0.420497686 -0.871453822 0.252487779
vn -0.276256889 -0.959879577 0.0480976775
vn 0.521759212 -0.852192402 -0.0391868688
vn 0.673043013 -0.256820232 0.693582475
vn 0.755866528 -0.328934938 0.566098809
vn -0.899816096 -0.328656912 -0.286907196
vn -0.514545619 -0.857179224 0.0220649429
vn -0.597080171 -0.801986873 0.0176706538
vn -0.945034325 -0.224470422 0.237746388
vn -0.641291916 -0.760528922 0.101688668
vn -0.618383527 -0.759962916 0.200145975
vn 0.189888895 -0.0615872517 0.979872108
vn 0.380479515 -0.13797614 0.914438605
vn 0.549414873 -0.202406436 0.810663283
vn 0.108128697 -0.61236316 0.783147216
vn -0.314618796 -0.910621405 0.267924964
vn -0.116154999 -0.534905136 0.836889803
vn -0.387689501 0.119361766 0.914029419
vn -0.0470907018 0.0177619569 0.998732805
vn 0.271497011 -0.949690223 0.156135157
vn 0.317271799 -0.723505616 -0.613089263
vn -0.194437593 -0.655490756 0.729743779
vn 0.352216989 -0.928563774 0.117100462
vn -0.000427260995 -0.657616138 0.753353119
vn -0.931877911 0.261489809 0.2514489
vn -0.970211327 0.239973903 -0.0332050771
vn -0.964940786 0.260019392 -0.035767898
vn 0.267533809 -0.526949465 0.806690872
vn 0.353201896 -0.934231699 0.0495940596
vn 0.436118394 -0.501581967 0.747138798
vn 0.839203179 -0.439866006 0.319774866
vn 0.352837712 -0.909272015 0.220748559
vn 0.891323328 -0.439267814 0.112189777
vn -0.696992517 0.563838303 -0.443044066
vn -0.79094398 0.441251338 -0.423916161
vn -0.741232276 0.657516718 -0.135080174
vn -0.91033107 0.198711514 -0.363058209
vn -0.90583837 0.218486413 -0.362933487
vn 0.81906718 -0.378618032 0.431018978
vn 0.880808115 -0.412219703 0.232920781
vn 0.882758081 -0.459919214 -0.0959817916
vn 0.642055988 -0.393876523 0.657742679
vn 0.371511787 -0.916739702 0.14685896
vn 0.767282128 -0.46914044 0.437247872
vn -0.683141708 -0.712043405 0.162209466
vn 0.230906293 -0.969159603 0.0860938579
vn 0.697210729 -0.458001375 -0.551481605
vn 0.399954885 -0.910328507 0.106481664
vn -0.319659889 -0.713878572 0.623052955
vn 0.288224906 -0.950495303 0.116126157
vn -0.502261996 -0.748769283 0.432524562
vn 0.232766107 -0.968602598 0.0873444751
vn 0.36357379 -0.912947774 0.185311854
vn -0.364976496 -0.749210417 0.552698612
vn 0.280166686 -0.949697971 0.139930651
vn 0.322216213 -0.937015116 0.134831458
vn 0.147040099 -0.74917841 -0.645841479
vn 0.256272107 -0.95800662 0.128639549
vn -0.0509668514 -0.811502993 -0.582121432
vn 0.232831493 -0.964836299 0.121985458
vn 0.290542603 -0.949237883 0.120550655
vn 0.856196105 -0.501039922 -0.126045808
vn 0.726627529 -0.581051707 -0.366594523
vn 0.114660896 -0.761242509 -0.638249874
vn -0.273938805 -0.960159421 0.0552393906
vn -0.218975395 -0.967550993 0.126074851
vn -0.148292899 -0.777812898 -0.610750735
vn -0.582039714 -0.531804383 -0.615153491
vn -0.4993577 -0.864552319 0.0564912744
vn -0.971426487 -0.236768007 -0.0164803304
vn -0.276811987 -0.952758193 0.125007853
vn 0.351067305 -0.777914822 0.521153152
vn -0.279527009 -0.925347507 0.256118566
vn 0.359514207 -0.826241672 -0.433675438
vn -0.865867019 -0.267106235 0.422999501
vn -0.758777201 -0.270342231 0.592598081
vn -0.5752545 -0.788491428 0.217631564
vn -0.733895779 -0.460809767 -0.499050438
vn -0.899616718 0.20521161 -0.38545841
vn 0.343956888 -0.920443416 0.18568176
vn 0.0757179782 -0.585021555 0.807475507
vn 0.365348101 -0.929011405 0.0588108376
vn -0.173381403 0.757158995 0.629801035
vn -0.110509202 0.830635309 0.545740664
vn -0.170021504 0.791145086 0.587522149
vn -0.34166199 0.663761318 0.665348172
vn -0.136146396 0.842575729 0.521085978
vn -0.226300105 0.709114313 0.667791367
vn -0.1038858 0.848940194 0.518177986
vn -0.358390987 0.512819827 0.780110002
vn -0.266862512 0.604133368 0.750871122
vn -0.37987709 0.380212784 0.843286276
vn -0.349019408 0.515563548 0.782546878
vn -0.181008205 0.816475093 0.54827404
vn -0.302472502 0.778566778 0.54985857
vn -0.220502004 0.862994313 0.454554439
vn -0.205972597 0.900096595 0.383928925
vn -0.424099594 0.904935181 0.0350975096
vn -0.278000712 0.908164024 0.312975824
vn -0.336559802 0.933687925 0.122288235
vn -0.425255686 0.874163985 0.234510243
vn -0.429980993 0.700500727 0.569574654
vn -0.562072873 0.797498286 0.219250232
vn -0.533846617 0.840506315 -0.0925044641
vn -0.0842331573 0.343036622 -0.935537696
vn -0.0528899394 0.435358137 -0.898702502
vn -0.0905191824 0.160956949 -0.982801676
vn -0.0937247798 0.268630922 -0.958672583
vn -0.209115699 0.168647647 -0.963238597
vn -0.202369899 0.368300527 -0.907414615
vn 0.0382096693 0.65551585 0.754214108
vn -0.00128179695 0.697365344 0.71671468
vn -0.0590248108 0.737657726 0.672590077
vn 0.00643950701 0.759100914 0.650941253
vn -0.0900925323 0.786753178 0.610657752
vn -0.139259607 0.844713807 0.516783834
vn -0.0822793171 0.838358104 0.538874745
vn -0.153053701 0.832380414 0.532651484
vn -0.135751307 0.826776803 0.545904636
vn -0.231487602 0.837963879 0.494196415
vn -0.135534704 0.817816794 0.559290648
vn -0.128273502 0.881007016 0.45538184
vn -0.307541013 0.940019011 0.147590339
vn -0.280532897 0.952139497 0.121375047
vn -0.0251477305 0.613433778 -0.789345801
vn 0.0195015594 0.996198416 -0.0849035457
vn 0.02035629 0.972646594 -0.231396362
vn 0.0250868201 0.33223322 -0.942863584
vn -0.0983042717 0.777461708 -0.621200264
vn -0.370017409 0.651803315 0.661996722
vn -0.519435108 0.534938812 0.66635412
vn -0.60953331 0.35674116 0.7079584
vn -0.802447617 0.242080167 0.545412779
vn -0.113348097 0.696111441 0.708929539
vn 0.05554533 0.662851155 0.746688128
vn 0.128057301 0.576441169 0.807042122
vn -0.114813797 0.374258935 -0.920189202
vn 0.187541395 0.130592346 -0.973536909
vn -0.225448102 0.659314454 -0.71727097
vn 0.0674469993 0.329727322 -0.941663921
vn -0.247452095 0.908993006 -0.335409373
vn -0.0690948293 0.974561214 0.213205338
vn 0.0558497906 0.997910976 0.0324722342
vn -0.300067097 0.87725091 -0.374687165
vn -0.108769096 0.602808058 -0.790437818
vn -0.134039193 0.0888712257 -0.98698312
vn -0.189460501 -0.0330822542 -0.981330872
vn -0.032746911 -0.0107120965 -0.999406278
vn -0.146307901 -0.103794858 -0.983778715
vn -0.0281997304 0.385976732 -0.922077477
vn -0.0470605418 0.429496437 -0.9018417
vn -0.155738696 0.380572438 -0.911542714
vn -0.0992170498 -0.139257848 -0.985273302
vn 0.0111699104 -0.191200748 -0.981487393
vn 0.00570708513 -0.0526459962 -0.998596907
vn 0.0596951805 -0.274182856 -0.959823072
vn 0.0870411918 -0.331714958 -0.939355612
vn 0.145025298 -0.226937652 -0.963050902
vn 0.0135807898 -0.20844245 -0.977940381
vn 0.175636306 -0.161902755 -0.97105068
vn 0.219372198 -0.0523709208 -0.9742347
vn 0.204267398 0.0748950019 -0.976046026
vn 0.133583307 0.165933952 -0.977047384
vn -0.340597808 0.878382206 -0.33531788
vn -0.472413599 0.814935625 -0.335716069
vn -0.422688901 0.600706518 -0.678591073
vn -0.638958216 0.758625507 -0.127358168
vn -0.624642015 0.6386199 -0.449429661
vn -0.569725871 0.707457423 -0.418230265
vn 0.848851681 -0.491658896 -0.194222018
vn 0.978656709 -0.150245607 -0.140204802
vn 0.337450892 -0.414694965 -0.845076919
vn 0.880749822 -0.310073733 0.357958108
vn 0.957171977 0.285689712 -0.046938397
vn -0.931318104 0.357438594 -0.0698885173
vn -0.908021986 0.361200601 0.212203413
vn -0.381552786 0.11127346 0.917625129
vn -0.294172406 -0.0282300506 0.955335498
vn -0.420424014 -0.182012841 0.888884306
vn -0.818425 -0.0427264161 0.573022604
vn -0.694155216 -0.372118443 0.616179109
vn 0.829756021 0.195017576 0.522946477
vn 0.990530074 0.127325997 -0.0513636954
vn -0.795728207 0.318468273 0.515164793
vn -0.571205318 0.224166572 0.78960371
vn -0.0635417104 -0.304249465 -0.950470805
vn -0.284191906 -0.190224156 -0.939707279
vn -0.471092314 -0.0495934039 -0.880688727
vn -0.694751203 0.165416926 -0.699970007
vn -0.866679609 0.308333844 -0.392169595
vn 0.151098698 0.923896313 0.351546317
vn 0.142434701 0.761615574 0.632182181
vn 0.0802053809 0.77898097 0.621896982
vn 0.0115363002 0.782241106 0.622869134
vn 0.0240183994 0.812048614 0.583095431
vn -0.136208102 0.822559118 0.552126765
vn 0.073764801 0.943011999 0.324479938
vn 0.0291459505 0.98223561 0.185374752
vn -0.151893407 0.836985826 0.525721788
vn -0.0178536698 0.781443596 0.623720586
vn -0.0414447114 0.783512592 0.619992137
vn 0.158853799 0.951047719 0.265092134
vn -0.0531943999 0.881782115 0.468648016
vn -0.00100707996 0.991233587 0.132117644
vn 0.154790804 0.815795422 0.557241082
vn -0.154306501 0.970184326 0.186901346
vn -0.0785863325 0.995498478 0.0529809333
vn 0.245767206 0.878084421 0.410568237
vn -0.0586570501 0.986031413 0.155889943
vn -0.0439174697 0.834798813 0.548800945
vn 0.811467528 0.0361648947 -0.583277583
vn 0.529477 -0.0554532632 -0.846509874
vn -0.584074497 -0.268171281 -0.766120911
vn -0.987322271 -0.119665205 0.104283594
vn -0.88427788 -0.285929263 -0.369184107
vn -0.881235301 -0.107518323 0.460287094
vn -0.769798279 -0.119362533 0.627027214
vn 0.990823925 0.130162701 0.0364089087
vn 0.9542557 0.106513314 -0.279376209
vn -0.0109869204 0.143288255 0.98962009
vn 0.222027496 0.15311496 0.962943196
vn -0.396136701 0.0415973179 0.917248785
vn -0.207744494 0.103338055 0.972709417
vn -0.687814116 -0.0880177319 0.720530808
vn -0.585663676 -0.0220348556 0.810254574
vn 0.801410675 0.124000579 0.585119307
vn 0.934704602 0.111699387 0.337417692
vn -0.302565485 -0.236613855 -0.923291922
vn 0.227244899 -0.144080356 -0.963120401
vn -0.0441000983 -0.180123851 -0.982654929
vn -0.875466704 0.211587921 -0.43449831
vn -0.6489411 0.0955573022 -0.754814088
vn 0.363113999 -0.247752458 -0.898202121
vn 0.721832573 -0.388840973 -0.572503686
vn 0.89036721 -0.376820594 0.255445659
vn 0.827805519 -0.351307631 0.437402576
vn -0.925664306 0.30384469 0.225442022
vn -0.953915179 0.291521609 -0.0711407438
vn 0.159889594 -0.0104070129 0.987080216
vn -0.053927239 0.0186165664 0.998371422
vn 0.69276762 -0.221420735 0.686327875
vn 0.546199977 -0.159462228 0.822336614
vn 0.786308229 -0.300282836 0.53995347
vn 0.30797559 -0.680867016 0.664508402
vn -0.660095513 0.253216177 0.707216799
vn -0.82670629 0.285477281 0.484829307
vn 0.0719030425 -0.13269715 -0.988545179
vn -0.379868895 0.00476096151 -0.925028205
vn -0.145027295 -0.0731850341 -0.986717403
vn -0.627257526 -0.0364092253 0.777960479
vn 0.576606929 0.131570026 -0.806358516
vn 0.529113591 -0.380179167 -0.758618891
vn 0.448997498 -0.276289672 -0.84974432
vn 0.849159598 0.0575892068 0.524987221
vn 0.629798412 -0.0278031528 0.776260912
vn -0.432759702 -0.332168967 -0.83808291
vn -0.277637094 -0.304646969 -0.911102593
vn -0.949296415 0.193765685 0.247570813
vn -0.747853577 0.184613377 0.637677729
vn 0.179118395 -0.34230566 -0.922357619
vn 0.116462298 -0.287371457 -0.950712502
vn 0.0296338703 -0.277569771 -0.960248411
vn -0.952791274 -0.23887682 0.187420785
vn -0.94579792 -0.317615896 0.0677226558
vn -0.912089705 -0.376603991 -0.162055716
vn -0.834935486 -0.447803587 -0.319929421
vn -0.641090691 -0.432429463 -0.634040713
vn -0.988776624 0.022614345 0.147680104
vn -0.957561612 -0.211984411 0.19529058
vn 0.167918801 0.217177257 0.961580575
vn 0.223704904 0.324845165 0.918929696
vn 0.0214856192 0.149728253 0.988493681
vn 0.0661044717 0.276320279 0.958789527
vn -0.467580706 0.0967449695 0.878640175
vn -0.117987499 -0.328356981 -0.937155724
vn 0.0771223903 -0.35551998 -0.931481421
vn -0.356981486 -0.360155463 -0.861888826
vn -0.160680607 -0.358838171 -0.919465601
vn 0.926313877 -0.353654593 0.129888982
vn 0.89205718 -0.447966605 0.0596657731
vn 0.848436594 -0.484951705 -0.212078616
vn 0.732797325 -0.538725495 -0.415672034
vn 0.351676494 0.0538973995 0.934568822
vn 0.981319726 0.0415367931 0.187846705
vn 0.9746508 -0.181861907 0.130315587
vn -0.1397468 0.253338784 0.957230628
vn -0.0338459015 0.226667151 0.973384023
vn -0.223215595 0.314741969 0.922557473
vn 0.178570494 -0.255296975 -0.950229585
vn -0.205184206 -0.290731072 -0.934545219
vn 0.648755372 -0.482911766 -0.588143408
vn 0.236586198 -0.332722276 -0.912865222
vn 0.389948785 -0.327841371 -0.860499918
vn 0.774583519 -0.32860294 0.540407777
vn -0.224959806 -0.382868171 -0.895994008
vn -0.800548375 -0.18656373 0.56948781
vn -0.915965915 -0.181069016 0.358079106
vn -0.0742837116 -0.220226452 -0.972616196
vn -0.054720521 -0.14981775 -0.987198174
vn -0.0295422003 -0.0773957446 -0.996562719
vn -0.983376086 -0.116856396 -0.138982505
vn -0.91147238 -0.220162079 -0.347486287
vn -0.748208404 -0.333666265 -0.573455513
vn -0.503846526 -0.399561375 -0.765825987
vn -0.652827203 -0.217690423 0.725553393
vn -0.970276594 -0.181438506 0.16013588
vn -0.987022877 -0.139778107 0.079044804
vn -0.997096419 -0.0761151314 0.00231945165
vn -0.0603061318 -0.209362447 0.975976825
vn 0.177040994 -0.185952649 0.966477215
vn -0.385643303 -0.196911246 0.901390791
vn -0.0909765288 -0.280254275 -0.95560497
vn -0.328326195 -0.392447084 -0.859178185
vn -0.147805601 -0.337575376 -0.929621816
vn -0.0312817618 -0.102482252 -0.994242907
vn -0.00735515309 -0.053592097 -0.998535872
vn 0.944193602 -0.27900371 -0.175086915
vn 0.968941212 -0.246408701 0.0208748393
vn 0.865944982 -0.296064377 -0.403094411
vn 0.73682493 -0.303086072 -0.604340971
vn 0.569649279 -0.320273161 -0.756917894
vn 0.621016622 -0.335626125 0.708303213
vn 0.86556381 -0.363853633 0.344107479
vn 0.925015211 -0.361014992 0.118385084
vn 0.949314117 -0.303386211 0.0822173133
vn 0.00067141396 -0.203499645 0.979074776
vn -0.1688032 -0.159891546 0.972594619
vn 0.01663303 -0.129646137 0.991420925
vn 0.321522713 -0.263779819 0.909419298
vn 0.118628703 -0.275955975 -0.95382148
vn 0.0151984598 -0.186441049 -0.982348621
vn 0.379053205 -0.0734606683 0.922454476
vn 0.381829292 -0.919582725 0.0925960764
vn 0.489589095 -0.130469561 -0.862137079
vn 0.630459905 -0.138159066 -0.763827622
vn 0.719518423 -0.0618316792 0.691715419
vn -0.476733387 -0.0665002614 -0.876528978
vn -0.71009922 -0.0153513812 0.703934312
vn -0.838674128 0.00698891841 0.544588923
vn -0.237226993 0.057467971 -0.969753027
vn -0.190593407 0.0527374558 -0.980251491
vn -0.0226753298 0.0048524579 -0.999731183
vn -0.984532118 0.00918609649 -0.174963504
vn -0.932038009 -0.0115668541 -0.36217609
vn -0.831108689 -0.0456266627 -0.55423522
vn -0.714299977 -0.0712620914 -0.696202099
vn -0.542384624 -0.0624114573 0.837809026
vn -0.923502028 0.0160833932 0.383256406
vn -0.980561316 0.0216078013 0.195019603
vn -0.999741316 0.0184029303 0.0133672906
vn -0.117620803 -0.0958301872 0.988424122
vn -0.304000705 -0.16721414 0.937882304
vn -0.443959206 -0.147833839 0.883767724
vn -0.385482699 -0.0293895192 -0.922246873
vn -0.279310107 0.0221568123 -0.959945321
vn -0.600304186 -0.0708034858 -0.796631515
vn 0.207929 0.0587499514 -0.976378083
vn 0.109930798 0.0507537536 -0.992642701
vn 0.995162129 -0.00366222369 -0.0981794521
vn 0.995464027 0.00152593385 0.0951272771
vn 0.94407922 -0.0132147465 -0.329454094
vn 0.849633276 -0.0582922362 -0.524142504
vn 0.739451826 -0.121710867 -0.662115872
vn 0.587459922 -0.10004124 0.803045928
vn 0.831508994 -0.0484634824 0.553393304
vn 0.976678729 -0.0245375093 0.213299394
vn 0.911380887 -0.0281687491 0.410598993
vn 0.252605885 -0.0871318355 0.963638127
vn 0.100956798 0.00222779857 0.994888425
vn -0.0267652795 0.0253613666 0.999319971
vn 0.45800221 -0.120215237 0.880785108
vn 0.383927703 -0.0762971863 -0.920205593
vn 0.287124813 0.00570712704 -0.957876205
vn 0.535852909 0.173744664 0.826241314
vn 0.91795212 -0.381366014 -0.109197117
vn -0.367848009 0.164895162 0.915148914
vn 0.9018417 0.313676089 -0.297134608
vn 0.716646671 0.5076527 -0.478232384
vn 0.875597596 0.424126208 -0.23118338
vn 0.0857269093 0.354962736 -0.93094182
vn 0.240797997 0.347158134 -0.906364977
vn 0.144995198 0.471303135 -0.869971216
vn -0.183880001 0.0373252742 0.982239783
vn -0.390001506 0.0937846452 0.916025817
vn -0.399490386 0.128270254 0.907719195
vn 0.347856998 -0.000396789954 0.937547624
vn 0.524868488 0.102544263 0.844983876
vn 0.312883914 -0.00762985228 0.949760795
vn 0.169716597 -0.0079044532 0.985461175
vn 0.359360009 0.0481587797 0.931955576
vn 0.605867326 0.0968068391 0.789654016
vn -0.184581205 0.0290238969 0.982388616
vn -0.343948692 0.0694916397 0.936413527
vn -0.62201798 0.111365564 0.775042892
vn -0.652612329 0.169622973 0.738461494
vn 0.0470002815 0.454041332 -0.889740229
vn -0.657073677 0.25745818 0.70849818
vn -0.539975822 0.65781039 -0.525082529
vn -0.708685875 0.56747371 -0.419211477
vn -0.689804316 0.602091014 -0.402065367
vn -0.536374271 0.587341309 -0.606079996
vn -0.710349321 0.532235503 -0.460574865
vn -0.003875911 0.00112916529 0.999991894
vn 0.166238606 0.0381795838 0.985346198
vn 0.2687186 0.414476633 -0.869482398
vn 0.521208704 0.474636316 -0.709268689
vn 0.534453571 0.387014925 -0.751384616
vn 0.259568393 0.497498542 -0.827719629
vn 0.0872855112 0.500457585 -0.861349821
vn 0.269147992 0.55804193 -0.784951389
vn -0.326987207 0.547399938 -0.770345807
vn -0.115757801 0.584069073 -0.803407609
vn -0.115149803 0.521790862 -0.845266223
vn -0.340346992 0.677092791 -0.652463973
vn -0.315750897 0.624421537 -0.714422405
vn -0.133676305 0.603038967 -0.78643173
vn -0.543793201 0.533294618 -0.647986174
vn 0.859108627 0.180672184 0.478842407
vn 0.64555341 0.150645375 0.748710215
vn 0.889735281 0.222761884 0.398432195
vn -0.844622791 0.300127178 0.443324
vn -0.862993002 0.340045482 0.373647213
vn 0.932935476 0.312117904 0.179482222
vn 0.813572407 0.201912865 0.545280814
vn 0.960345209 0.266340405 0.0824626759
vn -0.833720922 0.267408371 0.483117402
vn -0.886127889 0.434625298 0.160867214
vn -0.912522614 0.400380701 0.0836529881
vn -0.00399798108 -0.0028077797 0.999988079
vn -0.946757317 0.32118091 -0.0222177356
vn 0.974420071 0.223675907 0.0217907485
vn 0.685306728 0.599242806 -0.413839161
vn 0.832932413 0.525572717 -0.173196867
vn -0.86717838 0.411920398 -0.279862881
vn -0.829368412 0.532688022 -0.168498263
vn -0.849739909 0.476553887 -0.225474179
vn -0.153422102 0.455902159 0.876706779
vn -0.4847745 0.357904255 0.798059106
vn -0.0789523125 0.365005672 0.927651584
vn 0.313128412 0.388877273 0.866443872
vn 0.237438306 0.445303768 0.863323629
vn -0.214156806 0.451752782 0.866057873
vn -0.54955858 0.469781458 0.690862417
vn 0.0144048296 0.036897134 0.999215305
vn -0.44115451 0.0744972453 0.89433372
vn -0.521144986 -0.0204173066 0.85322392
vn -0.565835118 -0.0976019874 0.818721175
vn -0.0112615796 -0.0158394929 0.999811172
vn 0.506318271 0.00564601133 0.862328172
vn 0.527009726 0.0612829514 0.847646773
vn 0.02224808 0.027832998 0.999364972
vn -0.0265514795 0.229502857 0.972945929
vn -0.355486393 0.196878657 0.91371119
vn 0.124578401 0.122380957 0.984633625
vn 0.474478185 0.0982709751 0.8747648
vn 0.414016992 0.278147578 0.866731703
vn -0.463491708 0.23707135 0.853798926
vn -0.575504422 -0.212567627 0.7896896
vn -0.0261242297 -0.145606041 0.988997817
vn -0.594294786 -0.23353073 0.769595504
vn -0.0698283911 -0.18305555 0.980619609
vn 0.479338288 -0.111121237 0.870567024
vn 0.4962053 -0.0738860667 0.865055621
vn 0.241711006 0.120916553 0.962785125
vn -0.254955202 0.0770297721 0.963879824
vn 0.166601703 0.045777984 0.984960973
vn 0.616737485 -0.00412014546 0.787158191
vn 0.683902502 -0.00808754656 0.729528606
vn 0.58868432 -0.0365314744 0.807537317
vn -0.205180705 0.181314662 0.961782575
vn -0.596800983 -0.118108936 0.793649077
vn -0.090489082 -0.157936245 0.983294487
vn -0.496151596 -0.138404846 0.857133508
vn -0.0519744717 -0.228071451 0.972256303
vn 0.304675102 -0.254775941 0.91774857
vn 0.390311509 -0.154397249 0.90764451
vn 0.0399500094 -0.171489045 0.984375715
vn -0.400651008 -0.265574843 0.876897216
vn -0.0283518992 -0.337598622 0.940863073
vn 0.496031493 -0.181132525 0.849201918
vn -0.327077389 -0.137337744 0.934964716
vn -0.0297564194 -0.267594635 0.963072121
vn -0.436428487 -0.228529841 0.870232403
vn -0.417293906 -0.255357116 0.872157395
vn 0.0294812303 -0.27811873 0.960094213
vn 0.34886381 -0.287795126 0.891890228
vn -0.47807619 -0.153967038 0.86471808
vn -0.0950680897 -0.0932980552 0.991089106
vn -0.1294633 -0.260055929 0.956875324
vn 0.387466401 -0.302990437 0.870670319
vn -0.347676814 -0.175333843 0.921074927
vn 0.131995901 -0.15860875 0.97847873
vn -0.256269604 -0.0744363442 0.963735104
vn 0.196754396 -0.0478229299 0.979285777
vn 0.469478905 -0.101720937 0.877064705
vn 0.417865902 -0.237101942 0.877023876
vn 0.489586711 0.0995531231 0.866252899
vn 0.281145513 0.210034952 0.936398685
vn 0.652837992 0.0656163916 0.754650295
vn 0.782919586 -0.0328085646 0.621257186
vn 0.593537927 -0.0654942691 0.802136719
vn 0.204994395 0.0511799008 0.977424085
vn 0.0948219225 0.209999859 0.973092377
vn 0.0420861207 0.267929256 0.962518871
vn -0.1799106 0.112005353 0.977285624
vn -0.402613103 0.139229849 0.90471971
vn -0.111578502 0.256636769 0.960045815
vn 0.307573587 0.349690259 0.884938002
vn 0.411884606 0.314773083 0.855142713
vn 0.253278702 0.178109959 0.950855911
vn 0.828929603 0.0633576289 0.555753112
vn 0.986240625 -0.0382398367 0.160833195
vn 0.769634187 0.200450271 0.606203675
vn 0.978234828 0.00714146113 0.207378507
vn 0.703780174 0.280443877 0.652721107
vn -0.841989279 0.0448934175 0.537623107
vn -0.89314121 -0.0884137899 0.441000909
vn -0.992071927 -0.0169988852 0.124516301
vn -0.993651986 -0.1046817 0.0412012264
vn -0.906274021 -0.169749022 0.387108296
vn 0.874496877 -0.215984315 0.434288114
vn 0.956977904 -0.269542009 0.107426085
vn 0.852004707 -0.119421624 0.509731829
vn 0.981028616 -0.138433501 0.135717303
vn -0.911755025 -0.21659331 0.348984689
vn -0.979401171 -0.199567005 -0.0307636298
vn -0.982912779 -0.183722004 -0.0113528986
vn -0.903115094 -0.220407411 0.368515611
vn 0.926114321 -0.141518921 0.349692494
vn 0.997697592 -0.0664094016 0.0137640769
vn 0.972777903 -0.230475903 0.0241706204
vn 0.913602293 -0.0466338471 0.403926104
vn -0.900036275 -0.0969894081 0.42488569
vn -0.99488461 -0.0823093578 0.058565665
vn -0.992582202 0.0198680647 0.119941197
vn -0.868245125 -0.0454738326 0.494047314
vn 0.839022398 -0.241739213 0.48744601
vn 0.999955893 0.00741606858 0.00576806068
vn 0.86370188 -0.127846211 0.487518489
vn 0.424920589 -0.359822839 0.830644429
vn -0.826458097 -0.107183225 0.552701473
vn -0.989357829 0.0524617322 0.135717005
vn -0.805394828 -0.128515229 0.57863909
vn 0.823832273 -0.233501524 0.516505003
vn 0.971577227 -0.235180601 0.0269788895
vn 0.990977228 -0.129766107 -0.0335401893
vn 0.999481678 -0.0213330872 -0.0241103116
vn 0.356464714 -0.16459024 0.919697225
vn 0.770896196 -0.209090233 0.601664603
vn -0.776641607 -0.120030329 0.618401825
vn -0.991665721 0.0229505245 0.126777396
vn -0.991576314 -0.0385155044 0.123664699
vn -0.970603108 -0.140296921 0.195567206
vn -0.710913718 -0.11420273 0.693944991
vn 0.986701071 -0.134618104 0.0910983533
vn 0.966665626 -0.168527082 -0.192759305
vn 0.959358811 -0.120305106 0.255259305
vn 0.968756795 -0.236855999 -0.0735501647
vn 0.882675171 -0.177957222 0.434989601
vn 0.875383973 -0.0542632528 0.480373204
vn -0.628632009 -0.00848433655 0.777656674
vn -0.757941008 0.0033570237 0.652314603
vn -0.945611298 -0.117591016 0.303301185
vn -0.971983075 -0.115485504 0.204724401
vn -0.82614392 -0.0314038545 0.562583506
vn -0.525752008 0.105534866 0.844065905
vn 0.950472414 -0.216377079 -0.223121718
vn 0.728124678 -0.379962772 -0.570493519
vn 0.739382327 -0.383531481 -0.553369284
vn 0.965740502 -0.202004701 -0.16290991
vn 0.932597876 -0.283612609 -0.22321552
vn -0.9435004 -0.0970204249 -0.316850096
vn -0.97197628 -0.0600617975 -0.227276593
vn -0.720133603 -0.15064317 -0.677284479
vn -0.700390995 -0.146951064 -0.698468328
vn -0.919441223 -0.179023489 -0.35011211
vn -0.983771622 -0.179419607 0.00143431826
vn 0.891618073 -0.398153394 -0.215618119
vn 0.735963881 -0.44017446 -0.514396429
vn 0.907786608 -0.367112607 -0.202859521
vn 0.940473616 -0.33088699 0.0776097551
vn -0.921598315 -0.20249708 -0.331136912
vn -0.735910714 -0.195536777 -0.648228884
vn -0.756485999 -0.195446566 -0.624123096
vn -0.931659818 -0.17759119 -0.316972405
vn 0.938585281 -0.0578337163 -0.340166211
vn 0.68217361 -0.392725974 -0.616770208
vn 0.899910271 -0.31754899 -0.298871398
vn 0.70569551 -0.487544179 -0.514095902
vn -0.948816121 -0.0676919073 -0.308489591
vn -0.755354702 -0.0709269866 -0.651466727
vn -0.779173911 0.131413624 -0.612877309
vn -0.964476287 0.0727583766 -0.253952503
vn 0.8769961 0.125799611 -0.463737309
vn 0.652087808 0.285147339 -0.702476203
vn 0.908396304 0.162788019 -0.385118514
vn 0.74852258 0.0038454819 -0.663098276
vn -0.947948277 0.16855602 -0.270153493
vn -0.726886988 0.250871718 -0.639295518
vn -0.93405658 0.133611009 -0.331189394
vn 0.844657004 -0.207684979 -0.493377805
vn 0.570096791 -0.00238039414 -0.821574211
vn 0.865671813 -0.0584743991 -0.4971852
vn 0.593749821 0.201304227 -0.779062092
vn -0.930189729 0.0254223458 -0.366197914
vn -0.678593516 0.184579924 -0.710943878
vn -0.6656214 0.0505701639 -0.744574308
vn -0.935427189 -0.119572088 -0.332683802
vn 0.778572619 -0.139929965 -0.611755192
vn 0.526734471 -0.11545486 -0.842152715
vn 0.813407779 -0.153177664 -0.561163485
vn 0.532437027 -0.160744265 -0.831066906
vn 0.815085828 -0.226119265 -0.533390284
vn 0.945103526 -0.167156279 -0.280781209
vn -0.956064105 -0.155310392 -0.248637006
vn -0.957370579 -0.173595682 -0.23088102
vn -0.756558001 -0.175519973 -0.629930913
vn -0.777128994 -0.143010676 -0.61287719
vn -0.953740418 -0.155126587 -0.257516891
vn -0.978134871 -0.146247193 0.147864595
vn 0.371752203 -0.494377464 -0.785742521
vn 0.0186775308 -0.418626964 -0.907966316
vn -0.0120245796 -0.522643745 -0.852466404
vn 0.338945895 -0.629274845 -0.699377418
vn 0.383692414 -0.425534666 -0.819573283
vn -0.360218495 -0.353199065 -0.863419473
vn -0.34453541 -0.182018653 -0.920958519
vn 0.0445275903 -0.384725779 -0.921956301
vn 0.0182197597 -0.164802149 -0.986158371
vn -0.359817296 -0.113987863 -0.926033616
vn 0.382470399 -0.538516641 -0.750810325
vn 0.0489835106 -0.45510447 -0.889089704
vn 0.400233507 -0.479187578 -0.781148076
vn -0.435148686 -0.16862075 -0.884428024
vn -0.104191102 -0.133824751 -0.985512674
vn -0.180978 -0.19837375 -0.963272929
vn -0.475091308 -0.207774162 -0.855054498
vn 0.3653799 -0.431179971 -0.824973524
vn 0.158364207 -0.0102849174 -0.987327218
vn 0.0258494597 -0.451526463 -0.891883314
vn 0.451046795 0.0272843596 -0.892083228
vn -0.470543206 -0.100010961 -0.876691103
vn -0.1716405 -0.124762759 -0.977227688
vn -0.176980793 0.160744652 -0.970999002
vn -0.469813287 0.169137746 -0.866410971
vn 0.297197014 0.258529037 -0.919149995
vn 0.0711702108 0.380571634 -0.922008812
vn 0.311202109 0.353043616 -0.882334173
vn -0.376849711 0.284651518 -0.881452203
vn -0.101200402 0.294445544 -0.950294912
vn -0.344537586 0.206649348 -0.915745616
vn 0.174842 -0.0718411356 -0.981972098
vn 0.00112915004 0.13077414 -0.991411507
vn 0.267711192 0.0601831414 -0.961617827
vn 0.0813029408 0.317276835 -0.944841504
vn 0.531823874 -0.14441587 -0.834450305
vn -0.339739591 0.059298791 -0.938648403
vn -0.0648836419 0.222118348 -0.972858489
vn -0.045442041 0.0829798952 -0.995514572
vn -0.329482704 -0.0860939175 -0.940228224
vn -0.668280184 -0.0981498584 -0.737406373
vn 0.30662629 -0.0251782686 -0.951496899
vn -0.0804788396 0.0176095124 -0.996600807
vn 0.278822809 -0.0545986407 -0.958789289
vn -0.114080198 -0.00555439387 -0.993456125
vn 0.226819798 -0.0861560777 -0.970118582
vn 0.520080924 -0.0993710309 -0.848316908
vn -0.4734734 -0.14206636 -0.86927563
vn -0.517359078 -0.0936629325 -0.850627422
vn -0.216077 -0.0969293863 -0.971553206
vn -0.274485201 -0.05429269 -0.960057378
vn -0.277539611 -0.0514854304 -0.959333718
vn -0.575499773 -0.10700006 -0.810772002
vn -0.42596069 -0.516511917 -0.742814183
vn -0.278152406 -0.70011133 -0.657628655
vn -0.273513496 -0.51431036 -0.812819302
vn -0.0621068999 -0.672250211 -0.73771441
vn -0.245985106 -0.393942356 -0.8856076
vn -0.449125886 -0.379449666 -0.808890522
vn 0.227490693 -0.0626254752 -0.971764505
vn 0.320085794 -0.14313516 -0.936513484
vn 0.262618691 -0.43734166 -0.860095203
vn 0.470581412 -0.15510045 -0.868617773
vn 0.433366895 -0.0412308089 -0.900273979
vn -0.475674212 -0.363881856 -0.800827086
vn -0.237378702 -0.406089067 -0.88246417
vn -0.242228597 -0.482382059 -0.841803372
vn -0.505862772 -0.406338274 -0.760915279
vn 0.173809096 -0.105048358 -0.979160428
vn -0.0294817593 -0.0885369256 -0.995636582
vn 0.419977605 -0.0855153352 -0.903496623
vn 0.429589987 -0.168649659 -0.887135684
vn 0.149727702 -0.187327459 -0.970819175
vn -0.477752 -0.385827363 -0.789233983
vn -0.254928201 -0.435511261 -0.863331676
vn 0.0721486807 -0.52802223 -0.846160173
vn -0.161478207 -0.0662880689 -0.984647512
vn -0.380907714 -0.0660125241 -0.922253728
vn 0.0870105624 0.124488346 -0.988398671
vn 0.141060993 -0.130562261 -0.981353879
vn 0.38365671 -0.116766363 -0.916064024
vn 0.319810897 0.112951644 -0.940724671
vn -0.276599407 0.316824317 -0.90725702
vn -0.104893498 0.356827021 -0.92826283
vn -0.155342996 0.363301337 -0.918629825
vn -0.379689306 0.377705634 -0.844496727
vn 0.097081542 0.285598636 -0.953419507
vn 0.339164406 0.245225146 -0.908202708
vn 0.200452298 0.220137447 -0.954650879
vn -0.271436989 0.191293851 -0.943254411
vn -0.128089696 -0.0034486216 -0.991756618
vn -0.398088187 0.0661954582 -0.914955795
vn -0.514154017 0.236522436 -0.824441016
vn 0.257582396 0.0992791429 -0.96114248
vn -0.000305187976 -0.063753739 -0.997965574
vn 0.455896407 0.214428142 -0.863816619
vn 0.528706014 0.108371936 -0.841858387
vn 0.328382999 -0.0383621603 -0.943765402
vn -0.900012374 0.135963216 -0.414115608
vn -0.57080102 0.0574677289 -0.819074929
vn -0.581219316 0.107094035 -0.806669176
vn -0.106816098 0.0398271456 -0.993480921
vn -0.632961512 0.141180336 -0.76120168
vn 0.237708896 -0.00662245043 -0.971313775
vn 0.232739404 -0.0403768606 -0.971700728
vn 0.756762803 -0.00534084579 -0.653667808
vn 0.788583517 0.0382099375 -0.613739371
vn 0.348313391 0.0298476014 -0.936902881
vn -0.0109561598 -0.0666224137 0.997718215
vn 0.0214852598 -0.0883215442 0.995860279
vn 0.0904272124 0.117375255 0.988962114
vn -0.129158095 0.0748030022 0.988798618
vn 0.00827073958 -0.116461843 0.993160784
vn -0.0381795689 -0.204112738 0.978202701
vn -0.0969288275 -0.27302444 0.957111478
vn 0.02209544 -0.771265924 0.636129558
vn 0.0192575399 -0.246380851 0.968981922
vn 0.0153815104 -0.383286744 0.923501372
vn -0.0625947118 -0.562650681 0.824321628
vn -0.177070394 0.471516371 0.863897324
vn 0.0857293606 0.397608578 0.913541496
vn -0.122108802 0.20097135 0.971956909
vn -0.220013395 0.0557891279 0.973900318
vn -0.363914102 0.367027074 0.856070995
vn 0.192576498 -0.0741312951 0.978477776
vn 0.0141912596 0.105045952 0.994366229
vn -0.211038694 0.21064195 0.954511702
vn -0.0585349686 0.172583655 0.983254075
vn 0.156287894 0.0525232069 0.986314118
vn -0.1819859 0.477838963 0.85939002
vn -0.46468839 0.296465456 0.834369898
vn 0.194012403 0.477202773 0.857109606
vn 0.148688495 0.481925279 0.863504291
vn -0.383386403 0.149332061 0.911435604
vn -0.0845988318 0.0771216229 0.993426025
vn 0.276076287 -0.0709265247 0.958515227
vn -0.30821231 0.213114649 0.927139401
vn -0.305464506 -0.0724215358 0.949445426
vn -0.493160903 -0.316118717 0.810469806
vn -0.618439496 0.331346065 0.712560415
vn 0.293713987 -0.248210341 0.923105478
vn 0.500178516 -0.0558500588 0.864119411
vn 0.392167509 -0.429827839 0.81329751
vn -0.0956481025 -0.542087317 -0.834860981
vn 0.147774294 -0.777478874 -0.611301482
vn 0.193856701 -0.574856043 -0.794959188
vn -0.0412924215 -0.727455378 0.684911549
vn -0.0446500108 -0.925382018 0.376397073
vn -0.0350359604 -0.8281672 0.559385061
vn 0.310932189 -0.214154959 -0.92599082
vn 0.0500208698 -0.0210886672 -0.9985255
vn -0.0337843187 -0.18140386 -0.982828319
vn 0.388506711 0.438252568 0.81055373
vn 0.661933005 0.343769282 0.666083574
vn 0.347709388 0.277300656 0.895657599
vn 0.474301785 0.460995376 0.750014007
vn 0.731021702 0.400500864 0.552455008
vn -0.488281488 0.233260468 0.840934396
vn -0.404991299 0.201793656 0.891774416
vn -0.691601694 0.314869374 0.650034189
vn -0.788527071 0.288865179 0.542938411
vn -0.608340085 0.224987864 0.761119425
vn 0.590054393 0.38862896 0.707674623
vn 0.839398682 0.328263879 0.433188796
vn 0.934060514 0.154669583 0.321882486
vn -0.763245225 0.118290871 0.635188222
vn -0.914320588 0.200540692 0.351854295
vn -0.977673411 0.0562463328 0.202462405
vn 0.906628788 0.2731148 -0.321609497
vn 0.732210577 0.40550524 -0.547204673
vn 0.9700405 0.234537005 -0.0633570403
vn -0.860282123 0.403436601 -0.31169498
vn -0.940884829 0.317524612 -0.117957681
vn 0.886602819 0.00418104697 -0.462513
vn 0.720434606 0.210612535 -0.660769701
vn 0.909269214 0.187634215 -0.371514589
vn 0.734970391 0.341146827 -0.586035311
vn 0.976583421 0.162148401 -0.141395301
vn 0.978627324 0.0437339582 -0.200938106
vn -0.94160682 0.290938914 -0.169503182
vn -0.855579317 0.36556074 -0.366537273
vn -0.698136806 0.498111129 -0.514286518
vn -0.684612274 0.428737223 -0.589483202
vn -0.840695024 0.265063435 -0.472200513
vn -0.948074996 0.219035417 -0.230602086
vn 0.901590407 0.325850695 0.284527987
vn -0.894751728 0.366226196 0.25553444
vn 0.990559876 0.134833604 0.0247204863
vn 0.952862024 0.269146502 0.14005132
vn -0.957188487 0.276743501 0.0848724917
vn -0.985322475 0.162821501 -0.0512727313
vn 0.997930706 -0.0329601653 -0.0552082583
vn 0.921442211 -0.216016382 -0.322925895
vn -0.991605997 0.0720868185 -0.1073367
vn -0.931867421 0.0218821242 -0.36213851
vn 0.595486403 -0.208780363 -0.775762022
vn 0.783890307 -0.292985976 -0.547426105
vn 0.567472517 -0.53106308 -0.629243076
vn 0.385276496 -0.481809258 -0.787033617
vn -0.796761215 0.0275281854 -0.60366708
vn -0.784432113 -0.214427069 -0.581968486
vn -0.65982759 0.320635945 -0.679573476
vn -0.600503922 0.0808464587 -0.795524299
vn -0.584719777 -0.26814276 -0.765638471
vn 0.186012894 -0.678527415 -0.710633397
vn -0.0809357688 -0.736845195 -0.671199441
vn 0.126045093 -0.617529213 -0.776382804
vn -0.2256286 -0.440728068 -0.868821323
vn -0.424305588 -0.223704159 -0.877451479
vn -0.206309706 -0.434745878 -0.876602829
vn 0.0177929904 -0.557412326 -0.830045223
vn -0.303237408 -0.76029098 -0.574460447
vn -0.0678146407 -0.679550469 -0.730487823
vn -0.4732005 -0.672857106 -0.568633974
vn -0.514766693 -0.726661205 -0.45494923
vn -0.316908002 -0.711395025 -0.627285063
vn 0.138923705 -0.676734149 -0.72300142
vn 0.352158993 -0.490929067 -0.796851814
vn -0.0832569003 -0.573245823 -0.815142572
vn 0.0902135298 -0.691708326 -0.716520131
vn 0.268870205 -0.727933407 -0.630731285
vn 0.533693016 0.331562936 -0.777970374
vn 0.510800123 0.210338429 -0.833571315
vn 0.458612293 0.0500820577 -0.887224078
vn 0.685311913 0.048006922 -0.726665616
vn -0.520016193 0.519619524 -0.677922428
vn 0.35969469 -0.132237956 -0.923651874
vn -0.508505106 0.422991216 -0.750000715
vn 0.251357704 -0.354604781 -0.900596917
vn -0.471797913 0.328509837 -0.818222523
vn -0.426358908 0.140451238 -0.893583596
vn 0.102177702 -0.441549361 -0.89139998
vn -0.369491309 -0.136419058 -0.919165909
vn -0.0716276094 -0.51943022 -0.851505578
vn -0.215342894 -0.27381748 -0.937364221
vn -0.413015395 -0.750282407 -0.516231239
vn -0.28187421 -0.570309818 -0.771552682
vn 0.114875101 -0.516724646 -0.848409891
vn -0.190776393 -0.743481874 -0.640967488
vn -0.344926506 -0.599943817 -0.721867681
vn 0.115207799 0.14059934 -0.983340681
vn 0.339766592 -0.00430311589 -0.940500021
vn 0.321456611 0.174171939 -0.930768371
vn 0.110540502 0.27223134 -0.95586127
vn -0.163397595 0.359084219 -0.918890476
vn -0.253218412 0.262831926 -0.931020916
vn 0.0646097586 0.257859439 -0.964019775
vn 0.0699497983 0.380268425 -0.922227204
vn 0.296954602 0.313557237 -0.901942313
vn -0.324909508 0.477842242 -0.816149771
vn 0.0938154384 0.393695325 -0.914441228
vn 0.105719201 0.526825964 -0.84337312
vn 0.0162971597 0.536616683 -0.843668878
vn 0.0748647377 0.45620802 -0.886718512
vn -0.00338762905 0.571443975 -0.820634186
vn 0.257857293 -0.00277717574 -0.966179073
vn 0.0486478806 0.0866139978 -0.995053589
vn 0.292859286 0.163062438 -0.942148685
vn -0.321611792 0.363362134 -0.874376178
vn -0.1141712 0.40870893 -0.905495405
vn -0.111212902 0.257462144 -0.959867179
vn -0.295976698 0.231977642 -0.926598191
vn 0.176402599 -0.21775645 -0.959929407
vn 0.0129704997 -0.112157159 -0.993605793
vn -0.0415060483 -0.330858171 -0.942767322
vn -0.244552702 0.0384850912 -0.968872011
vn -0.101781301 0.0937853232 -0.990376174
vn -0.0777016804 -0.136420459 -0.987599075
vn -0.341509402 -0.414358467 -0.843610525
vn -0.222609103 -0.214094162 -0.951109409
vn -0.238413796 -0.398455083 -0.885659277
vn 0.131112397 -0.312948465 -0.940676928
vn -0.0773040578 -0.389968872 -0.917577505
vn 0.137856707 -0.0935422853 -0.986024976
vn 0.2465069 -0.378626376 -0.89211899
vn 0.0831034109 0.302627236 -0.949479103
vn 0.111973003 0.133854941 -0.984654725
vn -0.289415807 -0.890801311 -0.35030213
vn 0.0666231513 -0.885297596 -0.460227817
vn -0.648385882 -0.340017259 -0.681163907
vn -0.822523773 -0.230572775 -0.519895077
vn -0.620613813 -0.408716977 -0.66917032
vn -0.856944621 -0.337174475 -0.38981989
vn -0.675633192 -0.54516381 -0.496302634
vn 0.496001005 -0.466824383 -0.732159913
vn 0.575960994 -0.154153168 -0.802811205
vn 0.70929122 -0.36369437 -0.603848219
vn 0.746897578 -0.120795168 -0.653874993
vn 0.61749959 -0.0414453372 -0.785478473
vn -0.961378813 -0.105015792 -0.254406303
vn -0.989342988 0.112494007 -0.0924428031
vn -0.94899559 -0.0417197756 -0.312516898
vn -0.988075912 0.114933707 -0.102451496
vn -0.962817311 -0.0842937678 -0.256665796
vn -0.829242408 -0.242751181 -0.503417373
vn 0.896532595 -0.239423186 -0.372700691
vn 0.913004518 -0.102299482 -0.394915015
vn 0.977086902 -0.148473501 -0.152502
vn 0.983867586 -0.0950052589 -0.151587203
vn 0.938859105 -0.0476402454 -0.340989888
vn 0.804951727 -0.0580785535 -0.590491176
vn -0.687998176 -0.319080085 -0.651802301
vn -0.873448908 -0.227792487 -0.430346012
vn -0.854667127 -0.25901866 -0.4499484
vn -0.705426514 -0.328328162 -0.628151298
vn 0.645079792 -0.0726351365 -0.760655224
vn 0.824289918 -0.0557888448 -0.563412726
vn 0.631985426 -0.134344175 -0.763247073
vn -0.597903311 -0.0696449429 -0.798537016
vn -0.873156428 -0.186961085 -0.450159311
vn -0.679730177 -0.308063775 -0.665630221
vn 0.587529182 -0.0983029827 -0.803209901
vn 0.830587685 -0.0914973393 -0.549320102
vn 0.820698321 -0.0768783987 -0.566166222
vn 0.528048813 0.075871557 -0.845817983
vn -0.99262768 -0.0626858324 -0.1037338
vn -0.952568173 -0.00326557225 0.304307908
vn -0.980860412 0.010315462 0.194438607
vn -0.992693901 -0.00439471519 0.120580897
vn -0.982678473 -0.105290189 -0.152502999
vn -0.996221721 -0.059725035 -0.0630515814
vn 0.962876022 -0.0632354468 -0.26243329
vn 0.970511079 -0.0739174932 -0.229443401
vn 0.998338819 -0.0548427105 -0.0176705122
vn 0.994341195 -0.0940596983 0.0493798144
vn 0.967486382 -0.108312294 -0.228557602
vn 0.768229306 -0.00665310211 -0.640140176
vn -0.566322684 0.272174239 -0.777945876
vn -0.838570714 0.317885935 -0.442434013
vn -0.852755904 0.163244918 -0.496143788
vn -0.615936697 0.358233333 -0.701634407
vn 0.610286593 0.182350531 -0.7709077
vn 0.836468101 0.0808451325 -0.542019606
vn 0.862770617 0.161292613 -0.479178011
vn 0.673651993 0.191355824 -0.713845909
vn -0.998240471 0.0487080216 -0.0338148363
vn -0.951711297 0.0999504179 0.290268302
vn -0.938672602 -0.0139166247 0.344528913
vn -0.822212219 -0.0957990587 -0.561061203
vn -0.968040705 0.228222996 -0.103979096
vn 0.975993574 -0.0311902612 -0.215554804
vn 0.974708617 -0.111668207 0.193580598
vn 0.973959386 0.0514553599 0.220806405
vn 0.982973814 0.112311907 -0.145425603
vn -0.805979013 0.174691334 -0.56558001
vn -0.873634696 0.292676538 -0.388719499
vn -0.720864713 0.266097337 -0.639958203
vn -0.641722023 0.126806229 -0.756381571
vn 0.737371802 0.115026429 -0.6656214
vn 0.892643929 0.127690613 -0.432298601
vn 0.785315514 0.0217905883 -0.618712127
vn 0.594144523 -0.00979652349 -0.80429858
vn -0.976683676 0.205823198 0.0610389188
vn -0.938648105 0.205668792 0.276839495
vn -0.959772229 0.276474714 -0.0489834994
vn -0.931505978 0.208171219 -0.298263788
vn 0.987485886 0.128212005 -0.0918328613
vn 0.967994571 0.102115795 0.229257107
vn 0.998139381 0.0527681708 -0.0305499379
vn 0.932742894 0.0451065935 -0.357709587
vn -0.987227976 0.136145204 -0.0827369541
vn -0.969691515 0.179118097 0.166177914
vn -0.968884885 0.154273182 0.193551093
vn -0.990668297 0.0940281749 -0.0986670107
vn -0.892419875 0.0845999941 -0.443203807
vn -0.982867718 0.159401193 -0.0925338715
vn 0.95268321 0.00396747654 -0.303939402
vn 0.956285119 0.0625946671 -0.285658687
vn 0.998870313 0.0220655221 -0.0420862399
vn 0.994154871 0.107579298 -0.00909459032
vn 0.952933311 0.100621916 -0.28599599
vn 0.808629692 0.0718110427 -0.58391881
vn -0.908523023 0.16458948 0.384052306
vn -0.830214918 0.240369484 0.502957106
vn -0.83591342 0.175422668 0.520072997
vn -0.862034678 0.081057936 0.50032562
vn -0.934755921 0.0729090348 0.347729594
vn -0.908910215 0.214302778 0.35771051
vn 0.984154403 0.0509366244 0.169839606
vn 0.970049679 0.148444891 0.192270294
vn 0.940808892 0.0808752552 0.329147309
vn 0.931779206 0.185800284 0.311874807
vn 0.963800907 0.220776901 0.149483711
vn 0.984923303 0.168558806 -0.0389122218
vn -0.870812416 -0.4859007 -0.0747422129
vn -0.813082278 -0.508016229 -0.284282833
vn -0.938773572 -0.291978091 -0.182902113
vn -0.990452826 -0.133641198 -0.0338146687
vn -0.964389622 -0.261483908 0.039735239
vn 0.898167729 -0.335920215 -0.283641487
vn 0.692607582 -0.523194313 -0.496550828
vn 0.265639096 -0.894517779 -0.359546721
vn 0.481226504 -0.841535926 -0.245435223
vn 0.988731682 -0.134131998 -0.0664708689
vn -0.467191488 -0.833760381 -0.294237942
vn -0.646125972 -0.661873996 -0.380057931
vn -0.67759192 -0.698650301 -0.229689032
vn 0.449302614 -0.681309104 -0.577879786
vn -0.30567801 -0.926403403 -0.219858751
vn -0.407864004 -0.904753804 -0.122749835
vn -0.474425197 -0.880151093 0.0159616005
vn -0.228709802 -0.782722294 0.578824461
vn -0.0632966086 -0.585234463 0.808390021
vn 0.0619527102 -0.977662623 0.200842649
vn -0.332752198 -0.825456083 0.455958664
vn -0.0277723595 -0.815562785 0.578001857
vn 0.740719974 -0.671503603 0.0204169396
vn 0.444516301 -0.109168239 0.889093697
vn 0.0874982402 -0.0186166521 0.995990813
vn 0.35579291 -0.134162441 0.924884677
vn 0.0271317903 -0.0624123663 0.997681618
vn -0.194802999 0.0316176564 0.980332613
vn -0.130530804 0.110082857 0.985313892
vn 0.259532303 0.0536520593 0.964242995
vn 0.469749808 -0.00787393004 0.882764518
vn 0.246320307 -0.0166634731 0.969045281
vn -0.107334599 0.0049439827 0.99421072
vn 0.526364803 0.055209171 0.848464608
vn 0.331596106 -0.12824364 0.934664488
vn -0.0153511101 -0.0725746527 0.997245014
vn -0.279339314 -0.0137945218 0.960093379
vn -0.229934499 -0.0106818425 0.973147511
vn 0.2293185 -0.0365310721 0.972665727
vn 0.465329498 -0.0088200951 0.885093689
vn -0.160406798 -0.0673550144 0.984750271
vn -0.109257601 -0.0507224053 0.992718518
vn 0.468777001 -0.0161752496 0.883168519
vn 0.953874826 -0.29991129 0.0132757872
vn 0.800869703 -0.225876927 0.554605603
vn 0.950023472 -0.301740497 0.0800511017
vn 0.746139526 -0.237105623 0.622138977
vn -0.580806911 -0.0815772787 0.809943616
vn -0.597192883 -0.118016437 0.793368101
vn -0.932817817 -0.149177611 0.328019798
vn 0.953455091 -0.286698788 0.0934197158
vn 0.732516527 -0.216013327 0.645567894
vn -0.647647083 -0.126044124 0.751442671
vn -0.945430696 -0.198101521 0.258682609
vn -0.933550477 -0.183664322 0.307816207
vn 0.463581085 -0.212960362 -0.860081673
vn 0.798958898 -0.29530257 -0.523890376
vn 0.459247798 -0.229349151 -0.858190298
vn 0.834961116 -0.294882357 -0.464633703
vn -0.960724592 -0.186535388 -0.205457509
vn -0.953180909 -0.222394586 -0.204907015
vn -0.746722996 -0.191083074 -0.637096584
vn 0.490229011 -0.20597367 -0.846906304
vn 0.843974411 -0.271375477 -0.462669104
vn -0.937754214 -0.224954784 -0.264598906
vn -0.672787726 -0.210396767 -0.709288299
vn -0.705007315 -0.223618478 -0.673022628
vn -0.323989809 -0.00781281572 -0.946028292
vn 0.075687401 -0.0983630568 -0.992268205
vn -0.316056609 -0.012512818 -0.94865787
vn 0.0242323801 -0.112586156 -0.993346572
vn -0.327348799 -0.178262562 -0.927936077
vn -0.416648597 -0.151527956 -0.896350026
vn 0.0277416091 -0.133184254 -0.990702927
vn -0.0750761628 -0.112400658 -0.990822792
vn -0.260905892 -0.0445574708 -0.964335501
vn 0.0628684685 -0.124149859 -0.990269899
vn -0.29845041 -0.182903454 -0.93673569
vn 0.0586276017 -0.146217957 -0.987513602
vn -0.518406272 0.0271929875 -0.854702115
vn -0.629988313 0.051028993 -0.774926424
vn -0.733447611 0.0705918893 -0.67607069
vn 0.640566707 -0.0715063512 -0.764566004
vn 0.3953076 -0.0991854221 -0.913178027
vn 0.387988687 -0.103123866 -0.915876806
vn -0.685470402 0.0694626197 -0.724779606
vn -0.891314209 0.0948537737 -0.443352908
vn 0.724437475 -0.0297257602 -0.688699424
vn 0.350484997 -0.0690958649 -0.934016228
vn -0.976385713 0.0757780075 -0.202308595
vn -0.986675978 0.0771822855 0.143225104
vn -0.997318089 0.0571308061 0.0457473919
vn -0.935601294 0.0795334056 -0.343983591
vn -0.839821219 0.0825233012 -0.536554098
vn 0.910088122 -0.031282343 -0.413232505
vn 0.696574628 -0.0920158923 -0.711559474
vn 0.869472206 -0.102423675 -0.483246893
vn 0.990921199 -0.0501732156 -0.124731101
vn -0.871026814 0.0868890435 -0.483490109
vn -0.992707014 0.0724532083 -0.0963499472
vn -0.974206328 0.114783108 -0.194285795
vn 0.82300818 -0.0561855733 -0.565244019
vn 0.955843687 -0.0431533307 -0.290690005
vn -0.865761518 0.0488302484 0.498069197
vn -0.9492715 0.0469690934 0.310930312
vn -0.884046316 0.0671724379 0.462547302
vn -0.976051509 0.0757475346 0.203926504
vn 0.991805613 -0.0779759288 0.101200901
vn 0.988375127 -0.0394605361 0.146824896
vn 0.936109126 -0.0646392256 0.345719188
vn 0.946916103 -0.00735510699 0.321396589
vn -0.891819 0.111637481 0.438401788
vn -0.981751502 0.125099406 0.143227994
vn -0.909681797 0.173744991 0.377215594
vn 0.999435425 -0.0317091905 0.0111088688
vn 0.960280478 0.0461752303 0.275189906
vn 0.959163308 -0.0262466725 0.2816329
vn 0.971228719 -0.0962256044 -0.217842802
vn -0.996093273 -0.0579258725 0.0666544363
vn -0.967306495 -0.160164788 -0.196635306
vn 0.947938502 -0.0252083372 -0.317454487
vn 0.99848038 -0.0102847768 -0.0541401505
vn -0.999801993 0.0163886491 -0.0112919789
vn -0.758241117 0.43059057 0.489553034
vn -0.89494127 0.202585578 0.397541404
vn -0.74332732 0.291855782 0.601900876
vn -0.810258329 0.372000366 0.452876717
vn -0.897488415 0.332449406 0.289813608
vn 0.825676203 -0.0355247445 0.563024819
vn 0.829147696 0.0351581238 0.5579229
vn 0.805676818 -0.00305190287 0.592347503
vn 0.946056783 -0.00277723209 0.323989213
vn 0.955784798 -0.0269785039 0.29282701
vn -0.955972791 0.0200813878 0.292767495
vn -0.941023171 0.0564296059 0.333603293
vn -0.874402702 0.0860943496 0.47750181
vn -0.971764624 0.114111595 0.206524
vn 0.983899772 -0.0198067483 0.177620202
vn 0.924497008 -0.0385461561 0.379235387
vn 0.980244815 -0.0606110059 0.1882727
vn 0.992356122 -0.00350964535 0.123357803
vn -0.729067206 0.165412664 0.664153397
vn -0.85588789 0.105932981 0.506195903
vn -0.68860358 0.167824775 0.705450118
vn 0.791628122 -0.0554222055 0.608484626
vn 0.794408619 -0.0845680535 0.601467729
vn 0.920041919 -0.0738877729 0.384790301
vn -0.909034729 0.0799288526 0.408983201
vn -0.871872008 0.0209971387 0.489283502
vn -0.81108743 0.127052873 0.570959628
vn 0.951475203 -0.118598618 0.28395319
vn 0.880064487 -0.130593508 0.456543297
vn 0.901404798 -0.210976809 0.378098011
vn 0.965277016 -0.188880414 0.18045719
vn -0.582460225 0.173990265 0.794019878
vn -0.685084581 0.0423599668 0.727230906
vn -0.503050208 0.0654639229 0.861774385
vn 0.737345278 -0.14136523 0.66055882
vn 0.573828518 -0.258286834 0.777180076
vn 0.776587129 -0.238933429 0.582943797
vn -0.838619292 -0.0294514447 0.543921411
vn -0.850781679 -0.0669589788 0.521236122
vn -0.742409527 -0.126624033 0.657871425
vn -0.672394514 -0.11749813 0.730807781
vn 0.874651015 -0.181436911 0.449517906
vn 0.753950119 -0.234419137 0.613683224
vn 0.757453501 -0.0956468806 0.645845175
vn 0.870131791 -0.0188913532 0.492457211
vn -0.623805523 -0.198036924 0.75607419
vn -0.515985787 -0.121252239 0.847972214
vn 0.610989571 -0.270581126 0.743960679
vn 0.625562072 -0.168590724 0.761740983
vn -0.824319005 0.0991868079 0.557368994
vn -0.774760306 0.133155167 0.618074715
vn -0.637419283 0.0931438506 0.76486659
vn -0.689995587 -0.00222787377 0.723810315
vn 0.730666995 0.0100713605 0.682659924
vn 0.861862123 0.0577727892 0.5038414
vn 0.738840699 0.0290237311 0.673254907
vn 0.858298004 0.0379050672 0.511749923
vn -0.526235878 0.0537740737 0.848636687
vn -0.608060122 -0.0742526948 0.790411115
vn -0.394703597 0.000640860817 0.918808281
vn 0.620512128 -0.0439473651 0.782964587
vn 0.608703613 0.016693905 0.793222129
vn -0.738506794 0.196239263 0.645056605
vn -0.740609527 0.264021575 0.617891788
vn -0.560885429 0.226698071 0.796250999
vn -0.59384501 0.112494163 0.796676278
vn -0.738133907 0.0949447379 0.667940021
vn 0.904564083 0.21531418 0.367972314
vn 0.803380787 0.142798066 0.578090012
vn 0.831612885 0.256725967 0.492455006
vn 0.907408595 0.282214701 0.311391413
vn 0.928754508 0.25996089 0.264264107
vn 0.883883774 0.110294677 0.454515606
vn -0.263931304 0.240980759 0.933953226
vn -0.53921771 0.297686756 0.787798703
vn -0.156287596 0.294477582 0.942792177
vn -0.408374697 0.120946765 0.904766321
vn 0.658978701 0.29979378 0.689833879
vn 0.532073379 0.184824765 0.826279521
vn 0.60501802 0.370445281 0.704786122
vn 0.694104612 0.16736877 0.70014751
vn -0.991388202 0.0688514635 0.111395299
vn -0.972695887 0.222085401 0.0673855543
vn -0.941754222 0.0330825262 0.334670991
vn -0.196510002 -0.972540021 0.124699458
vn 0.375322789 -0.92219311 0.0932355151
vn 0.683998823 -0.659034014 0.312761873
vn 0.959756613 -0.25956279 0.107212685
vn 0.953222275 -0.0561544299 0.297008306
vn 0.99435991 -0.0848724768 0.0636008903
vn -0.703553498 -0.191598028 0.68432653
vn -0.916601181 0.306896895 0.256235689
vn 0.00241100695 -0.650920272 0.759142399
vn 0.55041343 -0.595825911 0.584838986
vn -0.319722086 -0.945646405 0.0594213791
vn -0.743164599 -0.668881714 0.0174262207
vn -0.0896947309 0.425401628 -0.900548875
vn -0.148871005 0.324781716 -0.933999121
vn -0.720875323 0.0898804292 0.68721211
vn -0.715105593 0.0556983016 0.696793914
vn -0.523165405 0.0439480133 0.851097405
vn -0.550141275 0.0665626153 0.832414627
vn 0.723231912 -0.00903353095 0.690546393
vn 0.853506386 -0.0185252614 0.520753026
vn 0.762220621 -0.031465441 0.646552324
vn 0.865796089 -0.0469078608 0.498193592
vn -0.396865308 0.0268563796 0.917483985
vn -0.435935408 0.0347306877 0.899307609
vn 0.607216716 -0.0090642916 0.794484615
vn 0.623900115 -0.0140387742 0.78137821
vn -0.751939178 0.055026561 0.656931877
vn -0.594766915 0.0561561175 0.801934421
vn 0.793404698 0.0314956643 0.607879221
vn 0.886739492 0.0182199795 0.461910307
vn -0.422593802 0.0526143499 0.904790819
vn 0.694549203 0.044313401 0.718079329
vn -0.966830611 0.2323457 0.106086105
vn 0.994465828 -0.0703771114 0.0780068636
vn 0.994919479 -0.0242015664 -0.0977218077
vn -0.117985703 0.408036441 -0.905309677
vn -0.317062914 0.113103844 -0.941636205
vn -0.361686498 -0.0509674698 -0.930905581
vn -0.361834705 -0.225017354 -0.904678285
vn -0.0531342588 0.476804435 -0.877402008
vn -0.203256607 0.174812943 -0.963393629
vn -0.230388999 -0.0104985368 -0.973042071
vn 0.1512523 -0.00537137548 0.988480628
vn -0.00125122 0.0095218569 0.999953985
vn -0.0699505806 -0.350637883 -0.933895111
vn 0.525512516 0.541260421 -0.656409919
vn -0.165077403 0.0218210369 0.986039221
vn 0.980253696 0.168406203 -0.103643991
vn 0.763005674 -0.438802272 -0.474631637
vn -0.799364984 -0.152108863 -0.581273079
vn -0.911830187 0.171153113 -0.373192102
vn 0.817761004 0.332567275 0.469751
f 1/1/1 2/2/2 3/3/3
f 4/4/4 5/5/5 6/6/6
f 7/7/7 8/8/8 9/9/9
f 10/10/10 11/11/11 12/12/12
f 13/6/6 14/13/13 15/14/14
f 16/15/15 17/16/16 18/17/17
f 19/18/18 20/19/19 21/20/20
f 22/21/21 23/22/22 24/23/23
f 25/24/24 26/25/25 27/26/26
f 28/27/27 29/28/28 30/29/29
f 31/29/29 32/30/30 33/27/27
f 34/2/2 35/31/31 36/24/24
f 37/29/29 38/32/32 39/33/33
f 40/34/34 41/35/35 42/36/36
f 43/36/36 44/15/15 45/34/34
f 46/33/33 47/5/5 48/29/29
f 49/37/37 50/38/38 51/39/39
f 52/40/40 53/41/41 54/42/42
f 55/42/42 56/43/43 57/40/40
f 58/39/39 59/44/44 60/37/37
f 61/42/42 62/45/45 63/46/46
f 64/47/47 65/48/48 66/49/49
f 67/48/48 68/50/50 69/49/49
f 70/46/46 71/51/51 72/42/42
f 73/52/52 74/53/53 75/54/54
f 76/55/55 77/56/56 78/57/57
f 79/56/56 80/58/58 81/57/57
f 82/38/38 83/59/59 84/52/52
f 85/56/56 86/60/60 87/61/61
f 88/62/62 89/63/63 90/64/64
f 91/64/64 92/47/47 93/62/62
f 94/61/61 95/41/41 96/56/56
f 97/65/65 98/66/66 99/67/67
f 100/67/67 101/1/1 102/65/65
f 103/68/68 104/69/69 105/70/70
f 106/70/70 107/71/71 108/68/68
f 109/72/72 110/73/73 111/74/74
f 112/74/74 113/31/31 114/72/72
f 115/72/72 116/75/75 117/67/67
f 118/67/67 119/76/76 120/72/72
f 121/48/48 122/77/77 123/78/78
f 124/78/78 125/79/79 126/80/80
f 127/80/80 128/81/81 129/78/78
f 130/78/78 131/82/82 132/48/48
f 133/64/64 134/83/83 135/84/84
f 136/84/84 137/85/85 138/86/86
f 139/86/86 140/77/77 141/84/84
f 142/84/84 143/87/87 144/64/64
f 145/88/88 146/89/89 147/90/90
f 148/91/91 149/92/92 150/93/93
f 151/94/94 152/95/95 153/96/96
f 154/97/97 155/98/98 156/99/99
f 157/93/93 158/100/100 159/101/101
f 160/102/102 161/103/103 162/104/104
f 163/105/105 164/106/106 165/107/107
f 166/108/108 167/95/95 168/109/109
f 169/36/36 170/110/110 171/111/111
f 172/112/112 173/113/113 174/114/114
f 175/114/114 176/115/115 177/112/112
f 178/111/111 179/89/89 180/36/36
f 181/114/114 182/116/116 183/117/117
f 184/118/118 185/119/119 186/120/120
f 187/120/120 188/121/121 189/118/118
f 190/117/117 191/92/92 192/114/114
f 193/122/122 194/123/123 195/124/124
f 196/125/125 197/126/126 198/127/127
f 199/127/127 200/128/128 201/125/125
f 202/124/124 203/129/129 204/122/122
f 205/130/130 206/126/126 207/131/131
f 208/132/132 209/133/133 210/37/37
f 211/37/37 212/134/134 213/132/132
f 214/130/130 215/135/135 216/127/127
f 217/136/136 218/137/137 219/138/138
f 220/139/139 221/140/140 222/141/141
f 223/140/140 224/142/142 225/141/141
f 226/136/136 227/143/143 228/144/144
f 229/145/145 230/146/146 231/147/147
f 232/148/148 233/59/59 234/149/149
f 235/59/59 236/150/150 237/149/149
f 238/131/131 239/140/140 240/145/145
f 241/104/104 242/151/151 243/152/152
f 244/152/152 245/153/153 246/154/154
f 247/155/155 248/156/156 249/157/157
f 250/157/157 251/105/105 252/155/155
f 253/158/158 254/159/159 255/160/160
f 256/159/159 257/161/161 258/160/160
f 259/154/154 260/162/162 261/163/163
f 262/163/163 263/164/164 264/165/165
f 265/120/120 266/166/166 267/167/167
f 268/166/166 269/168/168 270/167/167
f 271/168/168 272/151/151 273/167/167
f 274/167/167 275/103/103 276/120/120
f 277/169/169 278/170/170 279/171/171
f 280/172/172 281/122/122 282/173/173
f 283/173/173 284/129/129 285/174/174
f 286/175/175 287/176/176 288/169/169
f 289/177/177 290/178/178 291/179/179
f 292/180/180 293/144/144 294/181/181
f 295/181/181 296/143/143 297/172/172
f 298/171/171 299/182/182 300/177/177
f 301/183/183 302/184/184 303/185/185
f 304/185/185 305/186/186 306/183/183
f 307/187/187 308/188/188 309/189/189
f 310/189/189 311/190/190 312/187/187
f 313/191/191 314/192/192 315/193/193
f 316/194/194 317/195/195 318/196/196
f 319/197/197 320/82/82 321/198/198
f 322/199/199 323/200/200 324/201/201
f 325/202/202 326/203/203 327/204/204
f 328/204/204 329/205/205 330/206/206
f 331/207/207 332/192/192 333/185/185
f 334/185/185 335/208/208 336/207/207
f 337/209/209 338/205/205 339/210/210
f 340/211/211 341/212/212 342/213/213
f 343/214/214 344/51/51 345/194/194
f 346/193/193 347/215/215 348/216/216
f 349/217/217 350/218/218 351/189/189
f 352/189/189 353/219/219 354/217/217
f 355/217/217 356/220/220 357/221/221
f 358/221/221 359/222/222 360/217/217
f 361/223/223 362/188/188 363/199/199
f 364/198/198 365/81/81 366/224/224
f 367/224/224 368/225/225 369/226/226
f 370/227/227 371/219/219 372/223/223
f 373/228/228 374/229/229 375/230/230
f 376/230/230 377/231/231 378/228/228
f 379/232/232 380/203/203 381/233/233
f 382/233/233 383/234/234 384/235/235
f 385/236/236 386/237/237 387/238/238
f 388/239/239 389/240/240 390/241/241
f 391/242/242 392/44/44 393/211/211
f 394/210/210 395/232/232 396/243/243
f 397/244/244 398/245/245 399/246/246
f 400/244/244 401/247/247 402/248/248
f 403/249/249 404/237/237 405/230/230
f 406/230/230 407/250/250 408/249/249
f 409/248/248 410/251/251 411/252/252
f 412/253/253 413/129/129 414/254/254
f 415/255/255 416/135/135 417/239/239
f 418/238/238 419/256/256 420/257/257
f 421/258/258 422/259/259 423/260/260
f 424/261/261 425/262/262 426/175/175
f 427/174/174 428/263/263 429/264/264
f 430/265/265 431/247/247 432/266/266
f 433/9/9 434/267/267 435/268/268
f 436/268/268 437/269/269 438/270/270
f 439/271/271 440/272/272 441/273/273
f 442/273/273 443/69/69 444/10/10
f 445/270/270 446/274/274 447/275/275
f 448/274/274 449/276/276 450/275/275
f 451/277/277 452/278/218 453/279/278
f 454/277/277 455/280/279 456/271/271
f 457/20/20 458/281/280 459/282/281
f 460/282/281 461/283/282 462/284/283
f 463/285/284 464/269/269 465/267/267
f 466/285/284 467/8/8 468/21/21
f 469/284/283 470/286/285 471/287/286
f 472/287/286 473/288/234 474/289/202
f 475/290/287 476/291/184 477/274/274
f 478/290/287 479/269/269 480/292/288
f 481/70/70 482/272/272 483/293/289
f 484/293/289 485/280/279 486/294/290
f 487/294/290 488/295/291 489/293/289
f 490/293/289 491/296/292 492/70/70
f 493/294/290 494/279/278 495/297/293
f 496/279/278 497/298/222 498/297/293
f 499/298/222 500/299/294 501/297/293
f 502/297/293 503/300/295 504/294/290
f 505/96/96 506/301/296 507/302/297
f 508/302/297 509/303/298 510/304/299
f 511/305/300 512/281/280 513/306/301
f 514/306/301 515/19/19 516/97/97
f 517/307/302 518/303/298 519/308/303
f 520/308/303 521/309/304 522/307/302
f 523/310/235 524/286/285 525/311/305
f 526/311/305 527/283/282 528/305/300
f 529/106/106 530/312/306 531/313/307
f 532/313/307 533/314/308 534/315/309
f 535/316/310 536/301/296 537/317/311
f 538/301/296 539/318/312 540/317/311
f 541/315/309 542/319/313 543/320/314
f 544/319/313 545/321/315 546/320/314
f 547/322/316 548/323/229 549/308/303
f 550/308/303 551/316/310 552/322/316
f 553/324/317 554/314/308 555/312/306
f 556/312/306 557/325/318 558/324/317
f 559/326/319 560/327/320 561/328/321
f 562/328/321 563/329/322 564/326/319
f 565/330/323 566/319/313 567/331/324
f 568/319/313 569/332/325 570/331/324
f 571/333/326 572/334/327 573/335/328
f 574/333/326 575/336/329 576/337/330
f 577/338/331 578/339/332 579/340/333
f 580/341/333 581/342/334 582/343/335
f 583/344/336 584/345/337 585/346/338
f 586/346/338 587/347/339 588/344/336
f 589/348/340 590/349/341 591/350/342
f 592/350/342 593/351/343 594/352/344
f 595/353/345 596/354/346 597/355/347
f 598/355/347 599/356/348 600/357/349
f 601/352/344 602/258/258 603/358/350
f 604/359/351 605/247/247 606/360/352
f 607/361/353 608/362/354 609/363/355
f 610/364/356 611/365/357 612/353/345
f 613/360/352 614/246/246 615/366/358
f 616/366/358 617/245/245 618/367/323
f 619/368/330 620/369/359 621/370/360
f 622/370/360 623/371/361 624/361/353
f 625/343/335 626/372/362 627/373/363
f 628/373/363 629/374/364 630/348/340
f 631/357/349 632/375/365 633/376/366
f 634/376/366 635/345/337 636/377/367
f 637/378/368 638/379/369 639/157/157
f 640/157/157 641/380/370 642/378/368
f 643/381/371 644/382/372 645/383/373
f 646/383/373 647/384/374 648/381/371
f 649/385/375 650/156/156 651/159/159
f 652/159/159 653/386/376 654/385/375
f 655/387/377 656/388/378 657/389/379
f 658/389/379 659/390/380 660/387/377
f 661/391/381 662/382/372 663/389/379
f 664/389/379 665/392/382 666/391/381
f 667/393/383 668/327/320 669/383/373
f 670/383/373 671/394/384 672/393/383
f 673/395/385 674/345/337 675/375/365
f 676/395/385 677/356/348 678/396/386
f 679/397/387 680/369/359 681/398/388
f 682/398/388 683/399/329 684/400/389
f 685/401/390 686/402/391 687/403/392
f 688/404/393 689/371/361 690/397/387
f 691/396/386 692/354/346 693/405/394
f 694/405/394 695/365/357 696/401/390
f 697/406/395 698/407/396 699/346/338
f 700/346/338 701/408/397 702/406/395
f 703/386/376 704/409/398 705/410/399
f 706/410/399 707/411/400 708/338/331
f 709/412/401 710/407/396 711/413/402
f 712/413/402 713/414/403 714/412/401
f 715/415/404 716/336/329 717/335/328
f 718/335/328 719/416/405 720/415/404
f 721/417/406 722/334/327 723/328/321
f 724/328/321 725/418/407 726/417/406
f 727/419/408 728/388/378 729/413/402
f 730/413/402 731/420/409 732/419/408
f 733/421/410 734/422/411 735/423/412
f 736/423/412 737/424/413 738/425/414
f 739/425/414 740/426/415 741/423/412
f 742/423/412 743/427/416 744/421/410
f 745/425/414 746/428/417 747/429/418
f 748/430/419 749/372/362 750/431/420
f 751/431/420 752/342/334 753/432/421
f 754/429/418 755/433/422 756/425/414
f 757/434/423 758/426/415 759/435/424
f 760/435/424 761/433/422 762/436/425
f 763/437/425 764/438/426 765/439/424
f 766/439/424 767/440/427 768/441/423
f 769/436/425 770/442/428 771/443/429
f 772/444/430 773/342/334 774/445/332
f 775/446/430 776/411/400 777/447/431
f 778/448/429 779/449/432 780/437/425
f 781/450/433 782/451/434 783/452/435
f 784/453/436 785/454/437 786/455/438
f 787/455/438 788/28/28 789/456/439
f 790/26/26 791/457/440 792/450/433
f 793/458/441 794/459/442 795/460/443
f 796/460/443 797/461/444 798/462/445
f 799/462/445 800/463/446 801/460/443
f 802/460/443 803/464/447 804/458/441
f 805/465/448 806/466/449 807/462/445
f 808/462/445 809/421/410 810/465/448
f 811/421/410 812/467/450 813/465/448
f 814/467/450 815/468/451 816/465/448
f 817/469/452 818/470/453 819/467/450
f 820/469/452 821/427/416 822/434/423
f 823/471/452 824/440/427 825/472/454
f 826/472/454 827/473/455 828/471/452
f 829/474/456 830/475/457 831/476/458
f 832/476/458 833/477/459 834/474/456
f 835/477/459 836/478/460 837/474/456
f 838/474/456 839/479/461 840/480/462
f 841/481/463 842/482/464 843/483/465
f 844/259/259 845/349/341 846/484/466
f 847/484/466 848/374/364 849/430/419
f 850/483/465 851/424/413 852/481/463
f 853/485/467 854/262/262 855/481/463
f 856/481/463 857/422/411 858/485/467
f 859/485/467 860/461/444 861/486/468
f 862/486/468 863/176/176 864/485/467
f 865/487/469 866/182/182 867/488/470
f 868/488/470 869/170/170 870/486/468
f 871/486/468 872/459/442 873/488/470
f 874/488/470 875/489/471 876/487/469
f 877/168/168 878/490/472 879/491/473
f 880/491/473 881/492/474 882/493/475
f 883/493/475 884/162/162 885/491/473
f 886/491/473 887/153/153 888/168/168
f 889/494/476 890/495/477 891/472/454
f 892/472/454 893/496/478 894/494/476
f 895/494/476 896/492/474 897/476/458
f 898/476/458 899/497/479 900/494/476
f 901/498/480 902/499/481 903/500/482
f 904/501/483 905/502/484 906/503/485
f 907/503/485 908/504/486 909/501/483
f 910/498/480 911/28/28 912/454/437
f 913/505/487 914/506/488 915/507/489
f 916/507/489 917/457/440 918/505/487
f 919/505/487 920/25/25 921/74/74
f 922/74/74 923/508/490 924/505/487
f 925/503/485 926/509/491 927/510/492
f 928/511/493 929/512/494 930/513/495
f 931/513/495 932/514/496 933/511/493
f 934/510/492 935/35/35 936/503/485
f 937/513/495 938/515/497 939/516/498
f 940/517/499 941/518/500 942/519/501
f 943/519/501 944/520/502 945/517/499
f 946/516/498 947/113/113 948/513/495
f 949/521/503 950/518/500 951/522/504
f 952/521/503 953/523/505 954/524/506
f 955/524/506 956/166/166 957/521/503
f 958/521/503 959/119/119 960/519/501
f 961/524/506 962/525/507 963/526/508
f 964/526/508 965/527/509 966/477/459
f 967/477/459 968/490/472 969/526/508
f 970/526/508 971/528/510 972/524/506
f 973/493/475 974/496/478 975/529/511
f 976/529/511 977/440/427 978/438/426
f 979/438/426 980/530/512 981/529/511
f 982/529/511 983/164/164 984/493/475
f 985/447/431 986/409/398 987/531/513
f 988/531/513 989/532/514 990/158/158
f 991/165/165 992/530/512 993/533/515
f 994/533/515 995/449/432 996/534/516
f 997/535/517 998/536/317 999/537/518
f 1000/536/317 1001/538/519 1002/537/518
f 1003/539/520 1004/540/323 1005/541/324
f 1006/541/324 1007/535/517 1008/539/520
f 1009/542/521 1010/543/331 1011/544/333
f 1012/542/521 1013/545/335 1014/546/522
f 1015/547/523 1016/548/342 1017/549/524
f 1018/548/342 1019/550/525 1020/549/524
f 1021/551/526 1022/552/344 1023/553/350
f 1024/554/527 1025/555/352 1026/556/528
f 1027/556/528 1028/557/358 1029/558/529
f 1030/558/529 1031/559/323 1032/560/530
f 1033/546/522 1034/561/363 1035/562/531
f 1036/562/531 1037/563/340 1038/547/523
f 1039/564/532 1040/565/318 1041/566/368
f 1042/566/368 1043/567/533 1044/564/532
f 1045/568/534 1046/569/370 1047/570/375
f 1048/570/375 1049/571/535 1050/568/534
f 1051/571/535 1052/572/399 1053/573/536
f 1054/572/399 1055/574/537 1056/573/536
f 1057/575/538 1058/576/539 1059/577/540
f 1060/578/541 1061/579/542 1062/580/543
f 1063/581/544 1064/582/545 1065/583/546
f 1066/584/547 1067/585/548 1068/586/549
f 1069/587/550 1070/588/551 1071/589/552
f 1072/590/553 1073/591/554 1074/592/555
f 1075/593/556 1076/594/557 1077/595/558
f 1078/582/545 1079/596/559 1080/597/560
f 1081/598/561 1082/599/562 1083/600/563
f 1084/601/564 1085/602/565 1086/603/566
f 1087/580/543 1088/601/564 1089/603/566
f 1090/598/561 1091/604/567 1092/575/538
f 1093/605/568 1094/601/564 1095/606/569
f 1096/607/570 1097/608/571 1098/609/572
f 1099/607/570 1100/591/554 1101/610/573
f 1102/606/569 1103/579/542 1104/587/550
f 1105/611/574 1106/612/575 1107/613/576
f 1108/614/577 1109/615/578 1110/616/579
f 1111/617/580 1112/618/581 1113/614/577
f 1114/613/576 1115/619/582 1116/620/583
f 1117/621/584 1118/615/578 1119/618/581
f 1120/622/585 1121/623/586 1122/624/587
f 1123/624/587 1124/625/588 1125/622/585
f 1126/621/584 1127/626/589 1128/627/590
f 1129/628/591 1130/53/53 1131/629/592
f 1132/630/593 1133/55/55 1134/631/594
f 1135/631/594 1136/615/578 1137/630/593
f 1138/628/591 1139/632/595 1140/611/574
f 1141/633/596 1142/634/597 1143/630/593
f 1144/635/598 1145/636/599 1146/637/600
f 1147/637/600 1148/638/601 1149/635/598
f 1150/630/593 1151/639/602 1152/633/596
f 1153/640/603 1154/641/604 1155/642/605
f 1156/576/539 1157/643/606 1158/640/603
f 1159/644/607 1160/585/548 1161/645/608
f 1162/646/609 1163/647/610 1164/644/607
f 1165/648/611 1166/649/612 1167/650/613
f 1168/650/613 1169/599/562 1170/648/611
f 1171/643/606 1172/600/563 1173/650/613
f 1174/650/613 1175/641/604 1176/643/606
f 1177/651/614 1178/638/601 1179/622/585
f 1180/652/615 1181/653/616 1182/651/614
f 1183/651/614 1184/654/617 1185/652/615
f 1186/622/585 1187/655/618 1188/651/614
f 1189/656/619 1190/63/63 1191/635/598
f 1192/656/619 1193/85/85 1194/83/83
f 1195/656/619 1196/657/620 1197/658/621
f 1198/635/598 1199/653/616 1200/656/619
f 1201/659/622 1202/660/623 1203/661/624
f 1204/662/625 1205/663/626 1206/664/627
f 1207/665/628 1208/666/629 1209/667/630
f 1210/595/558 1211/668/631 1212/669/632
f 1213/670/633 1214/671/634 1215/662/625
f 1216/672/635 1217/673/636 1218/674/637
f 1219/675/638 1220/676/639 1221/677/640
f 1222/678/641 1223/666/629 1224/679/642
f 1225/680/643 1226/610/573 1227/681/644
f 1228/682/645 1229/683/646 1230/684/647
f 1231/682/645 1232/671/634 1233/685/648
f 1234/610/573 1235/659/622 1236/681/644
f 1237/686/649 1238/685/648 1239/687/650
f 1240/688/651 1241/689/652 1242/690/653
f 1243/674/637 1244/691/654 1245/688/651
f 1246/687/650 1247/671/634 1248/692/655
f 1249/693/656 1250/694/657 1251/695/658
f 1252/696/659 1253/697/660 1254/698/661
f 1255/699/662 1256/700/663 1257/696/659
f 1258/694/657 1259/701/664 1260/695/658
f 1261/702/665 1262/700/663 1263/703/666
f 1264/704/667 1265/632/595 1266/705/668
f 1267/706/669 1268/612/575 1269/704/667
f 1270/703/666 1271/707/670 1272/708/671
f 1273/138/138 1274/709/672 1275/710/673
f 1276/711/674 1277/146/146 1278/139/139
f 1279/698/661 1280/712/675 1281/711/674
f 1282/710/673 1283/713/676 1284/693/656
f 1285/714/677 1286/146/146 1287/712/675
f 1288/629/592 1289/148/148 1290/715/678
f 1291/705/668 1292/629/592 1293/715/678
f 1294/714/677 1295/697/660 1296/702/665
f 1297/716/679 1298/717/680 1299/718/681
f 1300/719/682 1301/716/679 1302/718/681
f 1303/720/683 1304/721/684 1305/722/685
f 1306/677/640 1307/723/686 1308/720/683
f 1309/724/687 1310/725/688 1311/726/689
f 1312/722/685 1313/727/690 1314/724/687
f 1315/728/691 1316/729/692 1317/719/682
f 1318/730/693 1319/731/694 1320/728/691
f 1321/732/695 1322/691/654 1323/733/696
f 1324/734/697 1325/732/695 1326/733/696
f 1327/733/696 1328/729/692 1329/734/697
f 1330/733/696 1331/673/636 1332/716/679
f 1333/735/698 1334/736/699 1335/737/700
f 1336/694/657 1337/738/701 1338/739/702
f 1339/739/702 1340/740/703 1341/694/657
f 1342/737/700 1343/741/704 1344/735/698
f 1345/742/705 1346/178/178 1347/743/706
f 1348/709/672 1349/180/180 1350/744/707
f 1351/744/707 1352/713/676 1353/709/672
f 1354/743/706 1355/745/708 1356/742/705
f 1357/746/709 1358/747/710 1359/748/711
f 1360/749/712 1361/750/713 1362/746/709
f 1363/751/714 1364/752/715 1365/753/716
f 1366/751/714 1367/754/717 1368/755/718
f 1369/756/719 1370/757/720 1371/749/712
f 1372/627/590 1373/758/721 1374/759/722
f 1375/760/723 1376/625/588 1377/761/724
f 1378/753/716 1379/762/725 1380/763/726
f 1381/764/727 1382/765/728 1383/766/729
f 1384/766/729 1385/767/730 1386/764/727
f 1387/768/731 1388/757/720 1389/769/732
f 1390/770/733 1391/750/713 1392/768/731
f 1393/771/734 1394/767/730 1395/772/735
f 1396/620/583 1397/773/736 1398/774/737
f 1399/775/738 1400/626/589 1401/617/580
f 1402/769/732 1403/776/739 1404/777/740
f 1405/755/718 1406/778/741 1407/779/742
f 1408/779/742 1409/752/715 1410/755/718
f 1411/779/742 1412/780/743 1413/781/744
f 1414/778/741 1415/782/745 1416/779/742
f 1417/783/746 1418/752/715 1419/781/744
f 1420/655/618 1421/784/747 1422/785/748
f 1423/785/748 1424/654/617 1425/655/618
f 1426/781/744 1427/786/749 1428/783/746
f 1429/787/750 1430/788/751 1431/789/752
f 1432/790/753 1433/791/754 1434/787/750
f 1435/792/755 1436/767/730 1437/793/756
f 1438/792/755 1439/794/757 1440/764/727
f 1441/795/758 1442/796/759 1443/790/753
f 1444/708/671 1445/797/760 1446/798/761
f 1447/799/762 1448/619/582 1449/706/669
f 1450/793/756 1451/800/763 1452/801/764
f 1453/802/765 1454/803/766 1455/804/767
f 1456/805/768 1457/806/769 1458/802/765
f 1459/807/770 1460/796/759 1461/808/771
f 1462/809/772 1463/791/754 1464/807/770
f 1465/810/773 1466/805/768 1467/811/774
f 1468/812/775 1469/740/703 1470/813/776
f 1471/814/777 1472/707/670 1473/699/662
f 1474/808/771 1475/815/778 1476/816/779
f 1477/817/780 1478/818/781 1479/819/782
f 1480/820/783 1481/821/784 1482/822/785
f 1483/813/776 1484/823/786 1485/824/787
f 1486/825/788 1487/810/773 1488/826/789
f 1489/827/790 1490/828/791 1491/581/544
f 1492/829/792 1493/830/793 1494/827/790
f 1495/831/794 1496/832/795 1497/833/796
f 1498/586/549 1499/834/797 1500/831/794
f 1501/835/798 1502/829/792 1503/836/799
f 1504/837/711 1505/835/798 1506/836/799
f 1507/838/800 1508/839/717 1509/840/801
f 1510/838/800 1511/832/795 1512/841/802
f 1513/842/803 1514/843/804 1515/844/805
f 1516/844/805 1517/845/806 1518/842/803
f 1519/830/793 1520/846/807 1521/847/808
f 1522/847/808 1523/828/791 1524/830/793
f 1525/848/809 1526/849/810 1527/850/811
f 1528/850/811 1529/851/757 1530/848/809
f 1531/852/812 1532/853/710 1533/854/733
f 1534/852/812 1535/855/813 1536/835/798
f 1537/856/814 1538/585/548 1539/647/610
f 1540/857/815 1541/834/797 1542/856/814
f 1543/856/814 1544/858/816 1545/857/815
f 1546/856/814 1547/859/817 1548/860/818
f 1549/861/819 1550/832/795 1551/857/815
f 1552/862/741 1553/841/802 1554/861/819
f 1555/861/819 1556/863/820 1557/862/741
f 1558/857/815 1559/864/821 1560/861/819
f 1561/865/822 1562/866/823 1563/867/824
f 1564/867/824 1565/868/825 1566/865/822
f 1567/842/803 1568/869/826 1569/870/827
f 1570/870/827 1571/594/557 1572/842/803
f 1573/871/828 1574/872/829 1575/873/830
f 1576/874/752 1577/871/828 1578/873/830
f 1579/848/809 1580/875/831 1581/876/832
f 1582/876/832 1583/845/806 1584/848/809
f 1585/877/833 1586/878/834 1587/879/835
f 1588/879/835 1589/880/836 1590/877/833
f 1591/865/822 1592/881/837 1593/882/838
f 1594/882/838 1595/666/629 1596/865/822
f 1597/883/839 1598/880/836 1599/884/840
f 1600/885/767 1601/886/841 1602/883/839
f 1603/887/842 1604/888/751 1605/889/772
f 1606/881/837 1607/871/828 1608/887/842
f 1609/877/833 1610/890/843 1611/891/844
f 1612/892/845 1613/877/833 1614/891/844
f 1615/893/846 1616/894/847 1617/895/848
f 1618/896/849 1619/897/850 1620/893/846
f 1621/886/841 1622/898/851 1623/899/852
f 1624/899/852 1625/880/836 1626/886/841
f 1627/900/853 1628/901/854 1629/896/849
f 1630/900/853 1631/902/855 1632/903/856
f 1633/904/857 1634/905/858 1635/906/859
f 1636/907/860 1637/908/861 1638/909/862
f 1639/910/863 1640/911/864 1641/912/865
f 1642/913/865 1643/914/866 1644/915/863
f 1645/916/867 1646/917/868 1647/918/869
f 1648/919/870 1649/916/867 1650/918/869
f 1651/920/871 1652/921/872 1653/922/873
f 1654/923/874 1655/924/875 1656/920/871
f 1657/925/876 1658/926/877 1659/927/878
f 1660/927/878 1661/928/879 1662/925/876
f 1663/818/781 1664/923/874 1665/929/880
f 1666/930/881 1667/931/882 1668/825/788
f 1669/932/883 1670/933/884 1671/934/885
f 1672/935/886 1673/936/887 1674/937/888
f 1675/806/769 1676/938/889 1677/939/890
f 1678/939/890 1679/803/766 1680/806/769
f 1681/940/891 1682/941/892 1683/942/893
f 1684/942/893 1685/943/894 1686/940/891
f 1687/944/895 1688/945/896 1689/946/897
f 1690/946/897 1691/921/872 1692/944/895
f 1693/947/898 1694/948/899 1695/949/900
f 1696/949/900 1697/950/901 1698/947/898
f 1699/951/902 1700/676/639 1701/892/845
f 1702/952/903 1703/723/686 1704/951/902
f 1705/953/904 1706/954/905 1707/955/906
f 1708/895/848 1709/956/907 1710/953/904
f 1711/957/908 1712/721/684 1713/952/903
f 1714/958/909 1715/727/690 1716/957/908
f 1717/959/910 1718/960/911 1719/961/912
f 1720/955/906 1721/962/913 1722/959/910
f 1723/963/914 1724/954/905 1725/964/915
f 1726/965/916 1727/962/913 1728/963/914
f 1729/966/917 1730/967/918 1731/968/919
f 1732/969/920 1733/970/921 1734/971/922
f 1735/972/923 1736/894/847 1737/973/924
f 1738/964/915 1739/956/907 1740/972/923
f 1741/974/925 1742/975/926 1743/976/927
f 1744/977/928 1745/978/929 1746/979/930
f 1747/947/898 1748/980/931 1749/981/932
f 1750/981/932 1751/928/879 1752/947/898
f 1753/982/933 1754/971/922 1755/983/934
f 1756/984/935 1757/985/936 1758/986/937
f 1759/940/891 1760/987/938 1761/988/939
f 1762/988/939 1763/989/855 1764/940/891
f 1765/990/940 1766/991/941 1767/992/942
f 1768/993/943 1769/994/944 1770/995/945
f 1771/937/888 1772/996/946 1773/997/947
f 1774/998/948 1775/943/894 1776/932/883
f 1777/999/949 1778/1000/950 1779/975/926
f 1780/1001/951 1781/983/934 1782/1000/950
f 1783/925/876 1784/1002/952 1785/1003/953
f 1786/1003/953 1787/936/887 1788/925/876
f 1789/907/860 1790/1004/954 1791/1005/955
f 1792/1006/956 1793/1007/957 1794/1008/958
f 1795/1009/959 1796/1010/960 1797/1011/961
f 1798/1009/959 1799/950/901 1800/916/867
f 1801/1012/962 1802/1013/963 1803/1014/964
f 1804/1015/965 1805/1016/966 1806/1017/967
f 1807/1018/968 1808/958/909 1809/1019/969
f 1810/1019/969 1811/1020/970 1812/1018/968
f 1813/1021/971 1814/919/870 1815/1022/972
f 1816/961/912 1817/1021/971 1818/1022/972
f 1819/903/856 1820/1023/973 1821/1024/974
f 1822/1025/975 1823/903/856 1824/1024/974
f 1825/1026/976 1826/1027/977 1827/1028/978
f 1828/1029/979 1829/905/858 1830/1030/980
f 1831/1031/981 1832/901/854 1833/1025/975
f 1834/973/924 1835/897/850 1836/1031/981
f 1837/1014/964 1838/1032/982 1839/1026/976
f 1840/1033/983 1841/1034/984 1842/1006/956
f 1843/1035/985 1844/1030/980 1845/1036/986
f 1846/1028/978 1847/1037/987 1848/1015/965
f 1849/1038/988 1850/1039/989 1851/1033/983
f 1852/1005/955 1853/1040/990 1854/1041/991
f 1855/1042/988 1856/1036/986 1857/1043/992
f 1858/1044/993 1859/1045/994 1860/904/857
f 1861/1041/991 1862/1046/995 1863/1044/993
f 1864/1047/996 1865/908/861 1866/1048/997
f 1867/1049/998 1868/1050/999 1869/1051/1000
f 1870/1052/1001 1871/1051/1000 1872/967/918
f 1873/1053/1002 1874/968/919 1875/1054/1003
f 1876/1055/1004 1877/992/942 1878/994/944
f 1879/1056/928 1880/1057/1005 1881/984/935
f 1882/1058/1006 1883/1059/1007 1884/978/929
f 1885/986/937 1886/1050/999 1887/1060/1008
f 1888/1061/1009 1889/970/921 1890/1062/1010
f 1891/993/943 1892/1063/1011 1893/1061/1009
f 1894/1064/1012 1895/1054/1003 1896/991/941
f 1897/1065/1013 1898/960/911 1899/965/916
f 1900/1011/961 1901/1021/971 1902/1065/1013
f 1903/1017/967 1904/1066/1014 1905/1047/996
f 1906/1067/1015 1907/1068/1016 1908/1012/962
f 1909/1069/1017 1910/1070/1018 1911/1071/1019
f 1912/1071/1019 1913/1072/1020 1914/1069/1017
f 1915/1073/1021 1916/1074/1022 1917/1071/1019
f 1918/1071/1019 1919/1075/1023 1920/1073/1021
f 1921/1076/1024 1922/1074/1022 1923/1077/1025
f 1924/944/895 1925/1078/1026 1926/1079/1027
f 1927/1079/1027 1928/914/866 1929/944/895
f 1930/1077/1025 1931/1080/1028 1932/1081/1029
f 1933/1073/1021 1934/1082/1030 1935/1083/1031
f 1936/1083/1031 1937/1080/1028 1938/1073/1021
f 1939/1084/1031 1940/1085/1032 1941/1086/1033
f 1942/1087/1030 1943/1088/1034 1944/1084/1031
f 1945/1081/1029 1946/1089/1033 1947/1090/1035
f 1948/915/863 1949/1091/1036 1950/1092/1037
f 1951/1093/1037 1952/1020/970 1953/910/863
f 1954/1086/1033 1955/1094/1038 1956/1095/1035
f 1957/1096/1039 1958/451/434 1959/1097/1040
f 1960/1098/1041 1961/453/436 1962/1099/1042
f 1963/1099/1042 1964/1100/1043 1965/1098/1041
f 1966/1097/1040 1967/1101/1044 1968/1096/1039
f 1969/1102/1045 1970/458/441 1971/1103/1046
f 1972/1103/1046 1973/1104/1047 1974/1102/1045
f 1975/1105/1048 1976/1106/1049 1977/1103/1046
f 1978/1103/1046 1979/464/447 1980/1105/1048
f 1981/1107/1050 1982/1108/1051 1983/1109/1052
f 1984/1070/1018 1985/1106/1049 1986/1107/1050
f 1987/1107/1050 1988/1075/1023 1989/1070/1018
f 1990/1109/1052 1991/1110/1053 1992/1107/1050
f 1993/1111/1054 1994/1112/1055 1995/1113/1056
f 1996/1082/1030 1997/1110/1053 1998/1111/1054
f 1999/1114/1054 2000/1115/1057 2001/1087/1030
f 2002/1116/1056 2003/1117/1058 2004/1114/1054
f 2005/1118/1059 2006/1119/1060 2007/1120/1061
f 2008/1121/1062 2009/1122/1063 2010/1118/1059
f 2011/478/460 2012/1121/1062 2013/1118/1059
f 2014/1120/1061 2015/478/460 2016/1118/1059
f 2017/822/785 2018/1123/1064 2019/1124/1065
f 2020/1125/1066 2021/1126/1067 2022/817/780
f 2023/1078/1026 2024/924/875 2025/1125/1066
f 2026/1124/1065 2027/1072/1020 2028/1076/1024
f 2029/1127/1068 2030/821/784 2031/737/700
f 2032/1069/1017 2033/1123/1064 2034/1127/1068
f 2035/1127/1068 2036/1104/1047 2037/1069/1017
f 2038/737/700 2039/1128/1069 2040/1127/1068
f 2041/743/706 2042/487/469 2043/1129/1070
f 2044/1129/1070 2045/736/699 2046/743/706
f 2047/1102/1045 2048/1128/1069 2049/1129/1070
f 2050/1129/1070 2051/489/471 2052/1102/1045
f 2053/1130/1071 2054/1131/1072 2055/734/697
f 2056/1132/1073 2057/1133/1074 2058/1130/1071
f 2059/731/694 2060/1132/1073 2061/1130/1071
f 2062/734/697 2063/731/694 2064/1130/1071
f 2065/1134/1075 2066/1135/1076 2067/1136/1077
f 2068/1137/1078 2069/1117/1058 2070/1134/1075
f 2071/1134/1075 2072/1138/1079 2073/1137/1078
f 2074/1136/1077 2075/1122/1063 2076/1134/1075
f 2077/500/482 2078/1098/1041 2079/1139/1080
f 2080/1140/1081 2081/502/484 2082/1141/1082
f 2083/609/572 2084/1142/1083 2085/1140/1081
f 2086/1139/1080 2087/1100/1043 2088/605/568
f 2089/507/489 2090/1143/1084 2091/1144/1085
f 2092/1097/1040 2093/507/489 2094/1144/1085
f 2095/1144/1085 2096/599/562 2097/1097/1040
f 2098/1144/1085 2099/1145/1086 2100/648/611
f 2101/509/491 2102/1142/1083 2103/1146/1087
f 2104/1147/1088 2105/512/494 2106/1148/1089
f 2107/684/647 2108/1149/1090 2109/1147/1088
f 2110/1146/1087 2111/608/571 2112/680/643
f 2113/515/497 2114/1149/1090 2115/1150/1091
f 2116/1151/1092 2117/518/500 2118/1152/1093
f 2119/690/653 2120/1153/1094 2121/1151/1092
f 2122/1150/1091 2123/683/646 2124/686/649
f 2125/522/504 2126/1153/1094 2127/1154/1095
f 2128/1154/1095 2129/523/505 2130/522/504
f 2131/732/695 2132/1155/1096 2133/1154/1095
f 2134/1154/1095 2135/689/652 2136/732/695
f 2137/525/507 2138/1155/1096 2139/1156/1097
f 2140/1156/1097 2141/527/509 2142/525/507
f 2143/1133/1074 2144/1121/1062 2145/1156/1097
f 2146/1156/1097 2147/1131/1072 2148/1133/1074
f 2149/1137/1078 2150/1132/1073 2151/1157/1098
f 2152/1157/1098 2153/1115/1057 2154/1137/1078
f 2155/1158/1099 2156/1088/1034 2157/1157/1098
f 2158/1157/1098 2159/1159/1100 2160/1158/1099
f 2161/1018/968 2162/1160/1101 2163/1161/1102
f 2164/1161/1102 2165/725/688 2166/1018/968
f 2167/1158/1099 2168/730/693 2169/1162/1103
f 2170/1162/1103 2171/1085/1032 2172/1158/1099
f 2173/1163/1104 2174/1164/843 2175/1165/1105
f 2176/1166/1106 2177/1167/844 2178/1163/1104
f 2179/1168/852 2180/1169/1107 2181/1170/1108
f 2182/1165/1105 2183/1168/852 2184/1170/1108
f 2185/1171/865 2186/1172/1109 2187/1173/1110
f 2188/1173/1110 2189/1174/896 2190/1171/865
f 2191/1175/871 2192/1176/1111 2193/1177/1112
f 2194/1178/1113 2195/1175/871 2196/1177/1112
f 2197/1179/880 2198/1178/1113 2199/1180/1114
f 2200/1181/1115 2201/1182/889 2202/1183/881
f 2203/1184/890 2204/1185/1116 2205/1186/1117
f 2206/1186/1117 2207/1187/851 2208/1184/890
f 2209/1188/897 2210/1189/1118 2211/1190/1119
f 2212/1190/1119 2213/1191/873 2214/1188/897
f 2215/1192/1120 2216/1193/845 2217/1166/1106
f 2218/1194/1121 2219/1195/902 2220/1192/1120
f 2221/1196/1122 2222/1197/903 2223/1194/1121
f 2224/1198/1123 2225/1199/908 2226/1196/1122
f 2227/1200/969 2228/1198/1123 2229/1201/1124
f 2230/1201/1124 2231/1202/864 2232/1200/969
f 2233/1116/1056 2234/1203/1125 2235/1135/1076
f 2236/468/451 2237/1204/1126 2238/1205/1127
f 2239/1105/1048 2240/1206/1128 2241/1207/1129
f 2242/1109/1052 2243/1208/1130 2244/1112/1055
f 2245/1120/1061 2246/1209/1131 2247/1210/1132
f 2248/1108/1051 2249/1211/1133 2250/1109/1052
f 2251/463/446 2252/1212/1134 2253/1213/1135
f 2254/466/449 2255/1205/1127 2256/1212/1134
f 2257/464/447 2258/1213/1135 2259/1206/1128
f 2260/497/479 2261/1214/1136 2262/495/477
f 2263/1112/1055 2264/1215/1137 2265/1113/1056
f 2266/479/461 2267/1210/1132 2268/1216/1138
f 2269/473/455 2270/1214/1136 2271/1217/1139
f 2272/480/462 2273/1218/1140 2274/475/457
f 2275/475/457 2276/1219/1141 2277/497/479
f 2278/1136/1077 2279/1203/1125 2280/1220/1142
f 2281/1119/1060 2282/1220/1142 2283/1209/1131
f 2284/479/461 2285/1221/1143 2286/480/462
f 2287/470/453 2288/1222/1139 2289/1204/1126
f 2290/1105/1048 2291/1223/1144 2292/1108/1051
f 2293/1224/1145 2294/1047/996 2295/1048/997
f 2296/1048/997 2297/1225/1146 2298/1224/1145
f 2299/906/859 2300/1226/1147 2301/904/857
f 2302/906/859 2303/1227/1148 2304/1228/1149
f 2305/1229/1150 2306/1029/979 2307/1035/985
f 2308/1035/985 2309/1230/1151 2310/1229/1150
f 2311/1231/1152 2312/1015/965 2313/1017/967
f 2314/1017/967 2315/1232/1153 2316/1231/1152
f 2317/1014/964 2318/1233/1154 2319/1012/962
f 2320/1026/976 2321/1234/1155 2322/1014/964
f 2323/1235/1156 2324/1006/956 2325/1008/958
f 2326/1012/962 2327/1236/1157 2328/1067/1015
f 2329/1237/1158 2330/1038/988 2331/1033/983
f 2332/1033/983 2333/1238/1159 2334/1237/1158
f 2335/1239/1160 2336/1026/976 2337/1028/978
f 2338/1028/978 2339/1240/1161 2340/1239/1160
f 2341/1241/1162 2342/1041/991 2343/1044/993
f 2344/1044/993 2345/1226/1147 2346/1241/1162
f 2347/1242/1163 2348/907/860 2349/1005/955
f 2350/1005/955 2351/1243/1164 2352/1242/1163
f 2353/412/401 2354/571/535 2355/573/536
f 2356/574/537 2357/412/401 2358/573/536
f 2359/387/377 2360/567/533 2361/568/534
f 2362/568/534 2363/414/403 2364/387/377
f 2365/381/371 2366/538/519 2367/564/532
f 2368/564/532 2369/390/380 2370/381/371
f 2371/562/531 2372/377/367 2373/546/522
f 2374/547/523 2375/376/366 2376/562/531
f 2377/558/529 2378/361/353 2379/556/528
f 2380/558/529 2381/368/330 2382/370/360
f 2383/551/526 2384/353/345 2385/550/525
f 2386/556/528 2387/363/355 2388/554/527
f 2389/549/524 2390/357/349 2391/547/523
f 2392/550/525 2393/355/347 2394/549/524
f 2395/344/336 2396/574/537 2397/542/521
f 2398/546/522 2399/344/336 2400/542/521
f 2401/539/520 2402/337/330 2403/1244/530
f 2404/539/520 2405/329/322 2406/333/326
f 2407/326/319 2408/535/517 2409/537/518
f 2410/537/518 2411/384/374 2412/326/319
f 2413/1201/1124 2414/961/912 2415/1022/972
f 2416/1022/972 2417/1172/1109 2418/1201/1124
f 2419/1194/1121 2420/959/910 2421/1196/1122
f 2422/1196/1122 2423/961/912 2424/1198/1123
f 2425/1166/1106 2426/953/904 2427/1192/1120
f 2428/1192/1120 2429/955/906 2430/1194/1121
f 2431/1190/1119 2432/917/868 2433/949/900
f 2434/949/900 2435/1176/1111 2436/1190/1119
f 2437/1186/1117 2438/933/884 2439/942/893
f 2440/942/893 2441/1245/1107 2442/1186/1117
f 2443/1180/1114 2444/926/877 2445/935/886
f 2446/934/885 2447/1185/1116 2448/1181/1115
f 2449/1177/1112 2450/948/899 2451/927/878
f 2452/927/878 2453/1178/1113 2454/1177/1112
f 2455/1173/1110 2456/919/870 2457/918/869
f 2458/918/869 2459/1189/1118 2460/1173/1110
f 2461/1170/1108 2462/1246/892 2463/900/853
f 2464/1170/1108 2465/896/849 2466/1165/1105
f 2467/1163/1104 2468/896/849 2469/893/846
f 2470/1163/1104 2471/895/848 2472/1166/1106
f 2473/1055/1004 2474/1247/1165 2475/990/940
f 2476/990/940 2477/1248/1166 2478/1064/1012
f 2479/1060/1008 2480/1249/1167 2481/1250/1168
f 2482/1250/1168 2483/986/937 2484/1060/1008
f 2485/986/937 2486/1251/1169 2487/984/935
f 2488/984/935 2489/1252/1170 2490/1056/928
f 2491/1061/1009 2492/1253/1171 2493/993/943
f 2494/993/943 2495/1254/1172 2496/1055/1004
f 2497/982/933 2498/1255/1173 2499/1256/1174
f 2500/1256/1174 2501/969/920 2502/982/933
f 2503/974/925 2504/1257/1175 2505/1258/1176
f 2506/999/949 2507/1255/1173 2508/1001/951
f 2509/977/928 2510/1259/1177 2511/1058/1006
f 2512/1058/1006 2513/1257/1175 2514/1260/1178
f 2515/969/920 2516/1261/1179 2517/1062/1010
f 2518/1062/1010 2519/1262/1180 2520/1061/1009
f 2521/966/917 2522/1263/1181 2523/1052/1001
f 2524/1263/1181 2525/1049/998 2526/1052/1001
f 2527/1064/1012 2528/1264/1182 2529/1053/1002
f 2530/1053/1002 2531/1265/1183 2532/966/917
f 2533/1162/1103 2534/726/689 2535/1161/1102
f 2536/1161/1102 2537/1094/1038 2538/1162/1103
f 2539/1076/1024 2540/1125/1066 2541/1124/1065
f 2542/1124/1065 2543/817/780 2544/822/785
f 2545/1095/1035 2546/1160/1101 2547/1093/1037
f 2548/1092/1037 2549/1081/1029 2550/1090/1035
f 2551/1077/1025 2552/1091/1036 2553/1079/1027
f 2554/1079/1027 2555/1076/1024 2556/1077/1025
f 2557/824/787 2558/810/773 2559/813/776
f 2560/822/785 2561/819/782 2562/820/783
f 2563/814/777 2564/815/778 2565/797/760
f 2566/813/776 2567/811/774 2568/812/775
f 2569/801/764 2570/773/736 2571/799/762
f 2572/798/761 2573/815/778 2574/795/758
f 2575/783/746 2576/1266/1184 2577/785/748
f 2578/785/748 2579/762/725 2580/783/746
f 2581/777/740 2582/758/721 2583/775/738
f 2584/774/737 2585/800/763 2586/771/734
f 2587/763/726 2588/784/747 2589/760/723
f 2590/759/722 2591/776/739 2592/756/719
f 2593/719/682 2594/724/687 2595/728/691
f 2596/728/691 2597/726/689 2598/730/693
f 2599/717/680 2600/720/683 2601/718/681
f 2602/718/681 2603/722/685 2604/719/682
f 2605/670/633 2606/667/630 2607/678/641
f 2608/675/638 2609/717/680 2610/672/635
f 2611/660/623 2612/669/632 2613/661/624
f 2614/664/627 2615/667/630 2616/662/625
f 2617/642/605 2618/644/607 2619/640/603
f 2620/640/603 2621/645/608 2622/576/539
f 2623/588/551 2624/597/560 2625/589/552
f 2626/590/553 2627/595/558 2628/660/623
f 2629/577/540 2630/645/608 2631/584/547
f 2632/583/546 2633/588/551 2634/578/541
f 2635/533/515 2636/158/158 2637/165/165
f 2638/534/516 2639/531/513 2640/533/515
f 2641/484/466 2642/428/417 2643/483/465
f 2644/483/465 2645/259/259 2646/484/466
f 2647/448/429 2648/447/431 2649/534/516
f 2650/443/429 2651/432/421 2652/444/430
f 2653/431/420 2654/442/428 2655/429/418
f 2656/428/417 2657/431/420 2658/429/418
f 2659/264/264 2660/251/251 2661/265/265
f 2662/260/260 2663/482/464 2664/261/261
f 2665/239/239 2666/257/257 2667/255/255
f 2668/252/252 2669/263/263 2670/253/253
f 2671/211/211 2672/243/243 2673/242/242
f 2674/241/241 2675/238/238 2676/239/239
f 2677/226/226 2678/223/223 2679/224/224
f 2680/224/224 2681/199/199 2682/198/198
f 2683/194/194 2684/216/216 2685/214/214
f 2686/213/213 2687/210/210 2688/211/211
f 2689/198/198 2690/201/201 2691/197/197
f 2692/196/196 2693/193/193 2694/194/194
f 2695/160/160 2696/154/154 2697/163/163
f 2698/165/165 2699/160/160 2700/163/163
f 2701/152/152 2702/105/105 2703/104/104
f 2704/152/152 2705/161/161 2706/155/155
f 2707/101/101 2708/109/109 2709/93/93
f 2710/104/104 2711/107/107 2712/102/102
f 2713/99/99 2714/16/16 2715/88/88
f 2716/91/91 2717/109/109 2718/94/94
f 2719/68/68 2720/1267/1185 2721/65/65
f 2722/65/65 2723/11/11 2724/68/68
f 2725/23/23 2726/6/6 2727/14/14
f 2728/17/17 2729/98/98 2730/18/18
f 2731/3/3 2732/11/11 2733/1/1
f 2734/6/6 2735/7/7 2736/4/4
f 2737/102/102 2738/1268/1186 2739/1269/1187
f 2740/1270/1188 2741/253/253 2742/1271/1189
f 2743/1272/1190 2744/672/635 2745/1273/1191
f 2746/812/775 2747/1274/1192 2748/1275/1193
f 2749/1276/1194 2750/1151/1092 2751/1277/1195
f 2752/1277/1195 2753/1152/1093 2754/1278/1196
f 2755/1279/1197 2756/883/839 2757/1280/1198
f 2758/1280/1198 2759/884/840 2760/1281/1199
f 2761/1282/1200 2762/884/840 2763/879/835
f 2764/1282/1200 2765/878/834 2766/1283/1201
f 2767/1275/1193 2768/701/664 2769/812/775
f 2770/811/774 2771/1284/1202 2772/1274/1192
f 2773/1284/1202 2774/802/765 2775/1285/1203
f 2776/1285/1203 2777/804/767 2778/1286/1197
f 2779/1287/1204 2780/693/656 2781/1288/1205
f 2782/1289/1206 2783/710/673 2784/1287/1204
f 2785/1290/1207 2786/701/664 2787/1291/1208
f 2788/1288/1205 2789/695/658 2790/1290/1207
f 2791/1292/1209 2792/688/651 2793/1293/1210
f 2794/1293/1210 2795/690/653 2796/1276/1194
f 2797/1283/1201 2798/675/638 2799/1272/1190
f 2800/1273/1191 2801/674/637 2802/1292/1209
f 2803/517/499 2804/1294/1211 2805/1295/1212
f 2806/1295/1212 2807/1152/1093 2808/517/499
f 2809/320/314 2810/1296/1213 2811/1297/1214
f 2812/1298/1215 2813/320/314 2814/1297/1214
f 2815/1299/1216 2816/315/309 2817/1298/1215
f 2818/1299/1216 2819/106/106 2820/313/307
f 2821/253/253 2822/1300/1217 2823/1271/1189
f 2824/1301/1218 2825/252/252 2826/1270/1188
f 2827/1302/1219 2828/248/248 2829/1301/1218
f 2830/1302/1219 2831/1303/315 2832/244/244
f 2833/1304/1220 2834/123/123 2835/136/136
f 2836/136/136 2837/1289/1206 2838/1304/1220
f 2839/1305/1221 2840/254/254 2841/124/124
f 2842/124/124 2843/1306/1222 2844/1305/1221
f 2845/118/118 2846/1307/1223 2847/1308/1224
f 2848/1308/1224 2849/520/502 2850/118/118
f 2851/107/107 2852/1309/1225 2853/1268/1186
f 2854/1269/1187 2855/121/121 2856/102/102
f 2857/1269/1187 2858/108/108 2859/101/101
f 2860/1271/1189 2861/257/257 2862/1270/1188
f 2863/670/633 2864/1272/1190 2865/1273/1191
f 2866/1275/1193 2867/816/779 2868/814/777
f 2869/1277/1195 2870/686/649 2871/1276/1194
f 2872/1278/1196 2873/1150/1091 2874/1277/1195
f 2875/1281/1199 2876/887/842 2877/1280/1198
f 2878/1280/1198 2879/889/772 2880/1279/1197
f 2881/1283/1201 2882/882/838 2883/1282/1200
f 2884/882/838 2885/1281/1199 2886/1282/1200
f 2887/1274/1192 2888/808/771 2889/816/779
f 2890/1275/1193 2891/699/662 2892/1291/1208
f 2893/1286/1197 2894/807/770 2895/1285/1203
f 2896/1285/1203 2897/808/771 2898/1284/1202
f 2899/1287/1204 2900/698/661 2901/711/674
f 2902/711/674 2903/1289/1206 2904/1287/1204
f 2905/1291/1208 2906/696/659 2907/1290/1207
f 2908/1290/1207 2909/698/661 2910/1288/1205
f 2911/1293/1210 2912/692/655 2913/1292/1209
f 2914/1276/1194 2915/687/650 2916/1293/1210
f 2917/678/641 2918/1283/1201 2919/1272/1190
f 2920/1292/1209 2921/670/633 2922/1273/1191
f 2923/1295/1212 2924/116/116 2925/516/498
f 2926/516/498 2927/1278/1196 2928/1295/1212
f 2929/322/316 2930/1298/1215 2931/1297/1214
f 2932/1297/1214 2933/1310/250 2934/322/316
f 2935/317/311 2936/1309/1225 2937/1299/1216
f 2938/1298/1215 2939/317/311 2940/1299/1216
f 2941/1270/1188 2942/256/256 2943/1301/1218
f 2944/1271/1189 2945/128/128 2946/255/255
f 2947/249/249 2948/1311/1213 2949/1302/1219
f 2950/1302/1219 2951/256/256 2952/249/249
f 2953/141/141 2954/1306/1222 2955/1304/1220
f 2956/1289/1206 2957/141/141 2958/1304/1220
f 2959/125/125 2960/1300/1217 2961/1305/1221
f 2962/1305/1221 2963/142/142 2964/125/125
f 2965/1308/1224 2966/100/100 2967/117/117
f 2968/117/117 2969/1294/1211 2970/1308/1224
f 2971/1268/1186 2972/318/312 2973/108/108
f 2974/101/101 2975/1307/1223 2976/1269/1187
f 2977/1312/1226 2978/94/94 2979/1313/1227
f 2980/1314/1228 2981/236/236 2982/241/241
f 2983/1315/1229 2984/665/628 2985/664/627
f 2986/1316/1230 2987/795/758 2988/1317/1231
f 2989/1318/1232 2990/1147/1088 2991/1319/1233
f 2992/1319/1233 2993/1148/1089 2994/1320/1234
f 2995/1321/1235 2996/874/752 2997/873/830
f 2998/873/830 2999/1322/1236 3000/1321/1235
f 3001/1323/1237 3002/872/829 3003/867/824
f 3004/867/824 3005/1324/1238 3006/1323/1237
f 3007/1325/1239 3008/798/761 3009/1316/1230
f 3010/1317/1231 3011/790/753 3012/1326/1240
f 3013/1326/1240 3014/787/750 3015/1327/1241
f 3016/1327/1241 3017/789/752 3018/1328/1242
f 3019/714/677 3020/1329/1243 3021/1330/1244
f 3022/1330/1244 3023/147/147 3024/714/677
f 3025/1331/1245 3026/708/671 3027/1325/1239
f 3028/1329/1243 3029/703/666 3030/1331/1245
f 3031/1332/1246 3032/663/626 3033/682/645
f 3034/1332/1246 3035/684/647 3036/1318/1232
f 3037/1333/1247 3038/866/823 3039/665/628
f 3040/664/627 3041/1334/1248 3042/1315/1229
f 3043/511/493 3044/1335/1249 3045/1336/1250
f 3046/1336/1250 3047/1148/1089 3048/511/493
f 3049/1337/1251 3050/309/304 3051/1338/1252
f 3052/1339/1253 3053/307/302 3054/1337/1251
f 3055/1340/1254 3056/304/299 3057/1339/1253
f 3058/1341/1255 3059/302/297 3060/1340/1254
f 3061/241/241 3062/1342/1256 3063/1314/1228
f 3064/1343/1257 3065/231/231 3066/236/236
f 3067/228/228 3068/1344/1258 3069/1345/1259
f 3070/1345/1259 3071/1346/304 3072/228/228
f 3073/1347/1260 3074/145/145 3075/1348/1261
f 3076/1348/1261 3077/147/147 3078/1349/1262
f 3079/1350/1263 3080/240/240 3081/130/130
f 3082/130/130 3083/1347/1260 3084/1350/1263
f 3085/112/112 3086/1351/1264 3087/1352/1265
f 3088/1352/1265 3089/514/496 3090/112/112
f 3091/1313/1227 3092/96/96 3093/1341/1255
f 3094/1312/1226 3095/115/115 3096/91/91
f 3097/261/261 3098/265/265 3099/260/260
f 3100/820/783 3101/826/789 3102/824/787
f 3103/999/949 3104/1258/1176 3105/1353/1266
f 3106/935/886 3107/1181/1115 3108/1180/1114
f 3109/554/527 3110/364/356 3111/551/526
f 3112/1067/1015 3113/1235/1156 3114/1008/958
f 3115/1180/1114 3116/1183/881 3117/1179/880
f 3118/1008/958 3119/1354/1267 3120/1067/1015
f 3121/997/947 3122/932/883 3123/937/888
f 3124/1260/1178 3125/976/927 3126/1059/1007
f 3127/937/888 3128/934/885 3129/935/886
f 3130/929/880 3131/825/788 3132/818/781
f 3133/819/782 3134/825/788 3135/826/789
f 3136/824/787 3137/741/704 3138/820/783
f 3139/742/705 3140/738/701 3141/744/707
f 3142/744/707 3143/179/179 3144/742/705
f 3145/735/698 3146/823/786 3147/739/702
f 3148/739/702 3149/745/708 3150/735/698
f 3151/551/526 3152/1355/351 3153/554/527
f 3154/403/392 3155/362/354 3156/404/393
f 3157/363/355 3158/402/391 3159/364/356
f 3160/358/350 3161/266/266 3162/359/351
f 3163/260/260 3164/266/266 3165/258/258
f 3166/175/175 3167/264/264 3168/261/261
f 3169/177/177 3170/172/172 3171/171/171
f 3172/179/179 3173/181/181 3174/177/177
f 3175/169/169 3176/174/174 3177/175/175
f 3178/171/171 3179/173/173 3180/169/169
f 3181/1313/1227 3182/88/88 3183/1312/1226
f 3184/242/242 3185/1343/1257 3186/1314/1228
f 3187/661/624 3188/1333/1247 3189/1315/1229
f 3190/1317/1231 3191/799/762 3192/1316/1230
f 3193/1319/1233 3194/680/643 3195/1318/1232
f 3196/1320/1234 3197/1146/1087 3198/1319/1233
f 3199/1321/1235 3200/869/826 3201/876/832
f 3202/876/832 3203/1356/1242 3204/1321/1235
f 3205/1323/1237 3206/668/631 3207/870/827
f 3208/870/827 3209/1322/1236 3210/1323/1237
f 3211/1326/1240 3212/801/764 3213/1317/1231
f 3214/1316/1230 3215/706/669 3216/1325/1239
f 3217/1327/1241 3218/1357/831 3219/792/755
f 3220/1327/1241 3221/793/756 3222/1326/1240
f 3223/1329/1243 3224/715/678 3225/1330/1244
f 3226/715/678 3227/1349/1262 3228/1330/1244
f 3229/1325/1239 3230/704/667 3231/1331/1245
f 3232/1331/1245 3233/705/668 3234/1329/1243
f 3235/681/644 3236/1334/1248 3237/1332/1246
f 3238/1318/1232 3239/681/644 3240/1332/1246
f 3241/669/632 3242/1324/1238 3243/1333/1247
f 3244/1315/1229 3245/659/622 3246/661/624
f 3247/1336/1250 3248/110/110 3249/510/492
f 3250/510/492 3251/1320/1234 3252/1336/1250
f 3253/1337/1251 3254/305/300 3255/1339/1253
f 3256/1338/1252 3257/311/305 3258/1337/1251
f 3259/1340/1254 3260/97/97 3261/1341/1255
f 3262/1339/1253 3263/306/301 3264/1340/1254
f 3265/243/243 3266/1344/1258 3267/1343/1257
f 3268/1314/1228 3269/134/134 3270/242/242
f 3271/1345/1259 3272/235/235 3273/1358/1252
f 3274/1345/1259 3275/232/232 3276/233/233
f 3277/149/149 3278/1347/1260 3279/1348/1261
f 3280/1349/1262 3281/149/149 3282/1348/1261
f 3283/132/132 3284/1342/1256 3285/1350/1263
f 3286/1350/1263 3287/150/150 3288/132/132
f 3289/1352/1265 3290/90/90 3291/111/111
f 3292/111/111 3293/1335/1249 3294/1352/1265
f 3295/1341/1255 3296/99/99 3297/1313/1227
f 3298/1312/1226 3299/90/90 3300/1351/1264
f 3301/1359/1268 3302/18/18 3303/1360/1269
f 3304/1361/1270 3305/209/209 3306/213/213
f 3307/1362/1271 3308/593/556 3309/590/553
f 3310/1363/1272 3311/771/734 3312/1364/1273
f 3313/1365/1274 3314/1140/1081 3315/1366/1275
f 3316/1366/1275 3317/1141/1082 3318/1367/1276
f 3319/1368/1277 3320/1369/728 3321/850/811
f 3322/850/811 3323/1370/1278 3324/1368/1277
f 3325/1371/1279 3326/849/810 3327/844/805
f 3328/844/805 3329/1372/1280 3330/1371/1279
f 3331/1373/1281 3332/774/737 3333/1363/1272
f 3334/1364/1273 3335/772/735 3336/1374/1282
f 3337/1374/1282 3338/766/729 3339/1375/1283
f 3340/766/729 3341/1376/1284 3342/1375/1283
f 3343/1377/1285 3344/611/574 3345/1378/1286
f 3346/1377/1285 3347/54/54 3348/628/591
f 3349/1379/1287 3350/620/583 3351/1373/1281
f 3352/1378/1286 3353/613/576 3354/1379/1287
f 3355/1380/1288 3356/607/570 3357/1381/1289
f 3358/1381/1289 3359/609/572 3360/1365/1274
f 3361/1382/1290 3362/843/804 3363/593/556
f 3364/1362/1271 3365/592/555 3366/1380/1288
f 3367/501/483 3368/1383/1291 3369/1384/1292
f 3370/1384/1292 3371/1141/1082 3372/501/483
f 3373/1385/1293 3374/289/202 3375/1386/1294
f 3376/1387/1295 3377/287/286 3378/1385/1293
f 3379/1388/1296 3380/284/283 3381/1387/1295
f 3382/1389/1297 3383/282/281 3384/1388/1296
f 3385/213/213 3386/1390/1298 3387/1361/1270
f 3388/1391/1299 3389/206/206 3390/209/209
f 3391/1392/1300 3392/206/206 3393/1393/1301
f 3394/1394/1294 3395/204/204 3396/1392/1300
f 3397/1395/1302 3398/52/52 3399/1396/1303
f 3400/1396/1303 3401/54/54 3402/1397/1304
f 3403/1398/1305 3404/212/212 3405/39/39
f 3406/39/39 3407/1395/1302 3408/1398/1305
f 3409/34/34 3410/1399/1306 3411/1400/1307
f 3412/1400/1307 3413/504/486 3414/34/34
f 3415/1360/1269 3416/20/20 3417/1389/1297
f 3418/1359/1268 3419/15/15 3420/17/17
f 3421/1360/1269 3422/14/14 3423/1359/1268
f 3424/214/214 3425/1391/1299 3426/1361/1270
f 3427/589/552 3428/1382/1290 3429/1362/1271
f 3430/1364/1273 3431/775/738 3432/1363/1272
f 3433/1366/1275 3434/605/568 3435/1365/1274
f 3436/1367/1276 3437/1139/1080 3438/1366/1275
f 3439/1368/1277 3440/846/807 3441/852/812
f 3442/1368/1277 3443/854/733 3444/1401/1284
f 3445/1371/1279 3446/596/559 3447/847/808
f 3448/847/808 3449/1370/1278 3450/1371/1279
f 3451/1374/1282 3452/777/740 3453/1364/1273
f 3454/1363/1272 3455/617/580 3456/1373/1281
f 3457/1376/1284 3458/768/731 3459/1375/1283
f 3460/1375/1283 3461/769/732 3462/1374/1282
f 3463/1378/1286 3464/631/594 3465/1377/1285
f 3466/631/594 3467/1397/1304 3468/1377/1285
f 3469/1373/1281 3470/614/577 3471/1379/1287
f 3472/1379/1287 3473/616/579 3474/1378/1286
f 3475/1381/1289 3476/587/550 3477/1380/1288
f 3478/1365/1274 3479/606/569 3480/1381/1289
f 3481/597/560 3482/1372/1280 3483/1382/1290
f 3484/1380/1288 3485/589/552 3486/1362/1271
f 3487/1384/1292 3488/32/32 3489/498/480
f 3490/1384/1292 3491/500/482 3492/1367/1276
f 3493/1385/1293 3494/292/288 3495/1387/1295
f 3496/1385/1293 3497/1402/208 3498/290/287
f 3499/1388/1296 3500/21/21 3501/1389/1297
f 3502/1387/1295 3503/285/284 3504/1388/1296
f 3505/216/216 3506/1393/1301 3507/1391/1299
f 3508/1361/1270 3509/43/43 3510/214/214
f 3511/207/207 3512/1394/1294 3513/1392/1300
f 3514/1392/1300 3515/215/215 3516/207/207
f 3517/57/57 3518/1395/1302 3519/1396/1303
f 3520/1397/1304 3521/57/57 3522/1396/1303
f 3523/40/40 3524/1390/1298 3525/1398/1305
f 3526/1398/1305 3527/58/58 3528/40/40
f 3529/1400/1307 3530/13/13 3531/33/33
f 3532/33/33 3533/1383/1291 3534/1400/1307
f 3535/1389/1297 3536/23/23 3537/1360/1269
f 3538/14/14 3539/1399/1306 3540/1359/1268
f 3541/4/4 3542/12/12 3543/3/3
f 3544/197/197 3545/191/191 3546/196/196
f 3547/584/547 3548/578/541 3549/577/540
f 3550/760/723 3551/756/719 3552/763/726
f 3553/1096/1039 3554/602/565 3555/1099/1042
f 3556/1099/1042 3557/452/435 3558/1096/1039
f 3559/840/801 3560/836/799 3561/838/800
f 3562/836/799 3563/833/796 3564/838/800
f 3565/833/796 3566/827/790 3567/831/794
f 3568/831/794 3569/581/544 3570/586/549
f 3571/761/724 3572/759/722 3573/760/723
f 3574/763/726 3575/749/712 3576/753/716
f 3577/753/716 3578/746/709 3579/751/714
f 3580/751/714 3581/748/711 3582/1403/801
f 3583/633/596 3584/623/586 3585/637/600
f 3586/637/600 3587/60/60 3588/633/596
f 3589/624/587 3590/627/590 3591/761/724
f 3592/624/587 3593/639/602 3594/621/584
f 3595/575/538 3596/603/566 3597/598/561
f 3598/598/561 3599/602/565 3600/1101/1044
f 3601/586/549 3602/583/546 3603/584/547
f 3604/577/540 3605/580/543 3606/575/538
f 3607/450/433 3608/456/439 3609/26/26
f 3610/452/435 3611/455/438 3612/450/433
f 3613/275/275 3614/1404/190 3615/277/277
f 3616/271/271 3617/275/275 3618/277/277
f 3619/273/273 3620/270/270 3621/271/271
f 3622/10/10 3623/268/268 3624/273/273
f 3625/196/196 3626/50/50 3627/197/197
f 3628/201/201 3629/186/186 3630/191/191
f 3631/183/183 3632/200/200 3633/187/187
f 3634/187/187 3635/1405/276 3636/183/183
f 3637/62/62 3638/45/45 3639/61/61
f 3640/61/61 3641/636/599 3642/62/62
f 3643/49/49 3644/195/195 3645/46/46
f 3646/46/46 3647/47/47 3648/49/49
f 3649/27/27 3650/2/2 3651/24/24
f 3652/26/26 3653/27/27 3654/24/24
f 3655/7/7 3656/10/10 3657/12/12
f 3658/3/3 3659/30/30 3660/4/4
f 3661/1236/1157 3662/404/393 3663/1235/1156
f 3664/419/408 3665/1232/1153 3666/1224/1145
f 3667/1224/1145 3668/392/382 3669/419/408
f 3670/417/406 3671/1226/1147 3672/1228/1149
f 3673/1228/1149 3674/416/405 3675/417/406
f 3676/415/404 3677/1227/1148 3678/1229/1150
f 3679/1229/1150 3680/1406/389 3681/415/404
f 3682/406/395 3683/1240/1161 3684/1231/1152
f 3685/1231/1152 3686/420/409 3687/406/395
f 3688/1234/1155 3689/401/390 3690/1233/1154
f 3691/1407/1308 3692/405/394 3693/1234/1155
f 3694/1235/1156 3695/397/387 3696/1238/1159
f 3697/1233/1154 3698/403/392 3699/1236/1157
f 3700/398/388 3701/1408/1151 3702/1237/1158
f 3703/1237/1158 3704/397/387 3705/398/388
f 3706/1239/1160 3707/396/386 3708/1407/1308
f 3709/1239/1160 3710/408/397 3711/395/385
f 3712/393/383 3713/1243/1164 3714/1241/1162
f 3715/1241/1162 3716/418/407 3717/393/383
f 3718/391/381 3719/1225/1146 3720/1242/1163
f 3721/1242/1163 3722/394/384 3723/391/381
f 3724/1353/1266 3725/998/948 3726/997/947
f 3727/1254/1172 3728/1065/1013 3729/1247/1165
f 3730/1247/1165 3731/965/916 3732/1248/1166
f 3733/1250/1168 3734/973/924 3735/1031/981
f 3736/1250/1168 3737/1025/975 3738/1409/1309
f 3739/1409/1309 3740/1024/974 3741/1251/1169
f 3742/1251/1169 3743/1023/973 3744/1252/1170
f 3745/1262/1180 3746/1009/959 3747/1253/1171
f 3748/1253/1171 3749/1011/961 3750/1254/1172
f 3751/1256/1174 3752/996/946 3753/1003/953
f 3754/1003/953 3755/1410/1310 3756/1256/1174
f 3757/1258/1176 3758/987/938 3759/998/948
f 3760/997/947 3761/1255/1173 3762/1353/1266
f 3763/1259/1177 3764/1411/973 3765/988/939
f 3766/988/939 3767/1257/1175 3768/1259/1177
f 3769/1261/1179 3770/1002/952 3771/981/932
f 3772/981/932 3773/1262/1180 3774/1261/1179
f 3775/1265/1183 3776/972/923 3777/1263/1181
f 3778/972/923 3779/1249/1167 3780/1263/1181
f 3781/1248/1166 3782/963/914 3783/1264/1182
f 3784/1264/1182 3785/964/915 3786/1265/1183
f 3787/1412/1311 3788/1413/1312 3789/1414/1313
f 3790/1415/1314 3791/1416/1315 3792/1417/1316
f 3793/1418/1317 3794/1419/1318 3795/1420/1319
f 3796/1421/1320 3797/1422/1321 3798/1423/1322
f 3799/1423/1322 3800/1424/1323 3801/1421/1320
f 3802/1425/1324 3803/1426/1325 3804/1421/1320
f 3805/1427/1326 3806/1428/1327 3807/1419/1318
f 3808/1419/1318 3809/1429/1328 3810/1430/1329
f 3811/1431/1330 3812/1417/1316 3813/1416/1315
f 3814/1420/1319 3815/1430/1329 3816/1432/1331
f 3817/1433/1332 3818/1434/1333 3819/1435/1334
f 3820/1436/1335 3821/1437/1336 3822/1434/1333
f 3823/1438/1337 3824/1439/1338 3825/1424/1323
f 3826/1440/1339 3827/1441/1340 3828/1442/1341
f 3829/1443/1342 3830/1444/1343 3831/1445/1344
f 3832/1445/1344 3833/1441/1340 3834/1443/1342
f 3835/1446/1345 3836/1447/1346 3837/1448/1347
f 3838/1436/1335 3839/1449/1348 3840/1450/1349
f 3841/1450/1349 3842/1451/1350 3843/1447/1346
f 3844/1452/1351 3845/1450/1349 3846/1446/1345
f 3847/1453/1352 3848/1454/1353 3849/1455/1354
f 3850/1432/1331 3851/1456/1355 3852/1457/1356
f 3853/1453/1352 3854/1458/1357 3855/1459/1358
f 3856/1459/1358 3857/1426/1325 3858/1453/1352
f 3859/1455/1354 3860/1460/1359 3861/1453/1352
f 3862/1430/1329 3863/1461/1360 3864/1456/1355
f 3865/1456/1355 3866/1462/1361 3867/1463/1362
f 3868/1464/1337 3869/1418/1317 3870/1465/1363
f 3871/1457/1356 3872/1463/1362 3873/1466/1364
f 3874/1414/1313 3875/1467/1365 3876/1412/1311
f 3877/1414/1313 3878/1468/1366 3879/1469/1367
f 3880/1469/1367 3881/1460/1359 3882/1414/1313
f 3883/1470/1368 3884/1434/1333 3885/1437/1336
f 3886/1463/1362 3887/1471/1369 3888/1472/1370
f 3889/1472/1370 3890/1435/1334 3891/1434/1333
f 3892/1466/1364 3893/1472/1370 3894/1470/1368
f 3895/1421/1320 3896/1439/1338 3897/1425/1324
f 3898/1473/1371 3899/1474/1372 3900/1475/1373
f 3901/1475/1373 3902/1476/1374 3903/1473/1371
f 3904/1473/1371 3905/1477/1375 3906/1478/1376
f 3907/1478/1376 3908/1479/1377 3909/1473/1371
f 3910/1480/1378 3911/1481/1379 3912/1482/1380
f 3913/1480/1378 3914/1483/1381 3915/1484/1382
f 3916/1480/1378 3917/1485/1383 3918/1486/1384
f 3919/1486/1384 3920/1487/1385 3921/1480/1378
f 3922/1488/1386 3923/1489/1387 3924/1490/1388
f 3925/1490/1388 3926/1491/1389 3927/1488/1386
f 3928/1488/1386 3929/1492/1390 3930/1475/1373
f 3931/1475/1373 3932/1493/1391 3933/1488/1386
f 3934/1484/1382 3935/1494/1392 3936/1495/1393
f 3937/1495/1393 3938/1496/1394 3939/1497/1395
f 3940/1495/1393 3941/1498/1396 3942/1499/1397
f 3943/1499/1397 3944/1484/1382 3945/1495/1393
f 3946/1500/1398 3947/1501/1399 3948/1502/1400
f 3949/1500/1398 3950/1503/1401 3951/1504/1402
f 3952/1500/1398 3953/1505/1403 3954/1490/1388
f 3955/1490/1388 3956/1506/1404 3957/1500/1398
f 3958/1497/1395 3959/1507/1405 3960/1508/1406
f 3961/1508/1406 3962/1509/1407 3963/1510/1408
f 3964/1508/1406 3965/1511/1409 3966/1512/1410
f 3967/1512/1410 3968/1497/1395 3969/1508/1406
f 3970/1513/1411 3971/1514/1412 3972/1515/1413
f 3973/1515/1413 3974/1516/1414 3975/1513/1411
f 3976/1513/1411 3977/1503/1401 3978/1502/1400
f 3979/1502/1400 3980/1517/1415 3981/1513/1411
f 3982/1518/1416 3983/1509/1407 3984/1519/1417
f 3985/1518/1416 3986/1520/1418 3987/1521/1419
f 3988/1521/1419 3989/1522/1420 3990/1518/1416
f 3991/1522/1420 3992/1510/1408 3993/1518/1416
f 3994/1523/1421 3995/1524/1422 3996/1525/1423
f 3997/1524/1422 3998/1526/1424 3999/1525/1423
f 4000/1526/1424 4001/1515/1413 4002/1525/1423
f 4003/1525/1423 4004/1514/1412 4005/1523/1421
f 4006/1521/1419 4007/1527/1425 4008/1528/1426
f 4009/1528/1426 4010/1529/1427 4011/1530/1428
f 4012/1530/1428 4013/1531/1429 4014/1528/1426
f 4015/1528/1426 4016/1532/1430 4017/1521/1419
f 4018/1533/1431 4019/1534/1432 4020/1535/1433
f 4021/1535/1433 4022/1536/1434 4023/1533/1431
f 4024/1533/1431 4025/1537/1435 4026/1538/1436
f 4027/1538/1436 4028/1539/1437 4029/1533/1431
f 4030/1540/1438 4031/1541/1439 4032/1542/1440
f 4033/1542/1440 4034/1543/1441 4035/1540/1438
f 4036/1540/1438 4037/1544/1442 4038/1545/1443
f 4039/1545/1443 4040/1546/1444 4041/1540/1438
f 4042/1547/1445 4043/1548/1446 4044/1549/1447
f 4045/1549/1447 4046/1550/1448 4047/1551/1449
f 4048/1551/1449 4049/1476/1374 4050/1549/1447
f 4051/1549/1447 4052/1492/1390 4053/1547/1445
f 4054/1482/1380 4055/1552/1450 4056/1553/1451
f 4057/1553/1451 4058/1554/1452 4059/1555/1453
f 4060/1555/1453 4061/1556/1454 4062/1553/1451
f 4063/1553/1451 4064/1483/1381 4065/1482/1380
f 4066/1557/1455 4067/1558/1456 4068/1559/1457
f 4069/1559/1457 4070/1560/1458 4071/1547/1445
f 4072/1547/1445 4073/1491/1389 4074/1559/1457
f 4075/1559/1457 4076/1505/1403 4077/1557/1455
f 4078/1561/1459 4079/1483/1381 4080/1556/1454
f 4081/1556/1454 4082/1562/1460 4083/1561/1459
f 4084/1561/1459 4085/1563/1461 4086/1564/1462
f 4087/1564/1462 4088/1494/1392 4089/1561/1459
f 4090/1565/1463 4091/1566/1464 4092/1567/1465
f 4093/1567/1465 4094/1557/1455 4095/1565/1463
f 4096/1557/1455 4097/1504/1402 4098/1565/1463
f 4099/1504/1402 4100/1568/1466 4101/1565/1463
f 4102/1569/1467 4103/1496/1394 4104/1564/1462
f 4105/1564/1462 4106/1570/1468 4107/1569/1467
f 4108/1569/1467 4109/1571/1469 4110/1572/1470
f 4111/1572/1470 4112/1507/1405 4113/1569/1467
f 4114/1573/1471 4115/1574/1472 4116/1575/1473
f 4117/1575/1473 4118/1566/1464 4119/1568/1466
f 4120/1568/1466 4121/1516/1414 4122/1575/1473
f 4123/1575/1473 4124/1576/1474 4125/1573/1471
f 4126/1577/1475 4127/1509/1407 4128/1572/1470
f 4129/1577/1475 4130/1571/1469 4131/1578/1476
f 4132/1578/1476 4133/1579/1477 4134/1577/1475
f 4135/1577/1475 4136/1520/1418 4137/1519/1417
f 4138/1580/1478 4139/1581/1479 4140/1582/1480
f 4141/1580/1478 4142/1583/1481 4143/1573/1471
f 4144/1573/1471 4145/1526/1424 4146/1580/1478
f 4147/1580/1478 4148/1584/1482 4149/1585/1483
f 4150/1586/1484 4151/1520/1418 4152/1579/1477
f 4153/1586/1484 4154/1587/1485 4155/1588/1486
f 4156/1586/1484 4157/1589/1487 4158/1590/1488
f 4159/1590/1488 4160/1527/1425 4161/1586/1484
f 4162/1591/1489 4163/1592/1490 4164/1593/1491
f 4165/1593/1491 4166/1594/1492 4167/1595/1493
f 4168/1595/1493 4169/1536/1434 4170/1593/1491
f 4171/1593/1491 4172/1596/1494 4173/1591/1489
f 4174/1542/1440 4175/1597/1495 4176/1598/1496
f 4177/1598/1496 4178/1599/1497 4179/1600/1498
f 4180/1600/1498 4181/1601/1499 4182/1598/1496
f 4183/1598/1496 4184/1602/1500 4185/1542/1440
f 4186/1603/1501 4187/1604/1502 4188/1605/1503
f 4189/1605/1503 4190/1606/1504 4191/1603/1501
f 4192/1603/1501 4193/1550/1448 4194/1548/1446
f 4195/1603/1501 4196/1560/1458 4197/1607/1505
f 4198/1608/1506 4199/1554/1452 4200/1609/1507
f 4201/1609/1507 4202/1610/1508 4203/1608/1506
f 4204/1608/1506 4205/1611/1509 4206/1612/1510
f 4207/1608/1506 4208/1613/1511 4209/1555/1453
f 4210/1614/1512 4211/1615/1513 4212/1616/1514
f 4213/1615/1513 4214/1607/1505 4215/1616/1514
f 4216/1607/1505 4217/1558/1456 4218/1616/1514
f 4219/1616/1514 4220/1617/1515 4221/1614/1512
f 4222/1618/1516 4223/1613/1511 4224/1612/1510
f 4225/1612/1510 4226/1619/1517 4227/1618/1516
f 4228/1618/1516 4229/1620/1518 4230/1621/1519
f 4231/1621/1519 4232/1562/1460 4233/1618/1516
f 4234/1622/1520 4235/1623/1521 4236/1624/1522
f 4237/1624/1522 4238/1625/1523 4239/1614/1512
f 4240/1624/1522 4241/1617/1515 4242/1567/1465
f 4243/1567/1465 4244/1622/1520 4245/1624/1522
f 4246/1626/1524 4247/1563/1461 4248/1621/1519
f 4249/1621/1519 4250/1627/1525 4251/1626/1524
f 4252/1626/1524 4253/1628/1526 4254/1629/1527
f 4255/1629/1527 4256/1570/1468 4257/1626/1524
f 4258/1630/1528 4259/1631/1529 4260/1632/1530
f 4261/1632/1530 4262/1633/1531 4263/1622/1520
f 4264/1622/1520 4265/1574/1472 4266/1632/1530
f 4267/1632/1530 4268/1583/1481 4269/1630/1528
f 4270/1578/1476 4271/1629/1527 4272/1634/1532
f 4273/1634/1532 4274/1628/1526 4275/1635/1533
f 4276/1635/1533 4277/1636/1534 4278/1634/1532
f 4279/1634/1532 4280/1587/1485 4281/1578/1476
f 4282/1637/1535 4283/1638/1536 4284/1639/1537
f 4285/1639/1537 4286/1640/1538 4287/1630/1528
f 4288/1630/1528 4289/1582/1480 4290/1639/1537
f 4291/1582/1480 4292/1637/1535 4293/1639/1537
f 4294/1588/1486 4295/1636/1534 4296/1641/1539
f 4297/1641/1539 4298/1642/1540 4299/1643/1541
f 4300/1643/1541 4301/1644/1542 4302/1641/1539
f 4303/1644/1542 4304/1588/1486 4305/1641/1539
f 4306/1645/1543 4307/1646/1544 4308/1647/1545
f 4309/1647/1545 4310/1648/1546 4311/1649/1547
f 4312/1649/1547 4313/1592/1490 4314/1647/1545
f 4315/1647/1545 4316/1650/1548 4317/1645/1543
f 4318/1651/1549 4319/1599/1497 4320/1652/1550
f 4321/1651/1549 4322/1653/1551 4323/1654/1552
f 4324/1654/1552 4325/1655/1553 4326/1651/1549
f 4327/1651/1549 4328/1656/1554 4329/1600/1498
f 4330/1657/1555 4331/1658/1556 4332/1659/1557
f 4333/1659/1557 4334/1660/1558 4335/1657/1555
f 4336/1660/1558 4337/1605/1503 4338/1657/1555
f 4339/1657/1555 4340/1604/1502 4341/1661/1559
f 4342/1610/1508 4343/1662/1560 4344/1663/1561
f 4345/1663/1561 4346/1664/1562 4347/1665/1563
f 4348/1665/1563 4349/1666/1564 4350/1663/1561
f 4351/1663/1561 4352/1611/1509 4353/1610/1508
f 4354/1667/1565 4355/1668/1566 4356/1669/1567
f 4357/1668/1566 4358/1661/1559 4359/1669/1567
f 4360/1661/1559 4361/1615/1513 4362/1669/1567
f 4363/1669/1567 4364/1625/1523 4365/1667/1565
f 4366/1670/1568 4367/1611/1509 4368/1666/1564
f 4369/1666/1564 4370/1671/1569 4371/1670/1568
f 4372/1670/1568 4373/1672/1570 4374/1673/1571
f 4375/1673/1571 4376/1619/1517 4377/1670/1568
f 4378/1674/1572 4379/1675/1573 4380/1676/1574
f 4381/1676/1574 4382/1667/1565 4383/1674/1572
f 4384/1674/1572 4385/1625/1523 4386/1623/1521
f 4387/1623/1521 4388/1677/1575 4389/1674/1572
f 4390/1678/1576 4391/1620/1518 4392/1673/1571
f 4393/1673/1571 4394/1679/1577 4395/1678/1576
f 4396/1678/1576 4397/1680/1578 4398/1681/1579
f 4399/1681/1579 4400/1627/1525 4401/1678/1576
f 4402/1682/1580 4403/1683/1581 4404/1684/1582
f 4405/1683/1581 4406/1677/1575 4407/1684/1582
f 4408/1677/1575 4409/1631/1529 4410/1684/1582
f 4411/1684/1582 4412/1640/1538 4413/1682/1580
f 4414/1635/1533 4415/1681/1579 4416/1685/1583
f 4417/1685/1583 4418/1680/1578 4419/1686/1584
f 4420/1686/1584 4421/1687/1585 4422/1685/1583
f 4423/1685/1583 4424/1642/1540 4425/1635/1533
f 4426/1688/1586 4427/1689/1587 4428/1690/1588
f 4429/1690/1588 4430/1691/1589 4431/1682/1580
f 4432/1682/1580 4433/1638/1536 4434/1690/1588
f 4435/1690/1588 4436/1692/1590 4437/1688/1586
f 4438/1643/1541 4439/1687/1585 4440/1693/1591
f 4441/1693/1591 4442/1694/1592 4443/1695/1593
f 4444/1695/1593 4445/1696/1594 4446/1693/1591
f 4447/1693/1591 4448/1697/1595 4449/1643/1541
f 4450/1698/1596 4451/1699/1597 4452/1700/1598
f 4453/1700/1598 4454/1701/1599 4455/1702/1600
f 4456/1702/1600 4457/1646/1544 4458/1700/1598
f 4459/1700/1598 4460/1703/1601 4461/1698/1596
f 4462/1654/1552 4463/1704/1602 4464/1705/1603
f 4465/1705/1603 4466/1706/1604 4467/1707/1605
f 4468/1705/1603 4469/1708/1606 4470/1709/1607
f 4471/1709/1607 4472/1654/1552 4473/1705/1603
f 4474/1710/1608 4475/1711/1609 4476/1712/1610
f 4477/1712/1610 4478/1713/1611 4479/1659/1557
f 4480/1659/1557 4481/1714/1612 4482/1712/1610
f 4483/1712/1610 4484/1715/1613 4485/1710/1608
f 4486/1716/1614 4487/1665/1563 4488/1717/1615
f 4489/1717/1615 4490/1664/1562 4491/1718/1616
f 4492/1718/1616 4493/1719/1617 4494/1717/1615
f 4495/1717/1615 4496/1720/1618 4497/1716/1614
f 4498/1721/1619 4499/1714/1612 4500/1722/1620
f 4501/1722/1620 4502/1658/1556 4503/1668/1566
f 4504/1668/1566 4505/1723/1621 4506/1722/1620
f 4507/1722/1620 4508/1724/1622 4509/1721/1619
f 4510/1725/1623 4511/1672/1570 4512/1671/1569
f 4513/1725/1623 4514/1726/1624 4515/1716/1614
f 4516/1716/1614 4517/1727/1625 4518/1725/1623
f 4519/1725/1623 4520/1728/1626 4521/1729/1627
f 4522/1730/1628 4523/1723/1621 4524/1731/1629
f 4525/1731/1629 4526/1732/1630 4527/1676/1574
f 4528/1676/1574 4529/1733/1631 4530/1731/1629
f 4531/1731/1629 4532/1734/1632 4533/1730/1628
f 4534/1735/1633 4535/1679/1577 4536/1736/1634
f 4537/1679/1577 4538/1729/1627 4539/1736/1634
f 4540/1736/1634 4541/1728/1626 4542/1737/1635
f 4543/1736/1634 4544/1738/1636 4545/1735/1633
f 4546/1739/1637 4547/1733/1631 4548/1740/1638
f 4549/1740/1638 4550/1675/1573 4551/1683/1581
f 4552/1683/1581 4553/1741/1639 4554/1740/1638
f 4555/1740/1638 4556/1742/1640 4557/1739/1637
f 4558/1743/1641 4559/1694/1592 4560/1686/1584
f 4561/1743/1641 4562/1680/1578 4563/1735/1633
f 4564/1735/1633 4565/1744/1642 4566/1743/1641
f 4567/1744/1642 4568/1745/1643 4569/1743/1641
f 4570/1746/1644 4571/1742/1640 4572/1741/1639
f 4573/1741/1639 4574/1689/1587 4575/1746/1644
f 4576/1746/1644 4577/1747/1645 4578/1748/1646
f 4579/1748/1646 4580/1749/1647 4581/1746/1644
f 4582/1750/1648 4583/1751/1649 4584/1695/1593
f 4585/1695/1593 4586/1745/1643 4587/1750/1648
f 4588/1750/1648 4589/1752/1650 4590/1753/1651
f 4591/1753/1651 4592/1754/1652 4593/1750/1648
f 4594/1755/1653 4595/1756/1654 4596/1757/1655
f 4597/1756/1654 4598/1699/1597 4599/1757/1655
f 4600/1757/1655 4601/1758/1656 4602/1759/1657
f 4603/1759/1657 4604/1755/1653 4605/1757/1655
f 4606/1760/1658 4607/1708/1606 4608/1707/1605
f 4609/1707/1605 4610/1761/1659 4611/1760/1658
f 4612/1760/1658 4613/1762/1660 4614/1763/1661
f 4615/1763/1661 4616/1764/1662 4617/1760/1658
f 4618/1765/1663 4619/1766/1664 4620/1767/1665
f 4621/1768/1363 4622/1767/1665 4623/1439/1338
f 4624/1465/1363 4625/1769/1666 4626/1770/1663
f 4627/1770/1663 4628/1771/1667 4629/1772/1668
f 4630/1773/1669 4631/1774/1670 4632/1775/1671
f 4633/1776/1668 4634/1775/1671 4635/1766/1664
f 4636/1777/1672 4637/1772/1668 4638/1771/1667
f 4639/1778/1673 4640/1779/1669 4641/1777/1672
f 4642/1780/1674 4643/1781/1675 4644/1782/1676
f 4645/1782/1676 4646/1767/1665 4647/1766/1664
f 4648/1766/1664 4649/1783/1677 4650/1782/1676
f 4651/1782/1676 4652/1784/1678 4653/1780/1674
f 4654/1785/1679 4655/1771/1667 4656/1786/1680
f 4657/1786/1680 4658/1769/1666 4659/1787/1681
f 4660/1787/1681 4661/1788/1682 4662/1786/1680
f 4663/1786/1680 4664/1789/1683 4665/1785/1679
f 4666/1790/1684 4667/1784/1678 4668/1791/1685
f 4669/1791/1685 4670/1478/1376 4671/1790/1684
f 4672/1478/1376 4673/1792/1686 4674/1790/1684
f 4675/1790/1684 4676/1793/1687 4677/1780/1674
f 4678/1794/1688 4679/1487/1385 4680/1795/1689
f 4681/1487/1385 4682/1796/1690 4683/1795/1689
f 4684/1795/1689 4685/1789/1683 4686/1788/1682
f 4687/1795/1689 4688/1797/1691 4689/1794/1688
f 4690/1798/1692 4691/1775/1671 4692/1774/1670
f 4693/1774/1670 4694/1799/1693 4695/1798/1692
f 4696/1798/1692 4697/1800/1694 4698/1791/1685
f 4699/1791/1685 4700/1783/1677 4701/1798/1692
f 4702/1801/1695 4703/1802/1696 4704/1803/1697
f 4705/1803/1697 4706/1778/1673 4707/1801/1695
f 4708/1801/1695 4709/1777/1672 4710/1785/1679
f 4711/1785/1679 4712/1796/1690 4713/1801/1695
f 4714/1804/1698 4715/1805/1699 4716/1806/1700
f 4717/1807/1701 4718/1808/1702 4719/1774/1670
f 4720/1809/1703 4721/1810/1701 4722/1778/1673
f 4723/1811/1704 4724/1812/1705 4725/1813/1706
f 4726/1814/1707 4727/1815/1708 4728/1816/1709
f 4729/1816/1709 4730/1781/1675 4731/1814/1707
f 4732/1814/1707 4733/1793/1687 4734/1817/1710
f 4735/1817/1710 4736/1818/1711 4737/1814/1707
f 4738/1819/1712 4739/1797/1691 4740/1787/1681
f 4741/1787/1681 4742/1820/1713 4743/1819/1712
f 4744/1819/1712 4745/1821/1714 4746/1822/1715
f 4747/1822/1715 4748/1823/1716 4749/1819/1712
f 4750/1824/1717 4751/1825/1718 4752/1817/1710
f 4753/1817/1710 4754/1792/1686 4755/1824/1717
f 4756/1824/1717 4757/1477/1375 4758/1551/1449
f 4759/1551/1449 4760/1826/1719 4761/1824/1717
f 4762/1827/1720 4763/1481/1379 4764/1794/1688
f 4765/1794/1688 4766/1823/1716 4767/1827/1720
f 4768/1827/1720 4769/1828/1721 4770/1829/1722
f 4771/1827/1720 4772/1554/1452 4773/1552/1450
f 4774/1816/1709 4775/1454/1353 4776/1425/1324
f 4777/1425/1324 4778/1767/1665 4779/1816/1709
f 4780/1432/1331 4781/1820/1713 4782/1420/1319
f 4783/1420/1319 4784/1769/1666 4785/1418/1317
f 4786/1830/1723 4787/1831/1724 4788/1412/1311
f 4789/1412/1311 4790/1832/1725 4791/1830/1723
f 4792/1437/1336 4793/1833/1726 4794/1470/1368
f 4795/1470/1368 4796/1834/1727 4797/1466/1364
f 4798/1835/1728 4799/1836/1729 4800/1837/1730
f 4801/1837/1730 4802/1838/1731 4803/1830/1723
f 4804/1830/1723 4805/1839/1732 4806/1837/1730
f 4807/1837/1730 4808/1840/1733 4809/1835/1728
f 4810/1841/1734 4811/1833/1726 4812/1842/1735
f 4813/1842/1735 4814/1843/1736 4815/1844/1737
f 4816/1844/1737 4817/1845/1738 4818/1842/1735
f 4819/1842/1735 4820/1846/1739 4821/1841/1734
f 4822/1847/1740 4823/1467/1365 4824/1455/1354
f 4825/1455/1354 4826/1815/1708 4827/1847/1740
f 4828/1466/1364 4829/1848/1741 4830/1457/1356
f 4831/1457/1356 4832/1821/1714 4833/1432/1331
f 4834/1849/1742 4835/1839/1732 4836/1850/1743
f 4837/1850/1743 4838/1832/1725 4839/1847/1740
f 4840/1847/1740 4841/1818/1711 4842/1850/1743
f 4843/1850/1743 4844/1825/1718 4845/1849/1742
f 4846/1822/1715 4847/1848/1741 4848/1851/1744
f 4849/1851/1744 4850/1834/1727 4851/1841/1734
f 4852/1841/1734 4853/1852/1745 4854/1851/1744
f 4855/1851/1744 4856/1828/1721 4857/1822/1715
f 4858/1853/1746 4859/1840/1733 4860/1849/1742
f 4861/1849/1742 4862/1826/1719 4863/1853/1746
f 4864/1853/1746 4865/1550/1448 4866/1606/1504
f 4867/1606/1504 4868/1854/1747 4869/1853/1746
f 4870/1855/1748 4871/1554/1452 4872/1829/1722
f 4873/1829/1722 4874/1852/1745 4875/1855/1748
f 4876/1855/1748 4877/1846/1739 4878/1856/1749
f 4879/1856/1749 4880/1609/1507 4881/1855/1748
f 4882/1857/1750 4883/1835/1728 4884/1858/1751
f 4885/1835/1728 4886/1854/1747 4887/1858/1751
f 4888/1854/1747 4889/1859/1752 4890/1858/1751
f 4891/1858/1751 4892/1860/1753 4893/1857/1750
f 4894/1861/1754 4895/1862/1755 4896/1856/1749
f 4897/1856/1749 4898/1845/1738 4899/1861/1754
f 4900/1861/1754 4901/1863/1756 4902/1864/1757
f 4903/1864/1757 4904/1865/1758 4905/1861/1754
f 4906/1866/1759 4907/1860/1753 4908/1859/1752
f 4909/1859/1752 4910/1660/1558 4911/1866/1759
f 4912/1866/1759 4913/1713/1611 4914/1867/1760
f 4915/1867/1760 4916/1868/1761 4917/1866/1759
f 4918/1869/1762 4919/1664/1562 4920/1662/1560
f 4921/1662/1560 4922/1865/1758 4923/1869/1762
f 4924/1869/1762 4925/1870/1763 4926/1871/1764
f 4927/1871/1764 4928/1872/1765 4929/1869/1762
f 4930/1873/1766 4931/1874/1767 4932/1867/1760
f 4933/1867/1760 4934/1711/1609 4935/1873/1766
f 4936/1873/1766 4937/1875/1768 4938/1876/1769
f 4939/1876/1769 4940/1877/1770 4941/1873/1766
f 4942/1878/1771 4943/1879/1772 4944/1718/1616
f 4945/1718/1616 4946/1872/1765 4947/1878/1771
f 4948/1878/1771 4949/1880/1773 4950/1881/1774
f 4951/1881/1774 4952/1882/1775 4953/1878/1771
f 4954/1883/1776 4955/1831/1724 4956/1838/1731
f 4957/1838/1731 4958/1884/1777 4959/1883/1776
f 4960/1452/1351 4961/1843/1736 4962/1437/1336
f 4963/1885/1778 4964/1836/1729 4965/1886/1779
f 4966/1887/1780 4967/1844/1737 4968/1843/1736
f 4969/1886/1779 4970/1888/1781 4971/1885/1778
f 4972/1889/1782 4973/1863/1756 4974/1844/1737
f 4975/1890/1783 4976/1857/1750 4977/1860/1753
f 4978/1891/1784 4979/1864/1757 4980/1863/1756
f 4981/1868/1761 4982/1890/1783 4983/1860/1753
f 4984/1892/1785 4985/1870/1763 4986/1864/1757
f 4987/1874/1767 4988/1893/1786 4989/1868/1761
f 4990/1894/1787 4991/1871/1764 4992/1870/1763
f 4993/1877/1770 4994/1895/1788 4995/1874/1767
f 4996/1896/1789 4997/1880/1773 4998/1871/1764
f 4999/1897/1790 5000/1898/1791 5001/1877/1770
f 5002/1880/1773 5003/1899/1792 5004/1881/1774
f 5005/1900/1793 5006/1901/1794 5007/1897/1790
f 5008/1881/1774 5009/1806/1700 5010/1805/1699
f 5011/1902/1795 5012/1903/1796 5013/1904/1797
f 5014/1904/1797 5015/1905/1798 5016/1902/1795
f 5017/1906/1798 5018/1907/1799 5019/1908/1800
f 5020/1440/1339 5021/1909/1801 5022/1910/1802
f 5023/1442/1341 5024/1911/1803 5025/1440/1339
f 5026/1448/1347 5027/1912/1804 5028/1446/1345
f 5029/1446/1345 5030/1887/1780 5031/1452/1351
f 5032/1913/1805 5033/1417/1316 5034/1914/1806
f 5035/1915/1807 5036/1914/1806 5037/1417/1316
f 5038/1448/1347 5039/1915/1807 5040/1431/1330
f 5041/1440/1339 5042/1916/1808 5043/1443/1342
f 5044/1447/1346 5045/1917/1809 5046/1915/1807
f 5047/1918/1810 5048/1919/1811 5049/1920/1812
f 5050/1920/1812 5051/1909/1801 5052/1911/1803
f 5053/1920/1812 5054/1883/1776 5055/1884/1777
f 5056/1884/1777 5057/1918/1810 5058/1920/1812
f 5059/1889/1782 5060/1912/1804 5061/1921/1813
f 5062/1921/1813 5063/1922/1814 5064/1923/1815
f 5065/1923/1815 5066/1924/1816 5067/1921/1813
f 5068/1921/1813 5069/1891/1784 5070/1889/1782
f 5071/1925/1817 5072/1926/1818 5073/1918/1810
f 5074/1925/1817 5075/1885/1778 5076/1888/1781
f 5077/1888/1781 5078/1893/1786 5079/1925/1817
f 5080/1925/1817 5081/1895/1788 5082/1927/1819
f 5083/1928/1820 5084/1894/1787 5085/1892/1785
f 5086/1892/1785 5087/1924/1816 5088/1928/1820
f 5089/1928/1820 5090/1929/1821 5091/1930/1822
f 5092/1930/1822 5093/1896/1789 5094/1928/1820
f 5095/1931/1823 5096/1932/1824 5097/1933/1825
f 5098/1933/1825 5099/1926/1818 5100/1927/1819
f 5101/1927/1819 5102/1898/1791 5103/1933/1825
f 5104/1933/1825 5105/1901/1794 5106/1931/1823
f 5107/1934/1826 5108/1935/1827 5109/1930/1822
f 5110/1930/1822 5111/1936/1828 5112/1934/1826
f 5113/1934/1826 5114/1811/1704 5115/1937/1829
f 5116/1937/1829 5117/1899/1792 5118/1934/1826
f 5119/1416/1315 5120/1938/1830 5121/1431/1330
f 5122/1431/1330 5123/1922/1814 5124/1448/1347
f 5125/1923/1815 5126/1938/1830 5127/1939/1831
f 5128/1939/1831 5129/1904/1797 5130/1903/1796
f 5131/1903/1796 5132/1936/1828 5133/1939/1831
f 5134/1939/1831 5135/1929/1821 5136/1923/1815
f 5137/1897/1790 5138/1940/1832 5139/1900/1793
f 5140/1941/1793 5141/1942/1833 5142/1805/1699
f 5143/1943/1834 5144/1944/1835 5145/1945/1836
f 5146/1945/1836 5147/1946/1837 5148/1947/1838
f 5149/1947/1838 5150/1710/1608 5151/1945/1836
f 5152/1945/1836 5153/1715/1613 5154/1943/1834
f 5155/1719/1617 5156/1948/1839 5157/1949/1840
f 5158/1949/1840 5159/1950/1841 5160/1951/1842
f 5161/1951/1842 5162/1952/1843 5163/1949/1840
f 5164/1952/1843 5165/1719/1617 5166/1949/1840
f 5167/1953/1844 5168/1954/1845 5169/1955/1846
f 5170/1955/1846 5171/1956/1847 5172/1957/1848
f 5173/1957/1848 5174/1944/1835 5175/1955/1846
f 5176/1955/1846 5177/1958/1849 5178/1953/1844
f 5179/1951/1842 5180/1959/1850 5181/1960/1851
f 5182/1960/1851 5183/1961/1852 5184/1962/1853
f 5185/1962/1853 5186/1963/1854 5187/1960/1851
f 5188/1960/1851 5189/1964/1855 5190/1951/1842
f 5191/1965/1856 5192/1966/1857 5193/1967/1858
f 5194/1967/1858 5195/1943/1834 5196/1965/1856
f 5197/1965/1856 5198/1715/1613 5199/1721/1619
f 5200/1721/1619 5201/1968/1859 5202/1965/1856
f 5203/1969/1860 5204/1720/1618 5205/1952/1843
f 5206/1952/1843 5207/1970/1861 5208/1969/1860
f 5209/1970/1861 5210/1971/1862 5211/1969/1860
f 5212/1971/1862 5213/1727/1625 5214/1969/1860
f 5215/1972/1863 5216/1973/1864 5217/1974/1865
f 5218/1974/1865 5219/1966/1857 5220/1968/1859
f 5221/1974/1865 5222/1724/1622 5223/1730/1628
f 5224/1730/1628 5225/1972/1863 5226/1974/1865
f 5227/1737/1635 5228/1971/1862 5229/1975/1866
f 5230/1975/1866 5231/1976/1867 5232/1977/1868
f 5233/1977/1868 5234/1978/1869 5235/1975/1866
f 5236/1975/1866 5237/1738/1636 5238/1737/1635
f 5239/1979/1870 5240/1980/1871 5241/1981/1872
f 5242/1979/1870 5243/1982/1873 5244/1983/1874
f 5245/1983/1874 5246/1973/1864 5247/1979/1870
f 5248/1973/1864 5249/1984/1875 5250/1979/1870
f 5251/1977/1868 5252/1985/1876 5253/1986/1877
f 5254/1986/1877 5255/1987/1878 5256/1988/1879
f 5257/1988/1879 5258/1989/1880 5259/1986/1877
f 5260/1986/1877 5261/1990/1881 5262/1977/1868
f 5263/1991/1882 5264/1992/1883 5265/1993/1884
f 5266/1993/1884 5267/1972/1863 5268/1991/1882
f 5269/1991/1882 5270/1734/1632 5271/1739/1637
f 5272/1739/1637 5273/1994/1885 5274/1991/1882
f 5275/1995/1886 5276/1738/1636 5277/1978/1869
f 5278/1978/1869 5279/1996/1887 5280/1995/1886
f 5281/1995/1886 5282/1997/1888 5283/1998/1889
f 5284/1998/1889 5285/1744/1642 5286/1995/1886
f 5287/1999/1890 5288/2000/1891 5289/2001/1892
f 5290/2001/1892 5291/1984/1875 5292/1999/1890
f 5293/1999/1890 5294/2002/1893 5295/1993/1884
f 5296/1993/1884 5297/2003/1894 5298/1999/1890
f 5299/2004/1895 5300/1990/1881 5301/1989/1880
f 5302/1989/1880 5303/2005/1896 5304/2004/1895
f 5305/2004/1895 5306/2006/1897 5307/2007/1898
f 5308/2007/1898 5309/1996/1887 5310/2004/1895
f 5311/2008/1899 5312/2009/1900 5313/2010/1901
f 5314/2010/1901 5315/1992/1883 5316/1994/1885
f 5317/1994/1885 5318/1749/1647 5319/2010/1901
f 5320/2010/1901 5321/2011/1902 5322/2008/1899
f 5323/1753/1651 5324/1998/1889 5325/2012/1903
f 5326/2012/1903 5327/1997/1888 5328/2013/1904
f 5329/2013/1904 5330/2014/1905 5331/2012/1903
f 5332/2012/1903 5333/2015/1906 5334/1753/1651
f 5335/2016/1907 5336/2017/1908 5337/2018/1909
f 5338/2017/1908 5339/2003/1894 5340/2018/1909
f 5341/2018/1909 5342/1992/1883 5343/2009/1900
f 5344/2018/1909 5345/2019/1910 5346/2016/1907
f 5347/2013/1904 5348/2007/1898 5349/2020/1911
f 5350/2007/1898 5351/2021/1912 5352/2020/1911
f 5353/2021/1912 5354/2022/1913 5355/2020/1911
f 5356/2020/1911 5357/2023/1914 5358/2013/1904
f 5359/2024/1915 5360/2025/1916 5361/2026/1917
f 5362/2026/1917 5363/2027/1918 5364/2024/1915
f 5365/2024/1915 5366/2028/1919 5367/1755/1653
f 5368/1755/1653 5369/2029/1920 5370/2024/1915
f 5371/1763/1661 5372/2030/1921 5373/2031/1922
f 5374/2031/1922 5375/2032/1923 5376/2033/1924
f 5377/2033/1924 5378/2034/1925 5379/2031/1922
f 5380/2031/1922 5381/2035/1926 5382/1763/1661
f 5383/2036/1927 5384/2037/1928 5385/2038/1929
f 5386/2036/1927 5387/2039/1930 5388/2040/1931
f 5389/2040/1931 5390/2026/1917 5391/2036/1927
f 5392/2026/1917 5393/2041/1932 5394/2036/1927
f 5395/2033/1924 5396/2042/1933 5397/2043/1934
f 5398/2043/1934 5399/2044/1935 5400/2045/1936
f 5401/2045/1936 5402/2046/1937 5403/2043/1934
f 5404/2043/1934 5405/2047/1938 5406/2033/1924
f 5407/2048/1939 5408/2049/1940 5409/2050/1941
f 5410/2050/1941 5411/1946/1837 5412/1957/1848
f 5413/1957/1848 5414/2051/1942 5415/2050/1941
f 5416/2050/1941 5417/2052/1943 5418/2048/1939
f 5419/2053/1944 5420/1961/1852 5421/1959/1850
f 5422/1959/1850 5423/2054/1945 5424/2053/1944
f 5425/2053/1944 5426/2055/1946 5427/2056/1947
f 5428/2056/1947 5429/2057/1948 5430/2053/1944
f 5431/2058/1949 5432/1876/1769 5433/2059/1950
f 5434/2059/1950 5435/1875/1768 5436/1947/1838
f 5437/1947/1838 5438/2049/1940 5439/2059/1950
f 5440/2059/1950 5441/2060/1951 5442/2058/1949
f 5443/2061/1952 5444/1950/1841 5445/1948/1839
f 5446/1948/1839 5447/1882/1775 5448/2061/1952
f 5449/1882/1775 5450/1942/1833 5451/2061/1952
f 5452/2061/1952 5453/2055/1946 5454/2054/1945
f 5455/2062/1953 5456/2058/1949 5457/2060/1951
f 5458/2060/1951 5459/2063/1954 5460/2062/1953
f 5461/2064/1953 5462/2056/1947 5463/2055/1946
f 5464/2065/1832 5465/2055/1946 5466/1942/1833
f 5467/2066/1955 5468/2048/1939 5469/2052/1943
f 5470/2067/1956 5471/2068/1957 5472/2069/1958
f 5473/2070/1959 5474/2071/1960 5475/1809/1703
f 5476/2072/1954 5477/2073/1961 5478/2056/1947
f 5479/1538/1436 5480/2074/1962 5481/2075/1963
f 5482/2075/1963 5483/2076/1964 5484/2077/1965
f 5485/2077/1965 5486/2078/1966 5487/2075/1963
f 5488/2075/1963 5489/2079/1967 5490/1538/1436
f 5491/2080/1968 5492/2081/1969 5493/2082/1970
f 5494/2082/1970 5495/2083/1971 5496/2080/1968
f 5497/2080/1968 5498/1541/1439 5499/1546/1444
f 5500/1546/1444 5501/2084/1972 5502/2080/1968
f 5503/2077/1965 5504/2085/1973 5505/2086/1974
f 5506/2086/1974 5507/1584/1482 5508/1524/1422
f 5509/1524/1422 5510/2087/1975 5511/2086/1974
f 5512/2086/1974 5513/2088/1976 5514/2077/1965
f 5515/2089/1977 5516/2090/1978 5517/1530/1428
f 5518/1530/1428 5519/2091/1979 5520/2089/1977
f 5521/2089/1977 5522/2092/1980 5523/2082/1970
f 5524/2082/1970 5525/2093/1981 5526/2089/1977
f 5527/1595/1493 5528/2094/1982 5529/2095/1983
f 5530/2095/1983 5531/2096/1984 5532/2097/1985
f 5533/2097/1985 5534/2074/1962 5535/2095/1983
f 5536/2095/1983 5537/1537/1435 5538/1595/1493
f 5539/2098/1986 5540/2092/1980 5541/2099/1987
f 5542/2099/1987 5543/2100/1988 5544/2098/1986
f 5545/2100/1988 5546/1597/1495 5547/2098/1986
f 5548/1597/1495 5549/2083/1971 5550/2098/1986
f 5551/2097/1985 5552/2101/1989 5553/2102/1990
f 5554/2101/1989 5555/1585/1483 5556/2102/1990
f 5557/1585/1483 5558/2085/1973 5559/2102/1990
f 5560/2102/1990 5561/2076/1964 5562/2097/1985
f 5563/2103/1991 5564/1529/1427 5565/1590/1488
f 5566/1590/1488 5567/2104/1992 5568/2103/1991
f 5569/2103/1991 5570/2105/1993 5571/2099/1987
f 5572/2099/1987 5573/2091/1979 5574/2103/1991
f 5575/1649/1547 5576/2106/1994 5577/2107/1995
f 5578/2107/1995 5579/2108/1996 5580/2109/1997
f 5581/2109/1997 5582/2094/1982 5583/2107/1995
f 5584/2107/1995 5585/1594/1492 5586/1649/1547
f 5587/2110/1998 5588/2105/1993 5589/2111/1999
f 5590/2111/1999 5591/2112/2000 5592/2110/1998
f 5593/2110/1998 5594/1653/1551 5595/1652/1550
f 5596/1652/1550 5597/2100/1988 5598/2110/1998
f 5599/2109/1997 5600/2113/2001 5601/2114/2002
f 5602/2114/2002 5603/1692/1590 5604/1637/1535
f 5605/2114/2002 5606/1581/1479 5607/2101/1989
f 5608/2101/1989 5609/2109/1997 5610/2114/2002
f 5611/2115/2003 5612/1589/1487 5613/1644/1542
f 5614/1644/1542 5615/2116/2004 5616/2115/2003
f 5617/2115/2003 5618/2117/2005 5619/2111/1999
f 5620/2111/1999 5621/2104/1992 5622/2115/2003
f 5623/1702/1600 5624/2118/2006 5625/2119/2007
f 5626/2119/2007 5627/2120/2008 5628/2121/2009
f 5629/2121/2009 5630/2106/1994 5631/2119/2007
f 5632/2119/2007 5633/1648/1546 5634/1702/1600
f 5635/2112/2000 5636/2122/2010 5637/2123/2011
f 5638/2123/2011 5639/2124/2012 5640/2125/2013
f 5641/2125/2013 5642/1704/1602 5643/2123/2011
f 5644/2123/2011 5645/1653/1551 5646/2112/2000
f 5647/2121/2009 5648/2126/2014 5649/2127/2015
f 5650/2127/2015 5651/1747/1645 5652/1688/1586
f 5653/1688/1586 5654/2113/2001 5655/2127/2015
f 5656/2127/2015 5657/2108/1996 5658/2121/2009
f 5659/2116/2004 5660/1696/1594 5661/2128/2016
f 5662/2128/2016 5663/1751/1649 5664/2129/2017
f 5665/2129/2017 5666/2122/2010 5667/2128/2016
f 5668/2128/2016 5669/2117/2005 5670/2116/2004
f 5671/1748/1646 5672/2126/2014 5673/2130/2018
f 5674/2130/2018 5675/2120/2008 5676/2131/2019
f 5677/2131/2019 5678/2132/2020 5679/2130/2018
f 5680/2130/2018 5681/2011/1902 5682/1748/1646
f 5683/2133/2021 5684/2134/2022 5685/2135/2023
f 5686/2135/2023 5687/2124/2012 5688/2129/2017
f 5689/2129/2017 5690/1754/1652 5691/2135/2023
f 5692/2135/2023 5693/2015/1906 5694/2133/2021
f 5695/2131/2019 5696/2118/2006 5697/2136/2024
f 5698/2136/2024 5699/1701/1599 5700/1756/1654
f 5701/2136/2024 5702/2028/1919 5703/2137/2025
f 5704/2137/2025 5705/2131/2019 5706/2136/2024
f 5707/2138/2026 5708/1761/1659 5709/2139/2027
f 5710/2139/2027 5711/1706/1604 5712/2125/2013
f 5713/2125/2013 5714/2134/2022 5715/2139/2027
f 5716/2134/2022 5717/2138/2026 5718/2139/2027
f 5719/2140/2028 5720/2141/2029 5721/2142/2030
f 5722/2142/2030 5723/2143/2031 5724/2140/2028
f 5725/2140/2028 5726/2144/2032 5727/2137/2025
f 5728/2137/2025 5729/2027/1918 5730/2140/2028
f 5731/2145/2033 5732/2146/2034 5733/2147/2035
f 5734/2147/2035 5735/2148/2036 5736/2145/2033
f 5737/2148/2036 5738/2030/1921 5739/2145/2033
f 5740/2145/2033 5741/1762/1660 5742/2138/2026
f 5743/2149/2037 5744/2150/2038 5745/2151/2039
f 5746/2149/2037 5747/2019/1910 5748/2008/1899
f 5749/2149/2037 5750/2011/1902 5751/2132/2020
f 5752/2132/2020 5753/2143/2031 5754/2149/2037
f 5755/2133/2021 5756/2014/1905 5757/2152/2040
f 5758/2152/2040 5759/2023/1914 5760/2153/2041
f 5761/2153/2041 5762/2147/2035 5763/2152/2040
f 5764/2152/2040 5765/2146/2034 5766/2133/2021
f 5767/2040/1931 5768/2154/2042 5769/2155/2043
f 5770/2155/2043 5771/2156/2044 5772/2157/2045
f 5773/2157/2045 5774/2142/2030 5775/2155/2043
f 5776/2155/2043 5777/2141/2029 5778/2040/1931
f 5779/2148/2036 5780/2158/2046 5781/2159/2047
f 5782/2159/2047 5783/2160/2048 5784/2161/2049
f 5785/2161/2049 5786/2042/1933 5787/2159/2047
f 5788/2159/2047 5789/2032/1923 5790/2148/2036
f 5791/2157/2045 5792/2162/2050 5793/2163/2051
f 5794/2163/2051 5795/2164/2052 5796/2016/1907
f 5797/2016/1907 5798/2151/2039 5799/2163/2051
f 5800/2163/2051 5801/2150/2038 5802/2157/2045
f 5803/2153/2041 5804/2022/1913 5805/2165/2053
f 5806/2165/2053 5807/2166/2054 5808/2167/2055
f 5809/2167/2055 5810/2158/2046 5811/2165/2053
f 5812/2165/2053 5813/2168/2056 5814/2153/2041
f 5815/1983/1874 5816/2169/2057 5817/2170/2058
f 5818/1970/1861 5819/1963/1854 5820/2171/2059
f 5821/2172/2060 5822/1985/1876 5823/2171/2059
f 5824/2173/2061 5825/2170/2058 5826/2169/2057
f 5827/2170/2058 5828/1966/1857 5829/1983/1874
f 5830/2174/2062 5831/2175/2063 5832/2176/2064
f 5833/2176/2064 5834/1479/1377 5835/2174/2062
f 5836/1479/1377 5837/2177/2065 5838/2174/2062
f 5839/2177/2065 5840/2178/2066 5841/2174/2062
f 5842/2179/2067 5843/1486/1384 5844/2180/2068
f 5845/2180/2068 5846/1485/1383 5847/2181/2069
f 5848/2180/2068 5849/2182/2070 5850/2183/2071
f 5851/2183/2071 5852/2179/2067 5853/2180/2068
f 5854/2184/2072 5855/2185/1873 5856/2186/2073
f 5857/2186/2073 5858/2187/2074 5859/2184/2072
f 5860/2184/2072 5861/2175/2063 5862/2188/2075
f 5863/2188/2075 5864/2189/2057 5865/2184/2072
f 5866/2190/2076 5867/2182/2070 5868/2191/2077
f 5869/2191/2077 5870/2192/2078 5871/2190/2076
f 5872/2190/2076 5873/2193/1878 5874/2194/2060
f 5875/2194/2060 5876/2195/2079 5877/2190/2076
f 5878/2196/2080 5879/2197/2081 5880/2198/2082
f 5881/2198/2082 5882/1493/1391 5883/2196/2080
f 5884/2196/2080 5885/1474/1372 5886/2176/2064
f 5887/2176/2064 5888/2187/2074 5889/2196/2080
f 5890/2199/2083 5891/1485/1383 5892/1499/1397
f 5893/1499/1397 5894/2200/2084 5895/2199/2083
f 5896/2199/2083 5897/2201/2085 5898/2191/2077
f 5899/2191/2077 5900/2181/2069 5901/2199/2083
f 5902/2202/2086 5903/2203/1871 5904/2204/2087
f 5905/2204/2087 5906/2205/2088 5907/2202/2086
f 5908/2202/2086 5909/2197/2081 5910/2186/2073
f 5911/2186/2073 5912/2206/1872 5913/2202/2086
f 5914/2207/2089 5915/2201/2085 5916/2208/2090
f 5917/2208/2090 5918/2209/2091 5919/2207/2089
f 5920/2207/2089 5921/2210/2092 5922/2211/1879
f 5923/2211/1879 5924/2192/2078 5925/2207/2089
f 5926/2212/2093 5927/2213/2094 5928/2214/2095
f 5929/2214/2095 5930/1506/1404 5931/2212/2093
f 5932/2212/2093 5933/1489/1387 5934/2198/2082
f 5935/2198/2082 5936/2205/2088 5937/2212/2093
f 5938/2215/2096 5939/1498/1396 5940/1512/1410
f 5941/1512/1410 5942/2216/2097 5943/2215/2096
f 5944/2215/2096 5945/2217/2098 5946/2208/2090
f 5947/2208/2090 5948/2200/2084 5949/2215/2096
f 5950/2218/1892 5951/2219/2099 5952/2220/2100
f 5953/2220/2100 5954/2221/2101 5955/2222/2102
f 5956/2222/2102 5957/2204/2087 5958/2220/2100
f 5959/2220/2100 5960/2203/1871 5961/2218/1892
f 5962/2223/2103 5963/2217/2098 5964/2224/2104
f 5965/2223/2103 5966/2225/2105 5967/2226/2106
f 5968/2226/2106 5969/2227/1896 5970/2223/2103
f 5971/2223/2103 5972/2210/2092 5973/2209/2091
f 5974/2222/2102 5975/2228/2107 5976/2229/2108
f 5977/2229/2108 5978/1514/1412 5979/1517/1415
f 5980/2229/2108 5981/1501/1399 5982/2214/2095
f 5983/2229/2108 5984/2213/2094 5985/2222/2102
f 5986/2230/2109 5987/1511/1409 5988/1522/1420
f 5989/2230/2109 5990/1532/1430 5991/2231/2110
f 5992/2231/2110 5993/2224/2104 5994/2230/2109
f 5995/2230/2109 5996/2217/2098 5997/2216/2097
f 5998/2232/2111 5999/2233/2052 6000/2234/2112
f 6001/2232/2111 6002/2235/2113 6003/2236/2114
f 6004/2236/2114 6005/2219/2099 6006/2232/2111
f 6007/2232/2111 6008/2237/1891 6009/2238/1908
f 6010/2226/2106 6011/2239/2115 6012/2240/2116
f 6013/2240/2116 6014/2241/2117 6015/2242/2118
f 6016/2240/2116 6017/2243/2054 6018/2244/1912
f 6019/2240/2116 6020/2245/1897 6021/2226/2106
f 6022/2236/2114 6023/2246/2119 6024/2247/2120
f 6025/2247/2120 6026/2248/2121 6027/1523/1421
f 6028/1523/1421 6029/2228/2107 6030/2247/2120
f 6031/2247/2120 6032/2221/2101 6033/2236/2114
f 6034/2231/2110 6035/1531/1429 6036/2249/2122
f 6037/2249/2122 6038/2090/1978 6039/2250/2123
f 6040/2250/2123 6041/2239/2115 6042/2249/2122
f 6043/2249/2122 6044/2225/2105 6045/2231/2110
f 6046/2251/2124 6047/2252/1928 6048/2253/2125
f 6049/2253/2125 6050/2254/2126 6051/2251/2124
f 6052/2251/2124 6053/2255/2127 6054/2256/2128
f 6055/2256/2128 6056/2257/1929 6057/2251/2124
f 6058/2258/2129 6059/2259/2130 6060/2260/2131
f 6061/2260/2131 6062/2261/2132 6063/2258/2129
f 6064/2258/2129 6065/2262/2133 6066/2263/1936
f 6067/2263/1936 6068/2264/2134 6069/2258/2129
f 6070/2265/2135 6071/2266/2136 6072/2267/2137
f 6073/2267/2137 6074/1539/1437 6075/2265/2135
f 6076/2265/2135 6077/2079/1967 6078/2268/2138
f 6079/2268/2138 6080/2254/2126 6081/2265/2135
f 6082/2269/2139 6083/2270/2140 6084/1545/1443
f 6085/1545/1443 6086/2271/2141 6087/2269/2139
f 6088/2271/2141 6089/2260/2131 6090/2269/2139
f 6091/2269/2139 6092/2259/2130 6093/2272/2142
f 6094/2273/2143 6095/2274/1847 6096/2275/2144
f 6097/2275/2144 6098/2276/2145 6099/2273/2143
f 6100/2273/2143 6101/2067/1956 6102/2277/2146
f 6103/2277/2146 6104/2278/1942 6105/2273/2143
f 6106/2279/2147 6107/2280/2148 6108/2281/2149
f 6109/2281/2149 6110/2282/2150 6111/2283/2151
f 6112/2283/2151 6113/2284/1948 6114/2281/2149
f 6115/2281/2149 6116/2285/1961 6117/2279/2147
f 6118/2286/2152 6119/2287/2153 6120/2177/2065
f 6121/2177/2065 6122/1799/1693 6123/2286/2152
f 6124/2286/2152 6125/1808/1702 6126/2288/2154
f 6127/2288/2154 6128/2276/2145 6129/2286/2152
f 6130/2289/2155 6131/1809/1703 6132/1803/1697
f 6133/1803/1697 6134/2179/2067 6135/2289/2155
f 6136/2179/2067 6137/2280/2148 6138/2289/2155
f 6139/2289/2155 6140/2290/2156 6141/2070/1959
f 6142/2291/1943 6143/2292/2157 6144/2293/1955
f 6145/2288/2154 6146/2294/1960 6147/2068/1957
f 6148/2295/1955 6149/2279/2147 6150/2285/1961
f 6151/2296/2158 6152/1910/1802 6153/2297/2159
f 6154/2277/2146 6155/2069/1958 6156/2292/2157
f 6157/2290/2156 6158/2298/2157 6159/2299/1958
f 6160/1813/1706 6161/1937/1829 6162/1811/1704
f 6163/2299/1958 6164/2070/1959 6165/2290/2156
f 6166/2300/2160 6167/2301/2044 6168/2302/2161
f 6169/2300/2160 6170/2303/2162 6171/2304/2163
f 6172/2304/2163 6173/2234/2112 6174/2300/2160
f 6175/2234/2112 6176/2305/2050 6177/2300/2160
f 6178/2242/2118 6179/2306/2164 6180/2307/2165
f 6181/2307/2165 6182/2308/2166 6183/2309/2167
f 6184/2307/2165 6185/2310/2048 6186/2311/2055
f 6187/2311/2055 6188/2242/2118 6189/2307/2165
f 6190/2304/2163 6191/2312/2168 6192/2313/2169
f 6193/2313/2169 6194/2088/1976 6195/2087/1975
f 6196/2313/2169 6197/2248/2121 6198/2246/2119
f 6199/2313/2169 6200/2235/2113 6201/2304/2163
f 6202/2250/2123 6203/2093/1981 6204/2314/2170
f 6205/2314/2170 6206/2081/1969 6207/2315/2171
f 6208/2315/2171 6209/2306/2164 6210/2314/2170
f 6211/2314/2170 6212/2241/2117 6213/2250/2123
f 6214/2316/2172 6215/2317/1930 6216/2256/2128
f 6217/2316/2172 6218/2255/2127 6219/2318/2173
f 6220/2318/2173 6221/2302/2161 6222/2316/2172
f 6223/2302/2161 6224/2319/2042 6225/2316/2172
f 6226/2309/2167 6227/2320/2174 6228/2321/2175
f 6229/2321/2175 6230/2259/2130 6231/2264/2134
f 6232/2321/2175 6233/2322/1935 6234/2323/2049
f 6235/2323/2049 6236/2309/2167 6237/2321/2175
f 6238/2318/2173 6239/2268/2138 6240/2324/2176
f 6241/2324/2176 6242/2079/1967 6243/2078/1966
f 6244/2078/1966 6245/2312/2168 6246/2324/2176
f 6247/2324/2176 6248/2303/2162 6249/2318/2173
f 6250/2315/2171 6251/2084/1972 6252/2325/2177
f 6253/2325/2177 6254/2270/2140 6255/2272/2142
f 6256/2272/2142 6257/2320/2174 6258/2325/2177
f 6259/2325/2177 6260/2308/2166 6261/2315/2171
f 6262/2188/2075 6263/2178/2066 6264/2326/2178
f 6265/2183/2071 6266/2195/2079 6267/2327/2179
f 6268/2328/1853 6269/2283/2151 6270/2327/2179
f 6271/2326/2178 6272/2329/2061 6273/2188/2075
f 6274/2330/2180 6275/2327/2179 6276/2195/2079
f 6277/2327/2179 6278/2282/2150 6279/2183/2071
f 6280/2331/2181 6281/2332/1314 6282/2333/1805
f 6283/2334/1795 6284/1908/1800 6285/2335/2182
f 6286/2336/1706 6287/2337/2183 6288/2338/2184
f 6289/2296/2158 6290/2331/2181 6291/2339/2185
f 6292/2339/2185 6293/1916/1808 6294/2296/2158
f 6295/2297/2159 6296/1907/1799 6297/2296/2158
f 6298/2297/2159 6299/1909/1801 6300/2340/2186
f 6301/2340/2186 6302/1908/1800 6303/2297/2159
f 6304/2341/2187 6305/2335/2182 6306/2340/2186
f 6307/2340/2186 6308/1919/1811 6309/2341/2187
f 6310/2341/2187 6311/1926/1818 6312/1932/1824
f 6313/2341/2187 6314/2338/2184 6315/2337/2183
f 6316/2335/2182 6317/2342/1705 6318/2334/1795
f 6319/2343/1698 6320/1931/1823 6321/1901/1794
f 6322/1438/1337 6323/2344/2188 6324/2345/2189
f 6325/2346/2190 6326/1806/1700 6327/1937/1829
f 6328/1468/1366 6329/1441/1340 6330/2347/2191
f 6331/2348/2190 6332/2338/2184 6333/1931/1823
f 6334/2349/2192 6335/1464/1337 6336/2350/2189
f 6337/2171/2059 6338/2351/2180 6339/2172/2060
f 6340/1976/1867 6341/2171/2059 6342/1985/1876
f 6343/1953/1844 6344/1967/1858 6345/2170/2058
f 6346/2287/2153 6347/2326/2178 6348/2178/2066
f 6349/2275/2144 6350/2352/1845 6351/2326/2178
f 6352/1413/1312 6353/1442/1341 6354/1441/1340
f 6355/1/1 6356/75/75 6357/2/2
f 6358/4/4 6359/30/30 6360/5/5
f 6361/7/7 6362/22/22 6363/8/8
f 6364/10/10 6365/69/69 6366/11/11
f 6367/6/6 6368/5/5 6369/13/13
f 6370/15/15 6371/89/89 6372/16/16
f 6373/18/18 6374/98/98 6375/19/19
f 6376/21/21 6377/8/8 6378/22/22
f 6379/24/24 6380/31/31 6381/25/25
f 6382/27/27 6383/456/439 6384/28/28
f 6385/29/29 6386/5/5 6387/30/30
f 6388/2/2 6389/75/75 6390/31/31
f 6391/29/29 6392/28/28 6393/32/32
f 6394/34/34 6395/504/486 6396/35/35
f 6397/36/36 6398/89/89 6399/15/15
f 6400/33/33 6401/13/13 6402/5/5
f 6403/37/37 6404/133/133 6405/38/38
f 6406/40/40 6407/58/58 6408/41/41
f 6409/42/42 6410/51/51 6411/43/43
f 6412/39/39 6413/212/212 6414/44/44
f 6415/42/42 6416/41/41 6417/45/45
f 6418/47/47 6419/87/87 6420/48/48
f 6421/48/48 6422/82/82 6423/50/50
f 6424/46/46 6425/195/195 6426/51/51
f 6427/52/52 6428/59/59 6429/53/53
f 6430/55/55 6431/634/597 6432/56/56
f 6433/56/56 6434/41/41 6435/58/58
f 6436/38/38 6437/133/133 6438/59/59
f 6439/56/56 6440/634/597 6441/60/60
f 6442/62/62 6443/636/599 6444/63/63
f 6445/64/64 6446/87/87 6447/47/47
f 6448/61/61 6449/45/45 6450/41/41
f 6451/65/65 6452/1267/1185 6453/66/66
f 6454/67/67 6455/75/75 6456/1/1
f 6457/68/68 6458/11/11 6459/69/69
f 6460/70/70 6461/296/292 6462/71/71
f 6463/72/72 6464/76/76 6465/73/73
f 6466/74/74 6467/25/25 6468/31/31
f 6469/72/72 6470/31/31 6471/75/75
f 6472/67/67 6473/66/66 6474/76/76
f 6475/48/48 6476/87/87 6477/77/77
f 6478/78/78 6479/77/77 6480/79/79
f 6481/80/80 6482/225/225 6483/81/81
f 6484/78/78 6485/81/81 6486/82/82
f 6487/64/64 6488/63/63 6489/83/83
f 6490/84/84 6491/83/83 6492/85/85
f 6493/86/86 6494/79/79 6495/77/77
f 6496/84/84 6497/77/77 6498/87/87
f 6499/88/88 6500/16/16 6501/89/89
f 6502/91/91 6503/115/115 6504/92/92
f 6505/94/94 6506/109/109 6507/95/95
f 6508/97/97 6509/19/19 6510/98/98
f 6511/93/93 6512/92/92 6513/100/100
f 6514/102/102 6515/121/121 6516/103/103
f 6517/105/105 6518/379/369 6519/106/106
f 6520/108/108 6521/318/312 6522/95/95
f 6523/36/36 6524/35/35 6525/110/110
f 6526/112/112 6527/514/496 6528/113/113
f 6529/114/114 6530/92/92 6531/115/115
f 6532/111/111 6533/90/90 6534/89/89
f 6535/114/114 6536/113/113 6537/116/116
f 6538/118/118 6539/520/502 6540/119/119
f 6541/120/120 6542/103/103 6543/121/121
f 6544/117/117 6545/100/100 6546/92/92
f 6547/122/122 6548/143/143 6549/123/123
f 6550/125/125 6551/142/142 6552/126/126
f 6553/127/127 6554/135/135 6555/128/128
f 6556/124/124 6557/254/254 6558/129/129
f 6559/130/130 6560/127/127 6561/126/126
f 6562/132/132 6563/150/150 6564/133/133
f 6565/37/37 6566/44/44 6567/134/134
f 6568/130/130 6569/240/240 6570/135/135
f 6571/136/136 6572/144/144 6573/137/137
f 6574/139/139 6575/146/146 6576/140/140
f 6577/140/140 6578/126/126 6579/142/142
f 6580/136/136 6581/123/123 6582/143/143
f 6583/145/145 6584/140/140 6585/146/146
f 6586/148/148 6587/53/53 6588/59/59
f 6589/59/59 6590/133/133 6591/150/150
f 6592/131/131 6593/126/126 6594/140/140
f 6595/104/104 6596/103/103 6597/151/151
f 6598/152/152 6599/151/151 6600/153/153
f 6601/155/155 6602/161/161 6603/156/156
f 6604/157/157 6605/379/369 6606/105/105
f 6607/158/158 6608/532/514 6609/159/159
f 6610/159/159 6611/156/156 6612/161/161
f 6613/154/154 6614/153/153 6615/162/162
f 6616/163/163 6617/162/162 6618/164/164
f 6619/120/120 6620/119/119 6621/166/166
f 6622/166/166 6623/528/510 6624/168/168
f 6625/168/168 6626/153/153 6627/151/151
f 6628/167/167 6629/151/151 6630/103/103
f 6631/169/169 6632/176/176 6633/170/170
f 6634/172/172 6635/143/143 6636/122/122
f 6637/173/173 6638/122/122 6639/129/129
f 6640/175/175 6641/262/262 6642/176/176
f 6643/177/177 6644/182/182 6645/178/178
f 6646/180/180 6647/137/137 6648/144/144
f 6649/181/181 6650/144/144 6651/143/143
f 6652/171/171 6653/170/170 6654/182/182
f 6655/183/183 6656/1405/276 6657/184/184
f 6658/185/185 6659/192/192 6660/186/186
f 6661/187/187 6662/200/200 6663/188/188
f 6664/189/189 6665/218/218 6666/190/190
f 6667/191/191 6668/186/186 6669/192/192
f 6670/194/194 6671/51/51 6672/195/195
f 6673/197/197 6674/50/50 6675/82/82
f 6676/199/199 6677/188/188 6678/200/200
f 6679/202/202 6680/234/234 6681/203/203
f 6682/204/204 6683/203/203 6684/205/205
f 6685/207/207 6686/215/215 6687/192/192
f 6688/185/185 6689/184/184 6690/208/208
f 6691/209/209 6692/206/206 6693/205/205
f 6694/211/211 6695/44/44 6696/212/212
f 6697/214/214 6698/43/43 6699/51/51
f 6700/193/193 6701/192/192 6702/215/215
f 6703/217/217 6704/222/222 6705/218/218
f 6706/189/189 6707/188/188 6708/219/219
f 6709/217/217 6710/219/219 6711/220/220
f 6712/221/221 6713/2353/2193 6714/222/222
f 6715/223/223 6716/219/219 6717/188/188
f 6718/198/198 6719/82/82 6720/81/81
f 6721/224/224 6722/81/81 6723/225/225
f 6724/227/227 6725/220/220 6726/219/219
f 6727/228/228 6728/1346/304 6729/229/229
f 6730/230/230 6731/237/237 6732/231/231
f 6733/232/232 6734/205/205 6735/203/203
f 6736/233/233 6737/203/203 6738/234/234
f 6739/236/236 6740/231/231 6741/237/237
f 6742/239/239 6743/135/135 6744/240/240
f 6745/242/242 6746/134/134 6747/44/44
f 6748/210/210 6749/205/205 6750/232/232
f 6751/244/244 6752/1303/315 6753/245/245
f 6754/244/244 6755/246/246 6756/247/247
f 6757/249/249 6758/256/256 6759/237/237
f 6760/230/230 6761/229/229 6762/250/250
f 6763/248/248 6764/247/247 6765/251/251
f 6766/253/253 6767/263/263 6768/129/129
f 6769/255/255 6770/128/128 6771/135/135
f 6772/238/238 6773/237/237 6774/256/256
f 6775/258/258 6776/351/343 6777/259/259
f 6778/261/261 6779/482/464 6780/262/262
f 6781/174/174 6782/129/129 6783/263/263
f 6784/265/265 6785/251/251 6786/247/247
f 6787/9/9 6788/8/8 6789/267/267
f 6790/268/268 6791/267/267 6792/269/269
f 6793/271/271 6794/280/279 6795/272/272
f 6796/273/273 6797/272/272 6798/69/69
f 6799/270/270 6800/269/269 6801/274/274
f 6802/274/274 6803/291/184 6804/276/276
f 6805/277/277 6806/1404/190 6807/278/218
f 6808/277/277 6809/279/278 6810/280/279
f 6811/20/20 6812/19/19 6813/281/280
f 6814/282/281 6815/281/280 6816/283/282
f 6817/285/284 6818/292/288 6819/269/269
f 6820/285/284 6821/267/267 6822/8/8
f 6823/284/283 6824/283/282 6825/286/285
f 6826/287/286 6827/286/285 6828/288/234
f 6829/290/287 6830/1402/208 6831/291/184
f 6832/290/287 6833/274/274 6834/269/269
f 6835/70/70 6836/69/69 6837/272/272
f 6838/293/289 6839/272/272 6840/280/279
f 6841/294/290 6842/300/295 6843/295/291
f 6844/293/289 6845/295/291 6846/296/292
f 6847/294/290 6848/280/279 6849/279/278
f 6850/279/278 6851/278/218 6852/298/222
f 6853/298/222 6854/2354/2193 6855/299/294
f 6856/297/293 6857/299/294 6858/300/295
f 6859/96/96 6860/95/95 6861/301/296
f 6862/302/297 6863/301/296 6864/303/298
f 6865/305/300 6866/283/282 6867/281/280
f 6868/306/301 6869/281/280 6870/19/19
f 6871/307/302 6872/304/299 6873/303/298
f 6874/308/303 6875/323/229 6876/309/304
f 6877/310/235 6878/288/234 6879/286/285
f 6880/311/305 6881/286/285 6882/283/282
f 6883/106/106 6884/379/369 6885/312/306
f 6886/313/307 6887/312/306 6888/314/308
f 6889/316/310 6890/303/298 6891/301/296
f 6892/301/296 6893/95/95 6894/318/312
f 6895/315/309 6896/314/308 6897/319/313
f 6898/319/313 6899/2355/245 6900/321/315
f 6901/322/316 6902/1310/250 6903/323/229
f 6904/308/303 6905/303/298 6906/316/310
f 6907/324/317 6908/332/325 6909/314/308
f 6910/312/306 6911/379/369 6912/325/318
f 6913/326/319 6914/384/374 6915/327/320
f 6916/328/321 6917/334/327 6918/329/322
f 6919/330/323 6920/2355/245 6921/319/313
f 6922/319/313 6923/314/308 6924/332/325
f 6925/333/326 6926/329/322 6927/334/327
f 6928/333/326 6929/335/328 6930/336/329
f 6931/338/331 6932/411/400 6933/339/332
f 6934/341/333 6935/445/332 6936/342/334
f 6937/344/336 6938/377/367 6939/345/337
f 6940/346/338 6941/407/396 6942/347/339
f 6943/348/340 6944/374/364 6945/349/341
f 6946/350/342 6947/349/341 6948/351/343
f 6949/353/345 6950/365/357 6951/354/346
f 6952/355/347 6953/354/346 6954/356/348
f 6955/352/344 6956/351/343 6957/258/258
f 6958/359/351 6959/266/266 6960/247/247
f 6961/361/353 6962/371/361 6963/362/354
f 6964/364/356 6965/402/391 6966/365/357
f 6967/360/352 6968/247/247 6969/246/246
f 6970/366/358 6971/246/246 6972/245/245
f 6973/368/330 6974/399/329 6975/369/359
f 6976/370/360 6977/369/359 6978/371/361
f 6979/343/335 6980/342/334 6981/372/362
f 6982/373/363 6983/372/362 6984/374/364
f 6985/357/349 6986/356/348 6987/375/365
f 6988/376/366 6989/375/365 6990/345/337
f 6991/378/368 6992/325/318 6993/379/369
f 6994/157/157 6995/156/156 6996/380/370
f 6997/381/371 6998/390/380 6999/382/372
f 7000/383/373 7001/327/320 7002/384/374
f 7003/385/375 7004/380/370 7005/156/156
f 7006/159/159 7007/532/514 7008/386/376
f 7009/387/377 7010/414/403 7011/388/378
f 7012/389/379 7013/382/372 7014/390/380
f 7015/391/381 7016/394/384 7017/382/372
f 7018/389/379 7019/388/378 7020/392/382
f 7021/393/383 7022/418/407 7023/327/320
f 7024/383/373 7025/382/372 7026/394/384
f 7027/395/385 7028/408/397 7029/345/337
f 7030/395/385 7031/375/365 7032/356/348
f 7033/397/387 7034/371/361 7035/369/359
f 7036/398/388 7037/369/359 7038/399/329
f 7039/401/390 7040/365/357 7041/402/391
f 7042/404/393 7043/362/354 7044/371/361
f 7045/396/386 7046/356/348 7047/354/346
f 7048/405/394 7049/354/346 7050/365/357
f 7051/406/395 7052/420/409 7053/407/396
f 7054/346/338 7055/345/337 7056/408/397
f 7057/386/376 7058/532/514 7059/409/398
f 7060/410/399 7061/409/398 7062/411/400
f 7063/412/401 7064/347/339 7065/407/396
f 7066/413/402 7067/388/378 7068/414/403
f 7069/415/404 7070/1406/389 7071/336/329
f 7072/335/328 7073/334/327 7074/416/405
f 7075/417/406 7076/416/405 7077/334/327
f 7078/328/321 7079/327/320 7080/418/407
f 7081/419/408 7082/392/382 7083/388/378
f 7084/413/402 7085/407/396 7086/420/409
f 7087/421/410 7088/461/444 7089/422/411
f 7090/423/412 7091/422/411 7092/424/413
f 7093/425/414 7094/433/422 7095/426/415
f 7096/423/412 7097/426/415 7098/427/416
f 7099/425/414 7100/424/413 7101/428/417
f 7102/430/419 7103/374/364 7104/372/362
f 7105/431/420 7106/372/362 7107/342/334
f 7108/429/418 7109/442/428 7110/433/422
f 7111/434/423 7112/427/416 7113/426/415
f 7114/435/424 7115/426/415 7116/433/422
f 7117/437/425 7118/449/432 7119/438/426
f 7120/439/424 7121/438/426 7122/440/427
f 7123/436/425 7124/433/422 7125/442/428
f 7126/444/430 7127/432/421 7128/342/334
f 7129/446/430 7130/339/332 7131/411/400
f 7132/448/429 7133/534/516 7134/449/432
f 7135/450/433 7136/457/440 7137/451/434
f 7138/453/436 7139/499/481 7140/454/437
f 7141/455/438 7142/454/437 7143/28/28
f 7144/26/26 7145/25/25 7146/457/440
f 7147/458/441 7148/489/471 7149/459/442
f 7150/460/443 7151/459/442 7152/461/444
f 7153/462/445 7154/466/449 7155/463/446
f 7156/460/443 7157/463/446 7158/464/447
f 7159/465/448 7160/468/451 7161/466/449
f 7162/462/445 7163/461/444 7164/421/410
f 7165/421/410 7166/427/416 7167/467/450
f 7168/467/450 7169/470/453 7170/468/451
f 7171/469/452 7172/2356/455 7173/470/453
f 7174/469/452 7175/467/450 7176/427/416
f 7177/471/452 7178/441/423 7179/440/427
f 7180/472/454 7181/495/477 7182/473/455
f 7183/474/456 7184/480/462 7185/475/457
f 7186/476/458 7187/492/474 7188/477/459
f 7189/477/459 7190/527/509 7191/478/460
f 7192/474/456 7193/478/460 7194/479/461
f 7195/481/463 7196/262/262 7197/482/464
f 7198/259/259 7199/351/343 7200/349/341
f 7201/484/466 7202/349/341 7203/374/364
f 7204/483/465 7205/428/417 7206/424/413
f 7207/485/467 7208/176/176 7209/262/262
f 7210/481/463 7211/424/413 7212/422/411
f 7213/485/467 7214/422/411 7215/461/444
f 7216/486/468 7217/170/170 7218/176/176
f 7219/487/469 7220/178/178 7221/182/182
f 7222/488/470 7223/182/182 7224/170/170
f 7225/486/468 7226/461/444 7227/459/442
f 7228/488/470 7229/459/442 7230/489/471
f 7231/168/168 7232/528/510 7233/490/472
f 7234/491/473 7235/490/472 7236/492/474
f 7237/493/475 7238/164/164 7239/162/162
f 7240/491/473 7241/162/162 7242/153/153
f 7243/494/476 7244/497/479 7245/495/477
f 7246/472/454 7247/440/427 7248/496/478
f 7249/494/476 7250/496/478 7251/492/474
f 7252/476/458 7253/475/457 7254/497/479
f 7255/498/480 7256/454/437 7257/499/481
f 7258/501/483 7259/1141/1082 7260/502/484
f 7261/503/485 7262/35/35 7263/504/486
f 7264/498/480 7265/32/32 7266/28/28
f 7267/505/487 7268/508/490 7269/506/488
f 7270/507/489 7271/451/434 7272/457/440
f 7273/505/487 7274/457/440 7275/25/25
f 7276/74/74 7277/73/73 7278/508/490
f 7279/503/485 7280/502/484 7281/509/491
f 7282/511/493 7283/1148/1089 7284/512/494
f 7285/513/495 7286/113/113 7287/514/496
f 7288/510/492 7289/110/110 7290/35/35
f 7291/513/495 7292/512/494 7293/515/497
f 7294/517/499 7295/1152/1093 7296/518/500
f 7297/519/501 7298/119/119 7299/520/502
f 7300/516/498 7301/116/116 7302/113/113
f 7303/521/503 7304/519/501 7305/518/500
f 7306/521/503 7307/522/504 7308/523/505
f 7309/524/506 7310/528/510 7311/166/166
f 7312/521/503 7313/166/166 7314/119/119
f 7315/524/506 7316/523/505 7317/525/507
f 7318/526/508 7319/525/507 7320/527/509
f 7321/477/459 7322/492/474 7323/490/472
f 7324/526/508 7325/490/472 7326/528/510
f 7327/493/475 7328/492/474 7329/496/478
f 7330/529/511 7331/496/478 7332/440/427
f 7333/438/426 7334/449/432 7335/530/512
f 7336/529/511 7337/530/512 7338/164/164
f 7339/447/431 7340/411/400 7341/409/398
f 7342/531/513 7343/409/398 7344/532/514
f 7345/165/165 7346/164/164 7347/530/512
f 7348/533/515 7349/530/512 7350/449/432
f 7351/535/517 7352/2357/325 7353/536/317
f 7354/536/317 7355/565/318 7356/538/519
f 7357/539/520 7358/1244/530 7359/540/323
f 7360/541/324 7361/2357/325 7362/535/517
f 7363/542/521 7364/574/537 7365/543/331
f 7366/542/521 7367/544/333 7368/545/335
f 7369/547/523 7370/563/340 7371/548/342
f 7372/548/342 7373/552/344 7374/550/525
f 7375/551/526 7376/550/525 7377/552/344
f 7378/554/527 7379/1355/351 7380/555/352
f 7381/556/528 7382/555/352 7383/557/358
f 7384/558/529 7385/557/358 7386/559/323
f 7387/546/522 7388/545/335 7389/561/363
f 7390/562/531 7391/561/363 7392/563/340
f 7393/564/532 7394/538/519 7395/565/318
f 7396/566/368 7397/569/370 7398/567/533
f 7399/568/534 7400/567/533 7401/569/370
f 7402/570/375 7403/2358/376 7404/571/535
f 7405/571/535 7406/2358/376 7407/572/399
f 7408/572/399 7409/543/331 7410/574/537
f 7411/575/538 7412/604/567 7413/576/539
f 7414/578/541 7415/588/551 7416/579/542
f 7417/581/544 7418/828/791 7419/582/545
f 7420/584/547 7421/645/608 7422/585/548
f 7423/587/550 7424/579/542 7425/588/551
f 7426/590/553 7427/660/623 7428/591/554
f 7429/593/556 7430/843/804 7431/594/557
f 7432/582/545 7433/828/791 7434/596/559
f 7435/598/561 7436/1101/1044 7437/599/562
f 7438/601/564 7439/1100/1043 7440/602/565
f 7441/580/543 7442/579/542 7443/601/564
f 7444/598/561 7445/600/563 7446/604/567
f 7447/605/568 7448/1100/1043 7449/601/564
f 7450/607/570 7451/610/573 7452/608/571
f 7453/607/570 7454/592/555 7455/591/554
f 7456/606/569 7457/601/564 7458/579/542
f 7459/611/574 7460/632/595 7461/612/575
f 7462/614/577 7463/618/581 7464/615/578
f 7465/617/580 7466/626/589 7467/618/581
f 7468/613/576 7469/612/575 7470/619/582
f 7471/621/584 7472/639/602 7473/615/578
f 7474/622/585 7475/638/601 7476/623/586
f 7477/624/587 7478/761/724 7479/625/588
f 7480/621/584 7481/618/581 7482/626/589
f 7483/628/591 7484/54/54 7485/53/53
f 7486/630/593 7487/634/597 7488/55/55
f 7489/631/594 7490/616/579 7491/615/578
f 7492/628/591 7493/629/592 7494/632/595
f 7495/633/596 7496/60/60 7497/634/597
f 7498/635/598 7499/63/63 7500/636/599
f 7501/637/600 7502/623/586 7503/638/601
f 7504/630/593 7505/615/578 7506/639/602
f 7507/640/603 7508/643/606 7509/641/604
f 7510/576/539 7511/604/567 7512/643/606
f 7513/644/607 7514/647/610 7515/585/548
f 7516/646/609 7517/859/817 7518/647/610
f 7519/648/611 7520/1145/1086 7521/649/612
f 7522/650/613 7523/600/563 7524/599/562
f 7525/643/606 7526/604/567 7527/600/563
f 7528/650/613 7529/649/612 7530/641/604
f 7531/651/614 7532/653/616 7533/638/601
f 7534/652/615 7535/657/620 7536/653/616
f 7537/651/614 7538/655/618 7539/654/617
f 7540/622/585 7541/625/588 7542/655/618
f 7543/656/619 7544/83/83 7545/63/63
f 7546/656/619 7547/658/621 7548/85/85
f 7549/656/619 7550/653/616 7551/657/620
f 7552/635/598 7553/638/601 7554/653/616
f 7555/659/622 7556/591/554 7557/660/623
f 7558/662/625 7559/671/634 7560/663/626
f 7561/665/628 7562/866/823 7563/666/629
f 7564/595/558 7565/594/557 7566/668/631
f 7567/670/633 7568/692/655 7569/671/634
f 7570/672/635 7571/717/680 7572/673/636
f 7573/675/638 7574/878/834 7575/676/639
f 7576/678/641 7577/667/630 7578/666/629
f 7579/680/643 7580/608/571 7581/610/573
f 7582/682/645 7583/685/648 7584/683/646
f 7585/682/645 7586/663/626 7587/671/634
f 7588/610/573 7589/591/554 7590/659/622
f 7591/686/649 7592/683/646 7593/685/648
f 7594/688/651 7595/691/654 7596/689/652
f 7597/674/637 7598/673/636 7599/691/654
f 7600/687/650 7601/685/648 7602/671/634
f 7603/693/656 7604/713/676 7605/694/657
f 7606/696/659 7607/700/663 7608/697/660
f 7609/699/662 7610/707/670 7611/700/663
f 7612/694/657 7613/740/703 7614/701/664
f 7615/702/665 7616/697/660 7617/700/663
f 7618/704/667 7619/612/575 7620/632/595
f 7621/706/669 7622/619/582 7623/612/575
f 7624/703/666 7625/700/663 7626/707/670
f 7627/138/138 7628/137/137 7629/709/672
f 7630/711/674 7631/712/675 7632/146/146
f 7633/698/661 7634/697/660 7635/712/675
f 7636/710/673 7637/709/672 7638/713/676
f 7639/714/677 7640/147/147 7641/146/146
f 7642/629/592 7643/53/53 7644/148/148
f 7645/705/668 7646/632/595 7647/629/592
f 7648/714/677 7649/712/675 7650/697/660
f 7651/716/679 7652/673/636 7653/717/680
f 7654/719/682 7655/729/692 7656/716/679
f 7657/720/683 7658/723/686 7659/721/684
f 7660/677/640 7661/676/639 7662/723/686
f 7663/724/687 7664/727/690 7665/725/688
f 7666/722/685 7667/721/684 7668/727/690
f 7669/728/691 7670/731/694 7671/729/692
f 7672/730/693 7673/1159/1100 7674/731/694
f 7675/732/695 7676/689/652 7677/691/654
f 7678/734/697 7679/1131/1072 7680/732/695
f 7681/733/696 7682/716/679 7683/729/692
f 7684/733/696 7685/691/654 7686/673/636
f 7687/735/698 7688/745/708 7689/736/699
f 7690/694/657 7691/713/676 7692/738/701
f 7693/739/702 7694/823/786 7695/740/703
f 7696/737/700 7697/821/784 7698/741/704
f 7699/742/705 7700/179/179 7701/178/178
f 7702/709/672 7703/137/137 7704/180/180
f 7705/744/707 7706/738/701 7707/713/676
f 7708/743/706 7709/736/699 7710/745/708
f 7711/746/709 7712/750/713 7713/747/710
f 7714/749/712 7715/757/720 7716/750/713
f 7717/751/714 7718/755/718 7719/752/715
f 7720/751/714 7721/1403/801 7722/754/717
f 7723/756/719 7724/776/739 7725/757/720
f 7726/627/590 7727/626/589 7728/758/721
f 7729/760/723 7730/784/747 7731/625/588
f 7732/753/716 7733/752/715 7734/762/725
f 7735/764/727 7736/794/757 7737/765/728
f 7738/766/729 7739/772/735 7740/767/730
f 7741/768/731 7742/750/713 7743/757/720
f 7744/770/733 7745/747/710 7746/750/713
f 7747/771/734 7748/800/763 7749/767/730
f 7750/620/583 7751/619/582 7752/773/736
f 7753/775/738 7754/758/721 7755/626/589
f 7756/769/732 7757/757/720 7758/776/739
f 7759/755/718 7760/754/717 7761/778/741
f 7762/779/742 7763/781/744 7764/752/715
f 7765/779/742 7766/782/745 7767/780/743
f 7768/778/741 7769/2359/820 7770/782/745
f 7771/783/746 7772/762/725 7773/752/715
f 7774/655/618 7775/625/588 7776/784/747
f 7777/785/748 7778/1266/1184 7779/654/617
f 7780/781/744 7781/780/743 7782/786/749
f 7783/787/750 7784/791/754 7785/788/751
f 7786/790/753 7787/796/759 7788/791/754
f 7789/792/755 7790/764/727 7791/767/730
f 7792/792/755 7793/1357/831 7794/794/757
f 7795/795/758 7796/815/778 7797/796/759
f 7798/708/671 7799/707/670 7800/797/760
f 7801/799/762 7802/773/736 7803/619/582
f 7804/793/756 7805/767/730 7806/800/763
f 7807/802/765 7808/806/769 7809/803/766
f 7810/805/768 7811/931/882 7812/806/769
f 7813/807/770 7814/791/754 7815/796/759
f 7816/809/772 7817/788/751 7818/791/754
f 7819/810/773 7820/931/882 7821/805/768
f 7822/812/775 7823/701/664 7824/740/703
f 7825/814/777 7826/797/760 7827/707/670
f 7828/808/771 7829/796/759 7830/815/778
f 7831/817/780 7832/1126/1067 7833/818/781
f 7834/820/783 7835/741/704 7836/821/784
f 7837/813/776 7838/740/703 7839/823/786
f 7840/825/788 7841/931/882 7842/810/773
f 7843/827/790 7844/830/793 7845/828/791
f 7846/829/792 7847/855/813 7848/830/793
f 7849/831/794 7850/834/797 7851/832/795
f 7852/586/549 7853/585/548 7854/834/797
f 7855/835/798 7856/855/813 7857/829/792
f 7858/837/711 7859/853/710 7860/835/798
f 7861/838/800 7862/841/802 7863/839/717
f 7864/838/800 7865/833/796 7866/832/795
f 7867/842/803 7868/594/557 7869/843/804
f 7870/844/805 7871/849/810 7872/845/806
f 7873/830/793 7874/855/813 7875/846/807
f 7876/847/808 7877/596/559 7878/828/791
f 7879/848/809 7880/845/806 7881/849/810
f 7882/850/811 7883/1369/728 7884/851/757
f 7885/852/812 7886/835/798 7887/853/710
f 7888/852/812 7889/846/807 7890/855/813
f 7891/856/814 7892/834/797 7893/585/548
f 7894/857/815 7895/832/795 7896/834/797
f 7897/856/814 7898/860/818 7899/858/816
f 7900/856/814 7901/647/610 7902/859/817
f 7903/861/819 7904/841/802 7905/832/795
f 7906/862/741 7907/839/717 7908/841/802
f 7909/861/819 7910/864/821 7911/863/820
f 7912/857/815 7913/858/816 7914/864/821
f 7915/865/822 7916/666/629 7917/866/823
f 7918/867/824 7919/872/829 7920/868/825
f 7921/842/803 7922/845/806 7923/869/826
f 7924/870/827 7925/668/631 7926/594/557
f 7927/871/828 7928/868/825 7929/872/829
f 7930/874/752 7931/888/751 7932/871/828
f 7933/848/809 7934/851/757 7935/875/831
f 7936/876/832 7937/869/826 7938/845/806
f 7939/877/833 7940/676/639 7941/878/834
f 7942/879/835 7943/884/840 7944/880/836
f 7945/865/822 7946/868/825 7947/881/837
f 7948/882/838 7949/679/642 7950/666/629
f 7951/883/839 7952/886/841 7953/880/836
f 7954/885/767 7955/2360/766 7956/886/841
f 7957/887/842 7958/871/828 7959/888/751
f 7960/881/837 7961/868/825 7962/871/828
f 7963/877/833 7964/880/836 7965/890/843
f 7966/892/845 7967/676/639 7968/877/833
f 7969/893/846 7970/897/850 7971/894/847
f 7972/896/849 7973/901/854 7974/897/850
f 7975/886/841 7976/2360/766 7977/898/851
f 7978/899/852 7979/890/843 7980/880/836
f 7981/900/853 7982/903/856 7983/901/854
f 7984/900/853 7985/1246/892 7986/902/855
f 7987/904/857 7988/1045/994 7989/905/858
f 7990/907/860 7991/1048/997 7992/908/861
f 7993/910/863 7994/1020/970 7995/911/864
f 7996/913/865 7997/945/896 7998/914/866
f 7999/916/867 8000/950/901 8001/917/868
f 8002/919/870 8003/1010/960 8004/916/867
f 8005/920/871 8006/924/875 8007/921/872
f 8008/923/874 8009/1126/1067 8010/924/875
f 8011/925/876 8012/936/887 8013/926/877
f 8014/927/878 8015/948/899 8016/928/879
f 8017/818/781 8018/1126/1067 8019/923/874
f 8020/930/881 8021/938/889 8022/931/882
f 8023/932/883 8024/943/894 8025/933/884
f 8026/935/886 8027/926/877 8028/936/887
f 8029/806/769 8030/931/882 8031/938/889
f 8032/939/890 8033/2361/851 8034/803/766
f 8035/940/891 8036/989/855 8037/941/892
f 8038/942/893 8039/933/884 8040/943/894
f 8041/944/895 8042/914/866 8043/945/896
f 8044/946/897 8045/922/873 8046/921/872
f 8047/947/898 8048/928/879 8049/948/899
f 8050/949/900 8051/917/868 8052/950/901
f 8053/951/902 8054/723/686 8055/676/639
f 8056/952/903 8057/721/684 8058/723/686
f 8059/953/904 8060/956/907 8061/954/905
f 8062/895/848 8063/894/847 8064/956/907
f 8065/957/908 8066/727/690 8067/721/684
f 8068/958/909 8069/725/688 8070/727/690
f 8071/959/910 8072/962/913 8073/960/911
f 8074/955/906 8075/954/905 8076/962/913
f 8077/963/914 8078/962/913 8079/954/905
f 8080/965/916 8081/960/911 8082/962/913
f 8083/966/917 8084/1052/1001 8085/967/918
f 8086/969/920 8087/1062/1010 8088/970/921
f 8089/972/923 8090/956/907 8091/894/847
f 8092/964/915 8093/954/905 8094/956/907
f 8095/974/925 8096/999/949 8097/975/926
f 8098/977/928 8099/1058/1006 8100/978/929
f 8101/947/898 8102/950/901 8103/980/931
f 8104/981/932 8105/1002/952 8106/928/879
f 8107/982/933 8108/969/920 8109/971/922
f 8110/984/935 8111/1057/1005 8112/985/936
f 8113/940/891 8114/943/894 8115/987/938
f 8116/988/939 8117/1411/973 8118/989/855
f 8119/990/940 8120/1064/1012 8121/991/941
f 8122/993/943 8123/1055/1004 8124/994/944
f 8125/937/888 8126/936/887 8127/996/946
f 8128/998/948 8129/987/938 8130/943/894
f 8131/999/949 8132/1001/951 8133/1000/950
f 8134/1001/951 8135/982/933 8136/983/934
f 8137/925/876 8138/928/879 8139/1002/952
f 8140/1003/953 8141/996/946 8142/936/887
f 8143/907/860 8144/909/862 8145/1004/954
f 8146/1006/956 8147/1034/984 8148/1007/957
f 8149/1009/959 8150/916/867 8151/1010/960
f 8152/1009/959 8153/980/931 8154/950/901
f 8155/1012/962 8156/1068/1016 8157/1013/963
f 8158/1015/965 8159/1037/987 8160/1016/966
f 8161/1018/968 8162/725/688 8163/958/909
f 8164/1019/969 8165/911/864 8166/1020/970
f 8167/1021/971 8168/1010/960 8169/919/870
f 8170/961/912 8171/960/911 8172/1021/971
f 8173/903/856 8174/902/855 8175/1023/973
f 8176/1025/975 8177/901/854 8178/903/856
f 8179/1026/976 8180/1032/982 8181/1027/977
f 8182/1029/979 8183/906/859 8184/905/858
f 8185/1031/981 8186/897/850 8187/901/854
f 8188/973/924 8189/894/847 8190/897/850
f 8191/1014/964 8192/1013/963 8193/1032/982
f 8194/1033/983 8195/1039/989 8196/1034/984
f 8197/1035/985 8198/1029/979 8199/1030/980
f 8200/1028/978 8201/1027/977 8202/1037/987
f 8203/1038/988 8204/2362/992 8205/1039/989
f 8206/1005/955 8207/1004/954 8208/1040/990
f 8209/1042/988 8210/1035/985 8211/1036/986
f 8212/1044/993 8213/1046/995 8214/1045/994
f 8215/1041/991 8216/1040/990 8217/1046/995
f 8218/1047/996 8219/1066/1014 8220/908/861
f 8221/1049/998 8222/1060/1008 8223/1050/999
f 8224/1052/1001 8225/1049/998 8226/1051/1000
f 8227/1053/1002 8228/966/917 8229/968/919
f 8230/1055/1004 8231/990/940 8232/992/942
f 8233/1056/928 8234/2363/930 8235/1057/1005
f 8236/1058/1006 8237/1260/1178 8238/1059/1007
f 8239/986/937 8240/985/936 8241/1050/999
f 8242/1061/1009 8243/1063/1011 8244/970/921
f 8245/993/943 8246/995/945 8247/1063/1011
f 8248/1064/1012 8249/1053/1002 8250/1054/1003
f 8251/1065/1013 8252/1021/971 8253/960/911
f 8254/1011/961 8255/1010/960 8256/1021/971
f 8257/1017/967 8258/1016/966 8259/1066/1014
f 8260/1067/1015 8261/1354/1267 8262/1068/1016
f 8263/1069/1017 8264/1104/1047 8265/1070/1018
f 8266/1071/1019 8267/1074/1022 8268/1072/1020
f 8269/1073/1021 8270/1080/1028 8271/1074/1022
f 8272/1071/1019 8273/1070/1018 8274/1075/1023
f 8275/1076/1024 8276/1072/1020 8277/1074/1022
f 8278/944/895 8279/921/872 8280/1078/1026
f 8281/1079/1027 8282/1091/1036 8283/914/866
f 8284/1077/1025 8285/1074/1022 8286/1080/1028
f 8287/1073/1021 8288/1075/1023 8289/1082/1030
f 8290/1083/1031 8291/1089/1033 8292/1080/1028
f 8293/1084/1031 8294/1088/1034 8295/1085/1032
f 8296/1087/1030 8297/1115/1057 8298/1088/1034
f 8299/1081/1029 8300/1080/1028 8301/1089/1033
f 8302/915/863 8303/914/866 8304/1091/1036
f 8305/1093/1037 8306/1160/1101 8307/1020/970
f 8308/1086/1033 8309/1085/1032 8310/1094/1038
f 8311/1096/1039 8312/452/435 8313/451/434
f 8314/1098/1041 8315/499/481 8316/453/436
f 8317/1099/1042 8318/602/565 8319/1100/1043
f 8320/1097/1040 8321/599/562 8322/1101/1044
f 8323/1102/1045 8324/489/471 8325/458/441
f 8326/1103/1046 8327/1106/1049 8328/1104/1047
f 8329/1105/1048 8330/1108/1051 8331/1106/1049
f 8332/1103/1046 8333/458/441 8334/464/447
f 8335/1107/1050 8336/1106/1049 8337/1108/1051
f 8338/1070/1018 8339/1104/1047 8340/1106/1049
f 8341/1107/1050 8342/1110/1053 8343/1075/1023
f 8344/1109/1052 8345/1112/1055 8346/1110/1053
f 8347/1111/1054 8348/1110/1053 8349/1112/1055
f 8350/1082/1030 8351/1075/1023 8352/1110/1053
f 8353/1114/1054 8354/1117/1058 8355/1115/1057
f 8356/1116/1056 8357/1135/1076 8358/1117/1058
f 8359/1118/1059 8360/1122/1063 8361/1119/1060
f 8362/1121/1062 8363/1138/1079 8364/1122/1063
f 8365/478/460 8366/527/509 8367/1121/1062
f 8368/1120/1061 8369/479/461 8370/478/460
f 8371/822/785 8372/821/784 8373/1123/1064
f 8374/1125/1066 8375/924/875 8376/1126/1067
f 8377/1078/1026 8378/921/872 8379/924/875
f 8380/1124/1065 8381/1123/1064 8382/1072/1020
f 8383/1127/1068 8384/1123/1064 8385/821/784
f 8386/1069/1017 8387/1072/1020 8388/1123/1064
f 8389/1127/1068 8390/1128/1069 8391/1104/1047
f 8392/737/700 8393/736/699 8394/1128/1069
f 8395/743/706 8396/178/178 8397/487/469
f 8398/1129/1070 8399/1128/1069 8400/736/699
f 8401/1102/1045 8402/1104/1047 8403/1128/1069
f 8404/1129/1070 8405/487/469 8406/489/471
f 8407/1130/1071 8408/1133/1074 8409/1131/1072
f 8410/1132/1073 8411/1138/1079 8412/1133/1074
f 8413/731/694 8414/1159/1100 8415/1132/1073
f 8416/734/697 8417/729/692 8418/731/694
f 8419/1134/1075 8420/1117/1058 8421/1135/1076
f 8422/1137/1078 8423/1115/1057 8424/1117/1058
f 8425/1134/1075 8426/1122/1063 8427/1138/1079
f 8428/1136/1077 8429/1119/1060 8430/1122/1063
f 8431/500/482 8432/499/481 8433/1098/1041
f 8434/1140/1081 8435/1142/1083 8436/502/484
f 8437/609/572 8438/608/571 8439/1142/1083
f 8440/1139/1080 8441/1098/1041 8442/1100/1043
f 8443/507/489 8444/506/488 8445/1143/1084
f 8446/1097/1040 8447/451/434 8448/507/489
f 8449/1144/1085 8450/648/611 8451/599/562
f 8452/1144/1085 8453/1143/1084 8454/1145/1086
f 8455/509/491 8456/502/484 8457/1142/1083
f 8458/1147/1088 8459/1149/1090 8460/512/494
f 8461/684/647 8462/683/646 8463/1149/1090
f 8464/1146/1087 8465/1142/1083 8466/608/571
f 8467/515/497 8468/512/494 8469/1149/1090
f 8470/1151/1092 8471/1153/1094 8472/518/500
f 8473/690/653 8474/689/652 8475/1153/1094
f 8476/1150/1091 8477/1149/1090 8478/683/646
f 8479/522/504 8480/518/500 8481/1153/1094
f 8482/1154/1095 8483/1155/1096 8484/523/505
f 8485/732/695 8486/1131/1072 8487/1155/1096
f 8488/1154/1095 8489/1153/1094 8490/689/652
f 8491/525/507 8492/523/505 8493/1155/1096
f 8494/1156/1097 8495/1121/1062 8496/527/509
f 8497/1133/1074 8498/1138/1079 8499/1121/1062
f 8500/1156/1097 8501/1155/1096 8502/1131/1072
f 8503/1137/1078 8504/1138/1079 8505/1132/1073
f 8506/1157/1098 8507/1088/1034 8508/1115/1057
f 8509/1158/1099 8510/1085/1032 8511/1088/1034
f 8512/1157/1098 8513/1132/1073 8514/1159/1100
f 8515/1018/968 8516/1020/970 8517/1160/1101
f 8518/1161/1102 8519/726/689 8520/725/688
f 8521/1158/1099 8522/1159/1100 8523/730/693
f 8524/1162/1103 8525/1094/1038 8526/1085/1032
f 8527/1163/1104 8528/1167/844 8529/1164/843
f 8530/1166/1106 8531/1193/845 8532/1167/844
f 8533/1168/852 8534/2364/851 8535/1169/1107
f 8536/1165/1105 8537/1164/843 8538/1168/852
f 8539/1171/865 8540/1202/864 8541/1172/1109
f 8542/1173/1110 8543/1189/1118 8544/1174/896
f 8545/1175/871 8546/1191/873 8547/1176/1111
f 8548/1178/1113 8549/2365/874 8550/1175/871
f 8551/1179/880 8552/2365/874 8553/1178/1113
f 8554/1181/1115 8555/1185/1116 8556/1182/889
f 8557/1184/890 8558/1182/889 8559/1185/1116
f 8560/1186/1117 8561/1245/1107 8562/1187/851
f 8563/1188/897 8564/1174/896 8565/1189/1118
f 8566/1190/1119 8567/1176/1111 8568/1191/873
f 8569/1192/1120 8570/1195/902 8571/1193/845
f 8572/1194/1121 8573/1197/903 8574/1195/902
f 8575/1196/1122 8576/1199/908 8577/1197/903
f 8578/1198/1123 8579/2366/909 8580/1199/908
f 8581/1200/969 8582/2366/909 8583/1198/1123
f 8584/1201/1124 8585/1172/1109 8586/1202/864
f 8587/1116/1056 8588/2367/1137 8589/1203/1125
f 8590/468/451 8591/470/453 8592/1204/1126
f 8593/1105/1048 8594/464/447 8595/1206/1128
f 8596/1109/1052 8597/1211/1133 8598/1208/1130
f 8599/1120/1061 8600/1119/1060 8601/1209/1131
f 8602/1108/1051 8603/1223/1144 8604/1211/1133
f 8605/463/446 8606/466/449 8607/1212/1134
f 8608/466/449 8609/468/451 8610/1205/1127
f 8611/464/447 8612/463/446 8613/1213/1135
f 8614/497/479 8615/1219/1141 8616/1214/1136
f 8617/1112/1055 8618/1208/1130 8619/1215/1137
f 8620/479/461 8621/1120/1061 8622/1210/1132
f 8623/473/455 8624/495/477 8625/1214/1136
f 8626/480/462 8627/1221/1143 8628/1218/1140
f 8629/475/457 8630/1218/1140 8631/1219/1141
f 8632/1136/1077 8633/1135/1076 8634/1203/1125
f 8635/1119/1060 8636/1136/1077 8637/1220/1142
f 8638/479/461 8639/1216/1138 8640/1221/1143
f 8641/470/453 8642/2356/455 8643/1222/1139
f 8644/1105/1048 8645/1207/1129 8646/1223/1144
f 8647/1224/1145 8648/1232/1153 8649/1047/996
f 8650/1048/997 8651/907/860 8652/1225/1146
f 8653/906/859 8654/1228/1149 8655/1226/1147
f 8656/906/859 8657/1029/979 8658/1227/1148
f 8659/1229/1150 8660/1227/1148 8661/1029/979
f 8662/1035/985 8663/1042/988 8664/1230/1151
f 8665/1231/1152 8666/1240/1161 8667/1015/965
f 8668/1017/967 8669/1047/996 8670/1232/1153
f 8671/1014/964 8672/1234/1155 8673/1233/1154
f 8674/1026/976 8675/1407/1308 8676/1234/1155
f 8677/1235/1156 8678/1238/1159 8679/1006/956
f 8680/1012/962 8681/1233/1154 8682/1236/1157
f 8683/1237/1158 8684/1408/1151 8685/1038/988
f 8686/1033/983 8687/1006/956 8688/1238/1159
f 8689/1239/1160 8690/1407/1308 8691/1026/976
f 8692/1028/978 8693/1015/965 8694/1240/1161
f 8695/1241/1162 8696/1243/1164 8697/1041/991
f 8698/1044/993 8699/904/857 8700/1226/1147
f 8701/1242/1163 8702/1225/1146 8703/907/860
f 8704/1005/955 8705/1041/991 8706/1243/1164
f 8707/412/401 8708/414/403 8709/571/535
f 8710/574/537 8711/347/339 8712/412/401
f 8713/387/377 8714/390/380 8715/567/533
f 8716/568/534 8717/571/535 8718/414/403
f 8719/381/371 8720/384/374 8721/538/519
f 8722/564/532 8723/567/533 8724/390/380
f 8725/562/531 8726/376/366 8727/377/367
f 8728/547/523 8729/357/349 8730/376/366
f 8731/558/529 8732/370/360 8733/361/353
f 8734/558/529 8735/560/530 8736/368/330
f 8737/551/526 8738/364/356 8739/353/345
f 8740/556/528 8741/361/353 8742/363/355
f 8743/549/524 8744/355/347 8745/357/349
f 8746/550/525 8747/353/345 8748/355/347
f 8749/344/336 8750/347/339 8751/574/537
f 8752/546/522 8753/377/367 8754/344/336
f 8755/539/520 8756/333/326 8757/337/330
f 8758/539/520 8759/535/517 8760/329/322
f 8761/326/319 8762/329/322 8763/535/517
f 8764/537/518 8765/538/519 8766/384/374
f 8767/1201/1124 8768/1198/1123 8769/961/912
f 8770/1022/972 8771/919/870 8772/1172/1109
f 8773/1194/1121 8774/955/906 8775/959/910
f 8776/1196/1122 8777/959/910 8778/961/912
f 8779/1166/1106 8780/895/848 8781/953/904
f 8782/1192/1120 8783/953/904 8784/955/906
f 8785/1190/1119 8786/1189/1118 8787/917/868
f 8788/949/900 8789/948/899 8790/1176/1111
f 8791/1186/1117 8792/1185/1116 8793/933/884
f 8794/942/893 8795/941/892 8796/1245/1107
f 8797/1180/1114 8798/1178/1113 8799/926/877
f 8800/934/885 8801/933/884 8802/1185/1116
f 8803/1177/1112 8804/1176/1111 8805/948/899
f 8806/927/878 8807/926/877 8808/1178/1113
f 8809/1173/1110 8810/1172/1109 8811/919/870
f 8812/918/869 8813/917/868 8814/1189/1118
f 8815/1170/1108 8816/1169/1107 8817/1246/892
f 8818/1170/1108 8819/900/853 8820/896/849
f 8821/1163/1104 8822/1165/1105 8823/896/849
f 8824/1163/1104 8825/893/846 8826/895/848
f 8827/1055/1004 8828/1254/1172 8829/1247/1165
f 8830/990/940 8831/1247/1165 8832/1248/1166
f 8833/1060/1008 8834/1049/998 8835/1249/1167
f 8836/1250/1168 8837/1409/1309 8838/986/937
f 8839/986/937 8840/1409/1309 8841/1251/1169
f 8842/984/935 8843/1251/1169 8844/1252/1170
f 8845/1061/1009 8846/1262/1180 8847/1253/1171
f 8848/993/943 8849/1253/1171 8850/1254/1172
f 8851/982/933 8852/1001/951 8853/1255/1173
f 8854/1256/1174 8855/1410/1310 8856/969/920
f 8857/974/925 8858/1260/1178 8859/1257/1175
f 8860/999/949 8861/1353/1266 8862/1255/1173
f 8863/977/928 8864/2368/1170 8865/1259/1177
f 8866/1058/1006 8867/1259/1177 8868/1257/1175
f 8869/969/920 8870/1410/1310 8871/1261/1179
f 8872/1062/1010 8873/1261/1179 8874/1262/1180
f 8875/966/917 8876/1265/1183 8877/1263/1181
f 8878/1263/1181 8879/1249/1167 8880/1049/998
f 8881/1064/1012 8882/1248/1166 8883/1264/1182
f 8884/1053/1002 8885/1264/1182 8886/1265/1183
f 8887/1162/1103 8888/730/693 8889/726/689
f 8890/1161/1102 8891/1160/1101 8892/1094/1038
f 8893/1076/1024 8894/1078/1026 8895/1125/1066
f 8896/1124/1065 8897/1125/1066 8898/817/780
f 8899/1095/1035 8900/1094/1038 8901/1160/1101
f 8902/1092/1037 8903/1091/1036 8904/1081/1029
f 8905/1077/1025 8906/1081/1029 8907/1091/1036
f 8908/1079/1027 8909/1078/1026 8910/1076/1024
f 8911/824/787 8912/826/789 8913/810/773
f 8914/822/785 8915/817/780 8916/819/782
f 8917/814/777 8918/816/779 8919/815/778
f 8920/813/776 8921/810/773 8922/811/774
f 8923/801/764 8924/800/763 8925/773/736
f 8926/798/761 8927/797/760 8928/815/778
f 8929/783/746 8930/786/749 8931/1266/1184
f 8932/785/748 8933/784/747 8934/762/725
f 8935/777/740 8936/776/739 8937/758/721
f 8938/774/737 8939/773/736 8940/800/763
f 8941/763/726 8942/762/725 8943/784/747
f 8944/759/722 8945/758/721 8946/776/739
f 8947/719/682 8948/722/685 8949/724/687
f 8950/728/691 8951/724/687 8952/726/689
f 8953/717/680 8954/677/640 8955/720/683
f 8956/718/681 8957/720/683 8958/722/685
f 8959/670/633 8960/662/625 8961/667/630
f 8962/675/638 8963/677/640 8964/717/680
f 8965/660/623 8966/595/558 8967/669/632
f 8968/664/627 8969/665/628 8970/667/630
f 8971/642/605 8972/646/609 8973/644/607
f 8974/640/603 8975/644/607 8976/645/608
f 8977/588/551 8978/582/545 8979/597/560
f 8980/590/553 8981/593/556 8982/595/558
f 8983/577/540 8984/576/539 8985/645/608
f 8986/583/546 8987/582/545 8988/588/551
f 8989/533/515 8990/531/513 8991/158/158
f 8992/534/516 8993/447/431 8994/531/513
f 8995/484/466 8996/430/419 8997/428/417
f 8998/483/465 8999/482/464 9000/259/259
f 9001/448/429 9002/446/430 9003/447/431
f 9004/443/429 9005/442/428 9006/432/421
f 9007/431/420 9008/432/421 9009/442/428
f 9010/428/417 9011/430/419 9012/431/420
f 9013/264/264 9014/263/263 9015/251/251
f 9016/260/260 9017/259/259 9018/482/464
f 9019/239/239 9020/238/238 9021/257/257
f 9022/252/252 9023/251/251 9024/263/263
f 9025/211/211 9026/210/210 9027/243/243
f 9028/241/241 9029/236/236 9030/238/238
f 9031/226/226 9032/227/227 9033/223/223
f 9034/224/224 9035/223/223 9036/199/199
f 9037/194/194 9038/193/193 9039/216/216
f 9040/213/213 9041/209/209 9042/210/210
f 9043/198/198 9044/199/199 9045/201/201
f 9046/196/196 9047/191/191 9048/193/193
f 9049/160/160 9050/161/161 9051/154/154
f 9052/165/165 9053/158/158 9054/160/160
f 9055/152/152 9056/155/155 9057/105/105
f 9058/152/152 9059/154/154 9060/161/161
f 9061/101/101 9062/108/108 9063/109/109
f 9064/104/104 9065/105/105 9066/107/107
f 9067/99/99 9068/98/98 9069/16/16
f 9070/91/91 9071/93/93 9072/109/109
f 9073/68/68 9074/71/71 9075/1267/1185
f 9076/65/65 9077/1/1 9078/11/11
f 9079/23/23 9080/22/22 9081/6/6
f 9082/17/17 9083/16/16 9084/98/98
f 9085/3/3 9086/12/12 9087/11/11
f 9088/6/6 9089/22/22 9090/7/7
f 9091/102/102 9092/107/107 9093/1268/1186
f 9094/1270/1188 9095/252/252 9096/253/253
f 9097/1272/1190 9098/675/638 9099/672/635
f 9100/812/775 9101/811/774 9102/1274/1192
f 9103/1276/1194 9104/690/653 9105/1151/1092
f 9106/1277/1195 9107/1151/1092 9108/1152/1093
f 9109/1279/1197 9110/885/767 9111/883/839
f 9112/1280/1198 9113/883/839 9114/884/840
f 9115/1282/1200 9116/1281/1199 9117/884/840
f 9118/1282/1200 9119/879/835 9120/878/834
f 9121/1275/1193 9122/1291/1208 9123/701/664
f 9124/811/774 9125/805/768 9126/1284/1202
f 9127/1284/1202 9128/805/768 9129/802/765
f 9130/1285/1203 9131/802/765 9132/804/767
f 9133/1287/1204 9134/710/673 9135/693/656
f 9136/1289/1206 9137/138/138 9138/710/673
f 9139/1290/1207 9140/695/658 9141/701/664
f 9142/1288/1205 9143/693/656 9144/695/658
f 9145/1292/1209 9146/674/637 9147/688/651
f 9148/1293/1210 9149/688/651 9150/690/653
f 9151/1283/1201 9152/878/834 9153/675/638
f 9154/1273/1191 9155/672/635 9156/674/637
f 9157/517/499 9158/520/502 9159/1294/1211
f 9160/1295/1212 9161/1278/1196 9162/1152/1093
f 9163/320/314 9164/321/315 9165/1296/1213
f 9166/1298/1215 9167/315/309 9168/320/314
f 9169/1299/1216 9170/313/307 9171/315/309
f 9172/1299/1216 9173/1309/1225 9174/106/106
f 9175/253/253 9176/254/254 9177/1300/1217
f 9178/1301/1218 9179/248/248 9180/252/252
f 9181/1302/1219 9182/244/244 9183/248/248
f 9184/1302/1219 9185/1311/1213 9186/1303/315
f 9187/1304/1220 9188/1306/1222 9189/123/123
f 9190/136/136 9191/138/138 9192/1289/1206
f 9193/1305/1221 9194/1300/1217 9195/254/254
f 9196/124/124 9197/123/123 9198/1306/1222
f 9199/118/118 9200/121/121 9201/1307/1223
f 9202/1308/1224 9203/1294/1211 9204/520/502
f 9205/107/107 9206/106/106 9207/1309/1225
f 9208/1269/1187 9209/1307/1223 9210/121/121
f 9211/1269/1187 9212/1268/1186 9213/108/108
f 9214/1271/1189 9215/255/255 9216/257/257
f 9217/670/633 9218/678/641 9219/1272/1190
f 9220/1275/1193 9221/1274/1192 9222/816/779
f 9223/1277/1195 9224/1150/1091 9225/686/649
f 9226/1278/1196 9227/515/497 9228/1150/1091
f 9229/1281/1199 9230/881/837 9231/887/842
f 9232/1280/1198 9233/887/842 9234/889/772
f 9235/1283/1201 9236/679/642 9237/882/838
f 9238/882/838 9239/881/837 9240/1281/1199
f 9241/1274/1192 9242/1284/1202 9243/808/771
f 9244/1275/1193 9245/814/777 9246/699/662
f 9247/1286/1197 9248/809/772 9249/807/770
f 9250/1285/1203 9251/807/770 9252/808/771
f 9253/1287/1204 9254/1288/1205 9255/698/661
f 9256/711/674 9257/139/139 9258/1289/1206
f 9259/1291/1208 9260/699/662 9261/696/659
f 9262/1290/1207 9263/696/659 9264/698/661
f 9265/1293/1210 9266/687/650 9267/692/655
f 9268/1276/1194 9269/686/649 9270/687/650
f 9271/678/641 9272/679/642 9273/1283/1201
f 9274/1292/1209 9275/692/655 9276/670/633
f 9277/1295/1212 9278/1294/1211 9279/116/116
f 9280/516/498 9281/515/497 9282/1278/1196
f 9283/322/316 9284/316/310 9285/1298/1215
f 9286/1297/1214 9287/1296/1213 9288/1310/250
f 9289/317/311 9290/318/312 9291/1309/1225
f 9292/1298/1215 9293/316/310 9294/317/311
f 9295/1270/1188 9296/257/257 9297/256/256
f 9298/1271/1189 9299/1300/1217 9300/128/128
f 9301/249/249 9302/250/250 9303/1311/1213
f 9304/1302/1219 9305/1301/1218 9306/256/256
f 9307/141/141 9308/142/142 9309/1306/1222
f 9310/1289/1206 9311/139/139 9312/141/141
f 9313/125/125 9314/128/128 9315/1300/1217
f 9316/1305/1221 9317/1306/1222 9318/142/142
f 9319/1308/1224 9320/1307/1223 9321/100/100
f 9322/117/117 9323/116/116 9324/1294/1211
f 9325/1268/1186 9326/1309/1225 9327/318/312
f 9328/101/101 9329/100/100 9330/1307/1223
f 9331/1312/1226 9332/91/91 9333/94/94
f 9334/1314/1228 9335/1343/1257 9336/236/236
f 9337/1315/1229 9338/1333/1247 9339/665/628
f 9340/1316/1230 9341/798/761 9342/795/758
f 9343/1318/1232 9344/684/647 9345/1147/1088
f 9346/1319/1233 9347/1147/1088 9348/1148/1089
f 9349/1321/1235 9350/1356/1242 9351/874/752
f 9352/873/830 9353/872/829 9354/1322/1236
f 9355/1323/1237 9356/1322/1236 9357/872/829
f 9358/867/824 9359/866/823 9360/1324/1238
f 9361/1325/1239 9362/708/671 9363/798/761
f 9364/1317/1231 9365/795/758 9366/790/753
f 9367/1326/1240 9368/790/753 9369/787/750
f 9370/1327/1241 9371/787/750 9372/789/752
f 9373/714/677 9374/702/665 9375/1329/1243
f 9376/1330/1244 9377/1349/1262 9378/147/147
f 9379/1331/1245 9380/703/666 9381/708/671
f 9382/1329/1243 9383/702/665 9384/703/666
f 9385/1332/1246 9386/1334/1248 9387/663/626
f 9388/1332/1246 9389/682/645 9390/684/647
f 9391/1333/1247 9392/1324/1238 9393/866/823
f 9394/664/627 9395/663/626 9396/1334/1248
f 9397/511/493 9398/514/496 9399/1335/1249
f 9400/1336/1250 9401/1320/1234 9402/1148/1089
f 9403/1337/1251 9404/307/302 9405/309/304
f 9406/1339/1253 9407/304/299 9408/307/302
f 9409/1340/1254 9410/302/297 9411/304/299
f 9412/1341/1255 9413/96/96 9414/302/297
f 9415/241/241 9416/240/240 9417/1342/1256
f 9418/1343/1257 9419/1344/1258 9420/231/231
f 9421/228/228 9422/231/231 9423/1344/1258
f 9424/1345/1259 9425/1358/1252 9426/1346/304
f 9427/1347/1260 9428/131/131 9429/145/145
f 9430/1348/1261 9431/145/145 9432/147/147
f 9433/1350/1263 9434/1342/1256 9435/240/240
f 9436/130/130 9437/131/131 9438/1347/1260
f 9439/112/112 9440/115/115 9441/1351/1264
f 9442/1352/1265 9443/1335/1249 9444/514/496
f 9445/1313/1227 9446/94/94 9447/96/96
f 9448/1312/1226 9449/1351/1264 9450/115/115
f 9451/261/261 9452/264/264 9453/265/265
f 9454/820/783 9455/819/782 9456/826/789
f 9457/999/949 9458/974/925 9459/1258/1176
f 9460/935/886 9461/934/885 9462/1181/1115
f 9463/554/527 9464/363/355 9465/364/356
f 9466/1067/1015 9467/1236/1157 9468/1235/1156
f 9469/1180/1114 9470/1181/1115 9471/1183/881
f 9472/1008/958 9473/1007/957 9474/1354/1267
f 9475/997/947 9476/998/948 9477/932/883
f 9478/1260/1178 9479/974/925 9480/976/927
f 9481/937/888 9482/932/883 9483/934/885
f 9484/929/880 9485/930/881 9486/825/788
f 9487/819/782 9488/818/781 9489/825/788
f 9490/824/787 9491/823/786 9492/741/704
f 9493/742/705 9494/745/708 9495/738/701
f 9496/744/707 9497/180/180 9498/179/179
f 9499/735/698 9500/741/704 9501/823/786
f 9502/739/702 9503/738/701 9504/745/708
f 9505/551/526 9506/553/350 9507/1355/351
f 9508/403/392 9509/402/391 9510/362/354
f 9511/363/355 9512/362/354 9513/402/391
f 9514/358/350 9515/258/258 9516/266/266
f 9517/260/260 9518/265/265 9519/266/266
f 9520/175/175 9521/174/174 9522/264/264
f 9523/177/177 9524/181/181 9525/172/172
f 9526/179/179 9527/180/180 9528/181/181
f 9529/169/169 9530/173/173 9531/174/174
f 9532/171/171 9533/172/172 9534/173/173
f 9535/1313/1227 9536/99/99 9537/88/88
f 9538/242/242 9539/243/243 9540/1343/1257
f 9541/661/624 9542/669/632 9543/1333/1247
f 9544/1317/1231 9545/801/764 9546/799/762
f 9547/1319/1233 9548/1146/1087 9549/680/643
f 9550/1320/1234 9551/509/491 9552/1146/1087
f 9553/1321/1235 9554/1322/1236 9555/869/826
f 9556/876/832 9557/875/831 9558/1356/1242
f 9559/1323/1237 9560/1324/1238 9561/668/631
f 9562/870/827 9563/869/826 9564/1322/1236
f 9565/1326/1240 9566/793/756 9567/801/764
f 9568/1316/1230 9569/799/762 9570/706/669
f 9571/1327/1241 9572/1328/1242 9573/1357/831
f 9574/1327/1241 9575/792/755 9576/793/756
f 9577/1329/1243 9578/705/668 9579/715/678
f 9580/715/678 9581/148/148 9582/1349/1262
f 9583/1325/1239 9584/706/669 9585/704/667
f 9586/1331/1245 9587/704/667 9588/705/668
f 9589/681/644 9590/659/622 9591/1334/1248
f 9592/1318/1232 9593/680/643 9594/681/644
f 9595/669/632 9596/668/631 9597/1324/1238
f 9598/1315/1229 9599/1334/1248 9600/659/622
f 9601/1336/1250 9602/1335/1249 9603/110/110
f 9604/510/492 9605/509/491 9606/1320/1234
f 9607/1337/1251 9608/311/305 9609/305/300
f 9610/1338/1252 9611/310/235 9612/311/305
f 9613/1340/1254 9614/306/301 9615/97/97
f 9616/1339/1253 9617/305/300 9618/306/301
f 9619/243/243 9620/232/232 9621/1344/1258
f 9622/1314/1228 9623/1342/1256 9624/134/134
f 9625/1345/1259 9626/233/233 9627/235/235
f 9628/1345/1259 9629/1344/1258 9630/232/232
f 9631/149/149 9632/150/150 9633/1347/1260
f 9634/1349/1262 9635/148/148 9636/149/149
f 9637/132/132 9638/134/134 9639/1342/1256
f 9640/1350/1263 9641/1347/1260 9642/150/150
f 9643/1352/1265 9644/1351/1264 9645/90/90
f 9646/111/111 9647/110/110 9648/1335/1249
f 9649/1341/1255 9650/97/97 9651/99/99
f 9652/1312/1226 9653/88/88 9654/90/90
f 9655/1359/1268 9656/17/17 9657/18/18
f 9658/1361/1270 9659/1391/1299 9660/209/209
f 9661/1362/1271 9662/1382/1290 9663/593/556
f 9664/1363/1272 9665/774/737 9666/771/734
f 9667/1365/1274 9668/609/572 9669/1140/1081
f 9670/1366/1275 9671/1140/1081 9672/1141/1082
f 9673/1368/1277 9674/1401/1284 9675/1369/728
f 9676/850/811 9677/849/810 9678/1370/1278
f 9679/1371/1279 9680/1370/1278 9681/849/810
f 9682/844/805 9683/843/804 9684/1372/1280
f 9685/1373/1281 9686/620/583 9687/774/737
f 9688/1364/1273 9689/771/734 9690/772/735
f 9691/1374/1282 9692/772/735 9693/766/729
f 9694/766/729 9695/765/728 9696/1376/1284
f 9697/1377/1285 9698/628/591 9699/611/574
f 9700/1377/1285 9701/1397/1304 9702/54/54
f 9703/1379/1287 9704/613/576 9705/620/583
f 9706/1378/1286 9707/611/574 9708/613/576
f 9709/1380/1288 9710/592/555 9711/607/570
f 9712/1381/1289 9713/607/570 9714/609/572
f 9715/1382/1290 9716/1372/1280 9717/843/804
f 9718/1362/1271 9719/590/553 9720/592/555
f 9721/501/483 9722/504/486 9723/1383/1291
f 9724/1384/1292 9725/1367/1276 9726/1141/1082
f 9727/1385/1293 9728/287/286 9729/289/202
f 9730/1387/1295 9731/284/283 9732/287/286
f 9733/1388/1296 9734/282/281 9735/284/283
f 9736/1389/1297 9737/20/20 9738/282/281
f 9739/213/213 9740/212/212 9741/1390/1298
f 9742/1391/1299 9743/1393/1301 9744/206/206
f 9745/1392/1300 9746/204/204 9747/206/206
f 9748/1394/1294 9749/202/202 9750/204/204
f 9751/1395/1302 9752/38/38 9753/52/52
f 9754/1396/1303 9755/52/52 9756/54/54
f 9757/1398/1305 9758/1390/1298 9759/212/212
f 9760/39/39 9761/38/38 9762/1395/1302
f 9763/34/34 9764/15/15 9765/1399/1306
f 9766/1400/1307 9767/1383/1291 9768/504/486
f 9769/1360/1269 9770/18/18 9771/20/20
f 9772/1359/1268 9773/1399/1306 9774/15/15
f 9775/1360/1269 9776/23/23 9777/14/14
f 9778/214/214 9779/216/216 9780/1391/1299
f 9781/589/552 9782/597/560 9783/1382/1290
f 9784/1364/1273 9785/777/740 9786/775/738
f 9787/1366/1275 9788/1139/1080 9789/605/568
f 9790/1367/1276 9791/500/482 9792/1139/1080
f 9793/1368/1277 9794/1370/1278 9795/846/807
f 9796/1368/1277 9797/852/812 9798/854/733
f 9799/1371/1279 9800/1372/1280 9801/596/559
f 9802/847/808 9803/846/807 9804/1370/1278
f 9805/1374/1282 9806/769/732 9807/777/740
f 9808/1363/1272 9809/775/738 9810/617/580
f 9811/1376/1284 9812/770/733 9813/768/731
f 9814/1375/1283 9815/768/731 9816/769/732
f 9817/1378/1286 9818/616/579 9819/631/594
f 9820/631/594 9821/55/55 9822/1397/1304
f 9823/1373/1281 9824/617/580 9825/614/577
f 9826/1379/1287 9827/614/577 9828/616/579
f 9829/1381/1289 9830/606/569 9831/587/550
f 9832/1365/1274 9833/605/568 9834/606/569
f 9835/597/560 9836/596/559 9837/1372/1280
f 9838/1380/1288 9839/587/550 9840/589/552
f 9841/1384/1292 9842/1383/1291 9843/32/32
f 9844/1384/1292 9845/498/480 9846/500/482
f 9847/1385/1293 9848/290/287 9849/292/288
f 9850/1385/1293 9851/1386/1294 9852/1402/208
f 9853/1388/1296 9854/285/284 9855/21/21
f 9856/1387/1295 9857/292/288 9858/285/284
f 9859/216/216 9860/215/215 9861/1393/1301
f 9862/1361/1270 9863/1390/1298 9864/43/43
f 9865/207/207 9866/208/208 9867/1394/1294
f 9868/1392/1300 9869/1393/1301 9870/215/215
f 9871/57/57 9872/58/58 9873/1395/1302
f 9874/1397/1304 9875/55/55 9876/57/57
f 9877/40/40 9878/43/43 9879/1390/1298
f 9880/1398/1305 9881/1395/1302 9882/58/58
f 9883/1400/1307 9884/1399/1306 9885/13/13
f 9886/33/33 9887/32/32 9888/1383/1291
f 9889/1389/1297 9890/21/21 9891/23/23
f 9892/14/14 9893/13/13 9894/1399/1306
f 9895/4/4 9896/7/7 9897/12/12
f 9898/197/197 9899/201/201 9900/191/191
f 9901/584/547 9902/583/546 9903/578/541
f 9904/760/723 9905/759/722 9906/756/719
f 9907/1096/1039 9908/1101/1044 9909/602/565
f 9910/1099/1042 9911/453/436 9912/452/435
f 9913/840/801 9914/837/711 9915/836/799
f 9916/836/799 9917/829/792 9918/833/796
f 9919/833/796 9920/829/792 9921/827/790
f 9922/831/794 9923/827/790 9924/581/544
f 9925/761/724 9926/627/590 9927/759/722
f 9928/763/726 9929/756/719 9930/749/712
f 9931/753/716 9932/749/712 9933/746/709
f 9934/751/714 9935/746/709 9936/748/711
f 9937/633/596 9938/639/602 9939/623/586
f 9940/637/600 9941/636/599 9942/60/60
f 9943/624/587 9944/621/584 9945/627/590
f 9946/624/587 9947/623/586 9948/639/602
f 9949/575/538 9950/580/543 9951/603/566
f 9952/598/561 9953/603/566 9954/602/565
f 9955/586/549 9956/581/544 9957/583/546
f 9958/577/540 9959/578/541 9960/580/543
f 9961/450/433 9962/455/438 9963/456/439
f 9964/452/435 9965/453/436 9966/455/438
f 9967/275/275 9968/276/276 9969/1404/190
f 9970/271/271 9971/270/270 9972/275/275
f 9973/273/273 9974/268/268 9975/270/270
f 9976/10/10 9977/9/9 9978/268/268
f 9979/196/196 9980/195/195 9981/50/50
f 9982/201/201 9983/200/200 9984/186/186
f 9985/183/183 9986/186/186 9987/200/200
f 9988/187/187 9989/190/190 9990/1405/276
f 9991/62/62 9992/47/47 9993/45/45
f 9994/61/61 9995/60/60 9996/636/599
f 9997/49/49 9998/50/50 9999/195/195
f 10000/46/46 10001/45/45 10002/47/47
f 10003/27/27 10004/30/30 10005/2/2
f 10006/26/26 10007/456/439 10008/27/27
f 10009/7/7 10010/9/9 10011/10/10
f 10012/3/3 10013/2/2 10014/30/30
f 10015/1236/1157 10016/403/392 10017/404/393
f 10018/419/408 10019/420/409 10020/1232/1153
f 10021/1224/1145 10022/1225/1146 10023/392/382
f 10024/417/406 10025/418/407 10026/1226/1147
f 10027/1228/1149 10028/1227/1148 10029/416/405
f 10030/415/404 10031/416/405 10032/1227/1148
f 10033/1229/1150 10034/1230/1151 10035/1406/389
f 10036/406/395 10037/408/397 10038/1240/1161
f 10039/1231/1152 10040/1232/1153 10041/420/409
f 10042/1234/1155 10043/405/394 10044/401/390
f 10045/1407/1308 10046/396/386 10047/405/394
f 10048/1235/1156 10049/404/393 10050/397/387
f 10051/1233/1154 10052/401/390 10053/403/392
f 10054/398/388 10055/400/389 10056/1408/1151
f 10057/1237/1158 10058/1238/1159 10059/397/387
f 10060/1239/1160 10061/395/385 10062/396/386
f 10063/1239/1160 10064/1240/1161 10065/408/397
f 10066/393/383 10067/394/384 10068/1243/1164
f 10069/1241/1162 10070/1226/1147 10071/418/407
f 10072/391/381 10073/392/382 10074/1225/1146
f 10075/1242/1163 10076/1243/1164 10077/394/384
f 10078/1353/1266 10079/1258/1176 10080/998/948
f 10081/1254/1172 10082/1011/961 10083/1065/1013
f 10084/1247/1165 10085/1065/1013 10086/965/916
f 10087/1250/1168 10088/1249/1167 10089/973/924
f 10090/1250/1168 10091/1031/981 10092/1025/975
f 10093/1409/1309 10094/1025/975 10095/1024/974
f 10096/1251/1169 10097/1024/974 10098/1023/973
f 10099/1262/1180 10100/980/931 10101/1009/959
f 10102/1253/1171 10103/1009/959 10104/1011/961
f 10105/1256/1174 10106/1255/1173 10107/996/946
f 10108/1003/953 10109/1002/952 10110/1410/1310
f 10111/1258/1176 10112/1257/1175 10113/987/938
f 10114/997/947 10115/996/946 10116/1255/1173
f 10117/1259/1177 10118/2368/1170 10119/1411/973
f 10120/988/939 10121/987/938 10122/1257/1175
f 10123/1261/1179 10124/1410/1310 10125/1002/952
f 10126/981/932 10127/980/931 10128/1262/1180
f 10129/1265/1183 10130/964/915 10131/972/923
f 10132/972/923 10133/973/924 10134/1249/1167
f 10135/1248/1166 10136/965/916 10137/963/914
f 10138/1264/1182 10139/963/914 10140/964/915
f 10141/1412/1311 10142/1831/1724 10143/1413/1312
f 10144/1415/1314 10145/1905/1798 10146/1416/1315
f 10147/1418/1317 10148/1427/1326 10149/1419/1318
f 10150/1421/1320 10151/1426/1325 10152/1422/1321
f 10153/1423/1322 10154/2344/2188 10155/1424/1323
f 10156/1425/1324 10157/1454/1353 10158/1426/1325
f 10159/1427/1326 10160/2349/2192 10161/1428/1327
f 10162/1419/1318 10163/1428/1327 10164/1429/1328
f 10165/1431/1330 10166/1915/1807 10167/1417/1316
f 10168/1420/1319 10169/1419/1318 10170/1430/1329
f 10171/1433/1332 10172/1436/1335 10173/1434/1333
f 10174/1436/1335 10175/1452/1351 10176/1437/1336
f 10177/1438/1337 10178/1768/1363 10179/1439/1338
f 10180/1440/1339 10181/1443/1342 10182/1441/1340
f 10183/1443/1342 10184/1916/1808 10185/1444/1343
f 10186/1445/1344 10187/2347/2191 10188/1441/1340
f 10189/1446/1345 10190/1450/1349 10191/1447/1346
f 10192/1436/1335 10193/1433/1332 10194/1449/1348
f 10195/1450/1349 10196/1449/1348 10197/1451/1350
f 10198/1452/1351 10199/1436/1335 10200/1450/1349
f 10201/1453/1352 10202/1426/1325 10203/1454/1353
f 10204/1432/1331 10205/1430/1329 10206/1456/1355
f 10207/1453/1352 10208/1460/1359 10209/1458/1357
f 10210/1459/1358 10211/1422/1321 10212/1426/1325
f 10213/1455/1354 10214/1467/1365 10215/1460/1359
f 10216/1430/1329 10217/1429/1328 10218/1461/1360
f 10219/1456/1355 10220/1461/1360 10221/1462/1361
f 10222/1464/1337 10223/1427/1326 10224/1418/1317
f 10225/1457/1356 10226/1456/1355 10227/1463/1362
f 10228/1414/1313 10229/1460/1359 10230/1467/1365
f 10231/1414/1313 10232/1413/1312 10233/1468/1366
f 10234/1469/1367 10235/1458/1357 10236/1460/1359
f 10237/1470/1368 10238/1472/1370 10239/1434/1333
f 10240/1463/1362 10241/1462/1361 10242/1471/1369
f 10243/1472/1370 10244/1471/1369 10245/1435/1334
f 10246/1466/1364 10247/1463/1362 10248/1472/1370
f 10249/1421/1320 10250/1424/1323 10251/1439/1338
f 10252/1473/1371 10253/1479/1377 10254/1474/1372
f 10255/1475/1373 10256/1492/1390 10257/1476/1374
f 10258/1473/1371 10259/1476/1374 10260/1477/1375
f 10261/1478/1376 10262/1800/1694 10263/1479/1377
f 10264/1480/1378 10265/1487/1385 10266/1481/1379
f 10267/1480/1378 10268/1482/1380 10269/1483/1381
f 10270/1480/1378 10271/1484/1382 10272/1485/1383
f 10273/1486/1384 10274/1802/1696 10275/1487/1385
f 10276/1488/1386 10277/1493/1391 10278/1489/1387
f 10279/1490/1388 10280/1505/1403 10281/1491/1389
f 10282/1488/1386 10283/1491/1389 10284/1492/1390
f 10285/1475/1373 10286/1474/1372 10287/1493/1391
f 10288/1484/1382 10289/1483/1381 10290/1494/1392
f 10291/1495/1393 10292/1494/1392 10293/1496/1394
f 10294/1495/1393 10295/1497/1395 10296/1498/1396
f 10297/1499/1397 10298/1485/1383 10299/1484/1382
f 10300/1500/1398 10301/1506/1404 10302/1501/1399
f 10303/1500/1398 10304/1502/1400 10305/1503/1401
f 10306/1500/1398 10307/1504/1402 10308/1505/1403
f 10309/1490/1388 10310/1489/1387 10311/1506/1404
f 10312/1497/1395 10313/1496/1394 10314/1507/1405
f 10315/1508/1406 10316/1507/1405 10317/1509/1407
f 10318/1508/1406 10319/1510/1408 10320/1511/1409
f 10321/1512/1410 10322/1498/1396 10323/1497/1395
f 10324/1513/1411 10325/1517/1415 10326/1514/1412
f 10327/1515/1413 10328/1576/1474 10329/1516/1414
f 10330/1513/1411 10331/1516/1414 10332/1503/1401
f 10333/1502/1400 10334/1501/1399 10335/1517/1415
f 10336/1518/1416 10337/1510/1408 10338/1509/1407
f 10339/1518/1416 10340/1519/1417 10341/1520/1418
f 10342/1521/1419 10343/1532/1430 10344/1522/1420
f 10345/1522/1420 10346/1511/1409 10347/1510/1408
f 10348/1523/1421 10349/2248/2121 10350/1524/1422
f 10351/1524/1422 10352/1584/1482 10353/1526/1424
f 10354/1526/1424 10355/1576/1474 10356/1515/1413
f 10357/1525/1423 10358/1515/1413 10359/1514/1412
f 10360/1521/1419 10361/1520/1418 10362/1527/1425
f 10363/1528/1426 10364/1527/1425 10365/1529/1427
f 10366/1530/1428 10367/2090/1978 10368/1531/1429
f 10369/1528/1426 10370/1531/1429 10371/1532/1430
f 10372/1533/1431 10373/1539/1437 10374/1534/1432
f 10375/1535/1433 10376/1596/1494 10377/1536/1434
f 10378/1533/1431 10379/1536/1434 10380/1537/1435
f 10381/1538/1436 10382/2079/1967 10383/1539/1437
f 10384/1540/1438 10385/1546/1444 10386/1541/1439
f 10387/1542/1440 10388/1602/1500 10389/1543/1441
f 10390/1540/1438 10391/1543/1441 10392/1544/1442
f 10393/1545/1443 10394/2270/2140 10395/1546/1444
f 10396/1547/1445 10397/1560/1458 10398/1548/1446
f 10399/1549/1447 10400/1548/1446 10401/1550/1448
f 10402/1551/1449 10403/1477/1375 10404/1476/1374
f 10405/1549/1447 10406/1476/1374 10407/1492/1390
f 10408/1482/1380 10409/1481/1379 10410/1552/1450
f 10411/1553/1451 10412/1552/1450 10413/1554/1452
f 10414/1555/1453 10415/1613/1511 10416/1556/1454
f 10417/1553/1451 10418/1556/1454 10419/1483/1381
f 10420/1557/1455 10421/1617/1515 10422/1558/1456
f 10423/1559/1457 10424/1558/1456 10425/1560/1458
f 10426/1547/1445 10427/1492/1390 10428/1491/1389
f 10429/1559/1457 10430/1491/1389 10431/1505/1403
f 10432/1561/1459 10433/1494/1392 10434/1483/1381
f 10435/1556/1454 10436/1613/1511 10437/1562/1460
f 10438/1561/1459 10439/1562/1460 10440/1563/1461
f 10441/1564/1462 10442/1496/1394 10443/1494/1392
f 10444/1565/1463 10445/1568/1466 10446/1566/1464
f 10447/1567/1465 10448/1617/1515 10449/1557/1455
f 10450/1557/1455 10451/1505/1403 10452/1504/1402
f 10453/1504/1402 10454/1503/1401 10455/1568/1466
f 10456/1569/1467 10457/1507/1405 10458/1496/1394
f 10459/1564/1462 10460/1563/1461 10461/1570/1468
f 10462/1569/1467 10463/1570/1468 10464/1571/1469
f 10465/1572/1470 10466/1509/1407 10467/1507/1405
f 10468/1573/1471 10469/1583/1481 10470/1574/1472
f 10471/1575/1473 10472/1574/1472 10473/1566/1464
f 10474/1568/1466 10475/1503/1401 10476/1516/1414
f 10477/1575/1473 10478/1516/1414 10479/1576/1474
f 10480/1577/1475 10481/1519/1417 10482/1509/1407
f 10483/1577/1475 10484/1572/1470 10485/1571/1469
f 10486/1578/1476 10487/1587/1485 10488/1579/1477
f 10489/1577/1475 10490/1579/1477 10491/1520/1418
f 10492/1580/1478 10493/1585/1483 10494/1581/1479
f 10495/1580/1478 10496/1582/1480 10497/1583/1481
f 10498/1573/1471 10499/1576/1474 10500/1526/1424
f 10501/1580/1478 10502/1526/1424 10503/1584/1482
f 10504/1586/1484 10505/1527/1425 10506/1520/1418
f 10507/1586/1484 10508/1579/1477 10509/1587/1485
f 10510/1586/1484 10511/1588/1486 10512/1589/1487
f 10513/1590/1488 10514/1529/1427 10515/1527/1425
f 10516/1591/1489 10517/1650/1548 10518/1592/1490
f 10519/1593/1491 10520/1592/1490 10521/1594/1492
f 10522/1595/1493 10523/1537/1435 10524/1536/1434
f 10525/1593/1491 10526/1536/1434 10527/1596/1494
f 10528/1542/1440 10529/1541/1439 10530/1597/1495
f 10531/1598/1496 10532/1597/1495 10533/1599/1497
f 10534/1600/1498 10535/1656/1554 10536/1601/1499
f 10537/1598/1496 10538/1601/1499 10539/1602/1500
f 10540/1603/1501 10541/1607/1505 10542/1604/1502
f 10543/1605/1503 10544/2369/2194 10545/1606/1504
f 10546/1603/1501 10547/1606/1504 10548/1550/1448
f 10549/1603/1501 10550/1548/1446 10551/1560/1458
f 10552/1608/1506 10553/1555/1453 10554/1554/1452
f 10555/1609/1507 10556/1862/1755 10557/1610/1508
f 10558/1608/1506 10559/1610/1508 10560/1611/1509
f 10561/1608/1506 10562/1612/1510 10563/1613/1511
f 10564/1614/1512 10565/1625/1523 10566/1615/1513
f 10567/1615/1513 10568/1604/1502 10569/1607/1505
f 10570/1607/1505 10571/1560/1458 10572/1558/1456
f 10573/1616/1514 10574/1558/1456 10575/1617/1515
f 10576/1618/1516 10577/1562/1460 10578/1613/1511
f 10579/1612/1510 10580/1611/1509 10581/1619/1517
f 10582/1618/1516 10583/1619/1517 10584/1620/1518
f 10585/1621/1519 10586/1563/1461 10587/1562/1460
f 10588/1622/1520 10589/1633/1531 10590/1623/1521
f 10591/1624/1522 10592/1623/1521 10593/1625/1523
f 10594/1624/1522 10595/1614/1512 10596/1617/1515
f 10597/1567/1465 10598/1566/1464 10599/1622/1520
f 10600/1626/1524 10601/1570/1468 10602/1563/1461
f 10603/1621/1519 10604/1620/1518 10605/1627/1525
f 10606/1626/1524 10607/1627/1525 10608/1628/1526
f 10609/1629/1527 10610/1571/1469 10611/1570/1468
f 10612/1630/1528 10613/1640/1538 10614/1631/1529
f 10615/1632/1530 10616/1631/1529 10617/1633/1531
f 10618/1622/1520 10619/1566/1464 10620/1574/1472
f 10621/1632/1530 10622/1574/1472 10623/1583/1481
f 10624/1578/1476 10625/1571/1469 10626/1629/1527
f 10627/1634/1532 10628/1629/1527 10629/1628/1526
f 10630/1635/1533 10631/1642/1540 10632/1636/1534
f 10633/1634/1532 10634/1636/1534 10635/1587/1485
f 10636/1637/1535 10637/1692/1590 10638/1638/1536
f 10639/1639/1537 10640/1638/1536 10641/1640/1538
f 10642/1630/1528 10643/1583/1481 10644/1582/1480
f 10645/1582/1480 10646/1581/1479 10647/1637/1535
f 10648/1588/1486 10649/1587/1485 10650/1636/1534
f 10651/1641/1539 10652/1636/1534 10653/1642/1540
f 10654/1643/1541 10655/1697/1595 10656/1644/1542
f 10657/1644/1542 10658/1589/1487 10659/1588/1486
f 10660/1645/1543 10661/1703/1601 10662/1646/1544
f 10663/1647/1545 10664/1646/1544 10665/1648/1546
f 10666/1649/1547 10667/1594/1492 10668/1592/1490
f 10669/1647/1545 10670/1592/1490 10671/1650/1548
f 10672/1651/1549 10673/1600/1498 10674/1599/1497
f 10675/1651/1549 10676/1652/1550 10677/1653/1551
f 10678/1654/1552 10679/2370/2195 10680/1655/1553
f 10681/1651/1549 10682/1655/1553 10683/1656/1554
f 10684/1657/1555 10685/1661/1559 10686/1658/1556
f 10687/1659/1557 10688/1713/1611 10689/1660/1558
f 10690/1660/1558 10691/2369/2194 10692/1605/1503
f 10693/1657/1555 10694/1605/1503 10695/1604/1502
f 10696/1610/1508 10697/1862/1755 10698/1662/1560
f 10699/1663/1561 10700/1662/1560 10701/1664/1562
f 10702/1665/1563 10703/1726/1624 10704/1666/1564
f 10705/1663/1561 10706/1666/1564 10707/1611/1509
f 10708/1667/1565 10709/1732/1630 10710/1668/1566
f 10711/1668/1566 10712/1658/1556 10713/1661/1559
f 10714/1661/1559 10715/1604/1502 10716/1615/1513
f 10717/1669/1567 10718/1615/1513 10719/1625/1523
f 10720/1670/1568 10721/1619/1517 10722/1611/1509
f 10723/1666/1564 10724/1726/1624 10725/1671/1569
f 10726/1670/1568 10727/1671/1569 10728/1672/1570
f 10729/1673/1571 10730/1620/1518 10731/1619/1517
f 10732/1674/1572 10733/1677/1575 10734/1675/1573
f 10735/1676/1574 10736/1732/1630 10737/1667/1565
f 10738/1674/1572 10739/1667/1565 10740/1625/1523
f 10741/1623/1521 10742/1633/1531 10743/1677/1575
f 10744/1678/1576 10745/1627/1525 10746/1620/1518
f 10747/1673/1571 10748/1672/1570 10749/1679/1577
f 10750/1678/1576 10751/1679/1577 10752/1680/1578
f 10753/1681/1579 10754/1628/1526 10755/1627/1525
f 10756/1682/1580 10757/1691/1589 10758/1683/1581
f 10759/1683/1581 10760/1675/1573 10761/1677/1575
f 10762/1677/1575 10763/1633/1531 10764/1631/1529
f 10765/1684/1582 10766/1631/1529 10767/1640/1538
f 10768/1635/1533 10769/1628/1526 10770/1681/1579
f 10771/1685/1583 10772/1681/1579 10773/1680/1578
f 10774/1686/1584 10775/1694/1592 10776/1687/1585
f 10777/1685/1583 10778/1687/1585 10779/1642/1540
f 10780/1688/1586 10781/1747/1645 10782/1689/1587
f 10783/1690/1588 10784/1689/1587 10785/1691/1589
f 10786/1682/1580 10787/1640/1538 10788/1638/1536
f 10789/1690/1588 10790/1638/1536 10791/1692/1590
f 10792/1643/1541 10793/1642/1540 10794/1687/1585
f 10795/1693/1591 10796/1687/1585 10797/1694/1592
f 10798/1695/1593 10799/1751/1649 10800/1696/1594
f 10801/1693/1591 10802/1696/1594 10803/1697/1595
f 10804/1698/1596 10805/1758/1656 10806/1699/1597
f 10807/1700/1598 10808/1699/1597 10809/1701/1599
f 10810/1702/1600 10811/1648/1546 10812/1646/1544
f 10813/1700/1598 10814/1646/1544 10815/1703/1601
f 10816/1654/1552 10817/1653/1551 10818/1704/1602
f 10819/1705/1603 10820/1704/1602 10821/1706/1604
f 10822/1705/1603 10823/1707/1605 10824/1708/1606
f 10825/1709/1607 10826/2370/2195 10827/1654/1552
f 10828/1710/1608 10829/1875/1768 10830/1711/1609
f 10831/1712/1610 10832/1711/1609 10833/1713/1611
f 10834/1659/1557 10835/1658/1556 10836/1714/1612
f 10837/1712/1610 10838/1714/1612 10839/1715/1613
f 10840/1716/1614 10841/1726/1624 10842/1665/1563
f 10843/1717/1615 10844/1665/1563 10845/1664/1562
f 10846/1718/1616 10847/1879/1772 10848/1719/1617
f 10849/1717/1615 10850/1719/1617 10851/1720/1618
f 10852/1721/1619 10853/1715/1613 10854/1714/1612
f 10855/1722/1620 10856/1714/1612 10857/1658/1556
f 10858/1668/1566 10859/1732/1630 10860/1723/1621
f 10861/1722/1620 10862/1723/1621 10863/1724/1622
f 10864/1725/1623 10865/1729/1627 10866/1672/1570
f 10867/1725/1623 10868/1671/1569 10869/1726/1624
f 10870/1716/1614 10871/1720/1618 10872/1727/1625
f 10873/1725/1623 10874/1727/1625 10875/1728/1626
f 10876/1730/1628 10877/1724/1622 10878/1723/1621
f 10879/1731/1629 10880/1723/1621 10881/1732/1630
f 10882/1676/1574 10883/1675/1573 10884/1733/1631
f 10885/1731/1629 10886/1733/1631 10887/1734/1632
f 10888/1735/1633 10889/1680/1578 10890/1679/1577
f 10891/1679/1577 10892/1672/1570 10893/1729/1627
f 10894/1736/1634 10895/1729/1627 10896/1728/1626
f 10897/1736/1634 10898/1737/1635 10899/1738/1636
f 10900/1739/1637 10901/1734/1632 10902/1733/1631
f 10903/1740/1638 10904/1733/1631 10905/1675/1573
f 10906/1683/1581 10907/1691/1589 10908/1741/1639
f 10909/1740/1638 10910/1741/1639 10911/1742/1640
f 10912/1743/1641 10913/1745/1643 10914/1694/1592
f 10915/1743/1641 10916/1686/1584 10917/1680/1578
f 10918/1735/1633 10919/1738/1636 10920/1744/1642
f 10921/1744/1642 10922/1752/1650 10923/1745/1643
f 10924/1746/1644 10925/1749/1647 10926/1742/1640
f 10927/1741/1639 10928/1691/1589 10929/1689/1587
f 10930/1746/1644 10931/1689/1587 10932/1747/1645
f 10933/1748/1646 10934/2011/1902 10935/1749/1647
f 10936/1750/1648 10937/1754/1652 10938/1751/1649
f 10939/1695/1593 10940/1694/1592 10941/1745/1643
f 10942/1750/1648 10943/1745/1643 10944/1752/1650
f 10945/1753/1651 10946/2015/1906 10947/1754/1652
f 10948/1755/1653 10949/2028/1919 10950/1756/1654
f 10951/1756/1654 10952/1701/1599 10953/1699/1597
f 10954/1757/1655 10955/1699/1597 10956/1758/1656
f 10957/1759/1657 10958/2371/2196 10959/1755/1653
f 10960/1760/1658 10961/1764/1662 10962/1708/1606
f 10963/1707/1605 10964/1706/1604 10965/1761/1659
f 10966/1760/1658 10967/1761/1659 10968/1762/1660
f 10969/1763/1661 10970/2035/1926 10971/1764/1662
f 10972/1765/1663 10973/1776/1668 10974/1766/1664
f 10975/1768/1363 10976/1765/1663 10977/1767/1665
f 10978/1465/1363 10979/1418/1317 10980/1769/1666
f 10981/1770/1663 10982/1769/1666 10983/1771/1667
f 10984/1773/1669 10985/1807/1701 10986/1774/1670
f 10987/1776/1668 10988/1773/1669 10989/1775/1671
f 10990/1777/1672 10991/1779/1669 10992/1772/1668
f 10993/1778/1673 10994/1810/1701 10995/1779/1669
f 10996/1780/1674 10997/1793/1687 10998/1781/1675
f 10999/1782/1676 11000/1781/1675 11001/1767/1665
f 11002/1766/1664 11003/1775/1671 11004/1783/1677
f 11005/1782/1676 11006/1783/1677 11007/1784/1678
f 11008/1785/1679 11009/1777/1672 11010/1771/1667
f 11011/1786/1680 11012/1771/1667 11013/1769/1666
f 11014/1787/1681 11015/1797/1691 11016/1788/1682
f 11017/1786/1680 11018/1788/1682 11019/1789/1683
f 11020/1790/1684 11021/1780/1674 11022/1784/1678
f 11023/1791/1685 11024/1800/1694 11025/1478/1376
f 11026/1478/1376 11027/1477/1375 11028/1792/1686
f 11029/1790/1684 11030/1792/1686 11031/1793/1687
f 11032/1794/1688 11033/1481/1379 11034/1487/1385
f 11035/1487/1385 11036/1802/1696 11037/1796/1690
f 11038/1795/1689 11039/1796/1690 11040/1789/1683
f 11041/1795/1689 11042/1788/1682 11043/1797/1691
f 11044/1798/1692 11045/1783/1677 11046/1775/1671
f 11047/1774/1670 11048/1808/1702 11049/1799/1693
f 11050/1798/1692 11051/1799/1693 11052/1800/1694
f 11053/1791/1685 11054/1784/1678 11055/1783/1677
f 11056/1801/1695 11057/1796/1690 11058/1802/1696
f 11059/1803/1697 11060/1809/1703 11061/1778/1673
f 11062/1801/1695 11063/1778/1673 11064/1777/1672
f 11065/1785/1679 11066/1789/1683 11067/1796/1690
f 11068/1804/1698 11069/1941/1793 11070/1805/1699
f 11071/1807/1701 11072/2294/1960 11073/1808/1702
f 11074/1809/1703 11075/2071/1960 11076/1810/1701
f 11077/1811/1704 11078/1903/1796 11079/1812/1705
f 11080/1814/1707 11081/1818/1711 11082/1815/1708
f 11083/1816/1709 11084/1767/1665 11085/1781/1675
f 11086/1814/1707 11087/1781/1675 11088/1793/1687
f 11089/1817/1710 11090/1825/1718 11091/1818/1711
f 11092/1819/1712 11093/1823/1716 11094/1797/1691
f 11095/1787/1681 11096/1769/1666 11097/1820/1713
f 11098/1819/1712 11099/1820/1713 11100/1821/1714
f 11101/1822/1715 11102/1828/1721 11103/1823/1716
f 11104/1824/1717 11105/1826/1719 11106/1825/1718
f 11107/1817/1710 11108/1793/1687 11109/1792/1686
f 11110/1824/1717 11111/1792/1686 11112/1477/1375
f 11113/1551/1449 11114/1550/1448 11115/1826/1719
f 11116/1827/1720 11117/1552/1450 11118/1481/1379
f 11119/1794/1688 11120/1797/1691 11121/1823/1716
f 11122/1827/1720 11123/1823/1716 11124/1828/1721
f 11125/1827/1720 11126/1829/1722 11127/1554/1452
f 11128/1816/1709 11129/1815/1708 11130/1454/1353
f 11131/1425/1324 11132/1439/1338 11133/1767/1665
f 11134/1432/1331 11135/1821/1714 11136/1820/1713
f 11137/1420/1319 11138/1820/1713 11139/1769/1666
f 11140/1830/1723 11141/1838/1731 11142/1831/1724
f 11143/1412/1311 11144/1467/1365 11145/1832/1725
f 11146/1437/1336 11147/1843/1736 11148/1833/1726
f 11149/1470/1368 11150/1833/1726 11151/1834/1727
f 11152/1835/1728 11153/1886/1779 11154/1836/1729
f 11155/1837/1730 11156/1836/1729 11157/1838/1731
f 11158/1830/1723 11159/1832/1725 11160/1839/1732
f 11161/1837/1730 11162/1839/1732 11163/1840/1733
f 11164/1841/1734 11165/1834/1727 11166/1833/1726
f 11167/1842/1735 11168/1833/1726 11169/1843/1736
f 11170/1844/1737 11171/1863/1756 11172/1845/1738
f 11173/1842/1735 11174/1845/1738 11175/1846/1739
f 11176/1847/1740 11177/1832/1725 11178/1467/1365
f 11179/1455/1354 11180/1454/1353 11181/1815/1708
f 11182/1466/1364 11183/1834/1727 11184/1848/1741
f 11185/1457/1356 11186/1848/1741 11187/1821/1714
f 11188/1849/1742 11189/1840/1733 11190/1839/1732
f 11191/1850/1743 11192/1839/1732 11193/1832/1725
f 11194/1847/1740 11195/1815/1708 11196/1818/1711
f 11197/1850/1743 11198/1818/1711 11199/1825/1718
f 11200/1822/1715 11201/1821/1714 11202/1848/1741
f 11203/1851/1744 11204/1848/1741 11205/1834/1727
f 11206/1841/1734 11207/1846/1739 11208/1852/1745
f 11209/1851/1744 11210/1852/1745 11211/1828/1721
f 11212/1853/1746 11213/1854/1747 11214/1840/1733
f 11215/1849/1742 11216/1825/1718 11217/1826/1719
f 11218/1853/1746 11219/1826/1719 11220/1550/1448
f 11221/1606/1504 11222/2369/2194 11223/1854/1747
f 11224/1855/1748 11225/1609/1507 11226/1554/1452
f 11227/1829/1722 11228/1828/1721 11229/1852/1745
f 11230/1855/1748 11231/1852/1745 11232/1846/1739
f 11233/1856/1749 11234/1862/1755 11235/1609/1507
f 11236/1857/1750 11237/1886/1779 11238/1835/1728
f 11239/1835/1728 11240/1840/1733 11241/1854/1747
f 11242/1854/1747 11243/2369/2194 11244/1859/1752
f 11245/1858/1751 11246/1859/1752 11247/1860/1753
f 11248/1861/1754 11249/1865/1758 11250/1862/1755
f 11251/1856/1749 11252/1846/1739 11253/1845/1738
f 11254/1861/1754 11255/1845/1738 11256/1863/1756
f 11257/1864/1757 11258/1870/1763 11259/1865/1758
f 11260/1866/1759 11261/1868/1761 11262/1860/1753
f 11263/1859/1752 11264/2369/2194 11265/1660/1558
f 11266/1866/1759 11267/1660/1558 11268/1713/1611
f 11269/1867/1760 11270/1874/1767 11271/1868/1761
f 11272/1869/1762 11273/1872/1765 11274/1664/1562
f 11275/1662/1560 11276/1862/1755 11277/1865/1758
f 11278/1869/1762 11279/1865/1758 11280/1870/1763
f 11281/1871/1764 11282/1880/1773 11283/1872/1765
f 11284/1873/1766 11285/1877/1770 11286/1874/1767
f 11287/1867/1760 11288/1713/1611 11289/1711/1609
f 11290/1873/1766 11291/1711/1609 11292/1875/1768
f 11293/1876/1769 11294/1897/1790 11295/1877/1770
f 11296/1878/1771 11297/1882/1775 11298/1879/1772
f 11299/1718/1616 11300/1664/1562 11301/1872/1765
f 11302/1878/1771 11303/1872/1765 11304/1880/1773
f 11305/1881/1774 11306/1805/1699 11307/1882/1775
f 11308/1883/1776 11309/1442/1341 11310/1831/1724
f 11311/1838/1731 11312/1836/1729 11313/1884/1777
f 11314/1452/1351 11315/1887/1780 11316/1843/1736
f 11317/1885/1778 11318/1884/1777 11319/1836/1729
f 11320/1887/1780 11321/1889/1782 11322/1844/1737
f 11323/1886/1779 11324/1857/1750 11325/1888/1781
f 11326/1889/1782 11327/1891/1784 11328/1863/1756
f 11329/1890/1783 11330/1888/1781 11331/1857/1750
f 11332/1891/1784 11333/1892/1785 11334/1864/1757
f 11335/1868/1761 11336/1893/1786 11337/1890/1783
f 11338/1892/1785 11339/1894/1787 11340/1870/1763
f 11341/1874/1767 11342/1895/1788 11343/1893/1786
f 11344/1894/1787 11345/1896/1789 11346/1871/1764
f 11347/1877/1770 11348/1898/1791 11349/1895/1788
f 11350/1896/1789 11351/1935/1827 11352/1880/1773
f 11353/1897/1790 11354/1901/1794 11355/1898/1791
f 11356/1880/1773 11357/1935/1827 11358/1899/1792
f 11359/1900/1793 11360/2343/1698 11361/1901/1794
f 11362/1881/1774 11363/1899/1792 11364/1806/1700
f 11365/1902/1795 11366/1812/1705 11367/1903/1796
f 11368/1904/1797 11369/1416/1315 11370/1905/1798
f 11371/1906/1798 11372/2332/1314 11373/1907/1799
f 11374/1440/1339 11375/1911/1803 11376/1909/1801
f 11377/1442/1341 11378/1883/1776 11379/1911/1803
f 11380/1448/1347 11381/1922/1814 11382/1912/1804
f 11383/1446/1345 11384/1912/1804 11385/1887/1780
f 11386/1913/1805 11387/1415/1314 11388/1417/1316
f 11389/1915/1807 11390/1917/1809 11391/1914/1806
f 11392/1448/1347 11393/1447/1346 11394/1915/1807
f 11395/1440/1339 11396/1910/1802 11397/1916/1808
f 11398/1447/1346 11399/1451/1350 11400/1917/1809
f 11401/1918/1810 11402/1926/1818 11403/1919/1811
f 11404/1920/1812 11405/1919/1811 11406/1909/1801
f 11407/1920/1812 11408/1911/1803 11409/1883/1776
f 11410/1884/1777 11411/1885/1778 11412/1918/1810
f 11413/1889/1782 11414/1887/1780 11415/1912/1804
f 11416/1921/1813 11417/1912/1804 11418/1922/1814
f 11419/1923/1815 11420/1929/1821 11421/1924/1816
f 11422/1921/1813 11423/1924/1816 11424/1891/1784
f 11425/1925/1817 11426/1927/1819 11427/1926/1818
f 11428/1925/1817 11429/1918/1810 11430/1885/1778
f 11431/1888/1781 11432/1890/1783 11433/1893/1786
f 11434/1925/1817 11435/1893/1786 11436/1895/1788
f 11437/1928/1820 11438/1896/1789 11439/1894/1787
f 11440/1892/1785 11441/1891/1784 11442/1924/1816
f 11443/1928/1820 11444/1924/1816 11445/1929/1821
f 11446/1930/1822 11447/1935/1827 11448/1896/1789
f 11449/1931/1823 11450/2338/2184 11451/1932/1824
f 11452/1933/1825 11453/1932/1824 11454/1926/1818
f 11455/1927/1819 11456/1895/1788 11457/1898/1791
f 11458/1933/1825 11459/1898/1791 11460/1901/1794
f 11461/1934/1826 11462/1899/1792 11463/1935/1827
f 11464/1930/1822 11465/1929/1821 11466/1936/1828
f 11467/1934/1826 11468/1936/1828 11469/1811/1704
f 11470/1937/1829 11471/1806/1700 11472/1899/1792
f 11473/1416/1315 11474/1904/1797 11475/1938/1830
f 11476/1431/1330 11477/1938/1830 11478/1922/1814
f 11479/1923/1815 11480/1922/1814 11481/1938/1830
f 11482/1939/1831 11483/1938/1830 11484/1904/1797
f 11485/1903/1796 11486/1811/1704 11487/1936/1828
f 11488/1939/1831 11489/1936/1828 11490/1929/1821
f 11491/1897/1790 11492/2058/1949 11493/1940/1832
f 11494/1941/1793 11495/2065/1832 11496/1942/1833
f 11497/1943/1834 11498/1958/1849 11499/1944/1835
f 11500/1945/1836 11501/1944/1835 11502/1946/1837
f 11503/1947/1838 11504/1875/1768 11505/1710/1608
f 11506/1945/1836 11507/1710/1608 11508/1715/1613
f 11509/1719/1617 11510/1879/1772 11511/1948/1839
f 11512/1949/1840 11513/1948/1839 11514/1950/1841
f 11515/1951/1842 11516/1964/1855 11517/1952/1843
f 11518/1952/1843 11519/1720/1618 11520/1719/1617
f 11521/1953/1844 11522/2173/2061 11523/1954/1845
f 11524/1955/1846 11525/1954/1845 11526/1956/1847
f 11527/1957/1848 11528/1946/1837 11529/1944/1835
f 11530/1955/1846 11531/1944/1835 11532/1958/1849
f 11533/1951/1842 11534/1950/1841 11535/1959/1850
f 11536/1960/1851 11537/1959/1850 11538/1961/1852
f 11539/1962/1853 11540/2351/2180 11541/1963/1854
f 11542/1960/1851 11543/1963/1854 11544/1964/1855
f 11545/1965/1856 11546/1968/1859 11547/1966/1857
f 11548/1967/1858 11549/1958/1849 11550/1943/1834
f 11551/1965/1856 11552/1943/1834 11553/1715/1613
f 11554/1721/1619 11555/1724/1622 11556/1968/1859
f 11557/1969/1860 11558/1727/1625 11559/1720/1618
f 11560/1952/1843 11561/1964/1855 11562/1970/1861
f 11563/1970/1861 11564/1976/1867 11565/1971/1862
f 11566/1971/1862 11567/1728/1626 11568/1727/1625
f 11569/1972/1863 11570/2002/1893 11571/1973/1864
f 11572/1974/1865 11573/1973/1864 11574/1966/1857
f 11575/1974/1865 11576/1968/1859 11577/1724/1622
f 11578/1730/1628 11579/1734/1632 11580/1972/1863
f 11581/1737/1635 11582/1728/1626 11583/1971/1862
f 11584/1975/1866 11585/1971/1862 11586/1976/1867
f 11587/1977/1868 11588/1990/1881 11589/1978/1869
f 11590/1975/1866 11591/1978/1869 11592/1738/1636
f 11593/1979/1870 11594/1984/1875 11595/1980/1871
f 11596/1979/1870 11597/1981/1872 11598/1982/1873
f 11599/1983/1874 11600/1966/1857 11601/1973/1864
f 11602/1973/1864 11603/2002/1893 11604/1984/1875
f 11605/1977/1868 11606/1976/1867 11607/1985/1876
f 11608/1986/1877 11609/1985/1876 11610/1987/1878
f 11611/1988/1879 11612/2372/2092 11613/1989/1880
f 11614/1986/1877 11615/1989/1880 11616/1990/1881
f 11617/1991/1882 11618/1994/1885 11619/1992/1883
f 11620/1993/1884 11621/2002/1893 11622/1972/1863
f 11623/1991/1882 11624/1972/1863 11625/1734/1632
f 11626/1739/1637 11627/1742/1640 11628/1994/1885
f 11629/1995/1886 11630/1744/1642 11631/1738/1636
f 11632/1978/1869 11633/1990/1881 11634/1996/1887
f 11635/1995/1886 11636/1996/1887 11637/1997/1888
f 11638/1998/1889 11639/1752/1650 11640/1744/1642
f 11641/1999/1890 11642/2003/1894 11643/2000/1891
f 11644/2001/1892 11645/1980/1871 11646/1984/1875
f 11647/1999/1890 11648/1984/1875 11649/2002/1893
f 11650/1993/1884 11651/1992/1883 11652/2003/1894
f 11653/2004/1895 11654/1996/1887 11655/1990/1881
f 11656/1989/1880 11657/2372/2092 11658/2005/1896
f 11659/2004/1895 11660/2005/1896 11661/2006/1897
f 11662/2007/1898 11663/1997/1888 11664/1996/1887
f 11665/2008/1899 11666/2019/1910 11667/2009/1900
f 11668/2010/1901 11669/2009/1900 11670/1992/1883
f 11671/1994/1885 11672/1742/1640 11673/1749/1647
f 11674/2010/1901 11675/1749/1647 11676/2011/1902
f 11677/1753/1651 11678/1752/1650 11679/1998/1889
f 11680/2012/1903 11681/1998/1889 11682/1997/1888
f 11683/2013/1904 11684/2023/1914 11685/2014/1905
f 11686/2012/1903 11687/2014/1905 11688/2015/1906
f 11689/2016/1907 11690/2164/2052 11691/2017/1908
f 11692/2017/1908 11693/2000/1891 11694/2003/1894
f 11695/2018/1909 11696/2003/1894 11697/1992/1883
f 11698/2018/1909 11699/2009/1900 11700/2019/1910
f 11701/2013/1904 11702/1997/1888 11703/2007/1898
f 11704/2007/1898 11705/2006/1897 11706/2021/1912
f 11707/2021/1912 11708/2166/2054 11709/2022/1913
f 11710/2020/1911 11711/2022/1913 11712/2023/1914
f 11713/2024/1915 11714/2029/1920 11715/2025/1916
f 11716/2026/1917 11717/2141/2029 11718/2027/1918
f 11719/2024/1915 11720/2027/1918 11721/2028/1919
f 11722/1755/1653 11723/2371/2196 11724/2029/1920
f 11725/1763/1661 11726/1762/1660 11727/2030/1921
f 11728/2031/1922 11729/2030/1921 11730/2032/1923
f 11731/2033/1924 11732/2047/1938 11733/2034/1925
f 11734/2031/1922 11735/2034/1925 11736/2035/1926
f 11737/2036/1927 11738/2041/1932 11739/2037/1928
f 11740/2036/1927 11741/2038/1929 11742/2039/1930
f 11743/2040/1931 11744/2141/2029 11745/2026/1917
f 11746/2026/1917 11747/2025/1916 11748/2041/1932
f 11749/2033/1924 11750/2032/1923 11751/2042/1933
f 11752/2043/1934 11753/2042/1933 11754/2044/1935
f 11755/2045/1936 11756/2373/2133 11757/2046/1937
f 11758/2043/1934 11759/2046/1937 11760/2047/1938
f 11761/2048/1939 11762/2060/1951 11763/2049/1940
f 11764/2050/1941 11765/2049/1940 11766/1946/1837
f 11767/1957/1848 11768/1956/1847 11769/2051/1942
f 11770/2050/1941 11771/2051/1942 11772/2052/1943
f 11773/2053/1944 11774/2057/1948 11775/1961/1852
f 11776/1959/1850 11777/1950/1841 11778/2054/1945
f 11779/2053/1944 11780/2054/1945 11781/2055/1946
f 11782/2056/1947 11783/2073/1961 11784/2057/1948
f 11785/2058/1949 11786/1897/1790 11787/1876/1769
f 11788/2059/1950 11789/1876/1769 11790/1875/1768
f 11791/1947/1838 11792/1946/1837 11793/2049/1940
f 11794/2059/1950 11795/2049/1940 11796/2060/1951
f 11797/2061/1952 11798/2054/1945 11799/1950/1841
f 11800/1948/1839 11801/1879/1772 11802/1882/1775
f 11803/1882/1775 11804/1805/1699 11805/1942/1833
f 11806/2061/1952 11807/1942/1833 11808/2055/1946
f 11809/2062/1953 11810/1940/1832 11811/2058/1949
f 11812/2060/1951 11813/2048/1939 11814/2063/1954
f 11815/2064/1953 11816/2072/1954 11817/2056/1947
f 11818/2065/1832 11819/2064/1953 11820/2055/1946
f 11821/2066/1955 11822/2063/1954 11823/2048/1939
f 11824/2067/1956 11825/2288/2154 11826/2068/1957
f 11827/2070/1959 11828/2374/1957 11829/2071/1960
f 11830/2072/1954 11831/2375/1955 11832/2073/1961
f 11833/1538/1436 11834/1537/1435 11835/2074/1962
f 11836/2075/1963 11837/2074/1962 11838/2076/1964
f 11839/2077/1965 11840/2088/1976 11841/2078/1966
f 11842/2075/1963 11843/2078/1966 11844/2079/1967
f 11845/2080/1968 11846/2084/1972 11847/2081/1969
f 11848/2082/1970 11849/2092/1980 11850/2083/1971
f 11851/2080/1968 11852/2083/1971 11853/1541/1439
f 11854/1546/1444 11855/2270/2140 11856/2084/1972
f 11857/2077/1965 11858/2076/1964 11859/2085/1973
f 11860/2086/1974 11861/2085/1973 11862/1584/1482
f 11863/1524/1422 11864/2248/2121 11865/2087/1975
f 11866/2086/1974 11867/2087/1975 11868/2088/1976
f 11869/2089/1977 11870/2093/1981 11871/2090/1978
f 11872/1530/1428 11873/1529/1427 11874/2091/1979
f 11875/2089/1977 11876/2091/1979 11877/2092/1980
f 11878/2082/1970 11879/2081/1969 11880/2093/1981
f 11881/1595/1493 11882/1594/1492 11883/2094/1982
f 11884/2095/1983 11885/2094/1982 11886/2096/1984
f 11887/2097/1985 11888/2076/1964 11889/2074/1962
f 11890/2095/1983 11891/2074/1962 11892/1537/1435
f 11893/2098/1986 11894/2083/1971 11895/2092/1980
f 11896/2099/1987 11897/2105/1993 11898/2100/1988
f 11899/2100/1988 11900/1599/1497 11901/1597/1495
f 11902/1597/1495 11903/1541/1439 11904/2083/1971
f 11905/2097/1985 11906/2096/1984 11907/2101/1989
f 11908/2101/1989 11909/1581/1479 11910/1585/1483
f 11911/1585/1483 11912/1584/1482 11913/2085/1973
f 11914/2102/1990 11915/2085/1973 11916/2076/1964
f 11917/2103/1991 11918/2091/1979 11919/1529/1427
f 11920/1590/1488 11921/1589/1487 11922/2104/1992
f 11923/2103/1991 11924/2104/1992 11925/2105/1993
f 11926/2099/1987 11927/2092/1980 11928/2091/1979
f 11929/1649/1547 11930/1648/1546 11931/2106/1994
f 11932/2107/1995 11933/2106/1994 11934/2108/1996
f 11935/2109/1997 11936/2096/1984 11937/2094/1982
f 11938/2107/1995 11939/2094/1982 11940/1594/1492
f 11941/2110/1998 11942/2100/1988 11943/2105/1993
f 11944/2111/1999 11945/2117/2005 11946/2112/2000
f 11947/2110/1998 11948/2112/2000 11949/1653/1551
f 11950/1652/1550 11951/1599/1497 11952/2100/1988
f 11953/2109/1997 11954/2108/1996 11955/2113/2001
f 11956/2114/2002 11957/2113/2001 11958/1692/1590
f 11959/2114/2002 11960/1637/1535 11961/1581/1479
f 11962/2101/1989 11963/2096/1984 11964/2109/1997
f 11965/2115/2003 11966/2104/1992 11967/1589/1487
f 11968/1644/1542 11969/1697/1595 11970/2116/2004
f 11971/2115/2003 11972/2116/2004 11973/2117/2005
f 11974/2111/1999 11975/2105/1993 11976/2104/1992
f 11977/1702/1600 11978/1701/1599 11979/2118/2006
f 11980/2119/2007 11981/2118/2006 11982/2120/2008
f 11983/2121/2009 11984/2108/1996 11985/2106/1994
f 11986/2119/2007 11987/2106/1994 11988/1648/1546
f 11989/2112/2000 11990/2117/2005 11991/2122/2010
f 11992/2123/2011 11993/2122/2010 11994/2124/2012
f 11995/2125/2013 11996/1706/1604 11997/1704/1602
f 11998/2123/2011 11999/1704/1602 12000/1653/1551
f 12001/2121/2009 12002/2120/2008 12003/2126/2014
f 12004/2127/2015 12005/2126/2014 12006/1747/1645
f 12007/1688/1586 12008/1692/1590 12009/2113/2001
f 12010/2127/2015 12011/2113/2001 12012/2108/1996
f 12013/2116/2004 12014/1697/1595 12015/1696/1594
f 12016/2128/2016 12017/1696/1594 12018/1751/1649
f 12019/2129/2017 12020/2124/2012 12021/2122/2010
f 12022/2128/2016 12023/2122/2010 12024/2117/2005
f 12025/1748/1646 12026/1747/1645 12027/2126/2014
f 12028/2130/2018 12029/2126/2014 12030/2120/2008
f 12031/2131/2019 12032/2144/2032 12033/2132/2020
f 12034/2130/2018 12035/2132/2020 12036/2011/1902
f 12037/2133/2021 12038/2146/2034 12039/2134/2022
f 12040/2135/2023 12041/2134/2022 12042/2124/2012
f 12043/2129/2017 12044/1751/1649 12045/1754/1652
f 12046/2135/2023 12047/1754/1652 12048/2015/1906
f 12049/2131/2019 12050/2120/2008 12051/2118/2006
f 12052/2136/2024 12053/2118/2006 12054/1701/1599
f 12055/2136/2024 12056/1756/1654 12057/2028/1919
f 12058/2137/2025 12059/2144/2032 12060/2131/2019
f 12061/2138/2026 12062/1762/1660 12063/1761/1659
f 12064/2139/2027 12065/1761/1659 12066/1706/1604
f 12067/2125/2013 12068/2124/2012 12069/2134/2022
f 12070/2134/2022 12071/2146/2034 12072/2138/2026
f 12073/2140/2028 12074/2027/1918 12075/2141/2029
f 12076/2142/2030 12077/2150/2038 12078/2143/2031
f 12079/2140/2028 12080/2143/2031 12081/2144/2032
f 12082/2137/2025 12083/2028/1919 12084/2027/1918
f 12085/2145/2033 12086/2138/2026 12087/2146/2034
f 12088/2147/2035 12089/2168/2056 12090/2148/2036
f 12091/2148/2036 12092/2032/1923 12093/2030/1921
f 12094/2145/2033 12095/2030/1921 12096/1762/1660
f 12097/2149/2037 12098/2143/2031 12099/2150/2038
f 12100/2149/2037 12101/2151/2039 12102/2019/1910
f 12103/2149/2037 12104/2008/1899 12105/2011/1902
f 12106/2132/2020 12107/2144/2032 12108/2143/2031
f 12109/2133/2021 12110/2015/1906 12111/2014/1905
f 12112/2152/2040 12113/2014/1905 12114/2023/1914
f 12115/2153/2041 12116/2168/2056 12117/2147/2035
f 12118/2152/2040 12119/2147/2035 12120/2146/2034
f 12121/2040/1931 12122/2039/1930 12123/2154/2042
f 12124/2155/2043 12125/2154/2042 12126/2156/2044
f 12127/2157/2045 12128/2150/2038 12129/2142/2030
f 12130/2155/2043 12131/2142/2030 12132/2141/2029
f 12133/2148/2036 12134/2168/2056 12135/2158/2046
f 12136/2159/2047 12137/2158/2046 12138/2160/2048
f 12139/2161/2049 12140/2044/1935 12141/2042/1933
f 12142/2159/2047 12143/2042/1933 12144/2032/1923
f 12145/2157/2045 12146/2156/2044 12147/2162/2050
f 12148/2163/2051 12149/2162/2050 12150/2164/2052
f 12151/2016/1907 12152/2019/1910 12153/2151/2039
f 12154/2163/2051 12155/2151/2039 12156/2150/2038
f 12157/2153/2041 12158/2023/1914 12159/2022/1913
f 12160/2165/2053 12161/2022/1913 12162/2166/2054
f 12163/2167/2055 12164/2160/2048 12165/2158/2046
f 12166/2165/2053 12167/2158/2046 12168/2168/2056
f 12169/1983/1874 12170/1982/1873 12171/2169/2057
f 12172/1970/1861 12173/1964/1855 12174/1963/1854
f 12175/2172/2060 12176/1987/1878 12177/1985/1876
f 12178/2173/2061 12179/1953/1844 12180/2170/2058
f 12181/2170/2058 12182/1967/1858 12183/1966/1857
f 12184/2174/2062 12185/2178/2066 12186/2175/2063
f 12187/2176/2064 12188/1474/1372 12189/1479/1377
f 12190/1479/1377 12191/1800/1694 12192/2177/2065
f 12193/2177/2065 12194/2287/2153 12195/2178/2066
f 12196/2179/2067 12197/1802/1696 12198/1486/1384
f 12199/2180/2068 12200/1486/1384 12201/1485/1383
f 12202/2180/2068 12203/2181/2069 12204/2182/2070
f 12205/2183/2071 12206/2282/2150 12207/2179/2067
f 12208/2184/2072 12209/2189/2057 12210/2185/1873
f 12211/2186/2073 12212/2197/2081 12213/2187/2074
f 12214/2184/2072 12215/2187/2074 12216/2175/2063
f 12217/2188/2075 12218/2329/2061 12219/2189/2057
f 12220/2190/2076 12221/2195/2079 12222/2182/2070
f 12223/2191/2077 12224/2201/2085 12225/2192/2078
f 12226/2190/2076 12227/2192/2078 12228/2193/1878
f 12229/2194/2060 12230/2330/2180 12231/2195/2079
f 12232/2196/2080 12233/2187/2074 12234/2197/2081
f 12235/2198/2082 12236/1489/1387 12237/1493/1391
f 12238/2196/2080 12239/1493/1391 12240/1474/1372
f 12241/2176/2064 12242/2175/2063 12243/2187/2074
f 12244/2199/2083 12245/2181/2069 12246/1485/1383
f 12247/1499/1397 12248/1498/1396 12249/2200/2084
f 12250/2199/2083 12251/2200/2084 12252/2201/2085
f 12253/2191/2077 12254/2182/2070 12255/2181/2069
f 12256/2202/2086 12257/2206/1872 12258/2203/1871
f 12259/2204/2087 12260/2213/2094 12261/2205/2088
f 12262/2202/2086 12263/2205/2088 12264/2197/2081
f 12265/2186/2073 12266/2185/1873 12267/2206/1872
f 12268/2207/2089 12269/2192/2078 12270/2201/2085
f 12271/2208/2090 12272/2217/2098 12273/2209/2091
f 12274/2207/2089 12275/2209/2091 12276/2210/2092
f 12277/2211/1879 12278/2193/1878 12279/2192/2078
f 12280/2212/2093 12281/2205/2088 12282/2213/2094
f 12283/2214/2095 12284/1501/1399 12285/1506/1404
f 12286/2212/2093 12287/1506/1404 12288/1489/1387
f 12289/2198/2082 12290/2197/2081 12291/2205/2088
f 12292/2215/2096 12293/2200/2084 12294/1498/1396
f 12295/1512/1410 12296/1511/1409 12297/2216/2097
f 12298/2215/2096 12299/2216/2097 12300/2217/2098
f 12301/2208/2090 12302/2201/2085 12303/2200/2084
f 12304/2218/1892 12305/2237/1891 12306/2219/2099
f 12307/2220/2100 12308/2219/2099 12309/2221/2101
f 12310/2222/2102 12311/2213/2094 12312/2204/2087
f 12313/2220/2100 12314/2204/2087 12315/2203/1871
f 12316/2223/2103 12317/2209/2091 12318/2217/2098
f 12319/2223/2103 12320/2224/2104 12321/2225/2105
f 12322/2226/2106 12323/2245/1897 12324/2227/1896
f 12325/2223/2103 12326/2227/1896 12327/2210/2092
f 12328/2222/2102 12329/2221/2101 12330/2228/2107
f 12331/2229/2108 12332/2228/2107 12333/1514/1412
f 12334/2229/2108 12335/1517/1415 12336/1501/1399
f 12337/2229/2108 12338/2214/2095 12339/2213/2094
f 12340/2230/2109 12341/2216/2097 12342/1511/1409
f 12343/2230/2109 12344/1522/1420 12345/1532/1430
f 12346/2231/2110 12347/2225/2105 12348/2224/2104
f 12349/2230/2109 12350/2224/2104 12351/2217/2098
f 12352/2232/2111 12353/2238/1908 12354/2233/2052
f 12355/2232/2111 12356/2234/2112 12357/2235/2113
f 12358/2236/2114 12359/2221/2101 12360/2219/2099
f 12361/2232/2111 12362/2219/2099 12363/2237/1891
f 12364/2226/2106 12365/2225/2105 12366/2239/2115
f 12367/2240/2116 12368/2239/2115 12369/2241/2117
f 12370/2240/2116 12371/2242/2118 12372/2243/2054
f 12373/2240/2116 12374/2244/1912 12375/2245/1897
f 12376/2236/2114 12377/2235/2113 12378/2246/2119
f 12379/2247/2120 12380/2246/2119 12381/2248/2121
f 12382/1523/1421 12383/1514/1412 12384/2228/2107
f 12385/2247/2120 12386/2228/2107 12387/2221/2101
f 12388/2231/2110 12389/1532/1430 12390/1531/1429
f 12391/2249/2122 12392/1531/1429 12393/2090/1978
f 12394/2250/2123 12395/2241/2117 12396/2239/2115
f 12397/2249/2122 12398/2239/2115 12399/2225/2105
f 12400/2251/2124 12401/2257/1929 12402/2252/1928
f 12403/2253/2125 12404/2266/2136 12405/2254/2126
f 12406/2251/2124 12407/2254/2126 12408/2255/2127
f 12409/2256/2128 12410/2317/1930 12411/2257/1929
f 12412/2258/2129 12413/2264/2134 12414/2259/2130
f 12415/2260/2131 12416/2376/2197 12417/2261/2132
f 12418/2258/2129 12419/2261/2132 12420/2262/2133
f 12421/2263/1936 12422/2322/1935 12423/2264/2134
f 12424/2265/2135 12425/2254/2126 12426/2266/2136
f 12427/2267/2137 12428/1534/1432 12429/1539/1437
f 12430/2265/2135 12431/1539/1437 12432/2079/1967
f 12433/2268/2138 12434/2255/2127 12435/2254/2126
f 12436/2269/2139 12437/2272/2142 12438/2270/2140
f 12439/1545/1443 12440/1544/1442 12441/2271/2141
f 12442/2271/2141 12443/2376/2197 12444/2260/2131
f 12445/2269/2139 12446/2260/2131 12447/2259/2130
f 12448/2273/2143 12449/2278/1942 12450/2274/1847
f 12451/2275/2144 12452/2287/2153 12453/2276/2145
f 12454/2273/2143 12455/2276/2145 12456/2067/1956
f 12457/2277/2146 12458/2291/1943 12459/2278/1942
f 12460/2279/2147 12461/2290/2156 12462/2280/2148
f 12463/2281/2149 12464/2280/2148 12465/2282/2150
f 12466/2283/2151 12467/2377/1852 12468/2284/1948
f 12469/2281/2149 12470/2284/1948 12471/2285/1961
f 12472/2286/2152 12473/2276/2145 12474/2287/2153
f 12475/2177/2065 12476/1800/1694 12477/1799/1693
f 12478/2286/2152 12479/1799/1693 12480/1808/1702
f 12481/2288/2154 12482/2067/1956 12483/2276/2145
f 12484/2289/2155 12485/2070/1959 12486/1809/1703
f 12487/1803/1697 12488/1802/1696 12489/2179/2067
f 12490/2179/2067 12491/2282/2150 12492/2280/2148
f 12493/2289/2155 12494/2280/2148 12495/2290/2156
f 12496/2291/1943 12497/2277/2146 12498/2292/2157
f 12499/2288/2154 12500/1808/1702 12501/2294/1960
f 12502/2295/1955 12503/2298/2157 12504/2279/2147
f 12505/2296/2158 12506/1916/1808 12507/1910/1802
f 12508/2277/2146 12509/2067/1956 12510/2069/1958
f 12511/2290/2156 12512/2279/2147 12513/2298/2157
f 12514/1813/1706 12515/2346/2190 12516/1937/1829
f 12517/2299/1958 12518/2374/1957 12519/2070/1959
f 12520/2300/2160 12521/2305/2050 12522/2301/2044
f 12523/2300/2160 12524/2302/2161 12525/2303/2162
f 12526/2304/2163 12527/2235/2113 12528/2234/2112
f 12529/2234/2112 12530/2233/2052 12531/2305/2050
f 12532/2242/2118 12533/2241/2117 12534/2306/2164
f 12535/2307/2165 12536/2306/2164 12537/2308/2166
f 12538/2307/2165 12539/2309/2167 12540/2310/2048
f 12541/2311/2055 12542/2243/2054 12543/2242/2118
f 12544/2304/2163 12545/2303/2162 12546/2312/2168
f 12547/2313/2169 12548/2312/2168 12549/2088/1976
f 12550/2313/2169 12551/2087/1975 12552/2248/2121
f 12553/2313/2169 12554/2246/2119 12555/2235/2113
f 12556/2250/2123 12557/2090/1978 12558/2093/1981
f 12559/2314/2170 12560/2093/1981 12561/2081/1969
f 12562/2315/2171 12563/2308/2166 12564/2306/2164
f 12565/2314/2170 12566/2306/2164 12567/2241/2117
f 12568/2316/2172 12569/2319/2042 12570/2317/1930
f 12571/2316/2172 12572/2256/2128 12573/2255/2127
f 12574/2318/2173 12575/2303/2162 12576/2302/2161
f 12577/2302/2161 12578/2301/2044 12579/2319/2042
f 12580/2309/2167 12581/2308/2166 12582/2320/2174
f 12583/2321/2175 12584/2320/2174 12585/2259/2130
f 12586/2321/2175 12587/2264/2134 12588/2322/1935
f 12589/2323/2049 12590/2310/2048 12591/2309/2167
f 12592/2318/2173 12593/2255/2127 12594/2268/2138
f 12595/2324/2176 12596/2268/2138 12597/2079/1967
f 12598/2078/1966 12599/2088/1976 12600/2312/2168
f 12601/2324/2176 12602/2312/2168 12603/2303/2162
f 12604/2315/2171 12605/2081/1969 12606/2084/1972
f 12607/2325/2177 12608/2084/1972 12609/2270/2140
f 12610/2272/2142 12611/2259/2130 12612/2320/2174
f 12613/2325/2177 12614/2320/2174 12615/2308/2166
f 12616/2188/2075 12617/2175/2063 12618/2178/2066
f 12619/2183/2071 12620/2182/2070 12621/2195/2079
f 12622/2328/1853 12623/2377/1852 12624/2283/2151
f 12625/2326/2178 12626/2352/1845 12627/2329/2061
f 12628/2330/2180 12629/2328/1853 12630/2327/2179
f 12631/2327/2179 12632/2283/2151 12633/2282/2150
f 12634/2331/2181 12635/1907/1799 12636/2332/1314
f 12637/2334/1795 12638/1906/1798 12639/1908/1800
f 12640/2336/1706 12641/2342/1705 12642/2337/2183
f 12643/2296/2158 12644/1907/1799 12645/2331/2181
f 12646/2339/2185 12647/1444/1343 12648/1916/1808
f 12649/2297/2159 12650/1908/1800 12651/1907/1799
f 12652/2297/2159 12653/1910/1802 12654/1909/1801
f 12655/2340/2186 12656/2335/2182 12657/1908/1800
f 12658/2341/2187 12659/2337/2183 12660/2335/2182
f 12661/2340/2186 12662/1909/1801 12663/1919/1811
f 12664/2341/2187 12665/1919/1811 12666/1926/1818
f 12667/2341/2187 12668/1932/1824 12669/2338/2184
f 12670/2335/2182 12671/2337/2183 12672/2342/1705
f 12673/2343/1698 12674/2348/2190 12675/1931/1823
f 12676/1438/1337 12677/1424/1323 12678/2344/2188
f 12679/2346/2190 12680/1804/1698 12681/1806/1700
f 12682/1468/1366 12683/1413/1312 12684/1441/1340
f 12685/2348/2190 12686/2336/1706 12687/2338/2184
f 12688/2349/2192 12689/1427/1326 12690/1464/1337
f 12691/2171/2059 12692/1963/1854 12693/2351/2180
f 12694/1976/1867 12695/1970/1861 12696/2171/2059
f 12697/1953/1844 12698/1958/1849 12699/1967/1858
f 12700/2287/2153 12701/2275/2144 12702/2326/2178
f 12703/2275/2144 12704/2274/1847 12705/2352/1845
f 12706/1413/1312 12707/1831/1724 12708/1442/1341
