# MuJoCo material-split OBJ
v 0.153200015 1.19540024 -0.0615998581
v 0.164499909 1.19110024 -0.0703999624
v 0.156499907 1.18600023 -0.0580999628
v 0.156499907 1.18600023 -0.0580999628
v 0.152500004 1.19470024 -0.0448999628
v 0.153200015 1.19540024 -0.0615998581
v 0.157400012 1.19940031 -0.0271999612
v 0.156399906 1.18560028 -0.0415999517
v 0.162100017 1.18970025 -0.0245999619
v 0.157400012 1.19940031 -0.0271999612
v 0.170000017 1.19610023 -0.00989985466
v 0.165099904 1.20640028 -0.0105998591
v 0.199100003 1.23420024 0.0157000721
v 0.215499908 1.22550023 0.0143000707
v 0.210399911 1.24120021 0.0157000795
v 0.179199904 1.22000027 0.00890007615
v 0.190299913 1.21190023 0.0112000927
v 0.184100017 1.22470021 0.0132000744
v 0.189800009 1.22890019 0.0152001008
v 0.205200016 1.21980023 0.0146000609
v 0.199100003 1.23420024 0.0157000721
v 0.165099904 1.20640028 -0.0105998591
v 0.177999914 1.20260024 0.000700041652
v 0.172699913 1.21390021 0.00100004673
v 0.172699913 1.21390021 0.00100004673
v 0.185199916 1.2080003 0.00740004331
v 0.179199904 1.22000027 0.00890007615
v 0.179199904 1.21330023 -0.0864999518
v 0.202999905 1.2124002 -0.0846999511
v 0.182099909 1.2009002 -0.0806999579
v 0.182099909 1.2009002 -0.0806999579
v 0.160599902 1.20180023 -0.0750999525
v 0.179199904 1.21330023 -0.0864999518
v 0.221499905 1.2238003 -0.0815999582
v 0.201799914 1.22920024 -0.0908999518
v 0.220700011 1.24470019 -0.0873999521
v 0.220399916 1.20230019 -0.0787999555
v 0.202999905 1.2124002 -0.0846999511
v 0.221499905 1.2238003 -0.0815999582
v 0.221499905 1.2238003 -0.0815999582
v 0.237000018 1.2110002 -0.0705999509
v 0.220399916 1.20230019 -0.0787999555
v 0.18569991 1.18600023 -0.0761999562
v 0.164499909 1.19110024 -0.0703999624
v 0.182099909 1.2009002 -0.0806999579
v 0.182099909 1.2009002 -0.0806999579
v 0.203099906 1.19410026 -0.0804999545
v 0.18569991 1.18600023 -0.0761999562
v 0.240999997 1.22000027 0.000700041652
v 0.245100021 1.24310029 -0.00869994611
v 0.237000018 1.23920023 0.00310005248
v 0.240999997 1.22000027 0.000700041652
v 0.226299912 1.23260021 0.0115000829
v 0.230599999 1.21480024 0.0108000934
v 0.190199912 1.19530022 0.00940009207
v 0.177999914 1.20260024 0.000700041652
v 0.182699904 1.19070029 0.00240004063
v 0.182699904 1.19070029 0.00240004063
v 0.170000017 1.19610023 -0.00989985466
v 0.174599916 1.1851002 -0.00779995322
v 0.209799916 1.20480025 0.015500091
v 0.196200013 1.21540022 0.0135000646
v 0.20130001 1.20130026 0.0146000609
v 0.19539991 1.19830024 0.0127001032
v 0.185199916 1.2080003 0.00740004331
v 0.190199912 1.19530022 0.00940009207
v 0.230599999 1.21480024 0.0108000934
v 0.215499908 1.22550023 0.0143000707
v 0.219799906 1.20930028 0.0147000849
v 0.219799906 1.20930028 0.0147000849
v 0.205200016 1.21980023 0.0146000609
v 0.209799916 1.20480025 0.015500091
v 0.252400011 1.22280025 -0.0271999612
v 0.250699997 1.24250019 -0.0392999575
v 0.250200003 1.24420023 -0.0231998637
v 0.250200003 1.24420023 -0.0231998637
v 0.248899996 1.22290027 -0.0124999583
v 0.252400011 1.22280025 -0.0271999612
v 0.166199908 1.17980027 -0.0218999609
v 0.170000017 1.19610023 -0.00989985466
v 0.162100017 1.18970025 -0.0245999619
v 0.162100017 1.18970025 -0.0245999619
v 0.160400003 1.1764003 -0.0385999605
v 0.166199908 1.17980027 -0.0218999609
v 0.161199912 1.17620027 -0.0551999584
v 0.156399906 1.18560028 -0.0415999517
v 0.156499907 1.18600023 -0.0580999628
v 0.156499907 1.18600023 -0.0580999628
v 0.16960001 1.17900026 -0.0668999627
v 0.161199912 1.17620027 -0.0551999584
v 0.247400016 1.21700025 -0.0576998517
v 0.237900019 1.23480022 -0.072199963
v 0.247000009 1.24130023 -0.0560999587
v 0.247000009 1.24130023 -0.0560999587
v 0.252100021 1.22040021 -0.0421998575
v 0.247400016 1.21700025 -0.0576998517
v 0.101499915 1.35210025 -0.00239995122
v 0.108299911 1.32690024 0.0233000889
v 0.122600004 1.34710026 0.00290004909
v 0.122600004 1.34710026 0.00290004909
v 0.113899916 1.3633002 -0.019899942
v 0.101499915 1.35210025 -0.00239995122
v 0.121600017 1.37400019 -0.0389998481
v 0.131299913 1.36080027 -0.0163999498
v 0.139100015 1.37080026 -0.0376999453
v 0.139100015 1.37080026 -0.0376999453
v 0.154200003 1.3567003 -0.0130999461
v 0.163200006 1.36550021 -0.036099948
v 0.163200006 1.36550021 -0.036099948
v 0.144500002 1.37830031 -0.0605999455
v 0.139100015 1.37080026 -0.0376999453
v 0.139100015 1.37080026 -0.0376999453
v 0.126299903 1.38500023 -0.0624999478
v 0.121600017 1.37400019 -0.0389998481
v 0.0138999783 1.33220029 0.0190000907
v 0.0457000062 1.32260025 0.0273000896
v 0.043299973 1.33610022 0.014800109
v 0.043299973 1.33610022 0.014800109
v 0.0796999112 1.33090019 0.019500114
v 0.0691999719 1.34310019 0.00480014831
v 0.0691999719 1.34310019 0.00480014831
v 0.0410000011 1.34350026 0.00830010325
v 0.043299973 1.33610022 0.014800109
v 0.043299973 1.33610022 0.014800109
v 0.0137000009 1.33960021 0.0127001107
v 0.0138999783 1.33220029 0.0190000907
v 0.090700008 1.3568002 -0.0087999478
v 0.0666999817 1.35400021 -0.00229994953
v 0.0691999719 1.34310019 0.00480014831
v 0.0691999719 1.34310019 0.00480014831
v 0.101499915 1.35210025 -0.00239995122
v 0.090700008 1.3568002 -0.0087999478
v 0.101499915 1.35210025 -0.00239995122
v 0.103200004 1.36590028 -0.0231998488
v 0.090700008 1.3568002 -0.0087999478
v 0.103200004 1.36590028 -0.0231998488
v 0.0840999112 1.3611002 -0.0139999464
v 0.090700008 1.3568002 -0.0087999478
v 0.111399904 1.37760019 -0.0401999429
v 0.0953000113 1.36920023 -0.0263998434
v 0.103200004 1.36590028 -0.0231998488
v 0.111399904 1.37760019 -0.0401999429
v 0.113899916 1.3633002 -0.019899942
v 0.121600017 1.37400019 -0.0389998481
v 0.111399904 1.37760019 -0.0401999429
v 0.126299903 1.38500023 -0.0624999478
v 0.113099903 1.38940024 -0.0648999438
v 0.113099903 1.38940024 -0.0648999438
v 0.103099912 1.3811003 -0.0423999354
v 0.111399904 1.37760019 -0.0401999429
v 0.0476999804 1.38420022 -0.12099994
v 0.0666999817 1.39340031 -0.101199947
v 0.0750999972 1.38860023 -0.110699944
v 0.0750999972 1.38860023 -0.110699944
v 0.0500999615 1.37030029 -0.127399951
v 0.0476999804 1.38420022 -0.12099994
v 0.0500999615 1.37030029 -0.127399951
v 0.0167000182 1.3811003 -0.124499835
v 0.0476999804 1.38420022 -0.12099994
v 0.0476999804 1.38420022 -0.12099994
v 0.0163999684 1.3913002 -0.114499949
v 0.0442000031 1.39270031 -0.110499837
v 0.0723999664 1.30160022 0.0438000932
v 0.0457000062 1.32260025 0.0273000896
v 0.0429000184 1.29940021 0.0441000834
v 0.0429000184 1.29940021 0.0441000834
v 0.0142999813 1.31930029 0.02790007
v 0.0142999813 1.29670024 0.0422000587
v 0.110800013 1.34360027 -0.137999952
v 0.0860000104 1.37730026 -0.119799845
v 0.117900014 1.36940026 -0.116799943
v 0.117900014 1.36940026 -0.116799943
v 0.145799905 1.33250022 -0.130299956
v 0.110800013 1.34360027 -0.137999952
v 0.0982000083 1.39190018 -0.089499943
v 0.103299916 1.39260018 -0.065499939
v 0.113099903 1.38940024 -0.0648999438
v 0.113099903 1.38940024 -0.0648999438
v 0.109499916 1.3870002 -0.0899999365
v 0.0982000083 1.39190018 -0.089499943
v 0.0982000083 1.39190018 -0.089499943
v 0.0860000104 1.37730026 -0.119799845
v 0.0750999972 1.38860023 -0.110699944
v 0.0750999972 1.38860023 -0.110699944
v 0.090000011 1.39500022 -0.0862999484
v 0.0982000083 1.39190018 -0.089499943
v 0.0468999669 1.3144002 -0.137099952
v 0.0152000114 1.34240019 -0.133099943
v 0.0482000113 1.34590018 -0.13289994
v 0.0482000113 1.34590018 -0.13289994
v 0.0160999782 1.36600029 -0.129799932
v 0.0500999615 1.37030029 -0.127399951
v 0.0500999615 1.37030029 -0.127399951
v 0.0802999064 1.34910023 -0.136699945
v 0.0482000113 1.34590018 -0.13289994
v 0.0482000113 1.34590018 -0.13289994
v 0.074800007 1.31470025 -0.144099951
v 0.0468999669 1.3144002 -0.137099952
v 0.117900014 1.36940026 -0.116799943
v 0.109499916 1.3870002 -0.0899999365
v 0.133100003 1.37930024 -0.0884999409
v 0.133100003 1.37930024 -0.0884999409
v 0.126299903 1.38500023 -0.0624999478
v 0.144500002 1.37830031 -0.0605999455
v 0.144500002 1.37830031 -0.0605999455
v 0.162699908 1.36840022 -0.0824999437
v 0.133100003 1.37930024 -0.0884999409
v 0.133100003 1.37930024 -0.0884999409
v 0.154399917 1.3568002 -0.110699944
v 0.117900014 1.36940026 -0.116799943
v 0.150699914 1.20410025 -0.0650999621
v 0.183699906 1.18890023 -0.0605999604
v 0.147299916 1.2110002 -0.0694998577
v 0.147299916 1.2110002 -0.0694998577
v 0.159899905 1.21140027 -0.0802998617
v 0.150699914 1.20410025 -0.0650999621
v 0.153399915 1.20760024 -0.0288999602
v 0.180599913 1.20390022 -0.0105998591
v 0.147000015 1.21390021 -0.0293999538
v 0.153399915 1.20760024 -0.0288999602
v 0.183699906 1.18890023 -0.0605999604
v 0.193099916 1.18460023 -0.0602999553
v 0.178199917 1.22510028 -0.0923999622
v 0.163200006 1.22070026 -0.0869999602
v 0.17930001 1.2367003 -0.0981999561
v -0.136299893 1.19690025 -0.0937999561
v -0.150899991 1.19400024 -0.0999999568
v -0.143499881 1.20610023 -0.10459996
v -0.136299893 1.19690025 -0.0937999561
v -0.140899986 1.1808002 -0.074599959
v -0.142999992 1.1850003 -0.0902999565
v -0.135299891 1.19500029 -0.0567999557
v -0.140899986 1.1808002 -0.074599959
v -0.174299985 1.19850028 -0.0681999549
v -0.135299891 1.19500029 -0.0567999557
v -0.149699897 1.18910027 -0.03709995
v -0.143899992 1.18320024 -0.0551999584
v 0.176599905 1.16120028 -0.0641999617
v 0.17400001 1.16280019 -0.0497998521
v 0.16719991 1.16080022 -0.0528999493
v 0.234800011 1.17730021 -0.0700999573
v 0.2421 1.18170023 -0.0551999584
v 0.231100023 1.1772002 -0.06409996
v -0.190499991 1.2232002 -0.00109995902
v -0.171299994 1.23440027 0.000300042331
v -0.182199985 1.24190021 0.000700049102
v -0.166999996 1.2088002 -0.00829995424
v -0.153199986 1.21800029 -0.00819995999
v -0.157899886 1.22360027 -0.00279995799
v -0.162899897 1.22870028 -0.000199854374
v -0.18009989 1.21690023 -0.00259995461
v -0.172099993 1.21290028 -0.00499995798
v -0.156499892 1.19680023 -0.0230999514
v -0.140399992 1.20120025 -0.0363999531
v -0.147099882 1.21010029 -0.0200999603
v -0.147099882 1.21010029 -0.0200999603
v -0.162599891 1.2038002 -0.0137999579
v -0.156499892 1.19680023 -0.0230999514
v -0.157399997 1.21760023 -0.10929995
v -0.184899896 1.2130003 -0.102799959
v -0.176499888 1.23280025 -0.109099962
v -0.143499881 1.20610023 -0.10459996
v -0.165499896 1.20330024 -0.103199951
v -0.157399997 1.21760023 -0.10929995
v -0.192599997 1.24950027 -0.105299957
v -0.214599892 1.23930025 -0.0908999518
v -0.207099989 1.26470029 -0.0965999588
v -0.176499888 1.23280025 -0.109099962
v -0.201199993 1.22700024 -0.0987999514
v -0.192599997 1.24950027 -0.105299957
v -0.208199888 1.20390022 -0.0952999517
v -0.184899896 1.2130003 -0.102799959
v -0.193099886 1.1923002 -0.0991999581
v -0.221199885 1.21420026 -0.0873999521
v -0.201199993 1.22700024 -0.0987999514
v -0.208199888 1.20390022 -0.0952999517
v -0.20449999 1.16260028 -0.0942999497
v -0.194099993 1.16020024 -0.0841999575
v -0.204899997 1.16480029 -0.0838998631
v -0.216899991 1.18530023 -0.00309985876
v -0.222599894 1.18390024 -0.0195998624
v -0.212999985 1.18040025 -0.012099959
v -0.175399989 1.18400025 -0.0994999632
v -0.150899991 1.19400024 -0.0999999568
v -0.160899997 1.17740023 -0.0962999538
v -0.193099886 1.1923002 -0.0991999581
v -0.165499896 1.20330024 -0.103199951
v -0.175399989 1.18400025 -0.0994999632
v -0.18339999 1.17040026 -0.00649995357
v -0.190399989 1.17040026 -0.0132999569
v -0.187099993 1.16880023 -0.0157999545
v -0.167499989 1.15830028 -0.0322999582
v -0.179499894 1.16370022 -0.0260999575
v -0.175299987 1.15980029 -0.0357999578
v -0.20979999 1.24060023 -0.0104999468
v -0.225099996 1.22400022 -0.0238998607
v -0.216499984 1.21860027 -0.0114999563
v -0.216499984 1.21860027 -0.0114999563
v -0.200899988 1.23190022 -0.003299959
v -0.20979999 1.24060023 -0.0104999468
v -0.206399992 1.17990029 -0.00139995664
v -0.212999985 1.18040025 -0.012099959
v -0.204799995 1.17620027 -0.0108999535
v -0.16139999 1.15380025 -0.0486998633
v -0.167499989 1.1548003 -0.0617999509
v -0.157699987 1.15190029 -0.0666999593
v -0.156499892 1.19680023 -0.0230999514
v -0.169099897 1.18900025 -0.0131999552
v -0.163499996 1.18300021 -0.0223999545
v -0.163499996 1.18300021 -0.0223999545
v -0.149699897 1.18910027 -0.03709995
v -0.156499892 1.19680023 -0.0230999514
v -0.239799887 1.18660021 -0.070199959
v -0.225199893 1.17680025 -0.0747999623
v -0.232399896 1.18130028 -0.064799957
v -0.241699889 1.19260025 -0.038999863
v -0.23529999 1.18450022 -0.0520999506
v -0.234099895 1.18610024 -0.0401999578
v -0.172099993 1.21290028 -0.00499995798
v -0.186399996 1.19980025 -0.00209995359
v -0.178699896 1.19620025 -0.00489985943
v -0.173499987 1.19280028 -0.00839995593
v -0.162599891 1.2038002 -0.0137999579
v -0.166999996 1.2088002 -0.00829995424
v -0.187899992 1.17250025 -0.00339995325
v -0.197199985 1.17310023 -0.0105998591
v -0.190399989 1.17040026 -0.0132999569
v -0.196399897 1.17570019 -0.000899858773
v -0.204799995 1.17620027 -0.0108999535
v -0.197199985 1.17310023 -0.0105998591
v -0.190499991 1.2232002 -0.00109995902
v -0.207099989 1.21140027 -0.00359995663
v -0.19659999 1.20500028 -0.000999957323
v -0.19659999 1.20500028 -0.000999957323
v -0.18009989 1.21690023 -0.00259995461
v -0.190499991 1.2232002 -0.00109995902
v 0.234800011 1.17730021 -0.0700999573
v 0.218699902 1.17410028 -0.0677999631
v 0.219099909 1.17300022 -0.0748999491
v 0.198599905 1.1764003 0.0146000609
v 0.203599915 1.17740023 0.00880011171
v 0.202999905 1.17810023 0.0162000954
v -0.23089999 1.22640026 -0.0386999622
v -0.226699889 1.24980021 -0.0553999618
v -0.232899994 1.22580028 -0.0543999597
v -0.23089999 1.22640026 -0.0386999622
v -0.218499988 1.24670029 -0.0229999498
v -0.224599883 1.24980021 -0.0382998511
v 0.217100009 1.1837002 0.0184001029
v 0.221999913 1.18520021 0.00990006328
v 0.225899905 1.18700027 0.0165000856
v 0.253399998 1.19440019 -0.0159998536
v 0.246199995 1.1880002 -0.0306999609
v 0.256900012 1.19190025 -0.0316999629
v -0.207099989 1.26470029 -0.0965999588
v -0.223399997 1.24810028 -0.0749999508
v -0.216699883 1.27170026 -0.0783999637
v -0.143899992 1.18320024 -0.0551999584
v -0.157199889 1.17620027 -0.0357999578
v -0.15109989 1.17070019 -0.053299956
v -0.147899896 1.16880023 -0.0713999495
v -0.143899992 1.18320024 -0.0551999584
v -0.15109989 1.17070019 -0.053299956
v 0.236400008 1.19180024 0.0111000836
v 0.237100005 1.1893003 -0.00719995797
v 0.246100008 1.19380021 -0.00159996003
v 0.163900003 1.1620003 -0.0343999639
v 0.17400001 1.16280019 -0.0497998521
v 0.17339991 1.16440022 -0.0328998491
v -0.150999993 1.17150021 -0.0874998495
v -0.140899986 1.1808002 -0.074599959
v -0.147899896 1.16880023 -0.0713999495
v -0.160899997 1.17740023 -0.0962999538
v -0.142999992 1.1850003 -0.0902999565
v -0.150999993 1.17150021 -0.0874998495
v 0.225899905 1.18700027 0.0165000856
v 0.229200006 1.18740022 0.00250004232
v 0.236400008 1.19180024 0.0111000836
v 0.189999908 1.17310023 0.0068000406
v 0.199999914 1.17590022 0.00670004636
v 0.198599905 1.1764003 0.0146000609
v 0.171200007 1.16510022 -0.0172999576
v 0.17339991 1.16440022 -0.0328998491
v 0.179899916 1.16700029 -0.0194999501
v 0.246100008 1.19380021 -0.00159996003
v 0.243400007 1.18990028 -0.0183999613
v 0.253399998 1.19440019 -0.0159998536
v 0.180800006 1.16880023 -0.00339995325
v 0.193499908 1.17310023 -0.00049995631
v 0.189999908 1.17310023 0.0068000406
v 0.219099909 1.17300022 -0.0748999491
v 0.205699906 1.1692003 -0.06849996
v 0.204399914 1.16780019 -0.0753999576
v 0.180800006 1.16880023 -0.00339995325
v 0.179899916 1.16700029 -0.0194999501
v 0.18720001 1.16980028 -0.00869995356
v 0.190599903 1.16400027 -0.0712999627
v 0.182499915 1.16320026 -0.0591999516
v 0.176599905 1.16120028 -0.0641999617
v 0.204399914 1.16780019 -0.0753999576
v 0.194299906 1.16590023 -0.0649999604
v 0.190599903 1.16400027 -0.0712999627
v 0.254600018 1.18750024 -0.0464999601
v 0.2421 1.18170023 -0.0551999584
v 0.247600019 1.18260026 -0.0598999634
v -0.177499995 1.15600026 -0.0931998566
v -0.172599986 1.15590024 -0.0761999562
v -0.182899997 1.15830028 -0.082699962
v -0.190899894 1.15740025 -0.0948999599
v -0.182899997 1.15830028 -0.082699962
v -0.194099993 1.16020024 -0.0841999575
v -0.218499988 1.17250025 -0.0908999518
v -0.204899997 1.16480029 -0.0838998631
v -0.215599984 1.17160022 -0.0809998587
v -0.243299887 1.19100022 -0.0545999631
v -0.232399896 1.18130028 -0.064799957
v -0.23529999 1.18450022 -0.0520999506
v -0.167499989 1.15830028 -0.0322999582
v -0.170699984 1.15660024 -0.0475999638
v -0.16139999 1.15380025 -0.0486998633
v -0.173299983 1.16360021 -0.0193999633
v -0.183699891 1.16710019 -0.0183999613
v -0.179499894 1.16370022 -0.0260999575
v -0.157699987 1.15190029 -0.0666999593
v -0.172599986 1.15590024 -0.0761999562
v -0.164199993 1.15300024 -0.0846999511
v -0.236399993 1.19190025 -0.0249998495
v -0.222599894 1.18390024 -0.0195998624
v -0.227999985 1.18990028 -0.0129999593
v -0.241699889 1.19260025 -0.038999863
v -0.230199993 1.18630028 -0.0293999538
v -0.236399993 1.19190025 -0.0249998495
v -0.230099991 1.17930019 -0.0837999508
v -0.215599984 1.17160022 -0.0809998587
v -0.225199893 1.17680025 -0.0747999623
v -0.230399892 1.22210026 -0.0722999498
v -0.214599892 1.23930025 -0.0908999518
v -0.221199885 1.21420026 -0.0873999521
v -0.232899994 1.22580028 -0.0543999597
v -0.223399997 1.24810028 -0.0749999508
v -0.230399892 1.22210026 -0.0722999498
v 0.256900012 1.19190025 -0.0316999629
v 0.246100008 1.1851002 -0.0425998494
v 0.254600018 1.18750024 -0.0464999601
v 0.207499906 1.18000019 0.017900072
v 0.214699909 1.18240023 0.0122000799
v 0.217100009 1.1837002 0.0184001029
v -0.0806000233 1.33070028 0.0180001035
v -0.0762000009 1.35150027 -0.0112999454
v -0.0957000181 1.34650028 -0.00659994781
v -0.0957000181 1.34650028 -0.00659994781
v -0.0870000124 1.36280024 -0.0310998484
v -0.103999972 1.35950029 -0.0287999436
v -0.103999972 1.35950029 -0.0287999436
v -0.0926999971 1.37460029 -0.0524999425
v -0.109499991 1.37100029 -0.0522998348
v -0.109499991 1.37100029 -0.0522998348
v -0.126599997 1.35450029 -0.0263998434
v -0.103999972 1.35950029 -0.0287999436
v -0.109499991 1.37100029 -0.0522998348
v -0.135499984 1.37010026 -0.0739999488
v -0.13259998 1.36520028 -0.0509999469
v -0.0926999971 1.37460029 -0.0524999425
v -0.111899972 1.37930024 -0.076299943
v -0.109499991 1.37100029 -0.0522998348
v -0.016900003 1.32470024 0.0268000737
v 0.0138999783 1.33220029 0.0190000907
v -0.0163000226 1.33790028 0.014100112
v -0.0163000226 1.33790028 0.014100112
v -0.0508999825 1.33490026 0.017000109
v -0.016900003 1.32470024 0.0268000737
v -0.0145999789 1.34490025 0.00720004737
v -0.0437999889 1.34930027 0.00230015069
v -0.0163000226 1.33790028 0.014100112
v -0.0163000226 1.33790028 0.014100112
v 0.0137000009 1.33960021 0.0127001107
v -0.0145999789 1.34490025 0.00720004737
v -0.0651000142 1.35650027 -0.0168999508
v -0.0406000018 1.35500026 -0.00599995255
v -0.058600001 1.36090028 -0.0219999477
v -0.0762000009 1.35150027 -0.0112999454
v -0.0437999889 1.34930027 0.00230015069
v -0.0651000142 1.35650027 -0.0168999508
v -0.0651000142 1.35650027 -0.0168999508
v -0.0870000124 1.36280024 -0.0310998484
v -0.0762000009 1.35150027 -0.0112999454
v -0.058600001 1.36090028 -0.0219999477
v -0.0760999918 1.36600029 -0.0338999406
v -0.0651000142 1.35650027 -0.0168999508
v -0.0824999809 1.37840021 -0.0531999394
v -0.0688999817 1.36950028 -0.0370999351
v -0.0756000206 1.38150024 -0.0557999387
v -0.0926999971 1.37460029 -0.0524999425
v -0.0760999918 1.36600029 -0.0338999406
v -0.0824999809 1.37840021 -0.0531999394
v -0.0824999809 1.37840021 -0.0531999394
v -0.0944999978 1.38560021 -0.0775999352
v -0.0926999971 1.37460029 -0.0524999425
v -0.0756000206 1.38150024 -0.0557999387
v -0.0814999938 1.39000022 -0.0794999376
v -0.0824999809 1.37840021 -0.0531999394
v -0.0141999722 1.38510025 -0.123999946
v -0.0339000225 1.39380026 -0.108899944
v -0.0108000105 1.39310026 -0.11309994
v -0.016900003 1.37090027 -0.129699945
v -0.0404000208 1.3890003 -0.117799945
v -0.0141999722 1.38510025 -0.123999946
v 0.0167000182 1.3811003 -0.124499835
v -0.016900003 1.37090027 -0.129699945
v -0.0141999722 1.38510025 -0.123999946
v -0.0108000105 1.39310026 -0.11309994
v 0.0167000182 1.3811003 -0.124499835
v -0.0141999722 1.38510025 -0.123999946
v -0.016900003 1.32470024 0.0268000737
v -0.0436999723 1.30750024 0.0433000699
v -0.0142999897 1.3021003 0.0441000834
v -0.0142999897 1.3021003 0.0441000834
v 0.0142999813 1.31930029 0.02790007
v -0.016900003 1.32470024 0.0268000737
v -0.0842000246 1.37050021 -0.126199931
v -0.0478000008 1.35070026 -0.139799953
v -0.0778999925 1.34540021 -0.142999947
v -0.112800002 1.33360028 -0.137099952
v -0.0842000246 1.37050021 -0.126199931
v -0.0778999925 1.34540021 -0.142999947
v -0.0647 1.39300025 -0.101999946
v -0.0734000206 1.39190018 -0.0797999427
v -0.0570999905 1.39460027 -0.0988999382
v -0.0759000108 1.38810027 -0.102799945
v -0.0814999938 1.39000022 -0.0794999376
v -0.0647 1.39300025 -0.101999946
v -0.0647 1.39300025 -0.101999946
v -0.0508999825 1.37740028 -0.126899928
v -0.0759000108 1.38810027 -0.102799945
v -0.0570999905 1.39460027 -0.0988999382
v -0.0404000208 1.3890003 -0.117799945
v -0.0647 1.39300025 -0.101999946
v 0.0152000114 1.34240019 -0.133099943
v -0.0173000097 1.31520021 -0.138399959
v -0.0166000128 1.34690022 -0.134199828
v -0.0166000128 1.34690022 -0.134199828
v 0.0160999782 1.36600029 -0.129799932
v 0.0152000114 1.34240019 -0.133099943
v -0.0478000008 1.35070026 -0.139799953
v -0.016900003 1.37090027 -0.129699945
v -0.0166000128 1.34690022 -0.134199828
v -0.0166000128 1.34690022 -0.134199828
v -0.04509997 1.3166002 -0.147399962
v -0.0478000008 1.35070026 -0.139799953
v -0.0759000108 1.38810027 -0.102799945
v -0.0842000246 1.37050021 -0.126199931
v -0.100000024 1.38100028 -0.101899944
v -0.100000024 1.38100028 -0.101899944
v -0.0944999978 1.38560021 -0.0775999352
v -0.0759000108 1.38810027 -0.102799945
v -0.128999993 1.36920023 -0.0966999456
v -0.111899972 1.37930024 -0.076299943
v -0.100000024 1.38100028 -0.101899944
v -0.100000024 1.38100028 -0.101899944
v -0.121200018 1.35770023 -0.120599948
v -0.128999993 1.36920023 -0.0966999456
v -0.0756000206 1.38150024 -0.0557999387
v -0.0670000315 1.38970029 -0.0766998455
v -0.0734000206 1.39190018 -0.0797999427
v 0.0840999112 1.3611002 -0.0139999464
v 0.0852000117 1.37300026 -0.0284999385
v 0.0749999806 1.36490023 -0.0173999444
v -0.0145999789 1.34490025 0.00720004737
v 0.0132999979 1.34580028 0.00500004739
v -0.0118000004 1.34970021 0.000400051475
v -0.058600001 1.36090028 -0.0219999477
v -0.060599979 1.37160027 -0.0381999388
v -0.0688999817 1.36950028 -0.0370999351
v -0.0108000105 1.39310026 -0.11309994
v -0.0268999934 1.38990021 -0.100099944
v -0.00770002976 1.39140022 -0.104799949
v -0.0406000018 1.35500026 -0.00599995255
v -0.0501999781 1.36440027 -0.0249998346
v -0.058600001 1.36090028 -0.0219999477
v 0.0410000011 1.34350026 0.00830010325
v 0.0598000214 1.35780025 -0.00719995052
v 0.0373999998 1.34850025 0.00170005113
v 0.0666999817 1.35400021 -0.00229994953
v 0.0749999806 1.36490023 -0.0173999444
v 0.0598000214 1.35780025 -0.00719995052
v 0.0137000009 1.33960021 0.0127001107
v 0.0373999998 1.34850025 0.00170005113
v 0.0132999979 1.34580028 0.00500004739
v 0.090000011 1.39500022 -0.0862999484
v 0.09390001 1.39340031 -0.0616999343
v 0.103299916 1.39260018 -0.065499939
v -0.0688999817 1.36950028 -0.0370999351
v -0.0680000111 1.38150024 -0.0550999418
v -0.0756000206 1.38150024 -0.0557999387
v 0.0163999684 1.3913002 -0.114499949
v -0.00770002976 1.39140022 -0.104799949
v 0.0159999691 1.39010024 -0.105499946
v 0.103099912 1.3811003 -0.0423999354
v 0.09390001 1.39340031 -0.0616999343
v 0.0924000069 1.38350022 -0.0429999456
v 0.0442000031 1.39270031 -0.110499837
v 0.0587999821 1.3906002 -0.0940999463
v 0.0666999817 1.39340031 -0.101199947
v 0.0666999817 1.39340031 -0.101199947
v 0.0820999071 1.39430022 -0.0809998438
v 0.090000011 1.39500022 -0.0862999484
v -0.0570999905 1.39460027 -0.0988999382
v -0.0670000315 1.38970029 -0.0766998455
v -0.0490000211 1.39010024 -0.094899945
v -0.0339000225 1.39380026 -0.108899944
v -0.0490000211 1.39010024 -0.094899945
v -0.0268999934 1.38990021 -0.100099944
v 0.0163999684 1.3913002 -0.114499949
v 0.0397999808 1.39110029 -0.102199934
v 0.0442000031 1.39270031 -0.110499837
v 0.0953000113 1.36920023 -0.0263998434
v 0.0924000069 1.38350022 -0.0429999456
v 0.0852000117 1.37300026 -0.0284999385
v -0.0145999789 1.34490025 0.00720004737
v -0.0339000225 1.35860026 -0.0108999461
v -0.0406000018 1.35500026 -0.00599995255
v 0.247400016 1.19410026 -0.0591999516
v 0.254600018 1.18750024 -0.0464999601
v 0.247600019 1.18260026 -0.0598999634
v 0.247600019 1.18260026 -0.0598999634
v 0.234899998 1.18820024 -0.0706999525
v 0.247400016 1.19410026 -0.0591999516
v 0.16719991 1.16080022 -0.0528999493
v 0.174799904 1.16780019 -0.0646999553
v 0.176599905 1.16120028 -0.0641999617
v 0.16719991 1.16080022 -0.0528999493
v 0.163900003 1.16730022 -0.0358999595
v 0.165899903 1.16620028 -0.053299956
v 0.169899911 1.17040026 -0.0190999582
v 0.163900003 1.1620003 -0.0343999639
v 0.171200007 1.16510022 -0.0172999576
v 0.171200007 1.16510022 -0.0172999576
v 0.178799912 1.17440021 -0.00489985943
v 0.169899911 1.17040026 -0.0190999582
v 0.255199999 1.20210028 -0.0303998515
v 0.253399998 1.19440019 -0.0159998536
v 0.256900012 1.19190025 -0.0316999629
v 0.256900012 1.19190025 -0.0316999629
v 0.253399998 1.19860029 -0.0450998619
v 0.255199999 1.20210028 -0.0303998515
v 0.225899905 1.18700027 0.0165000856
v 0.214099914 1.19100022 0.0169000924
v 0.217100009 1.1837002 0.0184001029
v 0.236400008 1.19180024 0.0111000836
v 0.223500013 1.19490027 0.015500091
v 0.225899905 1.18700027 0.0165000856
v 0.200399905 1.18550026 0.0149001107
v 0.198599905 1.1764003 0.0146000609
v 0.202999905 1.17810023 0.0162000954
v 0.217100009 1.1837002 0.0184001029
v 0.205600008 1.18760026 0.0164000615
v 0.207499906 1.18000019 0.017900072
v 0.187600017 1.17900026 0.00480014086
v 0.180800006 1.16880023 -0.00339995325
v 0.189999908 1.17310023 0.0068000406
v 0.189999908 1.17310023 0.0068000406
v 0.19539991 1.18300021 0.0121000633
v 0.187600017 1.17900026 0.00480014086
v 0.244000018 1.20260024 -0.00049995631
v 0.236400008 1.19180024 0.0111000836
v 0.246100008 1.19380021 -0.00159996003
v 0.246100008 1.19380021 -0.00159996003
v 0.251800001 1.20390022 -0.0152998567
v 0.244000018 1.20260024 -0.00049995631
v 0.189400002 1.17230022 -0.07289996
v 0.204399914 1.16780019 -0.0753999576
v 0.190599903 1.16400027 -0.0712999627
v 0.190599903 1.16400027 -0.0712999627
v 0.174799904 1.16780019 -0.0646999553
v 0.189400002 1.17230022 -0.07289996
v 0.219099909 1.18270028 -0.0762999579
v 0.234800011 1.17730021 -0.0700999573
v 0.219099909 1.17300022 -0.0748999491
v 0.219099909 1.17300022 -0.0748999491
v 0.204100013 1.17730021 -0.076599963
v 0.219099909 1.18270028 -0.0762999579
v 0.179199904 1.21330023 -0.0864999518
v 0.159899905 1.21140027 -0.0802998617
v 0.178199917 1.22510028 -0.0923999622
v 0.178199917 1.22510028 -0.0923999622
v 0.201799914 1.22920024 -0.0908999518
v 0.179199904 1.21330023 -0.0864999518
v 0.16960001 1.22170019 0.00310004503
v 0.179199904 1.22000027 0.00890007615
v 0.173200011 1.22940028 0.0149001107
v 0.16960001 1.22170019 0.00310004503
v 0.165099904 1.20640028 -0.0105998591
v 0.172699913 1.21390021 0.00100004673
v 0.173200011 1.22940028 0.0149001107
v 0.184100017 1.22470021 0.0132000744
v 0.179000005 1.23410022 0.0199001133
v 0.153399915 1.20760024 -0.0288999602
v 0.165099904 1.20640028 -0.0105998591
v 0.190599903 1.20030022 -0.013499856
v 0.153399915 1.20760024 -0.0288999602
v 0.152500004 1.19470024 -0.0448999628
v 0.157400012 1.19940031 -0.0271999612
v 0.150699914 1.20410025 -0.0650999621
v 0.152500004 1.19470024 -0.0448999628
v 0.193099916 1.18460023 -0.0602999553
v 0.150699914 1.20410025 -0.0650999621
v 0.160599902 1.20180023 -0.0750999525
v 0.153200015 1.19540024 -0.0615998581
v -0.170399994 1.25060022 -0.114399962
v -0.192599997 1.24950027 -0.105299957
v -0.185099989 1.2713002 -0.111599959
v -0.142799884 1.21420026 -0.106499963
v -0.157399997 1.21760023 -0.10929995
v -0.155999988 1.22960019 -0.11279995
v -0.155999988 1.22960019 -0.11279995
v -0.176499888 1.23280025 -0.109099962
v -0.170399994 1.25060022 -0.114399962
v -0.147099882 1.21010029 -0.0200999603
v -0.162099987 1.21710026 -0.0199999586
v -0.144199893 1.21900022 -0.0110999569
v -0.127799898 1.20270026 -0.055999957
v -0.140399992 1.20120025 -0.0363999531
v -0.135299891 1.19500029 -0.0567999557
v -0.135299891 1.19500029 -0.0567999557
v -0.164099991 1.20430028 -0.0677999631
v -0.127799898 1.20270026 -0.055999957
v -0.164099991 1.20430028 -0.0677999631
v -0.136299893 1.19690025 -0.0937999561
v -0.131499991 1.20440018 -0.0953998491
v -0.131499991 1.20440018 -0.0953998491
v -0.143499881 1.20610023 -0.10459996
v -0.142799884 1.21420026 -0.106499963
v -0.243299887 1.19100022 -0.0545999631
v -0.236499995 1.19830024 -0.0708999559
v -0.239799887 1.18660021 -0.070199959
v -0.239799887 1.18660021 -0.070199959
v -0.226999983 1.19100022 -0.0848999545
v -0.230099991 1.17930019 -0.0837999508
v -0.164199993 1.15300024 -0.0846999511
v -0.171599895 1.16280019 -0.0935998634
v -0.159999892 1.15920019 -0.0846999511
v -0.159999892 1.15920019 -0.0846999511
v -0.157699987 1.15190029 -0.0666999593
v -0.164199993 1.15300024 -0.0846999511
v -0.157699987 1.15190029 -0.0666999593
v -0.157999992 1.15980029 -0.0499999598
v -0.16139999 1.15380025 -0.0486998633
v -0.16139999 1.15380025 -0.0486998633
v -0.16399999 1.16420019 -0.0337999538
v -0.167499989 1.15830028 -0.0322999582
v -0.236399993 1.19190025 -0.0249998495
v -0.237399995 1.20410025 -0.0390999541
v -0.241699889 1.19260025 -0.038999863
v -0.241699889 1.19260025 -0.038999863
v -0.239399984 1.20260024 -0.0544999614
v -0.243299887 1.19100022 -0.0545999631
v -0.206399992 1.17990029 -0.00139995664
v -0.192899987 1.18390024 -0.00179995596
v -0.202899992 1.18830025 -0.00129985809
v -0.202899992 1.18830025 -0.00129985809
v -0.216899991 1.18530023 -0.00309985876
v -0.206399992 1.17990029 -0.00139995664
v -0.18339999 1.17040026 -0.00649995357
v -0.175499991 1.17480028 -0.0115999579
v -0.179999992 1.17800021 -0.00719995797
v -0.187899992 1.17250025 -0.00339995325
v -0.192899987 1.18390024 -0.00179995596
v -0.196399897 1.17570019 -0.000899858773
v -0.167499989 1.15830028 -0.0322999582
v -0.170099884 1.16980028 -0.0209999606
v -0.173299983 1.16360021 -0.0193999633
v -0.173299983 1.16360021 -0.0193999633
v -0.175499991 1.17480028 -0.0115999579
v -0.178799897 1.16800022 -0.00989985466
v -0.216899991 1.18530023 -0.00309985876
v -0.223399997 1.19910026 -0.0124999583
v -0.227999985 1.18990028 -0.0129999593
v -0.227999985 1.18990028 -0.0129999593
v -0.232199997 1.20290029 -0.0249998495
v -0.236399993 1.19190025 -0.0249998495
v -0.190899894 1.15740025 -0.0948999599
v -0.200599983 1.17270029 -0.0958999619
v -0.185899884 1.16740024 -0.0961999521
v -0.185899884 1.16740024 -0.0961999521
v -0.177499995 1.15600026 -0.0931998566
v -0.190899894 1.15740025 -0.0948999599
v -0.230099991 1.17930019 -0.0837999508
v -0.214799985 1.18280029 -0.0922999606
v -0.218499988 1.17250025 -0.0908999518
v -0.218499988 1.17250025 -0.0908999518
v -0.200599983 1.17270029 -0.0958999619
v -0.20449999 1.16260028 -0.0942999497
v -0.187899992 1.17250025 -0.00339995325
v -0.179999992 1.17800021 -0.00719995797
v -0.184899896 1.18050027 -0.00429995358
v 0.207499906 1.18000019 0.017900072
v 0.200399905 1.18550026 0.0149001107
v 0.202999905 1.17810023 0.0162000954
v 0.202999905 1.17810023 0.0162000954
v 0.207399905 1.17940021 0.0111000836
v 0.207499906 1.18000019 0.017900072
v -0.178699896 1.19620025 -0.00489985943
v -0.166999996 1.2088002 -0.00829995424
v -0.172099993 1.21290028 -0.00499995798
v -0.178799897 1.16800022 -0.00989985466
v -0.187099993 1.16880023 -0.0157999545
v -0.183699891 1.16710019 -0.0183999613
v -0.172099993 1.21290028 -0.00499995798
v -0.157899886 1.22360027 -0.00279995799
v -0.162899897 1.22870028 -0.000199854374
v 0.20130001 1.20130026 0.0146000609
v 0.190299913 1.21190023 0.0112000927
v 0.19539991 1.19830024 0.0127001032
v 0.184100017 1.22470021 0.0132000744
v 0.196200013 1.21540022 0.0135000646
v 0.189800009 1.22890019 0.0152001008
v 0.205600008 1.18760026 0.0164000615
v 0.19539991 1.19830024 0.0127001032
v 0.200399905 1.18550026 0.0149001107
v 0.247400016 1.21700025 -0.0576998517
v 0.253399998 1.19860029 -0.0450998619
v 0.247400016 1.19410026 -0.0591999516
v 0.247400016 1.19410026 -0.0591999516
v 0.237000018 1.2110002 -0.0705999509
v 0.247400016 1.21700025 -0.0576998517
v 0.161199912 1.17620027 -0.0551999584
v 0.174799904 1.16780019 -0.0646999553
v 0.165899903 1.16620028 -0.053299956
v 0.165899903 1.16620028 -0.053299956
v 0.160400003 1.1764003 -0.0385999605
v 0.161199912 1.17620027 -0.0551999584
v 0.166199908 1.17980027 -0.0218999609
v 0.163900003 1.16730022 -0.0358999595
v 0.169899911 1.17040026 -0.0190999582
v 0.169899911 1.17040026 -0.0190999582
v 0.174599916 1.1851002 -0.00779995322
v 0.166199908 1.17980027 -0.0218999609
v 0.252400011 1.22280025 -0.0271999612
v 0.251800001 1.20390022 -0.0152998567
v 0.255199999 1.20210028 -0.0303998515
v 0.255199999 1.20210028 -0.0303998515
v 0.252100021 1.22040021 -0.0421998575
v 0.252400011 1.22280025 -0.0271999612
v 0.223500013 1.19490027 0.015500091
v 0.209799916 1.20480025 0.015500091
v 0.214099914 1.19100022 0.0169000924
v 0.234100014 1.19940031 0.0106000528
v 0.219799906 1.20930028 0.0147000849
v 0.223500013 1.19490027 0.015500091
v 0.200399905 1.18550026 0.0149001107
v 0.190199912 1.19530022 0.00940009207
v 0.19539991 1.18300021 0.0121000633
v 0.214099914 1.19100022 0.0169000924
v 0.20130001 1.20130026 0.0146000609
v 0.205600008 1.18760026 0.0164000615
v 0.182699904 1.19070029 0.00240004063
v 0.178799912 1.17440021 -0.00489985943
v 0.187600017 1.17900026 0.00480014086
v 0.187600017 1.17900026 0.00480014086
v 0.190199912 1.19530022 0.00940009207
v 0.182699904 1.19070029 0.00240004063
v 0.244000018 1.20260024 -0.00049995631
v 0.230599999 1.21480024 0.0108000934
v 0.234100014 1.19940031 0.0106000528
v 0.244000018 1.20260024 -0.00049995631
v 0.248899996 1.22290027 -0.0124999583
v 0.240999997 1.22000027 0.000700041652
v 0.18569991 1.18600023 -0.0761999562
v 0.204100013 1.17730021 -0.076599963
v 0.189400002 1.17230022 -0.07289996
v 0.189400002 1.17230022 -0.07289996
v 0.16960001 1.17900026 -0.0668999627
v 0.18569991 1.18600023 -0.0761999562
v 0.220399916 1.20230019 -0.0787999555
v 0.234899998 1.18820024 -0.0706999525
v 0.219099909 1.18270028 -0.0762999579
v 0.219099909 1.18270028 -0.0762999579
v 0.203099906 1.19410026 -0.0804999545
v 0.220399916 1.20230019 -0.0787999555
v -0.184899896 1.18050027 -0.00429995358
v -0.173499987 1.19280028 -0.00839995593
v -0.178699896 1.19620025 -0.00489985943
v -0.239399984 1.20260024 -0.0544999614
v -0.230399892 1.22210026 -0.0722999498
v -0.236499995 1.19830024 -0.0708999559
v -0.236499995 1.19830024 -0.0708999559
v -0.221199885 1.21420026 -0.0873999521
v -0.226999983 1.19100022 -0.0848999545
v -0.159999892 1.15920019 -0.0846999511
v -0.160899997 1.17740023 -0.0962999538
v -0.150999993 1.17150021 -0.0874998495
v -0.159999892 1.15920019 -0.0846999511
v -0.147899896 1.16880023 -0.0713999495
v -0.154999897 1.15790021 -0.0679999515
v -0.154999897 1.15790021 -0.0679999515
v -0.15109989 1.17070019 -0.053299956
v -0.157999992 1.15980029 -0.0499999598
v -0.157999992 1.15980029 -0.0499999598
v -0.157199889 1.17620027 -0.0357999578
v -0.16399999 1.16420019 -0.0337999538
v -0.232199997 1.20290029 -0.0249998495
v -0.23089999 1.22640026 -0.0386999622
v -0.237399995 1.20410025 -0.0390999541
v -0.237399995 1.20410025 -0.0390999541
v -0.232899994 1.22580028 -0.0543999597
v -0.239399984 1.20260024 -0.0544999614
v -0.202899992 1.18830025 -0.00129985809
v -0.186399996 1.19980025 -0.00209995359
v -0.19659999 1.20500028 -0.000999957323
v -0.19659999 1.20500028 -0.000999957323
v -0.212899983 1.19370019 -0.00339995325
v -0.202899992 1.18830025 -0.00129985809
v -0.179999992 1.17800021 -0.00719995797
v -0.169099897 1.18900025 -0.0131999552
v -0.173499987 1.19280028 -0.00839995593
v -0.178699896 1.19620025 -0.00489985943
v -0.192899987 1.18390024 -0.00179995596
v -0.184899896 1.18050027 -0.00429995358
v -0.170099884 1.16980028 -0.0209999606
v -0.157199889 1.17620027 -0.0357999578
v -0.163499996 1.18300021 -0.0223999545
v -0.163499996 1.18300021 -0.0223999545
v -0.175499991 1.17480028 -0.0115999579
v -0.170099884 1.16980028 -0.0209999606
v -0.223399997 1.19910026 -0.0124999583
v -0.207099989 1.21140027 -0.00359995663
v -0.216499984 1.21860027 -0.0114999563
v -0.216499984 1.21860027 -0.0114999563
v -0.232199997 1.20290029 -0.0249998495
v -0.223399997 1.19910026 -0.0124999583
v -0.185899884 1.16740024 -0.0961999521
v -0.193099886 1.1923002 -0.0991999581
v -0.175399989 1.18400025 -0.0994999632
v -0.175399989 1.18400025 -0.0994999632
v -0.171599895 1.16280019 -0.0935998634
v -0.185899884 1.16740024 -0.0961999521
v -0.226999983 1.19100022 -0.0848999545
v -0.208199888 1.20390022 -0.0952999517
v -0.214799985 1.18280029 -0.0922999606
v -0.214799985 1.18280029 -0.0922999606
v -0.193099886 1.1923002 -0.0991999581
v -0.200599983 1.17270029 -0.0958999619
v 0.153200015 1.19540024 -0.0615998581
v 0.160599902 1.20180023 -0.0750999525
v 0.164499909 1.19110024 -0.0703999624
v 0.156499907 1.18600023 -0.0580999628
v 0.156399906 1.18560028 -0.0415999517
v 0.152500004 1.19470024 -0.0448999628
v 0.157400012 1.19940031 -0.0271999612
v 0.152500004 1.19470024 -0.0448999628
v 0.156399906 1.18560028 -0.0415999517
v 0.157400012 1.19940031 -0.0271999612
v 0.162100017 1.18970025 -0.0245999619
v 0.170000017 1.19610023 -0.00989985466
v 0.199100003 1.23420024 0.0157000721
v 0.205200016 1.21980023 0.0146000609
v 0.215499908 1.22550023 0.0143000707
v 0.179199904 1.22000027 0.00890007615
v 0.185199916 1.2080003 0.00740004331
v 0.190299913 1.21190023 0.0112000927
v 0.189800009 1.22890019 0.0152001008
v 0.196200013 1.21540022 0.0135000646
v 0.205200016 1.21980023 0.0146000609
v 0.165099904 1.20640028 -0.0105998591
v 0.170000017 1.19610023 -0.00989985466
v 0.177999914 1.20260024 0.000700041652
v 0.172699913 1.21390021 0.00100004673
v 0.177999914 1.20260024 0.000700041652
v 0.185199916 1.2080003 0.00740004331
v 0.179199904 1.21330023 -0.0864999518
v 0.201799914 1.22920024 -0.0908999518
v 0.202999905 1.2124002 -0.0846999511
v 0.182099909 1.2009002 -0.0806999579
v 0.164499909 1.19110024 -0.0703999624
v 0.160599902 1.20180023 -0.0750999525
v 0.221499905 1.2238003 -0.0815999582
v 0.202999905 1.2124002 -0.0846999511
v 0.201799914 1.22920024 -0.0908999518
v 0.220399916 1.20230019 -0.0787999555
v 0.203099906 1.19410026 -0.0804999545
v 0.202999905 1.2124002 -0.0846999511
v 0.221499905 1.2238003 -0.0815999582
v 0.237900019 1.23480022 -0.072199963
v 0.237000018 1.2110002 -0.0705999509
v 0.18569991 1.18600023 -0.0761999562
v 0.16960001 1.17900026 -0.0668999627
v 0.164499909 1.19110024 -0.0703999624
v 0.182099909 1.2009002 -0.0806999579
v 0.202999905 1.2124002 -0.0846999511
v 0.203099906 1.19410026 -0.0804999545
v 0.240999997 1.22000027 0.000700041652
v 0.248899996 1.22290027 -0.0124999583
v 0.245100021 1.24310029 -0.00869994611
v 0.240999997 1.22000027 0.000700041652
v 0.237000018 1.23920023 0.00310005248
v 0.226299912 1.23260021 0.0115000829
v 0.190199912 1.19530022 0.00940009207
v 0.185199916 1.2080003 0.00740004331
v 0.177999914 1.20260024 0.000700041652
v 0.182699904 1.19070029 0.00240004063
v 0.177999914 1.20260024 0.000700041652
v 0.170000017 1.19610023 -0.00989985466
v 0.209799916 1.20480025 0.015500091
v 0.205200016 1.21980023 0.0146000609
v 0.196200013 1.21540022 0.0135000646
v 0.19539991 1.19830024 0.0127001032
v 0.190299913 1.21190023 0.0112000927
v 0.185199916 1.2080003 0.00740004331
v 0.230599999 1.21480024 0.0108000934
v 0.226299912 1.23260021 0.0115000829
v 0.215499908 1.22550023 0.0143000707
v 0.219799906 1.20930028 0.0147000849
v 0.215499908 1.22550023 0.0143000707
v 0.205200016 1.21980023 0.0146000609
v 0.252400011 1.22280025 -0.0271999612
v 0.252100021 1.22040021 -0.0421998575
v 0.250699997 1.24250019 -0.0392999575
v 0.250200003 1.24420023 -0.0231998637
v 0.245100021 1.24310029 -0.00869994611
v 0.248899996 1.22290027 -0.0124999583
v 0.166199908 1.17980027 -0.0218999609
v 0.174599916 1.1851002 -0.00779995322
v 0.170000017 1.19610023 -0.00989985466
v 0.162100017 1.18970025 -0.0245999619
v 0.156399906 1.18560028 -0.0415999517
v 0.160400003 1.1764003 -0.0385999605
v 0.161199912 1.17620027 -0.0551999584
v 0.160400003 1.1764003 -0.0385999605
v 0.156399906 1.18560028 -0.0415999517
v 0.156499907 1.18600023 -0.0580999628
v 0.164499909 1.19110024 -0.0703999624
v 0.16960001 1.17900026 -0.0668999627
v 0.247400016 1.21700025 -0.0576998517
v 0.237000018 1.2110002 -0.0705999509
v 0.237900019 1.23480022 -0.072199963
v 0.247000009 1.24130023 -0.0560999587
v 0.250699997 1.24250019 -0.0392999575
v 0.252100021 1.22040021 -0.0421998575
v 0.101499915 1.35210025 -0.00239995122
v 0.0796999112 1.33090019 0.019500114
v 0.108299911 1.32690024 0.0233000889
v 0.122600004 1.34710026 0.00290004909
v 0.131299913 1.36080027 -0.0163999498
v 0.113899916 1.3633002 -0.019899942
v 0.121600017 1.37400019 -0.0389998481
v 0.113899916 1.3633002 -0.019899942
v 0.131299913 1.36080027 -0.0163999498
v 0.139100015 1.37080026 -0.0376999453
v 0.131299913 1.36080027 -0.0163999498
v 0.154200003 1.3567003 -0.0130999461
v 0.163200006 1.36550021 -0.036099948
v 0.168499917 1.36960018 -0.0580999479
v 0.144500002 1.37830031 -0.0605999455
v 0.139100015 1.37080026 -0.0376999453
v 0.144500002 1.37830031 -0.0605999455
v 0.126299903 1.38500023 -0.0624999478
v 0.0138999783 1.33220029 0.0190000907
v 0.0142999813 1.31930029 0.02790007
v 0.0457000062 1.32260025 0.0273000896
v 0.043299973 1.33610022 0.014800109
v 0.0457000062 1.32260025 0.0273000896
v 0.0796999112 1.33090019 0.019500114
v 0.0691999719 1.34310019 0.00480014831
v 0.0666999817 1.35400021 -0.00229994953
v 0.0410000011 1.34350026 0.00830010325
v 0.043299973 1.33610022 0.014800109
v 0.0410000011 1.34350026 0.00830010325
v 0.0137000009 1.33960021 0.0127001107
v 0.090700008 1.3568002 -0.0087999478
v 0.0840999112 1.3611002 -0.0139999464
v 0.0666999817 1.35400021 -0.00229994953
v 0.0691999719 1.34310019 0.00480014831
v 0.0796999112 1.33090019 0.019500114
v 0.101499915 1.35210025 -0.00239995122
v 0.101499915 1.35210025 -0.00239995122
v 0.113899916 1.3633002 -0.019899942
v 0.103200004 1.36590028 -0.0231998488
v 0.103200004 1.36590028 -0.0231998488
v 0.0953000113 1.36920023 -0.0263998434
v 0.0840999112 1.3611002 -0.0139999464
v 0.111399904 1.37760019 -0.0401999429
v 0.103099912 1.3811003 -0.0423999354
v 0.0953000113 1.36920023 -0.0263998434
v 0.111399904 1.37760019 -0.0401999429
v 0.103200004 1.36590028 -0.0231998488
v 0.113899916 1.3633002 -0.019899942
v 0.111399904 1.37760019 -0.0401999429
v 0.121600017 1.37400019 -0.0389998481
v 0.126299903 1.38500023 -0.0624999478
v 0.113099903 1.38940024 -0.0648999438
v 0.103299916 1.39260018 -0.065499939
v 0.103099912 1.3811003 -0.0423999354
v 0.0476999804 1.38420022 -0.12099994
v 0.0442000031 1.39270031 -0.110499837
v 0.0666999817 1.39340031 -0.101199947
v 0.0750999972 1.38860023 -0.110699944
v 0.0860000104 1.37730026 -0.119799845
v 0.0500999615 1.37030029 -0.127399951
v 0.0500999615 1.37030029 -0.127399951
v 0.0160999782 1.36600029 -0.129799932
v 0.0167000182 1.3811003 -0.124499835
v 0.0476999804 1.38420022 -0.12099994
v 0.0167000182 1.3811003 -0.124499835
v 0.0163999684 1.3913002 -0.114499949
v 0.0723999664 1.30160022 0.0438000932
v 0.0796999112 1.33090019 0.019500114
v 0.0457000062 1.32260025 0.0273000896
v 0.0429000184 1.29940021 0.0441000834
v 0.0457000062 1.32260025 0.0273000896
v 0.0142999813 1.31930029 0.02790007
v 0.110800013 1.34360027 -0.137999952
v 0.0802999064 1.34910023 -0.136699945
v 0.0860000104 1.37730026 -0.119799845
v 0.117900014 1.36940026 -0.116799943
v 0.154399917 1.3568002 -0.110699944
v 0.145799905 1.33250022 -0.130299956
v 0.0982000083 1.39190018 -0.089499943
v 0.090000011 1.39500022 -0.0862999484
v 0.103299916 1.39260018 -0.065499939
v 0.113099903 1.38940024 -0.0648999438
v 0.126299903 1.38500023 -0.0624999478
v 0.109499916 1.3870002 -0.0899999365
v 0.0982000083 1.39190018 -0.089499943
v 0.109499916 1.3870002 -0.0899999365
v 0.0860000104 1.37730026 -0.119799845
v 0.0750999972 1.38860023 -0.110699944
v 0.0666999817 1.39340031 -0.101199947
v 0.090000011 1.39500022 -0.0862999484
v 0.0468999669 1.3144002 -0.137099952
v 0.0143999979 1.31280029 -0.135299951
v 0.0152000114 1.34240019 -0.133099943
v 0.0482000113 1.34590018 -0.13289994
v 0.0152000114 1.34240019 -0.133099943
v 0.0160999782 1.36600029 -0.129799932
v 0.0500999615 1.37030029 -0.127399951
v 0.0860000104 1.37730026 -0.119799845
v 0.0802999064 1.34910023 -0.136699945
v 0.0482000113 1.34590018 -0.13289994
v 0.0802999064 1.34910023 -0.136699945
v 0.074800007 1.31470025 -0.144099951
v 0.117900014 1.36940026 -0.116799943
v 0.0860000104 1.37730026 -0.119799845
v 0.109499916 1.3870002 -0.0899999365
v 0.133100003 1.37930024 -0.0884999409
v 0.109499916 1.3870002 -0.0899999365
v 0.126299903 1.38500023 -0.0624999478
v 0.144500002 1.37830031 -0.0605999455
v 0.168499917 1.36960018 -0.0580999479
v 0.162699908 1.36840022 -0.0824999437
v 0.133100003 1.37930024 -0.0884999409
v 0.162699908 1.36840022 -0.0824999437
v 0.154399917 1.3568002 -0.110699944
v 0.150699914 1.20410025 -0.0650999621
v 0.193099916 1.18460023 -0.0602999553
v 0.183699906 1.18890023 -0.0605999604
v 0.147299916 1.2110002 -0.0694998577
v 0.163200006 1.22070026 -0.0869999602
v 0.159899905 1.21140027 -0.0802998617
v 0.153399915 1.20760024 -0.0288999602
v 0.190599903 1.20030022 -0.013499856
v 0.180599913 1.20390022 -0.0105998591
v 0.153399915 1.20760024 -0.0288999602
v 0.147000015 1.21390021 -0.0293999538
v 0.183699906 1.18890023 -0.0605999604
v 0.178199917 1.22510028 -0.0923999622
v 0.159899905 1.21140027 -0.0802998617
v 0.163200006 1.22070026 -0.0869999602
v -0.136299893 1.19690025 -0.0937999561
v -0.142999992 1.1850003 -0.0902999565
v -0.150899991 1.19400024 -0.0999999568
v -0.136299893 1.19690025 -0.0937999561
v -0.174299985 1.19850028 -0.0681999549
v -0.140899986 1.1808002 -0.074599959
v -0.135299891 1.19500029 -0.0567999557
v -0.143899992 1.18320024 -0.0551999584
v -0.140899986 1.1808002 -0.074599959
v -0.135299891 1.19500029 -0.0567999557
v -0.140399992 1.20120025 -0.0363999531
v -0.149699897 1.18910027 -0.03709995
v 0.176599905 1.16120028 -0.0641999617
v 0.182499915 1.16320026 -0.0591999516
v 0.17400001 1.16280019 -0.0497998521
v 0.234800011 1.17730021 -0.0700999573
v 0.247600019 1.18260026 -0.0598999634
v 0.2421 1.18170023 -0.0551999584
v -0.190499991 1.2232002 -0.00109995902
v -0.18009989 1.21690023 -0.00259995461
v -0.171299994 1.23440027 0.000300042331
v -0.166999996 1.2088002 -0.00829995424
v -0.162599891 1.2038002 -0.0137999579
v -0.153199986 1.21800029 -0.00819995999
v -0.162899897 1.22870028 -0.000199854374
v -0.171299994 1.23440027 0.000300042331
v -0.18009989 1.21690023 -0.00259995461
v -0.156499892 1.19680023 -0.0230999514
v -0.149699897 1.18910027 -0.03709995
v -0.140399992 1.20120025 -0.0363999531
v -0.147099882 1.21010029 -0.0200999603
v -0.153199986 1.21800029 -0.00819995999
v -0.162599891 1.2038002 -0.0137999579
v -0.157399997 1.21760023 -0.10929995
v -0.165499896 1.20330024 -0.103199951
v -0.184899896 1.2130003 -0.102799959
v -0.143499881 1.20610023 -0.10459996
v -0.150899991 1.19400024 -0.0999999568
v -0.165499896 1.20330024 -0.103199951
v -0.192599997 1.24950027 -0.105299957
v -0.201199993 1.22700024 -0.0987999514
v -0.214599892 1.23930025 -0.0908999518
v -0.176499888 1.23280025 -0.109099962
v -0.184899896 1.2130003 -0.102799959
v -0.201199993 1.22700024 -0.0987999514
v -0.208199888 1.20390022 -0.0952999517
v -0.201199993 1.22700024 -0.0987999514
v -0.184899896 1.2130003 -0.102799959
v -0.221199885 1.21420026 -0.0873999521
v -0.214599892 1.23930025 -0.0908999518
v -0.201199993 1.22700024 -0.0987999514
v -0.20449999 1.16260028 -0.0942999497
v -0.190899894 1.15740025 -0.0948999599
v -0.194099993 1.16020024 -0.0841999575
v -0.216899991 1.18530023 -0.00309985876
v -0.227999985 1.18990028 -0.0129999593
v -0.222599894 1.18390024 -0.0195998624
v -0.175399989 1.18400025 -0.0994999632
v -0.165499896 1.20330024 -0.103199951
v -0.150899991 1.19400024 -0.0999999568
v -0.193099886 1.1923002 -0.0991999581
v -0.184899896 1.2130003 -0.102799959
v -0.165499896 1.20330024 -0.103199951
v -0.18339999 1.17040026 -0.00649995357
v -0.187899992 1.17250025 -0.00339995325
v -0.190399989 1.17040026 -0.0132999569
v -0.167499989 1.15830028 -0.0322999582
v -0.173299983 1.16360021 -0.0193999633
v -0.179499894 1.16370022 -0.0260999575
v -0.20979999 1.24060023 -0.0104999468
v -0.218499988 1.24670029 -0.0229999498
v -0.225099996 1.22400022 -0.0238998607
v -0.216499984 1.21860027 -0.0114999563
v -0.207099989 1.21140027 -0.00359995663
v -0.200899988 1.23190022 -0.003299959
v -0.206399992 1.17990029 -0.00139995664
v -0.216899991 1.18530023 -0.00309985876
v -0.212999985 1.18040025 -0.012099959
v -0.16139999 1.15380025 -0.0486998633
v -0.170699984 1.15660024 -0.0475999638
v -0.167499989 1.1548003 -0.0617999509
v -0.156499892 1.19680023 -0.0230999514
v -0.162599891 1.2038002 -0.0137999579
v -0.169099897 1.18900025 -0.0131999552
v -0.163499996 1.18300021 -0.0223999545
v -0.157199889 1.17620027 -0.0357999578
v -0.149699897 1.18910027 -0.03709995
v -0.239799887 1.18660021 -0.070199959
v -0.230099991 1.17930019 -0.0837999508
v -0.225199893 1.17680025 -0.0747999623
v -0.241699889 1.19260025 -0.038999863
v -0.243299887 1.19100022 -0.0545999631
v -0.23529999 1.18450022 -0.0520999506
v -0.172099993 1.21290028 -0.00499995798
v -0.18009989 1.21690023 -0.00259995461
v -0.186399996 1.19980025 -0.00209995359
v -0.173499987 1.19280028 -0.00839995593
v -0.169099897 1.18900025 -0.0131999552
v -0.162599891 1.2038002 -0.0137999579
v -0.187899992 1.17250025 -0.00339995325
v -0.196399897 1.17570019 -0.000899858773
v -0.197199985 1.17310023 -0.0105998591
v -0.196399897 1.17570019 -0.000899858773
v -0.206399992 1.17990029 -0.00139995664
v -0.204799995 1.17620027 -0.0108999535
v -0.190499991 1.2232002 -0.00109995902
v -0.200899988 1.23190022 -0.003299959
v -0.207099989 1.21140027 -0.00359995663
v -0.19659999 1.20500028 -0.000999957323
v -0.186399996 1.19980025 -0.00209995359
v -0.18009989 1.21690023 -0.00259995461
v 0.234800011 1.17730021 -0.0700999573
v 0.231100023 1.1772002 -0.06409996
v 0.218699902 1.17410028 -0.0677999631
v 0.198599905 1.1764003 0.0146000609
v 0.199999914 1.17590022 0.00670004636
v 0.203599915 1.17740023 0.00880011171
v -0.23089999 1.22640026 -0.0386999622
v -0.224599883 1.24980021 -0.0382998511
v -0.226699889 1.24980021 -0.0553999618
v -0.23089999 1.22640026 -0.0386999622
v -0.225099996 1.22400022 -0.0238998607
v -0.218499988 1.24670029 -0.0229999498
v 0.217100009 1.1837002 0.0184001029
v 0.214699909 1.18240023 0.0122000799
v 0.221999913 1.18520021 0.00990006328
v 0.253399998 1.19440019 -0.0159998536
v 0.243400007 1.18990028 -0.0183999613
v 0.246199995 1.1880002 -0.0306999609
v -0.207099989 1.26470029 -0.0965999588
v -0.214599892 1.23930025 -0.0908999518
v -0.223399997 1.24810028 -0.0749999508
v -0.143899992 1.18320024 -0.0551999584
v -0.149699897 1.18910027 -0.03709995
v -0.157199889 1.17620027 -0.0357999578
v -0.147899896 1.16880023 -0.0713999495
v -0.140899986 1.1808002 -0.074599959
v -0.143899992 1.18320024 -0.0551999584
v 0.236400008 1.19180024 0.0111000836
v 0.229200006 1.18740022 0.00250004232
v 0.237100005 1.1893003 -0.00719995797
v 0.163900003 1.1620003 -0.0343999639
v 0.16719991 1.16080022 -0.0528999493
v 0.17400001 1.16280019 -0.0497998521
v -0.150999993 1.17150021 -0.0874998495
v -0.142999992 1.1850003 -0.0902999565
v -0.140899986 1.1808002 -0.074599959
v -0.160899997 1.17740023 -0.0962999538
v -0.150899991 1.19400024 -0.0999999568
v -0.142999992 1.1850003 -0.0902999565
v 0.225899905 1.18700027 0.0165000856
v 0.221999913 1.18520021 0.00990006328
v 0.229200006 1.18740022 0.00250004232
v 0.189999908 1.17310023 0.0068000406
v 0.193499908 1.17310023 -0.00049995631
v 0.199999914 1.17590022 0.00670004636
v 0.171200007 1.16510022 -0.0172999576
v 0.163900003 1.1620003 -0.0343999639
v 0.17339991 1.16440022 -0.0328998491
v 0.246100008 1.19380021 -0.00159996003
v 0.237100005 1.1893003 -0.00719995797
v 0.243400007 1.18990028 -0.0183999613
v 0.180800006 1.16880023 -0.00339995325
v 0.18720001 1.16980028 -0.00869995356
v 0.193499908 1.17310023 -0.00049995631
v 0.219099909 1.17300022 -0.0748999491
v 0.218699902 1.17410028 -0.0677999631
v 0.205699906 1.1692003 -0.06849996
v 0.180800006 1.16880023 -0.00339995325
v 0.171200007 1.16510022 -0.0172999576
v 0.179899916 1.16700029 -0.0194999501
v 0.190599903 1.16400027 -0.0712999627
v 0.194299906 1.16590023 -0.0649999604
v 0.182499915 1.16320026 -0.0591999516
v 0.204399914 1.16780019 -0.0753999576
v 0.205699906 1.1692003 -0.06849996
v 0.194299906 1.16590023 -0.0649999604
v 0.254600018 1.18750024 -0.0464999601
v 0.246100008 1.1851002 -0.0425998494
v 0.2421 1.18170023 -0.0551999584
v -0.177499995 1.15600026 -0.0931998566
v -0.164199993 1.15300024 -0.0846999511
v -0.172599986 1.15590024 -0.0761999562
v -0.190899894 1.15740025 -0.0948999599
v -0.177499995 1.15600026 -0.0931998566
v -0.182899997 1.15830028 -0.082699962
v -0.218499988 1.17250025 -0.0908999518
v -0.20449999 1.16260028 -0.0942999497
v -0.204899997 1.16480029 -0.0838998631
v -0.243299887 1.19100022 -0.0545999631
v -0.239799887 1.18660021 -0.070199959
v -0.232399896 1.18130028 -0.064799957
v -0.167499989 1.15830028 -0.0322999582
v -0.175299987 1.15980029 -0.0357999578
v -0.170699984 1.15660024 -0.0475999638
v -0.173299983 1.16360021 -0.0193999633
v -0.178799897 1.16800022 -0.00989985466
v -0.183699891 1.16710019 -0.0183999613
v -0.157699987 1.15190029 -0.0666999593
v -0.167499989 1.1548003 -0.0617999509
v -0.172599986 1.15590024 -0.0761999562
v -0.236399993 1.19190025 -0.0249998495
v -0.230199993 1.18630028 -0.0293999538
v -0.222599894 1.18390024 -0.0195998624
v -0.241699889 1.19260025 -0.038999863
v -0.234099895 1.18610024 -0.0401999578
v -0.230199993 1.18630028 -0.0293999538
v -0.230099991 1.17930019 -0.0837999508
v -0.218499988 1.17250025 -0.0908999518
v -0.215599984 1.17160022 -0.0809998587
v -0.230399892 1.22210026 -0.0722999498
v -0.223399997 1.24810028 -0.0749999508
v -0.214599892 1.23930025 -0.0908999518
v -0.232899994 1.22580028 -0.0543999597
v -0.226699889 1.24980021 -0.0553999618
v -0.223399997 1.24810028 -0.0749999508
v 0.256900012 1.19190025 -0.0316999629
v 0.246199995 1.1880002 -0.0306999609
v 0.246100008 1.1851002 -0.0425998494
v 0.207499906 1.18000019 0.017900072
v 0.207399905 1.17940021 0.0111000836
v 0.214699909 1.18240023 0.0122000799
v -0.0806000233 1.33070028 0.0180001035
v -0.0508999825 1.33490026 0.017000109
v -0.0762000009 1.35150027 -0.0112999454
v -0.0957000181 1.34650028 -0.00659994781
v -0.0762000009 1.35150027 -0.0112999454
v -0.0870000124 1.36280024 -0.0310998484
v -0.103999972 1.35950029 -0.0287999436
v -0.0870000124 1.36280024 -0.0310998484
v -0.0926999971 1.37460029 -0.0524999425
v -0.109499991 1.37100029 -0.0522998348
v -0.13259998 1.36520028 -0.0509999469
v -0.126599997 1.35450029 -0.0263998434
v -0.109499991 1.37100029 -0.0522998348
v -0.111899972 1.37930024 -0.076299943
v -0.135499984 1.37010026 -0.0739999488
v -0.0926999971 1.37460029 -0.0524999425
v -0.0944999978 1.38560021 -0.0775999352
v -0.111899972 1.37930024 -0.076299943
v -0.016900003 1.32470024 0.0268000737
v 0.0142999813 1.31930029 0.02790007
v 0.0138999783 1.33220029 0.0190000907
v -0.0163000226 1.33790028 0.014100112
v -0.0437999889 1.34930027 0.00230015069
v -0.0508999825 1.33490026 0.017000109
v -0.0145999789 1.34490025 0.00720004737
v -0.0406000018 1.35500026 -0.00599995255
v -0.0437999889 1.34930027 0.00230015069
v -0.0163000226 1.33790028 0.014100112
v 0.0138999783 1.33220029 0.0190000907
v 0.0137000009 1.33960021 0.0127001107
v -0.0651000142 1.35650027 -0.0168999508
v -0.0437999889 1.34930027 0.00230015069
v -0.0406000018 1.35500026 -0.00599995255
v -0.0762000009 1.35150027 -0.0112999454
v -0.0508999825 1.33490026 0.017000109
v -0.0437999889 1.34930027 0.00230015069
v -0.0651000142 1.35650027 -0.0168999508
v -0.0760999918 1.36600029 -0.0338999406
v -0.0870000124 1.36280024 -0.0310998484
v -0.058600001 1.36090028 -0.0219999477
v -0.0688999817 1.36950028 -0.0370999351
v -0.0760999918 1.36600029 -0.0338999406
v -0.0824999809 1.37840021 -0.0531999394
v -0.0760999918 1.36600029 -0.0338999406
v -0.0688999817 1.36950028 -0.0370999351
v -0.0926999971 1.37460029 -0.0524999425
v -0.0870000124 1.36280024 -0.0310998484
v -0.0760999918 1.36600029 -0.0338999406
v -0.0824999809 1.37840021 -0.0531999394
v -0.0814999938 1.39000022 -0.0794999376
v -0.0944999978 1.38560021 -0.0775999352
v -0.0756000206 1.38150024 -0.0557999387
v -0.0734000206 1.39190018 -0.0797999427
v -0.0814999938 1.39000022 -0.0794999376
v -0.0141999722 1.38510025 -0.123999946
v -0.0404000208 1.3890003 -0.117799945
v -0.0339000225 1.39380026 -0.108899944
v -0.016900003 1.37090027 -0.129699945
v -0.0508999825 1.37740028 -0.126899928
v -0.0404000208 1.3890003 -0.117799945
v 0.0167000182 1.3811003 -0.124499835
v 0.0160999782 1.36600029 -0.129799932
v -0.016900003 1.37090027 -0.129699945
v -0.0108000105 1.39310026 -0.11309994
v 0.0163999684 1.3913002 -0.114499949
v 0.0167000182 1.3811003 -0.124499835
v -0.016900003 1.32470024 0.0268000737
v -0.0508999825 1.33490026 0.017000109
v -0.0436999723 1.30750024 0.0433000699
v -0.0142999897 1.3021003 0.0441000834
v 0.0142999813 1.29670024 0.0422000587
v 0.0142999813 1.31930029 0.02790007
v -0.0842000246 1.37050021 -0.126199931
v -0.0508999825 1.37740028 -0.126899928
v -0.0478000008 1.35070026 -0.139799953
v -0.112800002 1.33360028 -0.137099952
v -0.121200018 1.35770023 -0.120599948
v -0.0842000246 1.37050021 -0.126199931
v -0.0647 1.39300025 -0.101999946
v -0.0814999938 1.39000022 -0.0794999376
v -0.0734000206 1.39190018 -0.0797999427
v -0.0759000108 1.38810027 -0.102799945
v -0.0944999978 1.38560021 -0.0775999352
v -0.0814999938 1.39000022 -0.0794999376
v -0.0647 1.39300025 -0.101999946
v -0.0404000208 1.3890003 -0.117799945
v -0.0508999825 1.37740028 -0.126899928
v -0.0570999905 1.39460027 -0.0988999382
v -0.0339000225 1.39380026 -0.108899944
v -0.0404000208 1.3890003 -0.117799945
v 0.0152000114 1.34240019 -0.133099943
v 0.0143999979 1.31280029 -0.135299951
v -0.0173000097 1.31520021 -0.138399959
v -0.0166000128 1.34690022 -0.134199828
v -0.016900003 1.37090027 -0.129699945
v 0.0160999782 1.36600029 -0.129799932
v -0.0478000008 1.35070026 -0.139799953
v -0.0508999825 1.37740028 -0.126899928
v -0.016900003 1.37090027 -0.129699945
v -0.0166000128 1.34690022 -0.134199828
v -0.0173000097 1.31520021 -0.138399959
v -0.04509997 1.3166002 -0.147399962
v -0.0759000108 1.38810027 -0.102799945
v -0.0508999825 1.37740028 -0.126899928
v -0.0842000246 1.37050021 -0.126199931
v -0.100000024 1.38100028 -0.101899944
v -0.111899972 1.37930024 -0.076299943
v -0.0944999978 1.38560021 -0.0775999352
v -0.128999993 1.36920023 -0.0966999456
v -0.135499984 1.37010026 -0.0739999488
v -0.111899972 1.37930024 -0.076299943
v -0.100000024 1.38100028 -0.101899944
v -0.0842000246 1.37050021 -0.126199931
v -0.121200018 1.35770023 -0.120599948
v -0.0756000206 1.38150024 -0.0557999387
v -0.0680000111 1.38150024 -0.0550999418
v -0.0670000315 1.38970029 -0.0766998455
v 0.0840999112 1.3611002 -0.0139999464
v 0.0953000113 1.36920023 -0.0263998434
v 0.0852000117 1.37300026 -0.0284999385
v -0.0145999789 1.34490025 0.00720004737
v 0.0137000009 1.33960021 0.0127001107
v 0.0132999979 1.34580028 0.00500004739
v -0.058600001 1.36090028 -0.0219999477
v -0.0501999781 1.36440027 -0.0249998346
v -0.060599979 1.37160027 -0.0381999388
v -0.0108000105 1.39310026 -0.11309994
v -0.0339000225 1.39380026 -0.108899944
v -0.0268999934 1.38990021 -0.100099944
v -0.0406000018 1.35500026 -0.00599995255
v -0.0339000225 1.35860026 -0.0108999461
v -0.0501999781 1.36440027 -0.0249998346
v 0.0410000011 1.34350026 0.00830010325
v 0.0666999817 1.35400021 -0.00229994953
v 0.0598000214 1.35780025 -0.00719995052
v 0.0666999817 1.35400021 -0.00229994953
v 0.0840999112 1.3611002 -0.0139999464
v 0.0749999806 1.36490023 -0.0173999444
v 0.0137000009 1.33960021 0.0127001107
v 0.0410000011 1.34350026 0.00830010325
v 0.0373999998 1.34850025 0.00170005113
v 0.090000011 1.39500022 -0.0862999484
v 0.0820999071 1.39430022 -0.0809998438
v 0.09390001 1.39340031 -0.0616999343
v -0.0688999817 1.36950028 -0.0370999351
v -0.060599979 1.37160027 -0.0381999388
v -0.0680000111 1.38150024 -0.0550999418
v 0.0163999684 1.3913002 -0.114499949
v -0.0108000105 1.39310026 -0.11309994
v -0.00770002976 1.39140022 -0.104799949
v 0.103099912 1.3811003 -0.0423999354
v 0.103299916 1.39260018 -0.065499939
v 0.09390001 1.39340031 -0.0616999343
v 0.0442000031 1.39270031 -0.110499837
v 0.0397999808 1.39110029 -0.102199934
v 0.0587999821 1.3906002 -0.0940999463
v 0.0666999817 1.39340031 -0.101199947
v 0.0587999821 1.3906002 -0.0940999463
v 0.0820999071 1.39430022 -0.0809998438
v -0.0570999905 1.39460027 -0.0988999382
v -0.0734000206 1.39190018 -0.0797999427
v -0.0670000315 1.38970029 -0.0766998455
v -0.0339000225 1.39380026 -0.108899944
v -0.0570999905 1.39460027 -0.0988999382
v -0.0490000211 1.39010024 -0.094899945
v 0.0163999684 1.3913002 -0.114499949
v 0.0159999691 1.39010024 -0.105499946
v 0.0397999808 1.39110029 -0.102199934
v 0.0953000113 1.36920023 -0.0263998434
v 0.103099912 1.3811003 -0.0423999354
v 0.0924000069 1.38350022 -0.0429999456
v -0.0145999789 1.34490025 0.00720004737
v -0.0118000004 1.34970021 0.000400051475
v -0.0339000225 1.35860026 -0.0108999461
v 0.247400016 1.19410026 -0.0591999516
v 0.253399998 1.19860029 -0.0450998619
v 0.254600018 1.18750024 -0.0464999601
v 0.247600019 1.18260026 -0.0598999634
v 0.234800011 1.17730021 -0.0700999573
v 0.234899998 1.18820024 -0.0706999525
v 0.16719991 1.16080022 -0.0528999493
v 0.165899903 1.16620028 -0.053299956
v 0.174799904 1.16780019 -0.0646999553
v 0.16719991 1.16080022 -0.0528999493
v 0.163900003 1.1620003 -0.0343999639
v 0.163900003 1.16730022 -0.0358999595
v 0.169899911 1.17040026 -0.0190999582
v 0.163900003 1.16730022 -0.0358999595
v 0.163900003 1.1620003 -0.0343999639
v 0.171200007 1.16510022 -0.0172999576
v 0.180800006 1.16880023 -0.00339995325
v 0.178799912 1.17440021 -0.00489985943
v 0.255199999 1.20210028 -0.0303998515
v 0.251800001 1.20390022 -0.0152998567
v 0.253399998 1.19440019 -0.0159998536
v 0.256900012 1.19190025 -0.0316999629
v 0.254600018 1.18750024 -0.0464999601
v 0.253399998 1.19860029 -0.0450998619
v 0.225899905 1.18700027 0.0165000856
v 0.223500013 1.19490027 0.015500091
v 0.214099914 1.19100022 0.0169000924
v 0.236400008 1.19180024 0.0111000836
v 0.234100014 1.19940031 0.0106000528
v 0.223500013 1.19490027 0.015500091
v 0.200399905 1.18550026 0.0149001107
v 0.19539991 1.18300021 0.0121000633
v 0.198599905 1.1764003 0.0146000609
v 0.217100009 1.1837002 0.0184001029
v 0.214099914 1.19100022 0.0169000924
v 0.205600008 1.18760026 0.0164000615
v 0.187600017 1.17900026 0.00480014086
v 0.178799912 1.17440021 -0.00489985943
v 0.180800006 1.16880023 -0.00339995325
v 0.189999908 1.17310023 0.0068000406
v 0.198599905 1.1764003 0.0146000609
v 0.19539991 1.18300021 0.0121000633
v 0.244000018 1.20260024 -0.00049995631
v 0.234100014 1.19940031 0.0106000528
v 0.236400008 1.19180024 0.0111000836
v 0.246100008 1.19380021 -0.00159996003
v 0.253399998 1.19440019 -0.0159998536
v 0.251800001 1.20390022 -0.0152998567
v 0.189400002 1.17230022 -0.07289996
v 0.204100013 1.17730021 -0.076599963
v 0.204399914 1.16780019 -0.0753999576
v 0.190599903 1.16400027 -0.0712999627
v 0.176599905 1.16120028 -0.0641999617
v 0.174799904 1.16780019 -0.0646999553
v 0.219099909 1.18270028 -0.0762999579
v 0.234899998 1.18820024 -0.0706999525
v 0.234800011 1.17730021 -0.0700999573
v 0.219099909 1.17300022 -0.0748999491
v 0.204399914 1.16780019 -0.0753999576
v 0.204100013 1.17730021 -0.076599963
v 0.179199904 1.21330023 -0.0864999518
v 0.160599902 1.20180023 -0.0750999525
v 0.159899905 1.21140027 -0.0802998617
v 0.178199917 1.22510028 -0.0923999622
v 0.201899916 1.24540019 -0.0975999609
v 0.201799914 1.22920024 -0.0908999518
v 0.16960001 1.22170019 0.00310004503
v 0.172699913 1.21390021 0.00100004673
v 0.179199904 1.22000027 0.00890007615
v 0.16960001 1.22170019 0.00310004503
v 0.190599903 1.20030022 -0.013499856
v 0.165099904 1.20640028 -0.0105998591
v 0.173200011 1.22940028 0.0149001107
v 0.179199904 1.22000027 0.00890007615
v 0.184100017 1.22470021 0.0132000744
v 0.153399915 1.20760024 -0.0288999602
v 0.157400012 1.19940031 -0.0271999612
v 0.165099904 1.20640028 -0.0105998591
v 0.153399915 1.20760024 -0.0288999602
v 0.193099916 1.18460023 -0.0602999553
v 0.152500004 1.19470024 -0.0448999628
v 0.150699914 1.20410025 -0.0650999621
v 0.153200015 1.19540024 -0.0615998581
v 0.152500004 1.19470024 -0.0448999628
v 0.150699914 1.20410025 -0.0650999621
v 0.159899905 1.21140027 -0.0802998617
v 0.160599902 1.20180023 -0.0750999525
v -0.170399994 1.25060022 -0.114399962
v -0.176499888 1.23280025 -0.109099962
v -0.192599997 1.24950027 -0.105299957
v -0.142799884 1.21420026 -0.106499963
v -0.143499881 1.20610023 -0.10459996
v -0.157399997 1.21760023 -0.10929995
v -0.155999988 1.22960019 -0.11279995
v -0.157399997 1.21760023 -0.10929995
v -0.176499888 1.23280025 -0.109099962
v -0.147099882 1.21010029 -0.0200999603
v -0.140399992 1.20120025 -0.0363999531
v -0.162099987 1.21710026 -0.0199999586
v -0.127799898 1.20270026 -0.055999957
v -0.162099987 1.21710026 -0.0199999586
v -0.140399992 1.20120025 -0.0363999531
v -0.135299891 1.19500029 -0.0567999557
v -0.174299985 1.19850028 -0.0681999549
v -0.164099991 1.20430028 -0.0677999631
v -0.164099991 1.20430028 -0.0677999631
v -0.174299985 1.19850028 -0.0681999549
v -0.136299893 1.19690025 -0.0937999561
v -0.131499991 1.20440018 -0.0953998491
v -0.136299893 1.19690025 -0.0937999561
v -0.143499881 1.20610023 -0.10459996
v -0.243299887 1.19100022 -0.0545999631
v -0.239399984 1.20260024 -0.0544999614
v -0.236499995 1.19830024 -0.0708999559
v -0.239799887 1.18660021 -0.070199959
v -0.236499995 1.19830024 -0.0708999559
v -0.226999983 1.19100022 -0.0848999545
v -0.164199993 1.15300024 -0.0846999511
v -0.177499995 1.15600026 -0.0931998566
v -0.171599895 1.16280019 -0.0935998634
v -0.159999892 1.15920019 -0.0846999511
v -0.154999897 1.15790021 -0.0679999515
v -0.157699987 1.15190029 -0.0666999593
v -0.157699987 1.15190029 -0.0666999593
v -0.154999897 1.15790021 -0.0679999515
v -0.157999992 1.15980029 -0.0499999598
v -0.16139999 1.15380025 -0.0486998633
v -0.157999992 1.15980029 -0.0499999598
v -0.16399999 1.16420019 -0.0337999538
v -0.236399993 1.19190025 -0.0249998495
v -0.232199997 1.20290029 -0.0249998495
v -0.237399995 1.20410025 -0.0390999541
v -0.241699889 1.19260025 -0.038999863
v -0.237399995 1.20410025 -0.0390999541
v -0.239399984 1.20260024 -0.0544999614
v -0.206399992 1.17990029 -0.00139995664
v -0.196399897 1.17570019 -0.000899858773
v -0.192899987 1.18390024 -0.00179995596
v -0.202899992 1.18830025 -0.00129985809
v -0.212899983 1.19370019 -0.00339995325
v -0.216899991 1.18530023 -0.00309985876
v -0.18339999 1.17040026 -0.00649995357
v -0.178799897 1.16800022 -0.00989985466
v -0.175499991 1.17480028 -0.0115999579
v -0.187899992 1.17250025 -0.00339995325
v -0.184899896 1.18050027 -0.00429995358
v -0.192899987 1.18390024 -0.00179995596
v -0.167499989 1.15830028 -0.0322999582
v -0.16399999 1.16420019 -0.0337999538
v -0.170099884 1.16980028 -0.0209999606
v -0.173299983 1.16360021 -0.0193999633
v -0.170099884 1.16980028 -0.0209999606
v -0.175499991 1.17480028 -0.0115999579
v -0.216899991 1.18530023 -0.00309985876
v -0.212899983 1.19370019 -0.00339995325
v -0.223399997 1.19910026 -0.0124999583
v -0.227999985 1.18990028 -0.0129999593
v -0.223399997 1.19910026 -0.0124999583
v -0.232199997 1.20290029 -0.0249998495
v -0.190899894 1.15740025 -0.0948999599
v -0.20449999 1.16260028 -0.0942999497
v -0.200599983 1.17270029 -0.0958999619
v -0.185899884 1.16740024 -0.0961999521
v -0.171599895 1.16280019 -0.0935998634
v -0.177499995 1.15600026 -0.0931998566
v -0.230099991 1.17930019 -0.0837999508
v -0.226999983 1.19100022 -0.0848999545
v -0.214799985 1.18280029 -0.0922999606
v -0.218499988 1.17250025 -0.0908999518
v -0.214799985 1.18280029 -0.0922999606
v -0.200599983 1.17270029 -0.0958999619
v -0.187899992 1.17250025 -0.00339995325
v -0.18339999 1.17040026 -0.00649995357
v -0.179999992 1.17800021 -0.00719995797
v 0.207499906 1.18000019 0.017900072
v 0.205600008 1.18760026 0.0164000615
v 0.200399905 1.18550026 0.0149001107
v 0.202999905 1.17810023 0.0162000954
v 0.203599915 1.17740023 0.00880011171
v 0.207399905 1.17940021 0.0111000836
v -0.178699896 1.19620025 -0.00489985943
v -0.173499987 1.19280028 -0.00839995593
v -0.166999996 1.2088002 -0.00829995424
v -0.178799897 1.16800022 -0.00989985466
v -0.18339999 1.17040026 -0.00649995357
v -0.187099993 1.16880023 -0.0157999545
v -0.172099993 1.21290028 -0.00499995798
v -0.166999996 1.2088002 -0.00829995424
v -0.157899886 1.22360027 -0.00279995799
v 0.20130001 1.20130026 0.0146000609
v 0.196200013 1.21540022 0.0135000646
v 0.190299913 1.21190023 0.0112000927
v 0.184100017 1.22470021 0.0132000744
v 0.190299913 1.21190023 0.0112000927
v 0.196200013 1.21540022 0.0135000646
v 0.205600008 1.18760026 0.0164000615
v 0.20130001 1.20130026 0.0146000609
v 0.19539991 1.19830024 0.0127001032
v 0.247400016 1.21700025 -0.0576998517
v 0.252100021 1.22040021 -0.0421998575
v 0.253399998 1.19860029 -0.0450998619
v 0.247400016 1.19410026 -0.0591999516
v 0.234899998 1.18820024 -0.0706999525
v 0.237000018 1.2110002 -0.0705999509
v 0.161199912 1.17620027 -0.0551999584
v 0.16960001 1.17900026 -0.0668999627
v 0.174799904 1.16780019 -0.0646999553
v 0.165899903 1.16620028 -0.053299956
v 0.163900003 1.16730022 -0.0358999595
v 0.160400003 1.1764003 -0.0385999605
v 0.166199908 1.17980027 -0.0218999609
v 0.160400003 1.1764003 -0.0385999605
v 0.163900003 1.16730022 -0.0358999595
v 0.169899911 1.17040026 -0.0190999582
v 0.178799912 1.17440021 -0.00489985943
v 0.174599916 1.1851002 -0.00779995322
v 0.252400011 1.22280025 -0.0271999612
v 0.248899996 1.22290027 -0.0124999583
v 0.251800001 1.20390022 -0.0152998567
v 0.255199999 1.20210028 -0.0303998515
v 0.253399998 1.19860029 -0.0450998619
v 0.252100021 1.22040021 -0.0421998575
v 0.223500013 1.19490027 0.015500091
v 0.219799906 1.20930028 0.0147000849
v 0.209799916 1.20480025 0.015500091
v 0.234100014 1.19940031 0.0106000528
v 0.230599999 1.21480024 0.0108000934
v 0.219799906 1.20930028 0.0147000849
v 0.200399905 1.18550026 0.0149001107
v 0.19539991 1.19830024 0.0127001032
v 0.190199912 1.19530022 0.00940009207
v 0.214099914 1.19100022 0.0169000924
v 0.209799916 1.20480025 0.015500091
v 0.20130001 1.20130026 0.0146000609
v 0.182699904 1.19070029 0.00240004063
v 0.174599916 1.1851002 -0.00779995322
v 0.178799912 1.17440021 -0.00489985943
v 0.187600017 1.17900026 0.00480014086
v 0.19539991 1.18300021 0.0121000633
v 0.190199912 1.19530022 0.00940009207
v 0.244000018 1.20260024 -0.00049995631
v 0.240999997 1.22000027 0.000700041652
v 0.230599999 1.21480024 0.0108000934
v 0.244000018 1.20260024 -0.00049995631
v 0.251800001 1.20390022 -0.0152998567
v 0.248899996 1.22290027 -0.0124999583
v 0.18569991 1.18600023 -0.0761999562
v 0.203099906 1.19410026 -0.0804999545
v 0.204100013 1.17730021 -0.076599963
v 0.189400002 1.17230022 -0.07289996
v 0.174799904 1.16780019 -0.0646999553
v 0.16960001 1.17900026 -0.0668999627
v 0.220399916 1.20230019 -0.0787999555
v 0.237000018 1.2110002 -0.0705999509
v 0.234899998 1.18820024 -0.0706999525
v 0.219099909 1.18270028 -0.0762999579
v 0.204100013 1.17730021 -0.076599963
v 0.203099906 1.19410026 -0.0804999545
v -0.184899896 1.18050027 -0.00429995358
v -0.179999992 1.17800021 -0.00719995797
v -0.173499987 1.19280028 -0.00839995593
v -0.239399984 1.20260024 -0.0544999614
v -0.232899994 1.22580028 -0.0543999597
v -0.230399892 1.22210026 -0.0722999498
v -0.236499995 1.19830024 -0.0708999559
v -0.230399892 1.22210026 -0.0722999498
v -0.221199885 1.21420026 -0.0873999521
v -0.159999892 1.15920019 -0.0846999511
v -0.171599895 1.16280019 -0.0935998634
v -0.160899997 1.17740023 -0.0962999538
v -0.159999892 1.15920019 -0.0846999511
v -0.150999993 1.17150021 -0.0874998495
v -0.147899896 1.16880023 -0.0713999495
v -0.154999897 1.15790021 -0.0679999515
v -0.147899896 1.16880023 -0.0713999495
v -0.15109989 1.17070019 -0.053299956
v -0.157999992 1.15980029 -0.0499999598
v -0.15109989 1.17070019 -0.053299956
v -0.157199889 1.17620027 -0.0357999578
v -0.232199997 1.20290029 -0.0249998495
v -0.225099996 1.22400022 -0.0238998607
v -0.23089999 1.22640026 -0.0386999622
v -0.237399995 1.20410025 -0.0390999541
v -0.23089999 1.22640026 -0.0386999622
v -0.232899994 1.22580028 -0.0543999597
v -0.202899992 1.18830025 -0.00129985809
v -0.192899987 1.18390024 -0.00179995596
v -0.186399996 1.19980025 -0.00209995359
v -0.19659999 1.20500028 -0.000999957323
v -0.207099989 1.21140027 -0.00359995663
v -0.212899983 1.19370019 -0.00339995325
v -0.179999992 1.17800021 -0.00719995797
v -0.175499991 1.17480028 -0.0115999579
v -0.169099897 1.18900025 -0.0131999552
v -0.178699896 1.19620025 -0.00489985943
v -0.186399996 1.19980025 -0.00209995359
v -0.192899987 1.18390024 -0.00179995596
v -0.170099884 1.16980028 -0.0209999606
v -0.16399999 1.16420019 -0.0337999538
v -0.157199889 1.17620027 -0.0357999578
v -0.163499996 1.18300021 -0.0223999545
v -0.169099897 1.18900025 -0.0131999552
v -0.175499991 1.17480028 -0.0115999579
v -0.223399997 1.19910026 -0.0124999583
v -0.212899983 1.19370019 -0.00339995325
v -0.207099989 1.21140027 -0.00359995663
v -0.216499984 1.21860027 -0.0114999563
v -0.225099996 1.22400022 -0.0238998607
v -0.232199997 1.20290029 -0.0249998495
v -0.185899884 1.16740024 -0.0961999521
v -0.200599983 1.17270029 -0.0958999619
v -0.193099886 1.1923002 -0.0991999581
v -0.175399989 1.18400025 -0.0994999632
v -0.160899997 1.17740023 -0.0962999538
v -0.171599895 1.16280019 -0.0935998634
v -0.226999983 1.19100022 -0.0848999545
v -0.221199885 1.21420026 -0.0873999521
v -0.208199888 1.20390022 -0.0952999517
v -0.214799985 1.18280029 -0.0922999606
v -0.208199888 1.20390022 -0.0952999517
v -0.193099886 1.1923002 -0.0991999581
vt 0.934499979 0.208299905 0
vt 0.921800017 0.206799999 0
vt 0.930999994 0.1998 0
vt 0.945500016 0.201000005 0
vt 0.958100021 0.194800004 0
vt 0.941200018 0.192699999 0
vt 0.952899992 0.186399907 0
vt 0.965300024 0.180999905 0
vt 0.971499979 0.189400002 0
vt 0.786899984 0.222200006 0
vt 0.801400006 0.213100001 0
vt 0.796599984 0.226600006 0
vt 0.768999994 0.208299905 0
vt 0.780499995 0.201800004 0
vt 0.773699999 0.213799998 0
vt 0.778900027 0.217899993 0
vt 0.792800009 0.209399894 0
vt 0.755599976 0.186700001 0
vt 0.769800007 0.188600004 0
vt 0.762799978 0.198699996 0
vt 0.776000023 0.196899995 0
vt 0.914099991 0.224399999 0
vt 0.900699973 0.216999993 0
vt 0.910899997 0.212799996 0
vt 0.925199986 0.216800004 0
vt 0.890399992 0.219899997 0
vt 0.903400004 0.230599895 0
vt 0.892700016 0.235300004 0
vt 0.888499975 0.206200004 0
vt 0.878499985 0.208900005 0
vt 0.907400012 0.200299993 0
vt 0.897899985 0.203700006 0
vt 0.824199975 0.2086 0
vt 0.832199991 0.225600004 0
vt 0.821099997 0.222100005 0
vt 0.81099999 0.217500001 0
vt 0.814599991 0.204899997 0
vt 0.783299983 0.186000004 0
vt 0.776899993 0.179000005 0
vt 0.762099981 0.178299993 0
vt 0.768899977 0.1699 0
vt 0.798399985 0.197099999 0
vt 0.78549999 0.205500007 0
vt 0.791800022 0.193200007 0
vt 0.787500024 0.189999893 0
vt 0.805800021 0.200800002 0
vt 0.845600009 0.212599903 0
vt 0.855700016 0.227699906 0
vt 0.843900025 0.227500007 0
vt 0.834500015 0.211199895 0
vt 0.948099971 0.177900001 0
vt 0.936800003 0.184300005 0
vt 0.926599979 0.190500006 0
vt 0.917400002 0.195800006 0
vt 0.867900014 0.211199895 0
vt 0.879700005 0.223499998 0
vt 0.867999971 0.226300001 0
vt 0.856700003 0.212500006 0
vt 0.923699975 0.702600002 0
vt 0.898100019 0.69569999 0
vt 0.91960001 0.688199997 0
vt 0.941699982 0.693400025 0
vt 0.958199978 0.687300026 0
vt 0.938499987 0.680999994 0
vt 0.955600023 0.675000012 0
vt 0.934199989 0.663500011 0
vt 0.951799989 0.657500029 0
vt 0.474599987 0.882300019 0
vt 0.46509999 0.860700011 0
vt 0.480199993 0.866699994 0
vt 0.469500005 0.848699987 0
vt 0.484200001 0.855799973 0
vt 0.904299974 0.765699983 0
vt 0.89349997 0.741900027 0
vt 0.907199979 0.743799984 0
vt 0.90170002 0.716799974 0
vt 0.915600002 0.723699987 0
vt 0.914799988 0.745700002 0
vt 0.91170001 0.765699983 0
vt 0.929499984 0.709900022 0
vt 0.923200011 0.727400005 0
vt 0.944800019 0.700500011 0
vt 0.934899986 0.714399993 0
vt 0.960399985 0.694999993 0
vt 0.948199987 0.70599997 0
vt 0.486299992 0.848699987 0
vt 0.472200006 0.840799987 0
vt 0.487899989 0.842499971 0
vt 0.44569999 0.796199977 0
vt 0.458499998 0.811500013 0
vt 0.450700015 0.815199971 0
vt 0.434300005 0.797299981 0
vt 0.444200009 0.776300013 0
vt 0.453999996 0.776300013 0
vt 0.454899997 0.794700027 0
vt 0.874499977 0.721300006 0
vt 0.872200012 0.743300021 0
vt 0.890999973 0.765500009 0
vt 0.871299982 0.765500009 0
vt 0.413399994 0.83859998 0
vt 0.439599991 0.821699977 0
vt 0.434599996 0.842899978 0
vt 0.409000009 0.860099971 0
vt 0.460500002 0.830200016 0
vt 0.474900007 0.834500015 0
vt 0.45629999 0.837800026 0
vt 0.4648 0.825100005 0
vt 0.39199999 0.797100008 0
vt 0.414700001 0.776499987 0
vt 0.415399998 0.796899974 0
vt 0.432599992 0.77640003 0
vt 0.416200012 0.818199992 0
vt 0.39199999 0.817200005 0
vt 0.451400012 0.852100015 0
vt 0.445499986 0.870700002 0
vt 0.42899999 0.864300013 0
vt 0.937600017 0.216600001 0
vt 0.954599977 0.215900004 0
vt 0.942099988 0.224600002 0
vt 0.927299976 0.226099998 0
vt 0.963199973 0.202199906 0
vt 0.984600008 0.204099998 0
vt 0.968599975 0.2095 0
vt 0.949699998 0.208700001 0
vt 0.916199982 0.235200003 0
vt 0.930800021 0.235499993 0
vt 0.920099974 0.246000007 0
vt 0.784099996 0.349599987 0
vt 0.798200011 0.346799999 0
vt 0.79339999 0.359600008 0
vt 0.778100014 0.32949999 0
vt 0.788500011 0.338200003 0
vt 0.758599997 0.333299994 0
vt 0.772300005 0.340200007 0
vt 0.753600001 0.316100001 0
vt 0.765999973 0.322400004 0
vt 0.911599994 0.181199998 0
vt 0.917999983 0.172600001 0
vt 0.92019999 0.178399995 0
vt 0.87650001 0.190200001 0
vt 0.86680001 0.186700001 0
vt 0.87559998 0.185499996 0
vt 0.91960001 0.346199989 0
vt 0.937600017 0.359400004 0
vt 0.927299976 0.363200009 0
vt 0.940900028 0.337500006 0
vt 0.9551 0.346599996 0
vt 0.950500011 0.352100015 0
vt 0.945599973 0.35589999 0
vt 0.928799987 0.343400002 0
vt 0.936100006 0.340799987 0
vt 0.952199996 0.324000001 0
vt 0.969200015 0.323700011 0
vt 0.961899996 0.336299986 0
vt 0.945500016 0.332599998 0
vt 0.804899991 0.366100013 0
vt 0.820599973 0.352100015 0
vt 0.817200005 0.369399995 0
vt 0.808899999 0.351099998 0
vt 0.828599989 0.373800009 0
vt 0.841600001 0.358700007 0
vt 0.840600014 0.378199995 0
vt 0.83099997 0.355399996 0
vt 0.832700014 0.339399993 0
vt 0.823000014 0.336199999 0
vt 0.842299998 0.342099994 0
vt 0.825800002 0.316199988 0
vt 0.821699977 0.307599992 0
vt 0.82950002 0.309399992 0
vt 0.900099993 0.316500008 0
vt 0.888999999 0.311500013 0
vt 0.897499979 0.308899999 0
vt 0.812900007 0.335000008 0
vt 0.803600013 0.331999987 0
vt 0.923500001 0.305599988 0
vt 0.917800009 0.300700009 0
vt 0.921000004 0.298700005 0
vt 0.940900028 0.289799988 0
vt 0.930000007 0.291799992 0
vt 0.935699999 0.285600007 0
vt 0.9005 0.355599999 0
vt 0.886699975 0.342400014 0
vt 0.896700025 0.339300007 0
vt 0.910000026 0.350600004 0
vt 0.907800019 0.313199997 0
vt 0.905399978 0.305900007 0
vt 0.781300008 0.298900008 0
vt 0.792800009 0.298799992 0
vt 0.791499972 0.306699991 0
vt 0.937699974 0.319200009 0
vt 0.944199979 0.312099993 0
vt 0.960300028 0.313499987 0
vt 0.852900028 0.32249999 0
vt 0.845099986 0.314300001 0
vt 0.853200018 0.315200001 0
vt 0.872799993 0.32190001 0
vt 0.862100005 0.315299988 0
vt 0.871299982 0.314599991 0
vt 0.922299981 0.328700006 0
vt 0.928799987 0.326000005 0
vt 0.933300018 0.323199987 0
vt 0.919799984 0.307900012 0
vt 0.911499977 0.303600013 0
vt 0.913800001 0.310499996 0
vt 0.905600011 0.335399985 0
vt 0.914200008 0.331499994 0
vt 0.88380003 0.183300003 0
vt 0.885599971 0.188299999 0
vt 0.79369998 0.172600001 0
vt 0.798900008 0.169699997 0
vt 0.796800017 0.174899906 0
vt 0.87559998 0.344399989 0
vt 0.865700006 0.362399995 0
vt 0.864300013 0.344999999 0
vt 0.889599979 0.359600008 0
vt 0.877699971 0.361900002 0
vt 0.806200027 0.181500003 0
vt 0.814199984 0.179299995 0
vt 0.811600029 0.185000002 0
vt 0.837499976 0.193000004 0
vt 0.848500013 0.185800001 0
vt 0.84799999 0.193599895 0
vt 0.853399992 0.361299992 0
vt 0.854099989 0.381300002 0
vt 0.760999978 0.305500001 0
vt 0.772599995 0.312000006 0
vt 0.783900023 0.319200009 0
vt 0.819400012 0.189199999 0
vt 0.831099987 0.183400005 0
vt 0.828199983 0.191400006 0
vt 0.930800021 0.173299998 0
vt 0.929700017 0.166199997 0
vt 0.794099987 0.326299995 0
vt 0.823099971 0.181400001 0
vt 0.786899984 0.166700006 0
vt 0.795799971 0.167199999 0
vt 0.941500008 0.166700006 0
vt 0.939599991 0.159899995 0
vt 0.838999987 0.184699997 0
vt 0.779200017 0.158600003 0
vt 0.790000021 0.161200002 0
vt 0.891900003 0.181099996 0
vt 0.89410001 0.186199993 0
vt 0.952199996 0.159299999 0
vt 0.947899997 0.154200003 0
vt 0.902700007 0.183500007 0
vt 0.908699989 0.175899997 0
vt 0.899800003 0.178399995 0
vt 0.857599974 0.193000004 0
vt 0.867500007 0.192000002 0
vt 0.811100006 0.314599991 0
vt 0.80430001 0.3037 0
vt 0.81370002 0.306499988 0
vt 0.818300009 0.315100014 0
vt 0.834900022 0.319000006 0
vt 0.837499976 0.312000006 0
vt 0.862500012 0.322600007 0
vt 0.770900011 0.290699989 0
vt 0.783200026 0.291900009 0
vt 0.933300018 0.297800004 0
vt 0.924399972 0.296900004 0
vt 0.801900029 0.31220001 0
vt 0.883000016 0.320199996 0
vt 0.891700029 0.318599999 0
vt 0.880599976 0.313199997 0
vt 0.843400002 0.321099997 0
vt 0.853100002 0.344199985 0
vt 0.8574 0.186499998 0
vt 0.800000012 0.177300006 0
vt 0.808000028 0.176499993 0
vt 0.898199975 0.835699975 0
vt 0.923200011 0.828999996 0
vt 0.91900003 0.843400002 0
vt 0.940699995 0.838100016 0
vt 0.93720001 0.850399971 0
vt 0.957000017 0.844299972 0
vt 0.954200029 0.85650003 0
vt 0.932500005 0.867799997 0
vt 0.479499996 0.68629998 0
vt 0.458799988 0.675999999 0
vt 0.473699987 0.670700014 0
vt 0.483399987 0.6972 0
vt 0.46450001 0.692300022 0
vt 0.89349997 0.788800001 0
vt 0.906799972 0.787400007 0
vt 0.901799977 0.814400017 0
vt 0.914600015 0.785700023 0
vt 0.915300012 0.807699978 0
vt 0.92900002 0.82160002 0
vt 0.922900021 0.80400002 0
vt 0.934400022 0.816999972 0
vt 0.944100022 0.83069998 0
vt 0.959500015 0.836300015 0
vt 0.947700024 0.825600028 0
vt 0.961899996 0.830799997 0
vt 0.485599995 0.704599977 0
vt 0.468800008 0.704200029 0
vt 0.486699998 0.710099995 0
vt 0.471599996 0.712000012 0
vt 0.445499986 0.756299973 0
vt 0.457500011 0.74089998 0
vt 0.454699993 0.757700026 0
vt 0.434100002 0.755400002 0
vt 0.449800014 0.737500012 0
vt 0.874499977 0.809599996 0
vt 0.872300029 0.787599981 0
vt 0.434199989 0.710300028 0
vt 0.416399986 0.735000014 0
vt 0.413800001 0.71509999 0
vt 0.409099996 0.694400012 0
vt 0.459899992 0.72240001 0
vt 0.473500013 0.717000008 0
vt 0.463200003 0.726800025 0
vt 0.455799997 0.714999974 0
vt 0.438600004 0.731299996 0
vt 0.39230001 0.755900025 0
vt 0.415499985 0.756099999 0
vt 0.392699987 0.735599995 0
vt 0.451200008 0.700900018 0
vt 0.445100009 0.682799995 0
vt 0.4287 0.689499974 0
vt 0.477899998 0.720300019 0
vt 0.950900018 0.713699996 0
vt 0.939400017 0.721199989 0
vt 0.91900003 0.765799999 0
vt 0.921800017 0.783200026 0
vt 0.949599981 0.819100022 0
vt 0.463400006 0.744899988 0
vt 0.460799992 0.75999999 0
vt 0.938899994 0.810599983 0
vt 0.92930001 0.732500017 0
vt 0.921899974 0.748300016 0
vt 0.479999989 0.829100013 0
vt 0.961799979 0.824899971 0
vt 0.460299999 0.776199996 0
vt 0.4912 0.835799992 0
vt 0.464700013 0.807099998 0
vt 0.470999986 0.819599986 0
vt 0.468699992 0.731400013 0
vt 0.461299986 0.792299986 0
vt 0.963699996 0.709599972 0
vt 0.929199994 0.799000025 0
vt 0.867600024 0.198200002 0
vt 0.877200007 0.196400002 0
vt 0.913600028 0.186100006 0
vt 0.932900012 0.176899999 0
vt 0.922599971 0.182300001 0
vt 0.943700016 0.170399994 0
vt 0.954699993 0.163900003 0
vt 0.847100019 0.199699894 0
vt 0.857299984 0.199399993 0
vt 0.803499997 0.1866 0
vt 0.809899986 0.190200001 0
vt 0.79369998 0.179900005 0
vt 0.797599971 0.182699993 0
vt 0.783399999 0.170599893 0
vt 0.789900005 0.176699907 0
vt 0.826900005 0.196999997 0
vt 0.836600006 0.198899999 0
vt 0.904299974 0.189199999 0
vt 0.886600018 0.194299906 0
vt 0.895399988 0.192000002 0
vt 0.756200016 0.208000004 0
vt 0.762300014 0.219400004 0
vt 0.766900003 0.225299999 0
vt 0.977699995 0.196500003 0
vt 0.814199984 0.38530001 0
vt 0.826300025 0.391900003 0
vt 0.789900005 0.368299991 0
vt 0.801800013 0.377400011 0
vt 0.978200018 0.33070001 0
vt 0.971199989 0.345299989 0
vt 0.751699984 0.342500001 0
vt 0.745000005 0.326799989 0
vt 0.766700029 0.349000007 0
vt 0.779500008 0.358399987 0
vt 0.852999985 0.32949999 0
vt 0.843100011 0.328000009 0
vt 0.808300018 0.319900006 0
vt 0.799099982 0.316399992 0
vt 0.778500021 0.303299993 0
vt 0.767700016 0.2958 0
vt 0.873700023 0.3292 0
vt 0.863200009 0.329899997 0
vt 0.916599989 0.316399992 0
vt 0.909699976 0.319200009 0
vt 0.930999994 0.307999998 0
vt 0.926800013 0.311100006 0
vt 0.93720001 0.301999986 0
vt 0.927200019 0.303499997 0
vt 0.89319998 0.325399995 0
vt 0.884000003 0.327499986 0
vt 0.824999988 0.32280001 0
vt 0.816399992 0.3213 0
vt 0.834100008 0.325700015 0
vt 0.922500014 0.313699991 0
vt 0.801800013 0.172499999 0
vt 0.959800005 0.172099993 0
vt 0.817900002 0.194199994 0
vt 0.775399983 0.162300006 0
vt 0.789099991 0.310499996 0
vt 0.901799977 0.322600007 0
vt 0.952499986 0.303200006 0
vt 0.459399998 0.877200007 0
vt 0.962700009 0.701600015 0
vt 0.391600013 0.776499987 0
vt 0.784500003 0.154200003 0
vt 0.7755 0.285600007 0
vt 0.950200021 0.873899996 0
vt 0.48969999 0.71450001 0
vt 0.905399978 0.243399993 0
vt 0.74940002 0.194000006 0
vt 0.737100005 0.335399985 0
vt 0.945200026 0.293900013 0
vn -0.849403977 -0.405963391 -0.337204129
vn -0.48877719 -0.451298684 -0.746609926
vn -0.83165592 -0.451169491 -0.323720127
vn -0.929067671 0.367238402 -0.0443749838
vn -0.847178102 -0.310195535 0.431356102
vn -0.920943499 -0.351823807 0.167580187
vn -0.852736473 -0.259107828 0.4535456
vn -0.756460071 -0.247087136 0.605570912
vn -0.765872002 0.549737096 0.333510637
vn 0.0236519501 -0.0718105212 0.997137904
vn 0.1216776 0.00509651052 0.992556691
vn 0.0458093807 -0.0739481822 0.996209383
vn -0.425861508 -0.474936128 0.770115376
vn -0.377006501 -0.18525295 0.907495201
vn -0.231186897 -0.414122343 0.880372286
vn -0.0958305523 -0.151772439 0.983758986
vn -0.0173958503 -0.0264295135 0.999499321
vn -0.647369802 -0.227824628 0.727329671
vn -0.591974378 -0.375565231 0.713103771
vn -0.534390509 -0.213878229 0.817730308
vn -0.0845675394 -0.437364668 -0.895299077
vn 0.144875407 -0.271713972 -0.95141089
vn -0.152659699 -0.377071172 -0.913516521
vn -0.493561596 -0.458952457 -0.738755405
vn 0.40157491 -0.176097155 -0.898736596
vn 0.2022205 -0.339038283 -0.918781817
vn 0.361008286 -0.23649095 -0.902078211
vn 0.329210699 -0.13349095 -0.934773028
vn 0.641641617 -0.0558200665 -0.764970779
vn -0.234966606 -0.309982568 -0.921249986
vn 0.0295115709 -0.221260652 -0.974768102
vn 0.756148875 0.0853322372 0.648812175
vn 0.884140611 0.096501559 0.457146704
vn 0.72312063 0.064669989 0.687687814
vn 0.481499791 0.0506311245 0.874982476
vn 0.498134106 0.0929308757 0.862105906
vn -0.574310601 -0.0883531272 0.813855827
vn -0.680259824 -0.142796531 0.718926907
vn -0.773239374 -0.170420229 0.610784709
vn -0.0349134803 0.063753739 0.997354805
vn -0.178534806 -0.105900146 0.978218079
vn -0.217144296 0.0282607172 0.9757303
vn -0.415738195 -0.0278644282 0.909057379
vn 0.180792406 0.0804165676 0.980228305
vn 0.990365326 0.0954016894 0.100376308
vn 0.991448879 0.0888720751 -0.0955557749
vn 0.979087174 0.0949758142 0.179910794
vn 0.91927582 0.0853933468 0.384239614
vn -0.861565411 -0.221541017 0.456754804
vn -0.927841187 -0.337052792 0.159706384
vn -0.826887906 -0.464380592 -0.317186326
vn -0.524802327 -0.413927257 -0.743805707
vn 0.885054708 0.0293289013 -0.464562207
vn 0.744362116 -0.0274976697 -0.667209804
vn 0.931408703 0.0605496243 -0.358903199
vn 0.981248379 0.085270226 -0.172859907
vn 0.00338756992 0.777473509 0.628906667
vn 0.00207525399 0.714301348 0.69983536
vn 0.0133061996 0.772341907 0.63506788
vn 0.0397663116 0.83426851 0.549922764
vn 0.168802306 0.86149931 0.478878617
vn 0.0544151589 0.861762106 0.504385889
vn 0.159552902 0.89743942 0.411273032
vn 0.131599307 0.892751276 0.430902332
vn 0.212779894 0.913592815 0.346515238
vn 0.319202691 0.941493988 0.108160943
vn 0.291118592 0.943365872 0.159094349
vn 0.0132147605 0.62555182 0.780070722
vn -0.0116887596 0.632111967 0.774788916
vn 0.0349746309 0.685302258 0.727418482
vn -0.00170904305 0.715071738 0.699049175
vn 0.0476397797 0.686062455 0.725981236
vn 0.0184640791 0.71683532 0.69699806
vn 0.0097659817 0.711393416 0.702726245
vn 0.0299394093 0.785811305 0.617741466
vn 0.0701330304 0.692601919 0.717902482
vn 0.0554835685 0.814278424 0.577816963
vn 0.085728161 0.791635275 0.604949951
vn 0.196265697 0.830810308 0.520801544
vn 0.122288197 0.778012216 0.616232872
vn 0.300739706 0.941772521 0.150400445
vn 0.189343199 0.822959602 0.535618067
vn 0.133215606 0.624175787 -0.769843102
vn -0.0268263798 0.987877309 -0.152901351
vn 0.1659666 0.812009513 -0.559549749
vn 0.0546905883 0.379568934 -0.92354548
vn 0.0317704007 0.529232144 -0.847882211
vn 0.00888097193 0.939069271 -0.343613267
vn 0.0404685698 0.964349329 -0.261519969
vn -0.00479143811 0.614011765 0.789282382
vn -0.0563693009 0.575473845 0.815875173
vn 0.0170601606 0.568082452 0.822794795
vn 0.0213326793 0.534569442 0.844855309
vn 0.234814793 0.546080351 -0.804150701
vn 0.180581093 0.672578573 -0.717655122
vn 0.295390904 0.709621727 -0.639672756
vn 0.325947702 0.532289684 -0.781297684
vn 0.320302308 0.895320296 -0.309528768
vn 0.250103205 0.95371902 0.16693905
vn 0.330830514 0.887504816 -0.320759058
vn 0.124060802 0.98394078 -0.128333449
vn -0.134560406 0.122230545 -0.983337879
vn 0.0221264903 0.118537143 -0.99270308
vn -0.0763288066 0.185526952 -0.979670227
vn 0.0306721907 0.239914551 -0.970309377
vn -0.0220959708 0.389701217 -0.92067641
vn -0.190286607 0.183938742 -0.964343071
vn 0.348899603 0.887966514 -0.299640983
vn 0.374502987 0.891806185 -0.253829479
vn 0.354999393 0.698615193 -0.621218443
vn -0.918091774 0.331473798 0.217330322
vn -0.425099611 -0.903271675 0.0582302399
vn -0.652549386 -0.538562417 -0.533038378
vn -0.452356488 -0.432824165 -0.779767215
vn -0.846112609 -0.458366901 0.272017062
vn -0.296004504 -0.920852125 0.253796577
vn -0.689955592 -0.681562781 0.243790165
vn -0.884659529 0.367695093 0.286666721
vn -0.0678750202 -0.440912962 -0.894979775
vn -0.229716495 -0.499138176 -0.835518718
vn -0.194131404 -0.423909068 -0.88465482
vn 0.883526087 -0.458884209 -0.0938460454
vn 0.242416099 -0.399866074 -0.883935273
vn 0.313223004 -0.364556968 -0.876920521
vn 0.996731997 -0.0765120313 -0.0259109139
vn 0.664375305 -0.518401325 -0.538391471
vn 0.838448882 -0.432729095 -0.331283927
vn 0.992208719 -0.00415056339 -0.124518201
vn 0.741098285 -0.468714237 0.480708271
vn 0.818497121 -0.4873932 0.30415526
vn -0.288039297 -0.816294372 -0.50069648
vn 0.224194795 -0.96660769 0.124121957
vn -0.538240373 -0.814410508 -0.216870934
vn 0.497133613 -0.676588774 -0.543218195
vn 0.296427399 -0.9418962 0.157994851
vn 0.237710297 -0.962530077 0.130498052
vn -0.0341817699 -0.0404687934 0.998596013
vn -0.0198371392 -0.129826441 0.991338313
vn -0.0225230996 -0.0858503953 0.996053517
vn 0.406238794 -0.365526438 0.837472677
vn 0.3951675 -0.53879267 0.744006217
vn 0.2114961 -0.424121439 0.880562603
vn 0.053225331 -0.267286539 0.962146103
vn 0.116429299 -0.138677642 0.983469784
vn 0.243268296 -0.267439634 0.932360828
vn 0.652166724 -0.427849919 0.625797987
vn 0.84135443 -0.101903722 0.530790627
vn 0.944997191 0.316392809 0.082920745
vn 0.557167292 -0.408597529 0.722919703
vn -0.0455342494 -0.296552479 -0.953930378
vn -0.228159294 -0.146521151 -0.962535679
vn -0.278789908 -0.184547558 -0.942453504
vn -0.0527073108 -0.264574379 -0.962924004
vn -0.429920107 -0.100224063 -0.897287011
vn -0.696774006 0.0655237734 -0.714291811
vn -0.731056213 0.0740394816 -0.678288519
vn -0.427567005 -0.0558796674 -0.902254879
vn -0.39708221 -0.0119633796 -0.917705178
vn -0.185129106 -0.0965930372 -0.97795552
vn -0.669868886 0.0874073803 -0.737316608
vn -0.436825812 -0.688703418 -0.578680575
vn -0.291793495 -0.940904975 0.17191425
vn -0.473085493 -0.868315518 0.149058059
vn -0.533932924 -0.350451738 0.76947999
vn -0.545018017 -0.799734116 0.251755685
vn -0.481960803 -0.840623677 0.247114778
vn 0.00488299085 -0.199135348 -0.979959905
vn 0.276932508 -0.367788583 -0.887716174
vn 0.189492598 -0.683717787 0.704714715
vn -0.257915586 -0.929912329 0.262188256
vn -0.265637785 -0.928328276 0.260083258
vn 0.346550286 -0.832361579 0.432524085
vn -0.287005007 -0.924586892 0.250534177
vn -0.272350103 -0.940346599 0.203896359
vn -0.679884672 0.172069371 0.712845802
vn -0.827337325 0.236582592 0.509452283
vn -0.664161921 0.18567957 0.724162996
vn -0.419421196 0.103306361 0.90189451
vn -0.310414702 -0.519809783 0.795889914
vn -0.418695599 -0.868917704 0.263962179
vn 0.386003286 -0.880409718 0.27546367
vn -0.269603491 -0.962137401 0.0400712006
vn 0.481259704 -0.8765769 0.0014953817
vn 0.671044827 -0.255563438 0.695978582
vn 0.744088471 -0.325914532 0.583191276
vn -0.899816096 -0.328656912 -0.286907196
vn -0.51433599 -0.857307971 0.0219430532
vn -0.597080171 -0.801986873 0.0176706538
vn -0.945034325 -0.224470422 0.237746388
vn -0.641291916 -0.760528922 0.101688668
vn -0.618383527 -0.759962916 0.200145975
vn 0.189888895 -0.0615872517 0.979872108
vn 0.380479515 -0.13797614 0.914438605
vn 0.549414873 -0.202406436 0.810663283
vn 0.108128697 -0.61236316 0.783147216
vn -0.314618796 -0.910621405 0.267924964
vn -0.116154999 -0.534905136 0.836889803
vn -0.387689501 0.119361766 0.914029419
vn -0.0470907018 0.0177619569 0.998732805
vn 0.271497011 -0.949690223 0.156135157
vn 0.317271799 -0.723505616 -0.613089263
vn -0.194437593 -0.655490756 0.729743779
vn 0.352216989 -0.928563774 0.117100462
vn -0.000427260995 -0.657616138 0.753353119
vn -0.931877911 0.261489809 0.2514489
vn -0.967742622 0.2497105 -0.0334493406
vn -0.964940786 0.260019392 -0.035767898
vn -0.834655404 0.219215587 0.505267322
vn -0.933272481 0.246807486 0.26093781
vn 0.267533809 -0.526949465 0.806690872
vn 0.353201896 -0.934231699 0.0495940596
vn 0.436118394 -0.501581967 0.747138798
vn 0.839203179 -0.439866006 0.319774866
vn 0.352837712 -0.909272015 0.220748559
vn 0.891323328 -0.439267814 0.112189777
vn -0.886402428 0.18387872 -0.424828589
vn -0.844342172 0.16632922 -0.50933373
vn 0.792349815 -0.385828733 0.472565383
vn 0.843556523 -0.443569094 0.302752465
vn 0.842763126 -0.537355423 -0.0316181332
vn 0.642055988 -0.393876523 0.657742679
vn 0.371511787 -0.916739702 0.14685896
vn 0.767282128 -0.46914044 0.437247872
vn -0.677133679 -0.717419326 0.163705975
vn 0.230996996 -0.969186604 0.085544236
vn 0.643992722 -0.540409505 -0.541508079
vn 0.399954885 -0.910328507 0.106481664
vn -0.319659889 -0.713878572 0.623052955
vn 0.288224906 -0.950495303 0.116126157
vn -0.496452898 -0.752568483 0.432637572
vn 0.232766107 -0.968602598 0.0873444751
vn 0.36357379 -0.912947774 0.185311854
vn -0.364976496 -0.749210417 0.552698612
vn 0.280166686 -0.949697971 0.139930651
vn 0.322216213 -0.937015116 0.134831458
vn 0.147502005 -0.749229789 -0.645676374
vn 0.256272107 -0.95800662 0.128639549
vn -0.0473352596 -0.812726498 -0.580719531
vn 0.232434601 -0.964866281 0.122504152
vn 0.290542603 -0.949237883 0.120550655
vn 0.856196105 -0.501039922 -0.126045808
vn 0.726627529 -0.581051707 -0.366594523
vn 0.045503851 -0.782172501 -0.62139827
vn -0.273387492 -0.960426986 0.0532857887
vn -0.206368893 -0.970226824 0.126775548
vn -0.165202603 -0.789542079 -0.591042757
vn -0.584525108 -0.535725713 -0.609367371
vn -0.496725112 -0.866003275 0.0574669428
vn -0.971426487 -0.236768007 -0.0164803304
vn -0.270489901 -0.954787016 0.123357758
vn 0.349259496 -0.778326213 0.521752954
vn -0.279527009 -0.925347507 0.256118566
vn 0.303391308 -0.860976994 -0.408255219
vn -0.865867019 -0.267106235 0.422999501
vn -0.758777201 -0.270342231 0.592598081
vn -0.5752545 -0.788491428 0.217631564
vn -0.734049618 -0.460993558 -0.498654425
vn -0.899556875 0.206157908 -0.385092705
vn 0.343956888 -0.920443416 0.18568176
vn 0.0757179782 -0.585021555 0.807475507
vn 0.365348101 -0.929011405 0.0588108376
vn -0.0891754627 0.818449318 0.567616582
vn -0.110509202 0.830635309 0.545740664
vn -0.0816386864 0.831860304 0.548947871
vn -0.1038858 0.848940194 0.518177986
vn -0.122960202 0.861575723 0.492512137
vn -0.220502004 0.862994313 0.454554439
vn -0.205972597 0.900096595 0.383928925
vn -0.168801293 0.878005028 0.447898835
vn -0.32252571 0.940872908 0.103612341
vn -0.212413698 0.919879913 0.329699218
vn -0.336559802 0.933687925 0.122288235
vn 0.0382096693 0.65551585 0.754214108
vn -0.00128179695 0.697365344 0.71671468
vn -0.0689427778 0.742439985 0.666355789
vn 0.00643950701 0.759100914 0.650941253
vn -0.0900925323 0.786753178 0.610657752
vn -0.139259607 0.844713807 0.516783834
vn -0.0822793171 0.838358104 0.538874745
vn -0.153053701 0.832380414 0.532651484
vn -0.135751307 0.826776803 0.545904636
vn -0.231487602 0.837963879 0.494196415
vn -0.135534704 0.817816794 0.559290648
vn -0.128273502 0.881007016 0.45538184
vn -0.307541013 0.940019011 0.147590339
vn -0.280532897 0.952139497 0.121375047
vn -0.0251477305 0.613433778 -0.789345801
vn 0.0195015594 0.996198416 -0.0849035457
vn 0.02035629 0.972646594 -0.231396362
vn 0.0250868201 0.33223322 -0.942863584
vn -0.0983042717 0.777461708 -0.621200264
vn 0.0419027209 0.656862557 0.752845109
vn 0.1036148 0.591046751 0.799954891
vn -0.225448102 0.659314454 -0.71727097
vn 0.0682108924 0.361990929 -0.929682672
vn -0.1557713 0.522126734 -0.838521898
vn -0.293935299 0.473147035 -0.830502212
vn -0.247452095 0.908993006 -0.335409373
vn -0.0690948293 0.974561214 0.213205338
vn 0.0558497906 0.997910976 0.0324722342
vn -0.300067097 0.87725091 -0.374687165
vn -0.108769096 0.602808058 -0.790437818
vn 0.194222897 0.110753447 -0.974685192
vn 0.133583307 0.165933952 -0.977047384
vn 0.256331593 0.173166543 -0.950950921
vn -0.340597808 0.878382206 -0.33531788
vn -0.397542894 0.872055173 -0.285445869
vn -0.345410496 0.647057176 -0.679712176
vn 0.151098698 0.923896313 0.351546317
vn 0.142434701 0.761615574 0.632182181
vn 0.0802053809 0.77898097 0.621896982
vn 0.0115363002 0.782241106 0.622869134
vn 0.0240183994 0.812048614 0.583095431
vn -0.136208102 0.822559118 0.552126765
vn 0.073764801 0.943011999 0.324479938
vn 0.0291459505 0.98223561 0.185374752
vn -0.151893407 0.836985826 0.525721788
vn -0.0178536698 0.781443596 0.623720586
vn -0.0414447114 0.783512592 0.619992137
vn 0.158853799 0.951047719 0.265092134
vn -0.0531943999 0.881782115 0.468648016
vn -0.00100707996 0.991233587 0.132117644
vn 0.154790804 0.815795422 0.557241082
vn -0.154306501 0.970184326 0.186901346
vn -0.0785863325 0.995498478 0.0529809333
vn 0.245767206 0.878084421 0.410568237
vn -0.0586570501 0.986031413 0.155889943
vn -0.0439174697 0.834798813 0.548800945
vn 0.811467528 0.0361648947 -0.583277583
vn 0.529477 -0.0554532632 -0.846509874
vn -0.566561222 -0.310931057 -0.76310581
vn -0.980573177 -0.157477602 0.116948493
vn -0.868663073 -0.345231175 -0.355302542
vn -0.876203418 -0.120489426 0.466636986
vn -0.768901825 -0.119574428 0.628085971
vn 0.990823925 0.130162701 0.0364089087
vn 0.9542557 0.106513314 -0.279376209
vn -0.0109869204 0.143288255 0.98962009
vn 0.222027496 0.15311496 0.962943196
vn -0.396136701 0.0415973179 0.917248785
vn -0.207744494 0.103338055 0.972709417
vn -0.687814116 -0.0880177319 0.720530808
vn -0.585663676 -0.0220348556 0.810254574
vn 0.801410675 0.124000579 0.585119307
vn 0.934704602 0.111699387 0.337417692
vn -0.288954586 -0.253827184 -0.923080206
vn 0.227735296 -0.144264862 -0.962976813
vn -0.0387282297 -0.184699252 -0.982031822
vn -0.67975539 -0.412406743 0.606509209
vn -0.247177303 -0.641153336 0.726516306
vn -0.151037604 -0.626795769 0.764405012
vn -0.0523399711 0.592830479 -0.80362469
vn -0.320360601 -0.165139556 -0.932790518
vn -0.369768798 -0.138281763 -0.918775916
vn 0.257125705 -0.252212077 -0.932885528
vn -0.129918605 -0.253519982 -0.958566129
vn 0.472157389 0.789248407 -0.392625183
vn 0.290176809 0.632053137 -0.718544602
vn 0.854902327 -0.507564008 -0.107335821
vn 0.516058624 -0.80208993 -0.300558627
vn 0.805247724 -0.509822309 -0.302749932
vn -0.875749707 0.211284712 -0.434075207
vn -0.649602771 0.0947623476 -0.754344881
vn 0.288833708 -0.333574861 -0.89738673
vn 0.658785403 -0.51275152 -0.550534129
vn 0.850692928 -0.422019809 0.313401878
vn 0.80430913 -0.367759138 0.466733575
vn -0.925664306 0.30384469 0.225442022
vn -0.953915179 0.291521609 -0.0711407438
vn 0.159889594 -0.0104070129 0.987080216
vn -0.053927239 0.0186165664 0.998371422
vn 0.691822827 -0.221909434 0.687122703
vn 0.546199977 -0.159462228 0.822336614
vn 0.778751671 -0.302992016 0.549310327
vn 0.30797559 -0.680867016 0.664508402
vn -0.660095513 0.253216177 0.707216799
vn -0.82670629 0.285477281 0.484829307
vn -0.174600095 -0.0876204446 -0.980733216
vn 0.0158392694 -0.16541256 -0.986097276
vn -0.389092296 0.000488351274 -0.921198726
vn 0.379053205 -0.0734606683 0.922454476
vn 0.381829292 -0.919582725 0.0925960764
vn 0.535852909 0.173744664 0.826241314
vn 0.8725757 -0.486751288 -0.0410483629
vn -0.367848009 0.164895162 0.915148914
vn 0.332837492 0.939946771 0.0756254569
vn 0.0226453505 0.0734907761 -0.997038782
vn 0.124241702 -0.379866362 -0.91666007
f 1/1/1 2/2/2 3/3/3
f 4/3/3 5/4/4 6/1/1
f 7/5/5 8/6/6 9/7/7
f 10/5/5 11/8/8 12/9/9
f 13/10/10 14/11/11 15/12/12
f 16/13/13 17/14/14 18/15/15
f 19/16/16 20/17/17 21/10/10
f 22/18/9 23/19/18 24/20/19
f 25/20/19 26/21/20 27/13/13
f 28/22/21 29/23/22 30/24/23
f 31/24/23 32/25/24 33/22/21
f 34/26/25 35/27/26 36/28/27
f 37/29/28 38/23/22 39/26/25
f 40/26/25 41/30/29 42/29/28
f 43/31/30 44/2/2 45/24/23
f 46/24/23 47/32/31 48/31/30
f 49/33/32 50/34/33 51/35/34
f 52/33/32 53/36/35 54/37/36
f 55/38/37 56/19/18 57/39/38
f 58/39/38 59/40/8 60/41/39
f 61/42/40 62/43/41 63/44/42
f 64/45/43 65/21/20 66/38/37
f 67/37/36 68/11/11 69/46/44
f 70/46/44 71/17/17 72/42/40
f 73/47/45 74/48/46 75/49/47
f 76/49/47 77/50/48 78/47/45
f 79/51/49 80/8/8 81/7/7
f 82/7/7 83/52/50 84/51/49
f 85/53/51 86/6/6 87/3/3
f 88/3/3 89/54/52 90/53/51
f 91/55/53 92/56/54 93/57/55
f 94/57/55 95/58/56 96/55/53
f 97/59/57 98/60/58 99/61/59
f 100/61/59 101/62/60 102/59/57
f 103/63/61 104/64/62 105/65/63
f 106/65/63 107/66/64 108/67/65
f 109/68/65 110/69/66 111/70/63
f 112/70/63 113/71/67 114/72/61
f 115/73/68 116/74/69 117/75/70
f 118/75/70 119/76/71 120/77/72
f 121/77/72 122/78/73 123/75/70
f 124/75/70 125/79/74 126/73/68
f 127/80/75 128/81/76 129/77/72
f 130/77/72 131/59/57 132/80/75
f 133/59/57 134/82/77 135/80/75
f 136/82/77 137/83/78 138/80/75
f 139/84/79 140/85/80 141/82/77
f 142/84/79 143/62/60 144/63/61
f 145/86/79 146/71/67 147/87/81
f 148/87/81 149/88/82 150/86/79
f 151/89/83 152/90/84 153/91/85
f 154/91/85 155/92/86 156/89/83
f 157/92/86 158/93/87 159/89/83
f 160/89/83 161/94/88 162/95/89
f 163/96/90 164/74/69 165/97/91
f 166/97/91 167/98/92 168/99/93
f 169/100/94 170/101/95 171/102/96
f 172/102/96 173/103/97 174/100/94
f 175/104/98 176/105/99 177/87/81
f 178/87/81 179/106/100 180/104/98
f 181/104/98 182/101/95 183/91/85
f 184/91/85 185/107/101 186/104/98
f 187/108/102 188/109/103 189/110/104
f 190/110/104 191/111/105 192/92/86
f 193/92/86 194/112/106 195/110/104
f 196/110/104 197/113/107 198/108/102
f 199/102/96 200/106/100 201/114/108
f 202/114/108 203/71/67 204/69/66
f 205/69/66 206/115/109 207/114/108
f 208/114/108 209/116/110 210/102/96
f 211/117/111 212/118/112 213/119/113
f 214/119/113 215/120/114 216/117/111
f 217/121/115 218/122/116 219/123/117
f 220/121/115 221/118/112 222/124/118
f 223/125/119 224/126/120 225/127/121
f 226/128/122 227/129/123 228/130/124
f 229/128/122 230/131/125 231/132/126
f 232/133/127 233/131/125 234/134/128
f 235/133/127 236/135/129 237/136/130
f 238/137/131 239/138/132 240/139/133
f 241/140/134 242/141/135 243/142/136
f 244/143/137 245/144/138 246/145/139
f 247/146/140 248/147/141 249/148/142
f 250/149/143 251/150/144 252/151/145
f 253/152/146 254/153/147 255/154/148
f 256/154/148 257/155/149 258/152/146
f 259/156/150 260/157/151 261/158/152
f 262/130/124 263/159/153 264/156/150
f 265/160/154 266/161/155 267/162/156
f 268/158/152 269/163/157 270/160/154
f 271/164/158 272/157/151 273/165/159
f 274/166/160 275/163/157 276/164/158
f 277/167/161 278/168/162 279/169/163
f 280/170/164 281/171/165 282/172/166
f 283/173/167 284/129/123 285/174/168
f 286/165/159 287/159/153 288/173/167
f 289/175/169 290/176/170 291/177/171
f 292/178/172 293/179/173 294/180/174
f 295/181/175 296/182/176 297/183/177
f 298/183/177 299/184/178 300/181/175
f 301/185/179 302/172/166 303/186/180
f 304/187/181 305/188/182 306/189/183
f 307/152/146 308/190/184 309/191/185
f 310/191/185 311/192/129 312/152/146
f 313/193/186 314/194/187 315/195/188
f 316/196/189 317/197/190 318/198/191
f 319/151/145 320/199/192 321/200/193
f 322/201/194 323/155/149 324/146/140
f 325/202/195 326/203/196 327/176/170
f 328/204/197 329/186/180 330/203/196
f 331/143/137 332/205/198 333/206/199
f 334/206/199 335/150/144 336/143/137
f 337/140/134 338/207/200 339/208/201
f 340/209/202 341/210/203 342/211/204
f 343/212/205 344/213/206 345/214/207
f 346/212/205 347/215/208 348/216/209
f 349/217/210 350/218/211 351/219/212
f 352/220/213 353/221/214 354/222/215
f 355/162/156 356/223/216 357/224/217
f 358/136/130 359/225/218 360/226/219
f 361/227/220 362/136/130 363/226/219
f 364/228/221 365/229/222 366/230/223
f 367/231/224 368/138/132 369/232/225
f 370/233/226 371/131/125 372/227/220
f 373/174/168 374/132/126 375/233/226
f 376/219/212 377/234/227 378/228/221
f 379/235/228 380/236/229 381/209/202
f 382/237/230 383/232/225 384/238/231
f 385/230/223 386/239/232 387/220/213
f 388/240/233 389/241/234 390/235/228
f 391/208/201 392/242/235 393/243/236
f 394/244/233 395/238/231 396/245/237
f 397/246/238 398/247/239 399/137/131
f 400/243/236 401/248/240 402/246/238
f 403/249/241 404/141/135 405/250/242
f 406/251/243 407/252/244 408/253/245
f 409/254/246 410/253/245 411/168/162
f 412/255/247 413/169/163 414/256/248
f 415/257/249 416/195/188 417/197/190
f 418/258/172 419/259/250 420/187/181
f 421/260/251 422/261/252 423/179/173
f 424/189/183 425/252/244 426/262/253
f 427/263/254 428/171/165 429/264/255
f 430/196/189 431/265/256 432/263/254
f 433/266/257 434/256/248 435/194/187
f 436/267/258 437/161/155 438/166/160
f 439/214/207 440/223/216 441/267/258
f 442/222/215 443/268/259 444/249/241
f 445/269/260 446/270/261 447/217/210
f 448/271/262 449/272/263 450/273/264
f 451/273/264 452/274/265 453/275/266
f 454/275/266 455/276/267 456/277/268
f 457/277/268 458/278/269 459/275/266
f 460/279/268 461/280/270 462/281/271
f 463/282/267 464/283/272 465/279/268
f 466/284/273 467/73/68 468/285/274
f 469/285/274 470/286/275 471/284/273
f 472/287/276 473/288/277 474/285/274
f 475/285/274 476/79/74 477/287/276
f 478/289/278 479/290/279 480/291/280
f 481/272/263 482/288/277 483/289/278
f 484/289/278 485/274/265 486/272/263
f 487/291/280 488/292/281 489/289/278
f 490/293/282 491/294/283 492/295/284
f 493/276/267 494/292/281 495/293/282
f 496/296/282 497/297/285 498/282/267
f 499/298/284 500/299/286 501/296/282
f 502/300/287 503/301/288 504/302/289
f 505/303/290 506/304/291 507/300/287
f 508/93/87 509/303/290 510/300/287
f 511/302/289 512/93/87 513/300/287
f 514/284/273 515/305/292 516/306/293
f 517/306/293 518/98/92 519/284/273
f 520/307/294 521/308/295 522/309/296
f 523/310/297 524/307/294 525/309/296
f 526/311/298 527/312/299 528/313/300
f 529/314/301 530/299/286 531/311/298
f 532/311/298 533/315/302 534/314/301
f 535/313/300 536/304/291 537/311/298
f 538/109/103 539/316/303 540/317/304
f 541/317/304 542/111/105 543/109/103
f 544/308/295 545/303/290 546/317/304
f 547/317/304 548/318/305 549/308/295
f 550/314/301 551/307/294 552/319/306
f 553/319/306 554/297/285 555/314/301
f 556/320/307 557/283/272 558/319/306
f 559/319/306 560/321/308 561/320/307
f 562/298/284 563/322/309 564/312/299
f 565/83/78 566/323/310 567/324/311
f 568/287/276 569/325/312 570/326/313
f 571/291/280 572/327/314 573/294/283
f 574/302/289 575/328/315 576/329/316
f 577/290/279 578/330/317 579/291/280
f 580/78/73 581/331/318 582/332/319
f 583/81/76 584/324/311 585/331/318
f 586/79/74 587/332/319 588/325/312
f 589/107/101 590/333/320 591/105/99
f 592/294/283 593/334/321 594/295/284
f 595/94/88 596/329/316 597/335/322
f 598/88/82 599/333/320 600/336/323
f 601/95/89 602/337/324 603/90/84
f 604/90/84 605/338/325 606/107/101
f 607/313/300 608/322/309 609/339/326
f 610/301/288 611/339/326 612/328/315
f 613/94/88 614/340/327 615/95/89
f 616/85/80 617/341/323 618/323/310
f 619/287/276 620/342/328 621/290/279
f 622/343/329 623/249/241 624/250/242
f 625/250/242 626/344/330 627/343/329
f 628/139/133 629/345/331 630/137/131
f 631/139/133 632/346/332 633/347/333
f 634/348/334 635/231/224 636/237/230
f 637/237/230 638/349/335 639/348/334
f 640/350/336 641/220/213 642/222/215
f 643/222/215 644/351/337 645/350/336
f 646/219/212 647/352/338 648/217/210
f 649/228/221 650/353/339 651/219/212
f 652/354/340 653/209/202 654/211/204
f 655/217/210 656/355/341 657/269/260
f 658/356/342 659/240/233 660/235/228
f 661/235/228 662/357/343 663/356/342
f 664/358/344 665/228/221 666/230/223
f 667/230/223 668/359/345 669/358/344
f 670/360/346 671/243/236 672/246/238
f 673/246/238 674/345/331 675/360/346
f 676/361/347 677/140/134 678/208/201
f 679/208/201 680/362/348 681/361/347
f 682/22/21 683/120/114 684/125/119
f 685/125/119 686/27/26 687/22/21
f 688/363/349 689/13/13 690/364/350
f 691/363/349 692/18/9 693/20/19
f 694/364/350 695/15/15 696/365/351
f 697/121/115 698/9/9 699/366/352
f 700/121/115 701/4/4 702/5/5
f 703/117/111 704/4/4 705/124/118
f 706/117/111 707/25/24 708/1/1
f 709/367/353 710/160/154 711/368/354
f 712/369/355 713/156/150 714/370/356
f 715/370/356 716/158/152 717/367/353
f 718/154/148 719/371/357 720/372/358
f 721/373/359 722/374/147 723/133/127
f 724/133/127 725/375/360 726/373/359
f 727/375/360 728/128/122 729/376/361
f 730/376/361 731/130/124 732/369/355
f 733/257/249 734/377/362 735/193/186
f 736/193/186 737/378/363 738/266/257
f 739/262/253 740/379/364 741/380/365
f 742/380/365 743/189/183 744/262/253
f 745/189/183 746/381/366 747/187/181
f 748/187/181 749/382/367 750/258/172
f 751/263/254 752/383/368 753/196/189
f 754/196/189 755/384/369 756/257/249
f 757/185/179 758/385/370 759/386/371
f 760/386/371 761/170/164 762/185/179
f 763/175/169 764/387/372 765/388/373
f 766/202/195 767/385/370 768/204/197
f 769/178/172 770/389/374 771/260/251
f 772/260/251 773/387/372 774/390/375
f 775/170/164 776/391/376 777/264/255
f 778/264/255 779/392/377 780/263/254
f 781/254/246 782/393/378 783/394/379
f 784/394/379 785/251/243 786/254/246
f 787/266/257 788/395/380 789/255/247
f 790/255/247 791/393/378 792/167/161
f 793/202/195 794/388/373 795/396/381
f 796/269/260 797/354/340 798/211/204
f 799/211/204 800/397/382 801/269/260
f 802/200/193 803/146/140 804/151/145
f 805/390/375 806/177/171 807/261/252
f 808/151/145 809/148/142 810/149/143
f 811/44/42 812/14/14 813/45/43
f 814/15/15 815/43/41 816/16/16
f 817/355/341 818/45/43 819/354/340
f 820/55/53 821/351/337 822/343/329
f 823/343/329 824/30/29 825/55/53
f 826/53/51 827/345/331 828/347/333
f 829/347/333 830/52/50 831/53/51
f 832/51/49 833/346/332 834/348/334
f 835/348/334 836/398/39 837/51/49
f 838/47/45 839/359/345 840/350/336
f 841/350/336 842/58/56 843/47/45
f 844/353/339 845/42/40 846/352/338
f 847/399/383 848/46/44 849/353/339
f 850/354/340 851/38/37 852/357/343
f 853/352/338 854/44/42 855/355/341
f 856/39/38 857/400/335 858/356/342
f 859/356/342 860/38/37 861/39/38
f 862/358/344 863/37/36 864/399/383
f 865/358/344 866/50/48 867/33/32
f 868/31/30 869/362/348 870/360/346
f 871/360/346 872/54/52 873/31/30
f 874/29/28 875/344/330 876/361/347
f 877/361/347 878/32/31 879/29/28
f 880/396/381 881/201/194 882/200/193
f 883/384/369 884/267/258 885/377/362
f 886/377/362 887/166/160 888/378/363
f 889/380/365 890/174/168 891/233/226
f 892/380/365 893/227/220 894/401/384
f 895/401/384 896/226/219 897/381/366
f 898/381/366 899/225/218 900/382/367
f 901/392/377 902/212/205 903/383/368
f 904/383/368 905/214/207 906/384/369
f 907/386/371 908/199/192 909/206/199
f 910/206/199 911/402/385 912/386/371
f 913/388/373 914/190/184 915/201/194
f 916/200/193 917/385/370 918/396/381
f 919/389/374 920/403/218 921/191/185
f 922/191/185 923/387/372 924/389/374
f 925/391/376 926/205/198 927/183/177
f 928/183/177 929/392/377 930/391/376
f 931/394/379 932/165/159 933/173/167
f 934/173/167 935/379/364 936/394/379
f 937/378/363 938/164/158 939/395/380
f 940/395/380 941/165/159 942/393/378
f 943/1/1 944/25/24 945/2/2
f 946/3/3 947/6/6 948/4/4
f 949/5/5 950/4/4 951/6/6
f 952/5/5 953/7/7 954/8/8
f 955/10/10 956/17/17 957/11/11
f 958/13/13 959/21/20 960/14/14
f 961/16/16 962/43/41 963/17/17
f 964/18/9 965/40/8 966/19/18
f 967/20/19 968/19/18 969/21/20
f 970/22/21 971/27/26 972/23/22
f 973/24/23 974/2/2 975/25/24
f 976/26/25 977/23/22 978/27/26
f 979/29/28 980/32/31 981/23/22
f 982/26/25 983/56/54 984/30/29
f 985/31/30 986/54/52 987/2/2
f 988/24/23 989/23/22 990/32/31
f 991/33/32 992/50/48 993/34/33
f 994/33/32 995/35/34 996/36/35
f 997/38/37 998/21/20 999/19/18
f 1000/39/38 1001/19/18 1002/40/8
f 1003/42/40 1004/17/17 1005/43/41
f 1006/45/43 1007/14/14 1008/21/20
f 1009/37/36 1010/36/35 1011/11/11
f 1012/46/44 1013/11/11 1014/17/17
f 1015/47/45 1016/58/56 1017/48/46
f 1018/49/47 1019/34/33 1020/50/48
f 1021/51/49 1022/398/39 1023/8/8
f 1024/7/7 1025/6/6 1026/52/50
f 1027/53/51 1028/52/50 1029/6/6
f 1030/3/3 1031/2/2 1032/54/52
f 1033/55/53 1034/30/29 1035/56/54
f 1036/57/55 1037/48/46 1038/58/56
f 1039/59/57 1040/76/71 1041/60/58
f 1042/61/59 1043/64/62 1044/62/60
f 1045/63/61 1046/62/60 1047/64/62
f 1048/65/63 1049/64/62 1050/66/64
f 1051/68/65 1052/404/386 1053/69/66
f 1054/70/63 1055/69/66 1056/71/67
f 1057/73/68 1058/98/92 1059/74/69
f 1060/75/70 1061/74/69 1062/76/71
f 1063/77/72 1064/81/76 1065/78/73
f 1066/75/70 1067/78/73 1068/79/74
f 1069/80/75 1070/83/78 1071/81/76
f 1072/77/72 1073/76/71 1074/59/57
f 1075/59/57 1076/62/60 1077/82/77
f 1078/82/77 1079/85/80 1080/83/78
f 1081/84/79 1082/405/82 1083/85/80
f 1084/84/79 1085/82/77 1086/62/60
f 1087/86/79 1088/72/61 1089/71/67
f 1090/87/81 1091/105/99 1092/88/82
f 1093/89/83 1094/95/89 1095/90/84
f 1096/91/85 1097/101/95 1098/92/86
f 1099/92/86 1100/111/105 1101/93/87
f 1102/89/83 1103/93/87 1104/94/88
f 1105/96/90 1106/76/71 1107/74/69
f 1108/97/91 1109/74/69 1110/98/92
f 1111/100/94 1112/112/106 1113/101/95
f 1114/102/96 1115/116/110 1116/103/97
f 1117/104/98 1118/107/101 1119/105/99
f 1120/87/81 1121/71/67 1122/106/100
f 1123/104/98 1124/106/100 1125/101/95
f 1126/91/85 1127/90/84 1128/107/101
f 1129/108/102 1130/406/387 1131/109/103
f 1132/110/104 1133/109/103 1134/111/105
f 1135/92/86 1136/101/95 1137/112/106
f 1138/110/104 1139/112/106 1140/113/107
f 1141/102/96 1142/101/95 1143/106/100
f 1144/114/108 1145/106/100 1146/71/67
f 1147/69/66 1148/404/386 1149/115/109
f 1150/114/108 1151/115/109 1152/116/110
f 1153/117/111 1154/124/118 1155/118/112
f 1156/119/113 1157/126/120 1158/120/114
f 1159/121/115 1160/366/352 1161/122/116
f 1162/121/115 1163/123/117 1164/118/112
f 1165/125/119 1166/120/114 1167/126/120
f 1168/128/122 1169/132/126 1170/129/123
f 1171/128/122 1172/134/128 1173/131/125
f 1174/133/127 1175/136/130 1176/131/125
f 1177/133/127 1178/374/147 1179/135/129
f 1180/137/131 1181/247/239 1182/138/132
f 1183/140/134 1184/250/242 1185/141/135
f 1186/143/137 1187/150/144 1188/144/138
f 1189/146/140 1190/155/149 1191/147/141
f 1192/149/143 1193/144/138 1194/150/144
f 1195/152/146 1196/192/129 1197/153/147
f 1198/154/148 1199/147/141 1200/155/149
f 1201/156/150 1202/159/153 1203/157/151
f 1204/130/124 1205/129/123 1206/159/153
f 1207/160/154 1208/163/157 1209/161/155
f 1210/158/152 1211/157/151 1212/163/157
f 1213/164/158 1214/163/157 1215/157/151
f 1216/166/160 1217/161/155 1218/163/157
f 1219/167/161 1220/254/246 1221/168/162
f 1222/170/164 1223/264/255 1224/171/165
f 1225/173/167 1226/159/153 1227/129/123
f 1228/165/159 1229/157/151 1230/159/153
f 1231/175/169 1232/202/195 1233/176/170
f 1234/178/172 1235/260/251 1236/179/173
f 1237/181/175 1238/215/208 1239/182/176
f 1240/183/177 1241/205/198 1242/184/178
f 1243/185/179 1244/170/164 1245/172/166
f 1246/187/181 1247/259/250 1248/188/182
f 1249/152/146 1250/155/149 1251/190/184
f 1252/191/185 1253/403/218 1254/192/129
f 1255/193/186 1256/266/257 1257/194/187
f 1258/196/189 1259/257/249 1260/197/190
f 1261/151/145 1262/150/144 1263/199/192
f 1264/201/194 1265/190/184 1266/155/149
f 1267/202/195 1268/204/197 1269/203/196
f 1270/204/197 1271/185/179 1272/186/180
f 1273/143/137 1274/184/178 1275/205/198
f 1276/206/199 1277/199/192 1278/150/144
f 1279/140/134 1280/142/136 1281/207/200
f 1282/209/202 1283/236/229 1284/210/203
f 1285/212/205 1286/216/209 1287/213/206
f 1288/212/205 1289/182/176 1290/215/208
f 1291/217/210 1292/270/261 1293/218/211
f 1294/220/213 1295/239/232 1296/221/214
f 1297/162/156 1298/161/155 1299/223/216
f 1300/136/130 1301/135/129 1302/225/218
f 1303/227/220 1304/131/125 1305/136/130
f 1306/228/221 1307/234/227 1308/229/222
f 1309/231/224 1310/139/133 1311/138/132
f 1312/233/226 1313/132/126 1314/131/125
f 1315/174/168 1316/129/123 1317/132/126
f 1318/219/212 1319/218/211 1320/234/227
f 1321/235/228 1322/241/234 1323/236/229
f 1324/237/230 1325/231/224 1326/232/225
f 1327/230/223 1328/229/222 1329/239/232
f 1330/240/233 1331/407/237 1332/241/234
f 1333/208/201 1334/207/200 1335/242/235
f 1336/244/233 1337/237/230 1338/238/231
f 1339/246/238 1340/248/240 1341/247/239
f 1342/243/236 1343/242/235 1344/248/240
f 1345/249/241 1346/268/259 1347/141/135
f 1348/251/243 1349/262/253 1350/252/244
f 1351/254/246 1352/251/243 1353/253/245
f 1354/255/247 1355/167/161 1356/169/163
f 1357/257/249 1358/193/186 1359/195/188
f 1360/258/172 1361/408/174 1362/259/250
f 1363/260/251 1364/390/375 1365/261/252
f 1366/189/183 1367/188/182 1368/252/244
f 1369/263/254 1370/265/256 1371/171/165
f 1372/196/189 1373/198/191 1374/265/256
f 1375/266/257 1376/255/247 1377/256/248
f 1378/267/258 1379/223/216 1380/161/155
f 1381/214/207 1382/213/206 1383/223/216
f 1384/222/215 1385/221/214 1386/268/259
f 1387/269/260 1388/397/382 1389/270/261
f 1390/271/262 1391/286/275 1392/272/263
f 1393/273/264 1394/272/263 1395/274/265
f 1396/275/266 1397/274/265 1398/276/267
f 1399/277/268 1400/409/271 1401/278/269
f 1402/279/268 1403/283/272 1404/280/270
f 1405/282/267 1406/297/285 1407/283/272
f 1408/284/273 1409/98/92 1410/73/68
f 1411/285/274 1412/288/277 1413/286/275
f 1414/287/276 1415/290/279 1416/288/277
f 1417/285/274 1418/73/68 1419/79/74
f 1420/289/278 1421/288/277 1422/290/279
f 1423/272/263 1424/286/275 1425/288/277
f 1426/289/278 1427/292/281 1428/274/265
f 1429/291/280 1430/294/283 1431/292/281
f 1432/293/282 1433/292/281 1434/294/283
f 1435/276/267 1436/274/265 1437/292/281
f 1438/296/282 1439/299/286 1440/297/285
f 1441/298/284 1442/312/299 1443/299/286
f 1444/300/287 1445/304/291 1446/301/288
f 1447/303/290 1448/315/302 1449/304/291
f 1450/93/87 1451/111/105 1452/303/290
f 1453/302/289 1454/94/88 1455/93/87
f 1456/284/273 1457/286/275 1458/305/292
f 1459/306/293 1460/99/93 1461/98/92
f 1462/307/294 1463/315/302 1464/308/295
f 1465/310/297 1466/321/308 1467/307/294
f 1468/311/298 1469/299/286 1470/312/299
f 1471/314/301 1472/297/285 1473/299/286
f 1474/311/298 1475/304/291 1476/315/302
f 1477/313/300 1478/301/288 1479/304/291
f 1480/109/103 1481/406/387 1482/316/303
f 1483/317/304 1484/303/290 1485/111/105
f 1486/308/295 1487/315/302 1488/303/290
f 1489/317/304 1490/316/303 1491/318/305
f 1492/314/301 1493/315/302 1494/307/294
f 1495/319/306 1496/283/272 1497/297/285
f 1498/320/307 1499/280/270 1500/283/272
f 1501/319/306 1502/307/294 1503/321/308
f 1504/298/284 1505/410/321 1506/322/309
f 1507/83/78 1508/85/80 1509/323/310
f 1510/287/276 1511/79/74 1512/325/312
f 1513/291/280 1514/330/317 1515/327/314
f 1516/302/289 1517/301/288 1518/328/315
f 1519/290/279 1520/342/328 1521/330/317
f 1522/78/73 1523/81/76 1524/331/318
f 1525/81/76 1526/83/78 1527/324/311
f 1528/79/74 1529/78/73 1530/332/319
f 1531/107/101 1532/338/325 1533/333/320
f 1534/294/283 1535/327/314 1536/334/321
f 1537/94/88 1538/302/289 1539/329/316
f 1540/88/82 1541/105/99 1542/333/320
f 1543/95/89 1544/340/327 1545/337/324
f 1546/90/84 1547/337/324 1548/338/325
f 1549/313/300 1550/312/299 1551/322/309
f 1552/301/288 1553/313/300 1554/339/326
f 1555/94/88 1556/335/322 1557/340/327
f 1558/85/80 1559/405/82 1560/341/323
f 1561/287/276 1562/326/313 1563/342/328
f 1564/343/329 1565/351/337 1566/249/241
f 1567/250/242 1568/140/134 1569/344/330
f 1570/139/133 1571/347/333 1572/345/331
f 1573/139/133 1574/231/224 1575/346/332
f 1576/348/334 1577/346/332 1578/231/224
f 1579/237/230 1580/244/233 1581/349/335
f 1582/350/336 1583/359/345 1584/220/213
f 1585/222/215 1586/249/241 1587/351/337
f 1588/219/212 1589/353/339 1590/352/338
f 1591/228/221 1592/399/383 1593/353/339
f 1594/354/340 1595/357/343 1596/209/202
f 1597/217/210 1598/352/338 1599/355/341
f 1600/356/342 1601/400/335 1602/240/233
f 1603/235/228 1604/209/202 1605/357/343
f 1606/358/344 1607/399/383 1608/228/221
f 1609/230/223 1610/220/213 1611/359/345
f 1612/360/346 1613/362/348 1614/243/236
f 1615/246/238 1616/137/131 1617/345/331
f 1618/361/347 1619/344/330 1620/140/134
f 1621/208/201 1622/243/236 1623/362/348
f 1624/22/21 1625/25/24 1626/120/114
f 1627/125/119 1628/411/388 1629/27/26
f 1630/363/349 1631/20/19 1632/13/13
f 1633/363/349 1634/412/352 1635/18/9
f 1636/364/350 1637/13/13 1638/15/15
f 1639/121/115 1640/5/5 1641/9/9
f 1642/121/115 1643/124/118 1644/4/4
f 1645/117/111 1646/1/1 1647/4/4
f 1648/117/111 1649/120/114 1650/25/24
f 1651/367/353 1652/158/152 1653/160/154
f 1654/369/355 1655/130/124 1656/156/150
f 1657/370/356 1658/156/150 1659/158/152
f 1660/154/148 1661/153/147 1662/371/357
f 1663/373/359 1664/413/357 1665/374/147
f 1666/133/127 1667/134/128 1668/375/360
f 1669/375/360 1670/134/128 1671/128/122
f 1672/376/361 1673/128/122 1674/130/124
f 1675/257/249 1676/384/369 1677/377/362
f 1678/193/186 1679/377/362 1680/378/363
f 1681/262/253 1682/251/243 1683/379/364
f 1684/380/365 1685/401/384 1686/189/183
f 1687/189/183 1688/401/384 1689/381/366
f 1690/187/181 1691/381/366 1692/382/367
f 1693/263/254 1694/392/377 1695/383/368
f 1696/196/189 1697/383/368 1698/384/369
f 1699/185/179 1700/204/197 1701/385/370
f 1702/386/371 1703/402/385 1704/170/164
f 1705/175/169 1706/390/375 1707/387/372
f 1708/202/195 1709/396/381 1710/385/370
f 1711/178/172 1712/414/367 1713/389/374
f 1714/260/251 1715/389/374 1716/387/372
f 1717/170/164 1718/402/385 1719/391/376
f 1720/264/255 1721/391/376 1722/392/377
f 1723/254/246 1724/167/161 1725/393/378
f 1726/394/379 1727/379/364 1728/251/243
f 1729/266/257 1730/378/363 1731/395/380
f 1732/255/247 1733/395/380 1734/393/378
f 1735/202/195 1736/175/169 1737/388/373
f 1738/269/260 1739/355/341 1740/354/340
f 1741/211/204 1742/210/203 1743/397/382
f 1744/200/193 1745/201/194 1746/146/140
f 1747/390/375 1748/175/169 1749/177/171
f 1750/151/145 1751/146/140 1752/148/142
f 1753/44/42 1754/43/41 1755/14/14
f 1756/15/15 1757/14/14 1758/43/41
f 1759/355/341 1760/44/42 1761/45/43
f 1762/55/53 1763/58/56 1764/351/337
f 1765/343/329 1766/344/330 1767/30/29
f 1768/53/51 1769/54/52 1770/345/331
f 1771/347/333 1772/346/332 1773/52/50
f 1774/51/49 1775/52/50 1776/346/332
f 1777/348/334 1778/349/335 1779/398/39
f 1780/47/45 1781/50/48 1782/359/345
f 1783/350/336 1784/351/337 1785/58/56
f 1786/353/339 1787/46/44 1788/42/40
f 1789/399/383 1790/37/36 1791/46/44
f 1792/354/340 1793/45/43 1794/38/37
f 1795/352/338 1796/42/40 1797/44/42
f 1798/39/38 1799/41/39 1800/400/335
f 1801/356/342 1802/357/343 1803/38/37
f 1804/358/344 1805/33/32 1806/37/36
f 1807/358/344 1808/359/345 1809/50/48
f 1810/31/30 1811/32/31 1812/362/348
f 1813/360/346 1814/345/331 1815/54/52
f 1816/29/28 1817/30/29 1818/344/330
f 1819/361/347 1820/362/348 1821/32/31
f 1822/396/381 1823/388/373 1824/201/194
f 1825/384/369 1826/214/207 1827/267/258
f 1828/377/362 1829/267/258 1830/166/160
f 1831/380/365 1832/379/364 1833/174/168
f 1834/380/365 1835/233/226 1836/227/220
f 1837/401/384 1838/227/220 1839/226/219
f 1840/381/366 1841/226/219 1842/225/218
f 1843/392/377 1844/182/176 1845/212/205
f 1846/383/368 1847/212/205 1848/214/207
f 1849/386/371 1850/385/370 1851/199/192
f 1852/206/199 1853/205/198 1854/402/385
f 1855/388/373 1856/387/372 1857/190/184
f 1858/200/193 1859/199/192 1860/385/370
f 1861/389/374 1862/414/367 1863/403/218
f 1864/191/185 1865/190/184 1866/387/372
f 1867/391/376 1868/402/385 1869/205/198
f 1870/183/177 1871/182/176 1872/392/377
f 1873/394/379 1874/393/378 1875/165/159
f 1876/173/167 1877/174/168 1878/379/364
f 1879/378/363 1880/166/160 1881/164/158
f 1882/395/380 1883/164/158 1884/165/159
