# MuJoCo material-split OBJ
v 0.0497000217 0.0432999879 0.183899969
v 0.0526000187 0.0464000255 0.169099957
v 0.0483000204 0.0506000072 0.170399994
v -0.0835999846 0.041800037 0.0827000588
v -0.0907000303 0.0441000089 0.0692000166
v -0.0881999731 0.0383000001 0.0826000348
v 0.0483000204 0.0506000072 0.170399994
v 0.0508999825 0.0529999882 0.155499965
v 0.0465999767 0.0576000363 0.156299978
v -0.0928000212 0.0497000366 0.0552000143
v -0.0860000253 0.0482000262 0.0688000172
v -0.0881999731 0.0542000085 0.0543000437
v 0.0465999767 0.0576000363 0.156299978
v 0.043900013 0.0543000326 0.171900004
v 0.0483000204 0.0506000072 0.170399994
v -0.0881999731 0.0542000085 0.0543000437
v -0.0812000036 0.0516000018 0.0687000602
v -0.0832999945 0.0576000363 0.0534000136
v 0.0483000204 0.0506000072 0.170399994
v 0.0452999994 0.0463000089 0.185299963
v 0.0497000217 0.0432999879 0.183899969
v -0.0788999721 0.0447000489 0.0825000107
v -0.0860000253 0.0482000262 0.0688000172
v -0.0835999846 0.041800037 0.0827000588
v 0.0465999767 0.0576000363 0.156299978
v 0.0486999676 0.058900021 0.14259997
v 0.0447000191 0.0637999997 0.143599957
v -0.0881999731 0.0542000085 0.0543000437
v -0.0942000076 0.0547000393 0.0418000668
v -0.0928000212 0.0497000366 0.0552000143
v 0.0447000191 0.0637999997 0.143599957
v 0.0451999903 0.0639000088 0.129699975
v 0.0419999883 0.068900004 0.131199986
v -0.0944999978 0.0586000308 0.0280000418
v -0.0899000093 0.0594000369 0.0412000269
v -0.0907999799 0.0635000095 0.0282000676
v 0.0419999883 0.068900004 0.131199986
v 0.0404000208 0.0677000508 0.144799978
v 0.0447000191 0.0637999997 0.143599957
v -0.0907999799 0.0635000095 0.0282000676
v -0.0852999613 0.0631000027 0.0408000201
v -0.0868999884 0.0676000342 0.0288000479
v 0.0447000191 0.0637999997 0.143599957
v 0.0418999717 0.0614000186 0.157099992
v 0.0465999767 0.0576000363 0.156299978
v -0.0832999945 0.0576000363 0.0534000136
v -0.0899000093 0.0594000369 0.0412000269
v -0.0881999731 0.0542000085 0.0543000437
v 0.0582000017 0.0358000025 0.180999964
v 0.0619999692 0.0348000079 0.165699989
v 0.0574999973 0.0413000211 0.167399973
v -0.0928999707 0.0346000418 0.082900025
v -0.101000011 0.0328999981 0.0696000233
v -0.0979999825 0.0294000059 0.0835000649
v 0.0574999973 0.0413000211 0.167399973
v 0.0602999926 0.039600037 0.15169999
v 0.0555000305 0.047200039 0.154099971
v -0.103299968 0.0367000327 0.0554000549
v -0.0960000083 0.0393000469 0.0693000406
v -0.097800009 0.044200018 0.0556000248
v 0.0555000305 0.047200039 0.154099971
v 0.0526000187 0.0464000255 0.169099957
v 0.0574999973 0.0413000211 0.167399973
v -0.097800009 0.044200018 0.0556000248
v -0.0907000303 0.0441000089 0.0692000166
v -0.0928000212 0.0497000366 0.0552000143
v 0.0574999973 0.0413000211 0.167399973
v 0.0537999794 0.039600037 0.182300001
v 0.0582000017 0.0358000025 0.180999964
v -0.0881999731 0.0383000001 0.0826000348
v -0.0960000083 0.0393000469 0.0693000406
v -0.0928999707 0.0346000418 0.082900025
v 0.0555000305 0.047200039 0.154099971
v 0.056900017 0.0443000421 0.138999969
v 0.0529999733 0.0526000485 0.14109996
v -0.097800009 0.044200018 0.0556000248
v -0.103699982 0.0404000506 0.0419000089
v -0.103299968 0.0367000327 0.0554000549
v 0.0529999733 0.0526000485 0.14109996
v 0.0527999997 0.0482000262 0.125799984
v 0.0487999916 0.0569999963 0.127999991
v -0.103399992 0.0432000384 0.0277000442
v -0.0989999697 0.0486000404 0.042100057
v -0.0986000225 0.0519000515 0.0280000418
v 0.0487999916 0.0569999963 0.127999991
v 0.0486999676 0.058900021 0.14259997
v 0.0529999733 0.0526000485 0.14109996
v -0.0986000225 0.0519000515 0.0280000418
v -0.0942000076 0.0547000393 0.0418000668
v -0.0944999978 0.0586000308 0.0280000418
v 0.0529999733 0.0526000485 0.14109996
v 0.0508999825 0.0529999882 0.155499965
v 0.0555000305 0.047200039 0.154099971
v -0.0928000212 0.0497000366 0.0552000143
v -0.0989999697 0.0486000404 0.042100057
v -0.097800009 0.044200018 0.0556000248
v -0.0213000178 0.0712000281 0.168199986
v -0.0275999904 0.0716999918 0.158299953
v -0.0241000056 0.0657000169 0.169799954
v -0.016200006 0.0641000494 0.0337000266
v -0.0194000006 0.0644999966 0.0450000614
v -0.0163999796 0.0590000376 0.0462000147
v -0.0241000056 0.0657000169 0.169799954
v -0.0181000233 0.0633000284 0.178299993
v -0.0213000178 0.0712000281 0.168199986
v -0.0163999796 0.0590000376 0.0462000147
v -0.0198000073 0.0575000271 0.0562000647
v -0.0164999962 0.0522999987 0.0575000457
v -0.0213000178 0.0712000281 0.168199986
v -0.0151000023 0.0668000132 0.176399976
v -0.0184999704 0.0745999962 0.166699976
v -0.0231000185 0.0610000119 0.0550000444
v -0.0194000006 0.0644999966 0.0450000614
v -0.0224000216 0.0680000484 0.0441000313
v -0.0184999704 0.0745999962 0.166699976
v -0.0249999762 0.0775000006 0.157699972
v -0.0213000178 0.0712000281 0.168199986
v -0.0224000216 0.0680000484 0.0441000313
v -0.018599987 0.0699000061 0.0334000364
v -0.0214999914 0.0737000331 0.0335000604
v -0.016200006 0.0544000491 0.189099997
v -0.0210999846 0.0581000075 0.180199951
v -0.0194000006 0.0499000177 0.190599948
v -0.0164999962 0.0522999987 0.0575000457
v -0.0188000202 0.0495000109 0.0677000657
v -0.0155000091 0.0447999984 0.0686000362
v -0.0194000006 0.0499000177 0.190599948
v -0.0144000063 0.0459000021 0.200399965
v -0.016200006 0.0544000491 0.189099997
v -0.0155000091 0.0447999984 0.0686000362
v -0.0174000263 0.041800037 0.0797000378
v -0.0141999722 0.0378000289 0.0804000273
v -0.016200006 0.0544000491 0.189099997
v -0.0111000007 0.0489000231 0.199299961
v -0.0130000208 0.0578000173 0.18779996
v -0.0207999945 0.0449000224 0.0794000477
v -0.0188000202 0.0495000109 0.0677000657
v -0.0220000148 0.0529000387 0.0672000498
v -0.0130000208 0.0578000173 0.18779996
v -0.0181000233 0.0633000284 0.178299993
v -0.016200006 0.0544000491 0.189099997
v -0.0220000148 0.0529000387 0.0672000498
v -0.0198000073 0.0575000271 0.0562000647
v -0.0231000185 0.0610000119 0.0550000444
v -0.0275999904 0.056599997 0.171200007
v -0.0328999758 0.0495000109 0.157799989
v -0.0309000015 0.0456000194 0.171599954
v -0.0120999906 0.0416000113 0.033500053
v -0.0130000208 0.0498000011 0.0472000651
v -0.0101000099 0.0387000069 0.0475000553
v -0.0309000015 0.0456000194 0.171599954
v -0.0253000259 0.0506000072 0.182300001
v -0.0275999904 0.056599997 0.171200007
v -0.0101000099 0.0387000069 0.0475000553
v -0.0122000007 0.0447000489 0.0589000359
v -0.00840003043 0.0353000388 0.0597000569
v -0.0275999904 0.056599997 0.171200007
v -0.0210999846 0.0581000075 0.180199951
v -0.0241000056 0.0657000169 0.169799954
v -0.0164999962 0.0522999987 0.0575000457
v -0.0130000208 0.0498000011 0.0472000651
v -0.0163999796 0.0590000376 0.0462000147
v -0.0241000056 0.0657000169 0.169799954
v -0.0307000279 0.0615999922 0.158600003
v -0.0275999904 0.056599997 0.171200007
v -0.0163999796 0.0590000376 0.0462000147
v -0.0134999799 0.0538000092 0.0339000672
v -0.016200006 0.0641000494 0.0337000266
v -0.0232999921 0.0438000187 0.192699999
v -0.0292000175 0.0413000211 0.183499962
v -0.0274000168 0.0359000117 0.194599956
v -0.00840003043 0.0353000388 0.0597000569
v -0.0113000302 0.0387000069 0.0700000376
v -0.0070999898 0.0307000503 0.0711000338
v -0.0274000168 0.0359000117 0.194599956
v -0.0210000277 0.0368999913 0.20359996
v -0.0232999921 0.0438000187 0.192699999
v -0.0070999898 0.0307000503 0.0711000338
v -0.0105000203 0.0327000171 0.0816000476
v -0.00669998117 0.0260000974 0.0831000507
v -0.0232999921 0.0438000187 0.192699999
v -0.0175999999 0.0420000106 0.201799959
v -0.0194000006 0.0499000177 0.190599948
v -0.0141999722 0.0378000289 0.0804000273
v -0.0113000302 0.0387000069 0.0700000376
v -0.0155000091 0.0447999984 0.0686000362
v -0.0194000006 0.0499000177 0.190599948
v -0.0253000259 0.0506000072 0.182300001
v -0.0232999921 0.0438000187 0.192699999
v -0.0155000091 0.0447999984 0.0686000362
v -0.0122000007 0.0447000489 0.0589000359
v -0.0164999962 0.0522999987 0.0575000457
v 0.0680000111 0.0221000016 0.178499967
v 0.0699999928 0.0154000968 0.162299961
v 0.0667999908 0.0258001015 0.163799971
v -0.103399992 0.0213999972 0.084500052
v -0.110400021 0.0138000995 0.0702000633
v -0.107299984 0.0116999969 0.0854000226
v 0.0667999908 0.0258001015 0.163799971
v 0.0669000074 0.0188001022 0.147100002
v 0.0640000105 0.0298000202 0.149299949
v -0.111699991 0.0161001012 0.0544000641
v -0.106500022 0.0241001025 0.0698000565
v -0.10799998 0.0270000994 0.0549000241
v 0.0640000105 0.0298000202 0.149299949
v 0.0619999692 0.0348000079 0.165699989
v 0.0667999908 0.0258001015 0.163799971
v -0.10799998 0.0270000994 0.0549000241
v -0.101000011 0.0328999981 0.0696000233
v -0.103299968 0.0367000327 0.0554000549
v 0.0667999908 0.0258001015 0.163799971
v 0.0628999993 0.0304000005 0.179699987
v 0.0680000111 0.0221000016 0.178499967
v -0.0979999825 0.0294000059 0.0835000649
v -0.106500022 0.0241001025 0.0698000565
v -0.103399992 0.0213999972 0.084500052
v 0.0640000105 0.0298000202 0.149299949
v 0.0625 0.0212000981 0.13289997
v 0.0605000183 0.0332999974 0.135799974
v -0.10799998 0.0270000994 0.0549000241
v -0.111599982 0.0173000991 0.0395000279
v -0.111699991 0.0161001012 0.0544000641
v 0.0625 0.0212000981 0.13289997
v 0.0561000109 0.0364999995 0.122299999
v 0.0605000183 0.0332999974 0.135799974
v -0.111599982 0.0173000991 0.0395000279
v -0.10799998 0.0314999968 0.0263000503
v -0.110400021 0.0184000954 0.0244000331
v 0.0561000109 0.0364999995 0.122299999
v 0.056900017 0.0443000421 0.138999969
v 0.0605000183 0.0332999974 0.135799974
v -0.10799998 0.0314999968 0.0263000503
v -0.103699982 0.0404000506 0.0419000089
v -0.103399992 0.0432000384 0.0277000442
v 0.0605000183 0.0332999974 0.135799974
v 0.0602999926 0.039600037 0.15169999
v 0.0640000105 0.0298000202 0.149299949
v -0.103299968 0.0367000327 0.0554000549
v -0.10839998 0.0294000059 0.0407000482
v -0.10799998 0.0270000994 0.0549000241
v 0.0706000328 0.00180010498 0.176799983
v 0.0653999969 -0.00419990718 0.161500007
v 0.069499962 0.00460010022 0.16139999
v -0.107200019 0.00120009482 0.0852000564
v -0.106899969 -0.00599990785 0.0696000159
v -0.103699982 -0.00730000436 0.0852000564
v 0.069499962 0.00460010022 0.16139999
v 0.0627000332 -0.00109989941 0.145899966
v 0.0662000105 0.00779999793 0.145899981
v -0.108799994 -0.0040999949 0.0537
v -0.110499971 0.00290009379 0.0699000135
v -0.111899972 0.00500009954 0.0539000444
v 0.0662000105 0.00779999793 0.145899981
v 0.0699999928 0.0154000968 0.162299961
v 0.069499962 0.00460010022 0.16139999
v -0.111899972 0.00500009954 0.0539000444
v -0.110400021 0.0138000995 0.0702000633
v -0.111699991 0.0161001012 0.0544000641
v 0.069499962 0.00460010022 0.16139999
v 0.0713000298 0.0122001022 0.177599996
v 0.0706000328 0.00180010498 0.176799983
v -0.107299984 0.0116999969 0.0854000226
v -0.110499971 0.00290009379 0.0699000135
v -0.107200019 0.00120009482 0.0852000564
v 0.0662000105 0.00779999793 0.145899981
v 0.0572999716 0.0015000999 0.131399959
v 0.0613999888 0.0101000965 0.131300002
v -0.111899972 0.00500009954 0.0539000444
v -0.107799999 -0.00269989669 0.0380000249
v -0.108799994 -0.0040999949 0.0537
v 0.0572999716 0.0015000999 0.131399959
v 0.0552999899 0.0123000965 0.117199987
v 0.0613999888 0.0101000965 0.131300002
v -0.107799999 -0.00269989669 0.0380000249
v -0.1096 0.00700009614 0.0231000483
v -0.105999999 -0.00149990618 0.0224000514
v 0.0613999888 0.0101000965 0.131300002
v 0.0570999905 0.0235999972 0.118999988
v 0.0625 0.0212000981 0.13289997
v -0.110400021 0.0184000954 0.0244000331
v -0.111400001 0.00599999726 0.0385000408
v -0.111599982 0.0173000991 0.0395000279
v 0.0613999888 0.0101000965 0.131300002
v 0.0669000074 0.0188001022 0.147100002
v 0.0662000105 0.00779999793 0.145899981
v -0.111699991 0.0161001012 0.0544000641
v -0.111400001 0.00599999726 0.0385000408
v -0.111899972 0.00500009954 0.0539000444
v -0.0335999727 0.0378000289 0.155499965
v -0.0332999825 0.0222001001 0.167600006
v -0.033100009 0.0344000086 0.170100003
v -0.0126000103 0.0296999961 0.0319000185
v -0.00980002061 0.0150000975 0.0448000208
v -0.0151000023 0.0172000974 0.0301000178
v -0.0332999825 0.0222001001 0.167600006
v -0.0325000286 0.0306000262 0.182899982
v -0.033100009 0.0344000086 0.170100003
v -0.00980002061 0.0150000975 0.0448000208
v -0.00590003096 0.0244001001 0.0590000562
v -0.00559998117 0.0123000965 0.0579000451
v -0.033100009 0.0344000086 0.170100003
v -0.0292000175 0.0413000211 0.183499962
v -0.0309000015 0.0456000194 0.171599954
v -0.00840003043 0.0353000388 0.0597000569
v -0.00880003069 0.027300097 0.046300035
v -0.0101000099 0.0387000069 0.0475000553
v -0.0309000015 0.0456000194 0.171599954
v -0.0335999727 0.0378000289 0.155499965
v -0.033100009 0.0344000086 0.170100003
v -0.0101000099 0.0387000069 0.0475000553
v -0.0126000103 0.0296999961 0.0319000185
v -0.0120999906 0.0416000113 0.033500053
v -0.0310999751 0.0260000899 0.195199996
v -0.0337999985 0.0187001005 0.181099981
v -0.033100009 0.0147000924 0.194999963
v -0.00559998117 0.0123000965 0.0579000451
v -0.00379998051 0.0206000954 0.071500048
v -0.00230002962 0.00930009782 0.0716000497
v -0.033100009 0.0147000924 0.194999963
v -0.0282999873 0.0213999897 0.207800001
v -0.0310999751 0.0260000899 0.195199996
v -0.00230002962 0.00930009782 0.0716000497
v -0.00290000997 0.0170001015 0.0846000165
v -0.000899979845 0.0069001019 0.0862000287
v -0.0310999751 0.0260000899 0.195199996
v -0.024600029 0.0303000286 0.205799967
v -0.0274000168 0.0359000117 0.194599956
v -0.00669998117 0.0260000974 0.0831000507
v -0.00379998051 0.0206000954 0.071500048
v -0.0070999898 0.0307000503 0.0711000338
v -0.0274000168 0.0359000117 0.194599956
v -0.0325000286 0.0306000262 0.182899982
v -0.0310999751 0.0260000899 0.195199996
v -0.0070999898 0.0307000503 0.0711000338
v -0.00590003096 0.0244001001 0.0590000562
v -0.00840003043 0.0353000388 0.0597000569
v -0.0291000009 0.0113001019 0.149199992
v -0.0271999836 -0.00249990821 0.163199976
v -0.0314000249 0.00840009749 0.165299982
v -0.0196999907 0.00320009887 0.0293000117
v -0.0178999901 -0.0094999969 0.0443000495
v -0.0256000161 -0.00759990513 0.0292000547
v -0.0314000249 0.00840009749 0.165299982
v -0.0286999941 -0.00459989905 0.177699953
v -0.0328000188 0.00559999794 0.179599971
v -0.0123000201 -0.0107998997 0.0578000322
v -0.0129000004 0.00120009482 0.0442000404
v -0.00739997998 -0.000799894333 0.0576000512
v -0.0314000249 0.00840009749 0.165299982
v -0.0337999985 0.0187001005 0.181099981
v -0.0332999825 0.0222001001 0.167600006
v -0.00559998117 0.0123000965 0.0579000451
v -0.0129000004 0.00120009482 0.0442000404
v -0.00980002061 0.0150000975 0.0448000208
v -0.0314000249 0.00840009749 0.165299982
v -0.032400012 0.0253999978 0.152199954
v -0.0291000009 0.0113001019 0.149199992
v -0.0151000023 0.0172000974 0.0301000178
v -0.0129000004 0.00120009482 0.0442000404
v -0.0196999907 0.00320009887 0.0293000117
v -0.0328000188 0.00559999794 0.179599971
v -0.0282999873 -0.00609989464 0.192599982
v -0.0321999788 0.00300009549 0.194299966
v -0.00739997998 -0.000799894333 0.0576000512
v -0.00840003043 -0.011399895 0.0723000467
v -0.0123000201 -0.0107998997 0.0578000322
v -0.0321999788 0.00300009549 0.194299966
v -0.0260999799 -0.00699999928 0.207899988
v -0.0299999714 0.00100010633 0.209099993
v -0.00610000081 -0.0110999048 0.0876000375
v -0.00379998051 -0.00239990652 0.0721000209
v -0.00169998966 -0.00329990685 0.0870000571
v -0.0321999788 0.00300009549 0.194299966
v -0.0303999782 0.0113000944 0.209199995
v -0.033100009 0.0147000924 0.194999963
v -0.000899979845 0.0069001019 0.0862000287
v -0.00379998051 -0.00239990652 0.0721000209
v -0.00230002962 0.00930009782 0.0716000497
v -0.033100009 0.0147000924 0.194999963
v -0.0328000188 0.00559999794 0.179599971
v -0.0321999788 0.00300009549 0.194299966
v -0.00230002962 0.00930009782 0.0716000497
v -0.00739997998 -0.000799894333 0.0576000512
v -0.00559998117 0.0123000965 0.0579000451
v 0.0491999909 0.0274999887 0.229299992
v 0.0536999702 0.0274999887 0.218499988
v 0.0501999781 0.0303999931 0.218499988
v -0.0703999847 0.0290000066 0.127099961
v -0.0778999925 0.0285999998 0.118099958
v -0.0730999708 0.0266001001 0.128800005
v 0.0501999781 0.0303999931 0.218499988
v 0.0541999862 0.030900009 0.205499977
v 0.0503000021 0.0339999944 0.206099957
v -0.0820999742 0.0310999975 0.10550002
v -0.0744000003 0.0312000066 0.116899997
v -0.0781000257 0.0340000018 0.104800023
v 0.0503000021 0.0339999944 0.206099957
v 0.0462999865 0.0324000195 0.218999982
v 0.0501999781 0.0303999931 0.218499988
v -0.0781000257 0.0340000018 0.104800023
v -0.0705000088 0.0330000073 0.116099983
v -0.0734999701 0.0363000184 0.104100026
v 0.0501999781 0.0303999931 0.218499988
v 0.0465000197 0.0295000225 0.227099985
v 0.0491999909 0.0274999887 0.229299992
v -0.0684000254 0.0307000503 0.1241
v -0.0744000003 0.0312000066 0.116899997
v -0.0703999847 0.0290000066 0.127099961
v 0.0503000021 0.0339999944 0.206099957
v 0.053899996 0.0346999913 0.19419995
v 0.0500000119 0.0378999785 0.195199996
v -0.0781000257 0.0340000018 0.104800023
v -0.0849999711 0.0342000276 0.0944000259
v -0.0820999742 0.0310999975 0.10550002
v 0.0500000119 0.0378999785 0.195199996
v 0.0537999794 0.039600037 0.182300001
v 0.0497000217 0.0432999879 0.183899969
v -0.0881999731 0.0383000001 0.0826000348
v -0.0807999894 0.037199989 0.0940000266
v -0.0835999846 0.041800037 0.0827000588
v 0.0497000217 0.0432999879 0.183899969
v 0.045400016 0.0406000093 0.196499974
v 0.0500000119 0.0378999785 0.195199996
v -0.0835999846 0.041800037 0.0827000588
v -0.0759000108 0.0397000462 0.0937000364
v -0.0788999721 0.0447000489 0.0825000107
v 0.0500000119 0.0378999785 0.195199996
v 0.0458999798 0.036499992 0.206899971
v 0.0503000021 0.0339999944 0.206099957
v -0.0734999701 0.0363000184 0.104100026
v -0.0807999894 0.037199989 0.0940000266
v -0.0781000257 0.0340000018 0.104800023
v 0.0544999763 0.0220999941 0.230499983
v 0.0594999716 0.0205000937 0.218099982
v 0.0568000004 0.0245000944 0.218299985
v -0.0753999949 0.0239000022 0.130199999
v -0.0838000104 0.0219001025 0.119899951
v -0.0777999759 0.0205001011 0.131499976
v 0.0568000004 0.0245000944 0.218299985
v 0.0609999821 0.0234000906 0.2042
v 0.0574999973 0.0277000889 0.204699963
v -0.0892000124 0.0239000022 0.106900007
v -0.0809999704 0.0256000981 0.118999988
v -0.0855000019 0.0281000957 0.106000036
v 0.0574999973 0.0277000889 0.204699963
v 0.0536999702 0.0274999887 0.218499988
v 0.0568000004 0.0245000944 0.218299985
v -0.0855000019 0.0281000957 0.106000036
v -0.0778999925 0.0285999998 0.118099958
v -0.0820999742 0.0310999975 0.10550002
v 0.0568000004 0.0245000944 0.218299985
v 0.0521000028 0.0249000937 0.229999989
v 0.0544999763 0.0220999941 0.230499983
v -0.0730999708 0.0266001001 0.128800005
v -0.0809999704 0.0256000981 0.118999988
v -0.0753999949 0.0239000022 0.130199999
v 0.0574999973 0.0277000889 0.204699963
v 0.0619999692 0.0266001001 0.192099959
v 0.0577999875 0.0313000306 0.192999989
v -0.0855000019 0.0281000957 0.106000036
v -0.0935999677 0.0263999999 0.095400013
v -0.0892000124 0.0239000022 0.106900007
v 0.0577999875 0.0313000306 0.192999989
v 0.0628999993 0.0304000005 0.179699987
v 0.0582000017 0.0358000025 0.180999964
v -0.0979999825 0.0294000059 0.0835000649
v -0.0891000032 0.0310000405 0.0946000069
v -0.0928999707 0.0346000418 0.082900025
v 0.0582000017 0.0358000025 0.180999964
v 0.053899996 0.0346999913 0.19419995
v 0.0577999875 0.0313000306 0.192999989
v -0.0928999707 0.0346000418 0.082900025
v -0.0849999711 0.0342000276 0.0944000259
v -0.0881999731 0.0383000001 0.0826000348
v 0.0577999875 0.0313000306 0.192999989
v 0.0541999862 0.030900009 0.205499977
v 0.0574999973 0.0277000889 0.204699963
v -0.0820999742 0.0310999975 0.10550002
v -0.0891000032 0.0310000405 0.0946000069
v -0.0855000019 0.0281000957 0.106000036
v -0.0116000203 0.0393000394 0.211099982
v -0.0175999999 0.0420000106 0.201799959
v -0.0145000219 0.0353999808 0.213099986
v -0.0141999722 0.0378000289 0.0804000273
v -0.0173000097 0.0360000283 0.0913000405
v -0.0139999995 0.0321000367 0.0926000252
v -0.0145000219 0.0353999808 0.213099986
v -0.00789999962 0.0342000201 0.222199991
v -0.0116000203 0.0393000394 0.211099982
v -0.0139999995 0.0321000367 0.0926000252
v -0.0177999735 0.031900011 0.103300005
v -0.0145999789 0.0282000974 0.105500013
v -0.0116000203 0.0393000394 0.211099982
v -0.00470001064 0.0371999815 0.219599992
v -0.00819999073 0.0423000008 0.209399998
v -0.0213999748 0.034900032 0.101500012
v -0.0173000097 0.0360000283 0.0913000405
v -0.0209000111 0.0391000062 0.0904000178
v -0.00819999073 0.0423000008 0.209399998
v -0.0144000063 0.0459000021 0.200399965
v -0.0116000203 0.0393000394 0.211099982
v -0.0209000111 0.0391000062 0.0904000178
v -0.0174000263 0.041800037 0.0797000378
v -0.0207999945 0.0449000224 0.0794000477
v -0.00279998966 0.0305000097 0.234200001
v -0.0105000203 0.0303999931 0.224999994
v -0.00470001064 0.0274000913 0.237300009
v -0.0145999789 0.0282000974 0.105500013
v -0.019299984 0.0292000398 0.11649999
v -0.0166000128 0.0263001025 0.119199961
v -0.00470001064 0.0274000913 0.237300009
v 0.00260001048 0.0281000882 0.243299991
v -0.00279998966 0.0305000097 0.234200001
v -0.0166000128 0.0263001025 0.119199961
v -0.0217999816 0.0277000964 0.127000004
v -0.0203999877 0.0256000981 0.129899949
v -0.00279998966 0.0305000097 0.234200001
v 0.0033000093 0.0301000029 0.238999993
v -0.000199981034 0.0328000337 0.231399983
v -0.0236999989 0.0296000466 0.122899972
v -0.019299984 0.0292000398 0.11649999
v -0.0224999785 0.0316000208 0.114399999
v -0.000199981034 0.0328000337 0.231399983
v -0.00789999962 0.0342000201 0.222199991
v -0.00279998966 0.0305000097 0.234200001
v -0.0224999785 0.0316000208 0.114399999
v -0.0177999735 0.031900011 0.103300005
v -0.0213999748 0.034900032 0.101500012
v -0.0175999999 0.0307999998 0.215199992
v -0.024600029 0.0303000286 0.205799967
v -0.0206999779 0.0251000896 0.217799991
v -0.00669998117 0.0260000974 0.0831000507
v -0.0105999801 0.0274999961 0.0941000357
v -0.0070999898 0.0217999965 0.0962000266
v -0.0206999779 0.0251000896 0.217799991
v -0.0129000004 0.026300095 0.227599993
v -0.0175999999 0.0307999998 0.215199992
v -0.0070999898 0.0217999965 0.0962000266
v -0.0116000203 0.0240001008 0.10769999
v -0.00900000986 0.0192001015 0.109999985
v -0.0175999999 0.0307999998 0.215199992
v -0.0105000203 0.0303999931 0.224999994
v -0.0145000219 0.0353999808 0.213099986
v -0.0145999789 0.0282000974 0.105500013
v -0.0105999801 0.0274999961 0.0941000357
v -0.0139999995 0.0321000367 0.0926000252
v -0.0145000219 0.0353999808 0.213099986
v -0.0210000277 0.0368999913 0.20359996
v -0.0175999999 0.0307999998 0.215199992
v -0.0139999995 0.0321000367 0.0926000252
v -0.0105000203 0.0327000171 0.0816000476
v -0.0141999722 0.0378000289 0.0804000273
v -0.00599998981 0.024100095 0.239800006
v -0.0149999866 0.0213000923 0.230299994
v -0.00739997998 0.0199999884 0.242300004
v -0.00900000986 0.0192001015 0.109999985
v -0.0148000121 0.0230000988 0.121499985
v -0.0127999801 0.0190000981 0.123699993
v -0.00739997998 0.0199999884 0.242300004
v 0.00150001049 0.0231999904 0.249000013
v -0.00599998981 0.024100095 0.239800006
v -0.0127999801 0.0190000981 0.123699993
v -0.019200027 0.0231999978 0.132499963
v -0.0178999901 0.0199000984 0.134799987
v -0.00599998981 0.024100095 0.239800006
v 0.00199997053 0.025699988 0.246399999
v -0.00470001064 0.0274000913 0.237300009
v -0.0203999877 0.0256000981 0.129899949
v -0.0148000121 0.0230000988 0.121499985
v -0.0166000128 0.0263001025 0.119199961
v -0.00470001064 0.0274000913 0.237300009
v -0.0129000004 0.026300095 0.227599993
v -0.00599998981 0.024100095 0.239800006
v -0.0166000128 0.0263001025 0.119199961
v -0.0116000203 0.0240001008 0.10769999
v -0.0145999789 0.0282000974 0.105500013
v 0.0627999902 0.0151000917 0.218099982
v 0.0612000227 0.00739999115 0.230599999
v 0.0651999712 0.00830008835 0.218199998
v -0.0822999999 0.00970009714 0.133299977
v -0.0871999785 0.0167000964 0.121299952
v -0.0896999836 0.0100001022 0.122599982
v 0.0627999902 0.0151000917 0.218099982
v 0.0681999922 0.00940009207 0.204600006
v 0.0649999902 0.0170999914 0.204299957
v -0.096499972 0.0105000958 0.110399991
v -0.0871999785 0.0167000964 0.121299952
v -0.0932999775 0.0179001018 0.108599991
v 0.0649999902 0.0170999914 0.204299957
v 0.0594999716 0.0205000937 0.218099982
v 0.0627999902 0.0151000917 0.218099982
v -0.0932999775 0.0179001018 0.108599991
v -0.0838000104 0.0219001025 0.119899951
v -0.0892000124 0.0239000022 0.106900007
v 0.0627999902 0.0151000917 0.218099982
v 0.0569999814 0.018400088 0.230799988
v 0.0594999716 0.0136000887 0.23089999
v -0.0777999759 0.0205001011 0.131499976
v -0.0871999785 0.0167000964 0.121299952
v -0.0802999735 0.0158000961 0.132699996
v 0.0649999902 0.0170999914 0.204299957
v 0.0703999922 0.0105000958 0.191399962
v 0.0671999976 0.0194000974 0.191599995
v -0.0932999775 0.0179001018 0.108599991
v -0.102500021 0.0108001009 0.0984000266
v -0.096499972 0.0105000958 0.110399991
v 0.0671999976 0.0194000974 0.191599995
v 0.0713000298 0.0122001022 0.177599996
v 0.0680000111 0.0221000016 0.178499967
v -0.107299984 0.0116999969 0.0854000226
v -0.0989000127 0.0195000991 0.0970000476
v -0.103399992 0.0213999972 0.084500052
v 0.0680000111 0.0221000016 0.178499967
v 0.0619999692 0.0266001001 0.192099959
v 0.0671999976 0.0194000974 0.191599995
v -0.103399992 0.0213999972 0.084500052
v -0.0935999677 0.0263999999 0.095400013
v -0.0979999825 0.0294000059 0.0835000649
v 0.0671999976 0.0194000974 0.191599995
v 0.0609999821 0.0234000906 0.2042
v 0.0649999902 0.0170999914 0.204299957
v -0.0892000124 0.0239000022 0.106900007
v -0.0989000127 0.0195000991 0.0970000476
v -0.0932999775 0.0179001018 0.108599991
v 0.0608999729 -0.000399902463 0.229999989
v 0.0622000098 -0.00649990141 0.220499992
v 0.064899981 0.000300094485 0.218400002
v -0.0824000239 0.00190009177 0.133299977
v -0.0867000222 -0.00469990075 0.125099987
v -0.0820000097 -0.00289990008 0.132400006
v 0.064899981 0.000300094485 0.218400002
v 0.0648000166 -0.00629989803 0.207599968
v 0.0680000111 0.000900000334 0.205300003
v -0.0928999707 -0.005299896 0.113499969
v -0.0895999596 0.00200000405 0.123299986
v -0.0964000225 0.00200000405 0.111699969
v 0.0680000111 0.000900000334 0.205300003
v 0.0651999712 0.00830008835 0.218199998
v 0.064899981 0.000300094485 0.218400002
v -0.0964000225 0.00200000405 0.111699969
v -0.0896999836 0.0100001022 0.122599982
v -0.096499972 0.0105000958 0.110399991
v 0.064899981 0.000300094485 0.218400002
v 0.0612000227 0.00739999115 0.230599999
v 0.0608999729 -0.000399902463 0.229999989
v -0.0822999999 0.00970009714 0.133299977
v -0.0895999596 0.00200000405 0.123299986
v -0.0824000239 0.00190009177 0.133299977
v 0.0680000111 0.000900000334 0.205300003
v 0.0662000105 -0.00679990649 0.192999989
v 0.0699999928 0.00100010633 0.191399962
v -0.0964000225 0.00200000405 0.111699969
v -0.0986000225 -0.00660000741 0.099999994
v -0.0928999707 -0.005299896 0.113499969
v 0.0699999928 0.00100010633 0.191399962
v 0.0666999817 -0.00649990141 0.177300006
v 0.0706000328 0.00180010498 0.176799983
v -0.103699982 -0.00730000436 0.0852000564
v -0.102399997 0.0012999922 0.0991000235
v -0.107200019 0.00120009482 0.0852000564
v 0.0706000328 0.00180010498 0.176799983
v 0.0703999922 0.0105000958 0.191399962
v 0.0699999928 0.00100010633 0.191399962
v -0.107200019 0.00120009482 0.0852000564
v -0.102500021 0.0108001009 0.0984000266
v -0.107299984 0.0116999969 0.0854000226
v 0.0699999928 0.00100010633 0.191399962
v 0.0681999922 0.00940009207 0.204600006
v 0.0680000111 0.000900000334 0.205300003
v -0.096499972 0.0105000958 0.110399991
v -0.102399997 0.0012999922 0.0991000235
v -0.0964000225 0.00200000405 0.111699969
v -0.0235999823 0.017700091 0.220999986
v -0.0303999782 0.0113000944 0.209199995
v -0.0253999829 0.00919999182 0.223399997
v -0.000899979845 0.0069001019 0.0862000287
v -0.00370001979 0.0145000964 0.0988999903
v -0.00160003081 0.00599999726 0.101300031
v -0.0253999829 0.00919999182 0.223399997
v -0.0171999931 0.0152999908 0.233700007
v -0.0235999823 0.017700091 0.220999986
v -0.00160003081 0.00599999726 0.101300031
v -0.00610000081 0.0133000985 0.113000005
v -0.00440002047 0.00630000234 0.115699977
v -0.0235999823 0.017700091 0.220999986
v -0.0149999866 0.0213000923 0.230299994
v -0.0206999779 0.0251000896 0.217799991
v -0.00900000986 0.0192001015 0.109999985
v -0.00370001979 0.0145000964 0.0988999903
v -0.0070999898 0.0217999965 0.0962000266
v -0.0206999779 0.0251000896 0.217799991
v -0.0282999873 0.0213999897 0.207800001
v -0.0235999823 0.017700091 0.220999986
v -0.0070999898 0.0217999965 0.0962000266
v -0.00290000997 0.0170001015 0.0846000165
v -0.00669998117 0.0260000974 0.0831000507
v -0.00930000003 0.014500089 0.245099992
v -0.018599987 0.0082000941 0.236299992
v -0.0105999801 0.00790008903 0.247299999
v -0.00440002047 0.00630000234 0.115699977
v -0.0104 0.0137000978 0.126300007
v -0.00870002061 0.00710009784 0.128499955
v -0.0105999801 0.00790008903 0.247299999
v -0.000899979845 0.0144000947 0.253800005
v -0.00930000003 0.014500089 0.245099992
v -0.00870002061 0.00710009784 0.128499955
v -0.0159000158 0.0145000964 0.136999995
v -0.0144000063 0.00790009648 0.138599962
v -0.00930000003 0.014500089 0.245099992
v 0.000699989498 0.0198000893 0.25150001
v -0.00739997998 0.0199999884 0.242300004
v -0.0178999901 0.0199000984 0.134799987
v -0.0104 0.0137000978 0.126300007
v -0.0127999801 0.0190000981 0.123699993
v -0.00739997998 0.0199999884 0.242300004
v -0.0171999931 0.0152999908 0.233700007
v -0.00930000003 0.014500089 0.245099992
v -0.0127999801 0.0190000981 0.123699993
v -0.00610000081 0.0133000985 0.113000005
v -0.00900000986 0.0192001015 0.109999985
v -0.0249000192 0.000100106001 0.2236
v -0.0260999799 -0.00699999928 0.207899988
v -0.0210000277 -0.00719989836 0.2227
v -0.00610000081 -0.0110999048 0.0876000375
v -0.00230002962 -0.00300000608 0.102400035
v -0.00660002977 -0.00999990106 0.103200048
v -0.0210000277 -0.00719989836 0.2227
v -0.0182999969 1.04308128e-07 0.236900002
v -0.0249000192 0.000100106001 0.2236
v -0.00660002977 -0.00999990106 0.103200048
v -0.00480003096 -0.00179989636 0.116899997
v -0.00860000029 -0.00849990547 0.117899984
v -0.0249000192 0.000100106001 0.2236
v -0.018599987 0.0082000941 0.236299992
v -0.0253999829 0.00919999182 0.223399997
v -0.00440002047 0.00630000234 0.115699977
v -0.00230002962 -0.00300000608 0.102400035
v -0.00160003081 0.00599999726 0.101300031
v -0.0253999829 0.00919999182 0.223399997
v -0.0299999714 0.00100010633 0.209099993
v -0.0249000192 0.000100106001 0.2236
v -0.00160003081 0.00599999726 0.101300031
v -0.00169998966 -0.00329990685 0.0870000571
v -0.000899979845 0.0069001019 0.0862000287
v -0.0105000203 0.000200003386 0.247599989
v -0.0146999964 -0.00679990649 0.236200005
v -0.00760000944 -0.00609989464 0.247399986
v -0.00860000029 -0.00849990547 0.117899984
v -0.00900000986 -0.000499993563 0.129500002
v -0.0120999906 -0.00660000741 0.130499989
v -0.0105000203 0.000200003386 0.247599989
v -0.00190002099 -0.00419990718 0.253399998
v -0.00230002962 0.000300094485 0.255400002
v -0.0157999992 -0.0039999038 0.137799948
v -0.00900000986 -0.000499993563 0.129500002
v -0.0145999789 0.000599995255 0.139200002
v -0.0105000203 0.000200003386 0.247599989
v -0.00220001116 0.00770009309 0.255299985
v -0.0105999801 0.00790008903 0.247299999
v -0.0144000063 0.00790009648 0.138599962
v -0.00900000986 -0.000499993563 0.129500002
v -0.00870002061 0.00710009784 0.128499955
v -0.0105999801 0.00790008903 0.247299999
v -0.0182999969 1.04308128e-07 0.236900002
v -0.0105000203 0.000200003386 0.247599989
v -0.00870002061 0.00710009784 0.128499955
v -0.00480003096 -0.00179989636 0.116899997
v -0.00440002047 0.00630000234 0.115699977
v 0.0278000198 0.0694000274 0.0418000668
v 0.0325000212 0.0587000474 0.0614000335
v 0.0264999792 0.0611000285 0.0386000723
v -0.102500021 0.0484000146 -0.0407999083
v -0.102900021 0.0581000149 -0.063000001
v -0.103200011 0.0493000448 -0.0649000034
v 0.0264999792 0.0611000285 0.0386000723
v 0.0148000084 0.072900027 0.0244000405
v 0.0278000198 0.0694000274 0.0418000668
v -0.103200011 0.0493000448 -0.0649000034
v -0.0950000212 0.0593000352 -0.0829999968
v -0.094799988 0.0493999943 -0.0835000053
v 0.0278000198 0.0694000274 0.0418000668
v 0.0153999887 0.0809999928 0.0264000073
v 0.0282000303 0.0763000548 0.044300057
v -0.0950000212 0.0593000352 -0.0829999968
v -0.101999991 0.065100044 -0.0615999028
v -0.0942000076 0.0684000552 -0.0822999999
v 0.0282000303 0.0763000548 0.044300057
v 0.0335000083 0.0668000281 0.0646000206
v 0.0278000198 0.0694000274 0.0418000668
v -0.101999991 0.065100044 -0.0615999028
v -0.102399997 0.0568000376 -0.0387000069
v -0.101099961 0.0630000457 -0.0369000062
v -0.0544999801 0.070500046 0.0525000468
v -0.0548999906 0.0571000203 0.0674000159
v -0.0540999696 0.0666000545 0.0718000382
v -0.0212000012 0.0545000061 -0.0747000054
v -0.0171999931 0.0421000347 -0.0598000064
v -0.0221999884 0.0440000594 -0.0777998939
v -0.0540999696 0.0666000545 0.0718000382
v -0.0504999682 0.0546000227 0.0893000141
v -0.0500000119 0.0640000254 0.0934000388
v -0.0152000189 0.0413000286 -0.0373999998
v -0.0163999796 0.051900059 -0.0560000017
v -0.0141000152 0.0508000553 -0.0340000018
v -0.0500000119 0.0640000254 0.0934000388
v -0.0519999787 0.074900046 0.0750000253
v -0.0540999696 0.0666000545 0.0718000382
v -0.0141000152 0.0508000553 -0.0340000018
v -0.0170000196 0.0603000149 -0.0528000072
v -0.0145999789 0.0584000051 -0.0313000008
v -0.0540999696 0.0666000545 0.0718000382
v -0.0522000119 0.0802999884 0.0556000248
v -0.0544999801 0.070500046 0.0525000468
v -0.0220000148 0.0644000471 -0.071800001
v -0.0163999796 0.051900059 -0.0560000017
v -0.0212000012 0.0545000061 -0.0747000054
v 0.0174999796 0.0271001011 0.0338000432
v 0.0231000111 0.0152001008 0.0551000647
v 0.0139999911 0.0188001022 0.0338000432
v -0.0968999788 0.00410010666 -0.0457000062
v -0.097299993 0.0142000094 -0.0686000064
v -0.0943000317 0.00580010563 -0.0688999966
v 0.0174999796 0.0271001011 0.0338000432
v 0.00690000877 0.0230001062 0.0208000317
v 0.00700001977 0.0293000042 0.0169000402
v -0.09109997 0.00870011002 -0.0836999938
v -0.097299993 0.0142000094 -0.0686000064
v -0.0921999812 0.0147001073 -0.0879000053
v 0.0174999796 0.0271001011 0.0338000432
v 0.00910001993 0.0398000181 0.0178000107
v 0.0202000104 0.0382000357 0.0341000333
v -0.0935999677 0.0254000053 -0.0872999951
v -0.097299993 0.0142000094 -0.0686000064
v -0.0995000005 0.0255001038 -0.068400003
v 0.0202000104 0.0382000357 0.0341000333
v 0.0267999694 0.0242000967 0.0547000542
v 0.0174999796 0.0271001011 0.0338000432
v -0.0995000005 0.0255001038 -0.068400003
v -0.10019999 0.0132001042 -0.0457000062
v -0.102100007 0.025000006 -0.0454000011
v 0.0236999914 0.050300017 0.0353000611
v 0.0130000114 0.0633000284 0.0227000564
v 0.0264999792 0.0611000285 0.0386000723
v -0.094799988 0.0493999943 -0.0835000053
v -0.101999991 0.0377000272 -0.0670999959
v -0.103200011 0.0493000448 -0.0649000034
v 0.0264999792 0.0611000285 0.0386000723
v 0.0309000015 0.0480000004 0.0579000451
v 0.0236999914 0.050300017 0.0353000611
v -0.103200011 0.0493000448 -0.0649000034
v -0.102399997 0.0374000371 -0.043299906
v -0.102500021 0.0484000146 -0.0407999083
v 0.0236999914 0.050300017 0.0353000611
v 0.029399991 0.0359000191 0.0552000143
v 0.0202000104 0.0382000357 0.0341000333
v -0.102100007 0.025000006 -0.0454000011
v -0.101999991 0.0377000272 -0.0670999959
v -0.0995000005 0.0255001038 -0.068400003
v 0.0202000104 0.0382000357 0.0341000333
v 0.0109000206 0.0517000258 0.0200000182
v 0.0236999914 0.050300017 0.0353000611
v -0.0995000005 0.0255001038 -0.068400003
v -0.0942000076 0.0375000462 -0.0854999945
v -0.0935999677 0.0254000053 -0.0872999951
v -0.0548999906 0.0492000207 0.0449000373
v -0.0509999916 0.034900032 0.0588000268
v -0.0538999997 0.0464000255 0.06280002
v -0.0242000222 0.0328000486 -0.0807000026
v -0.0242999792 0.01970011 -0.0651999041
v -0.0268999934 0.0213001072 -0.0829999968
v -0.0538999997 0.0464000255 0.06280002
v -0.0468000099 0.0318000466 0.0791000575
v -0.049399972 0.0437000021 0.0841000453
v -0.0224999785 0.0181001052 -0.0441999957
v -0.0199000239 0.0312000141 -0.0631000027
v -0.0181000233 0.0301000178 -0.0412000045
v -0.049399972 0.0437000021 0.0841000453
v -0.0548999906 0.0571000203 0.0674000159
v -0.0538999997 0.0464000255 0.06280002
v -0.0181000233 0.0301000178 -0.0412000045
v -0.0171999931 0.0421000347 -0.0598000064
v -0.0152000189 0.0413000286 -0.0373999998
v -0.0538999997 0.0464000255 0.06280002
v -0.0552999899 0.0601999983 0.0488000363
v -0.0548999906 0.0492000207 0.0449000373
v -0.0221999884 0.0440000594 -0.0777998939
v -0.0199000239 0.0312000141 -0.0631000027
v -0.0242000222 0.0328000486 -0.0807000026
v -0.0483000204 0.0235999972 0.0556000248
v -0.0486999676 0.0199000984 0.0402000323
v -0.04509997 0.0152001008 0.0527000241
v -0.0325000286 0.00370010734 -0.0809999034
v -0.0282999873 0.00830010325 -0.0665000007
v -0.032400012 1.1920929e-07 -0.0677000061
v -0.0483000204 0.0235999972 0.0556000248
v -0.0379999802 0.0116000995 0.0723000541
v -0.0425000116 0.0202000961 0.0752000511
v -0.0335999727 -0.00199989974 -0.0467000082
v -0.0282999873 0.00830010325 -0.0665000007
v -0.0282000303 0.00660010427 -0.0457999036
v -0.0425000116 0.0202000961 0.0752000511
v -0.0509999916 0.034900032 0.0588000268
v -0.0483000204 0.0235999972 0.0556000248
v -0.0282000303 0.00660010427 -0.0457999036
v -0.0242999792 0.01970011 -0.0651999041
v -0.0224999785 0.0181001052 -0.0441999957
v -0.0483000204 0.0235999972 0.0556000248
v -0.0536000095 0.0378000289 0.0411000624
v -0.0519000217 0.0267001018 0.0385000408
v -0.0268999934 0.0213001072 -0.0829999968
v -0.0282999873 0.00830010325 -0.0665000007
v -0.0296999812 0.0101001039 -0.0842000023
v 0.0419999883 0.068900004 0.131199986
v 0.0410000011 0.0684999973 0.117199987
v 0.0388000011 0.0737000257 0.118799955
v -0.0907999799 0.0635000095 0.0282000676
v -0.0939000174 0.0621000156 0.0145000666
v -0.0944999978 0.0586000308 0.0280000418
v 0.0410000011 0.0684999973 0.117199987
v 0.0364000201 0.077399984 0.104100026
v 0.0388000011 0.0737000257 0.118799955
v -0.0939000174 0.0621000156 0.0145000666
v -0.0929999873 0.0700000077 0.000100001693
v -0.0953000113 0.0650000274 -0.000799998641
v 0.0388000011 0.0737000257 0.118799955
v 0.0340999886 0.0822000057 0.106500007
v 0.0361000299 0.0781999975 0.121099979
v -0.0900000334 0.0748000443 0.00119999796
v -0.0911999866 0.067300044 0.015100047
v -0.0878000185 0.0717000067 0.0162000507
v 0.0388000011 0.0737000257 0.118799955
v 0.0386999808 0.0730999857 0.13319996
v 0.0419999883 0.068900004 0.131199986
v -0.0868999884 0.0676000342 0.0288000479
v -0.0911999866 0.067300044 0.015100047
v -0.0907999799 0.0635000095 0.0282000676
v 0.0487999916 0.0569999963 0.127999991
v 0.0468999669 0.0522999987 0.113000013
v 0.0436999798 0.0615000278 0.115500003
v -0.0986000225 0.0519000515 0.0280000418
v -0.10140001 0.0461000502 0.0136000365
v -0.103399992 0.0432000384 0.0277000442
v 0.0436999798 0.0615000278 0.115500003
v 0.0412999913 0.0555000454 0.0975000039
v 0.0398999974 0.0653000101 0.100300051
v -0.100599997 0.0480000079 -0.00320000201
v -0.097199969 0.0552000031 0.014300026
v -0.0979999825 0.0579000339 -0.00160000473
v 0.0398999974 0.0653000101 0.100300051
v 0.0410000011 0.0684999973 0.117199987
v 0.0436999798 0.0615000278 0.115500003
v -0.0979999825 0.0579000339 -0.00160000473
v -0.0939000174 0.0621000156 0.0145000666
v -0.0953000113 0.0650000274 -0.000799998641
v 0.0436999798 0.0615000278 0.115500003
v 0.0451999903 0.0639000088 0.129699975
v 0.0487999916 0.0569999963 0.127999991
v -0.0944999978 0.0586000308 0.0280000418
v -0.097199969 0.0552000031 0.014300026
v -0.0986000225 0.0519000515 0.0280000418
v 0.0371000096 0.0666000545 0.0842000693
v 0.0412999913 0.0555000454 0.0975000039
v 0.0371999703 0.0578000173 0.0811000243
v -0.100599997 0.0480000079 -0.00320000201
v -0.100399971 0.0581000149 -0.0185999945
v -0.101499967 0.0490000546 -0.0204999968
v 0.0371999703 0.0578000173 0.0811000243
v 0.0335000083 0.0668000281 0.0646000206
v 0.0371000096 0.0666000545 0.0842000693
v -0.101499967 0.0490000546 -0.0204999968
v -0.102399997 0.0568000376 -0.0387000069
v -0.102500021 0.0484000146 -0.0407999083
v 0.0371000096 0.0666000545 0.0842000693
v 0.0332000181 0.0727999955 0.0675000399
v 0.0364999697 0.0734000355 0.0863000602
v -0.101099961 0.0630000457 -0.0369000062
v -0.100399971 0.0581000149 -0.0185999945
v -0.0986999795 0.0648000464 -0.0170000046
v 0.0364999697 0.0734000355 0.0863000602
v 0.0398999974 0.0653000101 0.100300051
v 0.0371000096 0.0666000545 0.0842000693
v -0.0986999795 0.0648000464 -0.0170000046
v -0.0979999825 0.0579000339 -0.00160000473
v -0.0953000113 0.0650000274 -0.000799998641
v -0.0344999991 0.0822000057 0.130299956
v -0.0318000317 0.0754000247 0.144699961
v -0.0295000076 0.0816000253 0.145399958
v -0.0174999833 0.0722000226 0.00429999828
v -0.0159999728 0.0666000545 0.0193000287
v -0.0159000158 0.0660000145 0.00239999592
v -0.0318000317 0.0754000247 0.144699961
v -0.0249999762 0.0775000006 0.157699972
v -0.0295000076 0.0816000253 0.145399958
v -0.0159999728 0.0666000545 0.0193000287
v -0.018599987 0.0699000061 0.0334000364
v -0.016200006 0.0641000494 0.0337000266
v -0.0295000076 0.0816000253 0.145399958
v -0.0220000148 0.0812000185 0.157199949
v -0.0263000131 0.0860999972 0.146199971
v -0.0214999914 0.0737000331 0.0335000604
v -0.0178999901 0.072900027 0.0202000588
v -0.0205000043 0.0777000412 0.0215000287
v -0.0295000076 0.0816000253 0.145399958
v -0.0310999751 0.0880000144 0.132199973
v -0.0344999991 0.0822000057 0.130299956
v -0.0199999809 0.0783000216 0.00670000166
v -0.0178999901 0.072900027 0.0202000588
v -0.0174999833 0.0722000226 0.00429999828
v -0.0500000119 0.0640000254 0.0934000388
v -0.0441999994 0.0550000295 0.108000018
v -0.0441999994 0.0653000101 0.111099988
v -0.0141000152 0.0508000553 -0.0340000018
v -0.0156000266 0.0432000458 -0.0177999064
v -0.0152000189 0.0413000286 -0.0373999998
v -0.0441999994 0.0653000101 0.111099988
v -0.0399000011 0.0551999956 0.125099987
v -0.038999971 0.0666999966 0.127599984
v -0.0148000121 0.0448000059 -0.000299997628
v -0.0145000219 0.0536000356 -0.0155000016
v -0.0145999789 0.0563000143 0.00160010159
v -0.038999971 0.0666999966 0.127599984
v -0.0428000018 0.0734000355 0.113000013
v -0.0441999994 0.0653000101 0.111099988
v -0.0145999789 0.0563000143 0.00160010159
v -0.0149999866 0.0618000254 -0.0138000026
v -0.0159000158 0.0660000145 0.00239999592
v -0.0441999994 0.0653000101 0.111099988
v -0.0483999811 0.0715000182 0.0962000266
v -0.0500000119 0.0640000254 0.0934000388
v -0.0145999789 0.0584000051 -0.0313000008
v -0.0145000219 0.0536000356 -0.0155000016
v -0.0141000152 0.0508000553 -0.0340000018
v -0.038999971 0.0666999966 0.127599984
v -0.0358999893 0.0529999882 0.142399997
v -0.0340999886 0.0651999861 0.143999964
v -0.0145999789 0.0563000143 0.00160010159
v -0.0137000093 0.0439000353 0.0176000372
v -0.0148000121 0.0448000059 -0.000299997628
v -0.0358999893 0.0529999882 0.142399997
v -0.0307000279 0.0615999922 0.158600003
v -0.0340999886 0.0651999861 0.143999964
v -0.0137000093 0.0439000353 0.0176000372
v -0.0134999799 0.0538000092 0.0339000672
v -0.0120999906 0.0416000113 0.033500053
v -0.0340999886 0.0651999861 0.143999964
v -0.0275999904 0.0716999918 0.158299953
v -0.0318000317 0.0754000247 0.144699961
v -0.016200006 0.0641000494 0.0337000266
v -0.0144000063 0.0562000573 0.0187000483
v -0.0159999728 0.0666000545 0.0193000287
v -0.0340999886 0.0651999861 0.143999964
v -0.0370000005 0.0762000307 0.128499955
v -0.038999971 0.0666999966 0.127599984
v -0.0159000158 0.0660000145 0.00239999592
v -0.0144000063 0.0562000573 0.0187000483
v -0.0145999789 0.0563000143 0.00160010159
v 0.0339999683 0.0216000974 0.0722000301
v 0.029399991 0.0359000191 0.0552000143
v 0.0360000096 0.0335000381 0.073800005
v -0.102100007 0.025000006 -0.0454000011
v -0.101999991 0.0122001097 -0.0266999975
v -0.103200011 0.024300009 -0.0255999938
v 0.0360000096 0.0335000381 0.073800005
v 0.040700011 0.0188001022 0.0879000276
v 0.0339999683 0.0216000974 0.0722000301
v -0.103200011 0.024300009 -0.0255999938
v -0.103999972 0.0107001066 -0.0095000118
v -0.105000012 0.0225000083 -0.00820001215
v 0.040700011 0.0188001022 0.0879000276
v 0.0306000113 0.0125000998 0.0724000186
v 0.0339999683 0.0216000974 0.0722000301
v -0.103999972 0.0107001066 -0.0095000118
v -0.0990999937 0.00290009379 -0.0267998949
v -0.101000011 0.00180010498 -0.0101000071
v 0.0339999683 0.0216000974 0.0722000301
v 0.0231000111 0.0152001008 0.0551000647
v 0.0267999694 0.0242000967 0.0547000542
v -0.0968999788 0.00410010666 -0.0457000062
v -0.101999991 0.0122001097 -0.0266999975
v -0.10019999 0.0132001042 -0.0457000062
v 0.0479999706 0.0155000985 0.103300005
v 0.0428000018 0.0304000005 0.0897000283
v 0.0501999781 0.0269000977 0.105300039
v -0.105000012 0.0225000083 -0.00820001215
v -0.106599979 0.00880010426 0.00739999115
v -0.107699983 0.0205001086 0.00920001417
v 0.0501999781 0.0269000977 0.105300039
v 0.0552999899 0.0123000965 0.117199987
v 0.0479999706 0.0155000985 0.103300005
v -0.107699983 0.0205001086 0.00920001417
v -0.1096 0.00700009614 0.0231000483
v -0.110400021 0.0184000954 0.0244000331
v 0.0479999706 0.0155000985 0.103300005
v 0.0511000082 0.00400009751 0.116999954
v 0.0437999889 0.00710009784 0.102899998
v -0.105999999 -0.00149990618 0.0224000514
v -0.106599979 0.00880010426 0.00739999115
v -0.102999978 0.000200003386 0.00649999082
v 0.0437999889 0.00710009784 0.102899998
v 0.040700011 0.0188001022 0.0879000276
v 0.0479999706 0.0155000985 0.103300005
v -0.102999978 0.000200003386 0.00649999082
v -0.103999972 0.0107001066 -0.0095000118
v -0.101000011 0.00180010498 -0.0101000071
v 0.0368000194 0.0461999997 0.0772000328
v 0.0325000212 0.0587000474 0.0614000335
v 0.0371999703 0.0578000173 0.0811000243
v -0.102500021 0.0484000146 -0.0407999083
v -0.102399997 0.0371000469 -0.0230999961
v -0.101499967 0.0490000546 -0.0204999968
v 0.0371999703 0.0578000173 0.0811000243
v 0.0424000025 0.0432000384 0.0933000222
v 0.0368000194 0.0461999997 0.0772000328
v -0.101499967 0.0490000546 -0.0204999968
v -0.103200011 0.0355000198 -0.00590001047
v -0.100599997 0.0480000079 -0.00320000201
v 0.0368000194 0.0461999997 0.0772000328
v 0.0428000018 0.0304000005 0.0897000283
v 0.0360000096 0.0335000381 0.073800005
v -0.105000012 0.0225000083 -0.00820001215
v -0.102399997 0.0371000469 -0.0230999961
v -0.103200011 0.024300009 -0.0255999938
v 0.0360000096 0.0335000381 0.073800005
v 0.0309000015 0.0480000004 0.0579000451
v 0.0368000194 0.0461999997 0.0772000328
v -0.103200011 0.024300009 -0.0255999938
v -0.102399997 0.0374000371 -0.043299906
v -0.102100007 0.025000006 -0.0454000011
v 0.0497999713 0.0402000174 0.109099954
v 0.0412999913 0.0555000454 0.0975000039
v 0.0468999669 0.0522999987 0.113000013
v -0.100599997 0.0480000079 -0.00320000201
v -0.105800033 0.0339000449 0.0116000548
v -0.10140001 0.0461000502 0.0136000365
v 0.0497999713 0.0402000174 0.109099954
v 0.0527999997 0.0482000262 0.125799984
v 0.0561000109 0.0364999995 0.122299999
v -0.103399992 0.0432000384 0.0277000442
v -0.105800033 0.0339000449 0.0116000548
v -0.10799998 0.0314999968 0.0263000503
v 0.0561000109 0.0364999995 0.122299999
v 0.0501999781 0.0269000977 0.105300039
v 0.0497999713 0.0402000174 0.109099954
v -0.10799998 0.0314999968 0.0263000503
v -0.107699983 0.0205001086 0.00920001417
v -0.110400021 0.0184000954 0.0244000331
v 0.0501999781 0.0269000977 0.105300039
v 0.0424000025 0.0432000384 0.0933000222
v 0.0497999713 0.0402000174 0.109099954
v -0.107699983 0.0205001086 0.00920001417
v -0.103200011 0.0355000198 -0.00590001047
v -0.105000012 0.0225000083 -0.00820001215
v -0.049399972 0.0437000021 0.0841000453
v -0.0404000208 0.0310000405 0.0973000377
v -0.043099992 0.043400012 0.102900006
v -0.0181000233 0.0301000178 -0.0412000045
v -0.0232999921 0.0188001096 -0.0249998942
v -0.0224999785 0.0181001052 -0.0441999957
v -0.043099992 0.043400012 0.102900006
v -0.0357000194 0.0303000361 0.115199953
v -0.0389000103 0.0431000218 0.120699972
v -0.0225999951 0.019600004 -0.00660000741
v -0.0187000036 0.0314000547 -0.0213999078
v -0.0174000263 0.0324000344 -0.00320000947
v -0.0389000103 0.0431000218 0.120699972
v -0.0441999994 0.0550000295 0.108000018
v -0.043099992 0.043400012 0.102900006
v -0.0174000263 0.0324000344 -0.00320000947
v -0.0156000266 0.0432000458 -0.0177999064
v -0.0148000121 0.0448000059 -0.000299997628
v -0.043099992 0.043400012 0.102900006
v -0.0504999682 0.0546000227 0.0893000141
v -0.049399972 0.0437000021 0.0841000453
v -0.0152000189 0.0413000286 -0.0373999998
v -0.0187000036 0.0314000547 -0.0213999078
v -0.0181000233 0.0301000178 -0.0412000045
v -0.0389000103 0.0431000218 0.120699972
v -0.0327000022 0.0283000991 0.134299964
v -0.0354999825 0.0409000069 0.138899952
v -0.0174000263 0.0324000344 -0.00320000947
v -0.0199999809 0.018900007 0.0127000511
v -0.0225999951 0.019600004 -0.00660000741
v -0.0354999825 0.0409000069 0.138899952
v -0.032400012 0.0253999978 0.152199954
v -0.0335999727 0.0378000289 0.155499965
v -0.0151000023 0.0172000974 0.0301000178
v -0.0155000091 0.0317000449 0.0154000297
v -0.0126000103 0.0296999961 0.0319000185
v -0.0335999727 0.0378000289 0.155499965
v -0.0358999893 0.0529999882 0.142399997
v -0.0354999825 0.0409000069 0.138899952
v -0.0126000103 0.0296999961 0.0319000185
v -0.0137000093 0.0439000353 0.0176000372
v -0.0120999906 0.0416000113 0.033500053
v -0.0354999825 0.0409000069 0.138899952
v -0.0399000011 0.0551999956 0.125099987
v -0.0389000103 0.0431000218 0.120699972
v -0.0148000121 0.0448000059 -0.000299997628
v -0.0155000091 0.0317000449 0.0154000297
v -0.0174000263 0.0324000344 -0.00320000947
v -0.0361000225 0.0185000002 0.0923000351
v -0.0379999802 0.0116000995 0.0723000541
v -0.0304999948 0.00910010189 0.0888999999
v -0.0282000303 0.00660010427 -0.0457999036
v -0.0361000225 -0.00289990008 -0.0284999982
v -0.0335999727 -0.00199989974 -0.0467000082
v -0.0361000225 0.0185000002 0.0923000351
v -0.0243999958 0.0069001019 0.105700046
v -0.0303000212 0.0170001015 0.109499961
v -0.0370000005 -0.00370000303 -0.0105999112
v -0.0292999744 0.00630000979 -0.0274999067
v -0.0299000144 0.00630000979 -0.00940001011
v -0.0303000212 0.0170001015 0.109499961
v -0.0404000208 0.0310000405 0.0973000377
v -0.0361000225 0.0185000002 0.0923000351
v -0.0299000144 0.00630000979 -0.00940001011
v -0.0232999921 0.0188001096 -0.0249998942
v -0.0225999951 0.019600004 -0.00660000741
v -0.0361000225 0.0185000002 0.0923000351
v -0.0468000099 0.0318000466 0.0791000575
v -0.0425000116 0.0202000961 0.0752000511
v -0.0224999785 0.0181001052 -0.0441999957
v -0.0292999744 0.00630000979 -0.0274999067
v -0.0282000303 0.00660010427 -0.0457999036
v -0.0303000212 0.0170001015 0.109499961
v -0.0224000216 0.00370009243 0.126099974
v -0.0279999971 0.0144001022 0.129599959
v -0.0299000144 0.00630000979 -0.00940001011
v -0.033100009 -0.0055000037 0.00980005413
v -0.0370000005 -0.00370000303 -0.0105999112
v -0.0279999971 0.0144001022 0.129599959
v -0.0241000056 0.000300094485 0.146599978
v -0.0291000009 0.0113001019 0.149199992
v -0.0256000161 -0.00759990513 0.0292000547
v -0.0263000131 0.00510010868 0.0107000247
v -0.0196999907 0.00320009887 0.0293000117
v -0.0291000009 0.0113001019 0.149199992
v -0.0327000022 0.0283000991 0.134299964
v -0.0279999971 0.0144001022 0.129599959
v -0.0196999907 0.00320009887 0.0293000117
v -0.0199999809 0.018900007 0.0127000511
v -0.0151000023 0.0172000974 0.0301000178
v -0.0279999971 0.0144001022 0.129599959
v -0.0357000194 0.0303000361 0.115199953
v -0.0303000212 0.0170001015 0.109499961
v -0.0225999951 0.019600004 -0.00660000741
v -0.0263000131 0.00510010868 0.0107000247
v -0.0299000144 0.00630000979 -0.00940001011
v 0.0357000194 0.025300093 0.243799984
v 0.0296999812 0.0235999897 0.249000013
v 0.0371000096 0.0231999904 0.246399999
v -0.0461000204 0.0252000988 0.140599996
v -0.0533999726 0.0269000977 0.137199968
v -0.0540000126 0.0249999985 0.140199989
v 0.0371000096 0.0231999904 0.246399999
v 0.0418999717 0.0252000913 0.2403
v 0.0357000194 0.025300093 0.243799984
v -0.0540000126 0.0249999985 0.140199989
v -0.0602999888 0.0269000977 0.135600001
v -0.0613999888 0.0249999985 0.138299972
v 0.0418999717 0.0252000913 0.2403
v 0.0337999985 0.028500095 0.237899989
v 0.0357000194 0.025300093 0.243799984
v -0.0602999888 0.0269000977 0.135600001
v -0.053199999 0.0296000466 0.130799979
v -0.0595999919 0.0296000466 0.129799992
v 0.0337999985 0.028500095 0.237899989
v 0.0285000205 0.025800094 0.246100008
v 0.0357000194 0.025300093 0.243799984
v -0.053199999 0.0296000466 0.130799979
v -0.0458999798 0.0271001011 0.137299985
v -0.0461000204 0.0298000202 0.130499989
v 0.0418999717 0.0252000913 0.2403
v 0.0486000106 0.0235000923 0.237300009
v 0.0465000197 0.025800094 0.235899985
v -0.0602999888 0.0269000977 0.135600001
v -0.067700021 0.0255000964 0.134900004
v -0.0613999888 0.0249999985 0.138299972
v 0.0465000197 0.025800094 0.235899985
v 0.0521000028 0.0249000937 0.229999989
v 0.0491999909 0.0274999887 0.229299992
v -0.0730999708 0.0266001001 0.128800005
v -0.0659999847 0.0276001021 0.132799953
v -0.0703999847 0.0290000066 0.127099961
v 0.0491999909 0.0274999887 0.229299992
v 0.0440999791 0.0288000926 0.2315
v 0.0465000197 0.025800094 0.235899985
v -0.0703999847 0.0290000066 0.127099961
v -0.064899981 0.0301000103 0.127599984
v -0.0684000254 0.0307000503 0.1241
v 0.0465000197 0.025800094 0.235899985
v 0.0396000072 0.0283000916 0.235100001
v 0.0418999717 0.0252000913 0.2403
v -0.0595999919 0.0296000466 0.129799992
v -0.0659999847 0.0276001021 0.132799953
v -0.0602999888 0.0269000977 0.135600001
v 0.0386000201 0.021100089 0.24849999
v 0.0329999886 0.0184999928 0.253399998
v 0.0403000116 0.0180000886 0.250200003
v -0.0483000204 0.0206000954 0.146099955
v -0.0548999906 0.0231999978 0.142800003
v -0.05620002 0.0203000978 0.145199984
v 0.0403000116 0.0180000886 0.250200003
v 0.0450999662 0.0208000913 0.244199991
v 0.0386000201 0.021100089 0.24849999
v -0.05620002 0.0203000978 0.145199984
v -0.0623999797 0.0229000971 0.140599996
v -0.0634999797 0.0199999958 0.142800003
v 0.0386000201 0.021100089 0.24849999
v 0.0436000228 0.0230000913 0.242300004
v 0.0371000096 0.0231999904 0.246399999
v -0.0613999888 0.0249999985 0.138299972
v -0.0548999906 0.0231999978 0.142800003
v -0.0540000126 0.0249999985 0.140199989
v 0.0371000096 0.0231999904 0.246399999
v 0.031199988 0.02160009 0.251399994
v 0.0386000201 0.021100089 0.24849999
v -0.0540000126 0.0249999985 0.140199989
v -0.0469999909 0.0235000998 0.143399984
v -0.0461000204 0.0252000988 0.140599996
v 0.0504999682 0.0210000947 0.238700002
v 0.0465999767 0.0176000893 0.245700002
v 0.0523999929 0.0176000893 0.239600003
v -0.0634999797 0.0199999958 0.142800003
v -0.0691999719 0.0231001005 0.136899978
v -0.070900023 0.0199999958 0.138599962
v 0.0523999929 0.0176000893 0.239600003
v 0.0544999763 0.0220999941 0.230499983
v 0.0504999682 0.0210000947 0.238700002
v -0.070900023 0.0199999958 0.138599962
v -0.0753999949 0.0239000022 0.130199999
v -0.0777999759 0.0205001011 0.131499976
v 0.0544999763 0.0220999941 0.230499983
v 0.0486000106 0.0235000923 0.237300009
v 0.0504999682 0.0210000947 0.238700002
v -0.0753999949 0.0239000022 0.130199999
v -0.067700021 0.0255000964 0.134900004
v -0.0730999708 0.0266001001 0.128800005
v 0.0504999682 0.0210000947 0.238700002
v 0.0436000228 0.0230000913 0.242300004
v 0.0450999662 0.0208000913 0.244199991
v -0.0613999888 0.0249999985 0.138299972
v -0.0691999719 0.0231001005 0.136899978
v -0.0623999797 0.0229000971 0.140599996
v -0.029399991 0.0771000013 0.0245000571
v -0.016900003 0.0876000077 0.0233000368
v -0.0171999931 0.0766999945 0.0210000724
v -0.0521000028 0.0608999953 -0.0950000063
v -0.0630999804 0.0723000467 -0.0940000042
v -0.0521000028 0.0719000399 -0.0936999992
v -0.0171999931 0.0766999945 0.0210000724
v -0.00440002047 0.0860000551 0.0212000385
v -0.00500000082 0.0756000578 0.0190000385
v -0.0745999813 0.0719000399 -0.0933000073
v -0.0638999939 0.061200045 -0.0952999964
v -0.0759000108 0.0608000457 -0.0943999961
v -0.0171999931 0.0766999945 0.0210000724
v -0.00660002977 0.0646000132 0.0169000477
v -0.0184000134 0.0654000342 0.0187000483
v -0.0759000108 0.0608000457 -0.0943999961
v -0.0654000044 0.0495000184 -0.0966000035
v -0.0769000053 0.0493000448 -0.0951999947
v -0.0184000134 0.0654000342 0.0187000483
v -0.029399991 0.0771000013 0.0245000571
v -0.0171999931 0.0766999945 0.0210000724
v -0.0526999794 0.0493000448 -0.0966000035
v -0.0638999939 0.061200045 -0.0952999964
v -0.0521000028 0.0608999953 -0.0950000063
v -0.00500000082 0.0756000578 0.0190000385
v 0.00520001911 0.0841000378 0.0213000625
v 0.00419997983 0.0746000037 0.0192000717
v -0.0759000108 0.0608000457 -0.0943999961
v -0.0846999809 0.0706000552 -0.0905000046
v -0.0745999813 0.0719000399 -0.0933000073
v 0.00419997983 0.0746000037 0.0192000717
v 0.0153999887 0.0809999928 0.0264000073
v 0.0148000084 0.072900027 0.0244000405
v -0.0942000076 0.0684000552 -0.0822999999
v -0.0853999853 0.0602000058 -0.0915000066
v -0.0950000212 0.0593000352 -0.0829999968
v 0.00419997983 0.0746000037 0.0192000717
v 0.0130000114 0.0633000284 0.0227000564
v 0.00260001048 0.0642000064 0.0172000378
v -0.0950000212 0.0593000352 -0.0829999968
v -0.0860999823 0.0493999943 -0.0920000002
v -0.094799988 0.0493999943 -0.0835000053
v 0.00260001048 0.0642000064 0.0172000378
v -0.00500000082 0.0756000578 0.0190000385
v 0.00419997983 0.0746000037 0.0192000717
v -0.0769000053 0.0493000448 -0.0951999947
v -0.0853999853 0.0602000058 -0.0915000066
v -0.0759000108 0.0608000457 -0.0943999961
v -0.0260000229 0.0990000069 0.0297000185
v -0.0145999789 0.106200002 0.0307000652
v -0.0155000091 0.0983000025 0.0265000314
v -0.0525000021 0.0832000077 -0.0908999965
v -0.0619999692 0.0915000141 -0.0877000019
v -0.0526999794 0.0917000473 -0.0871000066
v -0.0155000091 0.0983000025 0.0265000314
v -0.00470001064 0.104100011 0.0284000486
v -0.00410003029 0.0963000357 0.0244000405
v -0.0717999935 0.0902000368 -0.0876000002
v -0.0627000332 0.0833000243 -0.0913000032
v -0.073300004 0.0825000107 -0.0909999982
v -0.00410003029 0.0963000357 0.0244000405
v -0.016900003 0.0876000077 0.0233000368
v -0.0155000091 0.0983000025 0.0265000314
v -0.073300004 0.0825000107 -0.0909999982
v -0.0630999804 0.0723000467 -0.0940000042
v -0.0745999813 0.0719000399 -0.0933000073
v -0.016900003 0.0876000077 0.0233000368
v -0.0260000229 0.0990000069 0.0297000185
v -0.0155000091 0.0983000025 0.0265000314
v -0.0630999804 0.0723000467 -0.0940000042
v -0.0525000021 0.0832000077 -0.0908999965
v -0.0521000028 0.0719000399 -0.0936999992
v -0.00410003029 0.0963000357 0.0244000405
v 0.00300001912 0.10170003 0.0273000374
v 0.00440000929 0.0939000547 0.0239000171
v -0.073300004 0.0825000107 -0.0909999982
v -0.0799999833 0.0883000195 -0.0864999965
v -0.0717999935 0.0902000368 -0.0876000002
v 0.00440000929 0.0939000547 0.0239000171
v 0.0131999813 0.0963000357 0.0314000696
v 0.0149000213 0.0896999985 0.0286000222
v -0.0895000026 0.0843000114 -0.0792999938
v -0.0824999809 0.0808000267 -0.0889999941
v -0.0924999714 0.0775000155 -0.0809999034
v 0.0149000213 0.0896999985 0.0286000222
v 0.00520001911 0.0841000378 0.0213000625
v 0.00440000929 0.0939000547 0.0239000171
v -0.0924999714 0.0775000155 -0.0809999034
v -0.0846999809 0.0706000552 -0.0905000046
v -0.0942000076 0.0684000552 -0.0822999999
v 0.00440000929 0.0939000547 0.0239000171
v -0.00440002047 0.0860000551 0.0212000385
v -0.00410003029 0.0963000357 0.0244000405
v -0.0745999813 0.0719000399 -0.0933000073
v -0.0824999809 0.0808000267 -0.0889999941
v -0.073300004 0.0825000107 -0.0909999982
v 0.0421999618 0.0129000917 0.251800001
v 0.0364000201 0.00620009005 0.256599993
v 0.0440000221 0.00640009344 0.252599984
v -0.0509999916 0.00880009681 0.15109995
v -0.0576999709 0.0155000985 0.147699982
v -0.059400022 0.00910010189 0.149499983
v 0.0440000221 0.00640009344 0.252599984
v 0.0485000014 0.0127999932 0.246800005
v 0.0421999618 0.0129000917 0.251800001
v -0.059400022 0.00910010189 0.149499983
v -0.0651999712 0.0154000968 0.144699961
v -0.0669000149 0.00930009782 0.146099955
v 0.0421999618 0.0129000917 0.251800001
v 0.0465999767 0.0176000893 0.245700002
v 0.0403000116 0.0180000886 0.250200003
v -0.0634999797 0.0199999958 0.142800003
v -0.0576999709 0.0155000985 0.147699982
v -0.05620002 0.0203000978 0.145199984
v 0.0403000116 0.0180000886 0.250200003
v 0.0347999893 0.0131000951 0.255400002
v 0.0421999618 0.0129000917 0.251800001
v -0.05620002 0.0203000978 0.145199984
v -0.0495999977 0.0154000968 0.148999959
v -0.0483000204 0.0206000954 0.146099955
v 0.0544000193 0.0129000917 0.240099996
v 0.0500999615 0.00650009513 0.247200012
v 0.0559999868 0.00680009276 0.24000001
v -0.0669000149 0.00930009782 0.146099955
v -0.0727999806 0.0154000968 0.140099972
v -0.0745999813 0.00940009952 0.140899986
v 0.0559999868 0.00680009276 0.24000001
v 0.0594999716 0.0136000887 0.23089999
v 0.0544000193 0.0129000917 0.240099996
v -0.0745999813 0.00940009952 0.140899986
v -0.0802999735 0.0158000961 0.132699996
v -0.0822999999 0.00970009714 0.133299977
v 0.0544000193 0.0129000917 0.240099996
v 0.0569999814 0.018400088 0.230799988
v 0.0523999929 0.0176000893 0.239600003
v -0.0777999759 0.0205001011 0.131499976
v -0.0727999806 0.0154000968 0.140099972
v -0.070900023 0.0199999958 0.138599962
v 0.0523999929 0.0176000893 0.239600003
v 0.0485000014 0.0127999932 0.246800005
v 0.0544000193 0.0129000917 0.240099996
v -0.070900023 0.0199999958 0.138599962
v -0.0651999712 0.0154000968 0.144699961
v -0.0634999797 0.0199999958 0.142800003
v 0.0447000191 -0.00109989941 0.252400011
v 0.0361999795 -0.00719989836 0.252400011
v 0.0443999693 -0.00739990175 0.248299986
v -0.0525000021 -0.00489990413 0.148099989
v -0.0604000017 0.00169999897 0.150000006
v -0.0615999587 -0.00480000675 0.146599978
v 0.0443999693 -0.00739990175 0.248299986
v 0.0507000014 -0.000899896026 0.246699989
v 0.0447000191 -0.00109989941 0.252400011
v -0.0615999587 -0.00480000675 0.146599978
v -0.0677999854 0.00180010498 0.146299988
v -0.0692999884 -0.00469990075 0.143099993
v 0.0447000191 -0.00109989941 0.252400011
v 0.0500999615 0.00650009513 0.247200012
v 0.0440000221 0.00640009344 0.252599984
v -0.0669000149 0.00930009782 0.146099955
v -0.0604000017 0.00169999897 0.150000006
v -0.059400022 0.00910010189 0.149499983
v 0.0440000221 0.00640009344 0.252599984
v 0.0368999802 -0.00109989941 0.256500006
v 0.0447000191 -0.00109989941 0.252400011
v -0.059400022 0.00910010189 0.149499983
v -0.0518000126 0.0015000999 0.15169999
v -0.0509999916 0.00880009681 0.15109995
v 0.0561000109 -0.000699907541 0.239399999
v 0.050800018 -0.00730000436 0.242799997
v 0.05620002 -0.00709989667 0.235500008
v -0.0692999884 -0.00469990075 0.143099993
v -0.0752000213 0.00190009177 0.140899986
v -0.0766000152 -0.00469990075 0.137799948
v 0.05620002 -0.00709989667 0.235500008
v 0.0608999729 -0.000399902463 0.229999989
v 0.0561000109 -0.000699907541 0.239399999
v -0.0766000152 -0.00469990075 0.137799948
v -0.0824000239 0.00190009177 0.133299977
v -0.0820000097 -0.00289990008 0.132400006
v 0.0561000109 -0.000699907541 0.239399999
v 0.0612000227 0.00739999115 0.230599999
v 0.0559999868 0.00680009276 0.24000001
v -0.0822999999 0.00970009714 0.133299977
v -0.0752000213 0.00190009177 0.140899986
v -0.0745999813 0.00940009952 0.140899986
v 0.0559999868 0.00680009276 0.24000001
v 0.0507000014 -0.000899896026 0.246699989
v 0.0561000109 -0.000699907541 0.239399999
v -0.0745999813 0.00940009952 0.140899986
v -0.0677999854 0.00180010498 0.146299988
v -0.0669000149 0.00930009782 0.146099955
v 0.00700001977 0.0293000042 0.0169000402
v 0.00109999999 0.0219001099 0.0157000199
v -0.000700000674 0.0303000435 0.0102000609
v -0.0921999812 0.0147001073 -0.0879000053
v -0.0871000215 0.00690010935 -0.0901999995
v -0.09109997 0.00870011002 -0.0836999938
v -0.000700000674 0.0303000435 0.0102000609
v -0.00629997998 0.0219001099 0.0152000487
v -0.00830001011 0.0305000246 0.00930003077
v -0.0802999735 0.00650011003 -0.0927999988
v -0.0867999718 0.014800109 -0.0966000035
v -0.0797999948 0.0146000087 -0.099699907
v -0.000700000674 0.0303000435 0.0102000609
v -0.00760000944 0.0408000052 0.0106000006
v 0.000699989498 0.0406000242 0.0115000308
v -0.0795999691 0.025000006 -0.0991000012
v -0.0867999718 0.014800109 -0.0966000035
v -0.0874000117 0.0253001079 -0.0958000049
v 0.000699989498 0.0406000242 0.0115000308
v 0.00700001977 0.0293000042 0.0169000402
v -0.000700000674 0.0303000435 0.0102000609
v -0.0874000117 0.0253001079 -0.0958000049
v -0.0921999812 0.0147001073 -0.0879000053
v -0.0935999677 0.0254000053 -0.0872999951
v -0.00830001011 0.0305000246 0.00930003077
v -0.0167999864 0.0218000039 0.0168000236
v -0.0189999938 0.030400008 0.0106000006
v -0.0797999948 0.0146000087 -0.099699907
v -0.0697000027 0.00590010732 -0.0942999944
v -0.0802999735 0.00650011003 -0.0927999988
v -0.0189999938 0.030400008 0.0106000006
v -0.027700007 0.0214000046 0.0195000544
v -0.0302000046 0.0301000178 0.0131000578
v -0.0584999919 0.00510010868 -0.0948000029
v -0.0691000223 0.0140001029 -0.101499908
v -0.0576999709 0.0132001042 -0.102299996
v -0.0302000046 0.0301000178 0.0131000578
v -0.0189999938 0.0409000143 0.011900045
v -0.0189999938 0.030400008 0.0106000006
v -0.0576999709 0.0132001042 -0.102299996
v -0.0684000254 0.0245001093 -0.101000004
v -0.0562999807 0.0238001049 -0.101800002
v -0.0189999938 0.0409000143 0.011900045
v -0.00830001011 0.0305000246 0.00930003077
v -0.0189999938 0.030400008 0.0106000006
v -0.0684000254 0.0245001093 -0.101000004
v -0.0797999948 0.0146000087 -0.099699907
v -0.0795999691 0.025000006 -0.0991000012
v -0.0309000015 0.0531000197 0.0183000416
v -0.0184000134 0.0654000342 0.0187000483
v -0.0189999938 0.0531000197 0.015100047
v -0.0547000095 0.0364000499 -0.0994000062
v -0.0654000044 0.0495000184 -0.0966000035
v -0.0526999794 0.0493000448 -0.0966000035
v -0.0189999938 0.0531000197 0.015100047
v -0.00660002977 0.0646000132 0.0169000477
v -0.00690001994 0.0528000295 0.0134000555
v -0.0769000053 0.0493000448 -0.0951999947
v -0.0670000315 0.0369000062 -0.0989998952
v -0.0791000128 0.0371000469 -0.0970999971
v -0.00690001994 0.0528000295 0.0134000555
v -0.0189999938 0.0409000143 0.011900045
v -0.0189999938 0.0531000197 0.015100047
v -0.0791000128 0.0371000469 -0.0970999971
v -0.0684000254 0.0245001093 -0.101000004
v -0.0795999691 0.025000006 -0.0991000012
v -0.0189999938 0.0531000197 0.015100047
v -0.0307999849 0.0407000482 0.0147000328
v -0.0309000015 0.0531000197 0.0183000416
v -0.0562999807 0.0238001049 -0.101800002
v -0.0670000315 0.0369000062 -0.0989998952
v -0.0547000095 0.0364000499 -0.0994000062
v 0.00169998035 0.0525000393 0.0139000267
v -0.00660002977 0.0646000132 0.0169000477
v 0.00260001048 0.0642000064 0.0172000378
v -0.0791000128 0.0371000469 -0.0970999971
v -0.0860999823 0.0493999943 -0.0920000002
v -0.0769000053 0.0493000448 -0.0951999947
v 0.00260001048 0.0642000064 0.0172000378
v 0.0109000206 0.0517000258 0.0200000182
v 0.00169998035 0.0525000393 0.0139000267
v -0.0860999823 0.0493999943 -0.0920000002
v -0.0942000076 0.0375000462 -0.0854999945
v -0.094799988 0.0493999943 -0.0835000053
v 0.00169998035 0.0525000393 0.0139000267
v 0.00910001993 0.0398000181 0.0178000107
v 0.000699989498 0.0406000242 0.0115000308
v -0.0935999677 0.0254000053 -0.0872999951
v -0.0871999785 0.037300013 -0.0941000059
v -0.0874000117 0.0253001079 -0.0958000049
v 0.000699989498 0.0406000242 0.0115000308
v -0.00690001994 0.0528000295 0.0134000555
v 0.00169998035 0.0525000393 0.0139000267
v -0.0874000117 0.0253001079 -0.0958000049
v -0.0791000128 0.0371000469 -0.0970999971
v -0.0795999691 0.025000006 -0.0991000012
v 0.0328999683 -0.0101999938 0.172899991
v 0.0137000009 -0.00779989362 0.16139999
v 0.0282999799 -0.00779989362 0.156800002
v -0.0576999709 -0.0125999004 0.0548000112
v -0.0727000237 -0.0131998956 0.0715000406
v -0.0728999898 -0.0120999068 0.0547000505
v 0.0282999799 -0.00779989362 0.156800002
v 0.0465000197 -0.00959989429 0.16839996
v 0.0328999683 -0.0101999938 0.172899991
v -0.0728999898 -0.0120999068 0.0547000505
v -0.0870000124 -0.0120999068 0.0711000264
v -0.0873000026 -0.0109000057 0.0544000603
v 0.0328999683 -0.0101999938 0.172899991
v 0.0500000119 -0.011399895 0.184899956
v 0.0372999907 -0.0118999034 0.189299971
v -0.0856000111 -0.0125999004 0.0880000293
v -0.0727000237 -0.0131998956 0.0715000406
v -0.0721999854 -0.0134999007 0.0886000097
v 0.0372999907 -0.0118999034 0.189299971
v 0.0181999803 -0.0102999061 0.177399963
v 0.0328999683 -0.0101999938 0.172899991
v -0.0721999854 -0.0134999007 0.0886000097
v -0.0572999716 -0.0137999952 0.0716000497
v -0.0572000109 -0.014099896 0.0885000676
v 0.0576999709 -0.00829990208 0.164199978
v 0.0419999883 -0.00719989836 0.152399987
v 0.053899996 -0.0055000037 0.148499995
v -0.0873000026 -0.0109000057 0.0544000603
v -0.0989000127 -0.0103999078 0.0702000558
v -0.0997999907 -0.00879999995 0.0540000498
v 0.053899996 -0.0055000037 0.148499995
v 0.0653999969 -0.00419990718 0.161500007
v 0.0576999709 -0.00829990208 0.164199978
v -0.0997999907 -0.00879999995 0.0540000498
v -0.106899969 -0.00599990785 0.0696000159
v -0.108799994 -0.0040999949 0.0537
v 0.0576999709 -0.00829990208 0.164199978
v 0.0666999817 -0.00649990141 0.177300006
v 0.0598999783 -0.0102999061 0.180399984
v -0.103699982 -0.00730000436 0.0852000564
v -0.0989000127 -0.0103999078 0.0702000558
v -0.0962999985 -0.0111999065 0.0865000188
v 0.0598999783 -0.0102999061 0.180399984
v 0.0465000197 -0.00959989429 0.16839996
v 0.0576999709 -0.00829990208 0.164199978
v -0.0962999985 -0.0111999065 0.0865000188
v -0.0870000124 -0.0120999068 0.0711000264
v -0.0856000111 -0.0125999004 0.0880000293
v 0.0238999687 -0.00519999862 0.141199976
v 0.00690000877 -0.00229999423 0.129899949
v 0.0199000202 -0.00239990652 0.125499994
v -0.0601999685 -0.00959989429 0.0223000422
v -0.07319998 -0.010699898 0.038300015
v -0.0738999844 -0.00919990242 0.021900028
v 0.0199000202 -0.00239990652 0.125499994
v 0.0378000103 -0.00459989905 0.136999995
v 0.0238999687 -0.00519999862 0.141199976
v -0.0738999844 -0.00919990242 0.021900028
v -0.0878000185 -0.00959989429 0.0382000506
v -0.0881000087 -0.0080998987 0.022000052
v 0.0238999687 -0.00519999862 0.141199976
v 0.0419999883 -0.00719989836 0.152399987
v 0.0282999799 -0.00779989362 0.156800002
v -0.0873000026 -0.0109000057 0.0544000603
v -0.07319998 -0.010699898 0.038300015
v -0.0728999898 -0.0120999068 0.0547000505
v 0.0282999799 -0.00779989362 0.156800002
v 0.00999999046 -0.00519999862 0.145899966
v 0.0238999687 -0.00519999862 0.141199976
v -0.0728999898 -0.0120999068 0.0547000505
v -0.058600001 -0.0111999065 0.0387000218
v -0.0576999709 -0.0125999004 0.0548000112
v 0.0378000103 -0.00459989905 0.136999995
v 0.043900013 -0.000199899077 0.118599974
v 0.0494999811 -0.00289990008 0.13349995
v -0.0878000185 -0.00959989429 0.0382000506
v -0.0988000035 -0.00609989464 0.022100009
v -0.0881000087 -0.0080998987 0.022000052
v 0.0494999811 -0.00289990008 0.13349995
v 0.0511000082 0.00400009751 0.116999954
v 0.0572999716 0.0015000999 0.131399959
v -0.105999999 -0.00149990618 0.0224000514
v -0.0998999998 -0.00749990344 0.0381000414
v -0.107799999 -0.00269989669 0.0380000249
v 0.0494999811 -0.00289990008 0.13349995
v 0.0627000332 -0.00109989941 0.145899966
v 0.053899996 -0.0055000037 0.148499995
v -0.108799994 -0.0040999949 0.0537
v -0.0998999998 -0.00749990344 0.0381000414
v -0.0997999907 -0.00879999995 0.0540000498
v 0.053899996 -0.0055000037 0.148499995
v 0.0378000103 -0.00459989905 0.136999995
v 0.0494999811 -0.00289990008 0.13349995
v -0.0997999907 -0.00879999995 0.0540000498
v -0.0878000185 -0.00959989429 0.0382000506
v -0.0873000026 -0.0109000057 0.0544000603
v 0.0381000005 0.0569999963 0.173499972
v 0.0418999717 0.0614000186 0.157099992
v 0.0361000299 0.0647000298 0.159199983
v -0.0832999945 0.0576000363 0.0534000136
v -0.0751000047 0.0540999994 0.068300046
v -0.0770999715 0.0608000383 0.0535000339
v 0.0361000299 0.0647000298 0.159199983
v 0.0310999714 0.0590000376 0.175599962
v 0.0381000005 0.0569999963 0.173499972
v -0.0770999715 0.0608000383 0.0535000339
v -0.067700021 0.0559 0.0681000203
v -0.0695999786 0.0631000027 0.0532000437
v 0.0381000005 0.0569999963 0.173499972
v 0.0332000181 0.050400041 0.188999981
v 0.0397000313 0.0486000404 0.187099963
v -0.0661000013 0.0482000262 0.0822000206
v -0.0751000047 0.0540999994 0.068300046
v -0.0730000138 0.0467000157 0.0825000107
v 0.0397000313 0.0486000404 0.187099963
v 0.043900013 0.0543000326 0.171900004
v 0.0381000005 0.0569999963 0.173499972
v -0.0730000138 0.0467000157 0.0825000107
v -0.0812000036 0.0516000018 0.0687000602
v -0.0788999721 0.0447000489 0.0825000107
v 0.0231000111 0.0608999878 0.177899987
v 0.0289999805 0.0673000365 0.161299974
v 0.0203999802 0.0693000108 0.164000005
v -0.067700021 0.0559 0.0681000203
v -0.060599979 0.0647000298 0.0532000437
v -0.0695999786 0.0631000027 0.0532000437
v 0.0231000111 0.0608999878 0.177899987
v 0.011500001 0.0707000047 0.167399973
v 0.0142999813 0.0622000322 0.180699974
v -0.0509999916 0.0658999905 0.0538000241
v -0.0593000017 0.0574000105 0.0679000467
v -0.0500999615 0.0583999977 0.0680000558
v 0.0231000111 0.0608999878 0.177899987
v 0.0174000189 0.0532000214 0.193199962
v 0.0256999694 0.0521000177 0.190999955
v -0.0497000217 0.050400041 0.0815000385
v -0.0593000017 0.0574000105 0.0679000467
v -0.0583000109 0.0496000275 0.0819000378
v 0.0256999694 0.0521000177 0.190999955
v 0.0310999714 0.0590000376 0.175599962
v 0.0231000111 0.0608999878 0.177899987
v -0.0583000109 0.0496000275 0.0819000378
v -0.067700021 0.0559 0.0681000203
v -0.0661000013 0.0482000262 0.0822000206
v 0.0351999998 0.0712000281 0.146799952
v 0.0386999808 0.0730999857 0.13319996
v 0.0344999991 0.077399984 0.136000007
v -0.0868999884 0.0676000342 0.0288000479
v -0.0796999931 0.0664000064 0.0409000367
v -0.0819000006 0.0719000325 0.0299000591
v 0.0351999998 0.0712000281 0.146799952
v 0.0286999904 0.0813000351 0.139499992
v 0.0286999904 0.0744000301 0.150000006
v -0.0752000213 0.0757000148 0.0313000455
v -0.0796999931 0.0664000064 0.0409000367
v -0.0723000094 0.0694999918 0.0419000164
v 0.0286999904 0.0744000301 0.150000006
v 0.0361000299 0.0647000298 0.159199983
v 0.0351999998 0.0712000281 0.146799952
v -0.0723000094 0.0694999918 0.0419000164
v -0.0770999715 0.0608000383 0.0535000339
v -0.0695999786 0.0631000027 0.0532000437
v 0.0361000299 0.0647000298 0.159199983
v 0.0404000208 0.0677000508 0.144799978
v 0.0351999998 0.0712000281 0.146799952
v -0.0770999715 0.0608000383 0.0535000339
v -0.0852999613 0.0631000027 0.0408000201
v -0.0832999945 0.0576000363 0.0534000136
v 0.0286999904 0.0744000301 0.150000006
v 0.0194000006 0.0842999965 0.143900007
v 0.0195000097 0.0769000202 0.153099984
v -0.0723000094 0.0694999918 0.0419000164
v -0.064899981 0.0784000456 0.0326000303
v -0.0752000213 0.0757000148 0.0313000455
v 0.0195000097 0.0769000202 0.153099984
v 0.00789998844 0.0865000039 0.148299962
v 0.00940001011 0.0788999945 0.157299966
v -0.0526000187 0.0801000223 0.0333000273
v -0.0626000091 0.0716000423 0.0419000164
v -0.051599972 0.0732000172 0.0429000705
v 0.00940001011 0.0788999945 0.157299966
v 0.0203999802 0.0693000108 0.164000005
v 0.0195000097 0.0769000202 0.153099984
v -0.051599972 0.0732000172 0.0429000705
v -0.060599979 0.0647000298 0.0532000437
v -0.0509999916 0.0658999905 0.0538000241
v 0.0195000097 0.0769000202 0.153099984
v 0.0289999805 0.0673000365 0.161299974
v 0.0286999904 0.0744000301 0.150000006
v -0.0695999786 0.0631000027 0.0532000437
v -0.0626000091 0.0716000423 0.0419000164
v -0.0723000094 0.0694999918 0.0419000164
v 0.0429999828 -0.0104998946 0.237699986
v 0.0306000113 -0.0114998966 0.226099998
v 0.0411000177 -0.0116999 0.222799987
v -0.0549999997 -0.0111999065 0.121699952
v -0.0634000152 -0.00869989395 0.136299998
v -0.0659999847 -0.0109000057 0.121699952
v 0.0411000177 -0.0116999 0.222799987
v 0.0504000112 -0.0101999938 0.232899994
v 0.0429999828 -0.0104998946 0.237699986
v -0.0659999847 -0.0109000057 0.121699952
v -0.0718999952 -0.00829990208 0.1338
v -0.0758000016 -0.0101999938 0.120299965
v 0.0429999828 -0.0104998946 0.237699986
v 0.050800018 -0.00730000436 0.242799997
v 0.0443999693 -0.00739990175 0.248299986
v -0.0692999884 -0.00469990075 0.143099993
v -0.0634000152 -0.00869989395 0.136299998
v -0.0615999587 -0.00480000675 0.146599978
v 0.0443999693 -0.00739990175 0.248299986
v 0.0337999985 -0.0102999061 0.241299987
v 0.0429999828 -0.0104998946 0.237699986
v -0.0615999587 -0.00480000675 0.146599978
v -0.0536000095 -0.00879999995 0.137099952
v -0.0525000021 -0.00489990413 0.148099989
v 0.0570999905 -0.0093999058 0.226199985
v 0.0500999615 -0.0111999065 0.218699992
v 0.0583999678 -0.00989989936 0.212899983
v -0.0758000016 -0.0101999938 0.120299965
v -0.0802999735 -0.00759990513 0.129299968
v -0.0853999853 -0.00879999995 0.116999954
v 0.0583999678 -0.00989989936 0.212899983
v 0.0622000098 -0.00649990141 0.220499992
v 0.0570999905 -0.0093999058 0.226199985
v -0.0853999853 -0.00879999995 0.116999954
v -0.0867000222 -0.00469990075 0.125099987
v -0.0928999707 -0.005299896 0.113499969
v 0.0570999905 -0.0093999058 0.226199985
v 0.0598999783 -0.00509990752 0.228899986
v 0.05620002 -0.00709989667 0.235500008
v -0.0820000097 -0.00289990008 0.132400006
v -0.0802999735 -0.00759990513 0.129299968
v -0.0766000152 -0.00469990075 0.137799948
v 0.05620002 -0.00709989667 0.235500008
v 0.0504000112 -0.0101999938 0.232899994
v 0.0570999905 -0.0093999058 0.226199985
v -0.0766000152 -0.00469990075 0.137799948
v -0.0718999952 -0.00829990208 0.1338
v -0.0692999884 -0.00469990075 0.143099993
v 0.0394999906 -0.0121998936 0.206400007
v 0.0228999779 -0.0118999034 0.193599969
v 0.0372999907 -0.0118999034 0.189299971
v -0.0572000109 -0.014099896 0.0885000676
v -0.0692999884 -0.0127000064 0.105500013
v -0.0721999854 -0.0134999007 0.0886000097
v 0.0372999907 -0.0118999034 0.189299971
v 0.0504000112 -0.0117999017 0.202299982
v 0.0394999906 -0.0121998936 0.206400007
v -0.0721999854 -0.0134999007 0.0886000097
v -0.0809000134 -0.0117999017 0.104699999
v -0.0856000111 -0.0125999004 0.0880000293
v 0.0394999906 -0.0121998936 0.206400007
v 0.0500999615 -0.0111999065 0.218699992
v 0.0411000177 -0.0116999 0.222799987
v -0.0758000016 -0.0101999938 0.120299965
v -0.0692999884 -0.0127000064 0.105500013
v -0.0659999847 -0.0109000057 0.121699952
v 0.0411000177 -0.0116999 0.222799987
v 0.02700001 -0.0120999068 0.209999993
v 0.0394999906 -0.0121998936 0.206400007
v -0.0659999847 -0.0109000057 0.121699952
v -0.0562999807 -0.0129999071 0.105399996
v -0.0549999997 -0.0111999065 0.121699952
v 0.0594999716 -0.0104998946 0.19719997
v 0.0500000119 -0.011399895 0.184899956
v 0.0598999783 -0.0102999061 0.180399984
v -0.0856000111 -0.0125999004 0.0880000293
v -0.09109997 -0.0103999078 0.102400035
v -0.0962999985 -0.0111999065 0.0865000188
v 0.0598999783 -0.0102999061 0.180399984
v 0.0662000105 -0.00679990649 0.192999989
v 0.0594999716 -0.0104998946 0.19719997
v -0.0962999985 -0.0111999065 0.0865000188
v -0.0986000225 -0.00660000741 0.099999994
v -0.103699982 -0.00730000436 0.0852000564
v 0.0594999716 -0.0104998946 0.19719997
v 0.0648000166 -0.00629989803 0.207599968
v 0.0583999678 -0.00989989936 0.212899983
v -0.0928999707 -0.005299896 0.113499969
v -0.09109997 -0.0103999078 0.102400035
v -0.0853999853 -0.00879999995 0.116999954
v 0.0583999678 -0.00989989936 0.212899983
v 0.0504000112 -0.0117999017 0.202299982
v 0.0594999716 -0.0104998946 0.19719997
v -0.0853999853 -0.00879999995 0.116999954
v -0.0809000134 -0.0117999017 0.104699999
v -0.0758000016 -0.0101999938 0.120299965
v 0.0462999865 0.0324000195 0.218999982
v 0.040899992 0.0380000025 0.208199993
v 0.0421000123 0.0332000405 0.220999986
v -0.0705000088 0.0330000073 0.116099983
v -0.0683000013 0.0375999957 0.103800036
v -0.0734999701 0.0363000184 0.104100026
v 0.0421000123 0.0332000405 0.220999986
v 0.0351999998 0.0389000326 0.209899992
v 0.0371999703 0.03329999 0.223399997
v -0.062300019 0.0383000001 0.103599995
v -0.0658999607 0.0335999876 0.116699964
v -0.060500022 0.0337000117 0.117499977
v 0.0371999703 0.03329999 0.223399997
v 0.0440999791 0.0288000926 0.2315
v 0.0421000123 0.0332000405 0.220999986
v -0.060500022 0.0337000117 0.117499977
v -0.064899981 0.0301000103 0.127599984
v -0.0595999919 0.0296000466 0.129799992
v 0.0421000123 0.0332000405 0.220999986
v 0.0465000197 0.0295000225 0.227099985
v 0.0462999865 0.0324000195 0.218999982
v -0.0684000254 0.0307000503 0.1241
v -0.0658999607 0.0335999876 0.116699964
v -0.0705000088 0.0330000073 0.116099983
v 0.0371999703 0.03329999 0.223399997
v 0.0285000205 0.0396000296 0.211499989
v 0.0310000107 0.0335999802 0.225499988
v -0.060500022 0.0337000117 0.117499977
v -0.0554000102 0.0386000499 0.103200048
v -0.062300019 0.0383000001 0.103599995
v 0.0310000107 0.0335999802 0.225499988
v 0.0210000202 0.0400000289 0.213199988
v 0.0238999687 0.0339999944 0.227099985
v -0.0478000008 0.0387000069 0.102700032
v -0.0540000126 0.0338000283 0.117700011
v -0.0467000008 0.0338000283 0.117199987
v 0.0310000107 0.0335999802 0.225499988
v 0.0268999897 0.0289000943 0.239800006
v 0.0337999985 0.028500095 0.237899989
v -0.0461000204 0.0298000202 0.130499989
v -0.0540000126 0.0338000283 0.117700011
v -0.053199999 0.0296000466 0.130799979
v 0.0310000107 0.0335999802 0.225499988
v 0.0396000072 0.0283000916 0.235100001
v 0.0371999703 0.03329999 0.223399997
v -0.0595999919 0.0296000466 0.129799992
v -0.0540000126 0.0338000283 0.117700011
v -0.060500022 0.0337000117 0.117499977
v 0.045400016 0.0406000093 0.196499974
v 0.0397000313 0.0486000404 0.187099963
v 0.0400000215 0.042500034 0.197899967
v -0.0759000108 0.0397000462 0.0937000364
v -0.0730000138 0.0467000157 0.0825000107
v -0.0788999721 0.0447000489 0.0825000107
v 0.0400000215 0.042500034 0.197899967
v 0.0332000181 0.050400041 0.188999981
v 0.0339000188 0.0439000204 0.199399978
v -0.0661000013 0.0482000262 0.0822000206
v -0.070299983 0.0414000377 0.0933000222
v -0.0638999939 0.0425000414 0.0929000154
v 0.0339000188 0.0439000204 0.199399978
v 0.040899992 0.0380000025 0.208199993
v 0.0400000215 0.042500034 0.197899967
v -0.0638999939 0.0425000414 0.0929000154
v -0.0683000013 0.0375999957 0.103800036
v -0.062300019 0.0383000001 0.103599995
v 0.0400000215 0.042500034 0.197899967
v 0.0458999798 0.036499992 0.206899971
v 0.045400016 0.0406000093 0.196499974
v -0.0734999701 0.0363000184 0.104100026
v -0.070299983 0.0414000377 0.0933000222
v -0.0759000108 0.0397000462 0.0937000364
v 0.0339000188 0.0439000204 0.199399978
v 0.0256999694 0.0521000177 0.190999955
v 0.0267999694 0.0450999811 0.201099962
v -0.0638999939 0.0425000414 0.0929000154
v -0.0583000109 0.0496000275 0.0819000378
v -0.0661000013 0.0482000262 0.0822000206
v 0.0267999694 0.0450999811 0.201099962
v 0.0174000189 0.0532000214 0.193199962
v 0.0189999901 0.0459000021 0.202999979
v -0.0497000217 0.050400041 0.0815000385
v -0.0566999912 0.043400012 0.0924000591
v -0.0486000106 0.0438000187 0.0918000191
v 0.0189999901 0.0459000021 0.202999979
v 0.0285000205 0.0396000296 0.211499989
v 0.0267999694 0.0450999811 0.201099962
v -0.0486000106 0.0438000187 0.0918000191
v -0.0554000102 0.0386000499 0.103200048
v -0.0478000008 0.0387000069 0.102700032
v 0.0267999694 0.0450999811 0.201099962
v 0.0351999998 0.0389000326 0.209899992
v 0.0339000188 0.0439000204 0.199399978
v -0.062300019 0.0383000001 0.103599995
v -0.0566999912 0.043400012 0.0924000591
v -0.0638999939 0.0425000414 0.0929000154
v 0.00150001049 0.0151000991 0.0341000333
v 0.00109999999 0.0219001099 0.0157000199
v 0.00910001993 0.0156001002 0.033500053
v -0.0824999809 0.00140011311 -0.0720000044
v -0.0871000215 0.00690010935 -0.0901999995
v -0.0802999735 0.00650011003 -0.0927999988
v 0.00910001993 0.0156001002 0.033500053
v 0.00690000877 0.0230001062 0.0208000317
v 0.0139999911 0.0188001022 0.0338000432
v -0.09109997 0.00870011002 -0.0836999938
v -0.0897999927 0.00230011344 -0.0703000054
v -0.0943000317 0.00580010563 -0.0688999966
v 0.0139999911 0.0188001022 0.0338000432
v 0.0177999698 0.0112001002 0.0557000451
v 0.00910001993 0.0156001002 0.033500053
v -0.0943000317 0.00580010563 -0.0688999966
v -0.091799967 -0.000199899077 -0.0463000014
v -0.0968999788 0.00410010666 -0.0457000062
v 0.00910001993 0.0156001002 0.033500053
v 0.00989997014 0.0100001022 0.0572000556
v 0.00150001049 0.0151000991 0.0341000333
v -0.0838999748 -0.00179989636 -0.0471000001
v -0.0897999927 0.00230011344 -0.0703000054
v -0.0824999809 0.00140011311 -0.0720000044
v 0.00150001049 0.0151000991 0.0341000333
v -0.00180000998 0.00959999859 0.0603000335
v -0.00980002061 0.0149000958 0.0365000144
v -0.0824999809 0.00140011311 -0.0720000044
v -0.0716999695 -0.002599895 -0.0475000069
v -0.0838999748 -0.00179989636 -0.0471000001
v -0.00980002061 0.0149000958 0.0365000144
v -0.0134000201 0.00959999859 0.0638000146
v -0.0210000277 0.0147000998 0.0397000611
v -0.0597000085 -0.00309990346 -0.0475000069
v -0.0709999651 0.000700116158 -0.0729000047
v -0.0593000017 1.1920929e-07 -0.0730999038
v -0.0210000277 0.0147000998 0.0397000611
v -0.0167999864 0.0218000039 0.0168000236
v -0.00980002061 0.0149000958 0.0365000144
v -0.0593000017 1.1920929e-07 -0.0730999038
v -0.0697000027 0.00590010732 -0.0942999944
v -0.0584999919 0.00510010868 -0.0948000029
v -0.00980002061 0.0149000958 0.0365000144
v -0.00629997998 0.0219001099 0.0152000487
v 0.00150001049 0.0151000991 0.0341000333
v -0.0802999735 0.00650011003 -0.0927999988
v -0.0709999651 0.000700116158 -0.0729000047
v -0.0824999809 0.00140011311 -0.0720000044
v 0.0150999986 0.000400096178 0.109599978
v -0.00129998103 0.00330010056 0.0970000401
v 0.0100999996 0.00330010056 0.0937000364
v -0.0617999993 -0.00649990141 -0.0119000077
v -0.0738999844 -0.00759990513 0.00509998947
v -0.0735999942 -0.00609989464 -0.0116999075
v 0.0150999986 0.000400096178 0.109599978
v 0.0221999809 0.00390009582 0.0907000601
v 0.0275999904 0.00100010633 0.10620001
v -0.0860999823 -0.00499990582 -0.0111000091
v -0.0738999844 -0.00759990513 0.00509998947
v -0.0867999718 -0.00649990141 0.00549998879
v 0.0275999904 0.00100010633 0.10620001
v 0.0199000202 -0.00239990652 0.125499994
v 0.0150999986 0.000400096178 0.109599978
v -0.0867999718 -0.00649990141 0.00549998879
v -0.0738999844 -0.00919990242 0.021900028
v -0.0881000087 -0.0080998987 0.022000052
v 0.0199000202 -0.00239990652 0.125499994
v 0.00319998898 0.000500097871 0.113299996
v 0.0150999986 0.000400096178 0.109599978
v -0.0738999844 -0.00919990242 0.021900028
v -0.0613999888 -0.00800000131 0.00529999286
v -0.0601999685 -0.00959989429 0.0223000422
v 0.0275999904 0.00100010633 0.10620001
v 0.0310999714 0.00559999794 0.0888000578
v 0.0371999703 0.002700001 0.103900045
v -0.0867999718 -0.00649990141 0.00549998879
v -0.0950999781 -0.00289990008 -0.0105000064
v -0.0860999823 -0.00499990582 -0.0111000091
v 0.0371999703 0.002700001 0.103900045
v 0.0371999703 0.0100001022 0.0877000391
v 0.0437999889 0.00710009784 0.102899998
v -0.101000011 0.00180010498 -0.0101000071
v -0.096499972 -0.00439989567 0.00590009242
v -0.102999978 0.000200003386 0.00649999082
v 0.0437999889 0.00710009784 0.102899998
v 0.043900013 -0.000199899077 0.118599974
v 0.0371999703 0.002700001 0.103900045
v -0.102999978 0.000200003386 0.00649999082
v -0.0988000035 -0.00609989464 0.022100009
v -0.105999999 -0.00149990618 0.0224000514
v 0.0371999703 0.002700001 0.103900045
v 0.0335000083 -0.00190000236 0.121499985
v 0.0275999904 0.00100010633 0.10620001
v -0.0881000087 -0.0080998987 0.022000052
v -0.096499972 -0.00439989567 0.00590009242
v -0.0867999718 -0.00649990141 0.00549998879
v -0.00690001994 0.00610009581 0.0817000046
v -0.00180000998 0.00959999859 0.0603000335
v 0.00459997915 0.00599999726 0.0784000531
v -0.0608000085 -0.00509990752 -0.0282999948
v -0.0716999695 -0.002599895 -0.0475000069
v -0.0597000085 -0.00309990346 -0.0475000069
v 0.00459997915 0.00599999726 0.0784000531
v 0.00989997014 0.0100001022 0.0572000556
v 0.0166000091 0.00660009682 0.0752000511
v -0.0838999748 -0.00179989636 -0.0471000001
v -0.0727000237 -0.00459989905 -0.0281000063
v -0.0852000117 -0.00359989703 -0.0276999995
v 0.0166000091 0.00660009682 0.0752000511
v 0.0100999996 0.00330010056 0.0937000364
v 0.00459997915 0.00599999726 0.0784000531
v -0.0852000117 -0.00359989703 -0.0276999995
v -0.0735999942 -0.00609989464 -0.0116999075
v -0.0860999823 -0.00499990582 -0.0111000091
v 0.00459997915 0.00599999726 0.0784000531
v -0.00129998103 0.00330010056 0.0970000401
v -0.00690001994 0.00610009581 0.0817000046
v -0.0617999993 -0.00649990141 -0.0119000077
v -0.0727000237 -0.00459989905 -0.0281000063
v -0.0608000085 -0.00509990752 -0.0282999948
v 0.0166000091 0.00660009682 0.0752000511
v 0.0177999698 0.0112001002 0.0557000451
v 0.0251999982 0.00809999555 0.0733000487
v -0.0852000117 -0.00359989703 -0.0276999995
v -0.091799967 -0.000199899077 -0.0463000014
v -0.0838999748 -0.00179989636 -0.0471000001
v 0.0251999982 0.00809999555 0.0733000487
v 0.0231000111 0.0152001008 0.0551000647
v 0.0306000113 0.0125000998 0.0724000186
v -0.0968999788 0.00410010666 -0.0457000062
v -0.0939000174 -0.00169989467 -0.0271000043
v -0.0990999937 0.00290009379 -0.0267998949
v 0.0306000113 0.0125000998 0.0724000186
v 0.0310999714 0.00559999794 0.0888000578
v 0.0251999982 0.00809999555 0.0733000487
v -0.0990999937 0.00290009379 -0.0267998949
v -0.0950999781 -0.00289990008 -0.0105000064
v -0.101000011 0.00180010498 -0.0101000071
v 0.0251999982 0.00809999555 0.0733000487
v 0.0221999809 0.00390009582 0.0907000601
v 0.0166000091 0.00660009682 0.0752000511
v -0.0860999823 -0.00499990582 -0.0111000091
v -0.0939000174 -0.00169989467 -0.0271000043
v -0.0852000117 -0.00359989703 -0.0276999995
v 0.0361000299 0.0781999975 0.121099979
v 0.0310999714 0.0881000385 0.114800014
v 0.0326999985 0.083400026 0.124799997
v -0.0878000185 0.0717000067 0.0162000507
v -0.0845000148 0.0811000168 0.00779999793
v -0.0900000334 0.0748000443 0.00119999796
v 0.0326999985 0.083400026 0.124799997
v 0.0260999799 0.0935000405 0.119999975
v 0.0271000192 0.0885000378 0.129299968
v -0.0782999918 0.0865000114 0.0108000487
v -0.0832999945 0.0770000443 0.0183000416
v -0.076399982 0.082000047 0.0206000581
v 0.0271000192 0.0885000378 0.129299968
v 0.0344999991 0.077399984 0.136000007
v 0.0326999985 0.083400026 0.124799997
v -0.076399982 0.082000047 0.0206000581
v -0.0819000006 0.0719000325 0.0299000591
v -0.0752000213 0.0757000148 0.0313000455
v 0.0326999985 0.083400026 0.124799997
v 0.0386999808 0.0730999857 0.13319996
v 0.0361000299 0.0781999975 0.121099979
v -0.0868999884 0.0676000342 0.0288000479
v -0.0832999945 0.0770000443 0.0183000416
v -0.0878000185 0.0717000067 0.0162000507
v 0.0271000192 0.0885000378 0.129299968
v 0.0179999992 0.0975999981 0.125799984
v 0.0181000195 0.09200003 0.134200007
v -0.076399982 0.082000047 0.0206000581
v -0.0687000155 0.0905000269 0.0138000697
v -0.0782999918 0.0865000114 0.0108000487
v 0.0181000195 0.09200003 0.134200007
v 0.00669996999 0.100600019 0.131199986
v 0.00650000013 0.0946999937 0.139399976
v -0.05620002 0.0930000246 0.0156000704
v -0.0662000105 0.0852999911 0.0224000588
v -0.0536000095 0.0877000317 0.0238000602
v 0.00650000013 0.0946999937 0.139399976
v 0.0194000006 0.0842999965 0.143900007
v 0.0181000195 0.09200003 0.134200007
v -0.0536000095 0.0877000317 0.0238000602
v -0.064899981 0.0784000456 0.0326000303
v -0.0526000187 0.0801000223 0.0333000273
v 0.0181000195 0.09200003 0.134200007
v 0.0286999904 0.0813000351 0.139499992
v 0.0271000192 0.0885000378 0.129299968
v -0.0752000213 0.0757000148 0.0313000455
v -0.0662000105 0.0852999911 0.0224000588
v -0.076399982 0.082000047 0.0206000581
v 0.00809996948 0.027000092 0.246699989
v 0.00199997053 0.025699988 0.246399999
v 0.00829999894 0.0249000937 0.249799997
v -0.0203999877 0.0256000981 0.129899949
v -0.0261999965 0.0271999985 0.131899983
v -0.0254999995 0.0253001004 0.134999961
v 0.00829999894 0.0249000937 0.249799997
v 0.0141999684 0.0266000926 0.247000009
v 0.00809996948 0.027000092 0.246699989
v -0.0254999995 0.0253001004 0.134999961
v -0.0318000317 0.0271001011 0.133899957
v -0.0315999985 0.0253001004 0.137299985
v 0.00809996948 0.027000092 0.246699989
v 0.0124999806 0.0295000225 0.24090001
v 0.00700001977 0.0296999887 0.240799993
v -0.0318999887 0.0296000466 0.127399951
v -0.0261999965 0.0271999985 0.131899983
v -0.0267000198 0.02950003 0.125699967
v 0.00700001977 0.0296999887 0.240799993
v 0.00260001048 0.0281000882 0.243299991
v 0.00809996948 0.027000092 0.246699989
v -0.0267000198 0.02950003 0.125699967
v -0.0217999816 0.0277000964 0.127000004
v -0.0236999989 0.0296000466 0.122899972
v 0.0210999809 0.0262000933 0.247000009
v 0.0149000213 0.0245000944 0.250200003
v 0.022099968 0.024100095 0.250099897
v -0.0315999985 0.0253001004 0.137299985
v -0.038500011 0.0271999985 0.135899991
v -0.0386000201 0.0253001004 0.139399976
v 0.022099968 0.024100095 0.250099897
v 0.0285000205 0.025800094 0.246100008
v 0.0210999809 0.0262000933 0.247000009
v -0.0386000201 0.0253001004 0.139399976
v -0.0458999798 0.0271001011 0.137299985
v -0.0461000204 0.0252000988 0.140599996
v 0.0210999809 0.0262000933 0.247000009
v 0.0268999897 0.0289000943 0.239800006
v 0.0195000097 0.0292999893 0.24059999
v -0.0461000204 0.0298000202 0.130499989
v -0.038500011 0.0271999985 0.135899991
v -0.0386999808 0.0296999961 0.129199952
v 0.0195000097 0.0292999893 0.24059999
v 0.0141999684 0.0266000926 0.247000009
v 0.0210999809 0.0262000933 0.247000009
v -0.0386999808 0.0296999961 0.129199952
v -0.0318000317 0.0271001011 0.133899957
v -0.0318999887 0.0296000466 0.127399951
v 0.00840001926 0.0228000954 0.252700001
v 0.000699989498 0.0198000893 0.25150001
v 0.00800000876 0.0195000917 0.255400002
v -0.0178999901 0.0199000984 0.134799987
v -0.0248000026 0.0234000981 0.137999982
v -0.0238000154 0.0202000961 0.140799969
v 0.00800000876 0.0195000917 0.255400002
v 0.0153999887 0.0224000886 0.253199995
v 0.00840001926 0.0228000954 0.252700001
v -0.0238000154 0.0202000961 0.140799969
v -0.0314000249 0.0235000998 0.140499979
v -0.0309000015 0.0204000995 0.143599957
v 0.00840001926 0.0228000954 0.252700001
v 0.0149000213 0.0245000944 0.250200003
v 0.00829999894 0.0249000937 0.249799997
v -0.0315999985 0.0253001004 0.137299985
v -0.0248000026 0.0234000981 0.137999982
v -0.0254999995 0.0253001004 0.134999961
v 0.00829999894 0.0249000937 0.249799997
v 0.00150001049 0.0231999904 0.249000013
v 0.00840001926 0.0228000954 0.252700001
v -0.0254999995 0.0253001004 0.134999961
v -0.019200027 0.0231999978 0.132499963
v -0.0203999877 0.0256000981 0.129899949
v 0.023199968 0.0220999941 0.252900004
v 0.0156999789 0.0191000924 0.256099999
v 0.0243999884 0.0188000947 0.255400002
v -0.0309000015 0.0204000995 0.143599957
v -0.0389000103 0.0235999972 0.142499954
v -0.0393999815 0.0206000954 0.145499974
v 0.0243999884 0.0188000947 0.255400002
v 0.031199988 0.02160009 0.251399994
v 0.023199968 0.0220999941 0.252900004
v -0.0393999815 0.0206000954 0.145499974
v -0.0469999909 0.0235000998 0.143399984
v -0.0483000204 0.0206000954 0.146099955
v 0.023199968 0.0220999941 0.252900004
v 0.0296999812 0.0235999897 0.249000013
v 0.022099968 0.024100095 0.250099897
v -0.0461000204 0.0252000988 0.140599996
v -0.0389000103 0.0235999972 0.142499954
v -0.0386000201 0.0253001004 0.139399976
v 0.022099968 0.024100095 0.250099897
v 0.0153999887 0.0224000886 0.253199995
v 0.023199968 0.0220999941 0.252900004
v -0.0386000201 0.0253001004 0.139399976
v -0.0314000249 0.0235000998 0.140499979
v -0.0315999985 0.0253001004 0.137299985
v -0.050800018 0.0732000172 0.041300036
v -0.0522000119 0.0802999884 0.0556000248
v -0.0480999909 0.0837000236 0.0433000177
v -0.0220000148 0.0644000471 -0.071800001
v -0.027700007 0.0567000136 -0.0845000073
v -0.0288000107 0.0674000084 -0.0824000016
v -0.0480999909 0.0837000236 0.0433000177
v -0.0458999798 0.0751000345 0.0346000567
v -0.050800018 0.0732000172 0.041300036
v -0.0288000107 0.0674000084 -0.0824000016
v -0.033999972 0.0585000142 -0.0897000059
v -0.0350000188 0.0694000348 -0.0879000053
v -0.050800018 0.0732000172 0.041300036
v -0.0472000204 0.0637000427 0.0323000401
v -0.0519000217 0.0621000081 0.0385000482
v -0.0344999991 0.0469000041 -0.0915000066
v -0.027700007 0.0567000136 -0.0845000073
v -0.0282999873 0.0454000458 -0.0868000016
v -0.050800018 0.0732000172 0.041300036
v -0.0552999899 0.0601999983 0.0488000363
v -0.0544999801 0.070500046 0.0525000468
v -0.0221999884 0.0440000594 -0.0777998939
v -0.027700007 0.0567000136 -0.0845000073
v -0.0212000012 0.0545000061 -0.0747000054
v -0.0390999913 0.076600045 0.0291000381
v -0.0432000086 0.085900031 0.0364000574
v -0.0364999697 0.0874000415 0.0309000388
v -0.0350000188 0.0694000348 -0.0879000053
v -0.0418999717 0.0600000247 -0.0931999013
v -0.0429000184 0.0711000264 -0.0915000066
v -0.0364999697 0.0874000415 0.0309000388
v -0.029399991 0.0771000013 0.0245000571
v -0.0390999913 0.076600045 0.0291000381
v -0.0429000184 0.0711000264 -0.0915000066
v -0.0521000028 0.0608999953 -0.0950000063
v -0.0521000028 0.0719000399 -0.0936999992
v -0.0390999913 0.076600045 0.0291000381
v -0.0307999849 0.0658000335 0.0223000497
v -0.0404000208 0.0651000366 0.0269000381
v -0.0526999794 0.0493000448 -0.0966000035
v -0.0418999717 0.0600000247 -0.0931999013
v -0.0424000025 0.0483000576 -0.0948000029
v -0.0404000208 0.0651000366 0.0269000381
v -0.0458999798 0.0751000345 0.0346000567
v -0.0390999913 0.076600045 0.0291000381
v -0.0424000025 0.0483000576 -0.0948000029
v -0.033999972 0.0585000142 -0.0897000059
v -0.0344999991 0.0469000041 -0.0915000066
v -0.0441999994 0.0946000442 0.0449000373
v -0.0454000197 0.0972000062 0.0574000292
v -0.040099971 0.102500036 0.0460000485
v -0.0267999768 0.0815000162 -0.0693000033
v -0.0313000083 0.078300029 -0.0807000026
v -0.034200009 0.0865000188 -0.0791000053
v -0.040099971 0.102500036 0.0460000485
v -0.0390999913 0.0970000178 0.0384000391
v -0.0441999994 0.0946000442 0.0449000373
v -0.034200009 0.0865000188 -0.0791000053
v -0.0375999808 0.0807000101 -0.0856999084
v -0.040099971 0.0892000496 -0.0835000053
v -0.0441999994 0.0946000442 0.0449000373
v -0.0432000086 0.085900031 0.0364000574
v -0.0480999909 0.0837000236 0.0433000177
v -0.0350000188 0.0694000348 -0.0879000053
v -0.0313000083 0.078300029 -0.0807000026
v -0.0288000107 0.0674000084 -0.0824000016
v -0.0480999909 0.0837000236 0.0433000177
v -0.0489000008 0.0900000483 0.0570000187
v -0.0441999994 0.0946000442 0.0449000373
v -0.0288000107 0.0674000084 -0.0824000016
v -0.0242000222 0.0741000473 -0.0702000037
v -0.0220000148 0.0644000471 -0.071800001
v -0.0332999825 0.0985000283 0.0336000174
v -0.0350999795 0.105100006 0.0403000563
v -0.0297999978 0.106600016 0.0365000218
v -0.040099971 0.0892000496 -0.0835000053
v -0.0441999994 0.0824000463 -0.088899903
v -0.0458999798 0.0909000263 -0.0859000012
v -0.0297999978 0.106600016 0.0365000218
v -0.0260000229 0.0990000069 0.0297000185
v -0.0332999825 0.0985000283 0.0336000174
v -0.0458999798 0.0909000263 -0.0859000012
v -0.0525000021 0.0832000077 -0.0908999965
v -0.0526999794 0.0917000473 -0.0871000066
v -0.0332999825 0.0985000283 0.0336000174
v -0.0282999873 0.0880000219 0.0265000314
v -0.0364999697 0.0874000415 0.0309000388
v -0.0521000028 0.0719000399 -0.0936999992
v -0.0441999994 0.0824000463 -0.088899903
v -0.0429000184 0.0711000264 -0.0915000066
v -0.0364999697 0.0874000415 0.0309000388
v -0.0390999913 0.0970000178 0.0384000391
v -0.0332999825 0.0985000283 0.0336000174
v -0.0429000184 0.0711000264 -0.0915000066
v -0.0375999808 0.0807000101 -0.0856999084
v -0.0350000188 0.0694000348 -0.0879000053
v 0.00709998049 0.013800092 0.257999897
v -0.00220001116 0.00770009309 0.255299985
v 0.00620000996 0.00700008869 0.259499997
v -0.0144000063 0.00790009648 0.138599962
v -0.022300005 0.0148001015 0.143299967
v -0.0213000178 0.00800009817 0.145099968
v 0.00620000996 0.00700008869 0.259499997
v 0.0156999789 0.013300091 0.258899987
v 0.00709998049 0.013800092 0.257999897
v -0.0213000178 0.00800009817 0.145099968
v -0.0303000212 0.0148001015 0.146799952
v -0.0297999978 0.00790009648 0.148900002
v 0.00709998049 0.013800092 0.257999897
v 0.0156999789 0.0191000924 0.256099999
v 0.00800000876 0.0195000917 0.255400002
v -0.0309000015 0.0204000995 0.143599957
v -0.022300005 0.0148001015 0.143299967
v -0.0238000154 0.0202000961 0.140799969
v 0.00800000876 0.0195000917 0.255400002
v -0.000899979845 0.0144000947 0.253800005
v 0.00709998049 0.013800092 0.257999897
v -0.0238000154 0.0202000961 0.140799969
v -0.0159000158 0.0145000964 0.136999995
v -0.0178999901 0.0199000984 0.134799987
v 0.0253999792 0.0131000951 0.2579
v 0.0154999979 0.00629999489 0.260600001
v 0.026199989 0.00610008836 0.259499997
v -0.0297999978 0.00790009648 0.148900002
v -0.0399000011 0.0151000991 0.148699969
v -0.0404000208 0.0083000958 0.150999993
v 0.026199989 0.00610008836 0.259499997
v 0.0347999893 0.0131000951 0.255400002
v 0.0253999792 0.0131000951 0.2579
v -0.0404000208 0.0083000958 0.150999993
v -0.0495999977 0.0154000968 0.148999959
v -0.0509999916 0.00880009681 0.15109995
v 0.0253999792 0.0131000951 0.2579
v 0.0329999886 0.0184999928 0.253399998
v 0.0243999884 0.0188000947 0.255400002
v -0.0483000204 0.0206000954 0.146099955
v -0.0399000011 0.0151000991 0.148699969
v -0.0393999815 0.0206000954 0.145499974
v 0.0243999884 0.0188000947 0.255400002
v 0.0156999789 0.013300091 0.258899987
v 0.0253999792 0.0131000951 0.2579
v -0.0393999815 0.0206000954 0.145499974
v -0.0303000212 0.0148001015 0.146799952
v -0.0309000015 0.0204000995 0.143599957
v -0.00230002962 0.000300094485 0.255400002
v 0.00440000929 -0.00579990447 0.256099999
v 0.00599998049 -0.000100001693 0.259499997
v -0.0145999789 0.000599995255 0.139200002
v -0.0210999846 -0.00509990752 0.14229998
v -0.0157999992 -0.0039999038 0.137799948
v 0.00599998049 -0.000100001693 0.259499997
v 0.0138999783 -0.00619989634 0.256799996
v 0.0152999684 -0.000699907541 0.260600001
v -0.0299000144 -0.00489990413 0.145799965
v -0.0213999748 0.000900000334 0.145499974
v -0.0299999714 0.00100010633 0.149399966
v 0.00599998049 -0.000100001693 0.259499997
v 0.0154999979 0.00629999489 0.260600001
v 0.00620000996 0.00700008869 0.259499997
v -0.0297999978 0.00790009648 0.148900002
v -0.0213999748 0.000900000334 0.145499974
v -0.0213000178 0.00800009817 0.145099968
v 0.00620000996 0.00700008869 0.259499997
v -0.00230002962 0.000300094485 0.255400002
v 0.00599998049 -0.000100001693 0.259499997
v -0.0213000178 0.00800009817 0.145099968
v -0.0145999789 0.000599995255 0.139200002
v -0.0144000063 0.00790009648 0.138599962
v 0.0152999684 -0.000699907541 0.260600001
v 0.0253000185 -0.00679990649 0.255400002
v 0.0263999701 -0.000999897718 0.259499997
v -0.0299999714 0.00100010633 0.149399966
v -0.0411999822 -0.00489990413 0.147699982
v -0.0299000144 -0.00489990413 0.145799965
v 0.0253000185 -0.00679990649 0.255400002
v 0.0368999802 -0.00109989941 0.256500006
v 0.0263999701 -0.000999897718 0.259499997
v -0.0411999822 -0.00489990413 0.147699982
v -0.0518000126 0.0015000999 0.15169999
v -0.0525000021 -0.00489990413 0.148099989
v 0.0263999701 -0.000999897718 0.259499997
v 0.0364000201 0.00620009005 0.256599993
v 0.026199989 0.00610008836 0.259499997
v -0.0509999916 0.00880009681 0.15109995
v -0.040899992 0.00120009482 0.151599973
v -0.0404000208 0.0083000958 0.150999993
v 0.026199989 0.00610008836 0.259499997
v 0.0152999684 -0.000699907541 0.260600001
v 0.0263999701 -0.000999897718 0.259499997
v -0.0404000208 0.0083000958 0.150999993
v -0.0299999714 0.00100010633 0.149399966
v -0.0297999978 0.00790009648 0.148900002
v -0.0519000217 0.0267001018 0.0385000408
v -0.0511000082 0.038800016 0.0306000412
v -0.0495999977 0.0281000957 0.0279000103
v -0.0296999812 0.0101001039 -0.0842000023
v -0.0322999954 0.0218000039 -0.0924000069
v -0.0268999934 0.0213001072 -0.0829999968
v -0.0495999977 0.0281000957 0.0279000103
v -0.0465000197 0.0392000303 0.0244000331
v -0.0447999798 0.0287001058 0.022000052
v -0.038500011 0.0220001042 -0.0969000086
v -0.0350000188 0.0110000074 -0.0935999081
v -0.0412999913 0.0115001053 -0.0979999974
v -0.0495999977 0.0281000957 0.0279000103
v -0.0414999723 0.0201001018 0.0269000307
v -0.0468999706 0.0191000998 0.0325000584
v -0.043299973 0.00340011716 -0.0916000083
v -0.0350000188 0.0110000074 -0.0935999081
v -0.0364999697 0.00250011683 -0.0878000036
v -0.0468999706 0.0191000998 0.0325000584
v -0.0519000217 0.0267001018 0.0385000408
v -0.0495999977 0.0281000957 0.0279000103
v -0.0364999697 0.00250011683 -0.0878000036
v -0.0296999812 0.0101001039 -0.0842000023
v -0.0325000286 0.00370010734 -0.0809999034
v -0.0447999798 0.0287001058 0.022000052
v -0.0397999808 0.0400000438 0.0192000642
v -0.0386999808 0.0295000374 0.0170000494
v -0.0412999913 0.0115001053 -0.0979999974
v -0.0464000106 0.0228001103 -0.100100003
v -0.038500011 0.0220001042 -0.0969000086
v -0.0386999808 0.0295000374 0.0170000494
v -0.0307999849 0.0407000482 0.0147000328
v -0.0302000046 0.0301000178 0.0131000578
v -0.0562999807 0.0238001049 -0.101800002
v -0.0485000014 0.0123001039 -0.101000004
v -0.0576999709 0.0132001042 -0.102299996
v -0.0386999808 0.0295000374 0.0170000494
v -0.027700007 0.0214000046 0.0195000544
v -0.0354999825 0.0209001005 0.022700049
v -0.0584999919 0.00510010868 -0.0948000029
v -0.0485000014 0.0123001039 -0.101000004
v -0.0501999781 0.00430011004 -0.0940000042
v -0.0354999825 0.0209001005 0.022700049
v -0.0447999798 0.0287001058 0.022000052
v -0.0386999808 0.0295000374 0.0170000494
v -0.0501999781 0.00430011004 -0.0940000042
v -0.0412999913 0.0115001053 -0.0979999974
v -0.043299973 0.00340011716 -0.0916000083
v -0.0548999906 0.0492000207 0.0449000373
v -0.0519000217 0.0621000081 0.0385000482
v -0.0519999787 0.0506000072 0.0343000069
v -0.0242000222 0.0328000486 -0.0807000026
v -0.0282999873 0.0454000458 -0.0868000016
v -0.0221999884 0.0440000594 -0.0777998939
v -0.0519999787 0.0506000072 0.0343000069
v -0.0472000204 0.0637000427 0.0323000401
v -0.0472999811 0.0513000116 0.0282000676
v -0.0344999991 0.0469000041 -0.0915000066
v -0.0299000144 0.0335999951 -0.0899999961
v -0.0361999795 0.0342999995 -0.0944999978
v -0.0472999811 0.0513000116 0.0282000676
v -0.0511000082 0.038800016 0.0306000412
v -0.0519999787 0.0506000072 0.0343000069
v -0.0361999795 0.0342999995 -0.0944999978
v -0.0322999954 0.0218000039 -0.0924000069
v -0.038500011 0.0220001042 -0.0969000086
v -0.0519999787 0.0506000072 0.0343000069
v -0.0536000095 0.0378000289 0.0411000624
v -0.0548999906 0.0492000207 0.0449000373
v -0.0268999934 0.0213001072 -0.0829999968
v -0.0299000144 0.0335999951 -0.0899999961
v -0.0242000222 0.0328000486 -0.0807000026
v -0.0472999811 0.0513000116 0.0282000676
v -0.0404000208 0.0651000366 0.0269000381
v -0.0404999778 0.0524000078 0.0227000564
v -0.0361999795 0.0342999995 -0.0944999978
v -0.0424000025 0.0483000576 -0.0948000029
v -0.0344999991 0.0469000041 -0.0915000066
v -0.0404999778 0.0524000078 0.0227000564
v -0.0307999849 0.0658000335 0.0223000497
v -0.0309000015 0.0531000197 0.0183000416
v -0.0526999794 0.0493000448 -0.0966000035
v -0.0443000123 0.0353999957 -0.0977999941
v -0.0547000095 0.0364000499 -0.0994000062
v -0.0309000015 0.0531000197 0.0183000416
v -0.0397999808 0.0400000438 0.0192000642
v -0.0404999778 0.0524000078 0.0227000564
v -0.0547000095 0.0364000499 -0.0994000062
v -0.0464000106 0.0228001103 -0.100100003
v -0.0562999807 0.0238001049 -0.101800002
v -0.0404999778 0.0524000078 0.0227000564
v -0.0465000197 0.0392000303 0.0244000331
v -0.0472999811 0.0513000116 0.0282000676
v -0.038500011 0.0220001042 -0.0969000086
v -0.0443000123 0.0353999957 -0.0977999941
v -0.0361999795 0.0342999995 -0.0944999978
v -0.0205000043 -0.00929990411 0.189899951
v -0.0286999941 -0.00459989905 0.177699953
v -0.0218999982 -0.00769999623 0.174400002
v -0.0123000201 -0.0107998997 0.0578000322
v -0.0167000294 -0.0141998976 0.0722000301
v -0.0198000073 -0.0136999041 0.0569000617
v -0.0218999982 -0.00769999623 0.174400002
v -0.00959999021 -0.0094999969 0.186099976
v -0.0205000043 -0.00929990411 0.189899951
v -0.0198000073 -0.0136999041 0.0569000617
v -0.0282999873 -0.014099896 0.0718000308
v -0.0302000046 -0.0131998956 0.0557000414
v -0.0205000043 -0.00929990411 0.189899951
v -0.00540000945 -0.0109000057 0.202399999
v -0.0174000263 -0.0101999938 0.205599993
v -0.0274999738 -0.014099896 0.0886000097
v -0.0167000294 -0.0141998976 0.0722000301
v -0.0151000023 -0.0138999075 0.0882000178
v -0.0174000263 -0.0101999938 0.205599993
v -0.0282999873 -0.00609989464 0.192599982
v -0.0205000043 -0.00929990411 0.189899951
v -0.0151000023 -0.0138999075 0.0882000178
v -0.00840003043 -0.011399895 0.0723000467
v -0.00610000081 -0.0110999048 0.0876000375
v 0.00359999947 -0.00989989936 0.181899995
v -0.0123000201 -0.00749990344 0.170299977
v -0.000199981034 -0.00759990513 0.165899962
v -0.0302000046 -0.0131998956 0.0557000414
v -0.0421000123 -0.0139998943 0.0716000497
v -0.043099992 -0.0128999054 0.055100061
v -0.000199981034 -0.00759990513 0.165899962
v 0.0181999803 -0.0102999061 0.177399963
v 0.00359999947 -0.00989989936 0.181899995
v -0.043099992 -0.0128999054 0.055100061
v -0.0572999716 -0.0137999952 0.0716000497
v -0.0576999709 -0.0125999004 0.0548000112
v 0.00359999947 -0.00989989936 0.181899995
v 0.0228999779 -0.0118999034 0.193599969
v 0.00829999894 -0.0114998966 0.198199958
v -0.0572000109 -0.014099896 0.0885000676
v -0.0421000123 -0.0139998943 0.0716000497
v -0.0418999717 -0.0141998976 0.0886000097
v 0.00829999894 -0.0114998966 0.198199958
v -0.00959999021 -0.0094999969 0.186099976
v 0.00359999947 -0.00989989936 0.181899995
v -0.0418999717 -0.0141998976 0.0886000097
v -0.0282999873 -0.014099896 0.0718000308
v -0.0274999738 -0.014099896 0.0886000097
v -0.0206000209 -0.00559990108 0.159700006
v -0.0241000056 0.000300094485 0.146599978
v -0.0178999901 -0.00289990008 0.14319995
v -0.0256000161 -0.00759990513 0.0292000547
v -0.0253000259 -0.0124998987 0.0431000292
v -0.0327000022 -0.010699898 0.0279000103
v -0.0178999901 -0.00289990008 0.14319995
v -0.0120999906 -0.00519999862 0.155099958
v -0.0206000209 -0.00559990108 0.159700006
v -0.0327000022 -0.010699898 0.0279000103
v -0.034699969 -0.0118999034 0.0411000624
v -0.0410000011 -0.0100999027 0.0257000104
v -0.0206000209 -0.00559990108 0.159700006
v -0.0123000201 -0.00749990344 0.170299977
v -0.0218999982 -0.00769999623 0.174400002
v -0.0302000046 -0.0131998956 0.0557000414
v -0.0253000259 -0.0124998987 0.0431000292
v -0.0198000073 -0.0136999041 0.0569000617
v -0.0218999982 -0.00769999623 0.174400002
v -0.0271999836 -0.00249990821 0.163199976
v -0.0206000209 -0.00559990108 0.159700006
v -0.0198000073 -0.0136999041 0.0569000617
v -0.0178999901 -0.0094999969 0.0443000495
v -0.0123000201 -0.0107998997 0.0578000322
v -0.00199997984 -0.00509990752 0.15049997
v -0.0105000203 -0.00239990652 0.138699979
v -0.0026000198 -0.00229999423 0.134299964
v -0.0410000011 -0.0100999027 0.0257000104
v -0.0457999706 -0.0114998966 0.0396000519
v -0.0497999713 -0.00980000198 0.0238000527
v -0.0026000198 -0.00229999423 0.134299964
v 0.00999999046 -0.00519999862 0.145899966
v -0.00199997984 -0.00509990752 0.15049997
v -0.0497999713 -0.00980000198 0.0238000527
v -0.058600001 -0.0111999065 0.0387000218
v -0.0601999685 -0.00959989429 0.0223000422
v -0.00199997984 -0.00509990752 0.15049997
v 0.0137000009 -0.00779989362 0.16139999
v -0.000199981034 -0.00759990513 0.165899962
v -0.0576999709 -0.0125999004 0.0548000112
v -0.0457999706 -0.0114998966 0.0396000519
v -0.043099992 -0.0128999054 0.055100061
v -0.000199981034 -0.00759990513 0.165899962
v -0.0120999906 -0.00519999862 0.155099958
v -0.00199997984 -0.00509990752 0.15049997
v -0.043099992 -0.0128999054 0.055100061
v -0.034699969 -0.0118999034 0.0411000624
v -0.0302000046 -0.0131998956 0.0557000414
v 0.0142999813 0.0622000322 0.180699974
v 0.00230002031 0.0711000115 0.169999987
v 0.00510000996 0.0623000488 0.182699949
v -0.0500999615 0.0583999977 0.0680000558
v -0.0414000079 0.0658999905 0.0536000542
v -0.0509999916 0.0658999905 0.0538000241
v 0.00510000996 0.0623000488 0.182699949
v -0.00569999963 0.0702999979 0.172299951
v -0.00290000997 0.0615999922 0.184699982
v -0.033100009 0.0648000389 0.0535000339
v -0.040700011 0.0581000075 0.0672000498
v -0.032400012 0.0571000203 0.0668000355
v -0.00290000997 0.0615999922 0.184699982
v 0.00789998844 0.0533000305 0.194799989
v 0.00510000996 0.0623000488 0.182699949
v -0.032400012 0.0571000203 0.0668000355
v -0.0401999876 0.0500999913 0.0802000538
v -0.0315999985 0.0489000306 0.0794000477
v 0.00789998844 0.0533000305 0.194799989
v 0.0142999813 0.0622000322 0.180699974
v 0.00510000996 0.0623000488 0.182699949
v -0.0401999876 0.0500999913 0.0802000538
v -0.0500999615 0.0583999977 0.0680000558
v -0.0497000217 0.050400041 0.0815000385
v -0.00290000997 0.0615999922 0.184699982
v -0.0112000201 0.0690000206 0.174499959
v -0.00880003069 0.0601000413 0.18629995
v -0.032400012 0.0571000203 0.0668000355
v -0.0271999836 0.0633000284 0.0541000143
v -0.033100009 0.0648000389 0.0535000339
v -0.00880003069 0.0601000413 0.18629995
v -0.0151000023 0.0668000132 0.176399976
v -0.0130000208 0.0578000173 0.18779996
v -0.0231000185 0.0610000119 0.0550000444
v -0.0264999866 0.0554000288 0.0668000355
v -0.0220000148 0.0529000387 0.0672000498
v -0.0130000208 0.0578000173 0.18779996
v -0.00669998117 0.0511000305 0.197999984
v -0.00880003069 0.0601000413 0.18629995
v -0.0220000148 0.0529000387 0.0672000498
v -0.0253000259 0.047200039 0.0792000666
v -0.0207999945 0.0449000224 0.0794000477
v -0.00880003069 0.0601000413 0.18629995
v -0.000599989668 0.0525000244 0.196399957
v -0.00290000997 0.0615999922 0.184699982
v -0.0315999985 0.0489000306 0.0794000477
v -0.0264999866 0.0554000288 0.0668000355
v -0.032400012 0.0571000203 0.0668000355
v 0.00940001011 0.0788999945 0.157299966
v -0.00309997983 0.0874000341 0.152399987
v -0.000599989668 0.0792000443 0.16019997
v -0.051599972 0.0732000172 0.0429000705
v -0.0407999679 0.0807000026 0.0340000167
v -0.0526000187 0.0801000223 0.0333000273
v -0.000599989668 0.0792000443 0.16019997
v -0.0120999906 0.0867000371 0.155000001
v -0.00900000986 0.0787000209 0.163399965
v -0.0314000249 0.079700008 0.0339000672
v -0.0411000177 0.0732000172 0.0427000374
v -0.0322999954 0.0723999888 0.0434000269
v -0.00900000986 0.0787000209 0.163399965
v 0.00230002031 0.0711000115 0.169999987
v -0.000599989668 0.0792000443 0.16019997
v -0.0322999954 0.0723999888 0.0434000269
v -0.0414000079 0.0658999905 0.0536000542
v -0.033100009 0.0648000389 0.0535000339
v -0.000599989668 0.0792000443 0.16019997
v 0.011500001 0.0707000047 0.167399973
v 0.00940001011 0.0788999945 0.157299966
v -0.0414000079 0.0658999905 0.0536000542
v -0.051599972 0.0732000172 0.0429000705
v -0.0509999916 0.0658999905 0.0538000241
v -0.00900000986 0.0787000209 0.163399965
v -0.0181000233 0.0844000131 0.156399995
v -0.0146999964 0.0770999938 0.165199965
v -0.0322999954 0.0723999888 0.0434000269
v -0.0254999995 0.0772000253 0.0337000266
v -0.0314000249 0.079700008 0.0339000672
v -0.0146999964 0.0770999938 0.165199965
v -0.0220000148 0.0812000185 0.157199949
v -0.0184999704 0.0745999962 0.166699976
v -0.0214999914 0.0737000331 0.0335000604
v -0.0263000131 0.0706000477 0.0436000675
v -0.0224000216 0.0680000484 0.0441000313
v -0.0184999704 0.0745999962 0.166699976
v -0.0112000201 0.0690000206 0.174499959
v -0.0146999964 0.0770999938 0.165199965
v -0.0224000216 0.0680000484 0.0441000313
v -0.0271999836 0.0633000284 0.0541000143
v -0.0231000185 0.0610000119 0.0550000444
v -0.0146999964 0.0770999938 0.165199965
v -0.00569999963 0.0702999979 0.172299951
v -0.00900000986 0.0787000209 0.163399965
v -0.033100009 0.0648000389 0.0535000339
v -0.0263000131 0.0706000477 0.0436000675
v -0.0322999954 0.0723999888 0.0434000269
v -0.00760000944 -0.00609989464 0.247399986
v -0.00679999962 -0.00959989429 0.234999985
v -0.000500030816 -0.00859990716 0.247500002
v -0.0120999906 -0.00660000741 0.130499989
v -0.0166000128 -0.0109000057 0.119299971
v -0.00860000029 -0.00849990547 0.117899984
v -0.000500030816 -0.00859990716 0.247500002
v 0.00429998897 -0.0102999061 0.232899994
v 0.00970000029 -0.00910000503 0.246800005
v -0.0278999805 -0.0110999048 0.120499991
v -0.0189999938 -0.00869989395 0.13289997
v -0.0289000273 -0.00869989395 0.135199994
v 0.00970000029 -0.00910000503 0.246800005
v 0.00440000929 -0.00579990447 0.256099999
v -0.000500030816 -0.00859990716 0.247500002
v -0.0289000273 -0.00869989395 0.135199994
v -0.0210999846 -0.00509990752 0.14229998
v -0.0299000144 -0.00489990413 0.145799965
v -0.000500030816 -0.00859990716 0.247500002
v -0.00190002099 -0.00419990718 0.253399998
v -0.00760000944 -0.00609989464 0.247399986
v -0.0157999992 -0.0039999038 0.137799948
v -0.0189999938 -0.00869989395 0.13289997
v -0.0120999906 -0.00660000741 0.130499989
v 0.00970000029 -0.00910000503 0.246800005
v 0.0174999796 -0.0109999031 0.229799986
v 0.0217999779 -0.00969989598 0.244500011
v -0.0289000273 -0.00869989395 0.135199994
v -0.0414000079 -0.0111999065 0.121399961
v -0.0278999805 -0.0110999048 0.120499991
v 0.0174999796 -0.0109999031 0.229799986
v 0.0337999985 -0.0102999061 0.241299987
v 0.0217999779 -0.00969989598 0.244500011
v -0.0414000079 -0.0111999065 0.121399961
v -0.0536000095 -0.00879999995 0.137099952
v -0.0549999997 -0.0111999065 0.121699952
v 0.0217999779 -0.00969989598 0.244500011
v 0.0361999795 -0.00719989836 0.252400011
v 0.0253000185 -0.00679990649 0.255400002
v -0.0525000021 -0.00489990413 0.148099989
v -0.0411999822 -0.00879999995 0.136599988
v -0.0411999822 -0.00489990413 0.147699982
v 0.0217999779 -0.00969989598 0.244500011
v 0.0138999783 -0.00619989634 0.256799996
v 0.00970000029 -0.00910000503 0.246800005
v -0.0299000144 -0.00489990413 0.145799965
v -0.0411999822 -0.00879999995 0.136599988
v -0.0289000273 -0.00869989395 0.135199994
v -0.0210000277 -0.00719989836 0.2227
v -0.0174000263 -0.0101999938 0.205599993
v -0.0123999799 -0.0101999938 0.220799983
v -0.00660002977 -0.00999990106 0.103200048
v -0.0151000023 -0.0138999075 0.0882000178
v -0.00610000081 -0.0110999048 0.0876000375
v -0.0123999799 -0.0101999938 0.220799983
v -0.00540000945 -0.0109000057 0.202399999
v -0.000599989668 -0.0110999048 0.218099982
v -0.0274999738 -0.014099896 0.0886000097
v -0.0153999934 -0.0127000064 0.104100019
v -0.0275999904 -0.0130999982 0.104999989
v -0.000599989668 -0.0110999048 0.218099982
v -0.00679999962 -0.00959989429 0.234999985
v -0.0123999799 -0.0101999938 0.220799983
v -0.0275999904 -0.0130999982 0.104999989
v -0.0166000128 -0.0109000057 0.119299971
v -0.0278999805 -0.0110999048 0.120499991
v -0.0123999799 -0.0101999938 0.220799983
v -0.0146999964 -0.00679990649 0.236200005
v -0.0210000277 -0.00719989836 0.2227
v -0.00860000029 -0.00849990547 0.117899984
v -0.0153999934 -0.0127000064 0.104100019
v -0.00660002977 -0.00999990106 0.103200048
v -0.000599989668 -0.0110999048 0.218099982
v 0.00829999894 -0.0114998966 0.198199958
v 0.0131000206 -0.0116999 0.21419999
v -0.0275999904 -0.0130999982 0.104999989
v -0.0418999717 -0.0141998976 0.0886000097
v -0.0274999738 -0.014099896 0.0886000097
v 0.00829999894 -0.0114998966 0.198199958
v 0.02700001 -0.0120999068 0.209999993
v 0.0131000206 -0.0116999 0.21419999
v -0.0418999717 -0.0141998976 0.0886000097
v -0.0562999807 -0.0129999071 0.105399996
v -0.0572000109 -0.014099896 0.0885000676
v 0.0131000206 -0.0116999 0.21419999
v 0.0306000113 -0.0114998966 0.226099998
v 0.0174999796 -0.0109999031 0.229799986
v -0.0549999997 -0.0111999065 0.121699952
v -0.0418000221 -0.0131998956 0.105300039
v -0.0414000079 -0.0111999065 0.121399961
v 0.0131000206 -0.0116999 0.21419999
v 0.00429998897 -0.0102999061 0.232899994
v -0.000599989668 -0.0110999048 0.218099982
v -0.0278999805 -0.0110999048 0.120499991
v -0.0418000221 -0.0131998956 0.105300039
v -0.0275999904 -0.0130999982 0.104999989
v 0.0163000189 0.0342000201 0.228199989
v 0.0210000202 0.0400000289 0.213199988
v 0.0127999708 0.0400999933 0.214699984
v -0.0478000008 0.0387000069 0.102700032
v -0.0390999913 0.0337000117 0.115999967
v -0.0393999815 0.0385000259 0.101600029
v 0.0127999708 0.0400999933 0.214699984
v 0.00919996947 0.0342000201 0.229099989
v 0.0163000189 0.0342000201 0.228199989
v -0.0393999815 0.0385000259 0.101600029
v -0.0320000052 0.0332999974 0.114800006
v -0.0318999887 0.0378999859 0.100900024
v 0.0163000189 0.0342000201 0.228199989
v 0.0124999806 0.0295000225 0.24090001
v 0.0195000097 0.0292999893 0.24059999
v -0.0318999887 0.0296000466 0.127399951
v -0.0390999913 0.0337000117 0.115999967
v -0.0386999808 0.0296999961 0.129199952
v 0.0195000097 0.0292999893 0.24059999
v 0.0238999687 0.0339999944 0.227099985
v 0.0163000189 0.0342000201 0.228199989
v -0.0386999808 0.0296999961 0.129199952
v -0.0467000008 0.0338000283 0.117199987
v -0.0461000204 0.0298000202 0.130499989
v 0.00370001048 0.03390003 0.229900002
v 0.00529997982 0.0398000032 0.216099992
v -0.000500030816 0.0389999896 0.21769999
v -0.0318999887 0.0378999859 0.100900024
v -0.0266000032 0.0328000411 0.113999993
v -0.0260000229 0.0368000492 0.100699991
v 0.00370001048 0.03390003 0.229900002
v -0.00470001064 0.0371999815 0.219599992
v -0.000199981034 0.0328000337 0.231399983
v -0.0213999748 0.034900032 0.101500012
v -0.0266000032 0.0328000411 0.113999993
v -0.0224999785 0.0316000208 0.114399999
v 0.00370001048 0.03390003 0.229900002
v 0.0033000093 0.0301000029 0.238999993
v 0.00700001977 0.0296999887 0.240799993
v -0.0236999989 0.0296000466 0.122899972
v -0.0266000032 0.0328000411 0.113999993
v -0.0267000198 0.02950003 0.125699967
v 0.00700001977 0.0296999887 0.240799993
v 0.00919996947 0.0342000201 0.229099989
v 0.00370001048 0.03390003 0.229900002
v -0.0267000198 0.02950003 0.125699967
v -0.0320000052 0.0332999974 0.114800006
v -0.0318999887 0.0296000466 0.127399951
v 0.0102999806 0.0460000113 0.204399973
v 0.0174000189 0.0532000214 0.193199962
v 0.00789998844 0.0533000305 0.194799989
v -0.0497000217 0.050400041 0.0815000385
v -0.0399000011 0.0436000377 0.0907000676
v -0.0401999876 0.0500999913 0.0802000538
v 0.00789998844 0.0533000305 0.194799989
v 0.00219999999 0.0454999954 0.206099957
v 0.0102999806 0.0460000113 0.204399973
v -0.0315999985 0.0489000306 0.0794000477
v -0.0399000011 0.0436000377 0.0907000676
v -0.0315999985 0.0427000076 0.0900000781
v 0.0102999806 0.0460000113 0.204399973
v 0.00529997982 0.0398000032 0.216099992
v 0.0127999708 0.0400999933 0.214699984
v -0.0318999887 0.0378999859 0.100900024
v -0.0399000011 0.0436000377 0.0907000676
v -0.0393999815 0.0385000259 0.101600029
v 0.0127999708 0.0400999933 0.214699984
v 0.0189999901 0.0459000021 0.202999979
v 0.0102999806 0.0460000113 0.204399973
v -0.0393999815 0.0385000259 0.101600029
v -0.0486000106 0.0438000187 0.0918000191
v -0.0478000008 0.0387000069 0.102700032
v 0.00219999999 0.0454999954 0.206099957
v -0.00669998117 0.0511000305 0.197999984
v -0.00370001979 0.0443000346 0.207800001
v -0.0315999985 0.0427000076 0.0900000781
v -0.0253000259 0.047200039 0.0792000666
v -0.0315999985 0.0489000306 0.0794000477
v -0.00370001979 0.0443000346 0.207800001
v -0.0111000007 0.0489000231 0.199299961
v -0.00819999073 0.0423000008 0.209399998
v -0.0207999945 0.0449000224 0.0794000477
v -0.0256000161 0.0413000211 0.089900054
v -0.0209000111 0.0391000062 0.0904000178
v -0.00819999073 0.0423000008 0.209399998
v -0.000500030816 0.0389999896 0.21769999
v -0.00370001979 0.0443000346 0.207800001
v -0.0209000111 0.0391000062 0.0904000178
v -0.0260000229 0.0368000492 0.100699991
v -0.0213999748 0.034900032 0.101500012
v -0.00370001979 0.0443000346 0.207800001
v 0.00529997982 0.0398000032 0.216099992
v 0.00219999999 0.0454999954 0.206099957
v -0.0318999887 0.0378999859 0.100900024
v -0.0256000161 0.0413000211 0.089900054
v -0.0315999985 0.0427000076 0.0900000781
v -0.0406000018 0.0129000992 0.0494000167
v -0.0486999676 0.0199000984 0.0402000323
v -0.0468999706 0.0191000998 0.0325000584
v -0.0325000286 0.00370010734 -0.0809999034
v -0.0378000103 -0.00229997933 -0.069400005
v -0.0364999697 0.00250011683 -0.0878000036
v -0.0468999706 0.0191000998 0.0325000584
v -0.034699969 0.0136000961 0.0457000546
v -0.0406000018 0.0129000992 0.0494000167
v -0.0364999697 0.00250011683 -0.0878000036
v -0.0443999693 -0.00149989128 -0.0712000057
v -0.043299973 0.00340011716 -0.0916000083
v -0.0406000018 0.0129000992 0.0494000167
v -0.0264999866 0.0090001002 0.0685000271
v -0.0325999856 0.00880009681 0.0703000277
v -0.0457999706 -0.0040999949 -0.046799995
v -0.0378000103 -0.00229997933 -0.069400005
v -0.0394999906 -0.00459989905 -0.046799995
v -0.0325999856 0.00880009681 0.0703000277
v -0.04509997 0.0152001008 0.0527000241
v -0.0406000018 0.0129000992 0.0494000167
v -0.0394999906 -0.00459989905 -0.046799995
v -0.032400012 1.1920929e-07 -0.0677000061
v -0.0335999727 -0.00199989974 -0.0467000082
v -0.0288000107 0.014200002 0.0426000133
v -0.0414999723 0.0201001018 0.0269000307
v -0.0354999825 0.0209001005 0.022700049
v -0.043299973 0.00340011716 -0.0916000083
v -0.0509999916 -0.00069989264 -0.0724999979
v -0.0501999781 0.00430011004 -0.0940000042
v -0.0354999825 0.0209001005 0.022700049
v -0.0210000277 0.0147000998 0.0397000611
v -0.0288000107 0.014200002 0.0426000133
v -0.0501999781 0.00430011004 -0.0940000042
v -0.0593000017 1.1920929e-07 -0.0730999038
v -0.0584999919 0.00510010868 -0.0948000029
v -0.0288000107 0.014200002 0.0426000133
v -0.0134000201 0.00959999859 0.0638000146
v -0.0209000111 0.00930009782 0.0664000213
v -0.0597000085 -0.00309990346 -0.0475000069
v -0.0509999916 -0.00069989264 -0.0724999979
v -0.0518000126 -0.00359989703 -0.0472000018
v -0.0209000111 0.00930009782 0.0664000213
v -0.034699969 0.0136000961 0.0457000546
v -0.0288000107 0.014200002 0.0426000133
v -0.0518000126 -0.00359989703 -0.0472000018
v -0.0443999693 -0.00149989128 -0.0712000057
v -0.0457999706 -0.0040999949 -0.046799995
v -0.0166000128 0.000500097871 0.123199962
v -0.0243999958 0.0069001019 0.105700046
v -0.0187000036 0.00380000472 0.103500038
v -0.0370000005 -0.00370000303 -0.0105999112
v -0.039600011 -0.00849990547 0.00900004059
v -0.0432000086 -0.00660000741 -0.0107000098
v -0.0187000036 0.00380000472 0.103500038
v -0.0106999902 0.000900000334 0.120200001
v -0.0166000128 0.000500097871 0.123199962
v -0.0432000086 -0.00660000741 -0.0107000098
v -0.0461000204 -0.00800000131 0.00779999048
v -0.0487999916 -0.00619989634 -0.0108000115
v -0.0166000128 0.000500097871 0.123199962
v -0.0105000203 -0.00239990652 0.138699979
v -0.0178999901 -0.00289990008 0.14319995
v -0.0410000011 -0.0100999027 0.0257000104
v -0.039600011 -0.00849990547 0.00900004059
v -0.0327000022 -0.010699898 0.0279000103
v -0.0178999901 -0.00289990008 0.14319995
v -0.0224000216 0.00370009243 0.126099974
v -0.0166000128 0.000500097871 0.123199962
v -0.0327000022 -0.010699898 0.0279000103
v -0.033100009 -0.0055000037 0.00980005413
v -0.0256000161 -0.00759990513 0.0292000547
v -0.00480003096 0.000800102949 0.116899997
v -0.0134000201 0.00400009751 0.101799995
v -0.00830001011 0.00370009243 0.0997000039
v -0.0487999916 -0.00619989634 -0.0108000115
v -0.0526999794 -0.00800000131 0.00629999489
v -0.0543000028 -0.00629989803 -0.0114000067
v -0.00830001011 0.00370009243 0.0997000039
v 0.00319998898 0.000500097871 0.113299996
v -0.00480003096 0.000800102949 0.116899997
v -0.0543000028 -0.00629989803 -0.0114000067
v -0.0613999888 -0.00800000131 0.00529999286
v -0.0617999993 -0.00649990141 -0.0119000077
v -0.00480003096 0.000800102949 0.116899997
v 0.00690000877 -0.00229999423 0.129899949
v -0.0026000198 -0.00229999423 0.134299964
v -0.0601999685 -0.00959989429 0.0223000422
v -0.0526999794 -0.00800000131 0.00629999489
v -0.0497999713 -0.00980000198 0.0238000527
v -0.0026000198 -0.00229999423 0.134299964
v -0.0106999902 0.000900000334 0.120200001
v -0.00480003096 0.000800102949 0.116899997
v -0.0497999713 -0.00980000198 0.0238000527
v -0.0461000204 -0.00800000131 0.00779999048
v -0.0410000011 -0.0100999027 0.0257000104
v -0.0304999948 0.00910010189 0.0888999999
v -0.0325999856 0.00880009681 0.0703000277
v -0.0248000026 0.0062000975 0.0871000588
v -0.0361000225 -0.00289990008 -0.0284999982
v -0.0394999906 -0.00459989905 -0.046799995
v -0.0335999727 -0.00199989974 -0.0467000082
v -0.0248000026 0.0062000975 0.0871000588
v -0.0264999866 0.0090001002 0.0685000271
v -0.0191000104 0.00630000234 0.0859000459
v -0.0457999706 -0.0040999949 -0.046799995
v -0.0421000123 -0.00559990108 -0.0282999948
v -0.0479000211 -0.005299896 -0.0278000012
v -0.0191000104 0.00630000234 0.0859000459
v -0.0187000036 0.00380000472 0.103500038
v -0.0248000026 0.0062000975 0.0871000588
v -0.0479000211 -0.005299896 -0.0278000012
v -0.0432000086 -0.00660000741 -0.0107000098
v -0.0487999916 -0.00619989634 -0.0108000115
v -0.0248000026 0.0062000975 0.0871000588
v -0.0243999958 0.0069001019 0.105700046
v -0.0304999948 0.00910010189 0.0888999999
v -0.0370000005 -0.00370000303 -0.0105999112
v -0.0421000123 -0.00559990108 -0.0282999948
v -0.0361000225 -0.00289990008 -0.0284999982
v -0.0191000104 0.00630000234 0.0859000459
v -0.0209000111 0.00930009782 0.0664000213
v -0.0139999995 0.0062000975 0.0842000619
v -0.0479000211 -0.005299896 -0.0278000012
v -0.0518000126 -0.00359989703 -0.0472000018
v -0.0457999706 -0.0040999949 -0.046799995
v -0.0139999995 0.0062000975 0.0842000619
v -0.0134000201 0.00959999859 0.0638000146
v -0.00690001994 0.00610009581 0.0817000046
v -0.0597000085 -0.00309990346 -0.0475000069
v -0.0533000231 -0.00519999862 -0.0280000046
v -0.0608000085 -0.00509990752 -0.0282999948
v -0.00690001994 0.00610009581 0.0817000046
v -0.00830001011 0.00370009243 0.0997000039
v -0.0139999995 0.0062000975 0.0842000619
v -0.0608000085 -0.00509990752 -0.0282999948
v -0.0543000028 -0.00629989803 -0.0114000067
v -0.0617999993 -0.00649990141 -0.0119000077
v -0.00830001011 0.00370009243 0.0997000039
v -0.0191000104 0.00630000234 0.0859000459
v -0.0139999995 0.0062000975 0.0842000619
v -0.0543000028 -0.00629989803 -0.0114000067
v -0.0479000211 -0.005299896 -0.0278000012
v -0.0487999916 -0.00619989634 -0.0108000115
v 0.00650000013 0.0946999937 0.139399976
v -0.00559998117 0.102800027 0.135299951
v -0.00569999963 0.0960000381 0.143399984
v -0.0536000095 0.0877000317 0.0238000602
v -0.0432000086 0.0946000442 0.0160000175
v -0.05620002 0.0930000246 0.0156000704
v -0.00569999963 0.0960000381 0.143399984
v -0.0167999864 0.101800047 0.137099952
v -0.0155000091 0.095000051 0.145799965
v -0.0322999954 0.0930000246 0.0148000568
v -0.0407999679 0.0885000378 0.0240000263
v -0.0307999849 0.0871000513 0.023600027
v -0.0155000091 0.095000051 0.145799965
v -0.00309997983 0.0874000341 0.152399987
v -0.00569999963 0.0960000381 0.143399984
v -0.0307999849 0.0871000513 0.023600027
v -0.0407999679 0.0807000026 0.0340000167
v -0.0314000249 0.079700008 0.0339000672
v -0.00569999963 0.0960000381 0.143399984
v 0.00789998844 0.0865000039 0.148299962
v 0.00650000013 0.0946999937 0.139399976
v -0.0526000187 0.0801000223 0.0333000273
v -0.0407999679 0.0885000378 0.0240000263
v -0.0536000095 0.0877000317 0.0238000602
v -0.0155000091 0.095000051 0.145799965
v -0.0249000192 0.0957999974 0.137299985
v -0.0218999982 0.0910999998 0.146499962
v -0.0307999849 0.0871000513 0.023600027
v -0.0242000222 0.0868000016 0.0128000155
v -0.0322999954 0.0930000246 0.0148000568
v -0.0249000192 0.0957999974 0.137299985
v -0.0263000131 0.0860999972 0.146199971
v -0.0218999982 0.0910999998 0.146499962
v -0.0242000222 0.0868000016 0.0128000155
v -0.0205000043 0.0777000412 0.0215000287
v -0.0199999809 0.0783000216 0.00670000166
v -0.0263000131 0.0860999972 0.146199971
v -0.0181000233 0.0844000131 0.156399995
v -0.0218999982 0.0910999998 0.146499962
v -0.0205000043 0.0777000412 0.0215000287
v -0.0254999995 0.0772000253 0.0337000266
v -0.0214999914 0.0737000331 0.0335000604
v -0.0218999982 0.0910999998 0.146499962
v -0.0120999906 0.0867000371 0.155000001
v -0.0155000091 0.095000051 0.145799965
v -0.0314000249 0.079700008 0.0339000672
v -0.0245000124 0.0829000175 0.0227000564
v -0.0307999849 0.0871000513 0.023600027
v 0.0271999799 0.0824000388 0.0462000147
v 0.0153999887 0.0809999928 0.0264000073
v 0.0149000213 0.0896999985 0.0286000222
v -0.0942000076 0.0684000552 -0.0822999999
v -0.100300014 0.0713000596 -0.0604000017
v -0.0924999714 0.0775000155 -0.0809999034
v 0.0149000213 0.0896999985 0.0286000222
v 0.0257999897 0.0869000256 0.0481000394
v 0.0271999799 0.0824000388 0.0462000147
v -0.0924999714 0.0775000155 -0.0809999034
v -0.0982999727 0.076000005 -0.0591999963
v -0.0895000026 0.0843000114 -0.0792999938
v 0.0257999897 0.0869000256 0.0481000394
v 0.0326999985 0.0770999938 0.0692000166
v 0.0271999799 0.0824000388 0.0462000147
v -0.0982999727 0.076000005 -0.0591999963
v -0.100000024 0.0674000084 -0.0354999974
v -0.0979999825 0.0702000558 -0.0349000022
v 0.0271999799 0.0824000388 0.0462000147
v 0.0332000181 0.0727999955 0.0675000399
v 0.0282000303 0.0763000548 0.044300057
v -0.101099961 0.0630000457 -0.0369000062
v -0.100300014 0.0713000596 -0.0604000017
v -0.101999991 0.065100044 -0.0615999028
v 0.0364999697 0.0734000355 0.0863000602
v 0.0326999985 0.0770999938 0.0692000166
v 0.0353999697 0.077500008 0.0878000706
v -0.0986999795 0.0648000464 -0.0170000046
v -0.100000024 0.0674000084 -0.0354999974
v -0.101099961 0.0630000457 -0.0369000062
v 0.0353999697 0.077500008 0.0878000706
v 0.0310999714 0.079700008 0.0706000775
v 0.0339999683 0.0799999982 0.0889000073
v -0.0979999825 0.0702000558 -0.0349000022
v -0.0970000029 0.0690000355 -0.0159998983
v -0.0953000113 0.0715000182 -0.0156000033
v 0.0339999683 0.0799999982 0.0889000073
v 0.0364000201 0.077399984 0.104100026
v 0.0353999697 0.077500008 0.0878000706
v -0.0953000113 0.0715000182 -0.0156000033
v -0.0929999873 0.0700000077 0.000100001693
v -0.0900000334 0.0748000443 0.00119999796
v 0.0353999697 0.077500008 0.0878000706
v 0.0381000005 0.0725000054 0.102300026
v 0.0364999697 0.0734000355 0.0863000602
v -0.0953000113 0.0650000274 -0.000799998641
v -0.0970000029 0.0690000355 -0.0159998983
v -0.0986999795 0.0648000464 -0.0170000046
v -0.0462999903 0.0873000175 0.076800026
v -0.0489000008 0.0900000483 0.0570000187
v -0.0491999909 0.0820000395 0.0765000358
v -0.0213000178 0.0728000104 -0.0502999946
v -0.0242000222 0.0741000473 -0.0702000037
v -0.0267999768 0.0815000162 -0.0693000033
v -0.0491999909 0.0820000395 0.0765000358
v -0.0522000119 0.0802999884 0.0556000248
v -0.0519999787 0.074900046 0.0750000253
v -0.0220000148 0.0644000471 -0.071800001
v -0.0188999772 0.0676000416 -0.0511000082
v -0.0170000196 0.0603000149 -0.0528000072
v -0.0491999909 0.0820000395 0.0765000358
v -0.0483999811 0.0715000182 0.0962000266
v -0.0457000099 0.0769000277 0.0975000039
v -0.0145999789 0.0584000051 -0.0313000008
v -0.0188999772 0.0676000416 -0.0511000082
v -0.0166000128 0.0639000162 -0.0297000036
v -0.0491999909 0.0820000395 0.0765000358
v -0.0429999828 0.0802000389 0.0975000039
v -0.0462999903 0.0873000175 0.076800026
v -0.0189999938 0.0674000084 -0.0291000083
v -0.0188999772 0.0676000416 -0.0511000082
v -0.0213000178 0.0728000104 -0.0502999946
v -0.0403000116 0.0787000284 0.11459998
v -0.0429999828 0.0802000389 0.0975000039
v -0.0457000099 0.0769000277 0.0975000039
v -0.0189999938 0.0674000084 -0.0291000083
v -0.0167999864 0.067300044 -0.0119000003
v -0.0166000128 0.0639000162 -0.0297000036
v -0.0457000099 0.0769000277 0.0975000039
v -0.0428000018 0.0734000355 0.113000013
v -0.0403000116 0.0787000284 0.11459998
v -0.0166000128 0.0639000162 -0.0297000036
v -0.0149999866 0.0618000254 -0.0138000026
v -0.0145999789 0.0584000051 -0.0313000008
v -0.0403000116 0.0787000284 0.11459998
v -0.0370000005 0.0762000307 0.128499955
v -0.0344999991 0.0822000057 0.130299956
v -0.0159000158 0.0660000145 0.00239999592
v -0.0167999864 0.067300044 -0.0119000003
v -0.0174999833 0.0722000226 0.00429999828
v -0.0344999991 0.0822000057 0.130299956
v -0.0375000201 0.0817999989 0.115299977
v -0.0403000116 0.0787000284 0.11459998
v -0.0174999833 0.0722000226 0.00429999828
v -0.0191000104 0.070500046 -0.0107000023
v -0.0199999809 0.0783000216 0.00670000166
v -0.035300009 0.083400026 0.114199974
v -0.0429999828 0.0802000389 0.0975000039
v -0.0375000201 0.0817999989 0.115299977
v -0.0209000111 0.0693000257 -0.0291999951
v -0.0191000104 0.070500046 -0.0107000023
v -0.0189999938 0.0674000084 -0.0291000083
v -0.0375000201 0.0817999989 0.115299977
v -0.030099988 0.0898000151 0.127199978
v -0.035300009 0.083400026 0.114199974
v -0.0191000104 0.070500046 -0.0107000023
v -0.0224000216 0.0798000321 0.0020999983
v -0.0199999809 0.0783000216 0.00670000166
v -0.035300009 0.083400026 0.114199974
v -0.0292000175 0.0865000039 0.12499997
v -0.0343999788 0.0806000382 0.112199999
v -0.023999989 0.0765000284 0.000500097871
v -0.0214999914 0.0722000226 -0.0112000033
v -0.0230000019 0.0694000274 -0.0126999989
v -0.0343999788 0.0806000382 0.112199999
v -0.0411000177 0.0820000395 0.096900031
v -0.035300009 0.083400026 0.114199974
v -0.0230000019 0.0694000274 -0.0126999989
v -0.0209000111 0.0693000257 -0.0291999951
v -0.0225999951 0.0665000379 -0.0299000069
v -0.0440000221 0.0895000249 0.076800026
v -0.0454000197 0.0972000062 0.0574000292
v -0.0462999903 0.0873000175 0.076800026
v -0.0267999768 0.0815000162 -0.0693000033
v -0.0234000087 0.0752000511 -0.0496999994
v -0.0213000178 0.0728000104 -0.0502999946
v -0.0462999903 0.0873000175 0.076800026
v -0.0411000177 0.0820000395 0.096900031
v -0.0440000221 0.0895000249 0.076800026
v -0.0213000178 0.0728000104 -0.0502999946
v -0.0209000111 0.0693000257 -0.0291999951
v -0.0189999938 0.0674000084 -0.0291000083
v -0.0411000177 0.0820000395 0.096900031
v -0.0424000025 0.0860999972 0.076800026
v -0.0440000221 0.0895000249 0.076800026
v -0.0209000111 0.0693000257 -0.0291999951
v -0.0250999928 0.0720000565 -0.0492000058
v -0.0225999951 0.0665000379 -0.0299000069
v -0.0440000221 0.0895000249 0.076800026
v -0.0418000221 0.0957999974 0.0589000396
v -0.0429000184 0.0996000394 0.0581000298
v -0.0297999978 0.0805000365 -0.066700004
v -0.0234000087 0.0752000511 -0.0496999994
v -0.0285999775 0.0841000378 -0.0679999962
v 0.0317000113 0.0845999867 0.103000022
v 0.0339999683 0.0799999982 0.0889000073
v 0.0321000181 0.0813999996 0.0891000479
v -0.0888000131 0.0769000351 -0.00309990346
v -0.0953000113 0.0715000182 -0.0156000033
v -0.0900000334 0.0748000443 0.00119999796
v 0.0339999683 0.0799999982 0.0889000073
v 0.029399991 0.0811000094 0.0712000579
v 0.0321000181 0.0813999996 0.0891000479
v -0.0953000113 0.0715000182 -0.0156000033
v -0.0961999819 0.0715000257 -0.0348000005
v -0.0979999825 0.0702000558 -0.0349000022
v 0.029399991 0.0811000094 0.0712000579
v 0.0303000212 0.0793000087 0.0888000578
v 0.0321000181 0.0813999996 0.0891000479
v -0.0961999819 0.0715000257 -0.0348000005
v -0.091799967 0.0706000477 -0.0166999996
v -0.0939000174 0.0690000355 -0.0348000005
v 0.0321000181 0.0813999996 0.0891000479
v 0.0299999714 0.0823000297 0.102300026
v 0.0317000113 0.0845999867 0.103000022
v -0.0874000117 0.0744000375 -0.00400000066
v -0.0934000015 0.0730000287 -0.0161000043
v -0.0888000131 0.0769000351 -0.00309990346
v 0.0242000185 0.088800028 0.0496000499
v 0.0310999714 0.079700008 0.0706000775
v 0.0257999897 0.0869000256 0.0481000394
v -0.0979999825 0.0702000558 -0.0349000022
v -0.0962999985 0.0779000148 -0.0581999943
v -0.0982999727 0.076000005 -0.0591999963
v 0.0242000185 0.088800028 0.0496000499
v 0.0131999813 0.0963000357 0.0314000696
v 0.0116999708 0.0989000425 0.0338000506
v -0.0895000026 0.0843000114 -0.0792999938
v -0.0962999985 0.0779000148 -0.0581999943
v -0.0874000117 0.0864000618 -0.077500008
v 0.0242000185 0.088800028 0.0496000499
v 0.0105999708 0.0956000313 0.0349000469
v 0.0224999711 0.0862000212 0.0507000461
v -0.0861999914 0.0834000409 -0.076500006
v -0.0962999985 0.0779000148 -0.0581999943
v -0.0943999812 0.0752000511 -0.0574999973
v 0.0224999711 0.0862000212 0.0507000461
v 0.029399991 0.0811000094 0.0712000579
v 0.0242000185 0.088800028 0.0496000499
v -0.0943999812 0.0752000511 -0.0574999973
v -0.0961999819 0.0715000257 -0.0348000005
v -0.0939000174 0.0690000355 -0.0348000005
v -0.0160999894 0.103800014 0.132499963
v -0.00559998117 0.102800027 0.135299951
v -0.00520003028 0.104600027 0.130399972
v -0.034200009 0.0947000012 0.0105000585
v -0.0432000086 0.0946000442 0.0160000175
v -0.0322999954 0.0930000246 0.0148000568
v -0.00520003028 0.104600027 0.130399972
v 0.00669996999 0.100600019 0.131199986
v 0.00700001977 0.102600001 0.127099961
v -0.05620002 0.0930000246 0.0156000704
v -0.04509997 0.0960999876 0.0114000291
v -0.0576000214 0.0948000252 0.0116000623
v -0.00520003028 0.104600027 0.130399972
v 0.00599998049 0.0986000448 0.128399998
v -0.00540000945 0.100000039 0.130899996
v -0.056400001 0.0908000171 0.0129000396
v -0.04509997 0.0960999876 0.0114000291
v -0.0448999926 0.0916000232 0.0121000186
v -0.00540000945 0.100000039 0.130899996
v -0.0160999894 0.103800014 0.132499963
v -0.00520003028 0.104600027 0.130399972
v -0.0448999926 0.0916000232 0.0121000186
v -0.034200009 0.0947000012 0.0105000585
v -0.034600012 0.0895000324 0.0101000518
v -0.0242999792 0.0978000388 0.132299989
v -0.0310999751 0.0880000144 0.132199973
v -0.0249000192 0.0957999974 0.137299985
v -0.0199999809 0.0783000216 0.00670000166
v -0.0263999701 0.0883000121 0.00820002705
v -0.0242000222 0.0868000016 0.0128000155
v -0.0242999792 0.0978000388 0.132299989
v -0.0167999864 0.101800047 0.137099952
v -0.0160999894 0.103800014 0.132499963
v -0.0322999954 0.0930000246 0.0148000568
v -0.0263999701 0.0883000121 0.00820002705
v -0.034200009 0.0947000012 0.0105000585
v -0.0242999792 0.0978000388 0.132299989
v -0.0159000158 0.0986000448 0.131799966
v -0.0235000253 0.0931000262 0.130799979
v -0.034600012 0.0895000324 0.0101000518
v -0.0263999701 0.0883000121 0.00820002705
v -0.0274999738 0.0837000236 0.00710000098
v -0.0235000253 0.0931000262 0.130799979
v -0.030099988 0.0898000151 0.127199978
v -0.0242999792 0.0978000388 0.132299989
v -0.0274999738 0.0837000236 0.00710000098
v -0.0224000216 0.0798000321 0.0020999983
v -0.023999989 0.0765000284 0.000500097871
v -0.027700007 0.108999997 0.0387000293
v -0.0236999989 0.107100032 0.0336000174
v -0.0297999978 0.106600016 0.0365000218
v -0.0526999794 0.0917000473 -0.0871000066
v -0.0472000204 0.0935000479 -0.0833000019
v -0.0458999798 0.0909000263 -0.0859000012
v -0.0297999978 0.106600016 0.0365000218
v -0.0327000022 0.107500046 0.0420000404
v -0.027700007 0.108999997 0.0387000293
v -0.0458999798 0.0909000263 -0.0859000012
v -0.0416999981 0.0918000042 -0.0812999979
v -0.040099971 0.0892000496 -0.0835000053
v -0.0327000022 0.107500046 0.0420000404
v -0.0278000236 0.105100006 0.0391000286
v -0.027700007 0.108999997 0.0387000293
v -0.0416999981 0.0918000042 -0.0812999979
v -0.0473999903 0.0897000059 -0.0827000067
v -0.0419999883 0.0880000293 -0.0806000009
v -0.027700007 0.108999997 0.0387000293
v -0.0220000148 0.105500005 0.0366000384
v -0.0218999982 0.109300047 0.0362000316
v -0.0536000095 0.0904000103 -0.0836999938
v -0.0472000204 0.0935000479 -0.0833000019
v -0.0533999726 0.0942000449 -0.0843000039
v -0.0375999808 0.104800008 0.0473000184
v -0.0350999795 0.105100006 0.0403000563
v -0.040099971 0.102500036 0.0460000485
v -0.040099971 0.0892000496 -0.0835000053
v -0.0358999893 0.0891000256 -0.0773000047
v -0.034200009 0.0865000188 -0.0791000053
v -0.040099971 0.102500036 0.0460000485
v -0.0429000184 0.0996000394 0.0581000298
v -0.0375999808 0.104800008 0.0473000184
v -0.034200009 0.0865000188 -0.0791000053
v -0.0285999775 0.0841000378 -0.0679999962
v -0.0267999768 0.0815000162 -0.0693000033
v -0.0429000184 0.0996000394 0.0581000298
v -0.0371999703 0.100900024 0.048000019
v -0.0375999808 0.104800008 0.0473000184
v -0.0285999775 0.0841000378 -0.0679999962
v -0.03659999 0.0852999985 -0.0763000026
v -0.0297999978 0.0805000365 -0.066700004
v -0.0375999808 0.104800008 0.0473000184
v -0.0327000022 0.103600055 0.0425000563
v -0.0327000022 0.107500046 0.0420000404
v -0.0419999883 0.0880000293 -0.0806000009
v -0.0358999893 0.0891000256 -0.0773000047
v -0.0416999981 0.0918000042 -0.0812999979
v 0.00700001977 0.102600001 0.127099961
v 0.0179999992 0.0975999981 0.125799984
v 0.0174000189 0.0993999988 0.121399969
v -0.0576000214 0.0948000252 0.0116000623
v -0.0687000155 0.0905000269 0.0138000697
v -0.05620002 0.0930000246 0.0156000704
v 0.0174000189 0.0993999988 0.121399969
v 0.0260999799 0.0935000405 0.119999975
v 0.0249999687 0.0953000337 0.116200007
v -0.0782999918 0.0865000114 0.0108000487
v -0.0694000125 0.0920000374 0.00930003822
v -0.0784000158 0.0881000459 0.00670000166
v 0.0174000189 0.0993999988 0.121399969
v 0.0228000209 0.0917000398 0.116900004
v 0.0154999979 0.0956000239 0.122599989
v -0.0762000009 0.084400028 0.00700009614
v -0.0694000125 0.0920000374 0.00930003822
v -0.0673999712 0.0881000459 0.0102000684
v 0.0154999979 0.0956000239 0.122599989
v 0.00700001977 0.102600001 0.127099961
v 0.0174000189 0.0993999988 0.121399969
v -0.0673999712 0.0881000459 0.0102000684
v -0.0576000214 0.0948000252 0.0116000623
v -0.056400001 0.0908000171 0.0129000396
v 0.0249999687 0.0953000337 0.116200007
v 0.0310999714 0.0881000385 0.114800014
v 0.0295000002 0.0895999894 0.110699989
v -0.0784000158 0.0881000459 0.00670000166
v -0.0845000148 0.0811000168 0.00779999793
v -0.0782999918 0.0865000114 0.0108000487
v 0.0295000002 0.0895999894 0.110699989
v 0.0340999886 0.0822000057 0.106500007
v 0.0317000113 0.0845999867 0.103000022
v -0.0900000334 0.0748000443 0.00119999796
v -0.0842999816 0.0824000388 0.00320000201
v -0.0888000131 0.0769000351 -0.00309990346
v 0.0317000113 0.0845999867 0.103000022
v 0.0275999904 0.0869000182 0.110999979
v 0.0295000002 0.0895999894 0.110699989
v -0.0888000131 0.0769000351 -0.00309990346
v -0.0824999809 0.0795000419 0.00329999626
v -0.0874000117 0.0744000375 -0.00400000066
v 0.0295000002 0.0895999894 0.110699989
v 0.0228000209 0.0917000398 0.116900004
v 0.0249999687 0.0953000337 0.116200007
v -0.0762000009 0.084400028 0.00700009614
v -0.0842999816 0.0824000388 0.00320000201
v -0.0784000158 0.0881000459 0.00670000166
v -0.00470001064 0.106500052 0.0314000696
v -0.0145999789 0.106200002 0.0307000652
v -0.013800025 0.108400017 0.0337000266
v -0.070900023 0.0927000344 -0.0846999958
v -0.0619999692 0.0915000141 -0.0877000019
v -0.0717999935 0.0902000368 -0.0876000002
v -0.0145999789 0.106200002 0.0307000652
v -0.0218999982 0.109300047 0.0362000316
v -0.013800025 0.108400017 0.0337000266
v -0.0619999692 0.0915000141 -0.0877000019
v -0.0533999726 0.0942000449 -0.0843000039
v -0.0526999794 0.0917000473 -0.0871000066
v -0.013800025 0.108400017 0.0337000266
v -0.0220000148 0.105500005 0.0366000384
v -0.0139999995 0.104699992 0.0341000408
v -0.0536000095 0.0904000103 -0.0836999938
v -0.0617999993 0.0939000547 -0.0847999975
v -0.0617999993 0.0902000368 -0.0841000006
v -0.0139999995 0.104699992 0.0341000408
v -0.00470001064 0.106500052 0.0314000696
v -0.013800025 0.108400017 0.0337000266
v -0.0617999993 0.0902000368 -0.0841000006
v -0.070900023 0.0927000344 -0.0846999958
v -0.070299983 0.0891000256 -0.0839999989
v 0.0116999708 0.0989000425 0.0338000506
v 0.00300001912 0.10170003 0.0273000374
v 0.00219999999 0.104200035 0.0303000584
v -0.0874000117 0.0864000618 -0.077500008
v -0.0799999833 0.0883000195 -0.0864999965
v -0.0895000026 0.0843000114 -0.0792999938
v 0.00219999999 0.104200035 0.0303000584
v -0.00470001064 0.104100011 0.0284000486
v -0.00470001064 0.106500052 0.0314000696
v -0.0717999935 0.0902000368 -0.0876000002
v -0.0782999918 0.0909000263 -0.0838999078
v -0.070900023 0.0927000344 -0.0846999958
v 0.00219999999 0.104200035 0.0303000584
v -0.00540000945 0.102900051 0.0321000665
v 0.0017999988 0.100500017 0.0312000364
v -0.070299983 0.0891000256 -0.0839999989
v -0.0782999918 0.0909000263 -0.0838999078
v -0.0774999857 0.087500006 -0.0829999968
v 0.0017999988 0.100500017 0.0312000364
v 0.0116999708 0.0989000425 0.0338000506
v 0.00219999999 0.104200035 0.0303000584
v -0.0774999857 0.087500006 -0.0829999968
v -0.0874000117 0.0864000618 -0.077500008
v -0.0861999914 0.0834000409 -0.076500006
v -0.000599989668 0.0909000188 0.0297000185
v 0.0105999708 0.0956000313 0.0349000469
v 0.0017999988 0.100500017 0.0312000364
v -0.0861999914 0.0834000409 -0.076500006
v -0.076399982 0.0775000155 -0.0843000039
v -0.0774999857 0.087500006 -0.0829999968
v 0.0017999988 0.100500017 0.0312000364
v -0.00720001012 0.092900008 0.0305000395
v -0.000599989668 0.0909000188 0.0297000185
v -0.0774999857 0.087500006 -0.0829999968
v -0.0692999884 0.079000026 -0.0854000077
v -0.070299983 0.0891000256 -0.0839999989
v -0.000599989668 0.0909000188 0.0297000185
v -0.00950003043 0.079700008 0.0281000584
v -0.00340002961 0.0781000555 0.0275000185
v -0.0684999824 0.0651999936 -0.0872000083
v -0.076399982 0.0775000155 -0.0843000039
v -0.0751000047 0.0639000162 -0.0861000046
v -0.00340002961 0.0781000555 0.0275000185
v 0.0081999898 0.0863000453 0.0339000672
v -0.000599989668 0.0909000188 0.0297000185
v -0.0751000047 0.0639000162 -0.0861000046
v -0.084800005 0.0736000165 -0.077399902
v -0.0816000104 0.0599000156 -0.079200007
v -0.0159999728 0.094500035 0.0323000401
v -0.00540000945 0.102900051 0.0321000665
v -0.0139999995 0.104699992 0.0341000408
v -0.070299983 0.0891000256 -0.0839999989
v -0.0609999821 0.0798000395 -0.0855999961
v -0.0617999993 0.0902000368 -0.0841000006
v -0.0159999728 0.094500035 0.0323000401
v -0.0220000148 0.105500005 0.0366000384
v -0.023999989 0.0951000154 0.0346000567
v -0.0536000095 0.0904000103 -0.0836999938
v -0.0609999821 0.0798000395 -0.0855999961
v -0.053199999 0.0798000395 -0.0852999017
v -0.0159999728 0.094500035 0.0323000401
v -0.0253000259 0.0812000185 0.0315000266
v -0.0177000165 0.0809000283 0.0295000523
v -0.053199999 0.0798000395 -0.0852999017
v -0.0608000085 0.0658999979 -0.0876000002
v -0.0536000095 0.0657000244 -0.0876000002
v -0.0177000165 0.0809000283 0.0295000523
v -0.00720001012 0.092900008 0.0305000395
v -0.0159999728 0.094500035 0.0323000401
v -0.0608000085 0.0658999979 -0.0876000002
v -0.0692999884 0.079000026 -0.0854000077
v -0.0684999824 0.0651999936 -0.0872000083
v 0.0223000012 0.0813999996 0.1219
v 0.0275999904 0.0869000182 0.110999979
v 0.0267999694 0.077500008 0.11279998
v -0.0741999745 0.0743000135 0.0127000585
v -0.0824999809 0.0795000419 0.00329999626
v -0.0762000009 0.084400028 0.00700009614
v 0.0267999694 0.077500008 0.11279998
v 0.0299999714 0.0823000297 0.102300026
v 0.0295000002 0.0739000142 0.101900019
v -0.0874000117 0.0744000375 -0.00400000066
v -0.0813000053 0.0700000077 0.00559999794
v -0.0871999785 0.0658999979 -0.00370000303
v 0.0295000002 0.0739000142 0.101900019
v 0.0273000002 0.0634000525 0.114199966
v 0.0267999694 0.077500008 0.11279998
v -0.0871999785 0.0658999979 -0.00370000303
v -0.0819000006 0.0561000332 0.00820002705
v -0.0881999731 0.0526000559 -0.00500000268
v 0.0267999694 0.077500008 0.11279998
v 0.0224000216 0.0656000003 0.127000004
v 0.0223000012 0.0813999996 0.1219
v -0.0734000206 0.0589000285 0.0187000483
v -0.0813000053 0.0700000077 0.00559999794
v -0.0741999745 0.0743000135 0.0127000585
v 0.0152000114 0.0848000273 0.129299968
v 0.00599998049 0.0986000448 0.128399998
v 0.0154999979 0.0956000239 0.122599989
v -0.056400001 0.0908000171 0.0129000396
v -0.0651999712 0.0777000412 0.017400071
v -0.0673999712 0.0881000459 0.0102000684
v 0.0154999979 0.0956000239 0.122599989
v 0.0223000012 0.0813999996 0.1219
v 0.0152000114 0.0848000273 0.129299968
v -0.0673999712 0.0881000459 0.0102000684
v -0.0741999745 0.0743000135 0.0127000585
v -0.0762000009 0.084400028 0.00700009614
v 0.0223000012 0.0813999996 0.1219
v 0.0152000114 0.0687999874 0.136299998
v 0.0152000114 0.0848000273 0.129299968
v -0.0741999745 0.0743000135 0.0127000585
v -0.0636000037 0.0622000322 0.0253000706
v -0.0734000206 0.0589000285 0.0187000483
v 0.0152000114 0.0687999874 0.136299998
v 0.00569999032 0.0872000083 0.135199994
v 0.0152000114 0.0848000273 0.129299968
v -0.0636000037 0.0622000322 0.0253000706
v -0.0543000028 0.0799000561 0.0200000182
v -0.0527999923 0.064199999 0.0281000584
v -0.0337999985 0.092900008 0.0405000299
v -0.0371999703 0.100900024 0.048000019
v -0.0378000103 0.0900000483 0.0470000282
v -0.0425000116 0.0772000253 -0.081900008
v -0.03659999 0.0852999985 -0.0763000026
v -0.0419999883 0.0880000293 -0.0806000009
v -0.0378000103 0.0900000483 0.0470000282
v -0.0418000221 0.0957999974 0.0589000396
v -0.0411999822 0.0845999941 0.0585000366
v -0.0297999978 0.0805000365 -0.066700004
v -0.0372999907 0.0744000375 -0.0766000077
v -0.0315999985 0.0694999993 -0.0661999956
v -0.0411999822 0.0845999941 0.0585000366
v -0.0368999802 0.0756000578 0.0441000313
v -0.0378000103 0.0900000483 0.0470000282
v -0.0315999985 0.0694999993 -0.0661999956
v -0.0399000011 0.0600000247 -0.0781000033
v -0.034600012 0.0551000461 -0.0672999993
v -0.0378000103 0.0900000483 0.0470000282
v -0.0342999622 0.0787000358 0.0372000188
v -0.0337999985 0.092900008 0.0405000299
v -0.0440999791 0.0629000366 -0.0842000023
v -0.0372999907 0.0744000375 -0.0766000077
v -0.0425000116 0.0772000253 -0.081900008
v -0.023999989 0.0951000154 0.0346000567
v -0.0278000236 0.105100006 0.0391000286
v -0.0295000076 0.094500035 0.0371000618
v -0.053199999 0.0798000395 -0.0852999017
v -0.0473999903 0.0897000059 -0.0827000067
v -0.0536000095 0.0904000103 -0.0836999938
v -0.0295000076 0.094500035 0.0371000618
v -0.0327000022 0.103600055 0.0425000563
v -0.0337999985 0.092900008 0.0405000299
v -0.0419999883 0.0880000293 -0.0806000009
v -0.0472999811 0.0789000094 -0.0844000056
v -0.0425000116 0.0772000253 -0.081900008
v -0.0337999985 0.092900008 0.0405000299
v -0.0304999948 0.0805000365 0.0335000604
v -0.0295000076 0.094500035 0.0371000618
v -0.0425000116 0.0772000253 -0.081900008
v -0.0485000014 0.0647000372 -0.0869000033
v -0.0440999791 0.0629000366 -0.0842000023
v -0.0295000076 0.094500035 0.0371000618
v -0.0253000259 0.0812000185 0.0315000266
v -0.023999989 0.0951000154 0.0346000567
v -0.0536000095 0.0657000244 -0.0876000002
v -0.0472999811 0.0789000094 -0.0844000056
v -0.053199999 0.0798000395 -0.0852999017
v -0.0236999989 0.0809000283 0.130099982
v -0.0292000175 0.0865000039 0.12499997
v -0.0235000253 0.0931000262 0.130799979
v -0.023999989 0.0765000284 0.000500097871
v -0.0278999805 0.0716000423 0.00729999691
v -0.0274999738 0.0837000236 0.00710000098
v -0.0235000253 0.0931000262 0.130799979
v -0.0160999894 0.0851000175 0.13469997
v -0.0236999989 0.0809000283 0.130099982
v -0.0274999738 0.0837000236 0.00710000098
v -0.0337999985 0.0765000284 0.0136000365
v -0.034600012 0.0895000324 0.0101000518
v -0.0236999989 0.0809000283 0.130099982
v -0.0159000158 0.0673000365 0.137599975
v -0.024600029 0.0644000396 0.128699988
v -0.0335999727 0.0590000451 0.0177000612
v -0.0278999805 0.0716000423 0.00729999691
v -0.0281000137 0.0551000461 0.00689999759
v -0.024600029 0.0644000396 0.128699988
v -0.0299999714 0.0758000165 0.1219
v -0.0236999989 0.0809000283 0.130099982
v -0.0281000137 0.0551000461 0.00689999759
v -0.024600029 0.0655000433 -0.00190000236
v -0.024600029 0.0505000055 -0.00569999963
v -0.00569999963 0.0872000083 0.136599988
v -0.0159000158 0.0986000448 0.131799966
v -0.00540000945 0.100000039 0.130899996
v -0.034600012 0.0895000324 0.0101000518
v -0.043099992 0.0793000162 0.0182000175
v -0.0448999926 0.0916000232 0.0121000186
v -0.00540000945 0.100000039 0.130899996
v 0.00569999032 0.0872000083 0.135199994
v -0.00569999963 0.0872000083 0.136599988
v -0.0448999926 0.0916000232 0.0121000186
v -0.0543000028 0.0799000561 0.0200000182
v -0.056400001 0.0908000171 0.0129000396
v -0.00569999963 0.0872000083 0.136599988
v 0.00569999032 0.0709999949 0.14229998
v -0.00540000945 0.0700000077 0.142100006
v -0.0527999923 0.064199999 0.0281000584
v -0.043099992 0.0793000162 0.0182000175
v -0.0421999618 0.0626000389 0.0248000473
v -0.00540000945 0.0700000077 0.142100006
v -0.0160999894 0.0851000175 0.13469997
v -0.00569999963 0.0872000083 0.136599988
v -0.0421999618 0.0626000389 0.0248000473
v -0.0337999985 0.0765000284 0.0136000365
v -0.0335999727 0.0590000451 0.0177000612
v 0.0194000006 0.0771000013 0.0505000167
v 0.0271000192 0.0787000284 0.0717000142
v 0.0224999711 0.0862000212 0.0507000461
v -0.0939000174 0.0690000355 -0.0348000005
v -0.091899991 0.0656000078 -0.0576998964
v -0.0943999812 0.0752000511 -0.0574999973
v 0.0224999711 0.0862000212 0.0507000461
v 0.0081999898 0.0863000453 0.0339000672
v 0.0194000006 0.0771000013 0.0505000167
v -0.0943999812 0.0752000511 -0.0574999973
v -0.084800005 0.0736000165 -0.077399902
v -0.0861999914 0.0834000409 -0.076500006
v 0.0194000006 0.0771000013 0.0505000167
v 0.0034000203 0.0735000074 0.0319000259
v 0.0142999813 0.0637000427 0.047400035
v -0.0816000104 0.0599000156 -0.079200007
v -0.091899991 0.0656000078 -0.0576998964
v -0.0888000131 0.0516000092 -0.0600999966
v 0.0142999813 0.0637000427 0.047400035
v 0.0240999982 0.0693000183 0.0704000369
v 0.0194000006 0.0771000013 0.0505000167
v -0.0888000131 0.0516000092 -0.0600999966
v -0.09170001 0.0590999946 -0.0360000059
v -0.0901999995 0.0448000059 -0.0388999954
v 0.0295000002 0.0739000142 0.101900019
v 0.0303000212 0.0793000087 0.0888000578
v 0.0279999897 0.0702000484 0.0878000706
v -0.0871999785 0.0658999979 -0.00370000303
v -0.091799967 0.0706000477 -0.0166999996
v -0.0874000117 0.0744000375 -0.00400000066
v 0.0279999897 0.0702000484 0.0878000706
v 0.0271000192 0.0787000284 0.0717000142
v 0.0240999982 0.0693000183 0.0704000369
v -0.0939000174 0.0690000355 -0.0348000005
v -0.0903999805 0.061200045 -0.0176999941
v -0.09170001 0.0590999946 -0.0360000059
v 0.0240999982 0.0693000183 0.0704000369
v 0.0263000093 0.056400016 0.0840000212
v 0.0279999897 0.0702000484 0.0878000706
v -0.09170001 0.0590999946 -0.0360000059
v -0.0901999995 0.0471000373 -0.0205999985
v -0.0901999995 0.0448000059 -0.0388999954
v 0.0279999897 0.0702000484 0.0878000706
v 0.0292999707 0.0608000383 0.0996000543
v 0.0295000002 0.0739000142 0.101900019
v -0.0881999731 0.0526000559 -0.00500000268
v -0.0903999805 0.061200045 -0.0176999941
v -0.0871999785 0.0658999979 -0.00370000303
v -0.0411999822 0.0845999941 0.0585000366
v -0.0424000025 0.0860999972 0.076800026
v -0.0414000079 0.0753000006 0.0749000609
v -0.0315999985 0.0694999993 -0.0661999956
v -0.0250999928 0.0720000565 -0.0492000058
v -0.0297999978 0.0805000365 -0.066700004
v -0.0414000079 0.0753000006 0.0749000609
v -0.0399000011 0.0792000443 0.0956000462
v -0.039600011 0.0684999973 0.0923000351
v -0.0225999951 0.0665000379 -0.0299000069
v -0.0271999836 0.0613000095 -0.0499000028
v -0.0242999792 0.055800043 -0.0323000029
v -0.039600011 0.0684999973 0.0923000351
v -0.040099971 0.0610000119 0.0709000677
v -0.0414000079 0.0753000006 0.0749000609
v -0.0242999792 0.055800043 -0.0323000029
v -0.0302000046 0.0470000133 -0.0524000004
v -0.0263000131 0.0414999947 -0.0360000059
v -0.0414000079 0.0753000006 0.0749000609
v -0.039600011 0.0700000077 0.0558000542
v -0.0411999822 0.0845999941 0.0585000366
v -0.034600012 0.0551000461 -0.0672999993
v -0.0271999836 0.0613000095 -0.0499000028
v -0.0315999985 0.0694999993 -0.0661999956
v -0.035300009 0.0701000243 0.108399995
v -0.0399000011 0.0792000443 0.0956000462
v -0.0343999788 0.0806000382 0.112199999
v -0.0225999951 0.0665000379 -0.0299000069
v -0.0235999823 0.0587000549 -0.0157999992
v -0.0230000019 0.0694000274 -0.0126999989
v -0.0343999788 0.0806000382 0.112199999
v -0.0299999714 0.0758000165 0.1219
v -0.035300009 0.0701000243 0.108399995
v -0.0230000019 0.0694000274 -0.0126999989
v -0.024600029 0.0655000433 -0.00190000236
v -0.023999989 0.0765000284 0.000500097871
v -0.035300009 0.0701000243 0.108399995
v -0.0318999887 0.0610000119 0.117300011
v -0.0362999998 0.0560000166 0.103000022
v -0.024600029 0.0505000055 -0.00569999963
v -0.0235999823 0.0587000549 -0.0157999992
v -0.024699986 0.0444000065 -0.0203000084
v -0.0362999998 0.0560000166 0.103000022
v -0.039600011 0.0684999973 0.0923000351
v -0.035300009 0.0701000243 0.108399995
v -0.024699986 0.0444000065 -0.0203000084
v -0.0242999792 0.055800043 -0.0323000029
v -0.0263000131 0.0414999947 -0.0360000059
v 0.0154999979 0.0993999988 0.0483000688
v 0.00160001963 0.0806000382 0.0400000587
v 0.00129996985 0.0986000523 0.0384000391
v 0.0184999704 0.119700029 0.0462000184
v 0.00129996985 0.0986000523 0.0384000391
v 0.00480001979 0.123200022 0.0358000174
v -0.00739997998 0.123799995 0.0349000469
v 0.0103999898 0.148700014 0.0316000357
v 0.00480001979 0.123200022 0.0358000174
v -0.00669998117 0.128900006 0.110899962
v -0.00340002961 0.104500018 0.117899984
v 0.000699989498 0.127900019 0.111999966
v 0.00809996948 0.105800048 0.112300016
v 0.000699989498 0.127900019 0.111999966
v -0.00340002961 0.104500018 0.117899984
v 0.00809996948 0.105800048 0.112300016
v 0.0199999809 0.123799995 0.1043
v 0.0105000101 0.126299992 0.109099962
v -0.00559998117 0.0863000378 0.130099982
v -0.013800025 0.102700017 0.118199974
v -0.0156000266 0.083400026 0.132099956
v -0.0275999904 0.0770999938 0.112099983
v -0.019299984 0.101899996 0.11309997
v -0.023999989 0.102600001 0.10490004
v -0.0285000205 0.106600009 0.0948000401
v -0.018599987 0.131900027 0.101100005
v -0.0241000056 0.133700028 0.0925000086
v -0.0264999866 0.108000003 0.0402000397
v -0.00739997998 0.123799995 0.0349000469
v -0.0127000306 0.0989000425 0.0335000604
v -0.0358999893 0.112800017 0.0579000488
v -0.0303999782 0.131900027 0.0453000516
v -0.0318999887 0.110400043 0.0462000184
v -0.0318999887 0.110400043 0.0462000184
v -0.0254999995 0.126500025 0.0389000624
v -0.0264999866 0.108000003 0.0402000397
v -0.0259000063 0.0856000483 0.0364000574
v -0.0127000306 0.0989000425 0.0335000604
v -0.0152000189 0.0829000175 0.0334000364
v -0.038500011 0.091300033 0.0611000471
v -0.0318999887 0.110400043 0.0462000184
v -0.0347999893 0.0881000459 0.0471000485
v -0.0347999893 0.0881000459 0.0471000485
v -0.0264999866 0.108000003 0.0402000397
v -0.0259000063 0.0856000483 0.0364000574
v 0.00129996985 0.0986000523 0.0384000391
v -0.00739997998 0.123799995 0.0349000469
v 0.00480001979 0.123200022 0.0358000174
v -0.0311999917 0.0819000155 0.0986000076
v -0.023999989 0.102600001 0.10490004
v -0.0285000205 0.106600009 0.0948000401
v 0.00129996985 0.0986000523 0.0384000391
v -0.0152000189 0.0829000175 0.0334000364
v -0.0127000306 0.0989000425 0.0335000604
v 0.00809996948 0.105800048 0.112300016
v 0.0156000182 0.0870000273 0.120599955
v 0.0168999992 0.103699997 0.107200004
v -0.023999989 0.102600001 0.10490004
v -0.0129000004 0.130200043 0.107200004
v -0.018599987 0.131900027 0.101100005
v -0.00340002961 0.104500018 0.117899984
v 0.00469999947 0.0880000144 0.124500006
v 0.00809996948 0.105800048 0.112300016
v -0.0335999727 0.0860999972 0.0882000178
v -0.0285000205 0.106600009 0.0948000401
v -0.032400012 0.109800003 0.0836000293
v -0.032400012 0.109800003 0.0836000293
v -0.0241000056 0.133700028 0.0925000086
v -0.0288000107 0.135599986 0.0826000422
v -0.032400012 0.109800003 0.0836000293
v -0.0366999991 0.088800028 0.0750000328
v -0.0335999727 0.0860999972 0.0882000178
v -0.0288000107 0.135599986 0.0826000422
v -0.0350999795 0.112300001 0.0709000677
v -0.032400012 0.109800003 0.0836000293
v -0.0238999724 0.0799000487 0.124599963
v -0.013800025 0.102700017 0.118199974
v -0.019299984 0.101899996 0.11309997
v -0.0129000004 0.130200043 0.107200004
v -0.013800025 0.102700017 0.118199974
v -0.00669998117 0.128900006 0.110899962
v 0.0199999809 0.123799995 0.1043
v 0.0228999779 0.101000026 0.0977000371
v 0.0273000002 0.121000007 0.0943000168
v 0.0209000111 0.0833000243 0.105700053
v 0.0168999992 0.103699997 0.107200004
v 0.0156000182 0.0870000273 0.120599955
v -0.038500011 0.091300033 0.0611000471
v -0.0350999795 0.112300001 0.0709000677
v -0.0358999893 0.112800017 0.0579000488
v -0.0350999795 0.112300001 0.0709000677
v -0.0328000188 0.134199992 0.0580000095
v -0.0358999893 0.112800017 0.0579000488
v 0.017700009 0.0788999945 0.0684000701
v 0.0258999988 0.0988000184 0.0826000348
v 0.0220000111 0.0795000345 0.0873000473
v 0.0273000002 0.121000007 0.0943000168
v 0.0258999988 0.0988000184 0.0826000348
v 0.031599991 0.118300043 0.0803000182
v 0.0220000111 0.0795000345 0.0873000473
v 0.0228999779 0.101000026 0.0977000371
v 0.0209000111 0.0833000243 0.105700053
v 0.0138999783 0.0799999982 0.0518000536
v 0.0229999982 0.097400032 0.0643000379
v 0.017700009 0.0788999945 0.0684000701
v -0.00559998117 0.0863000378 0.130099982
v -0.01330001 0.0762000307 0.139299959
v -0.00290000997 0.0744000301 0.139799982
v -0.00559998117 0.0863000378 0.130099982
v 0.0081999898 0.0757000074 0.136599988
v 0.00469999947 0.0880000144 0.124500006
v -0.0156000266 0.083400026 0.132099956
v -0.0224999785 0.0714000091 0.13469997
v -0.01330001 0.0762000307 0.139299959
v -0.0296000242 0.0646000057 0.117199987
v -0.0238999724 0.0799000487 0.124599963
v -0.0275999904 0.0770999938 0.112099983
v 0.0081999898 0.0757000074 0.136599988
v 0.0156000182 0.0870000273 0.120599955
v 0.00469999947 0.0880000144 0.124500006
v 0.0239999779 0.0662999973 0.117599994
v 0.0156000182 0.0870000273 0.120599955
v 0.0184999704 0.071900025 0.13439998
v 0.0220000111 0.0795000345 0.0873000473
v 0.0202000104 0.06500002 0.0698000565
v 0.017700009 0.0788999945 0.0684000701
v 0.0159000084 0.0665000379 0.0527000241
v 0.017700009 0.0788999945 0.0684000701
v 0.0202000104 0.06500002 0.0698000565
v 0.00419997983 0.0681000054 0.0392000452
v 0.0138999783 0.0799999982 0.0518000536
v 0.0159000084 0.0665000379 0.0527000241
v -0.0325999856 0.0684999973 0.103000022
v -0.0275999904 0.0770999938 0.112099983
v -0.0311999917 0.0819000155 0.0986000076
v -0.0353999697 0.0727999955 0.0923000351
v -0.0311999917 0.0819000155 0.0986000076
v -0.0335999727 0.0860999972 0.0882000178
v -0.0335999727 0.0860999972 0.0882000178
v -0.0382000208 0.0748000443 0.0789000168
v -0.0353999697 0.0727999955 0.0923000351
v -0.0366999991 0.088800028 0.0750000328
v -0.0386999808 0.0773999915 0.0630000681
v -0.0382000208 0.0748000443 0.0789000168
v -0.0386999808 0.0773999915 0.0630000681
v -0.0347999893 0.0881000459 0.0471000485
v -0.0351999924 0.0737000331 0.047400035
v 0.00160001963 0.0806000382 0.0400000587
v -0.0136000002 0.0665000379 0.0297000185
v -0.0152000189 0.0829000175 0.0334000364
v -0.0351999924 0.0737000331 0.047400035
v -0.0259000063 0.0856000483 0.0364000574
v -0.0279999971 0.0726000369 0.0333000273
v 0.0209000111 0.0833000243 0.105700053
v 0.0232999884 0.064199999 0.0901000276
v 0.0220000111 0.0795000345 0.0873000473
v -0.0279999971 0.0726000369 0.0333000273
v -0.0152000189 0.0829000175 0.0334000364
v -0.0136000002 0.0665000379 0.0297000185
v -0.0196999907 0.155300036 0.0338000506
v -0.0303999782 0.131900027 0.0453000516
v -0.0274000168 0.158000007 0.043700017
v -0.0196999907 0.155300036 0.0338000506
v -0.00739997998 0.123799995 0.0349000469
v -0.0254999995 0.126500025 0.0389000624
v 0.0159000084 0.0665000379 0.0527000241
v 0.00520001911 0.0543000326 0.0373000279
v 0.00419997983 0.0681000054 0.0392000452
v -0.0353999697 0.0727999955 0.0923000351
v -0.0400000215 0.059600018 0.0795000568
v -0.0373999998 0.0579000264 0.0918000191
v -0.0351999924 0.0737000331 0.047400035
v -0.0401999876 0.0641000494 0.0660000294
v -0.0386999808 0.0773999915 0.0630000681
v 0.0159000084 0.0665000379 0.0527000241
v 0.0217999779 0.050300017 0.0675000399
v 0.0173000097 0.0534000024 0.0500000566
v -0.0279999971 0.0726000369 0.0333000273
v -0.0424000025 0.0622000322 0.0452000275
v -0.0351999924 0.0737000331 0.047400035
v 0.0232999884 0.064199999 0.0901000276
v 0.0217999779 0.050300017 0.0675000399
v 0.0202000104 0.06500002 0.0698000565
v -0.0296000242 0.0646000057 0.117199987
v -0.024600029 0.0547999889 0.13439998
v -0.0224999785 0.0714000091 0.13469997
v 0.0081999898 0.0757000074 0.136599988
v -0.00129998103 0.0633000284 0.149599999
v 0.0102000199 0.0598000512 0.148200005
v -0.0136000002 0.0665000379 0.0297000185
v -0.0344999991 0.058900021 0.0310000554
v -0.0279999971 0.0726000369 0.0333000273
v -0.0382000208 0.0748000443 0.0789000168
v -0.0401999876 0.0641000494 0.0660000294
v -0.0400000215 0.059600018 0.0795000568
v -0.0296000242 0.0646000057 0.117199987
v -0.0339000225 0.0515000373 0.101100005
v -0.0313000083 0.0490000471 0.112300009
v 0.00419997983 0.0681000054 0.0392000452
v -0.00880003069 0.0500999913 0.0316000357
v -0.0136000002 0.0665000379 0.0297000185
v -0.0224999785 0.0714000091 0.13469997
v -0.013800025 0.0653000101 0.149399966
v -0.01330001 0.0762000307 0.139299959
v -0.00290000997 0.0744000301 0.139799982
v -0.013800025 0.0653000101 0.149399966
v -0.00129998103 0.0633000284 0.149599999
v -0.0325999856 0.0684999973 0.103000022
v -0.0373999998 0.0579000264 0.0918000191
v -0.0339000225 0.0515000373 0.101100005
v 0.0232999884 0.064199999 0.0901000276
v 0.0254999883 0.0496000275 0.118499964
v 0.0240999982 0.0480000004 0.0903000683
v 0.0239999779 0.0662999973 0.117599994
v 0.0200999901 0.0578000173 0.139699966
v 0.0254999883 0.0496000275 0.118499964
v 0.0184999704 0.071900025 0.13439998
v 0.0102000199 0.0598000512 0.148200005
v 0.0200999901 0.0578000173 0.139699966
v -0.0874000117 0.0881000459 -0.0624000058
v -0.0771999955 0.0676000416 -0.0725999996
v -0.0860999823 0.0684000552 -0.0581000075
v -0.0893999934 0.108500026 -0.0650000051
v -0.0759999752 0.0856000483 -0.0757000074
v -0.0874000117 0.0881000459 -0.0624000058
v -0.0831000209 0.136100024 -0.0834000036
v -0.0665000007 0.109900028 -0.0830999985
v -0.0785000324 0.110300034 -0.0790000036
v -0.0503000021 0.0953000411 -0.000100001693
v -0.0473999903 0.118800014 -0.00919990242
v -0.0544999801 0.118600033 -0.00629989803
v -0.0544999801 0.118600033 -0.00629989803
v -0.0627000332 0.0972000062 -0.00249999762
v -0.0503000021 0.0953000411 -0.000100001693
v -0.0627000332 0.0972000062 -0.00249999762
v -0.0753999949 0.115800045 -0.00850000232
v -0.0728999898 0.0955000073 -0.00489990413
v -0.04509997 0.0780000314 0.012000069
v -0.0406000018 0.0928000435 -0.00230000168
v -0.0503000021 0.0953000411 -0.000100001693
v -0.03659999 0.091200009 -0.00860000402
v -0.0296000242 0.0663000047 -0.0105999038
v -0.034200009 0.0910000429 -0.0176999941
v -0.0381000005 0.120300017 -0.0219000056
v -0.0321000218 0.0941000283 -0.0290000066
v -0.0347999893 0.121100031 -0.0317999944
v -0.0479999706 0.0927000344 -0.0815000013
v -0.0665000007 0.109900028 -0.0830999985
v -0.0476999804 0.111200005 -0.0837999955
v -0.034200009 0.0976000056 -0.0670999959
v -0.040899992 0.116400026 -0.0792999938
v -0.0351999924 0.119200014 -0.0677000061
v -0.0411000177 0.0950000584 -0.077200003
v -0.0476999804 0.111200005 -0.0837999955
v -0.040899992 0.116400026 -0.0792999938
v -0.0518000126 0.0703000054 -0.0833000019
v -0.0633000135 0.0845000446 -0.0839999989
v -0.0479999706 0.0927000344 -0.0815000013
v -0.0328999758 0.0763000548 -0.0634000078
v -0.0411000177 0.0950000584 -0.077200003
v -0.034200009 0.0976000056 -0.0670999959
v -0.0401999876 0.072700046 -0.075500004
v -0.0479999706 0.0927000344 -0.0815000013
v -0.0411000177 0.0950000584 -0.077200003
v -0.0665000007 0.109900028 -0.0830999985
v -0.0759999752 0.0856000483 -0.0757000074
v -0.0785000324 0.110300034 -0.0790000036
v -0.034200009 0.0910000429 -0.0176999941
v -0.0299999714 0.0699000061 -0.0247000083
v -0.0321000218 0.0941000283 -0.0290000066
v -0.0759999752 0.0856000483 -0.0757000074
v -0.0620999895 0.0683000386 -0.0835000053
v -0.0771999955 0.0676000416 -0.0725999996
v -0.0627000332 0.0972000062 -0.00249999762
v -0.0680999756 0.0794000179 0.00900004804
v -0.0565000102 0.0799999982 0.00950007141
v -0.0421999618 0.119400047 -0.0144999996
v -0.034200009 0.0910000429 -0.0176999941
v -0.0381000005 0.120300017 -0.0219000056
v -0.0503000021 0.0953000411 -0.000100001693
v -0.0565000102 0.0799999982 0.00950007141
v -0.04509997 0.0780000314 0.012000069
v -0.0303000212 0.0732000172 -0.0355999991
v -0.0321000218 0.0941000283 -0.0290000066
v -0.0299999714 0.0699000061 -0.0247000083
v -0.0310000181 0.0963000357 -0.0410000011
v -0.0347999893 0.121100031 -0.0317999944
v -0.0321000218 0.0941000283 -0.0290000066
v -0.0309000015 0.0748000443 -0.0493000075
v -0.0310000181 0.0963000357 -0.0410000011
v -0.0303000212 0.0732000172 -0.0355999991
v -0.0315999985 0.0979000553 -0.0543000028
v -0.0325999856 0.122100018 -0.0428000018
v -0.0310000181 0.0963000357 -0.0410000011
v -0.0295000076 0.0702000558 0.0020999983
v -0.0406000018 0.0928000435 -0.00230000168
v -0.0350999795 0.0747000277 0.0114000291
v -0.0406000018 0.0928000435 -0.00230000168
v -0.0421999618 0.119400047 -0.0144999996
v -0.0473999903 0.118800014 -0.00919990242
v -0.0813999698 0.0928000435 -0.0121999979
v -0.0753999949 0.115800045 -0.00850000232
v -0.0852000117 0.113100015 -0.0161000043
v -0.0728999898 0.0955000073 -0.00489990413
v -0.0778999925 0.0752000436 -0.00360000134
v -0.0680999756 0.0794000179 0.00900004804
v -0.0328999758 0.0763000548 -0.0634000078
v -0.0315999985 0.0979000553 -0.0543000028
v -0.0309000015 0.0748000443 -0.0493000075
v -0.0351999924 0.119200014 -0.0677000061
v -0.0315999985 0.0979000553 -0.0543000028
v -0.034200009 0.0976000056 -0.0670999959
v -0.0856000111 0.0684000552 -0.0405000076
v -0.0885000229 0.0900000557 -0.0257999972
v -0.0907000303 0.087400049 -0.0445000008
v -0.0852000117 0.113100015 -0.0161000043
v -0.0885000229 0.0900000557 -0.0257999972
v -0.0813999698 0.0928000435 -0.0121999979
v -0.0843999907 0.0703000054 -0.0205999985
v -0.0813999698 0.0928000435 -0.0121999979
v -0.0885000229 0.0900000557 -0.0257999972
v -0.0860999823 0.0684000552 -0.0581000075
v -0.0907000303 0.087400049 -0.0445000008
v -0.0874000117 0.0881000459 -0.0624000058
v -0.0353999697 0.0681000054 0.0194000378
v -0.04509997 0.0780000314 0.012000069
v -0.0451999828 0.0669000447 0.0230000466
v -0.04509997 0.0780000314 0.012000069
v -0.0566999912 0.0687000453 0.0230000466
v -0.0451999828 0.0669000447 0.0230000466
v -0.0281000137 0.0625000298 0.0128000155
v -0.0350999795 0.0747000277 0.0114000291
v -0.0353999697 0.0681000054 0.0194000378
v -0.0295000076 0.0702000558 0.0020999983
v -0.0267000198 0.0541000068 -0.005400002
v -0.0296000242 0.0663000047 -0.0105999038
v -0.0680999756 0.0794000179 0.00900004804
v -0.0566999912 0.0687000453 0.0230000466
v -0.0565000102 0.0799999982 0.00950007141
v -0.0777000114 0.0590000451 0.0102000684
v -0.0680999756 0.0794000179 0.00900004804
v -0.0778999925 0.0752000436 -0.00360000134
v -0.0843999907 0.0703000054 -0.0205999985
v -0.0881999731 0.0546000302 -0.0372999981
v -0.0852999613 0.0551000461 -0.0163000003
v -0.0885000229 0.0549000129 -0.0554000065
v -0.0856000111 0.0684000552 -0.0405000076
v -0.0860999823 0.0684000552 -0.0581000075
v -0.0807999894 0.0549000129 -0.0713000074
v -0.0860999823 0.0684000552 -0.0581000075
v -0.0771999955 0.0676000416 -0.0725999996
v -0.0296000242 0.0663000047 -0.0105999038
v -0.0278999805 0.0569000542 -0.0200000033
v -0.0299999714 0.0699000061 -0.0247000083
v -0.0299999714 0.0699000061 -0.0247000083
v -0.0281000137 0.0602000058 -0.0314000025
v -0.0303000212 0.0732000172 -0.0355999991
v -0.0292000175 0.061200045 -0.0450999066
v -0.0303000212 0.0732000172 -0.0355999991
v -0.0281000137 0.0602000058 -0.0314000025
v -0.0329999924 0.06280002 -0.0606000051
v -0.0309000015 0.0748000443 -0.0493000075
v -0.0292000175 0.061200045 -0.0450999066
v -0.0329999924 0.06280002 -0.0606000051
v -0.0401999876 0.072700046 -0.075500004
v -0.0328999758 0.0763000548 -0.0634000078
v -0.0771999955 0.0676000416 -0.0725999996
v -0.0656999946 0.0517000258 -0.0852000043
v -0.0807999894 0.0549000129 -0.0713000074
v -0.040700011 0.0584000051 -0.0742999986
v -0.0518000126 0.0703000054 -0.0833000019
v -0.0401999876 0.072700046 -0.075500004
v -0.0778999925 0.0752000436 -0.00360000134
v -0.0852999613 0.0551000461 -0.0163000003
v -0.0777000114 0.0590000451 0.0102000684
v -0.0512999818 0.0569000542 -0.0857999995
v -0.0620999895 0.0683000386 -0.0835000053
v -0.0518000126 0.0703000054 -0.0833000019
v -0.040899992 0.116400026 -0.0792999938
v -0.0525000021 0.140000001 -0.0894000009
v -0.0421999618 0.142499998 -0.081900008
v -0.0525000021 0.140000001 -0.0894000009
v -0.0665000007 0.109900028 -0.0830999985
v -0.0687000155 0.137600034 -0.090700008
v -0.0834000111 0.0409000143 -0.071100004
v -0.0885000229 0.0549000129 -0.0554000065
v -0.0807999894 0.0549000129 -0.0713000074
v -0.0281000137 0.0602000058 -0.0314000025
v -0.0278999805 0.0461000502 -0.0440000072
v -0.0292000175 0.061200045 -0.0450999066
v -0.0314000249 0.0497000441 -0.0572999045
v -0.040700011 0.0584000051 -0.0742999986
v -0.0329999924 0.06280002 -0.0606000051
v -0.0914999768 0.0416000187 -0.0556999967
v -0.0881999731 0.0546000302 -0.0372999981
v -0.0885000229 0.0549000129 -0.0554000065
v -0.0351999924 0.046500057 -0.0775999948
v -0.0512999818 0.0569000542 -0.0857999995
v -0.040700011 0.0584000051 -0.0742999986
v -0.0907999799 0.0398000181 -0.037199907
v -0.0852999613 0.0551000461 -0.0163000003
v -0.0881999731 0.0546000302 -0.0372999981
v -0.0267000198 0.045799993 0.0131000653
v -0.0267000198 0.0541000068 -0.005400002
v -0.0281000137 0.0625000298 0.0128000155
v -0.0566999912 0.0687000453 0.0230000466
v -0.0441999994 0.056599997 0.0336000174
v -0.0451999828 0.0669000447 0.0230000466
v -0.0467000008 0.0428000391 -0.0887000039
v -0.0656999946 0.0517000258 -0.0852000043
v -0.0512999818 0.0569000542 -0.0857999995
v -0.0292000175 0.061200045 -0.0450999066
v -0.0314000249 0.0497000441 -0.0572999045
v -0.0329999924 0.06280002 -0.0606000051
v -0.0267000198 0.0541000068 -0.005400002
v -0.027700007 0.0398000181 -0.021100007
v -0.0278999805 0.0569000542 -0.0200000033
v -0.071600005 0.0356000364 -0.0802999064
v -0.0807999894 0.0549000129 -0.0713000074
v -0.0656999946 0.0517000258 -0.0852000043
v -0.0321999788 0.0579000264 0.0297000185
v -0.0281000137 0.0625000298 0.0128000155
v -0.0353999697 0.0681000054 0.0194000378
v -0.0451999828 0.0669000447 0.0230000466
v -0.0321999788 0.0579000264 0.0297000185
v -0.0353999697 0.0681000054 0.0194000378
v -0.0278999805 0.0569000542 -0.0200000033
v -0.0268999934 0.0453000367 -0.0314000025
v -0.0281000137 0.0602000058 -0.0314000025
v -0.0852999613 0.0551000461 -0.0163000003
v -0.079400003 0.0425000489 0.0128000081
v -0.0777000114 0.0590000451 0.0102000684
v -0.0777000114 0.0590000451 0.0102000684
v -0.0677999854 0.0518000275 0.0308000296
v -0.0673000216 0.0654000267 0.0242000669
v -0.0673000216 0.0654000267 0.0242000669
v -0.0558000207 0.0536999926 0.0359000415
v -0.0566999912 0.0687000453 0.0230000466
v 0.0497000217 0.0432999879 0.183899969
v 0.0537999794 0.039600037 0.182300001
v 0.0526000187 0.0464000255 0.169099957
v -0.0835999846 0.041800037 0.0827000588
v -0.0860000253 0.0482000262 0.0688000172
v -0.0907000303 0.0441000089 0.0692000166
v 0.0483000204 0.0506000072 0.170399994
v 0.0526000187 0.0464000255 0.169099957
v 0.0508999825 0.0529999882 0.155499965
v -0.0928000212 0.0497000366 0.0552000143
v -0.0907000303 0.0441000089 0.0692000166
v -0.0860000253 0.0482000262 0.0688000172
v 0.0465999767 0.0576000363 0.156299978
v 0.0418999717 0.0614000186 0.157099992
v 0.043900013 0.0543000326 0.171900004
v -0.0881999731 0.0542000085 0.0543000437
v -0.0860000253 0.0482000262 0.0688000172
v -0.0812000036 0.0516000018 0.0687000602
v 0.0483000204 0.0506000072 0.170399994
v 0.043900013 0.0543000326 0.171900004
v 0.0452999994 0.0463000089 0.185299963
v -0.0788999721 0.0447000489 0.0825000107
v -0.0812000036 0.0516000018 0.0687000602
v -0.0860000253 0.0482000262 0.0688000172
v 0.0465999767 0.0576000363 0.156299978
v 0.0508999825 0.0529999882 0.155499965
v 0.0486999676 0.058900021 0.14259997
v -0.0881999731 0.0542000085 0.0543000437
v -0.0899000093 0.0594000369 0.0412000269
v -0.0942000076 0.0547000393 0.0418000668
v 0.0447000191 0.0637999997 0.143599957
v 0.0486999676 0.058900021 0.14259997
v 0.0451999903 0.0639000088 0.129699975
v -0.0944999978 0.0586000308 0.0280000418
v -0.0942000076 0.0547000393 0.0418000668
v -0.0899000093 0.0594000369 0.0412000269
v 0.0419999883 0.068900004 0.131199986
v 0.0386999808 0.0730999857 0.13319996
v 0.0404000208 0.0677000508 0.144799978
v -0.0907999799 0.0635000095 0.0282000676
v -0.0899000093 0.0594000369 0.0412000269
v -0.0852999613 0.0631000027 0.0408000201
v 0.0447000191 0.0637999997 0.143599957
v 0.0404000208 0.0677000508 0.144799978
v 0.0418999717 0.0614000186 0.157099992
v -0.0832999945 0.0576000363 0.0534000136
v -0.0852999613 0.0631000027 0.0408000201
v -0.0899000093 0.0594000369 0.0412000269
v 0.0582000017 0.0358000025 0.180999964
v 0.0628999993 0.0304000005 0.179699987
v 0.0619999692 0.0348000079 0.165699989
v -0.0928999707 0.0346000418 0.082900025
v -0.0960000083 0.0393000469 0.0693000406
v -0.101000011 0.0328999981 0.0696000233
v 0.0574999973 0.0413000211 0.167399973
v 0.0619999692 0.0348000079 0.165699989
v 0.0602999926 0.039600037 0.15169999
v -0.103299968 0.0367000327 0.0554000549
v -0.101000011 0.0328999981 0.0696000233
v -0.0960000083 0.0393000469 0.0693000406
v 0.0555000305 0.047200039 0.154099971
v 0.0508999825 0.0529999882 0.155499965
v 0.0526000187 0.0464000255 0.169099957
v -0.097800009 0.044200018 0.0556000248
v -0.0960000083 0.0393000469 0.0693000406
v -0.0907000303 0.0441000089 0.0692000166
v 0.0574999973 0.0413000211 0.167399973
v 0.0526000187 0.0464000255 0.169099957
v 0.0537999794 0.039600037 0.182300001
v -0.0881999731 0.0383000001 0.0826000348
v -0.0907000303 0.0441000089 0.0692000166
v -0.0960000083 0.0393000469 0.0693000406
v 0.0555000305 0.047200039 0.154099971
v 0.0602999926 0.039600037 0.15169999
v 0.056900017 0.0443000421 0.138999969
v -0.097800009 0.044200018 0.0556000248
v -0.0989999697 0.0486000404 0.042100057
v -0.103699982 0.0404000506 0.0419000089
v 0.0529999733 0.0526000485 0.14109996
v 0.056900017 0.0443000421 0.138999969
v 0.0527999997 0.0482000262 0.125799984
v -0.103399992 0.0432000384 0.0277000442
v -0.103699982 0.0404000506 0.0419000089
v -0.0989999697 0.0486000404 0.042100057
v 0.0487999916 0.0569999963 0.127999991
v 0.0451999903 0.0639000088 0.129699975
v 0.0486999676 0.058900021 0.14259997
v -0.0986000225 0.0519000515 0.0280000418
v -0.0989999697 0.0486000404 0.042100057
v -0.0942000076 0.0547000393 0.0418000668
v 0.0529999733 0.0526000485 0.14109996
v 0.0486999676 0.058900021 0.14259997
v 0.0508999825 0.0529999882 0.155499965
v -0.0928000212 0.0497000366 0.0552000143
v -0.0942000076 0.0547000393 0.0418000668
v -0.0989999697 0.0486000404 0.042100057
v -0.0213000178 0.0712000281 0.168199986
v -0.0249999762 0.0775000006 0.157699972
v -0.0275999904 0.0716999918 0.158299953
v -0.016200006 0.0641000494 0.0337000266
v -0.018599987 0.0699000061 0.0334000364
v -0.0194000006 0.0644999966 0.0450000614
v -0.0241000056 0.0657000169 0.169799954
v -0.0210999846 0.0581000075 0.180199951
v -0.0181000233 0.0633000284 0.178299993
v -0.0163999796 0.0590000376 0.0462000147
v -0.0194000006 0.0644999966 0.0450000614
v -0.0198000073 0.0575000271 0.0562000647
v -0.0213000178 0.0712000281 0.168199986
v -0.0181000233 0.0633000284 0.178299993
v -0.0151000023 0.0668000132 0.176399976
v -0.0231000185 0.0610000119 0.0550000444
v -0.0198000073 0.0575000271 0.0562000647
v -0.0194000006 0.0644999966 0.0450000614
v -0.0184999704 0.0745999962 0.166699976
v -0.0220000148 0.0812000185 0.157199949
v -0.0249999762 0.0775000006 0.157699972
v -0.0224000216 0.0680000484 0.0441000313
v -0.0194000006 0.0644999966 0.0450000614
v -0.018599987 0.0699000061 0.0334000364
v -0.016200006 0.0544000491 0.189099997
v -0.0181000233 0.0633000284 0.178299993
v -0.0210999846 0.0581000075 0.180199951
v -0.0164999962 0.0522999987 0.0575000457
v -0.0198000073 0.0575000271 0.0562000647
v -0.0188000202 0.0495000109 0.0677000657
v -0.0194000006 0.0499000177 0.190599948
v -0.0175999999 0.0420000106 0.201799959
v -0.0144000063 0.0459000021 0.200399965
v -0.0155000091 0.0447999984 0.0686000362
v -0.0188000202 0.0495000109 0.0677000657
v -0.0174000263 0.041800037 0.0797000378
v -0.016200006 0.0544000491 0.189099997
v -0.0144000063 0.0459000021 0.200399965
v -0.0111000007 0.0489000231 0.199299961
v -0.0207999945 0.0449000224 0.0794000477
v -0.0174000263 0.041800037 0.0797000378
v -0.0188000202 0.0495000109 0.0677000657
v -0.0130000208 0.0578000173 0.18779996
v -0.0151000023 0.0668000132 0.176399976
v -0.0181000233 0.0633000284 0.178299993
v -0.0220000148 0.0529000387 0.0672000498
v -0.0188000202 0.0495000109 0.0677000657
v -0.0198000073 0.0575000271 0.0562000647
v -0.0275999904 0.056599997 0.171200007
v -0.0307000279 0.0615999922 0.158600003
v -0.0328999758 0.0495000109 0.157799989
v -0.0120999906 0.0416000113 0.033500053
v -0.0134999799 0.0538000092 0.0339000672
v -0.0130000208 0.0498000011 0.0472000651
v -0.0309000015 0.0456000194 0.171599954
v -0.0292000175 0.0413000211 0.183499962
v -0.0253000259 0.0506000072 0.182300001
v -0.0101000099 0.0387000069 0.0475000553
v -0.0130000208 0.0498000011 0.0472000651
v -0.0122000007 0.0447000489 0.0589000359
v -0.0275999904 0.056599997 0.171200007
v -0.0253000259 0.0506000072 0.182300001
v -0.0210999846 0.0581000075 0.180199951
v -0.0164999962 0.0522999987 0.0575000457
v -0.0122000007 0.0447000489 0.0589000359
v -0.0130000208 0.0498000011 0.0472000651
v -0.0241000056 0.0657000169 0.169799954
v -0.0275999904 0.0716999918 0.158299953
v -0.0307000279 0.0615999922 0.158600003
v -0.0163999796 0.0590000376 0.0462000147
v -0.0130000208 0.0498000011 0.0472000651
v -0.0134999799 0.0538000092 0.0339000672
v -0.0232999921 0.0438000187 0.192699999
v -0.0253000259 0.0506000072 0.182300001
v -0.0292000175 0.0413000211 0.183499962
v -0.00840003043 0.0353000388 0.0597000569
v -0.0122000007 0.0447000489 0.0589000359
v -0.0113000302 0.0387000069 0.0700000376
v -0.0274000168 0.0359000117 0.194599956
v -0.024600029 0.0303000286 0.205799967
v -0.0210000277 0.0368999913 0.20359996
v -0.0070999898 0.0307000503 0.0711000338
v -0.0113000302 0.0387000069 0.0700000376
v -0.0105000203 0.0327000171 0.0816000476
v -0.0232999921 0.0438000187 0.192699999
v -0.0210000277 0.0368999913 0.20359996
v -0.0175999999 0.0420000106 0.201799959
v -0.0141999722 0.0378000289 0.0804000273
v -0.0105000203 0.0327000171 0.0816000476
v -0.0113000302 0.0387000069 0.0700000376
v -0.0194000006 0.0499000177 0.190599948
v -0.0210999846 0.0581000075 0.180199951
v -0.0253000259 0.0506000072 0.182300001
v -0.0155000091 0.0447999984 0.0686000362
v -0.0113000302 0.0387000069 0.0700000376
v -0.0122000007 0.0447000489 0.0589000359
v 0.0680000111 0.0221000016 0.178499967
v 0.0713000298 0.0122001022 0.177599996
v 0.0699999928 0.0154000968 0.162299961
v -0.103399992 0.0213999972 0.084500052
v -0.106500022 0.0241001025 0.0698000565
v -0.110400021 0.0138000995 0.0702000633
v 0.0667999908 0.0258001015 0.163799971
v 0.0699999928 0.0154000968 0.162299961
v 0.0669000074 0.0188001022 0.147100002
v -0.111699991 0.0161001012 0.0544000641
v -0.110400021 0.0138000995 0.0702000633
v -0.106500022 0.0241001025 0.0698000565
v 0.0640000105 0.0298000202 0.149299949
v 0.0602999926 0.039600037 0.15169999
v 0.0619999692 0.0348000079 0.165699989
v -0.10799998 0.0270000994 0.0549000241
v -0.106500022 0.0241001025 0.0698000565
v -0.101000011 0.0328999981 0.0696000233
v 0.0667999908 0.0258001015 0.163799971
v 0.0619999692 0.0348000079 0.165699989
v 0.0628999993 0.0304000005 0.179699987
v -0.0979999825 0.0294000059 0.0835000649
v -0.101000011 0.0328999981 0.0696000233
v -0.106500022 0.0241001025 0.0698000565
v 0.0640000105 0.0298000202 0.149299949
v 0.0669000074 0.0188001022 0.147100002
v 0.0625 0.0212000981 0.13289997
v -0.10799998 0.0270000994 0.0549000241
v -0.10839998 0.0294000059 0.0407000482
v -0.111599982 0.0173000991 0.0395000279
v 0.0625 0.0212000981 0.13289997
v 0.0570999905 0.0235999972 0.118999988
v 0.0561000109 0.0364999995 0.122299999
v -0.111599982 0.0173000991 0.0395000279
v -0.10839998 0.0294000059 0.0407000482
v -0.10799998 0.0314999968 0.0263000503
v 0.0561000109 0.0364999995 0.122299999
v 0.0527999997 0.0482000262 0.125799984
v 0.056900017 0.0443000421 0.138999969
v -0.10799998 0.0314999968 0.0263000503
v -0.10839998 0.0294000059 0.0407000482
v -0.103699982 0.0404000506 0.0419000089
v 0.0605000183 0.0332999974 0.135799974
v 0.056900017 0.0443000421 0.138999969
v 0.0602999926 0.039600037 0.15169999
v -0.103299968 0.0367000327 0.0554000549
v -0.103699982 0.0404000506 0.0419000089
v -0.10839998 0.0294000059 0.0407000482
v 0.0706000328 0.00180010498 0.176799983
v 0.0666999817 -0.00649990141 0.177300006
v 0.0653999969 -0.00419990718 0.161500007
v -0.107200019 0.00120009482 0.0852000564
v -0.110499971 0.00290009379 0.0699000135
v -0.106899969 -0.00599990785 0.0696000159
v 0.069499962 0.00460010022 0.16139999
v 0.0653999969 -0.00419990718 0.161500007
v 0.0627000332 -0.00109989941 0.145899966
v -0.108799994 -0.0040999949 0.0537
v -0.106899969 -0.00599990785 0.0696000159
v -0.110499971 0.00290009379 0.0699000135
v 0.0662000105 0.00779999793 0.145899981
v 0.0669000074 0.0188001022 0.147100002
v 0.0699999928 0.0154000968 0.162299961
v -0.111899972 0.00500009954 0.0539000444
v -0.110499971 0.00290009379 0.0699000135
v -0.110400021 0.0138000995 0.0702000633
v 0.069499962 0.00460010022 0.16139999
v 0.0699999928 0.0154000968 0.162299961
v 0.0713000298 0.0122001022 0.177599996
v -0.107299984 0.0116999969 0.0854000226
v -0.110400021 0.0138000995 0.0702000633
v -0.110499971 0.00290009379 0.0699000135
v 0.0662000105 0.00779999793 0.145899981
v 0.0627000332 -0.00109989941 0.145899966
v 0.0572999716 0.0015000999 0.131399959
v -0.111899972 0.00500009954 0.0539000444
v -0.111400001 0.00599999726 0.0385000408
v -0.107799999 -0.00269989669 0.0380000249
v 0.0572999716 0.0015000999 0.131399959
v 0.0511000082 0.00400009751 0.116999954
v 0.0552999899 0.0123000965 0.117199987
v -0.107799999 -0.00269989669 0.0380000249
v -0.111400001 0.00599999726 0.0385000408
v -0.1096 0.00700009614 0.0231000483
v 0.0613999888 0.0101000965 0.131300002
v 0.0552999899 0.0123000965 0.117199987
v 0.0570999905 0.0235999972 0.118999988
v -0.110400021 0.0184000954 0.0244000331
v -0.1096 0.00700009614 0.0231000483
v -0.111400001 0.00599999726 0.0385000408
v 0.0613999888 0.0101000965 0.131300002
v 0.0625 0.0212000981 0.13289997
v 0.0669000074 0.0188001022 0.147100002
v -0.111699991 0.0161001012 0.0544000641
v -0.111599982 0.0173000991 0.0395000279
v -0.111400001 0.00599999726 0.0385000408
v -0.0335999727 0.0378000289 0.155499965
v -0.032400012 0.0253999978 0.152199954
v -0.0332999825 0.0222001001 0.167600006
v -0.0126000103 0.0296999961 0.0319000185
v -0.00880003069 0.027300097 0.046300035
v -0.00980002061 0.0150000975 0.0448000208
v -0.0332999825 0.0222001001 0.167600006
v -0.0337999985 0.0187001005 0.181099981
v -0.0325000286 0.0306000262 0.182899982
v -0.00980002061 0.0150000975 0.0448000208
v -0.00880003069 0.027300097 0.046300035
v -0.00590003096 0.0244001001 0.0590000562
v -0.033100009 0.0344000086 0.170100003
v -0.0325000286 0.0306000262 0.182899982
v -0.0292000175 0.0413000211 0.183499962
v -0.00840003043 0.0353000388 0.0597000569
v -0.00590003096 0.0244001001 0.0590000562
v -0.00880003069 0.027300097 0.046300035
v -0.0309000015 0.0456000194 0.171599954
v -0.0328999758 0.0495000109 0.157799989
v -0.0335999727 0.0378000289 0.155499965
v -0.0101000099 0.0387000069 0.0475000553
v -0.00880003069 0.027300097 0.046300035
v -0.0126000103 0.0296999961 0.0319000185
v -0.0310999751 0.0260000899 0.195199996
v -0.0325000286 0.0306000262 0.182899982
v -0.0337999985 0.0187001005 0.181099981
v -0.00559998117 0.0123000965 0.0579000451
v -0.00590003096 0.0244001001 0.0590000562
v -0.00379998051 0.0206000954 0.071500048
v -0.033100009 0.0147000924 0.194999963
v -0.0303999782 0.0113000944 0.209199995
v -0.0282999873 0.0213999897 0.207800001
v -0.00230002962 0.00930009782 0.0716000497
v -0.00379998051 0.0206000954 0.071500048
v -0.00290000997 0.0170001015 0.0846000165
v -0.0310999751 0.0260000899 0.195199996
v -0.0282999873 0.0213999897 0.207800001
v -0.024600029 0.0303000286 0.205799967
v -0.00669998117 0.0260000974 0.0831000507
v -0.00290000997 0.0170001015 0.0846000165
v -0.00379998051 0.0206000954 0.071500048
v -0.0274000168 0.0359000117 0.194599956
v -0.0292000175 0.0413000211 0.183499962
v -0.0325000286 0.0306000262 0.182899982
v -0.0070999898 0.0307000503 0.0711000338
v -0.00379998051 0.0206000954 0.071500048
v -0.00590003096 0.0244001001 0.0590000562
v -0.0291000009 0.0113001019 0.149199992
v -0.0241000056 0.000300094485 0.146599978
v -0.0271999836 -0.00249990821 0.163199976
v -0.0196999907 0.00320009887 0.0293000117
v -0.0129000004 0.00120009482 0.0442000404
v -0.0178999901 -0.0094999969 0.0443000495
v -0.0314000249 0.00840009749 0.165299982
v -0.0271999836 -0.00249990821 0.163199976
v -0.0286999941 -0.00459989905 0.177699953
v -0.0123000201 -0.0107998997 0.0578000322
v -0.0178999901 -0.0094999969 0.0443000495
v -0.0129000004 0.00120009482 0.0442000404
v -0.0314000249 0.00840009749 0.165299982
v -0.0328000188 0.00559999794 0.179599971
v -0.0337999985 0.0187001005 0.181099981
v -0.00559998117 0.0123000965 0.0579000451
v -0.00739997998 -0.000799894333 0.0576000512
v -0.0129000004 0.00120009482 0.0442000404
v -0.0314000249 0.00840009749 0.165299982
v -0.0332999825 0.0222001001 0.167600006
v -0.032400012 0.0253999978 0.152199954
v -0.0151000023 0.0172000974 0.0301000178
v -0.00980002061 0.0150000975 0.0448000208
v -0.0129000004 0.00120009482 0.0442000404
v -0.0328000188 0.00559999794 0.179599971
v -0.0286999941 -0.00459989905 0.177699953
v -0.0282999873 -0.00609989464 0.192599982
v -0.00739997998 -0.000799894333 0.0576000512
v -0.00379998051 -0.00239990652 0.0721000209
v -0.00840003043 -0.011399895 0.0723000467
v -0.0321999788 0.00300009549 0.194299966
v -0.0282999873 -0.00609989464 0.192599982
v -0.0260999799 -0.00699999928 0.207899988
v -0.00610000081 -0.0110999048 0.0876000375
v -0.00840003043 -0.011399895 0.0723000467
v -0.00379998051 -0.00239990652 0.0721000209
v -0.0321999788 0.00300009549 0.194299966
v -0.0299999714 0.00100010633 0.209099993
v -0.0303999782 0.0113000944 0.209199995
v -0.000899979845 0.0069001019 0.0862000287
v -0.00169998966 -0.00329990685 0.0870000571
v -0.00379998051 -0.00239990652 0.0721000209
v -0.033100009 0.0147000924 0.194999963
v -0.0337999985 0.0187001005 0.181099981
v -0.0328000188 0.00559999794 0.179599971
v -0.00230002962 0.00930009782 0.0716000497
v -0.00379998051 -0.00239990652 0.0721000209
v -0.00739997998 -0.000799894333 0.0576000512
v 0.0491999909 0.0274999887 0.229299992
v 0.0521000028 0.0249000937 0.229999989
v 0.0536999702 0.0274999887 0.218499988
v -0.0703999847 0.0290000066 0.127099961
v -0.0744000003 0.0312000066 0.116899997
v -0.0778999925 0.0285999998 0.118099958
v 0.0501999781 0.0303999931 0.218499988
v 0.0536999702 0.0274999887 0.218499988
v 0.0541999862 0.030900009 0.205499977
v -0.0820999742 0.0310999975 0.10550002
v -0.0778999925 0.0285999998 0.118099958
v -0.0744000003 0.0312000066 0.116899997
v 0.0503000021 0.0339999944 0.206099957
v 0.0458999798 0.036499992 0.206899971
v 0.0462999865 0.0324000195 0.218999982
v -0.0781000257 0.0340000018 0.104800023
v -0.0744000003 0.0312000066 0.116899997
v -0.0705000088 0.0330000073 0.116099983
v 0.0501999781 0.0303999931 0.218499988
v 0.0462999865 0.0324000195 0.218999982
v 0.0465000197 0.0295000225 0.227099985
v -0.0684000254 0.0307000503 0.1241
v -0.0705000088 0.0330000073 0.116099983
v -0.0744000003 0.0312000066 0.116899997
v 0.0503000021 0.0339999944 0.206099957
v 0.0541999862 0.030900009 0.205499977
v 0.053899996 0.0346999913 0.19419995
v -0.0781000257 0.0340000018 0.104800023
v -0.0807999894 0.037199989 0.0940000266
v -0.0849999711 0.0342000276 0.0944000259
v 0.0500000119 0.0378999785 0.195199996
v 0.053899996 0.0346999913 0.19419995
v 0.0537999794 0.039600037 0.182300001
v -0.0881999731 0.0383000001 0.0826000348
v -0.0849999711 0.0342000276 0.0944000259
v -0.0807999894 0.037199989 0.0940000266
v 0.0497000217 0.0432999879 0.183899969
v 0.0452999994 0.0463000089 0.185299963
v 0.045400016 0.0406000093 0.196499974
v -0.0835999846 0.041800037 0.0827000588
v -0.0807999894 0.037199989 0.0940000266
v -0.0759000108 0.0397000462 0.0937000364
v 0.0500000119 0.0378999785 0.195199996
v 0.045400016 0.0406000093 0.196499974
v 0.0458999798 0.036499992 0.206899971
v -0.0734999701 0.0363000184 0.104100026
v -0.0759000108 0.0397000462 0.0937000364
v -0.0807999894 0.037199989 0.0940000266
v 0.0544999763 0.0220999941 0.230499983
v 0.0569999814 0.018400088 0.230799988
v 0.0594999716 0.0205000937 0.218099982
v -0.0753999949 0.0239000022 0.130199999
v -0.0809999704 0.0256000981 0.118999988
v -0.0838000104 0.0219001025 0.119899951
v 0.0568000004 0.0245000944 0.218299985
v 0.0594999716 0.0205000937 0.218099982
v 0.0609999821 0.0234000906 0.2042
v -0.0892000124 0.0239000022 0.106900007
v -0.0838000104 0.0219001025 0.119899951
v -0.0809999704 0.0256000981 0.118999988
v 0.0574999973 0.0277000889 0.204699963
v 0.0541999862 0.030900009 0.205499977
v 0.0536999702 0.0274999887 0.218499988
v -0.0855000019 0.0281000957 0.106000036
v -0.0809999704 0.0256000981 0.118999988
v -0.0778999925 0.0285999998 0.118099958
v 0.0568000004 0.0245000944 0.218299985
v 0.0536999702 0.0274999887 0.218499988
v 0.0521000028 0.0249000937 0.229999989
v -0.0730999708 0.0266001001 0.128800005
v -0.0778999925 0.0285999998 0.118099958
v -0.0809999704 0.0256000981 0.118999988
v 0.0574999973 0.0277000889 0.204699963
v 0.0609999821 0.0234000906 0.2042
v 0.0619999692 0.0266001001 0.192099959
v -0.0855000019 0.0281000957 0.106000036
v -0.0891000032 0.0310000405 0.0946000069
v -0.0935999677 0.0263999999 0.095400013
v 0.0577999875 0.0313000306 0.192999989
v 0.0619999692 0.0266001001 0.192099959
v 0.0628999993 0.0304000005 0.179699987
v -0.0979999825 0.0294000059 0.0835000649
v -0.0935999677 0.0263999999 0.095400013
v -0.0891000032 0.0310000405 0.0946000069
v 0.0582000017 0.0358000025 0.180999964
v 0.0537999794 0.039600037 0.182300001
v 0.053899996 0.0346999913 0.19419995
v -0.0928999707 0.0346000418 0.082900025
v -0.0891000032 0.0310000405 0.0946000069
v -0.0849999711 0.0342000276 0.0944000259
v 0.0577999875 0.0313000306 0.192999989
v 0.053899996 0.0346999913 0.19419995
v 0.0541999862 0.030900009 0.205499977
v -0.0820999742 0.0310999975 0.10550002
v -0.0849999711 0.0342000276 0.0944000259
v -0.0891000032 0.0310000405 0.0946000069
v -0.0116000203 0.0393000394 0.211099982
v -0.0144000063 0.0459000021 0.200399965
v -0.0175999999 0.0420000106 0.201799959
v -0.0141999722 0.0378000289 0.0804000273
v -0.0174000263 0.041800037 0.0797000378
v -0.0173000097 0.0360000283 0.0913000405
v -0.0145000219 0.0353999808 0.213099986
v -0.0105000203 0.0303999931 0.224999994
v -0.00789999962 0.0342000201 0.222199991
v -0.0139999995 0.0321000367 0.0926000252
v -0.0173000097 0.0360000283 0.0913000405
v -0.0177999735 0.031900011 0.103300005
v -0.0116000203 0.0393000394 0.211099982
v -0.00789999962 0.0342000201 0.222199991
v -0.00470001064 0.0371999815 0.219599992
v -0.0213999748 0.034900032 0.101500012
v -0.0177999735 0.031900011 0.103300005
v -0.0173000097 0.0360000283 0.0913000405
v -0.00819999073 0.0423000008 0.209399998
v -0.0111000007 0.0489000231 0.199299961
v -0.0144000063 0.0459000021 0.200399965
v -0.0209000111 0.0391000062 0.0904000178
v -0.0173000097 0.0360000283 0.0913000405
v -0.0174000263 0.041800037 0.0797000378
v -0.00279998966 0.0305000097 0.234200001
v -0.00789999962 0.0342000201 0.222199991
v -0.0105000203 0.0303999931 0.224999994
v -0.0145999789 0.0282000974 0.105500013
v -0.0177999735 0.031900011 0.103300005
v -0.019299984 0.0292000398 0.11649999
v -0.00470001064 0.0274000913 0.237300009
v 0.00199997053 0.025699988 0.246399999
v 0.00260001048 0.0281000882 0.243299991
v -0.0166000128 0.0263001025 0.119199961
v -0.019299984 0.0292000398 0.11649999
v -0.0217999816 0.0277000964 0.127000004
v -0.00279998966 0.0305000097 0.234200001
v 0.00260001048 0.0281000882 0.243299991
v 0.0033000093 0.0301000029 0.238999993
v -0.0236999989 0.0296000466 0.122899972
v -0.0217999816 0.0277000964 0.127000004
v -0.019299984 0.0292000398 0.11649999
v -0.000199981034 0.0328000337 0.231399983
v -0.00470001064 0.0371999815 0.219599992
v -0.00789999962 0.0342000201 0.222199991
v -0.0224999785 0.0316000208 0.114399999
v -0.019299984 0.0292000398 0.11649999
v -0.0177999735 0.031900011 0.103300005
v -0.0175999999 0.0307999998 0.215199992
v -0.0210000277 0.0368999913 0.20359996
v -0.024600029 0.0303000286 0.205799967
v -0.00669998117 0.0260000974 0.0831000507
v -0.0105000203 0.0327000171 0.0816000476
v -0.0105999801 0.0274999961 0.0941000357
v -0.0206999779 0.0251000896 0.217799991
v -0.0149999866 0.0213000923 0.230299994
v -0.0129000004 0.026300095 0.227599993
v -0.0070999898 0.0217999965 0.0962000266
v -0.0105999801 0.0274999961 0.0941000357
v -0.0116000203 0.0240001008 0.10769999
v -0.0175999999 0.0307999998 0.215199992
v -0.0129000004 0.026300095 0.227599993
v -0.0105000203 0.0303999931 0.224999994
v -0.0145999789 0.0282000974 0.105500013
v -0.0116000203 0.0240001008 0.10769999
v -0.0105999801 0.0274999961 0.0941000357
v -0.0145000219 0.0353999808 0.213099986
v -0.0175999999 0.0420000106 0.201799959
v -0.0210000277 0.0368999913 0.20359996
v -0.0139999995 0.0321000367 0.0926000252
v -0.0105999801 0.0274999961 0.0941000357
v -0.0105000203 0.0327000171 0.0816000476
v -0.00599998981 0.024100095 0.239800006
v -0.0129000004 0.026300095 0.227599993
v -0.0149999866 0.0213000923 0.230299994
v -0.00900000986 0.0192001015 0.109999985
v -0.0116000203 0.0240001008 0.10769999
v -0.0148000121 0.0230000988 0.121499985
v -0.00739997998 0.0199999884 0.242300004
v 0.000699989498 0.0198000893 0.25150001
v 0.00150001049 0.0231999904 0.249000013
v -0.0127999801 0.0190000981 0.123699993
v -0.0148000121 0.0230000988 0.121499985
v -0.019200027 0.0231999978 0.132499963
v -0.00599998981 0.024100095 0.239800006
v 0.00150001049 0.0231999904 0.249000013
v 0.00199997053 0.025699988 0.246399999
v -0.0203999877 0.0256000981 0.129899949
v -0.019200027 0.0231999978 0.132499963
v -0.0148000121 0.0230000988 0.121499985
v -0.00470001064 0.0274000913 0.237300009
v -0.0105000203 0.0303999931 0.224999994
v -0.0129000004 0.026300095 0.227599993
v -0.0166000128 0.0263001025 0.119199961
v -0.0148000121 0.0230000988 0.121499985
v -0.0116000203 0.0240001008 0.10769999
v 0.0627999902 0.0151000917 0.218099982
v 0.0594999716 0.0136000887 0.23089999
v 0.0612000227 0.00739999115 0.230599999
v -0.0822999999 0.00970009714 0.133299977
v -0.0802999735 0.0158000961 0.132699996
v -0.0871999785 0.0167000964 0.121299952
v 0.0627999902 0.0151000917 0.218099982
v 0.0651999712 0.00830008835 0.218199998
v 0.0681999922 0.00940009207 0.204600006
v -0.096499972 0.0105000958 0.110399991
v -0.0896999836 0.0100001022 0.122599982
v -0.0871999785 0.0167000964 0.121299952
v 0.0649999902 0.0170999914 0.204299957
v 0.0609999821 0.0234000906 0.2042
v 0.0594999716 0.0205000937 0.218099982
v -0.0932999775 0.0179001018 0.108599991
v -0.0871999785 0.0167000964 0.121299952
v -0.0838000104 0.0219001025 0.119899951
v 0.0627999902 0.0151000917 0.218099982
v 0.0594999716 0.0205000937 0.218099982
v 0.0569999814 0.018400088 0.230799988
v -0.0777999759 0.0205001011 0.131499976
v -0.0838000104 0.0219001025 0.119899951
v -0.0871999785 0.0167000964 0.121299952
v 0.0649999902 0.0170999914 0.204299957
v 0.0681999922 0.00940009207 0.204600006
v 0.0703999922 0.0105000958 0.191399962
v -0.0932999775 0.0179001018 0.108599991
v -0.0989000127 0.0195000991 0.0970000476
v -0.102500021 0.0108001009 0.0984000266
v 0.0671999976 0.0194000974 0.191599995
v 0.0703999922 0.0105000958 0.191399962
v 0.0713000298 0.0122001022 0.177599996
v -0.107299984 0.0116999969 0.0854000226
v -0.102500021 0.0108001009 0.0984000266
v -0.0989000127 0.0195000991 0.0970000476
v 0.0680000111 0.0221000016 0.178499967
v 0.0628999993 0.0304000005 0.179699987
v 0.0619999692 0.0266001001 0.192099959
v -0.103399992 0.0213999972 0.084500052
v -0.0989000127 0.0195000991 0.0970000476
v -0.0935999677 0.0263999999 0.095400013
v 0.0671999976 0.0194000974 0.191599995
v 0.0619999692 0.0266001001 0.192099959
v 0.0609999821 0.0234000906 0.2042
v -0.0892000124 0.0239000022 0.106900007
v -0.0935999677 0.0263999999 0.095400013
v -0.0989000127 0.0195000991 0.0970000476
v 0.0608999729 -0.000399902463 0.229999989
v 0.0598999783 -0.00509990752 0.228899986
v 0.0622000098 -0.00649990141 0.220499992
v -0.0824000239 0.00190009177 0.133299977
v -0.0895999596 0.00200000405 0.123299986
v -0.0867000222 -0.00469990075 0.125099987
v 0.064899981 0.000300094485 0.218400002
v 0.0622000098 -0.00649990141 0.220499992
v 0.0648000166 -0.00629989803 0.207599968
v -0.0928999707 -0.005299896 0.113499969
v -0.0867000222 -0.00469990075 0.125099987
v -0.0895999596 0.00200000405 0.123299986
v 0.0680000111 0.000900000334 0.205300003
v 0.0681999922 0.00940009207 0.204600006
v 0.0651999712 0.00830008835 0.218199998
v -0.0964000225 0.00200000405 0.111699969
v -0.0895999596 0.00200000405 0.123299986
v -0.0896999836 0.0100001022 0.122599982
v 0.064899981 0.000300094485 0.218400002
v 0.0651999712 0.00830008835 0.218199998
v 0.0612000227 0.00739999115 0.230599999
v -0.0822999999 0.00970009714 0.133299977
v -0.0896999836 0.0100001022 0.122599982
v -0.0895999596 0.00200000405 0.123299986
v 0.0680000111 0.000900000334 0.205300003
v 0.0648000166 -0.00629989803 0.207599968
v 0.0662000105 -0.00679990649 0.192999989
v -0.0964000225 0.00200000405 0.111699969
v -0.102399997 0.0012999922 0.0991000235
v -0.0986000225 -0.00660000741 0.099999994
v 0.0699999928 0.00100010633 0.191399962
v 0.0662000105 -0.00679990649 0.192999989
v 0.0666999817 -0.00649990141 0.177300006
v -0.103699982 -0.00730000436 0.0852000564
v -0.0986000225 -0.00660000741 0.099999994
v -0.102399997 0.0012999922 0.0991000235
v 0.0706000328 0.00180010498 0.176799983
v 0.0713000298 0.0122001022 0.177599996
v 0.0703999922 0.0105000958 0.191399962
v -0.107200019 0.00120009482 0.0852000564
v -0.102399997 0.0012999922 0.0991000235
v -0.102500021 0.0108001009 0.0984000266
v 0.0699999928 0.00100010633 0.191399962
v 0.0703999922 0.0105000958 0.191399962
v 0.0681999922 0.00940009207 0.204600006
v -0.096499972 0.0105000958 0.110399991
v -0.102500021 0.0108001009 0.0984000266
v -0.102399997 0.0012999922 0.0991000235
v -0.0235999823 0.017700091 0.220999986
v -0.0282999873 0.0213999897 0.207800001
v -0.0303999782 0.0113000944 0.209199995
v -0.000899979845 0.0069001019 0.0862000287
v -0.00290000997 0.0170001015 0.0846000165
v -0.00370001979 0.0145000964 0.0988999903
v -0.0253999829 0.00919999182 0.223399997
v -0.018599987 0.0082000941 0.236299992
v -0.0171999931 0.0152999908 0.233700007
v -0.00160003081 0.00599999726 0.101300031
v -0.00370001979 0.0145000964 0.0988999903
v -0.00610000081 0.0133000985 0.113000005
v -0.0235999823 0.017700091 0.220999986
v -0.0171999931 0.0152999908 0.233700007
v -0.0149999866 0.0213000923 0.230299994
v -0.00900000986 0.0192001015 0.109999985
v -0.00610000081 0.0133000985 0.113000005
v -0.00370001979 0.0145000964 0.0988999903
v -0.0206999779 0.0251000896 0.217799991
v -0.024600029 0.0303000286 0.205799967
v -0.0282999873 0.0213999897 0.207800001
v -0.0070999898 0.0217999965 0.0962000266
v -0.00370001979 0.0145000964 0.0988999903
v -0.00290000997 0.0170001015 0.0846000165
v -0.00930000003 0.014500089 0.245099992
v -0.0171999931 0.0152999908 0.233700007
v -0.018599987 0.0082000941 0.236299992
v -0.00440002047 0.00630000234 0.115699977
v -0.00610000081 0.0133000985 0.113000005
v -0.0104 0.0137000978 0.126300007
v -0.0105999801 0.00790008903 0.247299999
v -0.00220001116 0.00770009309 0.255299985
v -0.000899979845 0.0144000947 0.253800005
v -0.00870002061 0.00710009784 0.128499955
v -0.0104 0.0137000978 0.126300007
v -0.0159000158 0.0145000964 0.136999995
v -0.00930000003 0.014500089 0.245099992
v -0.000899979845 0.0144000947 0.253800005
v 0.000699989498 0.0198000893 0.25150001
v -0.0178999901 0.0199000984 0.134799987
v -0.0159000158 0.0145000964 0.136999995
v -0.0104 0.0137000978 0.126300007
v -0.00739997998 0.0199999884 0.242300004
v -0.0149999866 0.0213000923 0.230299994
v -0.0171999931 0.0152999908 0.233700007
v -0.0127999801 0.0190000981 0.123699993
v -0.0104 0.0137000978 0.126300007
v -0.00610000081 0.0133000985 0.113000005
v -0.0249000192 0.000100106001 0.2236
v -0.0299999714 0.00100010633 0.209099993
v -0.0260999799 -0.00699999928 0.207899988
v -0.00610000081 -0.0110999048 0.0876000375
v -0.00169998966 -0.00329990685 0.0870000571
v -0.00230002962 -0.00300000608 0.102400035
v -0.0210000277 -0.00719989836 0.2227
v -0.0146999964 -0.00679990649 0.236200005
v -0.0182999969 1.04308128e-07 0.236900002
v -0.00660002977 -0.00999990106 0.103200048
v -0.00230002962 -0.00300000608 0.102400035
v -0.00480003096 -0.00179989636 0.116899997
v -0.0249000192 0.000100106001 0.2236
v -0.0182999969 1.04308128e-07 0.236900002
v -0.018599987 0.0082000941 0.236299992
v -0.00440002047 0.00630000234 0.115699977
v -0.00480003096 -0.00179989636 0.116899997
v -0.00230002962 -0.00300000608 0.102400035
v -0.0253999829 0.00919999182 0.223399997
v -0.0303999782 0.0113000944 0.209199995
v -0.0299999714 0.00100010633 0.209099993
v -0.00160003081 0.00599999726 0.101300031
v -0.00230002962 -0.00300000608 0.102400035
v -0.00169998966 -0.00329990685 0.0870000571
v -0.0105000203 0.000200003386 0.247599989
v -0.0182999969 1.04308128e-07 0.236900002
v -0.0146999964 -0.00679990649 0.236200005
v -0.00860000029 -0.00849990547 0.117899984
v -0.00480003096 -0.00179989636 0.116899997
v -0.00900000986 -0.000499993563 0.129500002
v -0.0105000203 0.000200003386 0.247599989
v -0.00760000944 -0.00609989464 0.247399986
v -0.00190002099 -0.00419990718 0.253399998
v -0.0157999992 -0.0039999038 0.137799948
v -0.0120999906 -0.00660000741 0.130499989
v -0.00900000986 -0.000499993563 0.129500002
v -0.0105000203 0.000200003386 0.247599989
v -0.00230002962 0.000300094485 0.255400002
v -0.00220001116 0.00770009309 0.255299985
v -0.0144000063 0.00790009648 0.138599962
v -0.0145999789 0.000599995255 0.139200002
v -0.00900000986 -0.000499993563 0.129500002
v -0.0105999801 0.00790008903 0.247299999
v -0.018599987 0.0082000941 0.236299992
v -0.0182999969 1.04308128e-07 0.236900002
v -0.00870002061 0.00710009784 0.128499955
v -0.00900000986 -0.000499993563 0.129500002
v -0.00480003096 -0.00179989636 0.116899997
v 0.0278000198 0.0694000274 0.0418000668
v 0.0335000083 0.0668000281 0.0646000206
v 0.0325000212 0.0587000474 0.0614000335
v -0.102500021 0.0484000146 -0.0407999083
v -0.102399997 0.0568000376 -0.0387000069
v -0.102900021 0.0581000149 -0.063000001
v 0.0264999792 0.0611000285 0.0386000723
v 0.0130000114 0.0633000284 0.0227000564
v 0.0148000084 0.072900027 0.0244000405
v -0.103200011 0.0493000448 -0.0649000034
v -0.102900021 0.0581000149 -0.063000001
v -0.0950000212 0.0593000352 -0.0829999968
v 0.0278000198 0.0694000274 0.0418000668
v 0.0148000084 0.072900027 0.0244000405
v 0.0153999887 0.0809999928 0.0264000073
v -0.0950000212 0.0593000352 -0.0829999968
v -0.102900021 0.0581000149 -0.063000001
v -0.101999991 0.065100044 -0.0615999028
v 0.0282000303 0.0763000548 0.044300057
v 0.0332000181 0.0727999955 0.0675000399
v 0.0335000083 0.0668000281 0.0646000206
v -0.101999991 0.065100044 -0.0615999028
v -0.102900021 0.0581000149 -0.063000001
v -0.102399997 0.0568000376 -0.0387000069
v -0.0544999801 0.070500046 0.0525000468
v -0.0552999899 0.0601999983 0.0488000363
v -0.0548999906 0.0571000203 0.0674000159
v -0.0212000012 0.0545000061 -0.0747000054
v -0.0163999796 0.051900059 -0.0560000017
v -0.0171999931 0.0421000347 -0.0598000064
v -0.0540999696 0.0666000545 0.0718000382
v -0.0548999906 0.0571000203 0.0674000159
v -0.0504999682 0.0546000227 0.0893000141
v -0.0152000189 0.0413000286 -0.0373999998
v -0.0171999931 0.0421000347 -0.0598000064
v -0.0163999796 0.051900059 -0.0560000017
v -0.0500000119 0.0640000254 0.0934000388
v -0.0483999811 0.0715000182 0.0962000266
v -0.0519999787 0.074900046 0.0750000253
v -0.0141000152 0.0508000553 -0.0340000018
v -0.0163999796 0.051900059 -0.0560000017
v -0.0170000196 0.0603000149 -0.0528000072
v -0.0540999696 0.0666000545 0.0718000382
v -0.0519999787 0.074900046 0.0750000253
v -0.0522000119 0.0802999884 0.0556000248
v -0.0220000148 0.0644000471 -0.071800001
v -0.0170000196 0.0603000149 -0.0528000072
v -0.0163999796 0.051900059 -0.0560000017
v 0.0174999796 0.0271001011 0.0338000432
v 0.0267999694 0.0242000967 0.0547000542
v 0.0231000111 0.0152001008 0.0551000647
v -0.0968999788 0.00410010666 -0.0457000062
v -0.10019999 0.0132001042 -0.0457000062
v -0.097299993 0.0142000094 -0.0686000064
v 0.0174999796 0.0271001011 0.0338000432
v 0.0139999911 0.0188001022 0.0338000432
v 0.00690000877 0.0230001062 0.0208000317
v -0.09109997 0.00870011002 -0.0836999938
v -0.0943000317 0.00580010563 -0.0688999966
v -0.097299993 0.0142000094 -0.0686000064
v 0.0174999796 0.0271001011 0.0338000432
v 0.00700001977 0.0293000042 0.0169000402
v 0.00910001993 0.0398000181 0.0178000107
v -0.0935999677 0.0254000053 -0.0872999951
v -0.0921999812 0.0147001073 -0.0879000053
v -0.097299993 0.0142000094 -0.0686000064
v 0.0202000104 0.0382000357 0.0341000333
v 0.029399991 0.0359000191 0.0552000143
v 0.0267999694 0.0242000967 0.0547000542
v -0.0995000005 0.0255001038 -0.068400003
v -0.097299993 0.0142000094 -0.0686000064
v -0.10019999 0.0132001042 -0.0457000062
v 0.0236999914 0.050300017 0.0353000611
v 0.0109000206 0.0517000258 0.0200000182
v 0.0130000114 0.0633000284 0.0227000564
v -0.094799988 0.0493999943 -0.0835000053
v -0.0942000076 0.0375000462 -0.0854999945
v -0.101999991 0.0377000272 -0.0670999959
v 0.0264999792 0.0611000285 0.0386000723
v 0.0325000212 0.0587000474 0.0614000335
v 0.0309000015 0.0480000004 0.0579000451
v -0.103200011 0.0493000448 -0.0649000034
v -0.101999991 0.0377000272 -0.0670999959
v -0.102399997 0.0374000371 -0.043299906
v 0.0236999914 0.050300017 0.0353000611
v 0.0309000015 0.0480000004 0.0579000451
v 0.029399991 0.0359000191 0.0552000143
v -0.102100007 0.025000006 -0.0454000011
v -0.102399997 0.0374000371 -0.043299906
v -0.101999991 0.0377000272 -0.0670999959
v 0.0202000104 0.0382000357 0.0341000333
v 0.00910001993 0.0398000181 0.0178000107
v 0.0109000206 0.0517000258 0.0200000182
v -0.0995000005 0.0255001038 -0.068400003
v -0.101999991 0.0377000272 -0.0670999959
v -0.0942000076 0.0375000462 -0.0854999945
v -0.0548999906 0.0492000207 0.0449000373
v -0.0536000095 0.0378000289 0.0411000624
v -0.0509999916 0.034900032 0.0588000268
v -0.0242000222 0.0328000486 -0.0807000026
v -0.0199000239 0.0312000141 -0.0631000027
v -0.0242999792 0.01970011 -0.0651999041
v -0.0538999997 0.0464000255 0.06280002
v -0.0509999916 0.034900032 0.0588000268
v -0.0468000099 0.0318000466 0.0791000575
v -0.0224999785 0.0181001052 -0.0441999957
v -0.0242999792 0.01970011 -0.0651999041
v -0.0199000239 0.0312000141 -0.0631000027
v -0.049399972 0.0437000021 0.0841000453
v -0.0504999682 0.0546000227 0.0893000141
v -0.0548999906 0.0571000203 0.0674000159
v -0.0181000233 0.0301000178 -0.0412000045
v -0.0199000239 0.0312000141 -0.0631000027
v -0.0171999931 0.0421000347 -0.0598000064
v -0.0538999997 0.0464000255 0.06280002
v -0.0548999906 0.0571000203 0.0674000159
v -0.0552999899 0.0601999983 0.0488000363
v -0.0221999884 0.0440000594 -0.0777998939
v -0.0171999931 0.0421000347 -0.0598000064
v -0.0199000239 0.0312000141 -0.0631000027
v -0.0483000204 0.0235999972 0.0556000248
v -0.0519000217 0.0267001018 0.0385000408
v -0.0486999676 0.0199000984 0.0402000323
v -0.0325000286 0.00370010734 -0.0809999034
v -0.0296999812 0.0101001039 -0.0842000023
v -0.0282999873 0.00830010325 -0.0665000007
v -0.0483000204 0.0235999972 0.0556000248
v -0.04509997 0.0152001008 0.0527000241
v -0.0379999802 0.0116000995 0.0723000541
v -0.0335999727 -0.00199989974 -0.0467000082
v -0.032400012 1.1920929e-07 -0.0677000061
v -0.0282999873 0.00830010325 -0.0665000007
v -0.0425000116 0.0202000961 0.0752000511
v -0.0468000099 0.0318000466 0.0791000575
v -0.0509999916 0.034900032 0.0588000268
v -0.0282000303 0.00660010427 -0.0457999036
v -0.0282999873 0.00830010325 -0.0665000007
v -0.0242999792 0.01970011 -0.0651999041
v -0.0483000204 0.0235999972 0.0556000248
v -0.0509999916 0.034900032 0.0588000268
v -0.0536000095 0.0378000289 0.0411000624
v -0.0268999934 0.0213001072 -0.0829999968
v -0.0242999792 0.01970011 -0.0651999041
v -0.0282999873 0.00830010325 -0.0665000007
v 0.0419999883 0.068900004 0.131199986
v 0.0451999903 0.0639000088 0.129699975
v 0.0410000011 0.0684999973 0.117199987
v -0.0907999799 0.0635000095 0.0282000676
v -0.0911999866 0.067300044 0.015100047
v -0.0939000174 0.0621000156 0.0145000666
v 0.0410000011 0.0684999973 0.117199987
v 0.0381000005 0.0725000054 0.102300026
v 0.0364000201 0.077399984 0.104100026
v -0.0939000174 0.0621000156 0.0145000666
v -0.0911999866 0.067300044 0.015100047
v -0.0929999873 0.0700000077 0.000100001693
v 0.0388000011 0.0737000257 0.118799955
v 0.0364000201 0.077399984 0.104100026
v 0.0340999886 0.0822000057 0.106500007
v -0.0900000334 0.0748000443 0.00119999796
v -0.0929999873 0.0700000077 0.000100001693
v -0.0911999866 0.067300044 0.015100047
v 0.0388000011 0.0737000257 0.118799955
v 0.0361000299 0.0781999975 0.121099979
v 0.0386999808 0.0730999857 0.13319996
v -0.0868999884 0.0676000342 0.0288000479
v -0.0878000185 0.0717000067 0.0162000507
v -0.0911999866 0.067300044 0.015100047
v 0.0487999916 0.0569999963 0.127999991
v 0.0527999997 0.0482000262 0.125799984
v 0.0468999669 0.0522999987 0.113000013
v -0.0986000225 0.0519000515 0.0280000418
v -0.097199969 0.0552000031 0.014300026
v -0.10140001 0.0461000502 0.0136000365
v 0.0436999798 0.0615000278 0.115500003
v 0.0468999669 0.0522999987 0.113000013
v 0.0412999913 0.0555000454 0.0975000039
v -0.100599997 0.0480000079 -0.00320000201
v -0.10140001 0.0461000502 0.0136000365
v -0.097199969 0.0552000031 0.014300026
v 0.0398999974 0.0653000101 0.100300051
v 0.0381000005 0.0725000054 0.102300026
v 0.0410000011 0.0684999973 0.117199987
v -0.0979999825 0.0579000339 -0.00160000473
v -0.097199969 0.0552000031 0.014300026
v -0.0939000174 0.0621000156 0.0145000666
v 0.0436999798 0.0615000278 0.115500003
v 0.0410000011 0.0684999973 0.117199987
v 0.0451999903 0.0639000088 0.129699975
v -0.0944999978 0.0586000308 0.0280000418
v -0.0939000174 0.0621000156 0.0145000666
v -0.097199969 0.0552000031 0.014300026
v 0.0371000096 0.0666000545 0.0842000693
v 0.0398999974 0.0653000101 0.100300051
v 0.0412999913 0.0555000454 0.0975000039
v -0.100599997 0.0480000079 -0.00320000201
v -0.0979999825 0.0579000339 -0.00160000473
v -0.100399971 0.0581000149 -0.0185999945
v 0.0371999703 0.0578000173 0.0811000243
v 0.0325000212 0.0587000474 0.0614000335
v 0.0335000083 0.0668000281 0.0646000206
v -0.101499967 0.0490000546 -0.0204999968
v -0.100399971 0.0581000149 -0.0185999945
v -0.102399997 0.0568000376 -0.0387000069
v 0.0371000096 0.0666000545 0.0842000693
v 0.0335000083 0.0668000281 0.0646000206
v 0.0332000181 0.0727999955 0.0675000399
v -0.101099961 0.0630000457 -0.0369000062
v -0.102399997 0.0568000376 -0.0387000069
v -0.100399971 0.0581000149 -0.0185999945
v 0.0364999697 0.0734000355 0.0863000602
v 0.0381000005 0.0725000054 0.102300026
v 0.0398999974 0.0653000101 0.100300051
v -0.0986999795 0.0648000464 -0.0170000046
v -0.100399971 0.0581000149 -0.0185999945
v -0.0979999825 0.0579000339 -0.00160000473
v -0.0344999991 0.0822000057 0.130299956
v -0.0370000005 0.0762000307 0.128499955
v -0.0318000317 0.0754000247 0.144699961
v -0.0174999833 0.0722000226 0.00429999828
v -0.0178999901 0.072900027 0.0202000588
v -0.0159999728 0.0666000545 0.0193000287
v -0.0318000317 0.0754000247 0.144699961
v -0.0275999904 0.0716999918 0.158299953
v -0.0249999762 0.0775000006 0.157699972
v -0.0159999728 0.0666000545 0.0193000287
v -0.0178999901 0.072900027 0.0202000588
v -0.018599987 0.0699000061 0.0334000364
v -0.0295000076 0.0816000253 0.145399958
v -0.0249999762 0.0775000006 0.157699972
v -0.0220000148 0.0812000185 0.157199949
v -0.0214999914 0.0737000331 0.0335000604
v -0.018599987 0.0699000061 0.0334000364
v -0.0178999901 0.072900027 0.0202000588
v -0.0295000076 0.0816000253 0.145399958
v -0.0263000131 0.0860999972 0.146199971
v -0.0310999751 0.0880000144 0.132199973
v -0.0199999809 0.0783000216 0.00670000166
v -0.0205000043 0.0777000412 0.0215000287
v -0.0178999901 0.072900027 0.0202000588
v -0.0500000119 0.0640000254 0.0934000388
v -0.0504999682 0.0546000227 0.0893000141
v -0.0441999994 0.0550000295 0.108000018
v -0.0141000152 0.0508000553 -0.0340000018
v -0.0145000219 0.0536000356 -0.0155000016
v -0.0156000266 0.0432000458 -0.0177999064
v -0.0441999994 0.0653000101 0.111099988
v -0.0441999994 0.0550000295 0.108000018
v -0.0399000011 0.0551999956 0.125099987
v -0.0148000121 0.0448000059 -0.000299997628
v -0.0156000266 0.0432000458 -0.0177999064
v -0.0145000219 0.0536000356 -0.0155000016
v -0.038999971 0.0666999966 0.127599984
v -0.0370000005 0.0762000307 0.128499955
v -0.0428000018 0.0734000355 0.113000013
v -0.0145999789 0.0563000143 0.00160010159
v -0.0145000219 0.0536000356 -0.0155000016
v -0.0149999866 0.0618000254 -0.0138000026
v -0.0441999994 0.0653000101 0.111099988
v -0.0428000018 0.0734000355 0.113000013
v -0.0483999811 0.0715000182 0.0962000266
v -0.0145999789 0.0584000051 -0.0313000008
v -0.0149999866 0.0618000254 -0.0138000026
v -0.0145000219 0.0536000356 -0.0155000016
v -0.038999971 0.0666999966 0.127599984
v -0.0399000011 0.0551999956 0.125099987
v -0.0358999893 0.0529999882 0.142399997
v -0.0145999789 0.0563000143 0.00160010159
v -0.0144000063 0.0562000573 0.0187000483
v -0.0137000093 0.0439000353 0.0176000372
v -0.0358999893 0.0529999882 0.142399997
v -0.0328999758 0.0495000109 0.157799989
v -0.0307000279 0.0615999922 0.158600003
v -0.0137000093 0.0439000353 0.0176000372
v -0.0144000063 0.0562000573 0.0187000483
v -0.0134999799 0.0538000092 0.0339000672
v -0.0340999886 0.0651999861 0.143999964
v -0.0307000279 0.0615999922 0.158600003
v -0.0275999904 0.0716999918 0.158299953
v -0.016200006 0.0641000494 0.0337000266
v -0.0134999799 0.0538000092 0.0339000672
v -0.0144000063 0.0562000573 0.0187000483
v -0.0340999886 0.0651999861 0.143999964
v -0.0318000317 0.0754000247 0.144699961
v -0.0370000005 0.0762000307 0.128499955
v -0.0159000158 0.0660000145 0.00239999592
v -0.0159999728 0.0666000545 0.0193000287
v -0.0144000063 0.0562000573 0.0187000483
v 0.0339999683 0.0216000974 0.0722000301
v 0.0267999694 0.0242000967 0.0547000542
v 0.029399991 0.0359000191 0.0552000143
v -0.102100007 0.025000006 -0.0454000011
v -0.10019999 0.0132001042 -0.0457000062
v -0.101999991 0.0122001097 -0.0266999975
v 0.0360000096 0.0335000381 0.073800005
v 0.0428000018 0.0304000005 0.0897000283
v 0.040700011 0.0188001022 0.0879000276
v -0.103200011 0.024300009 -0.0255999938
v -0.101999991 0.0122001097 -0.0266999975
v -0.103999972 0.0107001066 -0.0095000118
v 0.040700011 0.0188001022 0.0879000276
v 0.0371999703 0.0100001022 0.0877000391
v 0.0306000113 0.0125000998 0.0724000186
v -0.103999972 0.0107001066 -0.0095000118
v -0.101999991 0.0122001097 -0.0266999975
v -0.0990999937 0.00290009379 -0.0267998949
v 0.0339999683 0.0216000974 0.0722000301
v 0.0306000113 0.0125000998 0.0724000186
v 0.0231000111 0.0152001008 0.0551000647
v -0.0968999788 0.00410010666 -0.0457000062
v -0.0990999937 0.00290009379 -0.0267998949
v -0.101999991 0.0122001097 -0.0266999975
v 0.0479999706 0.0155000985 0.103300005
v 0.040700011 0.0188001022 0.0879000276
v 0.0428000018 0.0304000005 0.0897000283
v -0.105000012 0.0225000083 -0.00820001215
v -0.103999972 0.0107001066 -0.0095000118
v -0.106599979 0.00880010426 0.00739999115
v 0.0501999781 0.0269000977 0.105300039
v 0.0570999905 0.0235999972 0.118999988
v 0.0552999899 0.0123000965 0.117199987
v -0.107699983 0.0205001086 0.00920001417
v -0.106599979 0.00880010426 0.00739999115
v -0.1096 0.00700009614 0.0231000483
v 0.0479999706 0.0155000985 0.103300005
v 0.0552999899 0.0123000965 0.117199987
v 0.0511000082 0.00400009751 0.116999954
v -0.105999999 -0.00149990618 0.0224000514
v -0.1096 0.00700009614 0.0231000483
v -0.106599979 0.00880010426 0.00739999115
v 0.0437999889 0.00710009784 0.102899998
v 0.0371999703 0.0100001022 0.0877000391
v 0.040700011 0.0188001022 0.0879000276
v -0.102999978 0.000200003386 0.00649999082
v -0.106599979 0.00880010426 0.00739999115
v -0.103999972 0.0107001066 -0.0095000118
v 0.0368000194 0.0461999997 0.0772000328
v 0.0309000015 0.0480000004 0.0579000451
v 0.0325000212 0.0587000474 0.0614000335
v -0.102500021 0.0484000146 -0.0407999083
v -0.102399997 0.0374000371 -0.043299906
v -0.102399997 0.0371000469 -0.0230999961
v 0.0371999703 0.0578000173 0.0811000243
v 0.0412999913 0.0555000454 0.0975000039
v 0.0424000025 0.0432000384 0.0933000222
v -0.101499967 0.0490000546 -0.0204999968
v -0.102399997 0.0371000469 -0.0230999961
v -0.103200011 0.0355000198 -0.00590001047
v 0.0368000194 0.0461999997 0.0772000328
v 0.0424000025 0.0432000384 0.0933000222
v 0.0428000018 0.0304000005 0.0897000283
v -0.105000012 0.0225000083 -0.00820001215
v -0.103200011 0.0355000198 -0.00590001047
v -0.102399997 0.0371000469 -0.0230999961
v 0.0360000096 0.0335000381 0.073800005
v 0.029399991 0.0359000191 0.0552000143
v 0.0309000015 0.0480000004 0.0579000451
v -0.103200011 0.024300009 -0.0255999938
v -0.102399997 0.0371000469 -0.0230999961
v -0.102399997 0.0374000371 -0.043299906
v 0.0497999713 0.0402000174 0.109099954
v 0.0424000025 0.0432000384 0.0933000222
v 0.0412999913 0.0555000454 0.0975000039
v -0.100599997 0.0480000079 -0.00320000201
v -0.103200011 0.0355000198 -0.00590001047
v -0.105800033 0.0339000449 0.0116000548
v 0.0497999713 0.0402000174 0.109099954
v 0.0468999669 0.0522999987 0.113000013
v 0.0527999997 0.0482000262 0.125799984
v -0.103399992 0.0432000384 0.0277000442
v -0.10140001 0.0461000502 0.0136000365
v -0.105800033 0.0339000449 0.0116000548
v 0.0561000109 0.0364999995 0.122299999
v 0.0570999905 0.0235999972 0.118999988
v 0.0501999781 0.0269000977 0.105300039
v -0.10799998 0.0314999968 0.0263000503
v -0.105800033 0.0339000449 0.0116000548
v -0.107699983 0.0205001086 0.00920001417
v 0.0501999781 0.0269000977 0.105300039
v 0.0428000018 0.0304000005 0.0897000283
v 0.0424000025 0.0432000384 0.0933000222
v -0.107699983 0.0205001086 0.00920001417
v -0.105800033 0.0339000449 0.0116000548
v -0.103200011 0.0355000198 -0.00590001047
v -0.049399972 0.0437000021 0.0841000453
v -0.0468000099 0.0318000466 0.0791000575
v -0.0404000208 0.0310000405 0.0973000377
v -0.0181000233 0.0301000178 -0.0412000045
v -0.0187000036 0.0314000547 -0.0213999078
v -0.0232999921 0.0188001096 -0.0249998942
v -0.043099992 0.043400012 0.102900006
v -0.0404000208 0.0310000405 0.0973000377
v -0.0357000194 0.0303000361 0.115199953
v -0.0225999951 0.019600004 -0.00660000741
v -0.0232999921 0.0188001096 -0.0249998942
v -0.0187000036 0.0314000547 -0.0213999078
v -0.0389000103 0.0431000218 0.120699972
v -0.0399000011 0.0551999956 0.125099987
v -0.0441999994 0.0550000295 0.108000018
v -0.0174000263 0.0324000344 -0.00320000947
v -0.0187000036 0.0314000547 -0.0213999078
v -0.0156000266 0.0432000458 -0.0177999064
v -0.043099992 0.043400012 0.102900006
v -0.0441999994 0.0550000295 0.108000018
v -0.0504999682 0.0546000227 0.0893000141
v -0.0152000189 0.0413000286 -0.0373999998
v -0.0156000266 0.0432000458 -0.0177999064
v -0.0187000036 0.0314000547 -0.0213999078
v -0.0389000103 0.0431000218 0.120699972
v -0.0357000194 0.0303000361 0.115199953
v -0.0327000022 0.0283000991 0.134299964
v -0.0174000263 0.0324000344 -0.00320000947
v -0.0155000091 0.0317000449 0.0154000297
v -0.0199999809 0.018900007 0.0127000511
v -0.0354999825 0.0409000069 0.138899952
v -0.0327000022 0.0283000991 0.134299964
v -0.032400012 0.0253999978 0.152199954
v -0.0151000023 0.0172000974 0.0301000178
v -0.0199999809 0.018900007 0.0127000511
v -0.0155000091 0.0317000449 0.0154000297
v -0.0335999727 0.0378000289 0.155499965
v -0.0328999758 0.0495000109 0.157799989
v -0.0358999893 0.0529999882 0.142399997
v -0.0126000103 0.0296999961 0.0319000185
v -0.0155000091 0.0317000449 0.0154000297
v -0.0137000093 0.0439000353 0.0176000372
v -0.0354999825 0.0409000069 0.138899952
v -0.0358999893 0.0529999882 0.142399997
v -0.0399000011 0.0551999956 0.125099987
v -0.0148000121 0.0448000059 -0.000299997628
v -0.0137000093 0.0439000353 0.0176000372
v -0.0155000091 0.0317000449 0.0154000297
v -0.0361000225 0.0185000002 0.0923000351
v -0.0425000116 0.0202000961 0.0752000511
v -0.0379999802 0.0116000995 0.0723000541
v -0.0282000303 0.00660010427 -0.0457999036
v -0.0292999744 0.00630000979 -0.0274999067
v -0.0361000225 -0.00289990008 -0.0284999982
v -0.0361000225 0.0185000002 0.0923000351
v -0.0304999948 0.00910010189 0.0888999999
v -0.0243999958 0.0069001019 0.105700046
v -0.0370000005 -0.00370000303 -0.0105999112
v -0.0361000225 -0.00289990008 -0.0284999982
v -0.0292999744 0.00630000979 -0.0274999067
v -0.0303000212 0.0170001015 0.109499961
v -0.0357000194 0.0303000361 0.115199953
v -0.0404000208 0.0310000405 0.0973000377
v -0.0299000144 0.00630000979 -0.00940001011
v -0.0292999744 0.00630000979 -0.0274999067
v -0.0232999921 0.0188001096 -0.0249998942
v -0.0361000225 0.0185000002 0.0923000351
v -0.0404000208 0.0310000405 0.0973000377
v -0.0468000099 0.0318000466 0.0791000575
v -0.0224999785 0.0181001052 -0.0441999957
v -0.0232999921 0.0188001096 -0.0249998942
v -0.0292999744 0.00630000979 -0.0274999067
v -0.0303000212 0.0170001015 0.109499961
v -0.0243999958 0.0069001019 0.105700046
v -0.0224000216 0.00370009243 0.126099974
v -0.0299000144 0.00630000979 -0.00940001011
v -0.0263000131 0.00510010868 0.0107000247
v -0.033100009 -0.0055000037 0.00980005413
v -0.0279999971 0.0144001022 0.129599959
v -0.0224000216 0.00370009243 0.126099974
v -0.0241000056 0.000300094485 0.146599978
v -0.0256000161 -0.00759990513 0.0292000547
v -0.033100009 -0.0055000037 0.00980005413
v -0.0263000131 0.00510010868 0.0107000247
v -0.0291000009 0.0113001019 0.149199992
v -0.032400012 0.0253999978 0.152199954
v -0.0327000022 0.0283000991 0.134299964
v -0.0196999907 0.00320009887 0.0293000117
v -0.0263000131 0.00510010868 0.0107000247
v -0.0199999809 0.018900007 0.0127000511
v -0.0279999971 0.0144001022 0.129599959
v -0.0327000022 0.0283000991 0.134299964
v -0.0357000194 0.0303000361 0.115199953
v -0.0225999951 0.019600004 -0.00660000741
v -0.0199999809 0.018900007 0.0127000511
v -0.0263000131 0.00510010868 0.0107000247
v 0.0357000194 0.025300093 0.243799984
v 0.0285000205 0.025800094 0.246100008
v 0.0296999812 0.0235999897 0.249000013
v -0.0461000204 0.0252000988 0.140599996
v -0.0458999798 0.0271001011 0.137299985
v -0.0533999726 0.0269000977 0.137199968
v 0.0371000096 0.0231999904 0.246399999
v 0.0436000228 0.0230000913 0.242300004
v 0.0418999717 0.0252000913 0.2403
v -0.0540000126 0.0249999985 0.140199989
v -0.0533999726 0.0269000977 0.137199968
v -0.0602999888 0.0269000977 0.135600001
v 0.0418999717 0.0252000913 0.2403
v 0.0396000072 0.0283000916 0.235100001
v 0.0337999985 0.028500095 0.237899989
v -0.0602999888 0.0269000977 0.135600001
v -0.0533999726 0.0269000977 0.137199968
v -0.053199999 0.0296000466 0.130799979
v 0.0337999985 0.028500095 0.237899989
v 0.0268999897 0.0289000943 0.239800006
v 0.0285000205 0.025800094 0.246100008
v -0.053199999 0.0296000466 0.130799979
v -0.0533999726 0.0269000977 0.137199968
v -0.0458999798 0.0271001011 0.137299985
v 0.0418999717 0.0252000913 0.2403
v 0.0436000228 0.0230000913 0.242300004
v 0.0486000106 0.0235000923 0.237300009
v -0.0602999888 0.0269000977 0.135600001
v -0.0659999847 0.0276001021 0.132799953
v -0.067700021 0.0255000964 0.134900004
v 0.0465000197 0.025800094 0.235899985
v 0.0486000106 0.0235000923 0.237300009
v 0.0521000028 0.0249000937 0.229999989
v -0.0730999708 0.0266001001 0.128800005
v -0.067700021 0.0255000964 0.134900004
v -0.0659999847 0.0276001021 0.132799953
v 0.0491999909 0.0274999887 0.229299992
v 0.0465000197 0.0295000225 0.227099985
v 0.0440999791 0.0288000926 0.2315
v -0.0703999847 0.0290000066 0.127099961
v -0.0659999847 0.0276001021 0.132799953
v -0.064899981 0.0301000103 0.127599984
v 0.0465000197 0.025800094 0.235899985
v 0.0440999791 0.0288000926 0.2315
v 0.0396000072 0.0283000916 0.235100001
v -0.0595999919 0.0296000466 0.129799992
v -0.064899981 0.0301000103 0.127599984
v -0.0659999847 0.0276001021 0.132799953
v 0.0386000201 0.021100089 0.24849999
v 0.031199988 0.02160009 0.251399994
v 0.0329999886 0.0184999928 0.253399998
v -0.0483000204 0.0206000954 0.146099955
v -0.0469999909 0.0235000998 0.143399984
v -0.0548999906 0.0231999978 0.142800003
v 0.0403000116 0.0180000886 0.250200003
v 0.0465999767 0.0176000893 0.245700002
v 0.0450999662 0.0208000913 0.244199991
v -0.05620002 0.0203000978 0.145199984
v -0.0548999906 0.0231999978 0.142800003
v -0.0623999797 0.0229000971 0.140599996
v 0.0386000201 0.021100089 0.24849999
v 0.0450999662 0.0208000913 0.244199991
v 0.0436000228 0.0230000913 0.242300004
v -0.0613999888 0.0249999985 0.138299972
v -0.0623999797 0.0229000971 0.140599996
v -0.0548999906 0.0231999978 0.142800003
v 0.0371000096 0.0231999904 0.246399999
v 0.0296999812 0.0235999897 0.249000013
v 0.031199988 0.02160009 0.251399994
v -0.0540000126 0.0249999985 0.140199989
v -0.0548999906 0.0231999978 0.142800003
v -0.0469999909 0.0235000998 0.143399984
v 0.0504999682 0.0210000947 0.238700002
v 0.0450999662 0.0208000913 0.244199991
v 0.0465999767 0.0176000893 0.245700002
v -0.0634999797 0.0199999958 0.142800003
v -0.0623999797 0.0229000971 0.140599996
v -0.0691999719 0.0231001005 0.136899978
v 0.0523999929 0.0176000893 0.239600003
v 0.0569999814 0.018400088 0.230799988
v 0.0544999763 0.0220999941 0.230499983
v -0.070900023 0.0199999958 0.138599962
v -0.0691999719 0.0231001005 0.136899978
v -0.0753999949 0.0239000022 0.130199999
v 0.0544999763 0.0220999941 0.230499983
v 0.0521000028 0.0249000937 0.229999989
v 0.0486000106 0.0235000923 0.237300009
v -0.0753999949 0.0239000022 0.130199999
v -0.0691999719 0.0231001005 0.136899978
v -0.067700021 0.0255000964 0.134900004
v 0.0504999682 0.0210000947 0.238700002
v 0.0486000106 0.0235000923 0.237300009
v 0.0436000228 0.0230000913 0.242300004
v -0.0613999888 0.0249999985 0.138299972
v -0.067700021 0.0255000964 0.134900004
v -0.0691999719 0.0231001005 0.136899978
v -0.029399991 0.0771000013 0.0245000571
v -0.0282999873 0.0880000219 0.0265000314
v -0.016900003 0.0876000077 0.0233000368
v -0.0521000028 0.0608999953 -0.0950000063
v -0.0638999939 0.061200045 -0.0952999964
v -0.0630999804 0.0723000467 -0.0940000042
v -0.0171999931 0.0766999945 0.0210000724
v -0.016900003 0.0876000077 0.0233000368
v -0.00440002047 0.0860000551 0.0212000385
v -0.0745999813 0.0719000399 -0.0933000073
v -0.0630999804 0.0723000467 -0.0940000042
v -0.0638999939 0.061200045 -0.0952999964
v -0.0171999931 0.0766999945 0.0210000724
v -0.00500000082 0.0756000578 0.0190000385
v -0.00660002977 0.0646000132 0.0169000477
v -0.0759000108 0.0608000457 -0.0943999961
v -0.0638999939 0.061200045 -0.0952999964
v -0.0654000044 0.0495000184 -0.0966000035
v -0.0184000134 0.0654000342 0.0187000483
v -0.0307999849 0.0658000335 0.0223000497
v -0.029399991 0.0771000013 0.0245000571
v -0.0526999794 0.0493000448 -0.0966000035
v -0.0654000044 0.0495000184 -0.0966000035
v -0.0638999939 0.061200045 -0.0952999964
v -0.00500000082 0.0756000578 0.0190000385
v -0.00440002047 0.0860000551 0.0212000385
v 0.00520001911 0.0841000378 0.0213000625
v -0.0759000108 0.0608000457 -0.0943999961
v -0.0853999853 0.0602000058 -0.0915000066
v -0.0846999809 0.0706000552 -0.0905000046
v 0.00419997983 0.0746000037 0.0192000717
v 0.00520001911 0.0841000378 0.0213000625
v 0.0153999887 0.0809999928 0.0264000073
v -0.0942000076 0.0684000552 -0.0822999999
v -0.0846999809 0.0706000552 -0.0905000046
v -0.0853999853 0.0602000058 -0.0915000066
v 0.00419997983 0.0746000037 0.0192000717
v 0.0148000084 0.072900027 0.0244000405
v 0.0130000114 0.0633000284 0.0227000564
v -0.0950000212 0.0593000352 -0.0829999968
v -0.0853999853 0.0602000058 -0.0915000066
v -0.0860999823 0.0493999943 -0.0920000002
v 0.00260001048 0.0642000064 0.0172000378
v -0.00660002977 0.0646000132 0.0169000477
v -0.00500000082 0.0756000578 0.0190000385
v -0.0769000053 0.0493000448 -0.0951999947
v -0.0860999823 0.0493999943 -0.0920000002
v -0.0853999853 0.0602000058 -0.0915000066
v -0.0260000229 0.0990000069 0.0297000185
v -0.0236999989 0.107100032 0.0336000174
v -0.0145999789 0.106200002 0.0307000652
v -0.0525000021 0.0832000077 -0.0908999965
v -0.0627000332 0.0833000243 -0.0913000032
v -0.0619999692 0.0915000141 -0.0877000019
v -0.0155000091 0.0983000025 0.0265000314
v -0.0145999789 0.106200002 0.0307000652
v -0.00470001064 0.104100011 0.0284000486
v -0.0717999935 0.0902000368 -0.0876000002
v -0.0619999692 0.0915000141 -0.0877000019
v -0.0627000332 0.0833000243 -0.0913000032
v -0.00410003029 0.0963000357 0.0244000405
v -0.00440002047 0.0860000551 0.0212000385
v -0.016900003 0.0876000077 0.0233000368
v -0.073300004 0.0825000107 -0.0909999982
v -0.0627000332 0.0833000243 -0.0913000032
v -0.0630999804 0.0723000467 -0.0940000042
v -0.016900003 0.0876000077 0.0233000368
v -0.0282999873 0.0880000219 0.0265000314
v -0.0260000229 0.0990000069 0.0297000185
v -0.0630999804 0.0723000467 -0.0940000042
v -0.0627000332 0.0833000243 -0.0913000032
v -0.0525000021 0.0832000077 -0.0908999965
v -0.00410003029 0.0963000357 0.0244000405
v -0.00470001064 0.104100011 0.0284000486
v 0.00300001912 0.10170003 0.0273000374
v -0.073300004 0.0825000107 -0.0909999982
v -0.0824999809 0.0808000267 -0.0889999941
v -0.0799999833 0.0883000195 -0.0864999965
v 0.00440000929 0.0939000547 0.0239000171
v 0.00300001912 0.10170003 0.0273000374
v 0.0131999813 0.0963000357 0.0314000696
v -0.0895000026 0.0843000114 -0.0792999938
v -0.0799999833 0.0883000195 -0.0864999965
v -0.0824999809 0.0808000267 -0.0889999941
v 0.0149000213 0.0896999985 0.0286000222
v 0.0153999887 0.0809999928 0.0264000073
v 0.00520001911 0.0841000378 0.0213000625
v -0.0924999714 0.0775000155 -0.0809999034
v -0.0824999809 0.0808000267 -0.0889999941
v -0.0846999809 0.0706000552 -0.0905000046
v 0.00440000929 0.0939000547 0.0239000171
v 0.00520001911 0.0841000378 0.0213000625
v -0.00440002047 0.0860000551 0.0212000385
v -0.0745999813 0.0719000399 -0.0933000073
v -0.0846999809 0.0706000552 -0.0905000046
v -0.0824999809 0.0808000267 -0.0889999941
v 0.0421999618 0.0129000917 0.251800001
v 0.0347999893 0.0131000951 0.255400002
v 0.0364000201 0.00620009005 0.256599993
v -0.0509999916 0.00880009681 0.15109995
v -0.0495999977 0.0154000968 0.148999959
v -0.0576999709 0.0155000985 0.147699982
v 0.0440000221 0.00640009344 0.252599984
v 0.0500999615 0.00650009513 0.247200012
v 0.0485000014 0.0127999932 0.246800005
v -0.059400022 0.00910010189 0.149499983
v -0.0576999709 0.0155000985 0.147699982
v -0.0651999712 0.0154000968 0.144699961
v 0.0421999618 0.0129000917 0.251800001
v 0.0485000014 0.0127999932 0.246800005
v 0.0465999767 0.0176000893 0.245700002
v -0.0634999797 0.0199999958 0.142800003
v -0.0651999712 0.0154000968 0.144699961
v -0.0576999709 0.0155000985 0.147699982
v 0.0403000116 0.0180000886 0.250200003
v 0.0329999886 0.0184999928 0.253399998
v 0.0347999893 0.0131000951 0.255400002
v -0.05620002 0.0203000978 0.145199984
v -0.0576999709 0.0155000985 0.147699982
v -0.0495999977 0.0154000968 0.148999959
v 0.0544000193 0.0129000917 0.240099996
v 0.0485000014 0.0127999932 0.246800005
v 0.0500999615 0.00650009513 0.247200012
v -0.0669000149 0.00930009782 0.146099955
v -0.0651999712 0.0154000968 0.144699961
v -0.0727999806 0.0154000968 0.140099972
v 0.0559999868 0.00680009276 0.24000001
v 0.0612000227 0.00739999115 0.230599999
v 0.0594999716 0.0136000887 0.23089999
v -0.0745999813 0.00940009952 0.140899986
v -0.0727999806 0.0154000968 0.140099972
v -0.0802999735 0.0158000961 0.132699996
v 0.0544000193 0.0129000917 0.240099996
v 0.0594999716 0.0136000887 0.23089999
v 0.0569999814 0.018400088 0.230799988
v -0.0777999759 0.0205001011 0.131499976
v -0.0802999735 0.0158000961 0.132699996
v -0.0727999806 0.0154000968 0.140099972
v 0.0523999929 0.0176000893 0.239600003
v 0.0465999767 0.0176000893 0.245700002
v 0.0485000014 0.0127999932 0.246800005
v -0.070900023 0.0199999958 0.138599962
v -0.0727999806 0.0154000968 0.140099972
v -0.0651999712 0.0154000968 0.144699961
v 0.0447000191 -0.00109989941 0.252400011
v 0.0368999802 -0.00109989941 0.256500006
v 0.0361999795 -0.00719989836 0.252400011
v -0.0525000021 -0.00489990413 0.148099989
v -0.0518000126 0.0015000999 0.15169999
v -0.0604000017 0.00169999897 0.150000006
v 0.0443999693 -0.00739990175 0.248299986
v 0.050800018 -0.00730000436 0.242799997
v 0.0507000014 -0.000899896026 0.246699989
v -0.0615999587 -0.00480000675 0.146599978
v -0.0604000017 0.00169999897 0.150000006
v -0.0677999854 0.00180010498 0.146299988
v 0.0447000191 -0.00109989941 0.252400011
v 0.0507000014 -0.000899896026 0.246699989
v 0.0500999615 0.00650009513 0.247200012
v -0.0669000149 0.00930009782 0.146099955
v -0.0677999854 0.00180010498 0.146299988
v -0.0604000017 0.00169999897 0.150000006
v 0.0440000221 0.00640009344 0.252599984
v 0.0364000201 0.00620009005 0.256599993
v 0.0368999802 -0.00109989941 0.256500006
v -0.059400022 0.00910010189 0.149499983
v -0.0604000017 0.00169999897 0.150000006
v -0.0518000126 0.0015000999 0.15169999
v 0.0561000109 -0.000699907541 0.239399999
v 0.0507000014 -0.000899896026 0.246699989
v 0.050800018 -0.00730000436 0.242799997
v -0.0692999884 -0.00469990075 0.143099993
v -0.0677999854 0.00180010498 0.146299988
v -0.0752000213 0.00190009177 0.140899986
v 0.05620002 -0.00709989667 0.235500008
v 0.0598999783 -0.00509990752 0.228899986
v 0.0608999729 -0.000399902463 0.229999989
v -0.0766000152 -0.00469990075 0.137799948
v -0.0752000213 0.00190009177 0.140899986
v -0.0824000239 0.00190009177 0.133299977
v 0.0561000109 -0.000699907541 0.239399999
v 0.0608999729 -0.000399902463 0.229999989
v 0.0612000227 0.00739999115 0.230599999
v -0.0822999999 0.00970009714 0.133299977
v -0.0824000239 0.00190009177 0.133299977
v -0.0752000213 0.00190009177 0.140899986
v 0.0559999868 0.00680009276 0.24000001
v 0.0500999615 0.00650009513 0.247200012
v 0.0507000014 -0.000899896026 0.246699989
v -0.0745999813 0.00940009952 0.140899986
v -0.0752000213 0.00190009177 0.140899986
v -0.0677999854 0.00180010498 0.146299988
v 0.00700001977 0.0293000042 0.0169000402
v 0.00690000877 0.0230001062 0.0208000317
v 0.00109999999 0.0219001099 0.0157000199
v -0.0921999812 0.0147001073 -0.0879000053
v -0.0867999718 0.014800109 -0.0966000035
v -0.0871000215 0.00690010935 -0.0901999995
v -0.000700000674 0.0303000435 0.0102000609
v 0.00109999999 0.0219001099 0.0157000199
v -0.00629997998 0.0219001099 0.0152000487
v -0.0802999735 0.00650011003 -0.0927999988
v -0.0871000215 0.00690010935 -0.0901999995
v -0.0867999718 0.014800109 -0.0966000035
v -0.000700000674 0.0303000435 0.0102000609
v -0.00830001011 0.0305000246 0.00930003077
v -0.00760000944 0.0408000052 0.0106000006
v -0.0795999691 0.025000006 -0.0991000012
v -0.0797999948 0.0146000087 -0.099699907
v -0.0867999718 0.014800109 -0.0966000035
v 0.000699989498 0.0406000242 0.0115000308
v 0.00910001993 0.0398000181 0.0178000107
v 0.00700001977 0.0293000042 0.0169000402
v -0.0874000117 0.0253001079 -0.0958000049
v -0.0867999718 0.014800109 -0.0966000035
v -0.0921999812 0.0147001073 -0.0879000053
v -0.00830001011 0.0305000246 0.00930003077
v -0.00629997998 0.0219001099 0.0152000487
v -0.0167999864 0.0218000039 0.0168000236
v -0.0797999948 0.0146000087 -0.099699907
v -0.0691000223 0.0140001029 -0.101499908
v -0.0697000027 0.00590010732 -0.0942999944
v -0.0189999938 0.030400008 0.0106000006
v -0.0167999864 0.0218000039 0.0168000236
v -0.027700007 0.0214000046 0.0195000544
v -0.0584999919 0.00510010868 -0.0948000029
v -0.0697000027 0.00590010732 -0.0942999944
v -0.0691000223 0.0140001029 -0.101499908
v -0.0302000046 0.0301000178 0.0131000578
v -0.0307999849 0.0407000482 0.0147000328
v -0.0189999938 0.0409000143 0.011900045
v -0.0576999709 0.0132001042 -0.102299996
v -0.0691000223 0.0140001029 -0.101499908
v -0.0684000254 0.0245001093 -0.101000004
v -0.0189999938 0.0409000143 0.011900045
v -0.00760000944 0.0408000052 0.0106000006
v -0.00830001011 0.0305000246 0.00930003077
v -0.0684000254 0.0245001093 -0.101000004
v -0.0691000223 0.0140001029 -0.101499908
v -0.0797999948 0.0146000087 -0.099699907
v -0.0309000015 0.0531000197 0.0183000416
v -0.0307999849 0.0658000335 0.0223000497
v -0.0184000134 0.0654000342 0.0187000483
v -0.0547000095 0.0364000499 -0.0994000062
v -0.0670000315 0.0369000062 -0.0989998952
v -0.0654000044 0.0495000184 -0.0966000035
v -0.0189999938 0.0531000197 0.015100047
v -0.0184000134 0.0654000342 0.0187000483
v -0.00660002977 0.0646000132 0.0169000477
v -0.0769000053 0.0493000448 -0.0951999947
v -0.0654000044 0.0495000184 -0.0966000035
v -0.0670000315 0.0369000062 -0.0989998952
v -0.00690001994 0.0528000295 0.0134000555
v -0.00760000944 0.0408000052 0.0106000006
v -0.0189999938 0.0409000143 0.011900045
v -0.0791000128 0.0371000469 -0.0970999971
v -0.0670000315 0.0369000062 -0.0989998952
v -0.0684000254 0.0245001093 -0.101000004
v -0.0189999938 0.0531000197 0.015100047
v -0.0189999938 0.0409000143 0.011900045
v -0.0307999849 0.0407000482 0.0147000328
v -0.0562999807 0.0238001049 -0.101800002
v -0.0684000254 0.0245001093 -0.101000004
v -0.0670000315 0.0369000062 -0.0989998952
v 0.00169998035 0.0525000393 0.0139000267
v -0.00690001994 0.0528000295 0.0134000555
v -0.00660002977 0.0646000132 0.0169000477
v -0.0791000128 0.0371000469 -0.0970999971
v -0.0871999785 0.037300013 -0.0941000059
v -0.0860999823 0.0493999943 -0.0920000002
v 0.00260001048 0.0642000064 0.0172000378
v 0.0130000114 0.0633000284 0.0227000564
v 0.0109000206 0.0517000258 0.0200000182
v -0.0860999823 0.0493999943 -0.0920000002
v -0.0871999785 0.037300013 -0.0941000059
v -0.0942000076 0.0375000462 -0.0854999945
v 0.00169998035 0.0525000393 0.0139000267
v 0.0109000206 0.0517000258 0.0200000182
v 0.00910001993 0.0398000181 0.0178000107
v -0.0935999677 0.0254000053 -0.0872999951
v -0.0942000076 0.0375000462 -0.0854999945
v -0.0871999785 0.037300013 -0.0941000059
v 0.000699989498 0.0406000242 0.0115000308
v -0.00760000944 0.0408000052 0.0106000006
v -0.00690001994 0.0528000295 0.0134000555
v -0.0874000117 0.0253001079 -0.0958000049
v -0.0871999785 0.037300013 -0.0941000059
v -0.0791000128 0.0371000469 -0.0970999971
v 0.0328999683 -0.0101999938 0.172899991
v 0.0181999803 -0.0102999061 0.177399963
v 0.0137000009 -0.00779989362 0.16139999
v -0.0576999709 -0.0125999004 0.0548000112
v -0.0572999716 -0.0137999952 0.0716000497
v -0.0727000237 -0.0131998956 0.0715000406
v 0.0282999799 -0.00779989362 0.156800002
v 0.0419999883 -0.00719989836 0.152399987
v 0.0465000197 -0.00959989429 0.16839996
v -0.0728999898 -0.0120999068 0.0547000505
v -0.0727000237 -0.0131998956 0.0715000406
v -0.0870000124 -0.0120999068 0.0711000264
v 0.0328999683 -0.0101999938 0.172899991
v 0.0465000197 -0.00959989429 0.16839996
v 0.0500000119 -0.011399895 0.184899956
v -0.0856000111 -0.0125999004 0.0880000293
v -0.0870000124 -0.0120999068 0.0711000264
v -0.0727000237 -0.0131998956 0.0715000406
v 0.0372999907 -0.0118999034 0.189299971
v 0.0228999779 -0.0118999034 0.193599969
v 0.0181999803 -0.0102999061 0.177399963
v -0.0721999854 -0.0134999007 0.0886000097
v -0.0727000237 -0.0131998956 0.0715000406
v -0.0572999716 -0.0137999952 0.0716000497
v 0.0576999709 -0.00829990208 0.164199978
v 0.0465000197 -0.00959989429 0.16839996
v 0.0419999883 -0.00719989836 0.152399987
v -0.0873000026 -0.0109000057 0.0544000603
v -0.0870000124 -0.0120999068 0.0711000264
v -0.0989000127 -0.0103999078 0.0702000558
v 0.053899996 -0.0055000037 0.148499995
v 0.0627000332 -0.00109989941 0.145899966
v 0.0653999969 -0.00419990718 0.161500007
v -0.0997999907 -0.00879999995 0.0540000498
v -0.0989000127 -0.0103999078 0.0702000558
v -0.106899969 -0.00599990785 0.0696000159
v 0.0576999709 -0.00829990208 0.164199978
v 0.0653999969 -0.00419990718 0.161500007
v 0.0666999817 -0.00649990141 0.177300006
v -0.103699982 -0.00730000436 0.0852000564
v -0.106899969 -0.00599990785 0.0696000159
v -0.0989000127 -0.0103999078 0.0702000558
v 0.0598999783 -0.0102999061 0.180399984
v 0.0500000119 -0.011399895 0.184899956
v 0.0465000197 -0.00959989429 0.16839996
v -0.0962999985 -0.0111999065 0.0865000188
v -0.0989000127 -0.0103999078 0.0702000558
v -0.0870000124 -0.0120999068 0.0711000264
v 0.0238999687 -0.00519999862 0.141199976
v 0.00999999046 -0.00519999862 0.145899966
v 0.00690000877 -0.00229999423 0.129899949
v -0.0601999685 -0.00959989429 0.0223000422
v -0.058600001 -0.0111999065 0.0387000218
v -0.07319998 -0.010699898 0.038300015
v 0.0199000202 -0.00239990652 0.125499994
v 0.0335000083 -0.00190000236 0.121499985
v 0.0378000103 -0.00459989905 0.136999995
v -0.0738999844 -0.00919990242 0.021900028
v -0.07319998 -0.010699898 0.038300015
v -0.0878000185 -0.00959989429 0.0382000506
v 0.0238999687 -0.00519999862 0.141199976
v 0.0378000103 -0.00459989905 0.136999995
v 0.0419999883 -0.00719989836 0.152399987
v -0.0873000026 -0.0109000057 0.0544000603
v -0.0878000185 -0.00959989429 0.0382000506
v -0.07319998 -0.010699898 0.038300015
v 0.0282999799 -0.00779989362 0.156800002
v 0.0137000009 -0.00779989362 0.16139999
v 0.00999999046 -0.00519999862 0.145899966
v -0.0728999898 -0.0120999068 0.0547000505
v -0.07319998 -0.010699898 0.038300015
v -0.058600001 -0.0111999065 0.0387000218
v 0.0378000103 -0.00459989905 0.136999995
v 0.0335000083 -0.00190000236 0.121499985
v 0.043900013 -0.000199899077 0.118599974
v -0.0878000185 -0.00959989429 0.0382000506
v -0.0998999998 -0.00749990344 0.0381000414
v -0.0988000035 -0.00609989464 0.022100009
v 0.0494999811 -0.00289990008 0.13349995
v 0.043900013 -0.000199899077 0.118599974
v 0.0511000082 0.00400009751 0.116999954
v -0.105999999 -0.00149990618 0.0224000514
v -0.0988000035 -0.00609989464 0.022100009
v -0.0998999998 -0.00749990344 0.0381000414
v 0.0494999811 -0.00289990008 0.13349995
v 0.0572999716 0.0015000999 0.131399959
v 0.0627000332 -0.00109989941 0.145899966
v -0.108799994 -0.0040999949 0.0537
v -0.107799999 -0.00269989669 0.0380000249
v -0.0998999998 -0.00749990344 0.0381000414
v 0.053899996 -0.0055000037 0.148499995
v 0.0419999883 -0.00719989836 0.152399987
v 0.0378000103 -0.00459989905 0.136999995
v -0.0997999907 -0.00879999995 0.0540000498
v -0.0998999998 -0.00749990344 0.0381000414
v -0.0878000185 -0.00959989429 0.0382000506
v 0.0381000005 0.0569999963 0.173499972
v 0.043900013 0.0543000326 0.171900004
v 0.0418999717 0.0614000186 0.157099992
v -0.0832999945 0.0576000363 0.0534000136
v -0.0812000036 0.0516000018 0.0687000602
v -0.0751000047 0.0540999994 0.068300046
v 0.0361000299 0.0647000298 0.159199983
v 0.0289999805 0.0673000365 0.161299974
v 0.0310999714 0.0590000376 0.175599962
v -0.0770999715 0.0608000383 0.0535000339
v -0.0751000047 0.0540999994 0.068300046
v -0.067700021 0.0559 0.0681000203
v 0.0381000005 0.0569999963 0.173499972
v 0.0310999714 0.0590000376 0.175599962
v 0.0332000181 0.050400041 0.188999981
v -0.0661000013 0.0482000262 0.0822000206
v -0.067700021 0.0559 0.0681000203
v -0.0751000047 0.0540999994 0.068300046
v 0.0397000313 0.0486000404 0.187099963
v 0.0452999994 0.0463000089 0.185299963
v 0.043900013 0.0543000326 0.171900004
v -0.0730000138 0.0467000157 0.0825000107
v -0.0751000047 0.0540999994 0.068300046
v -0.0812000036 0.0516000018 0.0687000602
v 0.0231000111 0.0608999878 0.177899987
v 0.0310999714 0.0590000376 0.175599962
v 0.0289999805 0.0673000365 0.161299974
v -0.067700021 0.0559 0.0681000203
v -0.0593000017 0.0574000105 0.0679000467
v -0.060599979 0.0647000298 0.0532000437
v 0.0231000111 0.0608999878 0.177899987
v 0.0203999802 0.0693000108 0.164000005
v 0.011500001 0.0707000047 0.167399973
v -0.0509999916 0.0658999905 0.0538000241
v -0.060599979 0.0647000298 0.0532000437
v -0.0593000017 0.0574000105 0.0679000467
v 0.0231000111 0.0608999878 0.177899987
v 0.0142999813 0.0622000322 0.180699974
v 0.0174000189 0.0532000214 0.193199962
v -0.0497000217 0.050400041 0.0815000385
v -0.0500999615 0.0583999977 0.0680000558
v -0.0593000017 0.0574000105 0.0679000467
v 0.0256999694 0.0521000177 0.190999955
v 0.0332000181 0.050400041 0.188999981
v 0.0310999714 0.0590000376 0.175599962
v -0.0583000109 0.0496000275 0.0819000378
v -0.0593000017 0.0574000105 0.0679000467
v -0.067700021 0.0559 0.0681000203
v 0.0351999998 0.0712000281 0.146799952
v 0.0404000208 0.0677000508 0.144799978
v 0.0386999808 0.0730999857 0.13319996
v -0.0868999884 0.0676000342 0.0288000479
v -0.0852999613 0.0631000027 0.0408000201
v -0.0796999931 0.0664000064 0.0409000367
v 0.0351999998 0.0712000281 0.146799952
v 0.0344999991 0.077399984 0.136000007
v 0.0286999904 0.0813000351 0.139499992
v -0.0752000213 0.0757000148 0.0313000455
v -0.0819000006 0.0719000325 0.0299000591
v -0.0796999931 0.0664000064 0.0409000367
v 0.0286999904 0.0744000301 0.150000006
v 0.0289999805 0.0673000365 0.161299974
v 0.0361000299 0.0647000298 0.159199983
v -0.0723000094 0.0694999918 0.0419000164
v -0.0796999931 0.0664000064 0.0409000367
v -0.0770999715 0.0608000383 0.0535000339
v 0.0361000299 0.0647000298 0.159199983
v 0.0418999717 0.0614000186 0.157099992
v 0.0404000208 0.0677000508 0.144799978
v -0.0770999715 0.0608000383 0.0535000339
v -0.0796999931 0.0664000064 0.0409000367
v -0.0852999613 0.0631000027 0.0408000201
v 0.0286999904 0.0744000301 0.150000006
v 0.0286999904 0.0813000351 0.139499992
v 0.0194000006 0.0842999965 0.143900007
v -0.0723000094 0.0694999918 0.0419000164
v -0.0626000091 0.0716000423 0.0419000164
v -0.064899981 0.0784000456 0.0326000303
v 0.0195000097 0.0769000202 0.153099984
v 0.0194000006 0.0842999965 0.143900007
v 0.00789998844 0.0865000039 0.148299962
v -0.0526000187 0.0801000223 0.0333000273
v -0.064899981 0.0784000456 0.0326000303
v -0.0626000091 0.0716000423 0.0419000164
v 0.00940001011 0.0788999945 0.157299966
v 0.011500001 0.0707000047 0.167399973
v 0.0203999802 0.0693000108 0.164000005
v -0.051599972 0.0732000172 0.0429000705
v -0.0626000091 0.0716000423 0.0419000164
v -0.060599979 0.0647000298 0.0532000437
v 0.0195000097 0.0769000202 0.153099984
v 0.0203999802 0.0693000108 0.164000005
v 0.0289999805 0.0673000365 0.161299974
v -0.0695999786 0.0631000027 0.0532000437
v -0.060599979 0.0647000298 0.0532000437
v -0.0626000091 0.0716000423 0.0419000164
v 0.0429999828 -0.0104998946 0.237699986
v 0.0337999985 -0.0102999061 0.241299987
v 0.0306000113 -0.0114998966 0.226099998
v -0.0549999997 -0.0111999065 0.121699952
v -0.0536000095 -0.00879999995 0.137099952
v -0.0634000152 -0.00869989395 0.136299998
v 0.0411000177 -0.0116999 0.222799987
v 0.0500999615 -0.0111999065 0.218699992
v 0.0504000112 -0.0101999938 0.232899994
v -0.0659999847 -0.0109000057 0.121699952
v -0.0634000152 -0.00869989395 0.136299998
v -0.0718999952 -0.00829990208 0.1338
v 0.0429999828 -0.0104998946 0.237699986
v 0.0504000112 -0.0101999938 0.232899994
v 0.050800018 -0.00730000436 0.242799997
v -0.0692999884 -0.00469990075 0.143099993
v -0.0718999952 -0.00829990208 0.1338
v -0.0634000152 -0.00869989395 0.136299998
v 0.0443999693 -0.00739990175 0.248299986
v 0.0361999795 -0.00719989836 0.252400011
v 0.0337999985 -0.0102999061 0.241299987
v -0.0615999587 -0.00480000675 0.146599978
v -0.0634000152 -0.00869989395 0.136299998
v -0.0536000095 -0.00879999995 0.137099952
v 0.0570999905 -0.0093999058 0.226199985
v 0.0504000112 -0.0101999938 0.232899994
v 0.0500999615 -0.0111999065 0.218699992
v -0.0758000016 -0.0101999938 0.120299965
v -0.0718999952 -0.00829990208 0.1338
v -0.0802999735 -0.00759990513 0.129299968
v 0.0583999678 -0.00989989936 0.212899983
v 0.0648000166 -0.00629989803 0.207599968
v 0.0622000098 -0.00649990141 0.220499992
v -0.0853999853 -0.00879999995 0.116999954
v -0.0802999735 -0.00759990513 0.129299968
v -0.0867000222 -0.00469990075 0.125099987
v 0.0570999905 -0.0093999058 0.226199985
v 0.0622000098 -0.00649990141 0.220499992
v 0.0598999783 -0.00509990752 0.228899986
v -0.0820000097 -0.00289990008 0.132400006
v -0.0867000222 -0.00469990075 0.125099987
v -0.0802999735 -0.00759990513 0.129299968
v 0.05620002 -0.00709989667 0.235500008
v 0.050800018 -0.00730000436 0.242799997
v 0.0504000112 -0.0101999938 0.232899994
v -0.0766000152 -0.00469990075 0.137799948
v -0.0802999735 -0.00759990513 0.129299968
v -0.0718999952 -0.00829990208 0.1338
v 0.0394999906 -0.0121998936 0.206400007
v 0.02700001 -0.0120999068 0.209999993
v 0.0228999779 -0.0118999034 0.193599969
v -0.0572000109 -0.014099896 0.0885000676
v -0.0562999807 -0.0129999071 0.105399996
v -0.0692999884 -0.0127000064 0.105500013
v 0.0372999907 -0.0118999034 0.189299971
v 0.0500000119 -0.011399895 0.184899956
v 0.0504000112 -0.0117999017 0.202299982
v -0.0721999854 -0.0134999007 0.0886000097
v -0.0692999884 -0.0127000064 0.105500013
v -0.0809000134 -0.0117999017 0.104699999
v 0.0394999906 -0.0121998936 0.206400007
v 0.0504000112 -0.0117999017 0.202299982
v 0.0500999615 -0.0111999065 0.218699992
v -0.0758000016 -0.0101999938 0.120299965
v -0.0809000134 -0.0117999017 0.104699999
v -0.0692999884 -0.0127000064 0.105500013
v 0.0411000177 -0.0116999 0.222799987
v 0.0306000113 -0.0114998966 0.226099998
v 0.02700001 -0.0120999068 0.209999993
v -0.0659999847 -0.0109000057 0.121699952
v -0.0692999884 -0.0127000064 0.105500013
v -0.0562999807 -0.0129999071 0.105399996
v 0.0594999716 -0.0104998946 0.19719997
v 0.0504000112 -0.0117999017 0.202299982
v 0.0500000119 -0.011399895 0.184899956
v -0.0856000111 -0.0125999004 0.0880000293
v -0.0809000134 -0.0117999017 0.104699999
v -0.09109997 -0.0103999078 0.102400035
v 0.0598999783 -0.0102999061 0.180399984
v 0.0666999817 -0.00649990141 0.177300006
v 0.0662000105 -0.00679990649 0.192999989
v -0.0962999985 -0.0111999065 0.0865000188
v -0.09109997 -0.0103999078 0.102400035
v -0.0986000225 -0.00660000741 0.099999994
v 0.0594999716 -0.0104998946 0.19719997
v 0.0662000105 -0.00679990649 0.192999989
v 0.0648000166 -0.00629989803 0.207599968
v -0.0928999707 -0.005299896 0.113499969
v -0.0986000225 -0.00660000741 0.099999994
v -0.09109997 -0.0103999078 0.102400035
v 0.0583999678 -0.00989989936 0.212899983
v 0.0500999615 -0.0111999065 0.218699992
v 0.0504000112 -0.0117999017 0.202299982
v -0.0853999853 -0.00879999995 0.116999954
v -0.09109997 -0.0103999078 0.102400035
v -0.0809000134 -0.0117999017 0.104699999
v 0.0462999865 0.0324000195 0.218999982
v 0.0458999798 0.036499992 0.206899971
v 0.040899992 0.0380000025 0.208199993
v -0.0705000088 0.0330000073 0.116099983
v -0.0658999607 0.0335999876 0.116699964
v -0.0683000013 0.0375999957 0.103800036
v 0.0421000123 0.0332000405 0.220999986
v 0.040899992 0.0380000025 0.208199993
v 0.0351999998 0.0389000326 0.209899992
v -0.062300019 0.0383000001 0.103599995
v -0.0683000013 0.0375999957 0.103800036
v -0.0658999607 0.0335999876 0.116699964
v 0.0371999703 0.03329999 0.223399997
v 0.0396000072 0.0283000916 0.235100001
v 0.0440999791 0.0288000926 0.2315
v -0.060500022 0.0337000117 0.117499977
v -0.0658999607 0.0335999876 0.116699964
v -0.064899981 0.0301000103 0.127599984
v 0.0421000123 0.0332000405 0.220999986
v 0.0440999791 0.0288000926 0.2315
v 0.0465000197 0.0295000225 0.227099985
v -0.0684000254 0.0307000503 0.1241
v -0.064899981 0.0301000103 0.127599984
v -0.0658999607 0.0335999876 0.116699964
v 0.0371999703 0.03329999 0.223399997
v 0.0351999998 0.0389000326 0.209899992
v 0.0285000205 0.0396000296 0.211499989
v -0.060500022 0.0337000117 0.117499977
v -0.0540000126 0.0338000283 0.117700011
v -0.0554000102 0.0386000499 0.103200048
v 0.0310000107 0.0335999802 0.225499988
v 0.0285000205 0.0396000296 0.211499989
v 0.0210000202 0.0400000289 0.213199988
v -0.0478000008 0.0387000069 0.102700032
v -0.0554000102 0.0386000499 0.103200048
v -0.0540000126 0.0338000283 0.117700011
v 0.0310000107 0.0335999802 0.225499988
v 0.0238999687 0.0339999944 0.227099985
v 0.0268999897 0.0289000943 0.239800006
v -0.0461000204 0.0298000202 0.130499989
v -0.0467000008 0.0338000283 0.117199987
v -0.0540000126 0.0338000283 0.117700011
v 0.0310000107 0.0335999802 0.225499988
v 0.0337999985 0.028500095 0.237899989
v 0.0396000072 0.0283000916 0.235100001
v -0.0595999919 0.0296000466 0.129799992
v -0.053199999 0.0296000466 0.130799979
v -0.0540000126 0.0338000283 0.117700011
v 0.045400016 0.0406000093 0.196499974
v 0.0452999994 0.0463000089 0.185299963
v 0.0397000313 0.0486000404 0.187099963
v -0.0759000108 0.0397000462 0.0937000364
v -0.070299983 0.0414000377 0.0933000222
v -0.0730000138 0.0467000157 0.0825000107
v 0.0400000215 0.042500034 0.197899967
v 0.0397000313 0.0486000404 0.187099963
v 0.0332000181 0.050400041 0.188999981
v -0.0661000013 0.0482000262 0.0822000206
v -0.0730000138 0.0467000157 0.0825000107
v -0.070299983 0.0414000377 0.0933000222
v 0.0339000188 0.0439000204 0.199399978
v 0.0351999998 0.0389000326 0.209899992
v 0.040899992 0.0380000025 0.208199993
v -0.0638999939 0.0425000414 0.0929000154
v -0.070299983 0.0414000377 0.0933000222
v -0.0683000013 0.0375999957 0.103800036
v 0.0400000215 0.042500034 0.197899967
v 0.040899992 0.0380000025 0.208199993
v 0.0458999798 0.036499992 0.206899971
v -0.0734999701 0.0363000184 0.104100026
v -0.0683000013 0.0375999957 0.103800036
v -0.070299983 0.0414000377 0.0933000222
v 0.0339000188 0.0439000204 0.199399978
v 0.0332000181 0.050400041 0.188999981
v 0.0256999694 0.0521000177 0.190999955
v -0.0638999939 0.0425000414 0.0929000154
v -0.0566999912 0.043400012 0.0924000591
v -0.0583000109 0.0496000275 0.0819000378
v 0.0267999694 0.0450999811 0.201099962
v 0.0256999694 0.0521000177 0.190999955
v 0.0174000189 0.0532000214 0.193199962
v -0.0497000217 0.050400041 0.0815000385
v -0.0583000109 0.0496000275 0.0819000378
v -0.0566999912 0.043400012 0.0924000591
v 0.0189999901 0.0459000021 0.202999979
v 0.0210000202 0.0400000289 0.213199988
v 0.0285000205 0.0396000296 0.211499989
v -0.0486000106 0.0438000187 0.0918000191
v -0.0566999912 0.043400012 0.0924000591
v -0.0554000102 0.0386000499 0.103200048
v 0.0267999694 0.0450999811 0.201099962
v 0.0285000205 0.0396000296 0.211499989
v 0.0351999998 0.0389000326 0.209899992
v -0.062300019 0.0383000001 0.103599995
v -0.0554000102 0.0386000499 0.103200048
v -0.0566999912 0.043400012 0.0924000591
v 0.00150001049 0.0151000991 0.0341000333
v -0.00629997998 0.0219001099 0.0152000487
v 0.00109999999 0.0219001099 0.0157000199
v -0.0824999809 0.00140011311 -0.0720000044
v -0.0897999927 0.00230011344 -0.0703000054
v -0.0871000215 0.00690010935 -0.0901999995
v 0.00910001993 0.0156001002 0.033500053
v 0.00109999999 0.0219001099 0.0157000199
v 0.00690000877 0.0230001062 0.0208000317
v -0.09109997 0.00870011002 -0.0836999938
v -0.0871000215 0.00690010935 -0.0901999995
v -0.0897999927 0.00230011344 -0.0703000054
v 0.0139999911 0.0188001022 0.0338000432
v 0.0231000111 0.0152001008 0.0551000647
v 0.0177999698 0.0112001002 0.0557000451
v -0.0943000317 0.00580010563 -0.0688999966
v -0.0897999927 0.00230011344 -0.0703000054
v -0.091799967 -0.000199899077 -0.0463000014
v 0.00910001993 0.0156001002 0.033500053
v 0.0177999698 0.0112001002 0.0557000451
v 0.00989997014 0.0100001022 0.0572000556
v -0.0838999748 -0.00179989636 -0.0471000001
v -0.091799967 -0.000199899077 -0.0463000014
v -0.0897999927 0.00230011344 -0.0703000054
v 0.00150001049 0.0151000991 0.0341000333
v 0.00989997014 0.0100001022 0.0572000556
v -0.00180000998 0.00959999859 0.0603000335
v -0.0824999809 0.00140011311 -0.0720000044
v -0.0709999651 0.000700116158 -0.0729000047
v -0.0716999695 -0.002599895 -0.0475000069
v -0.00980002061 0.0149000958 0.0365000144
v -0.00180000998 0.00959999859 0.0603000335
v -0.0134000201 0.00959999859 0.0638000146
v -0.0597000085 -0.00309990346 -0.0475000069
v -0.0716999695 -0.002599895 -0.0475000069
v -0.0709999651 0.000700116158 -0.0729000047
v -0.0210000277 0.0147000998 0.0397000611
v -0.027700007 0.0214000046 0.0195000544
v -0.0167999864 0.0218000039 0.0168000236
v -0.0593000017 1.1920929e-07 -0.0730999038
v -0.0709999651 0.000700116158 -0.0729000047
v -0.0697000027 0.00590010732 -0.0942999944
v -0.00980002061 0.0149000958 0.0365000144
v -0.0167999864 0.0218000039 0.0168000236
v -0.00629997998 0.0219001099 0.0152000487
v -0.0802999735 0.00650011003 -0.0927999988
v -0.0697000027 0.00590010732 -0.0942999944
v -0.0709999651 0.000700116158 -0.0729000047
v 0.0150999986 0.000400096178 0.109599978
v 0.00319998898 0.000500097871 0.113299996
v -0.00129998103 0.00330010056 0.0970000401
v -0.0617999993 -0.00649990141 -0.0119000077
v -0.0613999888 -0.00800000131 0.00529999286
v -0.0738999844 -0.00759990513 0.00509998947
v 0.0150999986 0.000400096178 0.109599978
v 0.0100999996 0.00330010056 0.0937000364
v 0.0221999809 0.00390009582 0.0907000601
v -0.0860999823 -0.00499990582 -0.0111000091
v -0.0735999942 -0.00609989464 -0.0116999075
v -0.0738999844 -0.00759990513 0.00509998947
v 0.0275999904 0.00100010633 0.10620001
v 0.0335000083 -0.00190000236 0.121499985
v 0.0199000202 -0.00239990652 0.125499994
v -0.0867999718 -0.00649990141 0.00549998879
v -0.0738999844 -0.00759990513 0.00509998947
v -0.0738999844 -0.00919990242 0.021900028
v 0.0199000202 -0.00239990652 0.125499994
v 0.00690000877 -0.00229999423 0.129899949
v 0.00319998898 0.000500097871 0.113299996
v -0.0738999844 -0.00919990242 0.021900028
v -0.0738999844 -0.00759990513 0.00509998947
v -0.0613999888 -0.00800000131 0.00529999286
v 0.0275999904 0.00100010633 0.10620001
v 0.0221999809 0.00390009582 0.0907000601
v 0.0310999714 0.00559999794 0.0888000578
v -0.0867999718 -0.00649990141 0.00549998879
v -0.096499972 -0.00439989567 0.00590009242
v -0.0950999781 -0.00289990008 -0.0105000064
v 0.0371999703 0.002700001 0.103900045
v 0.0310999714 0.00559999794 0.0888000578
v 0.0371999703 0.0100001022 0.0877000391
v -0.101000011 0.00180010498 -0.0101000071
v -0.0950999781 -0.00289990008 -0.0105000064
v -0.096499972 -0.00439989567 0.00590009242
v 0.0437999889 0.00710009784 0.102899998
v 0.0511000082 0.00400009751 0.116999954
v 0.043900013 -0.000199899077 0.118599974
v -0.102999978 0.000200003386 0.00649999082
v -0.096499972 -0.00439989567 0.00590009242
v -0.0988000035 -0.00609989464 0.022100009
v 0.0371999703 0.002700001 0.103900045
v 0.043900013 -0.000199899077 0.118599974
v 0.0335000083 -0.00190000236 0.121499985
v -0.0881000087 -0.0080998987 0.022000052
v -0.0988000035 -0.00609989464 0.022100009
v -0.096499972 -0.00439989567 0.00590009242
v -0.00690001994 0.00610009581 0.0817000046
v -0.0134000201 0.00959999859 0.0638000146
v -0.00180000998 0.00959999859 0.0603000335
v -0.0608000085 -0.00509990752 -0.0282999948
v -0.0727000237 -0.00459989905 -0.0281000063
v -0.0716999695 -0.002599895 -0.0475000069
v 0.00459997915 0.00599999726 0.0784000531
v -0.00180000998 0.00959999859 0.0603000335
v 0.00989997014 0.0100001022 0.0572000556
v -0.0838999748 -0.00179989636 -0.0471000001
v -0.0716999695 -0.002599895 -0.0475000069
v -0.0727000237 -0.00459989905 -0.0281000063
v 0.0166000091 0.00660009682 0.0752000511
v 0.0221999809 0.00390009582 0.0907000601
v 0.0100999996 0.00330010056 0.0937000364
v -0.0852000117 -0.00359989703 -0.0276999995
v -0.0727000237 -0.00459989905 -0.0281000063
v -0.0735999942 -0.00609989464 -0.0116999075
v 0.00459997915 0.00599999726 0.0784000531
v 0.0100999996 0.00330010056 0.0937000364
v -0.00129998103 0.00330010056 0.0970000401
v -0.0617999993 -0.00649990141 -0.0119000077
v -0.0735999942 -0.00609989464 -0.0116999075
v -0.0727000237 -0.00459989905 -0.0281000063
v 0.0166000091 0.00660009682 0.0752000511
v 0.00989997014 0.0100001022 0.0572000556
v 0.0177999698 0.0112001002 0.0557000451
v -0.0852000117 -0.00359989703 -0.0276999995
v -0.0939000174 -0.00169989467 -0.0271000043
v -0.091799967 -0.000199899077 -0.0463000014
v 0.0251999982 0.00809999555 0.0733000487
v 0.0177999698 0.0112001002 0.0557000451
v 0.0231000111 0.0152001008 0.0551000647
v -0.0968999788 0.00410010666 -0.0457000062
v -0.091799967 -0.000199899077 -0.0463000014
v -0.0939000174 -0.00169989467 -0.0271000043
v 0.0306000113 0.0125000998 0.0724000186
v 0.0371999703 0.0100001022 0.0877000391
v 0.0310999714 0.00559999794 0.0888000578
v -0.0990999937 0.00290009379 -0.0267998949
v -0.0939000174 -0.00169989467 -0.0271000043
v -0.0950999781 -0.00289990008 -0.0105000064
v 0.0251999982 0.00809999555 0.0733000487
v 0.0310999714 0.00559999794 0.0888000578
v 0.0221999809 0.00390009582 0.0907000601
v -0.0860999823 -0.00499990582 -0.0111000091
v -0.0950999781 -0.00289990008 -0.0105000064
v -0.0939000174 -0.00169989467 -0.0271000043
v 0.0361000299 0.0781999975 0.121099979
v 0.0340999886 0.0822000057 0.106500007
v 0.0310999714 0.0881000385 0.114800014
v -0.0878000185 0.0717000067 0.0162000507
v -0.0832999945 0.0770000443 0.0183000416
v -0.0845000148 0.0811000168 0.00779999793
v 0.0326999985 0.083400026 0.124799997
v 0.0310999714 0.0881000385 0.114800014
v 0.0260999799 0.0935000405 0.119999975
v -0.0782999918 0.0865000114 0.0108000487
v -0.0845000148 0.0811000168 0.00779999793
v -0.0832999945 0.0770000443 0.0183000416
v 0.0271000192 0.0885000378 0.129299968
v 0.0286999904 0.0813000351 0.139499992
v 0.0344999991 0.077399984 0.136000007
v -0.076399982 0.082000047 0.0206000581
v -0.0832999945 0.0770000443 0.0183000416
v -0.0819000006 0.0719000325 0.0299000591
v 0.0326999985 0.083400026 0.124799997
v 0.0344999991 0.077399984 0.136000007
v 0.0386999808 0.0730999857 0.13319996
v -0.0868999884 0.0676000342 0.0288000479
v -0.0819000006 0.0719000325 0.0299000591
v -0.0832999945 0.0770000443 0.0183000416
v 0.0271000192 0.0885000378 0.129299968
v 0.0260999799 0.0935000405 0.119999975
v 0.0179999992 0.0975999981 0.125799984
v -0.076399982 0.082000047 0.0206000581
v -0.0662000105 0.0852999911 0.0224000588
v -0.0687000155 0.0905000269 0.0138000697
v 0.0181000195 0.09200003 0.134200007
v 0.0179999992 0.0975999981 0.125799984
v 0.00669996999 0.100600019 0.131199986
v -0.05620002 0.0930000246 0.0156000704
v -0.0687000155 0.0905000269 0.0138000697
v -0.0662000105 0.0852999911 0.0224000588
v 0.00650000013 0.0946999937 0.139399976
v 0.00789998844 0.0865000039 0.148299962
v 0.0194000006 0.0842999965 0.143900007
v -0.0536000095 0.0877000317 0.0238000602
v -0.0662000105 0.0852999911 0.0224000588
v -0.064899981 0.0784000456 0.0326000303
v 0.0181000195 0.09200003 0.134200007
v 0.0194000006 0.0842999965 0.143900007
v 0.0286999904 0.0813000351 0.139499992
v -0.0752000213 0.0757000148 0.0313000455
v -0.064899981 0.0784000456 0.0326000303
v -0.0662000105 0.0852999911 0.0224000588
v 0.00809996948 0.027000092 0.246699989
v 0.00260001048 0.0281000882 0.243299991
v 0.00199997053 0.025699988 0.246399999
v -0.0203999877 0.0256000981 0.129899949
v -0.0217999816 0.0277000964 0.127000004
v -0.0261999965 0.0271999985 0.131899983
v 0.00829999894 0.0249000937 0.249799997
v 0.0149000213 0.0245000944 0.250200003
v 0.0141999684 0.0266000926 0.247000009
v -0.0254999995 0.0253001004 0.134999961
v -0.0261999965 0.0271999985 0.131899983
v -0.0318000317 0.0271001011 0.133899957
v 0.00809996948 0.027000092 0.246699989
v 0.0141999684 0.0266000926 0.247000009
v 0.0124999806 0.0295000225 0.24090001
v -0.0318999887 0.0296000466 0.127399951
v -0.0318000317 0.0271001011 0.133899957
v -0.0261999965 0.0271999985 0.131899983
v 0.00700001977 0.0296999887 0.240799993
v 0.0033000093 0.0301000029 0.238999993
v 0.00260001048 0.0281000882 0.243299991
v -0.0267000198 0.02950003 0.125699967
v -0.0261999965 0.0271999985 0.131899983
v -0.0217999816 0.0277000964 0.127000004
v 0.0210999809 0.0262000933 0.247000009
v 0.0141999684 0.0266000926 0.247000009
v 0.0149000213 0.0245000944 0.250200003
v -0.0315999985 0.0253001004 0.137299985
v -0.0318000317 0.0271001011 0.133899957
v -0.038500011 0.0271999985 0.135899991
v 0.022099968 0.024100095 0.250099897
v 0.0296999812 0.0235999897 0.249000013
v 0.0285000205 0.025800094 0.246100008
v -0.0386000201 0.0253001004 0.139399976
v -0.038500011 0.0271999985 0.135899991
v -0.0458999798 0.0271001011 0.137299985
v 0.0210999809 0.0262000933 0.247000009
v 0.0285000205 0.025800094 0.246100008
v 0.0268999897 0.0289000943 0.239800006
v -0.0461000204 0.0298000202 0.130499989
v -0.0458999798 0.0271001011 0.137299985
v -0.038500011 0.0271999985 0.135899991
v 0.0195000097 0.0292999893 0.24059999
v 0.0124999806 0.0295000225 0.24090001
v 0.0141999684 0.0266000926 0.247000009
v -0.0386999808 0.0296999961 0.129199952
v -0.038500011 0.0271999985 0.135899991
v -0.0318000317 0.0271001011 0.133899957
v 0.00840001926 0.0228000954 0.252700001
v 0.00150001049 0.0231999904 0.249000013
v 0.000699989498 0.0198000893 0.25150001
v -0.0178999901 0.0199000984 0.134799987
v -0.019200027 0.0231999978 0.132499963
v -0.0248000026 0.0234000981 0.137999982
v 0.00800000876 0.0195000917 0.255400002
v 0.0156999789 0.0191000924 0.256099999
v 0.0153999887 0.0224000886 0.253199995
v -0.0238000154 0.0202000961 0.140799969
v -0.0248000026 0.0234000981 0.137999982
v -0.0314000249 0.0235000998 0.140499979
v 0.00840001926 0.0228000954 0.252700001
v 0.0153999887 0.0224000886 0.253199995
v 0.0149000213 0.0245000944 0.250200003
v -0.0315999985 0.0253001004 0.137299985
v -0.0314000249 0.0235000998 0.140499979
v -0.0248000026 0.0234000981 0.137999982
v 0.00829999894 0.0249000937 0.249799997
v 0.00199997053 0.025699988 0.246399999
v 0.00150001049 0.0231999904 0.249000013
v -0.0254999995 0.0253001004 0.134999961
v -0.0248000026 0.0234000981 0.137999982
v -0.019200027 0.0231999978 0.132499963
v 0.023199968 0.0220999941 0.252900004
v 0.0153999887 0.0224000886 0.253199995
v 0.0156999789 0.0191000924 0.256099999
v -0.0309000015 0.0204000995 0.143599957
v -0.0314000249 0.0235000998 0.140499979
v -0.0389000103 0.0235999972 0.142499954
v 0.0243999884 0.0188000947 0.255400002
v 0.0329999886 0.0184999928 0.253399998
v 0.031199988 0.02160009 0.251399994
v -0.0393999815 0.0206000954 0.145499974
v -0.0389000103 0.0235999972 0.142499954
v -0.0469999909 0.0235000998 0.143399984
v 0.023199968 0.0220999941 0.252900004
v 0.031199988 0.02160009 0.251399994
v 0.0296999812 0.0235999897 0.249000013
v -0.0461000204 0.0252000988 0.140599996
v -0.0469999909 0.0235000998 0.143399984
v -0.0389000103 0.0235999972 0.142499954
v 0.022099968 0.024100095 0.250099897
v 0.0149000213 0.0245000944 0.250200003
v 0.0153999887 0.0224000886 0.253199995
v -0.0386000201 0.0253001004 0.139399976
v -0.0389000103 0.0235999972 0.142499954
v -0.0314000249 0.0235000998 0.140499979
v -0.050800018 0.0732000172 0.041300036
v -0.0544999801 0.070500046 0.0525000468
v -0.0522000119 0.0802999884 0.0556000248
v -0.0220000148 0.0644000471 -0.071800001
v -0.0212000012 0.0545000061 -0.0747000054
v -0.027700007 0.0567000136 -0.0845000073
v -0.0480999909 0.0837000236 0.0433000177
v -0.0432000086 0.085900031 0.0364000574
v -0.0458999798 0.0751000345 0.0346000567
v -0.0288000107 0.0674000084 -0.0824000016
v -0.027700007 0.0567000136 -0.0845000073
v -0.033999972 0.0585000142 -0.0897000059
v -0.050800018 0.0732000172 0.041300036
v -0.0458999798 0.0751000345 0.0346000567
v -0.0472000204 0.0637000427 0.0323000401
v -0.0344999991 0.0469000041 -0.0915000066
v -0.033999972 0.0585000142 -0.0897000059
v -0.027700007 0.0567000136 -0.0845000073
v -0.050800018 0.0732000172 0.041300036
v -0.0519000217 0.0621000081 0.0385000482
v -0.0552999899 0.0601999983 0.0488000363
v -0.0221999884 0.0440000594 -0.0777998939
v -0.0282999873 0.0454000458 -0.0868000016
v -0.027700007 0.0567000136 -0.0845000073
v -0.0390999913 0.076600045 0.0291000381
v -0.0458999798 0.0751000345 0.0346000567
v -0.0432000086 0.085900031 0.0364000574
v -0.0350000188 0.0694000348 -0.0879000053
v -0.033999972 0.0585000142 -0.0897000059
v -0.0418999717 0.0600000247 -0.0931999013
v -0.0364999697 0.0874000415 0.0309000388
v -0.0282999873 0.0880000219 0.0265000314
v -0.029399991 0.0771000013 0.0245000571
v -0.0429000184 0.0711000264 -0.0915000066
v -0.0418999717 0.0600000247 -0.0931999013
v -0.0521000028 0.0608999953 -0.0950000063
v -0.0390999913 0.076600045 0.0291000381
v -0.029399991 0.0771000013 0.0245000571
v -0.0307999849 0.0658000335 0.0223000497
v -0.0526999794 0.0493000448 -0.0966000035
v -0.0521000028 0.0608999953 -0.0950000063
v -0.0418999717 0.0600000247 -0.0931999013
v -0.0404000208 0.0651000366 0.0269000381
v -0.0472000204 0.0637000427 0.0323000401
v -0.0458999798 0.0751000345 0.0346000567
v -0.0424000025 0.0483000576 -0.0948000029
v -0.0418999717 0.0600000247 -0.0931999013
v -0.033999972 0.0585000142 -0.0897000059
v -0.0441999994 0.0946000442 0.0449000373
v -0.0489000008 0.0900000483 0.0570000187
v -0.0454000197 0.0972000062 0.0574000292
v -0.0267999768 0.0815000162 -0.0693000033
v -0.0242000222 0.0741000473 -0.0702000037
v -0.0313000083 0.078300029 -0.0807000026
v -0.040099971 0.102500036 0.0460000485
v -0.0350999795 0.105100006 0.0403000563
v -0.0390999913 0.0970000178 0.0384000391
v -0.034200009 0.0865000188 -0.0791000053
v -0.0313000083 0.078300029 -0.0807000026
v -0.0375999808 0.0807000101 -0.0856999084
v -0.0441999994 0.0946000442 0.0449000373
v -0.0390999913 0.0970000178 0.0384000391
v -0.0432000086 0.085900031 0.0364000574
v -0.0350000188 0.0694000348 -0.0879000053
v -0.0375999808 0.0807000101 -0.0856999084
v -0.0313000083 0.078300029 -0.0807000026
v -0.0480999909 0.0837000236 0.0433000177
v -0.0522000119 0.0802999884 0.0556000248
v -0.0489000008 0.0900000483 0.0570000187
v -0.0288000107 0.0674000084 -0.0824000016
v -0.0313000083 0.078300029 -0.0807000026
v -0.0242000222 0.0741000473 -0.0702000037
v -0.0332999825 0.0985000283 0.0336000174
v -0.0390999913 0.0970000178 0.0384000391
v -0.0350999795 0.105100006 0.0403000563
v -0.040099971 0.0892000496 -0.0835000053
v -0.0375999808 0.0807000101 -0.0856999084
v -0.0441999994 0.0824000463 -0.088899903
v -0.0297999978 0.106600016 0.0365000218
v -0.0236999989 0.107100032 0.0336000174
v -0.0260000229 0.0990000069 0.0297000185
v -0.0458999798 0.0909000263 -0.0859000012
v -0.0441999994 0.0824000463 -0.088899903
v -0.0525000021 0.0832000077 -0.0908999965
v -0.0332999825 0.0985000283 0.0336000174
v -0.0260000229 0.0990000069 0.0297000185
v -0.0282999873 0.0880000219 0.0265000314
v -0.0521000028 0.0719000399 -0.0936999992
v -0.0525000021 0.0832000077 -0.0908999965
v -0.0441999994 0.0824000463 -0.088899903
v -0.0364999697 0.0874000415 0.0309000388
v -0.0432000086 0.085900031 0.0364000574
v -0.0390999913 0.0970000178 0.0384000391
v -0.0429000184 0.0711000264 -0.0915000066
v -0.0441999994 0.0824000463 -0.088899903
v -0.0375999808 0.0807000101 -0.0856999084
v 0.00709998049 0.013800092 0.257999897
v -0.000899979845 0.0144000947 0.253800005
v -0.00220001116 0.00770009309 0.255299985
v -0.0144000063 0.00790009648 0.138599962
v -0.0159000158 0.0145000964 0.136999995
v -0.022300005 0.0148001015 0.143299967
v 0.00620000996 0.00700008869 0.259499997
v 0.0154999979 0.00629999489 0.260600001
v 0.0156999789 0.013300091 0.258899987
v -0.0213000178 0.00800009817 0.145099968
v -0.022300005 0.0148001015 0.143299967
v -0.0303000212 0.0148001015 0.146799952
v 0.00709998049 0.013800092 0.257999897
v 0.0156999789 0.013300091 0.258899987
v 0.0156999789 0.0191000924 0.256099999
v -0.0309000015 0.0204000995 0.143599957
v -0.0303000212 0.0148001015 0.146799952
v -0.022300005 0.0148001015 0.143299967
v 0.00800000876 0.0195000917 0.255400002
v 0.000699989498 0.0198000893 0.25150001
v -0.000899979845 0.0144000947 0.253800005
v -0.0238000154 0.0202000961 0.140799969
v -0.022300005 0.0148001015 0.143299967
v -0.0159000158 0.0145000964 0.136999995
v 0.0253999792 0.0131000951 0.2579
v 0.0156999789 0.013300091 0.258899987
v 0.0154999979 0.00629999489 0.260600001
v -0.0297999978 0.00790009648 0.148900002
v -0.0303000212 0.0148001015 0.146799952
v -0.0399000011 0.0151000991 0.148699969
v 0.026199989 0.00610008836 0.259499997
v 0.0364000201 0.00620009005 0.256599993
v 0.0347999893 0.0131000951 0.255400002
v -0.0404000208 0.0083000958 0.150999993
v -0.0399000011 0.0151000991 0.148699969
v -0.0495999977 0.0154000968 0.148999959
v 0.0253999792 0.0131000951 0.2579
v 0.0347999893 0.0131000951 0.255400002
v 0.0329999886 0.0184999928 0.253399998
v -0.0483000204 0.0206000954 0.146099955
v -0.0495999977 0.0154000968 0.148999959
v -0.0399000011 0.0151000991 0.148699969
v 0.0243999884 0.0188000947 0.255400002
v 0.0156999789 0.0191000924 0.256099999
v 0.0156999789 0.013300091 0.258899987
v -0.0393999815 0.0206000954 0.145499974
v -0.0399000011 0.0151000991 0.148699969
v -0.0303000212 0.0148001015 0.146799952
v -0.00230002962 0.000300094485 0.255400002
v -0.00190002099 -0.00419990718 0.253399998
v 0.00440000929 -0.00579990447 0.256099999
v -0.0145999789 0.000599995255 0.139200002
v -0.0213999748 0.000900000334 0.145499974
v -0.0210999846 -0.00509990752 0.14229998
v 0.00599998049 -0.000100001693 0.259499997
v 0.00440000929 -0.00579990447 0.256099999
v 0.0138999783 -0.00619989634 0.256799996
v -0.0299000144 -0.00489990413 0.145799965
v -0.0210999846 -0.00509990752 0.14229998
v -0.0213999748 0.000900000334 0.145499974
v 0.00599998049 -0.000100001693 0.259499997
v 0.0152999684 -0.000699907541 0.260600001
v 0.0154999979 0.00629999489 0.260600001
v -0.0297999978 0.00790009648 0.148900002
v -0.0299999714 0.00100010633 0.149399966
v -0.0213999748 0.000900000334 0.145499974
v 0.00620000996 0.00700008869 0.259499997
v -0.00220001116 0.00770009309 0.255299985
v -0.00230002962 0.000300094485 0.255400002
v -0.0213000178 0.00800009817 0.145099968
v -0.0213999748 0.000900000334 0.145499974
v -0.0145999789 0.000599995255 0.139200002
v 0.0152999684 -0.000699907541 0.260600001
v 0.0138999783 -0.00619989634 0.256799996
v 0.0253000185 -0.00679990649 0.255400002
v -0.0299999714 0.00100010633 0.149399966
v -0.040899992 0.00120009482 0.151599973
v -0.0411999822 -0.00489990413 0.147699982
v 0.0253000185 -0.00679990649 0.255400002
v 0.0361999795 -0.00719989836 0.252400011
v 0.0368999802 -0.00109989941 0.256500006
v -0.0411999822 -0.00489990413 0.147699982
v -0.040899992 0.00120009482 0.151599973
v -0.0518000126 0.0015000999 0.15169999
v 0.0263999701 -0.000999897718 0.259499997
v 0.0368999802 -0.00109989941 0.256500006
v 0.0364000201 0.00620009005 0.256599993
v -0.0509999916 0.00880009681 0.15109995
v -0.0518000126 0.0015000999 0.15169999
v -0.040899992 0.00120009482 0.151599973
v 0.026199989 0.00610008836 0.259499997
v 0.0154999979 0.00629999489 0.260600001
v 0.0152999684 -0.000699907541 0.260600001
v -0.0404000208 0.0083000958 0.150999993
v -0.040899992 0.00120009482 0.151599973
v -0.0299999714 0.00100010633 0.149399966
v -0.0519000217 0.0267001018 0.0385000408
v -0.0536000095 0.0378000289 0.0411000624
v -0.0511000082 0.038800016 0.0306000412
v -0.0296999812 0.0101001039 -0.0842000023
v -0.0350000188 0.0110000074 -0.0935999081
v -0.0322999954 0.0218000039 -0.0924000069
v -0.0495999977 0.0281000957 0.0279000103
v -0.0511000082 0.038800016 0.0306000412
v -0.0465000197 0.0392000303 0.0244000331
v -0.038500011 0.0220001042 -0.0969000086
v -0.0322999954 0.0218000039 -0.0924000069
v -0.0350000188 0.0110000074 -0.0935999081
v -0.0495999977 0.0281000957 0.0279000103
v -0.0447999798 0.0287001058 0.022000052
v -0.0414999723 0.0201001018 0.0269000307
v -0.043299973 0.00340011716 -0.0916000083
v -0.0412999913 0.0115001053 -0.0979999974
v -0.0350000188 0.0110000074 -0.0935999081
v -0.0468999706 0.0191000998 0.0325000584
v -0.0486999676 0.0199000984 0.0402000323
v -0.0519000217 0.0267001018 0.0385000408
v -0.0364999697 0.00250011683 -0.0878000036
v -0.0350000188 0.0110000074 -0.0935999081
v -0.0296999812 0.0101001039 -0.0842000023
v -0.0447999798 0.0287001058 0.022000052
v -0.0465000197 0.0392000303 0.0244000331
v -0.0397999808 0.0400000438 0.0192000642
v -0.0412999913 0.0115001053 -0.0979999974
v -0.0485000014 0.0123001039 -0.101000004
v -0.0464000106 0.0228001103 -0.100100003
v -0.0386999808 0.0295000374 0.0170000494
v -0.0397999808 0.0400000438 0.0192000642
v -0.0307999849 0.0407000482 0.0147000328
v -0.0562999807 0.0238001049 -0.101800002
v -0.0464000106 0.0228001103 -0.100100003
v -0.0485000014 0.0123001039 -0.101000004
v -0.0386999808 0.0295000374 0.0170000494
v -0.0302000046 0.0301000178 0.0131000578
v -0.027700007 0.0214000046 0.0195000544
v -0.0584999919 0.00510010868 -0.0948000029
v -0.0576999709 0.0132001042 -0.102299996
v -0.0485000014 0.0123001039 -0.101000004
v -0.0354999825 0.0209001005 0.022700049
v -0.0414999723 0.0201001018 0.0269000307
v -0.0447999798 0.0287001058 0.022000052
v -0.0501999781 0.00430011004 -0.0940000042
v -0.0485000014 0.0123001039 -0.101000004
v -0.0412999913 0.0115001053 -0.0979999974
v -0.0548999906 0.0492000207 0.0449000373
v -0.0552999899 0.0601999983 0.0488000363
v -0.0519000217 0.0621000081 0.0385000482
v -0.0242000222 0.0328000486 -0.0807000026
v -0.0299000144 0.0335999951 -0.0899999961
v -0.0282999873 0.0454000458 -0.0868000016
v -0.0519999787 0.0506000072 0.0343000069
v -0.0519000217 0.0621000081 0.0385000482
v -0.0472000204 0.0637000427 0.0323000401
v -0.0344999991 0.0469000041 -0.0915000066
v -0.0282999873 0.0454000458 -0.0868000016
v -0.0299000144 0.0335999951 -0.0899999961
v -0.0472999811 0.0513000116 0.0282000676
v -0.0465000197 0.0392000303 0.0244000331
v -0.0511000082 0.038800016 0.0306000412
v -0.0361999795 0.0342999995 -0.0944999978
v -0.0299000144 0.0335999951 -0.0899999961
v -0.0322999954 0.0218000039 -0.0924000069
v -0.0519999787 0.0506000072 0.0343000069
v -0.0511000082 0.038800016 0.0306000412
v -0.0536000095 0.0378000289 0.0411000624
v -0.0268999934 0.0213001072 -0.0829999968
v -0.0322999954 0.0218000039 -0.0924000069
v -0.0299000144 0.0335999951 -0.0899999961
v -0.0472999811 0.0513000116 0.0282000676
v -0.0472000204 0.0637000427 0.0323000401
v -0.0404000208 0.0651000366 0.0269000381
v -0.0361999795 0.0342999995 -0.0944999978
v -0.0443000123 0.0353999957 -0.0977999941
v -0.0424000025 0.0483000576 -0.0948000029
v -0.0404999778 0.0524000078 0.0227000564
v -0.0404000208 0.0651000366 0.0269000381
v -0.0307999849 0.0658000335 0.0223000497
v -0.0526999794 0.0493000448 -0.0966000035
v -0.0424000025 0.0483000576 -0.0948000029
v -0.0443000123 0.0353999957 -0.0977999941
v -0.0309000015 0.0531000197 0.0183000416
v -0.0307999849 0.0407000482 0.0147000328
v -0.0397999808 0.0400000438 0.0192000642
v -0.0547000095 0.0364000499 -0.0994000062
v -0.0443000123 0.0353999957 -0.0977999941
v -0.0464000106 0.0228001103 -0.100100003
v -0.0404999778 0.0524000078 0.0227000564
v -0.0397999808 0.0400000438 0.0192000642
v -0.0465000197 0.0392000303 0.0244000331
v -0.038500011 0.0220001042 -0.0969000086
v -0.0464000106 0.0228001103 -0.100100003
v -0.0443000123 0.0353999957 -0.0977999941
v -0.0205000043 -0.00929990411 0.189899951
v -0.0282999873 -0.00609989464 0.192599982
v -0.0286999941 -0.00459989905 0.177699953
v -0.0123000201 -0.0107998997 0.0578000322
v -0.00840003043 -0.011399895 0.0723000467
v -0.0167000294 -0.0141998976 0.0722000301
v -0.0218999982 -0.00769999623 0.174400002
v -0.0123000201 -0.00749990344 0.170299977
v -0.00959999021 -0.0094999969 0.186099976
v -0.0198000073 -0.0136999041 0.0569000617
v -0.0167000294 -0.0141998976 0.0722000301
v -0.0282999873 -0.014099896 0.0718000308
v -0.0205000043 -0.00929990411 0.189899951
v -0.00959999021 -0.0094999969 0.186099976
v -0.00540000945 -0.0109000057 0.202399999
v -0.0274999738 -0.014099896 0.0886000097
v -0.0282999873 -0.014099896 0.0718000308
v -0.0167000294 -0.0141998976 0.0722000301
v -0.0174000263 -0.0101999938 0.205599993
v -0.0260999799 -0.00699999928 0.207899988
v -0.0282999873 -0.00609989464 0.192599982
v -0.0151000023 -0.0138999075 0.0882000178
v -0.0167000294 -0.0141998976 0.0722000301
v -0.00840003043 -0.011399895 0.0723000467
v 0.00359999947 -0.00989989936 0.181899995
v -0.00959999021 -0.0094999969 0.186099976
v -0.0123000201 -0.00749990344 0.170299977
v -0.0302000046 -0.0131998956 0.0557000414
v -0.0282999873 -0.014099896 0.0718000308
v -0.0421000123 -0.0139998943 0.0716000497
v -0.000199981034 -0.00759990513 0.165899962
v 0.0137000009 -0.00779989362 0.16139999
v 0.0181999803 -0.0102999061 0.177399963
v -0.043099992 -0.0128999054 0.055100061
v -0.0421000123 -0.0139998943 0.0716000497
v -0.0572999716 -0.0137999952 0.0716000497
v 0.00359999947 -0.00989989936 0.181899995
v 0.0181999803 -0.0102999061 0.177399963
v 0.0228999779 -0.0118999034 0.193599969
v -0.0572000109 -0.014099896 0.0885000676
v -0.0572999716 -0.0137999952 0.0716000497
v -0.0421000123 -0.0139998943 0.0716000497
v 0.00829999894 -0.0114998966 0.198199958
v -0.00540000945 -0.0109000057 0.202399999
v -0.00959999021 -0.0094999969 0.186099976
v -0.0418999717 -0.0141998976 0.0886000097
v -0.0421000123 -0.0139998943 0.0716000497
v -0.0282999873 -0.014099896 0.0718000308
v -0.0206000209 -0.00559990108 0.159700006
v -0.0271999836 -0.00249990821 0.163199976
v -0.0241000056 0.000300094485 0.146599978
v -0.0256000161 -0.00759990513 0.0292000547
v -0.0178999901 -0.0094999969 0.0443000495
v -0.0253000259 -0.0124998987 0.0431000292
v -0.0178999901 -0.00289990008 0.14319995
v -0.0105000203 -0.00239990652 0.138699979
v -0.0120999906 -0.00519999862 0.155099958
v -0.0327000022 -0.010699898 0.0279000103
v -0.0253000259 -0.0124998987 0.0431000292
v -0.034699969 -0.0118999034 0.0411000624
v -0.0206000209 -0.00559990108 0.159700006
v -0.0120999906 -0.00519999862 0.155099958
v -0.0123000201 -0.00749990344 0.170299977
v -0.0302000046 -0.0131998956 0.0557000414
v -0.034699969 -0.0118999034 0.0411000624
v -0.0253000259 -0.0124998987 0.0431000292
v -0.0218999982 -0.00769999623 0.174400002
v -0.0286999941 -0.00459989905 0.177699953
v -0.0271999836 -0.00249990821 0.163199976
v -0.0198000073 -0.0136999041 0.0569000617
v -0.0253000259 -0.0124998987 0.0431000292
v -0.0178999901 -0.0094999969 0.0443000495
v -0.00199997984 -0.00509990752 0.15049997
v -0.0120999906 -0.00519999862 0.155099958
v -0.0105000203 -0.00239990652 0.138699979
v -0.0410000011 -0.0100999027 0.0257000104
v -0.034699969 -0.0118999034 0.0411000624
v -0.0457999706 -0.0114998966 0.0396000519
v -0.0026000198 -0.00229999423 0.134299964
v 0.00690000877 -0.00229999423 0.129899949
v 0.00999999046 -0.00519999862 0.145899966
v -0.0497999713 -0.00980000198 0.0238000527
v -0.0457999706 -0.0114998966 0.0396000519
v -0.058600001 -0.0111999065 0.0387000218
v -0.00199997984 -0.00509990752 0.15049997
v 0.00999999046 -0.00519999862 0.145899966
v 0.0137000009 -0.00779989362 0.16139999
v -0.0576999709 -0.0125999004 0.0548000112
v -0.058600001 -0.0111999065 0.0387000218
v -0.0457999706 -0.0114998966 0.0396000519
v -0.000199981034 -0.00759990513 0.165899962
v -0.0123000201 -0.00749990344 0.170299977
v -0.0120999906 -0.00519999862 0.155099958
v -0.043099992 -0.0128999054 0.055100061
v -0.0457999706 -0.0114998966 0.0396000519
v -0.034699969 -0.0118999034 0.0411000624
v 0.0142999813 0.0622000322 0.180699974
v 0.011500001 0.0707000047 0.167399973
v 0.00230002031 0.0711000115 0.169999987
v -0.0500999615 0.0583999977 0.0680000558
v -0.040700011 0.0581000075 0.0672000498
v -0.0414000079 0.0658999905 0.0536000542
v 0.00510000996 0.0623000488 0.182699949
v 0.00230002031 0.0711000115 0.169999987
v -0.00569999963 0.0702999979 0.172299951
v -0.033100009 0.0648000389 0.0535000339
v -0.0414000079 0.0658999905 0.0536000542
v -0.040700011 0.0581000075 0.0672000498
v -0.00290000997 0.0615999922 0.184699982
v -0.000599989668 0.0525000244 0.196399957
v 0.00789998844 0.0533000305 0.194799989
v -0.032400012 0.0571000203 0.0668000355
v -0.040700011 0.0581000075 0.0672000498
v -0.0401999876 0.0500999913 0.0802000538
v 0.00789998844 0.0533000305 0.194799989
v 0.0174000189 0.0532000214 0.193199962
v 0.0142999813 0.0622000322 0.180699974
v -0.0401999876 0.0500999913 0.0802000538
v -0.040700011 0.0581000075 0.0672000498
v -0.0500999615 0.0583999977 0.0680000558
v -0.00290000997 0.0615999922 0.184699982
v -0.00569999963 0.0702999979 0.172299951
v -0.0112000201 0.0690000206 0.174499959
v -0.032400012 0.0571000203 0.0668000355
v -0.0264999866 0.0554000288 0.0668000355
v -0.0271999836 0.0633000284 0.0541000143
v -0.00880003069 0.0601000413 0.18629995
v -0.0112000201 0.0690000206 0.174499959
v -0.0151000023 0.0668000132 0.176399976
v -0.0231000185 0.0610000119 0.0550000444
v -0.0271999836 0.0633000284 0.0541000143
v -0.0264999866 0.0554000288 0.0668000355
v -0.0130000208 0.0578000173 0.18779996
v -0.0111000007 0.0489000231 0.199299961
v -0.00669998117 0.0511000305 0.197999984
v -0.0220000148 0.0529000387 0.0672000498
v -0.0264999866 0.0554000288 0.0668000355
v -0.0253000259 0.047200039 0.0792000666
v -0.00880003069 0.0601000413 0.18629995
v -0.00669998117 0.0511000305 0.197999984
v -0.000599989668 0.0525000244 0.196399957
v -0.0315999985 0.0489000306 0.0794000477
v -0.0253000259 0.047200039 0.0792000666
v -0.0264999866 0.0554000288 0.0668000355
v 0.00940001011 0.0788999945 0.157299966
v 0.00789998844 0.0865000039 0.148299962
v -0.00309997983 0.0874000341 0.152399987
v -0.051599972 0.0732000172 0.0429000705
v -0.0411000177 0.0732000172 0.0427000374
v -0.0407999679 0.0807000026 0.0340000167
v -0.000599989668 0.0792000443 0.16019997
v -0.00309997983 0.0874000341 0.152399987
v -0.0120999906 0.0867000371 0.155000001
v -0.0314000249 0.079700008 0.0339000672
v -0.0407999679 0.0807000026 0.0340000167
v -0.0411000177 0.0732000172 0.0427000374
v -0.00900000986 0.0787000209 0.163399965
v -0.00569999963 0.0702999979 0.172299951
v 0.00230002031 0.0711000115 0.169999987
v -0.0322999954 0.0723999888 0.0434000269
v -0.0411000177 0.0732000172 0.0427000374
v -0.0414000079 0.0658999905 0.0536000542
v -0.000599989668 0.0792000443 0.16019997
v 0.00230002031 0.0711000115 0.169999987
v 0.011500001 0.0707000047 0.167399973
v -0.0414000079 0.0658999905 0.0536000542
v -0.0411000177 0.0732000172 0.0427000374
v -0.051599972 0.0732000172 0.0429000705
v -0.00900000986 0.0787000209 0.163399965
v -0.0120999906 0.0867000371 0.155000001
v -0.0181000233 0.0844000131 0.156399995
v -0.0322999954 0.0723999888 0.0434000269
v -0.0263000131 0.0706000477 0.0436000675
v -0.0254999995 0.0772000253 0.0337000266
v -0.0146999964 0.0770999938 0.165199965
v -0.0181000233 0.0844000131 0.156399995
v -0.0220000148 0.0812000185 0.157199949
v -0.0214999914 0.0737000331 0.0335000604
v -0.0254999995 0.0772000253 0.0337000266
v -0.0263000131 0.0706000477 0.0436000675
v -0.0184999704 0.0745999962 0.166699976
v -0.0151000023 0.0668000132 0.176399976
v -0.0112000201 0.0690000206 0.174499959
v -0.0224000216 0.0680000484 0.0441000313
v -0.0263000131 0.0706000477 0.0436000675
v -0.0271999836 0.0633000284 0.0541000143
v -0.0146999964 0.0770999938 0.165199965
v -0.0112000201 0.0690000206 0.174499959
v -0.00569999963 0.0702999979 0.172299951
v -0.033100009 0.0648000389 0.0535000339
v -0.0271999836 0.0633000284 0.0541000143
v -0.0263000131 0.0706000477 0.0436000675
v -0.00760000944 -0.00609989464 0.247399986
v -0.0146999964 -0.00679990649 0.236200005
v -0.00679999962 -0.00959989429 0.234999985
v -0.0120999906 -0.00660000741 0.130499989
v -0.0189999938 -0.00869989395 0.13289997
v -0.0166000128 -0.0109000057 0.119299971
v -0.000500030816 -0.00859990716 0.247500002
v -0.00679999962 -0.00959989429 0.234999985
v 0.00429998897 -0.0102999061 0.232899994
v -0.0278999805 -0.0110999048 0.120499991
v -0.0166000128 -0.0109000057 0.119299971
v -0.0189999938 -0.00869989395 0.13289997
v 0.00970000029 -0.00910000503 0.246800005
v 0.0138999783 -0.00619989634 0.256799996
v 0.00440000929 -0.00579990447 0.256099999
v -0.0289000273 -0.00869989395 0.135199994
v -0.0189999938 -0.00869989395 0.13289997
v -0.0210999846 -0.00509990752 0.14229998
v -0.000500030816 -0.00859990716 0.247500002
v 0.00440000929 -0.00579990447 0.256099999
v -0.00190002099 -0.00419990718 0.253399998
v -0.0157999992 -0.0039999038 0.137799948
v -0.0210999846 -0.00509990752 0.14229998
v -0.0189999938 -0.00869989395 0.13289997
v 0.00970000029 -0.00910000503 0.246800005
v 0.00429998897 -0.0102999061 0.232899994
v 0.0174999796 -0.0109999031 0.229799986
v -0.0289000273 -0.00869989395 0.135199994
v -0.0411999822 -0.00879999995 0.136599988
v -0.0414000079 -0.0111999065 0.121399961
v 0.0174999796 -0.0109999031 0.229799986
v 0.0306000113 -0.0114998966 0.226099998
v 0.0337999985 -0.0102999061 0.241299987
v -0.0414000079 -0.0111999065 0.121399961
v -0.0411999822 -0.00879999995 0.136599988
v -0.0536000095 -0.00879999995 0.137099952
v 0.0217999779 -0.00969989598 0.244500011
v 0.0337999985 -0.0102999061 0.241299987
v 0.0361999795 -0.00719989836 0.252400011
v -0.0525000021 -0.00489990413 0.148099989
v -0.0536000095 -0.00879999995 0.137099952
v -0.0411999822 -0.00879999995 0.136599988
v 0.0217999779 -0.00969989598 0.244500011
v 0.0253000185 -0.00679990649 0.255400002
v 0.0138999783 -0.00619989634 0.256799996
v -0.0299000144 -0.00489990413 0.145799965
v -0.0411999822 -0.00489990413 0.147699982
v -0.0411999822 -0.00879999995 0.136599988
v -0.0210000277 -0.00719989836 0.2227
v -0.0260999799 -0.00699999928 0.207899988
v -0.0174000263 -0.0101999938 0.205599993
v -0.00660002977 -0.00999990106 0.103200048
v -0.0153999934 -0.0127000064 0.104100019
v -0.0151000023 -0.0138999075 0.0882000178
v -0.0123999799 -0.0101999938 0.220799983
v -0.0174000263 -0.0101999938 0.205599993
v -0.00540000945 -0.0109000057 0.202399999
v -0.0274999738 -0.014099896 0.0886000097
v -0.0151000023 -0.0138999075 0.0882000178
v -0.0153999934 -0.0127000064 0.104100019
v -0.000599989668 -0.0110999048 0.218099982
v 0.00429998897 -0.0102999061 0.232899994
v -0.00679999962 -0.00959989429 0.234999985
v -0.0275999904 -0.0130999982 0.104999989
v -0.0153999934 -0.0127000064 0.104100019
v -0.0166000128 -0.0109000057 0.119299971
v -0.0123999799 -0.0101999938 0.220799983
v -0.00679999962 -0.00959989429 0.234999985
v -0.0146999964 -0.00679990649 0.236200005
v -0.00860000029 -0.00849990547 0.117899984
v -0.0166000128 -0.0109000057 0.119299971
v -0.0153999934 -0.0127000064 0.104100019
v -0.000599989668 -0.0110999048 0.218099982
v -0.00540000945 -0.0109000057 0.202399999
v 0.00829999894 -0.0114998966 0.198199958
v -0.0275999904 -0.0130999982 0.104999989
v -0.0418000221 -0.0131998956 0.105300039
v -0.0418999717 -0.0141998976 0.0886000097
v 0.00829999894 -0.0114998966 0.198199958
v 0.0228999779 -0.0118999034 0.193599969
v 0.02700001 -0.0120999068 0.209999993
v -0.0418999717 -0.0141998976 0.0886000097
v -0.0418000221 -0.0131998956 0.105300039
v -0.0562999807 -0.0129999071 0.105399996
v 0.0131000206 -0.0116999 0.21419999
v 0.02700001 -0.0120999068 0.209999993
v 0.0306000113 -0.0114998966 0.226099998
v -0.0549999997 -0.0111999065 0.121699952
v -0.0562999807 -0.0129999071 0.105399996
v -0.0418000221 -0.0131998956 0.105300039
v 0.0131000206 -0.0116999 0.21419999
v 0.0174999796 -0.0109999031 0.229799986
v 0.00429998897 -0.0102999061 0.232899994
v -0.0278999805 -0.0110999048 0.120499991
v -0.0414000079 -0.0111999065 0.121399961
v -0.0418000221 -0.0131998956 0.105300039
v 0.0163000189 0.0342000201 0.228199989
v 0.0238999687 0.0339999944 0.227099985
v 0.0210000202 0.0400000289 0.213199988
v -0.0478000008 0.0387000069 0.102700032
v -0.0467000008 0.0338000283 0.117199987
v -0.0390999913 0.0337000117 0.115999967
v 0.0127999708 0.0400999933 0.214699984
v 0.00529997982 0.0398000032 0.216099992
v 0.00919996947 0.0342000201 0.229099989
v -0.0393999815 0.0385000259 0.101600029
v -0.0390999913 0.0337000117 0.115999967
v -0.0320000052 0.0332999974 0.114800006
v 0.0163000189 0.0342000201 0.228199989
v 0.00919996947 0.0342000201 0.229099989
v 0.0124999806 0.0295000225 0.24090001
v -0.0318999887 0.0296000466 0.127399951
v -0.0320000052 0.0332999974 0.114800006
v -0.0390999913 0.0337000117 0.115999967
v 0.0195000097 0.0292999893 0.24059999
v 0.0268999897 0.0289000943 0.239800006
v 0.0238999687 0.0339999944 0.227099985
v -0.0386999808 0.0296999961 0.129199952
v -0.0390999913 0.0337000117 0.115999967
v -0.0467000008 0.0338000283 0.117199987
v 0.00370001048 0.03390003 0.229900002
v 0.00919996947 0.0342000201 0.229099989
v 0.00529997982 0.0398000032 0.216099992
v -0.0318999887 0.0378999859 0.100900024
v -0.0320000052 0.0332999974 0.114800006
v -0.0266000032 0.0328000411 0.113999993
v 0.00370001048 0.03390003 0.229900002
v -0.000500030816 0.0389999896 0.21769999
v -0.00470001064 0.0371999815 0.219599992
v -0.0213999748 0.034900032 0.101500012
v -0.0260000229 0.0368000492 0.100699991
v -0.0266000032 0.0328000411 0.113999993
v 0.00370001048 0.03390003 0.229900002
v -0.000199981034 0.0328000337 0.231399983
v 0.0033000093 0.0301000029 0.238999993
v -0.0236999989 0.0296000466 0.122899972
v -0.0224999785 0.0316000208 0.114399999
v -0.0266000032 0.0328000411 0.113999993
v 0.00700001977 0.0296999887 0.240799993
v 0.0124999806 0.0295000225 0.24090001
v 0.00919996947 0.0342000201 0.229099989
v -0.0267000198 0.02950003 0.125699967
v -0.0266000032 0.0328000411 0.113999993
v -0.0320000052 0.0332999974 0.114800006
v 0.0102999806 0.0460000113 0.204399973
v 0.0189999901 0.0459000021 0.202999979
v 0.0174000189 0.0532000214 0.193199962
v -0.0497000217 0.050400041 0.0815000385
v -0.0486000106 0.0438000187 0.0918000191
v -0.0399000011 0.0436000377 0.0907000676
v 0.00789998844 0.0533000305 0.194799989
v -0.000599989668 0.0525000244 0.196399957
v 0.00219999999 0.0454999954 0.206099957
v -0.0315999985 0.0489000306 0.0794000477
v -0.0401999876 0.0500999913 0.0802000538
v -0.0399000011 0.0436000377 0.0907000676
v 0.0102999806 0.0460000113 0.204399973
v 0.00219999999 0.0454999954 0.206099957
v 0.00529997982 0.0398000032 0.216099992
v -0.0318999887 0.0378999859 0.100900024
v -0.0315999985 0.0427000076 0.0900000781
v -0.0399000011 0.0436000377 0.0907000676
v 0.0127999708 0.0400999933 0.214699984
v 0.0210000202 0.0400000289 0.213199988
v 0.0189999901 0.0459000021 0.202999979
v -0.0393999815 0.0385000259 0.101600029
v -0.0399000011 0.0436000377 0.0907000676
v -0.0486000106 0.0438000187 0.0918000191
v 0.00219999999 0.0454999954 0.206099957
v -0.000599989668 0.0525000244 0.196399957
v -0.00669998117 0.0511000305 0.197999984
v -0.0315999985 0.0427000076 0.0900000781
v -0.0256000161 0.0413000211 0.089900054
v -0.0253000259 0.047200039 0.0792000666
v -0.00370001979 0.0443000346 0.207800001
v -0.00669998117 0.0511000305 0.197999984
v -0.0111000007 0.0489000231 0.199299961
v -0.0207999945 0.0449000224 0.0794000477
v -0.0253000259 0.047200039 0.0792000666
v -0.0256000161 0.0413000211 0.089900054
v -0.00819999073 0.0423000008 0.209399998
v -0.00470001064 0.0371999815 0.219599992
v -0.000500030816 0.0389999896 0.21769999
v -0.0209000111 0.0391000062 0.0904000178
v -0.0256000161 0.0413000211 0.089900054
v -0.0260000229 0.0368000492 0.100699991
v -0.00370001979 0.0443000346 0.207800001
v -0.000500030816 0.0389999896 0.21769999
v 0.00529997982 0.0398000032 0.216099992
v -0.0318999887 0.0378999859 0.100900024
v -0.0260000229 0.0368000492 0.100699991
v -0.0256000161 0.0413000211 0.089900054
v -0.0406000018 0.0129000992 0.0494000167
v -0.04509997 0.0152001008 0.0527000241
v -0.0486999676 0.0199000984 0.0402000323
v -0.0325000286 0.00370010734 -0.0809999034
v -0.032400012 1.1920929e-07 -0.0677000061
v -0.0378000103 -0.00229997933 -0.069400005
v -0.0468999706 0.0191000998 0.0325000584
v -0.0414999723 0.0201001018 0.0269000307
v -0.034699969 0.0136000961 0.0457000546
v -0.0364999697 0.00250011683 -0.0878000036
v -0.0378000103 -0.00229997933 -0.069400005
v -0.0443999693 -0.00149989128 -0.0712000057
v -0.0406000018 0.0129000992 0.0494000167
v -0.034699969 0.0136000961 0.0457000546
v -0.0264999866 0.0090001002 0.0685000271
v -0.0457999706 -0.0040999949 -0.046799995
v -0.0443999693 -0.00149989128 -0.0712000057
v -0.0378000103 -0.00229997933 -0.069400005
v -0.0325999856 0.00880009681 0.0703000277
v -0.0379999802 0.0116000995 0.0723000541
v -0.04509997 0.0152001008 0.0527000241
v -0.0394999906 -0.00459989905 -0.046799995
v -0.0378000103 -0.00229997933 -0.069400005
v -0.032400012 1.1920929e-07 -0.0677000061
v -0.0288000107 0.014200002 0.0426000133
v -0.034699969 0.0136000961 0.0457000546
v -0.0414999723 0.0201001018 0.0269000307
v -0.043299973 0.00340011716 -0.0916000083
v -0.0443999693 -0.00149989128 -0.0712000057
v -0.0509999916 -0.00069989264 -0.0724999979
v -0.0354999825 0.0209001005 0.022700049
v -0.027700007 0.0214000046 0.0195000544
v -0.0210000277 0.0147000998 0.0397000611
v -0.0501999781 0.00430011004 -0.0940000042
v -0.0509999916 -0.00069989264 -0.0724999979
v -0.0593000017 1.1920929e-07 -0.0730999038
v -0.0288000107 0.014200002 0.0426000133
v -0.0210000277 0.0147000998 0.0397000611
v -0.0134000201 0.00959999859 0.0638000146
v -0.0597000085 -0.00309990346 -0.0475000069
v -0.0593000017 1.1920929e-07 -0.0730999038
v -0.0509999916 -0.00069989264 -0.0724999979
v -0.0209000111 0.00930009782 0.0664000213
v -0.0264999866 0.0090001002 0.0685000271
v -0.034699969 0.0136000961 0.0457000546
v -0.0518000126 -0.00359989703 -0.0472000018
v -0.0509999916 -0.00069989264 -0.0724999979
v -0.0443999693 -0.00149989128 -0.0712000057
v -0.0166000128 0.000500097871 0.123199962
v -0.0224000216 0.00370009243 0.126099974
v -0.0243999958 0.0069001019 0.105700046
v -0.0370000005 -0.00370000303 -0.0105999112
v -0.033100009 -0.0055000037 0.00980005413
v -0.039600011 -0.00849990547 0.00900004059
v -0.0187000036 0.00380000472 0.103500038
v -0.0134000201 0.00400009751 0.101799995
v -0.0106999902 0.000900000334 0.120200001
v -0.0432000086 -0.00660000741 -0.0107000098
v -0.039600011 -0.00849990547 0.00900004059
v -0.0461000204 -0.00800000131 0.00779999048
v -0.0166000128 0.000500097871 0.123199962
v -0.0106999902 0.000900000334 0.120200001
v -0.0105000203 -0.00239990652 0.138699979
v -0.0410000011 -0.0100999027 0.0257000104
v -0.0461000204 -0.00800000131 0.00779999048
v -0.039600011 -0.00849990547 0.00900004059
v -0.0178999901 -0.00289990008 0.14319995
v -0.0241000056 0.000300094485 0.146599978
v -0.0224000216 0.00370009243 0.126099974
v -0.0327000022 -0.010699898 0.0279000103
v -0.039600011 -0.00849990547 0.00900004059
v -0.033100009 -0.0055000037 0.00980005413
v -0.00480003096 0.000800102949 0.116899997
v -0.0106999902 0.000900000334 0.120200001
v -0.0134000201 0.00400009751 0.101799995
v -0.0487999916 -0.00619989634 -0.0108000115
v -0.0461000204 -0.00800000131 0.00779999048
v -0.0526999794 -0.00800000131 0.00629999489
v -0.00830001011 0.00370009243 0.0997000039
v -0.00129998103 0.00330010056 0.0970000401
v 0.00319998898 0.000500097871 0.113299996
v -0.0543000028 -0.00629989803 -0.0114000067
v -0.0526999794 -0.00800000131 0.00629999489
v -0.0613999888 -0.00800000131 0.00529999286
v -0.00480003096 0.000800102949 0.116899997
v 0.00319998898 0.000500097871 0.113299996
v 0.00690000877 -0.00229999423 0.129899949
v -0.0601999685 -0.00959989429 0.0223000422
v -0.0613999888 -0.00800000131 0.00529999286
v -0.0526999794 -0.00800000131 0.00629999489
v -0.0026000198 -0.00229999423 0.134299964
v -0.0105000203 -0.00239990652 0.138699979
v -0.0106999902 0.000900000334 0.120200001
v -0.0497999713 -0.00980000198 0.0238000527
v -0.0526999794 -0.00800000131 0.00629999489
v -0.0461000204 -0.00800000131 0.00779999048
v -0.0304999948 0.00910010189 0.0888999999
v -0.0379999802 0.0116000995 0.0723000541
v -0.0325999856 0.00880009681 0.0703000277
v -0.0361000225 -0.00289990008 -0.0284999982
v -0.0421000123 -0.00559990108 -0.0282999948
v -0.0394999906 -0.00459989905 -0.046799995
v -0.0248000026 0.0062000975 0.0871000588
v -0.0325999856 0.00880009681 0.0703000277
v -0.0264999866 0.0090001002 0.0685000271
v -0.0457999706 -0.0040999949 -0.046799995
v -0.0394999906 -0.00459989905 -0.046799995
v -0.0421000123 -0.00559990108 -0.0282999948
v -0.0191000104 0.00630000234 0.0859000459
v -0.0134000201 0.00400009751 0.101799995
v -0.0187000036 0.00380000472 0.103500038
v -0.0479000211 -0.005299896 -0.0278000012
v -0.0421000123 -0.00559990108 -0.0282999948
v -0.0432000086 -0.00660000741 -0.0107000098
v -0.0248000026 0.0062000975 0.0871000588
v -0.0187000036 0.00380000472 0.103500038
v -0.0243999958 0.0069001019 0.105700046
v -0.0370000005 -0.00370000303 -0.0105999112
v -0.0432000086 -0.00660000741 -0.0107000098
v -0.0421000123 -0.00559990108 -0.0282999948
v -0.0191000104 0.00630000234 0.0859000459
v -0.0264999866 0.0090001002 0.0685000271
v -0.0209000111 0.00930009782 0.0664000213
v -0.0479000211 -0.005299896 -0.0278000012
v -0.0533000231 -0.00519999862 -0.0280000046
v -0.0518000126 -0.00359989703 -0.0472000018
v -0.0139999995 0.0062000975 0.0842000619
v -0.0209000111 0.00930009782 0.0664000213
v -0.0134000201 0.00959999859 0.0638000146
v -0.0597000085 -0.00309990346 -0.0475000069
v -0.0518000126 -0.00359989703 -0.0472000018
v -0.0533000231 -0.00519999862 -0.0280000046
v -0.00690001994 0.00610009581 0.0817000046
v -0.00129998103 0.00330010056 0.0970000401
v -0.00830001011 0.00370009243 0.0997000039
v -0.0608000085 -0.00509990752 -0.0282999948
v -0.0533000231 -0.00519999862 -0.0280000046
v -0.0543000028 -0.00629989803 -0.0114000067
v -0.00830001011 0.00370009243 0.0997000039
v -0.0134000201 0.00400009751 0.101799995
v -0.0191000104 0.00630000234 0.0859000459
v -0.0543000028 -0.00629989803 -0.0114000067
v -0.0533000231 -0.00519999862 -0.0280000046
v -0.0479000211 -0.005299896 -0.0278000012
v 0.00650000013 0.0946999937 0.139399976
v 0.00669996999 0.100600019 0.131199986
v -0.00559998117 0.102800027 0.135299951
v -0.0536000095 0.0877000317 0.0238000602
v -0.0407999679 0.0885000378 0.0240000263
v -0.0432000086 0.0946000442 0.0160000175
v -0.00569999963 0.0960000381 0.143399984
v -0.00559998117 0.102800027 0.135299951
v -0.0167999864 0.101800047 0.137099952
v -0.0322999954 0.0930000246 0.0148000568
v -0.0432000086 0.0946000442 0.0160000175
v -0.0407999679 0.0885000378 0.0240000263
v -0.0155000091 0.095000051 0.145799965
v -0.0120999906 0.0867000371 0.155000001
v -0.00309997983 0.0874000341 0.152399987
v -0.0307999849 0.0871000513 0.023600027
v -0.0407999679 0.0885000378 0.0240000263
v -0.0407999679 0.0807000026 0.0340000167
v -0.00569999963 0.0960000381 0.143399984
v -0.00309997983 0.0874000341 0.152399987
v 0.00789998844 0.0865000039 0.148299962
v -0.0526000187 0.0801000223 0.0333000273
v -0.0407999679 0.0807000026 0.0340000167
v -0.0407999679 0.0885000378 0.0240000263
v -0.0155000091 0.095000051 0.145799965
v -0.0167999864 0.101800047 0.137099952
v -0.0249000192 0.0957999974 0.137299985
v -0.0307999849 0.0871000513 0.023600027
v -0.0245000124 0.0829000175 0.0227000564
v -0.0242000222 0.0868000016 0.0128000155
v -0.0249000192 0.0957999974 0.137299985
v -0.0310999751 0.0880000144 0.132199973
v -0.0263000131 0.0860999972 0.146199971
v -0.0242000222 0.0868000016 0.0128000155
v -0.0245000124 0.0829000175 0.0227000564
v -0.0205000043 0.0777000412 0.0215000287
v -0.0263000131 0.0860999972 0.146199971
v -0.0220000148 0.0812000185 0.157199949
v -0.0181000233 0.0844000131 0.156399995
v -0.0205000043 0.0777000412 0.0215000287
v -0.0245000124 0.0829000175 0.0227000564
v -0.0254999995 0.0772000253 0.0337000266
v -0.0218999982 0.0910999998 0.146499962
v -0.0181000233 0.0844000131 0.156399995
v -0.0120999906 0.0867000371 0.155000001
v -0.0314000249 0.079700008 0.0339000672
v -0.0254999995 0.0772000253 0.0337000266
v -0.0245000124 0.0829000175 0.0227000564
v 0.0271999799 0.0824000388 0.0462000147
v 0.0282000303 0.0763000548 0.044300057
v 0.0153999887 0.0809999928 0.0264000073
v -0.0942000076 0.0684000552 -0.0822999999
v -0.101999991 0.065100044 -0.0615999028
v -0.100300014 0.0713000596 -0.0604000017
v 0.0149000213 0.0896999985 0.0286000222
v 0.0131999813 0.0963000357 0.0314000696
v 0.0257999897 0.0869000256 0.0481000394
v -0.0924999714 0.0775000155 -0.0809999034
v -0.100300014 0.0713000596 -0.0604000017
v -0.0982999727 0.076000005 -0.0591999963
v 0.0257999897 0.0869000256 0.0481000394
v 0.0310999714 0.079700008 0.0706000775
v 0.0326999985 0.0770999938 0.0692000166
v -0.0982999727 0.076000005 -0.0591999963
v -0.100300014 0.0713000596 -0.0604000017
v -0.100000024 0.0674000084 -0.0354999974
v 0.0271999799 0.0824000388 0.0462000147
v 0.0326999985 0.0770999938 0.0692000166
v 0.0332000181 0.0727999955 0.0675000399
v -0.101099961 0.0630000457 -0.0369000062
v -0.100000024 0.0674000084 -0.0354999974
v -0.100300014 0.0713000596 -0.0604000017
v 0.0364999697 0.0734000355 0.0863000602
v 0.0332000181 0.0727999955 0.0675000399
v 0.0326999985 0.0770999938 0.0692000166
v -0.0986999795 0.0648000464 -0.0170000046
v -0.0970000029 0.0690000355 -0.0159998983
v -0.100000024 0.0674000084 -0.0354999974
v 0.0353999697 0.077500008 0.0878000706
v 0.0326999985 0.0770999938 0.0692000166
v 0.0310999714 0.079700008 0.0706000775
v -0.0979999825 0.0702000558 -0.0349000022
v -0.100000024 0.0674000084 -0.0354999974
v -0.0970000029 0.0690000355 -0.0159998983
v 0.0339999683 0.0799999982 0.0889000073
v 0.0340999886 0.0822000057 0.106500007
v 0.0364000201 0.077399984 0.104100026
v -0.0953000113 0.0715000182 -0.0156000033
v -0.0970000029 0.0690000355 -0.0159998983
v -0.0929999873 0.0700000077 0.000100001693
v 0.0353999697 0.077500008 0.0878000706
v 0.0364000201 0.077399984 0.104100026
v 0.0381000005 0.0725000054 0.102300026
v -0.0953000113 0.0650000274 -0.000799998641
v -0.0929999873 0.0700000077 0.000100001693
v -0.0970000029 0.0690000355 -0.0159998983
v -0.0462999903 0.0873000175 0.076800026
v -0.0454000197 0.0972000062 0.0574000292
v -0.0489000008 0.0900000483 0.0570000187
v -0.0213000178 0.0728000104 -0.0502999946
v -0.0188999772 0.0676000416 -0.0511000082
v -0.0242000222 0.0741000473 -0.0702000037
v -0.0491999909 0.0820000395 0.0765000358
v -0.0489000008 0.0900000483 0.0570000187
v -0.0522000119 0.0802999884 0.0556000248
v -0.0220000148 0.0644000471 -0.071800001
v -0.0242000222 0.0741000473 -0.0702000037
v -0.0188999772 0.0676000416 -0.0511000082
v -0.0491999909 0.0820000395 0.0765000358
v -0.0519999787 0.074900046 0.0750000253
v -0.0483999811 0.0715000182 0.0962000266
v -0.0145999789 0.0584000051 -0.0313000008
v -0.0170000196 0.0603000149 -0.0528000072
v -0.0188999772 0.0676000416 -0.0511000082
v -0.0491999909 0.0820000395 0.0765000358
v -0.0457000099 0.0769000277 0.0975000039
v -0.0429999828 0.0802000389 0.0975000039
v -0.0189999938 0.0674000084 -0.0291000083
v -0.0166000128 0.0639000162 -0.0297000036
v -0.0188999772 0.0676000416 -0.0511000082
v -0.0403000116 0.0787000284 0.11459998
v -0.0375000201 0.0817999989 0.115299977
v -0.0429999828 0.0802000389 0.0975000039
v -0.0189999938 0.0674000084 -0.0291000083
v -0.0191000104 0.070500046 -0.0107000023
v -0.0167999864 0.067300044 -0.0119000003
v -0.0457000099 0.0769000277 0.0975000039
v -0.0483999811 0.0715000182 0.0962000266
v -0.0428000018 0.0734000355 0.113000013
v -0.0166000128 0.0639000162 -0.0297000036
v -0.0167999864 0.067300044 -0.0119000003
v -0.0149999866 0.0618000254 -0.0138000026
v -0.0403000116 0.0787000284 0.11459998
v -0.0428000018 0.0734000355 0.113000013
v -0.0370000005 0.0762000307 0.128499955
v -0.0159000158 0.0660000145 0.00239999592
v -0.0149999866 0.0618000254 -0.0138000026
v -0.0167999864 0.067300044 -0.0119000003
v -0.0344999991 0.0822000057 0.130299956
v -0.0310999751 0.0880000144 0.132199973
v -0.0375000201 0.0817999989 0.115299977
v -0.0174999833 0.0722000226 0.00429999828
v -0.0167999864 0.067300044 -0.0119000003
v -0.0191000104 0.070500046 -0.0107000023
v -0.035300009 0.083400026 0.114199974
v -0.0411000177 0.0820000395 0.096900031
v -0.0429999828 0.0802000389 0.0975000039
v -0.0209000111 0.0693000257 -0.0291999951
v -0.0214999914 0.0722000226 -0.0112000033
v -0.0191000104 0.070500046 -0.0107000023
v -0.0375000201 0.0817999989 0.115299977
v -0.0310999751 0.0880000144 0.132199973
v -0.030099988 0.0898000151 0.127199978
v -0.0191000104 0.070500046 -0.0107000023
v -0.0214999914 0.0722000226 -0.0112000033
v -0.0224000216 0.0798000321 0.0020999983
v -0.035300009 0.083400026 0.114199974
v -0.030099988 0.0898000151 0.127199978
v -0.0292000175 0.0865000039 0.12499997
v -0.023999989 0.0765000284 0.000500097871
v -0.0224000216 0.0798000321 0.0020999983
v -0.0214999914 0.0722000226 -0.0112000033
v -0.0343999788 0.0806000382 0.112199999
v -0.0399000011 0.0792000443 0.0956000462
v -0.0411000177 0.0820000395 0.096900031
v -0.0230000019 0.0694000274 -0.0126999989
v -0.0214999914 0.0722000226 -0.0112000033
v -0.0209000111 0.0693000257 -0.0291999951
v -0.0440000221 0.0895000249 0.076800026
v -0.0429000184 0.0996000394 0.0581000298
v -0.0454000197 0.0972000062 0.0574000292
v -0.0267999768 0.0815000162 -0.0693000033
v -0.0285999775 0.0841000378 -0.0679999962
v -0.0234000087 0.0752000511 -0.0496999994
v -0.0462999903 0.0873000175 0.076800026
v -0.0429999828 0.0802000389 0.0975000039
v -0.0411000177 0.0820000395 0.096900031
v -0.0213000178 0.0728000104 -0.0502999946
v -0.0234000087 0.0752000511 -0.0496999994
v -0.0209000111 0.0693000257 -0.0291999951
v -0.0411000177 0.0820000395 0.096900031
v -0.0399000011 0.0792000443 0.0956000462
v -0.0424000025 0.0860999972 0.076800026
v -0.0209000111 0.0693000257 -0.0291999951
v -0.0234000087 0.0752000511 -0.0496999994
v -0.0250999928 0.0720000565 -0.0492000058
v -0.0440000221 0.0895000249 0.076800026
v -0.0424000025 0.0860999972 0.076800026
v -0.0418000221 0.0957999974 0.0589000396
v -0.0297999978 0.0805000365 -0.066700004
v -0.0250999928 0.0720000565 -0.0492000058
v -0.0234000087 0.0752000511 -0.0496999994
v 0.0317000113 0.0845999867 0.103000022
v 0.0340999886 0.0822000057 0.106500007
v 0.0339999683 0.0799999982 0.0889000073
v -0.0888000131 0.0769000351 -0.00309990346
v -0.0934000015 0.0730000287 -0.0161000043
v -0.0953000113 0.0715000182 -0.0156000033
v 0.0339999683 0.0799999982 0.0889000073
v 0.0310999714 0.079700008 0.0706000775
v 0.029399991 0.0811000094 0.0712000579
v -0.0953000113 0.0715000182 -0.0156000033
v -0.0934000015 0.0730000287 -0.0161000043
v -0.0961999819 0.0715000257 -0.0348000005
v 0.029399991 0.0811000094 0.0712000579
v 0.0271000192 0.0787000284 0.0717000142
v 0.0303000212 0.0793000087 0.0888000578
v -0.0961999819 0.0715000257 -0.0348000005
v -0.0934000015 0.0730000287 -0.0161000043
v -0.091799967 0.0706000477 -0.0166999996
v 0.0321000181 0.0813999996 0.0891000479
v 0.0303000212 0.0793000087 0.0888000578
v 0.0299999714 0.0823000297 0.102300026
v -0.0874000117 0.0744000375 -0.00400000066
v -0.091799967 0.0706000477 -0.0166999996
v -0.0934000015 0.0730000287 -0.0161000043
v 0.0242000185 0.088800028 0.0496000499
v 0.029399991 0.0811000094 0.0712000579
v 0.0310999714 0.079700008 0.0706000775
v -0.0979999825 0.0702000558 -0.0349000022
v -0.0961999819 0.0715000257 -0.0348000005
v -0.0962999985 0.0779000148 -0.0581999943
v 0.0242000185 0.088800028 0.0496000499
v 0.0257999897 0.0869000256 0.0481000394
v 0.0131999813 0.0963000357 0.0314000696
v -0.0895000026 0.0843000114 -0.0792999938
v -0.0982999727 0.076000005 -0.0591999963
v -0.0962999985 0.0779000148 -0.0581999943
v 0.0242000185 0.088800028 0.0496000499
v 0.0116999708 0.0989000425 0.0338000506
v 0.0105999708 0.0956000313 0.0349000469
v -0.0861999914 0.0834000409 -0.076500006
v -0.0874000117 0.0864000618 -0.077500008
v -0.0962999985 0.0779000148 -0.0581999943
v 0.0224999711 0.0862000212 0.0507000461
v 0.0271000192 0.0787000284 0.0717000142
v 0.029399991 0.0811000094 0.0712000579
v -0.0943999812 0.0752000511 -0.0574999973
v -0.0962999985 0.0779000148 -0.0581999943
v -0.0961999819 0.0715000257 -0.0348000005
v -0.0160999894 0.103800014 0.132499963
v -0.0167999864 0.101800047 0.137099952
v -0.00559998117 0.102800027 0.135299951
v -0.034200009 0.0947000012 0.0105000585
v -0.04509997 0.0960999876 0.0114000291
v -0.0432000086 0.0946000442 0.0160000175
v -0.00520003028 0.104600027 0.130399972
v -0.00559998117 0.102800027 0.135299951
v 0.00669996999 0.100600019 0.131199986
v -0.05620002 0.0930000246 0.0156000704
v -0.0432000086 0.0946000442 0.0160000175
v -0.04509997 0.0960999876 0.0114000291
v -0.00520003028 0.104600027 0.130399972
v 0.00700001977 0.102600001 0.127099961
v 0.00599998049 0.0986000448 0.128399998
v -0.056400001 0.0908000171 0.0129000396
v -0.0576000214 0.0948000252 0.0116000623
v -0.04509997 0.0960999876 0.0114000291
v -0.00540000945 0.100000039 0.130899996
v -0.0159000158 0.0986000448 0.131799966
v -0.0160999894 0.103800014 0.132499963
v -0.0448999926 0.0916000232 0.0121000186
v -0.04509997 0.0960999876 0.0114000291
v -0.034200009 0.0947000012 0.0105000585
v -0.0242999792 0.0978000388 0.132299989
v -0.030099988 0.0898000151 0.127199978
v -0.0310999751 0.0880000144 0.132199973
v -0.0199999809 0.0783000216 0.00670000166
v -0.0224000216 0.0798000321 0.0020999983
v -0.0263999701 0.0883000121 0.00820002705
v -0.0242999792 0.0978000388 0.132299989
v -0.0249000192 0.0957999974 0.137299985
v -0.0167999864 0.101800047 0.137099952
v -0.0322999954 0.0930000246 0.0148000568
v -0.0242000222 0.0868000016 0.0128000155
v -0.0263999701 0.0883000121 0.00820002705
v -0.0242999792 0.0978000388 0.132299989
v -0.0160999894 0.103800014 0.132499963
v -0.0159000158 0.0986000448 0.131799966
v -0.034600012 0.0895000324 0.0101000518
v -0.034200009 0.0947000012 0.0105000585
v -0.0263999701 0.0883000121 0.00820002705
v -0.0235000253 0.0931000262 0.130799979
v -0.0292000175 0.0865000039 0.12499997
v -0.030099988 0.0898000151 0.127199978
v -0.0274999738 0.0837000236 0.00710000098
v -0.0263999701 0.0883000121 0.00820002705
v -0.0224000216 0.0798000321 0.0020999983
v -0.027700007 0.108999997 0.0387000293
v -0.0218999982 0.109300047 0.0362000316
v -0.0236999989 0.107100032 0.0336000174
v -0.0526999794 0.0917000473 -0.0871000066
v -0.0533999726 0.0942000449 -0.0843000039
v -0.0472000204 0.0935000479 -0.0833000019
v -0.0297999978 0.106600016 0.0365000218
v -0.0350999795 0.105100006 0.0403000563
v -0.0327000022 0.107500046 0.0420000404
v -0.0458999798 0.0909000263 -0.0859000012
v -0.0472000204 0.0935000479 -0.0833000019
v -0.0416999981 0.0918000042 -0.0812999979
v -0.0327000022 0.107500046 0.0420000404
v -0.0327000022 0.103600055 0.0425000563
v -0.0278000236 0.105100006 0.0391000286
v -0.0416999981 0.0918000042 -0.0812999979
v -0.0472000204 0.0935000479 -0.0833000019
v -0.0473999903 0.0897000059 -0.0827000067
v -0.027700007 0.108999997 0.0387000293
v -0.0278000236 0.105100006 0.0391000286
v -0.0220000148 0.105500005 0.0366000384
v -0.0536000095 0.0904000103 -0.0836999938
v -0.0473999903 0.0897000059 -0.0827000067
v -0.0472000204 0.0935000479 -0.0833000019
v -0.0375999808 0.104800008 0.0473000184
v -0.0327000022 0.107500046 0.0420000404
v -0.0350999795 0.105100006 0.0403000563
v -0.040099971 0.0892000496 -0.0835000053
v -0.0416999981 0.0918000042 -0.0812999979
v -0.0358999893 0.0891000256 -0.0773000047
v -0.040099971 0.102500036 0.0460000485
v -0.0454000197 0.0972000062 0.0574000292
v -0.0429000184 0.0996000394 0.0581000298
v -0.034200009 0.0865000188 -0.0791000053
v -0.0358999893 0.0891000256 -0.0773000047
v -0.0285999775 0.0841000378 -0.0679999962
v -0.0429000184 0.0996000394 0.0581000298
v -0.0418000221 0.0957999974 0.0589000396
v -0.0371999703 0.100900024 0.048000019
v -0.0285999775 0.0841000378 -0.0679999962
v -0.0358999893 0.0891000256 -0.0773000047
v -0.03659999 0.0852999985 -0.0763000026
v -0.0375999808 0.104800008 0.0473000184
v -0.0371999703 0.100900024 0.048000019
v -0.0327000022 0.103600055 0.0425000563
v -0.0419999883 0.0880000293 -0.0806000009
v -0.03659999 0.0852999985 -0.0763000026
v -0.0358999893 0.0891000256 -0.0773000047
v 0.00700001977 0.102600001 0.127099961
v 0.00669996999 0.100600019 0.131199986
v 0.0179999992 0.0975999981 0.125799984
v -0.0576000214 0.0948000252 0.0116000623
v -0.0694000125 0.0920000374 0.00930003822
v -0.0687000155 0.0905000269 0.0138000697
v 0.0174000189 0.0993999988 0.121399969
v 0.0179999992 0.0975999981 0.125799984
v 0.0260999799 0.0935000405 0.119999975
v -0.0782999918 0.0865000114 0.0108000487
v -0.0687000155 0.0905000269 0.0138000697
v -0.0694000125 0.0920000374 0.00930003822
v 0.0174000189 0.0993999988 0.121399969
v 0.0249999687 0.0953000337 0.116200007
v 0.0228000209 0.0917000398 0.116900004
v -0.0762000009 0.084400028 0.00700009614
v -0.0784000158 0.0881000459 0.00670000166
v -0.0694000125 0.0920000374 0.00930003822
v 0.0154999979 0.0956000239 0.122599989
v 0.00599998049 0.0986000448 0.128399998
v 0.00700001977 0.102600001 0.127099961
v -0.0673999712 0.0881000459 0.0102000684
v -0.0694000125 0.0920000374 0.00930003822
v -0.0576000214 0.0948000252 0.0116000623
v 0.0249999687 0.0953000337 0.116200007
v 0.0260999799 0.0935000405 0.119999975
v 0.0310999714 0.0881000385 0.114800014
v -0.0784000158 0.0881000459 0.00670000166
v -0.0842999816 0.0824000388 0.00320000201
v -0.0845000148 0.0811000168 0.00779999793
v 0.0295000002 0.0895999894 0.110699989
v 0.0310999714 0.0881000385 0.114800014
v 0.0340999886 0.0822000057 0.106500007
v -0.0900000334 0.0748000443 0.00119999796
v -0.0845000148 0.0811000168 0.00779999793
v -0.0842999816 0.0824000388 0.00320000201
v 0.0317000113 0.0845999867 0.103000022
v 0.0299999714 0.0823000297 0.102300026
v 0.0275999904 0.0869000182 0.110999979
v -0.0888000131 0.0769000351 -0.00309990346
v -0.0842999816 0.0824000388 0.00320000201
v -0.0824999809 0.0795000419 0.00329999626
v 0.0295000002 0.0895999894 0.110699989
v 0.0275999904 0.0869000182 0.110999979
v 0.0228000209 0.0917000398 0.116900004
v -0.0762000009 0.084400028 0.00700009614
v -0.0824999809 0.0795000419 0.00329999626
v -0.0842999816 0.0824000388 0.00320000201
v -0.00470001064 0.106500052 0.0314000696
v -0.00470001064 0.104100011 0.0284000486
v -0.0145999789 0.106200002 0.0307000652
v -0.070900023 0.0927000344 -0.0846999958
v -0.0617999993 0.0939000547 -0.0847999975
v -0.0619999692 0.0915000141 -0.0877000019
v -0.0145999789 0.106200002 0.0307000652
v -0.0236999989 0.107100032 0.0336000174
v -0.0218999982 0.109300047 0.0362000316
v -0.0619999692 0.0915000141 -0.0877000019
v -0.0617999993 0.0939000547 -0.0847999975
v -0.0533999726 0.0942000449 -0.0843000039
v -0.013800025 0.108400017 0.0337000266
v -0.0218999982 0.109300047 0.0362000316
v -0.0220000148 0.105500005 0.0366000384
v -0.0536000095 0.0904000103 -0.0836999938
v -0.0533999726 0.0942000449 -0.0843000039
v -0.0617999993 0.0939000547 -0.0847999975
v -0.0139999995 0.104699992 0.0341000408
v -0.00540000945 0.102900051 0.0321000665
v -0.00470001064 0.106500052 0.0314000696
v -0.0617999993 0.0902000368 -0.0841000006
v -0.0617999993 0.0939000547 -0.0847999975
v -0.070900023 0.0927000344 -0.0846999958
v 0.0116999708 0.0989000425 0.0338000506
v 0.0131999813 0.0963000357 0.0314000696
v 0.00300001912 0.10170003 0.0273000374
v -0.0874000117 0.0864000618 -0.077500008
v -0.0782999918 0.0909000263 -0.0838999078
v -0.0799999833 0.0883000195 -0.0864999965
v 0.00219999999 0.104200035 0.0303000584
v 0.00300001912 0.10170003 0.0273000374
v -0.00470001064 0.104100011 0.0284000486
v -0.0717999935 0.0902000368 -0.0876000002
v -0.0799999833 0.0883000195 -0.0864999965
v -0.0782999918 0.0909000263 -0.0838999078
v 0.00219999999 0.104200035 0.0303000584
v -0.00470001064 0.106500052 0.0314000696
v -0.00540000945 0.102900051 0.0321000665
v -0.070299983 0.0891000256 -0.0839999989
v -0.070900023 0.0927000344 -0.0846999958
v -0.0782999918 0.0909000263 -0.0838999078
v 0.0017999988 0.100500017 0.0312000364
v 0.0105999708 0.0956000313 0.0349000469
v 0.0116999708 0.0989000425 0.0338000506
v -0.0774999857 0.087500006 -0.0829999968
v -0.0782999918 0.0909000263 -0.0838999078
v -0.0874000117 0.0864000618 -0.077500008
v -0.000599989668 0.0909000188 0.0297000185
v 0.0081999898 0.0863000453 0.0339000672
v 0.0105999708 0.0956000313 0.0349000469
v -0.0861999914 0.0834000409 -0.076500006
v -0.084800005 0.0736000165 -0.077399902
v -0.076399982 0.0775000155 -0.0843000039
v 0.0017999988 0.100500017 0.0312000364
v -0.00540000945 0.102900051 0.0321000665
v -0.00720001012 0.092900008 0.0305000395
v -0.0774999857 0.087500006 -0.0829999968
v -0.076399982 0.0775000155 -0.0843000039
v -0.0692999884 0.079000026 -0.0854000077
v -0.000599989668 0.0909000188 0.0297000185
v -0.00720001012 0.092900008 0.0305000395
v -0.00950003043 0.079700008 0.0281000584
v -0.0684999824 0.0651999936 -0.0872000083
v -0.0692999884 0.079000026 -0.0854000077
v -0.076399982 0.0775000155 -0.0843000039
v -0.00340002961 0.0781000555 0.0275000185
v 0.0034000203 0.0735000074 0.0319000259
v 0.0081999898 0.0863000453 0.0339000672
v -0.0751000047 0.0639000162 -0.0861000046
v -0.076399982 0.0775000155 -0.0843000039
v -0.084800005 0.0736000165 -0.077399902
v -0.0159999728 0.094500035 0.0323000401
v -0.00720001012 0.092900008 0.0305000395
v -0.00540000945 0.102900051 0.0321000665
v -0.070299983 0.0891000256 -0.0839999989
v -0.0692999884 0.079000026 -0.0854000077
v -0.0609999821 0.0798000395 -0.0855999961
v -0.0159999728 0.094500035 0.0323000401
v -0.0139999995 0.104699992 0.0341000408
v -0.0220000148 0.105500005 0.0366000384
v -0.0536000095 0.0904000103 -0.0836999938
v -0.0617999993 0.0902000368 -0.0841000006
v -0.0609999821 0.0798000395 -0.0855999961
v -0.0159999728 0.094500035 0.0323000401
v -0.023999989 0.0951000154 0.0346000567
v -0.0253000259 0.0812000185 0.0315000266
v -0.053199999 0.0798000395 -0.0852999017
v -0.0609999821 0.0798000395 -0.0855999961
v -0.0608000085 0.0658999979 -0.0876000002
v -0.0177000165 0.0809000283 0.0295000523
v -0.00950003043 0.079700008 0.0281000584
v -0.00720001012 0.092900008 0.0305000395
v -0.0608000085 0.0658999979 -0.0876000002
v -0.0609999821 0.0798000395 -0.0855999961
v -0.0692999884 0.079000026 -0.0854000077
v 0.0223000012 0.0813999996 0.1219
v 0.0228000209 0.0917000398 0.116900004
v 0.0275999904 0.0869000182 0.110999979
v -0.0741999745 0.0743000135 0.0127000585
v -0.0813000053 0.0700000077 0.00559999794
v -0.0824999809 0.0795000419 0.00329999626
v 0.0267999694 0.077500008 0.11279998
v 0.0275999904 0.0869000182 0.110999979
v 0.0299999714 0.0823000297 0.102300026
v -0.0874000117 0.0744000375 -0.00400000066
v -0.0824999809 0.0795000419 0.00329999626
v -0.0813000053 0.0700000077 0.00559999794
v 0.0295000002 0.0739000142 0.101900019
v 0.0292999707 0.0608000383 0.0996000543
v 0.0273000002 0.0634000525 0.114199966
v -0.0871999785 0.0658999979 -0.00370000303
v -0.0813000053 0.0700000077 0.00559999794
v -0.0819000006 0.0561000332 0.00820002705
v 0.0267999694 0.077500008 0.11279998
v 0.0273000002 0.0634000525 0.114199966
v 0.0224000216 0.0656000003 0.127000004
v -0.0734000206 0.0589000285 0.0187000483
v -0.0819000006 0.0561000332 0.00820002705
v -0.0813000053 0.0700000077 0.00559999794
v 0.0152000114 0.0848000273 0.129299968
v 0.00569999032 0.0872000083 0.135199994
v 0.00599998049 0.0986000448 0.128399998
v -0.056400001 0.0908000171 0.0129000396
v -0.0543000028 0.0799000561 0.0200000182
v -0.0651999712 0.0777000412 0.017400071
v 0.0154999979 0.0956000239 0.122599989
v 0.0228000209 0.0917000398 0.116900004
v 0.0223000012 0.0813999996 0.1219
v -0.0673999712 0.0881000459 0.0102000684
v -0.0651999712 0.0777000412 0.017400071
v -0.0741999745 0.0743000135 0.0127000585
v 0.0223000012 0.0813999996 0.1219
v 0.0224000216 0.0656000003 0.127000004
v 0.0152000114 0.0687999874 0.136299998
v -0.0741999745 0.0743000135 0.0127000585
v -0.0651999712 0.0777000412 0.017400071
v -0.0636000037 0.0622000322 0.0253000706
v 0.0152000114 0.0687999874 0.136299998
v 0.00569999032 0.0709999949 0.14229998
v 0.00569999032 0.0872000083 0.135199994
v -0.0636000037 0.0622000322 0.0253000706
v -0.0651999712 0.0777000412 0.017400071
v -0.0543000028 0.0799000561 0.0200000182
v -0.0337999985 0.092900008 0.0405000299
v -0.0327000022 0.103600055 0.0425000563
v -0.0371999703 0.100900024 0.048000019
v -0.0425000116 0.0772000253 -0.081900008
v -0.0372999907 0.0744000375 -0.0766000077
v -0.03659999 0.0852999985 -0.0763000026
v -0.0378000103 0.0900000483 0.0470000282
v -0.0371999703 0.100900024 0.048000019
v -0.0418000221 0.0957999974 0.0589000396
v -0.0297999978 0.0805000365 -0.066700004
v -0.03659999 0.0852999985 -0.0763000026
v -0.0372999907 0.0744000375 -0.0766000077
v -0.0411999822 0.0845999941 0.0585000366
v -0.039600011 0.0700000077 0.0558000542
v -0.0368999802 0.0756000578 0.0441000313
v -0.0315999985 0.0694999993 -0.0661999956
v -0.0372999907 0.0744000375 -0.0766000077
v -0.0399000011 0.0600000247 -0.0781000033
v -0.0378000103 0.0900000483 0.0470000282
v -0.0368999802 0.0756000578 0.0441000313
v -0.0342999622 0.0787000358 0.0372000188
v -0.0440999791 0.0629000366 -0.0842000023
v -0.0399000011 0.0600000247 -0.0781000033
v -0.0372999907 0.0744000375 -0.0766000077
v -0.023999989 0.0951000154 0.0346000567
v -0.0220000148 0.105500005 0.0366000384
v -0.0278000236 0.105100006 0.0391000286
v -0.053199999 0.0798000395 -0.0852999017
v -0.0472999811 0.0789000094 -0.0844000056
v -0.0473999903 0.0897000059 -0.0827000067
v -0.0295000076 0.094500035 0.0371000618
v -0.0278000236 0.105100006 0.0391000286
v -0.0327000022 0.103600055 0.0425000563
v -0.0419999883 0.0880000293 -0.0806000009
v -0.0473999903 0.0897000059 -0.0827000067
v -0.0472999811 0.0789000094 -0.0844000056
v -0.0337999985 0.092900008 0.0405000299
v -0.0342999622 0.0787000358 0.0372000188
v -0.0304999948 0.0805000365 0.0335000604
v -0.0425000116 0.0772000253 -0.081900008
v -0.0472999811 0.0789000094 -0.0844000056
v -0.0485000014 0.0647000372 -0.0869000033
v -0.0295000076 0.094500035 0.0371000618
v -0.0304999948 0.0805000365 0.0335000604
v -0.0253000259 0.0812000185 0.0315000266
v -0.0536000095 0.0657000244 -0.0876000002
v -0.0485000014 0.0647000372 -0.0869000033
v -0.0472999811 0.0789000094 -0.0844000056
v -0.0236999989 0.0809000283 0.130099982
v -0.0299999714 0.0758000165 0.1219
v -0.0292000175 0.0865000039 0.12499997
v -0.023999989 0.0765000284 0.000500097871
v -0.024600029 0.0655000433 -0.00190000236
v -0.0278999805 0.0716000423 0.00729999691
v -0.0235000253 0.0931000262 0.130799979
v -0.0159000158 0.0986000448 0.131799966
v -0.0160999894 0.0851000175 0.13469997
v -0.0274999738 0.0837000236 0.00710000098
v -0.0278999805 0.0716000423 0.00729999691
v -0.0337999985 0.0765000284 0.0136000365
v -0.0236999989 0.0809000283 0.130099982
v -0.0160999894 0.0851000175 0.13469997
v -0.0159000158 0.0673000365 0.137599975
v -0.0335999727 0.0590000451 0.0177000612
v -0.0337999985 0.0765000284 0.0136000365
v -0.0278999805 0.0716000423 0.00729999691
v -0.024600029 0.0644000396 0.128699988
v -0.0318999887 0.0610000119 0.117300011
v -0.0299999714 0.0758000165 0.1219
v -0.0281000137 0.0551000461 0.00689999759
v -0.0278999805 0.0716000423 0.00729999691
v -0.024600029 0.0655000433 -0.00190000236
v -0.00569999963 0.0872000083 0.136599988
v -0.0160999894 0.0851000175 0.13469997
v -0.0159000158 0.0986000448 0.131799966
v -0.034600012 0.0895000324 0.0101000518
v -0.0337999985 0.0765000284 0.0136000365
v -0.043099992 0.0793000162 0.0182000175
v -0.00540000945 0.100000039 0.130899996
v 0.00599998049 0.0986000448 0.128399998
v 0.00569999032 0.0872000083 0.135199994
v -0.0448999926 0.0916000232 0.0121000186
v -0.043099992 0.0793000162 0.0182000175
v -0.0543000028 0.0799000561 0.0200000182
v -0.00569999963 0.0872000083 0.136599988
v 0.00569999032 0.0872000083 0.135199994
v 0.00569999032 0.0709999949 0.14229998
v -0.0527999923 0.064199999 0.0281000584
v -0.0543000028 0.0799000561 0.0200000182
v -0.043099992 0.0793000162 0.0182000175
v -0.00540000945 0.0700000077 0.142100006
v -0.0159000158 0.0673000365 0.137599975
v -0.0160999894 0.0851000175 0.13469997
v -0.0421999618 0.0626000389 0.0248000473
v -0.043099992 0.0793000162 0.0182000175
v -0.0337999985 0.0765000284 0.0136000365
v 0.0194000006 0.0771000013 0.0505000167
v 0.0240999982 0.0693000183 0.0704000369
v 0.0271000192 0.0787000284 0.0717000142
v -0.0939000174 0.0690000355 -0.0348000005
v -0.09170001 0.0590999946 -0.0360000059
v -0.091899991 0.0656000078 -0.0576998964
v 0.0224999711 0.0862000212 0.0507000461
v 0.0105999708 0.0956000313 0.0349000469
v 0.0081999898 0.0863000453 0.0339000672
v -0.0943999812 0.0752000511 -0.0574999973
v -0.091899991 0.0656000078 -0.0576998964
v -0.084800005 0.0736000165 -0.077399902
v 0.0194000006 0.0771000013 0.0505000167
v 0.0081999898 0.0863000453 0.0339000672
v 0.0034000203 0.0735000074 0.0319000259
v -0.0816000104 0.0599000156 -0.079200007
v -0.084800005 0.0736000165 -0.077399902
v -0.091899991 0.0656000078 -0.0576998964
v 0.0142999813 0.0637000427 0.047400035
v 0.0210000202 0.0555000454 0.0664000213
v 0.0240999982 0.0693000183 0.0704000369
v -0.0888000131 0.0516000092 -0.0600999966
v -0.091899991 0.0656000078 -0.0576998964
v -0.09170001 0.0590999946 -0.0360000059
v 0.0295000002 0.0739000142 0.101900019
v 0.0299999714 0.0823000297 0.102300026
v 0.0303000212 0.0793000087 0.0888000578
v -0.0871999785 0.0658999979 -0.00370000303
v -0.0903999805 0.061200045 -0.0176999941
v -0.091799967 0.0706000477 -0.0166999996
v 0.0279999897 0.0702000484 0.0878000706
v 0.0303000212 0.0793000087 0.0888000578
v 0.0271000192 0.0787000284 0.0717000142
v -0.0939000174 0.0690000355 -0.0348000005
v -0.091799967 0.0706000477 -0.0166999996
v -0.0903999805 0.061200045 -0.0176999941
v 0.0240999982 0.0693000183 0.0704000369
v 0.0210000202 0.0555000454 0.0664000213
v 0.0263000093 0.056400016 0.0840000212
v -0.09170001 0.0590999946 -0.0360000059
v -0.0903999805 0.061200045 -0.0176999941
v -0.0901999995 0.0471000373 -0.0205999985
v 0.0279999897 0.0702000484 0.0878000706
v 0.0263000093 0.056400016 0.0840000212
v 0.0292999707 0.0608000383 0.0996000543
v -0.0881999731 0.0526000559 -0.00500000268
v -0.0901999995 0.0471000373 -0.0205999985
v -0.0903999805 0.061200045 -0.0176999941
v -0.0411999822 0.0845999941 0.0585000366
v -0.0418000221 0.0957999974 0.0589000396
v -0.0424000025 0.0860999972 0.076800026
v -0.0315999985 0.0694999993 -0.0661999956
v -0.0271999836 0.0613000095 -0.0499000028
v -0.0250999928 0.0720000565 -0.0492000058
v -0.0414000079 0.0753000006 0.0749000609
v -0.0424000025 0.0860999972 0.076800026
v -0.0399000011 0.0792000443 0.0956000462
v -0.0225999951 0.0665000379 -0.0299000069
v -0.0250999928 0.0720000565 -0.0492000058
v -0.0271999836 0.0613000095 -0.0499000028
v -0.039600011 0.0684999973 0.0923000351
v -0.0394999906 0.0543000326 0.0874000564
v -0.040099971 0.0610000119 0.0709000677
v -0.0242999792 0.055800043 -0.0323000029
v -0.0271999836 0.0613000095 -0.0499000028
v -0.0302000046 0.0470000133 -0.0524000004
v -0.0414000079 0.0753000006 0.0749000609
v -0.040099971 0.0610000119 0.0709000677
v -0.039600011 0.0700000077 0.0558000542
v -0.034600012 0.0551000461 -0.0672999993
v -0.0302000046 0.0470000133 -0.0524000004
v -0.0271999836 0.0613000095 -0.0499000028
v -0.035300009 0.0701000243 0.108399995
v -0.039600011 0.0684999973 0.0923000351
v -0.0399000011 0.0792000443 0.0956000462
v -0.0225999951 0.0665000379 -0.0299000069
v -0.0242999792 0.055800043 -0.0323000029
v -0.0235999823 0.0587000549 -0.0157999992
v -0.0343999788 0.0806000382 0.112199999
v -0.0292000175 0.0865000039 0.12499997
v -0.0299999714 0.0758000165 0.1219
v -0.0230000019 0.0694000274 -0.0126999989
v -0.0235999823 0.0587000549 -0.0157999992
v -0.024600029 0.0655000433 -0.00190000236
v -0.035300009 0.0701000243 0.108399995
v -0.0299999714 0.0758000165 0.1219
v -0.0318999887 0.0610000119 0.117300011
v -0.024600029 0.0505000055 -0.00569999963
v -0.024600029 0.0655000433 -0.00190000236
v -0.0235999823 0.0587000549 -0.0157999992
v -0.0362999998 0.0560000166 0.103000022
v -0.0394999906 0.0543000326 0.0874000564
v -0.039600011 0.0684999973 0.0923000351
v -0.024699986 0.0444000065 -0.0203000084
v -0.0235999823 0.0587000549 -0.0157999992
v -0.0242999792 0.055800043 -0.0323000029
v 0.0154999979 0.0993999988 0.0483000688
v 0.0138999783 0.0799999982 0.0518000536
v 0.00160001963 0.0806000382 0.0400000587
v 0.0184999704 0.119700029 0.0462000184
v 0.0154999979 0.0993999988 0.0483000688
v 0.00129996985 0.0986000523 0.0384000391
v -0.00739997998 0.123799995 0.0349000469
v -0.00480003096 0.151700035 0.0284000486
v 0.0103999898 0.148700014 0.0316000357
v -0.00669998117 0.128900006 0.110899962
v -0.013800025 0.102700017 0.118199974
v -0.00340002961 0.104500018 0.117899984
v 0.00809996948 0.105800048 0.112300016
v 0.0105000101 0.126299992 0.109099962
v 0.000699989498 0.127900019 0.111999966
v 0.00809996948 0.105800048 0.112300016
v 0.0168999992 0.103699997 0.107200004
v 0.0199999809 0.123799995 0.1043
v -0.00559998117 0.0863000378 0.130099982
v -0.00340002961 0.104500018 0.117899984
v -0.013800025 0.102700017 0.118199974
v -0.0275999904 0.0770999938 0.112099983
v -0.0238999724 0.0799000487 0.124599963
v -0.019299984 0.101899996 0.11309997
v -0.0285000205 0.106600009 0.0948000401
v -0.023999989 0.102600001 0.10490004
v -0.018599987 0.131900027 0.101100005
v -0.0264999866 0.108000003 0.0402000397
v -0.0254999995 0.126500025 0.0389000624
v -0.00739997998 0.123799995 0.0349000469
v -0.0358999893 0.112800017 0.0579000488
v -0.0328000188 0.134199992 0.0580000095
v -0.0303999782 0.131900027 0.0453000516
v -0.0318999887 0.110400043 0.0462000184
v -0.0303999782 0.131900027 0.0453000516
v -0.0254999995 0.126500025 0.0389000624
v -0.0259000063 0.0856000483 0.0364000574
v -0.0264999866 0.108000003 0.0402000397
v -0.0127000306 0.0989000425 0.0335000604
v -0.038500011 0.091300033 0.0611000471
v -0.0358999893 0.112800017 0.0579000488
v -0.0318999887 0.110400043 0.0462000184
v -0.0347999893 0.0881000459 0.0471000485
v -0.0318999887 0.110400043 0.0462000184
v -0.0264999866 0.108000003 0.0402000397
v 0.00129996985 0.0986000523 0.0384000391
v -0.0127000306 0.0989000425 0.0335000604
v -0.00739997998 0.123799995 0.0349000469
v -0.0311999917 0.0819000155 0.0986000076
v -0.0275999904 0.0770999938 0.112099983
v -0.023999989 0.102600001 0.10490004
v 0.00129996985 0.0986000523 0.0384000391
v 0.00160001963 0.0806000382 0.0400000587
v -0.0152000189 0.0829000175 0.0334000364
v 0.00809996948 0.105800048 0.112300016
v 0.00469999947 0.0880000144 0.124500006
v 0.0156000182 0.0870000273 0.120599955
v -0.023999989 0.102600001 0.10490004
v -0.019299984 0.101899996 0.11309997
v -0.0129000004 0.130200043 0.107200004
v -0.00340002961 0.104500018 0.117899984
v -0.00559998117 0.0863000378 0.130099982
v 0.00469999947 0.0880000144 0.124500006
v -0.0335999727 0.0860999972 0.0882000178
v -0.0311999917 0.0819000155 0.0986000076
v -0.0285000205 0.106600009 0.0948000401
v -0.032400012 0.109800003 0.0836000293
v -0.0285000205 0.106600009 0.0948000401
v -0.0241000056 0.133700028 0.0925000086
v -0.032400012 0.109800003 0.0836000293
v -0.0350999795 0.112300001 0.0709000677
v -0.0366999991 0.088800028 0.0750000328
v -0.0288000107 0.135599986 0.0826000422
v -0.0321000218 0.135700002 0.0700000376
v -0.0350999795 0.112300001 0.0709000677
v -0.0238999724 0.0799000487 0.124599963
v -0.0156000266 0.083400026 0.132099956
v -0.013800025 0.102700017 0.118199974
v -0.0129000004 0.130200043 0.107200004
v -0.019299984 0.101899996 0.11309997
v -0.013800025 0.102700017 0.118199974
v 0.0199999809 0.123799995 0.1043
v 0.0168999992 0.103699997 0.107200004
v 0.0228999779 0.101000026 0.0977000371
v 0.0209000111 0.0833000243 0.105700053
v 0.0228999779 0.101000026 0.0977000371
v 0.0168999992 0.103699997 0.107200004
v -0.038500011 0.091300033 0.0611000471
v -0.0366999991 0.088800028 0.0750000328
v -0.0350999795 0.112300001 0.0709000677
v -0.0350999795 0.112300001 0.0709000677
v -0.0321000218 0.135700002 0.0700000376
v -0.0328000188 0.134199992 0.0580000095
v 0.017700009 0.0788999945 0.0684000701
v 0.0229999982 0.097400032 0.0643000379
v 0.0258999988 0.0988000184 0.0826000348
v 0.0273000002 0.121000007 0.0943000168
v 0.0228999779 0.101000026 0.0977000371
v 0.0258999988 0.0988000184 0.0826000348
v 0.0220000111 0.0795000345 0.0873000473
v 0.0258999988 0.0988000184 0.0826000348
v 0.0228999779 0.101000026 0.0977000371
v 0.0138999783 0.0799999982 0.0518000536
v 0.0154999979 0.0993999988 0.0483000688
v 0.0229999982 0.097400032 0.0643000379
v -0.00559998117 0.0863000378 0.130099982
v -0.0156000266 0.083400026 0.132099956
v -0.01330001 0.0762000307 0.139299959
v -0.00559998117 0.0863000378 0.130099982
v -0.00290000997 0.0744000301 0.139799982
v 0.0081999898 0.0757000074 0.136599988
v -0.0156000266 0.083400026 0.132099956
v -0.0238999724 0.0799000487 0.124599963
v -0.0224999785 0.0714000091 0.13469997
v -0.0296000242 0.0646000057 0.117199987
v -0.0224999785 0.0714000091 0.13469997
v -0.0238999724 0.0799000487 0.124599963
v 0.0081999898 0.0757000074 0.136599988
v 0.0184999704 0.071900025 0.13439998
v 0.0156000182 0.0870000273 0.120599955
v 0.0239999779 0.0662999973 0.117599994
v 0.0209000111 0.0833000243 0.105700053
v 0.0156000182 0.0870000273 0.120599955
v 0.0220000111 0.0795000345 0.0873000473
v 0.0232999884 0.064199999 0.0901000276
v 0.0202000104 0.06500002 0.0698000565
v 0.0159000084 0.0665000379 0.0527000241
v 0.0138999783 0.0799999982 0.0518000536
v 0.017700009 0.0788999945 0.0684000701
v 0.00419997983 0.0681000054 0.0392000452
v 0.00160001963 0.0806000382 0.0400000587
v 0.0138999783 0.0799999982 0.0518000536
v -0.0325999856 0.0684999973 0.103000022
v -0.0296000242 0.0646000057 0.117199987
v -0.0275999904 0.0770999938 0.112099983
v -0.0353999697 0.0727999955 0.0923000351
v -0.0325999856 0.0684999973 0.103000022
v -0.0311999917 0.0819000155 0.0986000076
v -0.0335999727 0.0860999972 0.0882000178
v -0.0366999991 0.088800028 0.0750000328
v -0.0382000208 0.0748000443 0.0789000168
v -0.0366999991 0.088800028 0.0750000328
v -0.038500011 0.091300033 0.0611000471
v -0.0386999808 0.0773999915 0.0630000681
v -0.0386999808 0.0773999915 0.0630000681
v -0.038500011 0.091300033 0.0611000471
v -0.0347999893 0.0881000459 0.0471000485
v 0.00160001963 0.0806000382 0.0400000587
v 0.00419997983 0.0681000054 0.0392000452
v -0.0136000002 0.0665000379 0.0297000185
v -0.0351999924 0.0737000331 0.047400035
v -0.0347999893 0.0881000459 0.0471000485
v -0.0259000063 0.0856000483 0.0364000574
v 0.0209000111 0.0833000243 0.105700053
v 0.0239999779 0.0662999973 0.117599994
v 0.0232999884 0.064199999 0.0901000276
v -0.0279999971 0.0726000369 0.0333000273
v -0.0259000063 0.0856000483 0.0364000574
v -0.0152000189 0.0829000175 0.0334000364
v -0.0196999907 0.155300036 0.0338000506
v -0.0254999995 0.126500025 0.0389000624
v -0.0303999782 0.131900027 0.0453000516
v -0.0196999907 0.155300036 0.0338000506
v -0.00480003096 0.151700035 0.0284000486
v -0.00739997998 0.123799995 0.0349000469
v 0.0159000084 0.0665000379 0.0527000241
v 0.0173000097 0.0534000024 0.0500000566
v 0.00520001911 0.0543000326 0.0373000279
v -0.0353999697 0.0727999955 0.0923000351
v -0.0382000208 0.0748000443 0.0789000168
v -0.0400000215 0.059600018 0.0795000568
v -0.0351999924 0.0737000331 0.047400035
v -0.0424000025 0.0622000322 0.0452000275
v -0.0401999876 0.0641000494 0.0660000294
v 0.0159000084 0.0665000379 0.0527000241
v 0.0202000104 0.06500002 0.0698000565
v 0.0217999779 0.050300017 0.0675000399
v -0.0279999971 0.0726000369 0.0333000273
v -0.0344999991 0.058900021 0.0310000554
v -0.0424000025 0.0622000322 0.0452000275
v 0.0232999884 0.064199999 0.0901000276
v 0.0240999982 0.0480000004 0.0903000683
v 0.0217999779 0.050300017 0.0675000399
v -0.0296000242 0.0646000057 0.117199987
v -0.0313000083 0.0490000471 0.112300009
v -0.024600029 0.0547999889 0.13439998
v 0.0081999898 0.0757000074 0.136599988
v -0.00290000997 0.0744000301 0.139799982
v -0.00129998103 0.0633000284 0.149599999
v -0.0136000002 0.0665000379 0.0297000185
v -0.00880003069 0.0500999913 0.0316000357
v -0.0344999991 0.058900021 0.0310000554
v -0.0382000208 0.0748000443 0.0789000168
v -0.0386999808 0.0773999915 0.0630000681
v -0.0401999876 0.0641000494 0.0660000294
v -0.0296000242 0.0646000057 0.117199987
v -0.0325999856 0.0684999973 0.103000022
v -0.0339000225 0.0515000373 0.101100005
v 0.00419997983 0.0681000054 0.0392000452
v 0.00520001911 0.0543000326 0.0373000279
v -0.00880003069 0.0500999913 0.0316000357
v -0.0224999785 0.0714000091 0.13469997
v -0.024600029 0.0547999889 0.13439998
v -0.013800025 0.0653000101 0.149399966
v -0.00290000997 0.0744000301 0.139799982
v -0.01330001 0.0762000307 0.139299959
v -0.013800025 0.0653000101 0.149399966
v -0.0325999856 0.0684999973 0.103000022
v -0.0353999697 0.0727999955 0.0923000351
v -0.0373999998 0.0579000264 0.0918000191
v 0.0232999884 0.064199999 0.0901000276
v 0.0239999779 0.0662999973 0.117599994
v 0.0254999883 0.0496000275 0.118499964
v 0.0239999779 0.0662999973 0.117599994
v 0.0184999704 0.071900025 0.13439998
v 0.0200999901 0.0578000173 0.139699966
v 0.0184999704 0.071900025 0.13439998
v 0.0081999898 0.0757000074 0.136599988
v 0.0102000199 0.0598000512 0.148200005
v -0.0874000117 0.0881000459 -0.0624000058
v -0.0759999752 0.0856000483 -0.0757000074
v -0.0771999955 0.0676000416 -0.0725999996
v -0.0893999934 0.108500026 -0.0650000051
v -0.0785000324 0.110300034 -0.0790000036
v -0.0759999752 0.0856000483 -0.0757000074
v -0.0831000209 0.136100024 -0.0834000036
v -0.0687000155 0.137600034 -0.090700008
v -0.0665000007 0.109900028 -0.0830999985
v -0.0503000021 0.0953000411 -0.000100001693
v -0.0406000018 0.0928000435 -0.00230000168
v -0.0473999903 0.118800014 -0.00919990242
v -0.0544999801 0.118600033 -0.00629989803
v -0.064800024 0.117700003 -0.00640000403
v -0.0627000332 0.0972000062 -0.00249999762
v -0.0627000332 0.0972000062 -0.00249999762
v -0.064800024 0.117700003 -0.00640000403
v -0.0753999949 0.115800045 -0.00850000232
v -0.04509997 0.0780000314 0.012000069
v -0.0350999795 0.0747000277 0.0114000291
v -0.0406000018 0.0928000435 -0.00230000168
v -0.03659999 0.091200009 -0.00860000402
v -0.0295000076 0.0702000558 0.0020999983
v -0.0296000242 0.0663000047 -0.0105999038
v -0.0381000005 0.120300017 -0.0219000056
v -0.034200009 0.0910000429 -0.0176999941
v -0.0321000218 0.0941000283 -0.0290000066
v -0.0479999706 0.0927000344 -0.0815000013
v -0.0633000135 0.0845000446 -0.0839999989
v -0.0665000007 0.109900028 -0.0830999985
v -0.034200009 0.0976000056 -0.0670999959
v -0.0411000177 0.0950000584 -0.077200003
v -0.040899992 0.116400026 -0.0792999938
v -0.0411000177 0.0950000584 -0.077200003
v -0.0479999706 0.0927000344 -0.0815000013
v -0.0476999804 0.111200005 -0.0837999955
v -0.0518000126 0.0703000054 -0.0833000019
v -0.0620999895 0.0683000386 -0.0835000053
v -0.0633000135 0.0845000446 -0.0839999989
v -0.0328999758 0.0763000548 -0.0634000078
v -0.0401999876 0.072700046 -0.075500004
v -0.0411000177 0.0950000584 -0.077200003
v -0.0401999876 0.072700046 -0.075500004
v -0.0518000126 0.0703000054 -0.0833000019
v -0.0479999706 0.0927000344 -0.0815000013
v -0.0665000007 0.109900028 -0.0830999985
v -0.0633000135 0.0845000446 -0.0839999989
v -0.0759999752 0.0856000483 -0.0757000074
v -0.034200009 0.0910000429 -0.0176999941
v -0.0296000242 0.0663000047 -0.0105999038
v -0.0299999714 0.0699000061 -0.0247000083
v -0.0759999752 0.0856000483 -0.0757000074
v -0.0633000135 0.0845000446 -0.0839999989
v -0.0620999895 0.0683000386 -0.0835000053
v -0.0627000332 0.0972000062 -0.00249999762
v -0.0728999898 0.0955000073 -0.00489990413
v -0.0680999756 0.0794000179 0.00900004804
v -0.0421999618 0.119400047 -0.0144999996
v -0.03659999 0.091200009 -0.00860000402
v -0.034200009 0.0910000429 -0.0176999941
v -0.0503000021 0.0953000411 -0.000100001693
v -0.0627000332 0.0972000062 -0.00249999762
v -0.0565000102 0.0799999982 0.00950007141
v -0.0303000212 0.0732000172 -0.0355999991
v -0.0310000181 0.0963000357 -0.0410000011
v -0.0321000218 0.0941000283 -0.0290000066
v -0.0310000181 0.0963000357 -0.0410000011
v -0.0325999856 0.122100018 -0.0428000018
v -0.0347999893 0.121100031 -0.0317999944
v -0.0309000015 0.0748000443 -0.0493000075
v -0.0315999985 0.0979000553 -0.0543000028
v -0.0310000181 0.0963000357 -0.0410000011
v -0.0315999985 0.0979000553 -0.0543000028
v -0.0327000022 0.121200047 -0.0558998957
v -0.0325999856 0.122100018 -0.0428000018
v -0.0295000076 0.0702000558 0.0020999983
v -0.03659999 0.091200009 -0.00860000402
v -0.0406000018 0.0928000435 -0.00230000168
v -0.0406000018 0.0928000435 -0.00230000168
v -0.03659999 0.091200009 -0.00860000402
v -0.0421999618 0.119400047 -0.0144999996
v -0.0813999698 0.0928000435 -0.0121999979
v -0.0728999898 0.0955000073 -0.00489990413
v -0.0753999949 0.115800045 -0.00850000232
v -0.0728999898 0.0955000073 -0.00489990413
v -0.0813999698 0.0928000435 -0.0121999979
v -0.0778999925 0.0752000436 -0.00360000134
v -0.0328999758 0.0763000548 -0.0634000078
v -0.034200009 0.0976000056 -0.0670999959
v -0.0315999985 0.0979000553 -0.0543000028
v -0.0351999924 0.119200014 -0.0677000061
v -0.0327000022 0.121200047 -0.0558998957
v -0.0315999985 0.0979000553 -0.0543000028
v -0.0856000111 0.0684000552 -0.0405000076
v -0.0843999907 0.0703000054 -0.0205999985
v -0.0885000229 0.0900000557 -0.0257999972
v -0.0852000117 0.113100015 -0.0161000043
v -0.0931000113 0.110100053 -0.0283999965
v -0.0885000229 0.0900000557 -0.0257999972
v -0.0843999907 0.0703000054 -0.0205999985
v -0.0778999925 0.0752000436 -0.00360000134
v -0.0813999698 0.0928000435 -0.0121999979
v -0.0860999823 0.0684000552 -0.0581000075
v -0.0856000111 0.0684000552 -0.0405000076
v -0.0907000303 0.087400049 -0.0445000008
v -0.0353999697 0.0681000054 0.0194000378
v -0.0350999795 0.0747000277 0.0114000291
v -0.04509997 0.0780000314 0.012000069
v -0.04509997 0.0780000314 0.012000069
v -0.0565000102 0.0799999982 0.00950007141
v -0.0566999912 0.0687000453 0.0230000466
v -0.0281000137 0.0625000298 0.0128000155
v -0.0295000076 0.0702000558 0.0020999983
v -0.0350999795 0.0747000277 0.0114000291
v -0.0295000076 0.0702000558 0.0020999983
v -0.0281000137 0.0625000298 0.0128000155
v -0.0267000198 0.0541000068 -0.005400002
v -0.0680999756 0.0794000179 0.00900004804
v -0.0673000216 0.0654000267 0.0242000669
v -0.0566999912 0.0687000453 0.0230000466
v -0.0777000114 0.0590000451 0.0102000684
v -0.0673000216 0.0654000267 0.0242000669
v -0.0680999756 0.0794000179 0.00900004804
v -0.0843999907 0.0703000054 -0.0205999985
v -0.0856000111 0.0684000552 -0.0405000076
v -0.0881999731 0.0546000302 -0.0372999981
v -0.0885000229 0.0549000129 -0.0554000065
v -0.0881999731 0.0546000302 -0.0372999981
v -0.0856000111 0.0684000552 -0.0405000076
v -0.0807999894 0.0549000129 -0.0713000074
v -0.0885000229 0.0549000129 -0.0554000065
v -0.0860999823 0.0684000552 -0.0581000075
v -0.0296000242 0.0663000047 -0.0105999038
v -0.0267000198 0.0541000068 -0.005400002
v -0.0278999805 0.0569000542 -0.0200000033
v -0.0299999714 0.0699000061 -0.0247000083
v -0.0278999805 0.0569000542 -0.0200000033
v -0.0281000137 0.0602000058 -0.0314000025
v -0.0292000175 0.061200045 -0.0450999066
v -0.0309000015 0.0748000443 -0.0493000075
v -0.0303000212 0.0732000172 -0.0355999991
v -0.0329999924 0.06280002 -0.0606000051
v -0.0328999758 0.0763000548 -0.0634000078
v -0.0309000015 0.0748000443 -0.0493000075
v -0.0329999924 0.06280002 -0.0606000051
v -0.040700011 0.0584000051 -0.0742999986
v -0.0401999876 0.072700046 -0.075500004
v -0.0771999955 0.0676000416 -0.0725999996
v -0.0620999895 0.0683000386 -0.0835000053
v -0.0656999946 0.0517000258 -0.0852000043
v -0.040700011 0.0584000051 -0.0742999986
v -0.0512999818 0.0569000542 -0.0857999995
v -0.0518000126 0.0703000054 -0.0833000019
v -0.0778999925 0.0752000436 -0.00360000134
v -0.0843999907 0.0703000054 -0.0205999985
v -0.0852999613 0.0551000461 -0.0163000003
v -0.0512999818 0.0569000542 -0.0857999995
v -0.0656999946 0.0517000258 -0.0852000043
v -0.0620999895 0.0683000386 -0.0835000053
v -0.040899992 0.116400026 -0.0792999938
v -0.0476999804 0.111200005 -0.0837999955
v -0.0525000021 0.140000001 -0.0894000009
v -0.0525000021 0.140000001 -0.0894000009
v -0.0476999804 0.111200005 -0.0837999955
v -0.0665000007 0.109900028 -0.0830999985
v -0.0834000111 0.0409000143 -0.071100004
v -0.0914999768 0.0416000187 -0.0556999967
v -0.0885000229 0.0549000129 -0.0554000065
v -0.0281000137 0.0602000058 -0.0314000025
v -0.0268999934 0.0453000367 -0.0314000025
v -0.0278999805 0.0461000502 -0.0440000072
v -0.0314000249 0.0497000441 -0.0572999045
v -0.0351999924 0.046500057 -0.0775999948
v -0.040700011 0.0584000051 -0.0742999986
v -0.0914999768 0.0416000187 -0.0556999967
v -0.0907999799 0.0398000181 -0.037199907
v -0.0881999731 0.0546000302 -0.0372999981
v -0.0351999924 0.046500057 -0.0775999948
v -0.0467000008 0.0428000391 -0.0887000039
v -0.0512999818 0.0569000542 -0.0857999995
v -0.0907999799 0.0398000181 -0.037199907
v -0.0867000222 0.0391000137 -0.0146000087
v -0.0852999613 0.0551000461 -0.0163000003
v -0.0267000198 0.045799993 0.0131000653
v -0.02700001 0.0382000431 -0.0095000118
v -0.0267000198 0.0541000068 -0.005400002
v -0.0566999912 0.0687000453 0.0230000466
v -0.0558000207 0.0536999926 0.0359000415
v -0.0441999994 0.056599997 0.0336000174
v -0.0467000008 0.0428000391 -0.0887000039
v -0.071600005 0.0356000364 -0.0802999064
v -0.0656999946 0.0517000258 -0.0852000043
v -0.0292000175 0.061200045 -0.0450999066
v -0.0278999805 0.0461000502 -0.0440000072
v -0.0314000249 0.0497000441 -0.0572999045
v -0.0267000198 0.0541000068 -0.005400002
v -0.02700001 0.0382000431 -0.0095000118
v -0.027700007 0.0398000181 -0.021100007
v -0.071600005 0.0356000364 -0.0802999064
v -0.0834000111 0.0409000143 -0.071100004
v -0.0807999894 0.0549000129 -0.0713000074
v -0.0321999788 0.0579000264 0.0297000185
v -0.0267000198 0.045799993 0.0131000653
v -0.0281000137 0.0625000298 0.0128000155
v -0.0451999828 0.0669000447 0.0230000466
v -0.0441999994 0.056599997 0.0336000174
v -0.0321999788 0.0579000264 0.0297000185
v -0.0278999805 0.0569000542 -0.0200000033
v -0.027700007 0.0398000181 -0.021100007
v -0.0268999934 0.0453000367 -0.0314000025
v -0.0852999613 0.0551000461 -0.0163000003
v -0.0867000222 0.0391000137 -0.0146000087
v -0.079400003 0.0425000489 0.0128000081
v -0.0777000114 0.0590000451 0.0102000684
v -0.079400003 0.0425000489 0.0128000081
v -0.0677999854 0.0518000275 0.0308000296
v -0.0673000216 0.0654000267 0.0242000669
v -0.0677999854 0.0518000275 0.0308000296
v -0.0558000207 0.0536999926 0.0359000415
vt 0.566600025 0.239899904 0
vt 0.58890003 0.277200013 0
vt 0.574800014 0.288599998 0
vt 0.579400003 0.231800005 0
vt 0.599799991 0.326000005 0
vt 0.584399998 0.3398 0
vt 0.56220001 0.297399998 0
vt 0.570800006 0.350699991 0
vt 0.554799974 0.246000007 0
vt 0.610800028 0.370700002 0
vt 0.594200015 0.383700013 0
vt 0.624100029 0.41139999 0
vt 0.60680002 0.422300011 0
vt 0.579900026 0.393299997 0
vt 0.591600001 0.429800004 0
vt 0.595600009 0.220799997 0
vt 0.630100012 0.2456 0
vt 0.607900023 0.262499988 0
vt 0.615100026 0.207000002 0
vt 0.645399988 0.289200008 0
vt 0.620899975 0.308600008 0
vt 0.6602 0.332899988 0
vt 0.63349998 0.353199989 0
vt 0.675400019 0.37560001 0
vt 0.647300005 0.395300001 0
vt 0.403100014 0.38530001 0
vt 0.375099987 0.410100013 0
vt 0.390300006 0.369800001 0
vt 0.412699997 0.342999995 0
vt 0.401199996 0.326900005 0
vt 0.421499997 0.354000002 0
vt 0.412499994 0.395000011 0
vt 0.389200002 0.423099995 0
vt 0.400099993 0.430500001 0
vt 0.41870001 0.293900013 0
vt 0.408399999 0.280600011 0
vt 0.422699988 0.245499998 0
vt 0.413399994 0.235300004 0
vt 0.431899995 0.253199995 0
vt 0.427599996 0.30340001 0
vt 0.368600011 0.344900012 0
vt 0.324900001 0.360000014 0
vt 0.342500001 0.317900002 0
vt 0.382400006 0.30340001 0
vt 0.358799994 0.278100014 0
vt 0.352200001 0.386500001 0
vt 0.393700004 0.262300014 0
vt 0.373899996 0.2412 0
vt 0.402399987 0.222399995 0
vt 0.386500001 0.205799907 0
vt 0.637600005 0.190599993 0
vt 0.679400027 0.2095 0
vt 0.653999984 0.227400005 0
vt 0.661899984 0.173299998 0
vt 0.69749999 0.250099987 0
vt 0.671000004 0.26910001 0
vt 0.718299985 0.291000009 0
vt 0.689100027 0.311300009 0
vt 0.707300007 0.353599995 0
vt 0.739099979 0.332800001 0
vt 0.686600029 0.156900004 0
vt 0.733699977 0.178200006 0
vt 0.706200004 0.193399996 0
vt 0.711499989 0.140900001 0
vt 0.753199995 0.218799993 0
vt 0.725099981 0.233799905 0
vt 0.773100019 0.260100007 0
vt 0.745999992 0.274599999 0
vt 0.76700002 0.316399992 0
vt 0.792999983 0.30219999 0
vt 0.297800004 0.338800013 0
vt 0.287800014 0.276300013 0
vt 0.316199988 0.296400011 0
vt 0.268400013 0.318599999 0
vt 0.332899988 0.256599993 0
vt 0.304500014 0.236699894 0
vt 0.34830001 0.219500005 0
vt 0.320100009 0.198500007 0
vt 0.362899989 0.184499994 0
vt 0.336800009 0.162599996 0
vt 0.234699994 0.29550001 0
vt 0.221100003 0.230000004 0
vt 0.255400002 0.253800005 0
vt 0.198899999 0.270999998 0
vt 0.241500005 0.195099995 0
vt 0.273699999 0.216100007 0
vt 0.264999986 0.160699993 0
vt 0.292400002 0.179100007 0
vt 0.291000009 0.127200007 0
vt 0.313199997 0.144099995 0
vt 0.540799975 0.120399997 0
vt 0.556999981 0.138300002 0
vt 0.548900008 0.144099995 0
vt 0.546700001 0.114299998 0
vt 0.565800011 0.167799994 0
vt 0.555599988 0.173600003 0
vt 0.540300012 0.148000002 0
vt 0.545000017 0.178399995 0
vt 0.53670001 0.128700003 0
vt 0.57249999 0.197099999 0
vt 0.560899973 0.203500003 0
vt 0.549499989 0.2086 0
vt 0.552699983 0.1080999 0
vt 0.574199975 0.125100002 0
vt 0.564800024 0.132699996 0
vt 0.559899986 0.100699998 0
vt 0.587899983 0.153400004 0
vt 0.575800002 0.162 0
vt 0.601300001 0.178499907 0
vt 0.585500002 0.189300001 0
vt 0.426299989 0.205099896 0
vt 0.417499989 0.195399895 0
vt 0.430900007 0.170599893 0
vt 0.423000008 0.160500005 0
vt 0.439399987 0.179100007 0
vt 0.435499996 0.213200003 0
vt 0.437900007 0.139400005 0
vt 0.432399988 0.130199999 0
vt 0.44659999 0.116599999 0
vt 0.443800002 0.108499996 0
vt 0.448900014 0.127200007 0
vt 0.444400012 0.146799996 0
vt 0.408100009 0.184699997 0
vt 0.395500004 0.170599893 0
vt 0.414900005 0.150600001 0
vt 0.405299991 0.138300002 0
vt 0.426999986 0.121600002 0
vt 0.42050001 0.111400001 0
vt 0.441100001 0.101000004 0
vt 0.43720001 0.0921999812 0
vt 0.586700022 0.113399997 0
vt 0.579900026 0.0783999488 0
vt 0.600899994 0.0983999893 0
vt 0.622200012 0.121699996 0
vt 0.604300022 0.139300004 0
vt 0.569000006 0.0909999609 0
vt 0.642700016 0.145400003 0
vt 0.621100008 0.163100004 0
vt 0.592499971 0.0621999502 0
vt 0.629199982 0.0617999993 0
vt 0.61500001 0.0806999803 0
vt 0.606100023 0.0439999588 0
vt 0.654600024 0.0837000012 0
vt 0.638800025 0.103 0
vt 0.683600008 0.109700002 0
vt 0.663299978 0.127599999 0
vt 0.377299994 0.150999993 0
vt 0.356900007 0.130099997 0
vt 0.393000007 0.121299997 0
vt 0.378899992 0.102399997 0
vt 0.41170001 0.0974999592 0
vt 0.401199996 0.0812000036 0
vt 0.430599988 0.0803999901 0
vt 0.422300011 0.0656999871 0
vt 0.337599993 0.112000003 0
vt 0.319000006 0.0953999683 0
vt 0.363599986 0.0845999718 0
vt 0.347900003 0.0673999712 0
vt 0.389299989 0.0636000037 0
vt 0.376700014 0.0454999804 0
vt 0.403699994 0.0295999609 0
vt 0.413199991 0.0482999608 0
vt 0.768400013 0.598699987 0
vt 0.762199998 0.535600007 0
vt 0.789900005 0.58920002 0
vt 0.787999988 0.647800028 0
vt 0.8125 0.637799978 0
vt 0.764500022 0.657400012 0
vt 0.75 0.6074 0
vt 0.7421 0.54549998 0
vt 0.726999998 0.553799987 0
vt 0.212699994 0.626399994 0
vt 0.207100004 0.572899997 0
vt 0.232299998 0.580500007 0
vt 0.185299903 0.618799984 0
vt 0.233899996 0.523199975 0
vt 0.257499993 0.532599986 0
vt 0.253399998 0.588100016 0
vt 0.275099993 0.540899992 0
vt 0.237900004 0.6347 0
vt 0.874899983 0.555499971 0
vt 0.876699984 0.482600003 0
vt 0.902100027 0.543799996 0
vt 0.923300028 0.597500026 0
vt 0.898199975 0.60680002 0
vt 0.871599972 0.616599977 0
vt 0.846899986 0.567099988 0
vt 0.847899973 0.496899992 0
vt 0.818700016 0.510800004 0
vt 0.817300022 0.578499973 0
vt 0.788900018 0.523800015 0
vt 0.841700017 0.627099991 0
vt 0.155000001 0.610800028 0
vt 0.144700006 0.554700017 0
vt 0.176799998 0.564300001 0
vt 0.123899899 0.602199972 0
vt 0.169599995 0.501100004 0
vt 0.203299895 0.512499988 0
vt 0.113600001 0.544399977 0
vt 0.0656999871 0.582599998 0
vt 0.0829999968 0.533599973 0
vt 0.102899998 0.478100002 0
vt 0.136099905 0.489600003 0
vt 0.0943999812 0.592599988 0
vt 0.64200002 0.448199987 0
vt 0.62470001 0.457700014 0
vt 0.649800003 0.49059999 0
vt 0.665700018 0.482199997 0
vt 0.630999982 0.499799997 0
vt 0.607800007 0.46419999 0
vt 0.691900015 0.416299999 0
vt 0.664399981 0.433999985 0
vt 0.711399972 0.455300003 0
vt 0.685899973 0.470299989 0
vt 0.713199973 0.504999995 0
vt 0.735400021 0.493000001 0
vt 0.696399987 0.514699996 0
vt 0.345699996 0.4903 0
vt 0.355100006 0.448500007 0
vt 0.370200008 0.458700001 0
vt 0.33070001 0.4824 0
vt 0.383899987 0.46419999 0
vt 0.363299996 0.497000009 0
vt 0.260500014 0.483700007 0
vt 0.284500003 0.497799993 0
vt 0.2852 0.44659999 0
vt 0.310499996 0.466199994 0
vt 0.30250001 0.50940001 0
vt 0.306300014 0.404199988 0
vt 0.333000004 0.428000003 0
vt 0.825100005 0.448000014 0
vt 0.795599997 0.463200003 0
vt 0.805000007 0.403899997 0
vt 0.775900006 0.419800013 0
vt 0.853600025 0.432900012 0
vt 0.832199991 0.389099985 0
vt 0.786199987 0.359800011 0
vt 0.757700026 0.376100004 0
vt 0.812399983 0.345299989 0
vt 0.764299989 0.478599995 0
vt 0.742999971 0.437700003 0
vt 0.724600017 0.395900011 0
vt 0.194900006 0.455000013 0
vt 0.229800001 0.469199985 0
vt 0.220200002 0.411199987 0
vt 0.254900008 0.428299993 0
vt 0.245399997 0.36469999 0
vt 0.277500004 0.3838 0
vt 0.158199996 0.441599995 0
vt 0.1206 0.428600013 0
vt 0.141299993 0.379200011 0
vt 0.181700006 0.395000011 0
vt 0.169799998 0.323700011 0
vt 0.208700001 0.344399989 0
vt 0.508000016 0.0996999666 0
vt 0.494899988 0.091799967 0
vt 0.509599984 0.0921999812 0
vt 0.521000028 0.102200001 0
vt 0.523599982 0.0952999517 0
vt 0.507200003 0.115599997 0
vt 0.519299984 0.116999999 0
vt 0.494100004 0.0996999666 0
vt 0.493800014 0.116099998 0
vt 0.53579998 0.101300001 0
vt 0.531700015 0.107799999 0
vt 0.529399991 0.121100001 0
vt 0.511699975 0.0855000019 0
vt 0.499500006 0.0762000009 0
vt 0.514800012 0.0772999525 0
vt 0.52609998 0.088699989 0
vt 0.529600024 0.0807999894 0
vt 0.496800005 0.0847999975 0
vt 0.539799988 0.094799988 0
vt 0.544799984 0.0873000026 0
vt 0.807500005 0.74059999 0
vt 0.773000002 0.72359997 0
vt 0.80369997 0.716899991 0
vt 0.77640003 0.744300008 0
vt 0.770500004 0.703700006 0
vt 0.800100029 0.694800019 0
vt 0.829599977 0.684499979 0
vt 0.834599972 0.708599985 0
vt 0.839399993 0.735099971 0
vt 0.769400001 0.685500026 0
vt 0.796700001 0.675800025 0
vt 0.824000001 0.665199995 0
vt 0.742600024 0.747600019 0
vt 0.710399985 0.731899977 0
vt 0.7403 0.728600025 0
vt 0.709699988 0.750199974 0
vt 0.711600006 0.714600027 0
vt 0.738900006 0.710500002 0
vt 0.71390003 0.699400008 0
vt 0.739499986 0.693899989 0
vt 0.715699971 0.672800004 0
vt 0.738399982 0.666400015 0
vt 0.519500017 0.0655999705 0
vt 0.507000029 0.047499951 0
vt 0.525600016 0.0505999885 0
vt 0.535000026 0.070100002 0
vt 0.542500019 0.056400001 0
vt 0.503000021 0.0634999797 0
vt 0.551599979 0.0776000023 0
vt 0.560500026 0.0650999472 0
vt 0.532800019 0.0326999985 0
vt 0.515600026 0.0094999671 0
vt 0.540600002 0.0132999998 0
vt 0.551900029 0.0392999612 0
vt 0.562300026 0.0205999594 0
vt 0.511200011 0.0291000009 0
vt 0.571699977 0.0486999713 0
vt 0.583999991 0.0304999892 0
vt 0.933899999 0.62470001 0
vt 0.90990001 0.63380003 0
vt 0.940800011 0.64230001 0
vt 0.917100012 0.652100027 0
vt 0.891200006 0.662299991 0
vt 0.88410002 0.643400013 0
vt 0.950999975 0.666800022 0
vt 0.926800013 0.677200019 0
vt 0.962899983 0.694899976 0
vt 0.93779999 0.705799997 0
vt 0.899999976 0.68779999 0
vt 0.909500003 0.716499984 0
vt 0.875 0.726700008 0
vt 0.867999971 0.698599994 0
vt 0.861000001 0.673399985 0
vt 0.854300022 0.654200017 0
vt 0.474599987 0.888999999 0
vt 0.521399975 0.852699995 0
vt 0.521600008 0.889400005 0
vt 0.474999994 0.922999978 0
vt 0.521799982 0.923900008 0
vt 0.428799987 0.91930002 0
vt 0.428000003 0.887000024 0
vt 0.474599987 0.851999998 0
vt 0.42809999 0.851400018 0
vt 0.476999998 0.951300025 0
vt 0.522700012 0.953599989 0
vt 0.479699999 0.976599991 0
vt 0.523800015 0.98089999 0
vt 0.437099993 0.968800008 0
vt 0.432300001 0.945599973 0
vt 0.568799973 0.889900029 0
vt 0.61589998 0.856100023 0
vt 0.616699994 0.890600026 0
vt 0.568599999 0.924700022 0
vt 0.615999997 0.925100029 0
vt 0.568199992 0.853999972 0
vt 0.615400016 0.952199996 0
vt 0.568700016 0.953700006 0
vt 0.614799976 0.975600004 0
vt 0.568899989 0.979600012 0
vt 0.547699988 0.30430001 0
vt 0.555100024 0.358999997 0
vt 0.531300008 0.309899986 0
vt 0.536800027 0.365200013 0
vt 0.527400017 0.255299985 0
vt 0.541899979 0.2509 0
vt 0.512600005 0.314599991 0
vt 0.515100002 0.369800001 0
vt 0.49149999 0.372099996 0
vt 0.492300004 0.317400008 0
vt 0.493099988 0.263200015 0
vt 0.510999978 0.259799987 0
vt 0.564100027 0.400700003 0
vt 0.574500024 0.435499996 0
vt 0.5528 0.440400004 0
vt 0.54460001 0.406500012 0
vt 0.523500025 0.445100009 0
vt 0.519200027 0.41139999 0
vt 0.490799993 0.44780001 0
vt 0.490999997 0.413899988 0
vt 0.297800004 0.872900009 0
vt 0.337900013 0.84890002 0
vt 0.33829999 0.876299977 0
vt 0.304199994 0.893999994 0
vt 0.341399997 0.9005 0
vt 0.269499987 0.889199972 0
vt 0.258899987 0.870700002 0
vt 0.295300007 0.848100007 0
vt 0.253800005 0.847500026 0
vt 0.315899998 0.914399981 0
vt 0.349400014 0.924399972 0
vt 0.330199987 0.934499979 0
vt 0.359899998 0.948000014 0
vt 0.303799987 0.919799984 0
vt 0.285400003 0.905099988 0
vt 0.382200003 0.881900012 0
vt 0.383599997 0.910399973 0
vt 0.382299989 0.850199997 0
vt 0.388999999 0.935699999 0
vt 0.396299988 0.959399998 0
vt 0.533999979 0.181299999 0
vt 0.530700028 0.148200005 0
vt 0.521899998 0.183300003 0
vt 0.519900024 0.147200003 0
vt 0.50819999 0.185499996 0
vt 0.507399976 0.147400007 0
vt 0.493200004 0.187299997 0
vt 0.493400007 0.148499995 0
vt 0.537500024 0.212699994 0
vt 0.524299979 0.216199905 0
vt 0.509500027 0.219899997 0
vt 0.493200004 0.222699896 0
vt 0.890999973 0.915600002 0
vt 0.963699996 0.926400006 0
vt 0.886099994 0.935299993 0
vt 0.972299993 0.910000026 0
vt 0.953599989 0.938000023 0
vt 0.880299985 0.949800014 0
vt 0.815699995 0.942399979 0
vt 0.813000023 0.959399998 0
vt 0.818000019 0.920099974 0
vt 0.819500029 0.887199998 0
vt 0.894200027 0.885500014 0
vt 0.820100009 0.854799986 0
vt 0.895399988 0.854900002 0
vt 0.977999985 0.884199977 0
vt 0.980000019 0.856700003 0
vt 0.665700018 0.891600013 0
vt 0.715699971 0.860700011 0
vt 0.7148 0.891700029 0
vt 0.712899983 0.924000025 0
vt 0.664200008 0.924899995 0
vt 0.665799975 0.859300017 0
vt 0.711099982 0.948000014 0
vt 0.662899971 0.950200021 0
vt 0.709399998 0.967899978 0
vt 0.66170001 0.971599996 0
vt 0.763700008 0.85799998 0
vt 0.762899995 0.889800012 0
vt 0.761300027 0.922699988 0
vt 0.7597 0.946099997 0
vt 0.7579 0.964600027 0
vt 0.595899999 0.497999996 0
vt 0.586499989 0.469399989 0
vt 0.564899981 0.500999987 0
vt 0.559700012 0.473500013 0
vt 0.529100001 0.502600014 0
vt 0.52670002 0.476900011 0
vt 0.49180001 0.503400028 0
vt 0.491100013 0.478899986 0
vt 0.45629999 0.107199997 0
vt 0.455300003 0.0993999764 0
vt 0.467500001 0.104400001 0
vt 0.467500001 0.096499972 0
vt 0.466500014 0.119999997 0
vt 0.455900013 0.1219 0
vt 0.480300009 0.101599999 0
vt 0.480699986 0.0934999511 0
vt 0.479699999 0.1177999 0
vt 0.454100013 0.091899991 0
vt 0.451599985 0.0828999802 0
vt 0.467099994 0.0887999535 0
vt 0.465900004 0.0791999623 0
vt 0.481599987 0.0860999823 0
vt 0.482600003 0.0768999979 0
vt 0.202399999 0.655399978 0
vt 0.229599997 0.664099991 0
vt 0.197300002 0.675800025 0
vt 0.225600004 0.684099972 0
vt 0.168200001 0.666899979 0
vt 0.173999995 0.647000015 0
vt 0.193599895 0.69599998 0
vt 0.223299995 0.702600002 0
vt 0.190599993 0.716099977 0
vt 0.221900001 0.720300019 0
vt 0.158899993 0.709399998 0
vt 0.163299993 0.687900007 0
vt 0.257400006 0.673500001 0
vt 0.281399995 0.652400017 0
vt 0.280400008 0.680700004 0
vt 0.255899996 0.691799998 0
vt 0.281300008 0.697099984 0
vt 0.261799991 0.644400001 0
vt 0.255699992 0.707499981 0
vt 0.282799989 0.710200012 0
vt 0.256099999 0.721899986 0
vt 0.28459999 0.721599996 0
vt 0.44690001 0.0704999492 0
vt 0.440800011 0.0553999506 0
vt 0.463400006 0.0656999871 0
vt 0.460099995 0.0493999682 0
vt 0.483200014 0.0633999705 0
vt 0.483599991 0.0468999706 0
vt 0.42750001 0.0195999704 0
vt 0.434300005 0.0381000005 0
vt 0.452800006 0.0136999404 0
vt 0.456499994 0.0318999812 0
vt 0.484299988 0.00999999046 0
vt 0.483999997 0.0288999602 0
vt 0.111100003 0.629700005 0
vt 0.0825999901 0.621200025 0
vt 0.102799997 0.648299992 0
vt 0.0747999474 0.640200019 0
vt 0.0490999818 0.632700026 0
vt 0.0554999709 0.612800002 0
vt 0.0956999585 0.668799996 0
vt 0.067900002 0.659699976 0
vt 0.0891000032 0.690299988 0
vt 0.0612999685 0.679499984 0
vt 0.0366999507 0.668500006 0
vt 0.0427999385 0.651000023 0
vt 0.142599896 0.638400018 0
vt 0.135299996 0.657400012 0
vt 0.129099995 0.678499997 0
vt 0.123400003 0.700600028 0
vt 0.47209999 0.751900017 0
vt 0.511699975 0.735599995 0
vt 0.515900016 0.75819999 0
vt 0.47330001 0.780799985 0
vt 0.519200027 0.783999979 0
vt 0.426600009 0.780900002 0
vt 0.427100003 0.749899983 0
vt 0.470699996 0.725600004 0
vt 0.42809999 0.720600009 0
vt 0.47420001 0.815100014 0
vt 0.520799994 0.816600025 0
vt 0.427300006 0.815400004 0
vt 0.556299984 0.771000028 0
vt 0.594099998 0.76700002 0
vt 0.600499988 0.78670001 0
vt 0.561800003 0.794200003 0
vt 0.606599987 0.807299972 0
vt 0.550100029 0.75 0
vt 0.565800011 0.822000027 0
vt 0.612100005 0.829400003 0
vt 0.467400014 0.371300012 0
vt 0.470999986 0.317600012 0
vt 0.446399987 0.367900014 0
vt 0.451799989 0.315200001 0
vt 0.473699987 0.264099985 0
vt 0.455900013 0.262699991 0
vt 0.431899995 0.362199992 0
vt 0.437999994 0.310499996 0
vt 0.442499995 0.259000003 0
vt 0.459199995 0.446700007 0
vt 0.463099986 0.412600011 0
vt 0.432099998 0.442799985 0
vt 0.439399987 0.408499986 0
vt 0.413399994 0.43720001 0
vt 0.423500001 0.402700007 0
vt 0.310600013 0.736100018 0
vt 0.341500014 0.752799988 0
vt 0.30399999 0.758599997 0
vt 0.344799995 0.726499975 0
vt 0.338999987 0.781599998 0
vt 0.298599988 0.784300029 0
vt 0.2685 0.765999973 0
vt 0.259299994 0.787999988 0
vt 0.279500008 0.747799993 0
vt 0.337900013 0.815500021 0
vt 0.295599997 0.816299975 0
vt 0.254200011 0.817600012 0
vt 0.38499999 0.721199989 0
vt 0.383100003 0.75 0
vt 0.381799996 0.780799985 0
vt 0.381900012 0.815299988 0
vt 0.478300005 0.149800003 0
vt 0.476700008 0.188199893 0
vt 0.46419999 0.150499895 0
vt 0.461299986 0.1875 0
vt 0.453000009 0.150000006 0
vt 0.449200004 0.184599906 0
vt 0.475400001 0.2236 0
vt 0.458799988 0.222499996 0
vt 0.445899993 0.218999997 0
vt 0.885599971 0.800300002 0
vt 0.943400025 0.784099996 0
vt 0.958299994 0.800400019 0
vt 0.890600026 0.816999972 0
vt 0.970600009 0.817300022 0
vt 0.818700016 0.818400025 0
vt 0.819000006 0.802200019 0
vt 0.879899979 0.783599973 0
vt 0.819899976 0.785700023 0
vt 0.893999994 0.833599985 0
vt 0.977699995 0.835300028 0
vt 0.819400012 0.833899975 0
vt 0.655600011 0.801800013 0
vt 0.713800013 0.795799971 0
vt 0.713100016 0.810899973 0
vt 0.658999979 0.819100022 0
vt 0.713199973 0.825900018 0
vt 0.652400017 0.784699976 0
vt 0.662999988 0.836700022 0
vt 0.714600027 0.840600014 0
vt 0.767099977 0.792900026 0
vt 0.764599979 0.808399975 0
vt 0.763000011 0.823499978 0
vt 0.763199985 0.838 0
vt 0.456099987 0.504000008 0
vt 0.456499994 0.478700012 0
vt 0.423400015 0.502699971 0
vt 0.425900012 0.476099998 0
vt 0.395300001 0.497799993 0
vt 0.402099997 0.470600009 0
vt 0.731700003 0.615199983 0
vt 0.715600014 0.621800005 0
vt 0.714900017 0.560500026 0
vt 0.70450002 0.567200005 0
vt 0.683700025 0.521899998 0
vt 0.673900008 0.529799998 0
vt 0.285299987 0.603699982 0
vt 0.270900011 0.596700013 0
vt 0.287699997 0.548099995 0
vt 0.298200011 0.55369997 0
vt 0.315400004 0.51639998 0
vt 0.326000005 0.521600008 0
vt 0.336899996 0.527899981 0
vt 0.309799999 0.557200015 0
vt 0.369500011 0.514699996 0
vt 0.382200003 0.541400015 0
vt 0.353199989 0.551999986 0
vt 0.328900009 0.575800002 0
vt 0.297199994 0.606599987 0
vt 0.315899998 0.619099975 0
vt 0.310200006 0.662599981 0
vt 0.293599993 0.655399978 0
vt 0.629700005 0.522700012 0
vt 0.665600002 0.541499972 0
vt 0.694400012 0.575600028 0
vt 0.652700007 0.568899989 0
vt 0.6778 0.597299993 0
vt 0.614899993 0.570599973 0
vt 0.70389998 0.626600027 0
vt 0.702700019 0.674799979 0
vt 0.688600004 0.679899991 0
vt 0.68779999 0.639500022 0
vt 0.427399993 0.516900003 0
vt 0.458900005 0.517799973 0
vt 0.493299991 0.517700016 0
vt 0.495000005 0.537599981 0
vt 0.463800013 0.537599981 0
vt 0.435600013 0.538100004 0
vt 0.398600012 0.513499975 0
vt 0.409000009 0.538100004 0
vt 0.296900004 0.709900022 0
vt 0.294999987 0.698099971 0
vt 0.307200015 0.710399985 0
vt 0.307200015 0.700200021 0
vt 0.307500005 0.719200015 0
vt 0.298900008 0.720000029 0
vt 0.293300003 0.683000028 0
vt 0.307799995 0.68690002 0
vt 0.531099975 0.518000007 0
vt 0.567799985 0.518100023 0
vt 0.565400004 0.541899979 0
vt 0.530600011 0.539300025 0
vt 0.59890002 0.517199993 0
vt 0.594299972 0.544799984 0
vt 0.694599986 0.715799987 0
vt 0.68809998 0.733299971 0
vt 0.680899978 0.751999974 0
vt 0.654200017 0.753400028 0
vt 0.669700027 0.733900011 0
vt 0.675599992 0.721099973 0
vt 0.699500024 0.700399995 0
vt 0.686100006 0.702499986 0
vt 0.663299978 0.711399972 0
vt 0.661899984 0.721800029 0
vt 0.638400018 0.729200006 0
vt 0.635800004 0.723699987 0
vt 0.662800014 0.696099997 0
vt 0.631099999 0.717700005 0
vt 0.650200009 0.737800002 0
vt 0.622799993 0.754400015 0
vt 0.630599976 0.74180001 0
vt 0.685299993 0.714299977 0
vt 0.638499975 0.753899992 0
vt 0.554700017 0.58950001 0
vt 0.581200004 0.59829998 0
vt 0.606400013 0.60799998 0
vt 0.563799977 0.664799988 0
vt 0.588999987 0.682500005 0
vt 0.539699972 0.649100006 0
vt 0.525399983 0.582700014 0
vt 0.51789999 0.637199998 0
vt 0.496100008 0.579299986 0
vt 0.497000009 0.631799996 0
vt 0.328500003 0.708299994 0
vt 0.335299999 0.699199975 0
vt 0.343100011 0.683099985 0
vt 0.369500011 0.715799987 0
vt 0.38409999 0.710399985 0
vt 0.354200006 0.719600022 0
vt 0.319000006 0.721400023 0
vt 0.323300004 0.715399981 0
vt 0.342299998 0.722500026 0
vt 0.332100004 0.725199997 0
vt 0.423200011 0.592100024 0
vt 0.445499986 0.585500002 0
vt 0.456200004 0.646000028 0
vt 0.439200014 0.660700023 0
vt 0.401800007 0.600300014 0
vt 0.424800009 0.675300002 0
vt 0.469599992 0.58069998 0
vt 0.476000011 0.635599971 0
vt 0.658399999 0.670700014 0
vt 0.622500002 0.711000025 0
vt 0.647899985 0.64380002 0
vt 0.611400008 0.702799976 0
vt 0.605599999 0.607200027 0
vt 0.628899992 0.62379998 0
vt 0.599600017 0.692300022 0
vt 0.587300003 0.680800021 0
vt 0.350899994 0.654999971 0
vt 0.362199992 0.626699984 0
vt 0.39410001 0.702499986 0
vt 0.40259999 0.693700016 0
vt 0.380299985 0.610199988 0
vt 0.412800014 0.685500026 0
vt 0.970399976 0.0246999804 0
vt 0.983399987 0.00799995568 0
vt 0.985899985 0.0238999706 0
vt 0.972299993 0.0413999483 0
vt 0.987399995 0.0410999618 0
vt 0.997900009 0.0406000018 0
vt 0.987900019 0.06189996 0
vt 0.886399984 0.0412999913 0
vt 0.895600021 0.0243999902 0
vt 0.893400013 0.0413999483 0
vt 0.904200017 0.0243999902 0
vt 0.91079998 0.0411999784 0
vt 0.901000023 0.0415999815 0
vt 0.896700025 0.0120999804 0
vt 0.888800025 0.0241999608 0
vt 0.890900016 0.0110999905 0
vt 0.874000013 0.0104999496 0
vt 0.881200016 0.0236999895 0
vt 0.872799993 0.0234999601 0
vt 0.862999976 0.0233999398 0
vt 0.869799972 0.0415999815 0
vt 0.859600008 0.0417000018 0
vt 0.795899987 0.0221999809 0
vt 0.783599973 0.0318999812 0
vt 0.783999979 0.0202999692 0
vt 0.82160002 0.0241 0
vt 0.807399988 0.03599995 0
vt 0.807600021 0.023 0
vt 0.795300007 0.033599969 0
vt 0.79460001 0.0112999603 0
vt 0.782999992 0.00919997599 0
vt 0.824599981 0.0102999797 0
vt 0.807900012 0.0104999496 0
vt 0.8653 0.0108000003 0
vt 0.998000026 0.0089999428 0
vt 0.998000026 0.0241 0
vt 0.911800027 0.0108000003 0
vt 0.913500011 0.0237999503 0
vt 0.878700018 0.0411999784 0
vt 0.903900027 0.0115999496 0
vt 0.855300009 0.0102999797 0
vt 0.852199972 0.0234999601 0
vt 0.848100007 0.0413999483 0
vt 0.841199994 0.00959998276 0
vt 0.838400006 0.0242999699 0
vt 0.882200003 0.01069998 0
vt 0.924199998 0.0233999398 0
vt 0.923399985 0.0404999815 0
vt 0.922299981 0.00849997904 0
vt 0.82099998 0.0382999703 0
vt 0.948899984 0.00769996597 0
vt 0.936699986 0.0236999895 0
vt 0.934300005 0.00779998302 0
vt 0.938300014 0.0406999514 0
vt 0.965900004 0.0080999732 0
vt 0.952899992 0.0241999608 0
vt 0.892700016 0.00629997207 0
vt 0.897700012 0.00599998189 0
vt 0.902499974 0.00569999218 0
vt 0.885399997 0.00609999802 0
vt 0.876699984 0.00589996483 0
vt 0.915099978 0.00479996204 0
vt 0.907800019 0.00519996788 0
vt 0.945599973 0.00419998122 0
vt 0.962000012 0.00399994804 0
vt 0.979200006 0.0040999651 0
vt 0.868200004 0.00589996483 0
vt 0.858200014 0.00569999218 0
vt 0.844399989 0.00529998494 0
vt 0.826099992 0.00539994193 0
vt 0.808200002 0.00539994193 0
vt 0.998000026 0.00339996791 0
vt 0.795300007 0.00539994193 0
vt 0.929899991 0.00449997094 0
vt 0.781000018 0.0031999941 0
vt 0.795000017 0.0551999807 0
vt 0.805700004 0.0576999709 0
vt 0.975799978 0.0021999469 0
vt 0.843999982 0.0021999469 0
vt 0.857800007 0.0021999469 0
vt 0.826399982 0.0021999469 0
vt 0.943799973 0.0021999469 0
vt 0.959800005 0.0021999469 0
vt 0.809499979 0.0021999469 0
vt 0.885200024 0.0021999469 0
vt 0.897899985 0.0021999469 0
vt 0.902100027 0.0021999469 0
vt 0.796800017 0.0021999469 0
vt 0.867999971 0.0021999469 0
vt 0.876600027 0.0021999469 0
vt 0.998000026 0.0021999469 0
vt 0.892799973 0.0021999469 0
vt 0.913600028 0.0021999469 0
vt 0.92839998 0.0021999469 0
vt 0.906799972 0.0021999469 0
vt 0.781799972 0.0527999885 0
vt 0.997699976 0.0607999489 0
vt 0.834599972 0.0401999913 0
vt 0.783999979 0.0021999469 0
vn 0.651381314 0.690873802 0.313681126
vn 0.730454028 0.641459107 0.234450936
vn 0.690679073 0.668980002 0.274641931
vn -0.504601479 0.74619019 0.434255332
vn -0.604553521 0.696721196 0.386128038
vn -0.555412471 0.725219429 0.406907827
vn 0.766285598 0.618937075 0.172405124
vn 0.690972924 0.685082793 0.230690524
vn -0.657459974 0.673452377 0.337947041
vn -0.549799979 0.727909029 0.409717739
vn -0.557869077 0.744374812 0.36699903
vn 0.573092878 0.746717572 0.337605417
vn -0.416192502 0.802781403 0.42699644
vn -0.450891107 0.798749387 0.398367524
vn 0.537743926 0.753817976 0.377611041
vn -0.377864003 0.805230677 0.45697093
vn 0.808597207 0.58504653 0.0623805746
vn 0.739144385 0.656040728 0.152565435
vn -0.731112719 0.635801911 0.247447923
vn 0.856155574 0.512265086 -0.0676915944
vn 0.82159698 0.569175899 0.0318921469
vn -0.820669413 0.554112077 0.139504626
vn -0.634560227 0.707837403 0.310321718
vn -0.754549205 0.617214203 0.222940534
vn 0.655481577 0.713406086 0.247781634
vn -0.528232276 0.763019323 0.372521639
vn -0.68930757 0.647740424 0.324480534
vn 0.593850315 0.748096287 0.296131641
vn 0.727492213 0.646005273 0.231154323
vn 0.862589419 0.499840409 0.0780981332
vn 0.78779161 0.591339707 0.172341824
vn -0.607917309 0.696881473 0.380516738
vn -0.782526791 0.552377224 0.287282526
vn -0.70913738 0.610897005 0.352035642
vn 0.895043075 0.445675105 -0.0164804216
vn 0.826429307 0.555601895 0.0912218839
vn -0.843731105 0.49379909 0.210429221
vn -0.682251573 0.643095672 0.347794235
vn -0.74237138 0.606928706 0.283764422
vn 0.689239323 0.6714468 0.272228837
vn 0.907750309 0.403030813 -0.116429083
vn 0.862596512 0.505338013 -0.0236829277
vn -0.887642622 0.444813102 0.119298421
vn 0.894120693 0.38692221 -0.225475684
vn 0.872028828 0.4646568 -0.153817385
vn -0.906004429 0.423123509 0.0110786082
vn -0.810858071 0.55501771 0.185646832
vn -0.861654103 0.503051221 0.06702061
vn -0.573911309 0.575925529 0.582181871
vn -0.846265793 0.348101467 0.403310716
vn -0.750008523 0.438957065 0.494776726
vn 0.938911915 0.324171007 0.115574814
vn 0.736159027 0.580754101 0.34755522
vn 0.87419951 0.430599093 0.22440961
vn -0.503817618 0.617075801 0.604471207
vn 0.676271617 0.629028082 0.383380324
vn 0.807777405 0.522210777 0.273480922
vn -0.258985788 0.725898683 0.637179434
vn -0.345301598 0.691244125 0.634782374
vn 0.461270005 0.749922514 0.474179834
vn 0.544339001 0.706273377 0.45262903
vn -0.716046691 0.498260081 0.488890737
vn 0.843348026 0.489809006 0.221022919
vn 0.695838273 0.636112213 0.333422542
vn -0.519864976 0.628025174 0.579072297
vn -0.664704204 0.52855891 0.528009474
vn -0.612739801 0.58618778 0.530031919
vn 0.696781218 0.625946403 0.350267529
vn 0.763963699 0.580907822 0.280901343
vn -0.492306799 0.666846812 0.559418797
vn 0.666640103 0.665358305 0.335990518
vn 0.733605981 0.617818415 0.283060044
vn -0.323320806 0.733468771 0.597902477
vn -0.321765602 0.714793801 0.620916367
vn 0.503907502 0.753862202 0.421626925
vn 0.518578708 0.731753826 0.442281127
vn -0.866473317 0.338336885 0.367086112
vn -0.971549928 0.108495891 0.210521802
vn -0.9494766 0.230326891 0.213175222
vn 0.993788779 0.0633878782 -0.0914652869
vn 0.948041618 0.309462488 0.0738254264
vn 0.977426291 0.191291898 -0.0896947831
vn -0.78166163 0.45873636 0.422570944
vn 0.88580972 0.440844804 0.144903511
vn 0.951749027 0.306689888 -0.0107428273
vn -0.923539519 0.230297282 0.306656301
vn 0.980980277 0.193980306 0.00701940851
vn -0.711217403 0.528743625 0.463249624
vn -0.895795524 0.340897888 0.285200596
vn -0.829360425 0.418601871 0.370045841
vn 0.829111814 0.522913873 0.197824731
vn 0.918457627 0.387800008 0.0777614266
vn -0.666291595 0.563625574 0.48824352
vn 0.797224402 0.558380604 0.229443923
vn 0.879176319 0.452421606 0.149545714
vn -0.585571706 0.617830515 0.524777472
vn 0.906083226 0.413442999 0.0898789242
vn 0.984374404 0.136299893 -0.111487493
vn 0.921772778 0.387075603 -0.0225231424
vn -0.822861016 0.471889108 0.31657663
vn -0.968226492 0.184703097 0.168588921
vn -0.938529789 0.185160592 0.291337311
vn 0.96656698 0.130255118 -0.220865905
vn 0.936833084 0.3285034 -0.120121688
vn -0.983409703 0.172004402 0.0576196387
vn -0.872872412 0.437000811 0.217081308
vn -0.918344021 0.373490214 0.130956516
vn 0.814227879 0.555850387 0.167521134
vn 0.950765908 0.0861862972 -0.297684699
vn 0.937431991 0.2859357 -0.19865039
vn -0.992626607 0.120091699 -0.0164496247
vn 0.915953815 0.256120294 -0.308919311
vn -0.956735373 0.286633015 -0.0499898605
vn -0.989462614 0.07336808 -0.124823503
vn -0.944115818 0.324603707 0.057254266
vn 0.966431916 -0.253220588 -0.0434598401
vn 0.686796725 -0.695464015 -0.211282134
vn 0.95841682 -0.225229681 -0.175239712
vn -0.94668299 -0.198162809 0.254013389
vn -0.745014906 -0.665206075 0.0495333299
vn -0.728933513 -0.661057472 0.177930072
vn 0.686644375 -0.657163084 -0.31089592
vn 0.935950518 -0.193824783 -0.293987602
vn -0.768957019 -0.637786329 -0.0439778753
vn -0.974243104 -0.185589001 0.128090292
vn -0.987657607 -0.156562701 0.00454729004
vn 0.992113411 0.124304101 0.0161140561
vn 0.655686319 -0.658097327 -0.370113015
vn 0.900983512 -0.227580592 -0.3693721
vn -0.761756182 -0.637757182 -0.113988727
vn 0.858181417 -0.239640087 -0.453979403
vn -0.961882591 -0.217481807 -0.165781811
vn -0.758554876 -0.628970385 -0.170266628
vn 0.914115727 0.0484342091 -0.40255031
vn -0.977127612 -0.198495701 -0.076297529
vn -0.996192217 -0.0184637941 0.0852082297
vn -0.997906208 -0.0541709587 -0.0353408456
vn -0.99058491 0.107487798 0.0847817063
vn 0.975607574 -0.0694006532 -0.208262995
vn 0.941647589 -0.116614886 -0.315754414
vn 0.923668683 -0.214917392 -0.317248791
vn -0.971637726 0.188974395 0.142158121
vn 0.978111804 0.137580797 -0.156105995
vn 0.960385323 -0.0375083499 -0.276139706
vn 0.975247979 0.0553927496 -0.214063197
vn -0.933066726 0.258315295 0.250319302
vn -0.999777317 0.0163582508 0.0133368308
vn -0.989104807 0.0485259108 0.1389855
vn 0.97421211 0.219251901 -0.0532869473
vn 0.98758918 0.00354016479 -0.157019302
vn -0.877384603 0.32650128 0.351558089
vn 0.953983605 0.294789404 0.0549048819
vn 0.998408675 0.05313408 -0.0188914482
vn -0.766761422 0.476067066 0.430624217
vn -0.945138991 -0.295239598 -0.139806911
vn -0.756629705 -0.62405467 -0.195108637
vn -0.963813305 -0.227425903 -0.139074013
vn 0.850778401 -0.359666467 -0.383166134
vn 0.645512223 -0.674475014 -0.358326316
vn 0.635869026 -0.683509529 -0.358448833
vn -0.742268085 -0.662398219 -0.101325229
vn -0.973781824 -0.218305096 -0.0639685988
vn 0.653264701 -0.710518777 -0.261550039
vn 0.870739996 -0.292800069 -0.39506951
vn 0.903026223 -0.276562989 -0.328720003
vn -0.98683542 -0.155555904 -0.0442526974
vn -0.706024408 -0.708160698 0.00616475847
vn -0.96765542 -0.243813604 0.0647911355
vn 0.64658457 -0.749801278 -0.140450433
vn -0.660385728 -0.740530491 0.124520369
vn -0.944267273 -0.253920615 0.209484488
vn 0.638456523 -0.76956588 -0.0119024236
vn 0.935190022 -0.295575291 -0.195076719
vn 0.953713477 -0.296002209 -0.0530417003
vn -0.956662774 0.0936946645 0.275712699
vn 0.498379707 0.801832914 0.329669237
vn 0.654637277 0.71946013 0.232007131
vn 0.545346379 0.79917407 0.252820522
vn -0.350028604 0.849633574 0.394465238
vn -0.538125515 0.763544917 0.35695982
vn -0.488458186 0.745642722 0.453239232
vn 0.66665113 0.711971402 0.220619932
vn 0.571845591 0.781850815 0.24839893
vn -0.548828781 0.759320617 0.349598736
vn -0.414090604 0.846920311 0.333549321
vn -0.44631651 0.826222718 0.343740642
vn 0.39818579 0.870503008 0.289262235
vn -0.25870961 0.910412192 0.322830021
vn -0.301595002 0.890044212 0.341850519
vn 0.370287806 0.877362072 0.305160135
vn -0.225141793 0.917383373 0.328205943
vn 0.663454473 0.70364821 0.25437662
vn 0.602515399 0.743271291 0.290728539
vn -0.535035491 0.754592001 0.379905432
vn -0.458709389 0.797659993 0.391566336
vn 0.479734808 0.804491997 0.350210428
vn -0.327476799 0.851561785 0.40939182
vn 0.437981009 0.849257708 0.294845939
vn 0.726696074 0.594791591 0.343708932
vn 0.820581913 0.524724424 0.226516932
vn 0.753099024 0.617470324 0.227095529
vn -0.572608113 0.659192026 0.487428039
vn -0.692735076 0.595011175 0.407528937
vn -0.639138103 0.558475196 0.528779805
vn 0.797949791 0.564967811 0.209970728
vn 0.737557113 0.64236778 0.208262935
vn -0.678544283 0.624371886 0.386959136
vn -0.635992825 0.667702317 0.386893839
vn -0.621735811 0.693455696 0.364093333
vn 0.63485527 0.69336009 0.340896726
vn 0.782175124 0.585143626 0.214030728
vn 0.717053711 0.654427826 0.239913136
vn -0.665163577 0.639313817 0.385791838
vn -0.593796015 0.706323087 0.385375321
vn -0.468866408 0.71009022 0.525296569
vn -0.575377405 0.64770782 0.499415219
vn 0.62746948 0.714265406 0.310011536
vn 0.712899327 0.65039587 0.262221426
vn -0.459339589 0.756776512 0.465077132
vn 0.601898789 0.757668614 0.252301931
vn 0.70367372 0.675840616 0.219278127
vn -0.27208069 0.841573417 0.466611624
vn -0.287922293 0.788993716 0.542761266
vn 0.427848309 0.853102624 0.29859972
vn 0.462727696 0.803044021 0.375504643
vn -0.405870914 0.804600179 0.433459938
vn -0.576358378 0.676706076 0.458126426
vn -0.552030623 0.683751225 0.477228135
vn 0.543702185 0.806748509 0.231397733
vn 0.688794374 0.683300912 0.242202625
vn -0.274646789 0.835537791 0.475863129
vn 0.428824604 0.849317372 0.307846725
vn 0.549618781 0.750251472 0.367480636
vn -0.157724902 0.906979084 0.390527844
vn -0.219619006 0.888425708 0.403072417
vn 0.310716987 0.913991988 0.260909438
vn 0.371117592 0.893703699 0.252121925
vn -0.642517507 0.600370705 0.476158231
vn -0.721484303 0.521672189 0.455322534
vn 0.774720013 0.591790199 0.222695723
vn 0.842729509 0.50594902 0.183909312
vn -0.652326703 0.595193923 0.469269931
vn 0.78082782 0.587306976 0.213022426
vn 0.823896825 0.524258971 0.21528253
vn -0.628881216 0.582522273 0.5149526
vn -0.697034597 0.532748222 0.479918927
vn -0.659071684 0.528294981 0.535284102
vn 0.775560498 0.573155403 0.264573216
vn 0.803505123 0.526544929 0.277723223
vn -0.4491781 0.646208584 0.616971374
vn 0.634546518 0.65172857 0.415452242
vn 0.702198207 0.533942819 0.470980644
vn -0.381645203 0.731916428 0.56448698
vn 0.877436221 0.412166089 0.245407522
vn 0.916101277 0.0947932452 0.389580309
vn 0.950889111 0.15064308 0.270400792
vn -0.760438979 0.169990078 0.626766324
vn -0.751532614 0.476647079 0.456077218
vn -0.824567676 0.215831667 0.522976995
vn 0.964417279 0.182720378 0.19108282
vn 0.869108975 0.448395193 0.208785117
vn -0.858012676 0.249157578 0.449148893
vn -0.751622677 0.513787925 0.413624525
vn 0.796527624 0.489471167 0.35491094
vn 0.86559701 0.329764277 0.376825601
vn -0.706736505 0.397605956 0.585177898
vn 0.980719984 0.146276399 0.129582599
vn 0.878383219 0.443235397 0.178844512
vn -0.893367171 0.212904081 0.395685494
vn -0.769015312 0.5080176 0.38798672
vn 0.911237478 -0.167396918 0.376330286
vn 0.792271972 -0.575770497 0.201974377
vn 0.952224374 -0.17032671 0.253491104
vn -0.76956588 -0.0848732218 0.632902026
vn -0.723681927 -0.509098411 0.465943456
vn -0.734314322 -0.352309734 0.580224514
vn 0.773618877 -0.620964289 0.126164272
vn 0.966917396 -0.1926388 0.167216092
vn -0.721693218 -0.569096029 0.394067079
vn -0.841475606 -0.100255623 0.53091222
vn -0.880571783 -0.12638022 0.456750989
vn 0.736669481 -0.674135923 0.0534693785
vn 0.968132198 -0.236463293 0.0824935362
vn -0.710908771 -0.627897203 0.316786766
vn 0.712131619 -0.696963608 -0.0843241513
vn -0.908245027 -0.176064014 0.37959519
vn -0.81351018 0.388657361 0.432604641
vn -0.901412725 0.129217878 0.41322881
vn 0.919980407 0.364158899 0.144998208
vn 0.987293303 0.101842195 0.12198481
vn -0.756146014 0.427483678 0.495480716
vn 0.885893703 0.407650799 0.221389413
vn 0.95830673 0.147591382 0.244673401
vn -0.695628226 0.421197981 0.58197403
vn -0.83535558 0.168615371 0.523211181
vn -0.742142022 0.174815476 0.647043288
vn 0.848886907 0.418629497 0.322708219
vn 0.906232476 0.174294189 0.385180801
vn -0.539946795 0.37480706 0.753642678
vn 0.748753071 0.393664479 0.533289015
vn 0.782367706 0.169596866 0.599281073
vn -0.502621412 0.530271769 0.682776511
vn -0.890215516 -0.261458218 0.373036504
vn -0.603212714 -0.756785393 0.251814157
vn 0.949237227 -0.290481299 0.120703183
vn 0.623812079 -0.771860719 0.122839659
vn -0.833412707 -0.229045019 0.502953112
vn 0.937856913 -0.238904819 0.251692414
vn 0.637089074 -0.736520827 0.227276772
vn -0.745893717 -0.177622736 0.641944706
vn -0.579158425 -0.732943416 0.356888682
vn -0.545351684 -0.663431406 0.51229912
vn 0.893393099 -0.181864813 0.41082111
vn 0.642914712 -0.66189748 0.38542527
vn -0.491878808 -0.558776975 0.667700171
vn -0.564289391 -0.176519737 0.806485176
vn 0.641854823 -0.544314623 0.540133417
vn 0.76401782 -0.162514836 0.624392509
vn -0.566346109 0.149635866 0.810469806
vn 0.908938289 0.052919399 -0.413558811
vn 0.966264188 -0.0314345807 -0.255627692
vn 0.886249185 -0.0274062492 -0.462397486
vn -0.999617815 0.00405901438 0.0273449402
vn -0.979927003 0.11154601 -0.165228605
vn -0.980923474 0.00427270727 -0.194347396
vn 0.639540017 0.0875609815 -0.763755083
vn -0.822430372 0.0809368044 -0.563078582
vn -0.825242817 0.0278946944 -0.564088881
vn 0.674572229 0.177806526 -0.716475487
vn 0.913807273 0.173471421 -0.367238104
vn -0.966293395 0.216074705 -0.139960185
vn -0.825791121 0.174173623 -0.536407173
vn 0.975866675 0.0557577088 -0.211128503
vn -0.994005382 0.0955856368 0.0530725755
vn -0.976061523 0.205668107 0.0707432106
vn -0.977528095 0.184488207 -0.101994894
vn -0.993151128 -0.0533472821 0.1039479
vn -0.986211181 0.105533496 0.127476498
vn 0.915933073 0.107579112 -0.386643887
vn 0.9781183 -0.103155695 -0.180675194
vn 0.910221815 -0.0177008305 -0.413742691
vn -0.959258974 -0.13449952 0.248459399
vn -0.967239022 0.022706138 0.252849996
vn 0.984505177 -0.172797307 -0.0298473276
vn 0.984983027 0.0519440174 -0.164652094
vn 0.999147415 -0.0149540883 -0.0384839103
vn -0.954662323 0.257457614 0.149451122
vn 0.968983591 0.200205699 -0.144874483
vn 0.979275703 0.1986202 -0.0396141335
vn -0.95472461 0.291333914 -0.0602138489
vn 0.914393485 0.218763515 -0.3406277
vn 0.834493518 -0.26341337 -0.483977497
vn 0.711122692 -0.579067111 -0.398730516
vn 0.683391929 -0.56628871 -0.460752428
vn -0.81898731 -0.559023321 -0.129432634
vn -0.947393417 -0.249704391 -0.200233519
vn -0.807979584 -0.554482579 -0.199293926
vn 0.666933417 -0.504175127 -0.548641503
vn 0.714451492 -0.21799767 -0.664857984
vn -0.815208077 -0.503054082 -0.287006021
vn -0.885267079 -0.225719079 -0.406636208
vn 0.719156027 -0.0295120701 -0.694221675
vn 0.842793405 -0.174082592 -0.509307921
vn -0.891819477 -0.0321057215 -0.451250613
vn -0.960618675 -0.158821285 -0.228008002
vn 0.870025218 -0.274484575 -0.409529507
vn -0.961378276 -0.249858901 -0.115422711
vn -0.992650211 -0.0946994424 -0.0753505901
vn 0.851171672 -0.109837376 -0.513266623
vn 0.627831578 0.0456865728 -0.777007282
vn -0.968052804 -0.0941501111 -0.232399806
vn 0.952712715 -0.0502037853 -0.299696892
vn -0.999857903 -0.0141606899 -0.009155632
vn 0.922248125 -0.120732382 -0.367263407
vn 0.670238018 0.0431545042 -0.740890622
vn -0.856583178 0.039522361 -0.514493227
vn -0.993444324 -0.0447403677 -0.105197899
vn -0.954724193 -0.270642012 0.123510085
vn -0.976575315 -0.194954902 0.0910684317
vn 0.916900098 -0.107947782 -0.3842417
vn 0.937449813 -0.319319487 -0.138647422
vn 0.925808787 -0.175639585 -0.33470729
vn -0.910490513 -0.351646602 0.217604488
vn -0.937667072 -0.25516969 0.235942692
vn 0.919850707 -0.391196012 -0.028993316
vn 0.951895297 -0.246076688 -0.182596609
vn 0.956341624 -0.291272789 -0.0238963421
vn -0.98990792 0.058657106 -0.129002899
vn -0.92452842 -0.339468807 0.17322889
vn -0.807542026 -0.589115024 -0.0286271162
vn -0.731941581 -0.679051876 0.0561247095
vn 0.742611706 -0.635033309 -0.212745935
vn 0.922345102 -0.378954411 -0.0753208473
vn 0.695858181 -0.710232615 -0.10654103
vn -0.672127724 -0.728100181 0.134590268
vn -0.867785513 -0.447473794 0.216137588
vn 0.660136521 -0.75114572 0.000183084179
vn 0.874431729 -0.485130697 -0.00418110844
vn -0.991272807 -0.116035096 -0.0625649095
vn -0.959991276 -0.273180187 -0.0615578294
vn 0.88756597 -0.334035188 -0.317249507
vn 0.91213268 0.396599293 -0.103552185
vn 0.88663888 0.462027609 -0.0200509802
vn -0.890144706 0.435901403 0.132787719
vn 0.910157382 0.410184294 -0.05798731
vn -0.876001775 0.447446704 0.180034608
vn -0.917041004 0.358539492 0.174600318
vn 0.853043318 0.517667413 -0.0658604801
vn 0.863642275 0.502748609 0.0369591936
vn -0.824115574 0.545015574 0.154245123
vn -0.839588106 0.504790425 0.20069541
vn -0.797034502 0.551173329 0.246868327
vn 0.789500117 0.595276177 0.149452329
vn 0.897393286 0.352926701 -0.264817059
vn 0.907525003 0.375297099 -0.188548788
vn -0.920605719 0.390154898 -0.0162665639
vn 0.948855817 0.207197919 -0.238205791
vn 0.96308738 0.229533195 -0.140631378
vn -0.969523787 0.241892606 0.0388810113
vn -0.907415807 0.416551203 0.0555136874
vn -0.94813329 0.286542714 0.137610108
vn 0.975992084 0.120549306 -0.181403905
vn 0.969844401 0.074375689 -0.232099697
vn -0.979846478 0.172433004 0.100835107
vn -0.994340479 0.0951888487 0.0471823849
vn 0.970140874 0.160683021 -0.181680202
vn 0.964796722 0.224589199 -0.136847079
vn -0.948936999 0.284134805 0.137062222
vn -0.889508128 0.382312089 0.250225723
vn -0.906680524 0.250436604 0.33942911
vn -0.8340168 0.395201862 0.385008335
vn 0.935623527 0.348558396 -0.0558193736
vn 0.973418593 0.2258441 0.0380882695
vn 0.978751004 0.204783902 -0.0104985703
vn -0.529330194 0.634134173 0.563634217
vn -0.723808587 0.508887827 0.465976924
vn 0.922487617 0.375056207 0.0913758948
vn 0.847899377 0.494005203 0.192420021
vn -0.841357112 0.502165079 0.199871108
vn 0.874884307 0.474079996 -0.0991252363
vn -0.950729609 -0.14194411 0.27561751
vn -0.955961704 0.0143746566 0.293139607
vn 0.984546006 -0.175118595 -0.00164801569
vn -0.969821215 -0.0671430901 0.234390393
vn -0.951649129 0.100011386 0.290451109
vn 0.993829072 -0.100286298 -0.0473963656
vn 0.999903023 -0.0133979302 0.00384539226
vn 0.99783498 0.0652181506 -0.00848412234
vn -0.931581497 0.228775188 0.282520294
vn 0.979677498 0.199713707 -0.0186163001
vn -0.938832402 0.232800588 0.253767312
vn -0.976095378 0.0237133913 0.216045305
vn -0.94307369 0.157845289 0.292740107
vn 0.996625721 -0.0202950761 -0.0795322582
vn 0.993073106 0.117011599 -0.010681795
vn -0.924295306 0.240732983 0.296185911
vn 0.887229681 -0.225172192 -0.402642608
vn 0.931725621 -0.0416283458 -0.360769302
vn -0.972971201 -0.201058105 -0.113591105
vn -0.997369289 -0.0139167272 -0.0711403415
vn 0.876393676 -0.216656789 -0.430109203
vn -0.970771313 -0.1943129 -0.140874609
vn -0.992708325 0.034760654 -0.115421198
vn 0.724952102 -0.562498629 -0.397542536
vn -0.831806123 -0.540193319 -0.127632126
vn -0.814196587 -0.564334273 -0.136421725
vn 0.848097622 -0.235791191 -0.474481791
vn 0.916761279 0.00866736658 -0.399341613
vn 0.90132612 0.031831637 -0.43197
vn -0.95782882 -0.216377392 -0.189063221
vn -0.986486197 0.0548420586 -0.154394001
vn 0.634434879 -0.645605028 -0.42507264
vn 0.658994615 -0.611934423 -0.437335819
vn -0.774988711 -0.605085075 -0.182386234
vn 0.952258825 0.0448020734 -0.301987112
vn -0.997157514 0.0731852576 -0.0179148261
vn 0.930291116 0.147835717 -0.33571291
vn -0.983381689 0.169502199 -0.0650358647
vn 0.907376111 0.222121119 -0.356834292
vn -0.964521229 0.246959403 -0.0933269709
vn -0.890661776 -0.369216889 0.265330762
vn -0.926356614 -0.267441899 0.265213996
vn 0.916077316 -0.400160104 0.025971273
vn -0.92121923 -0.356096894 0.156685084
vn -0.955830812 -0.227764711 0.185770288
vn 0.912542403 -0.399155289 -0.0891148522
vn 0.952557206 -0.304334909 0.00390635571
vn 0.959260225 -0.270891607 -0.0802359059
vn -0.960362315 -0.275797397 0.0404982381
vn -0.981466174 -0.152046502 0.116644293
vn 0.919771671 -0.327556908 -0.21616371
vn 0.967405915 -0.197674498 -0.15827392
vn -0.836741984 -0.482842594 0.258313566
vn -0.634255826 -0.758012176 0.152108967
vn 0.626261473 -0.779469728 0.014954526
vn -0.673688829 -0.737657785 0.0447721072
vn -0.871147275 -0.472441107 0.133797184
vn 0.630168676 -0.770802975 -0.093542546
vn 0.853579402 -0.519795716 0.0348523594
vn 0.855175614 -0.511194885 -0.0857586414
vn -0.727851629 -0.678380013 -0.100163929
vn -0.920553625 -0.389731407 -0.0262770765
vn 0.639722705 -0.726215422 -0.25172624
vn -0.748458028 -0.632240176 -0.200207323
vn 0.858136714 -0.4428325 -0.259809315
vn 0.240826204 0.850292683 0.467979938
vn 0.185345098 0.815146208 0.548802257
vn 0.29130879 0.793324411 0.534579933
vn 0.0126653304 0.860116005 0.509941339
vn -0.0696446821 0.886581719 0.457299143
vn -0.0933580324 0.842480898 0.530575335
vn 0.322892815 0.822308481 0.468560845
vn -0.129797205 0.870645106 0.474478424
vn -0.208996907 0.802294195 0.559146166
vn 0.190623894 0.905784428 0.378440231
vn -0.0401629806 0.935559988 0.350876927
vn -0.0616786405 0.927560985 0.368546337
vn 0.157508597 0.861032724 0.483543128
vn 0.0212715808 0.8981691 0.439135432
vn 0.0286882501 0.943691909 0.329579532
vn 0.525359273 0.707467914 0.472744018
vn 0.411590904 0.794188082 0.447055131
vn -0.343220711 0.753919721 0.560182869
vn -0.227613598 0.842640519 0.488005221
vn 0.280927807 0.884381115 0.37275973
vn -0.125799194 0.923931301 0.36128363
vn 0.220439404 0.895125389 0.387501121
vn 0.364245504 0.688633204 0.626984537
vn 0.290207595 0.522672713 0.801618814
vn 0.446803212 0.507750332 0.736584425
vn -0.0284743905 0.590881765 0.806255579
vn -0.139594704 0.752664208 0.643436134
vn -0.192363501 0.586521149 0.786758721
vn 0.491604209 0.649541318 0.58001852
vn -0.277785391 0.708074987 0.649203539
vn -0.3454777 0.558715463 0.753977597
vn 0.410326809 0.750582218 0.517936587
vn 0.228500903 0.718067229 0.657394171
vn -0.0050967331 0.772906005 0.634500146
vn 0.621367872 0.605589509 0.497155339
vn 0.585300028 0.474453658 0.657508671
vn 0.718170822 0.449024558 0.531608701
vn -0.424617797 0.6688959 0.610145926
vn -0.508875728 0.531704009 0.677005529
vn -0.351250112 0.21913074 -0.910277486
vn -0.194834203 0.257398427 -0.946459472
vn -0.1989263 0.211408943 -0.956940293
vn 0.114902899 0.130192846 -0.984808207
vn -0.0127875796 0.177683651 -0.984004676
vn 0.140173793 0.180550545 -0.97352612
vn -0.0402541086 0.248330444 -0.967838705
vn -0.0455957018 0.202586651 -0.978202403
vn -0.171882004 0.17047815 -0.9702546
vn -0.0258492194 0.117740646 -0.992708027
vn -0.192607507 0.105566345 -0.975580871
vn -0.0463281795 0.239545539 -0.969779313
vn -0.196237296 0.250988424 -0.947890222
vn -0.0573765598 0.153116152 -0.986541212
vn -0.221967593 0.13886334 -0.965115309
vn 0.0984236524 0.162452549 -0.981795311
vn 0.285626113 0.221414447 -0.932412684
vn 0.263073295 0.16226925 -0.951031625
vn -0.492303908 0.173989445 -0.852856815
vn -0.493799001 0.0980884209 -0.864026189
vn 0.272173792 0.180370837 -0.945191979
vn -0.532648385 0.115056634 -0.8384794
vn -0.344592512 0.404013425 -0.847366095
vn -0.104467198 0.659001231 -0.744851828
vn -0.175181001 0.390952736 -0.90358597
vn 0.140814394 0.319533437 -0.93705368
vn -0.0287182909 0.60534364 -0.795446217
vn 0.124242701 0.596249282 -0.79312712
vn 0.0266432092 0.635530889 -0.771615803
vn -0.0337841511 0.371320724 -0.927889824
vn -0.163126498 0.61130476 -0.774400711
vn -0.00732463505 0.324328929 -0.945916116
vn -0.151830703 0.324475229 -0.933629215
vn 0.320537299 0.607137978 -0.727076113
vn 0.288006604 0.355422735 -0.889228284
vn -0.451292098 0.601600707 -0.659099519
vn 0.679327726 0.548980117 -0.486964971
vn 0.689799488 0.321216732 -0.648842514
vn -0.725160897 0.606533825 -0.325972974
vn -0.47402969 0.329000831 -0.816733778
vn -0.811137974 0.339983344 -0.475885093
vn 0.50509268 0.330705971 0.797191918
vn 0.366536796 0.12326736 0.922201812
vn 0.557372212 0.13342987 0.819471121
vn -0.0785253569 0.201364249 0.976363778
vn -0.238232404 0.41106227 0.879927874
vn -0.287489802 0.212626457 0.933884203
vn 0.655951202 0.310533762 0.68796593
vn -0.41246441 0.393054277 0.821816027
vn -0.474491686 0.19920285 0.857424021
vn 0.332510114 0.328939259 0.883875608
vn -0.0498070717 0.404682755 0.913099825
vn 0.778575003 0.294021875 0.554411471
vn 0.714209676 0.116003267 0.690252125
vn 0.826949477 0.0903979912 0.554961979
vn -0.570675075 0.373125374 0.731510282
vn -0.627267778 0.170115769 0.759997189
vn 0.553492427 -0.244426623 0.796179473
vn 0.198344395 -0.800916016 0.564971745
vn 0.365833014 -0.760872781 0.535946667
vn -0.0544467494 -0.747849524 0.661631942
vn -0.304881513 -0.161474347 0.938601792
vn -0.225172102 -0.697093427 0.680704355
vn 0.721898377 -0.197214335 0.663301826
vn -0.501044571 -0.119363137 0.857150376
vn -0.395711303 -0.63012892 0.668094575
vn 0.351148695 -0.283214033 0.89245981
vn -0.0880180001 -0.206616551 0.974454999
vn 0.832071424 -0.171211824 0.527582824
vn 0.536678076 -0.693637729 0.480461866
vn 0.67996192 -0.622739017 0.387102157
vn -0.645759583 -0.0886587799 0.758376002
vn -0.556421697 -0.555017829 0.618344724
vn 0.308155686 -0.698958278 -0.645366073
vn 0.342093199 -0.207898855 -0.916378915
vn -0.506034672 -0.72412312 -0.468587935
vn -0.0173044205 -0.782330513 -0.622623265
vn -0.0130315404 -0.232340649 -0.972547114
vn -0.191599995 -0.820724726 -0.538238287
vn -0.603302479 -0.250501066 -0.757149518
vn -0.277543485 -0.29252848 -0.915093899
vn 0.00161749101 0.174812242 -0.984600484
vn 0.375693411 0.104528837 -0.920830309
vn -0.275738686 0.112187646 -0.954663396
vn -0.624197721 0.0664085448 -0.778438926
vn -0.0960748717 -0.805924416 -0.584170878
vn -0.161964193 -0.255871058 -0.95304662
vn -0.1048638 -0.844831824 -0.524655163
vn -0.146154493 -0.811983109 -0.565086067
vn -0.296707213 -0.25910756 -0.919145405
vn -0.0564602017 -0.851786375 -0.520838082
vn -0.128393799 -0.320450574 -0.938523471
vn 0.0034181471 -0.333605081 -0.942706704
vn -0.171914399 0.185983747 -0.9673962
vn -0.110113896 0.112372346 -0.987546206
vn 0.0603965484 0.109653845 -0.9921332
vn -0.340013891 0.267317325 -0.901627481
vn -0.186776802 0.269910932 -0.944596529
vn 0.0757797286 0.18329975 -0.980131984
vn -0.0235910993 0.253947735 -0.96693033
vn -0.0878028795 0.183082938 -0.979168713
vn -0.252423912 0.174233839 -0.951800823
vn -0.341779798 0.192146242 -0.919927418
vn 0.324423701 0.191907451 -0.926240325
vn -0.581785202 0.14871943 -0.799630284
vn -0.0153508699 -0.99234581 -0.122532547
vn -0.0531034395 -0.98790741 -0.145668238
vn -0.0263376795 -0.988473713 -0.149084345
vn -0.0260633193 -0.996664524 -0.0773355737
vn -0.0553315207 -0.997585893 -0.0419640951
vn -0.0558798313 -0.995613217 -0.0750456229
vn 0.0301836096 -0.990169883 -0.136574149
vn -0.106787398 -0.993254125 -0.0451992564
vn -0.118261501 -0.990040004 -0.0763893574
vn 0.0551788211 -0.996423423 -0.0639989153
vn 0.00177007902 -0.998265922 -0.058840014
vn -0.106695399 -0.993708313 0.0340594761
vn -0.0557584688 -0.998189628 0.022553578
vn -0.0444664918 -0.992577314 -0.113195844
vn -0.0266128108 -0.99871403 -0.0431543365
vn -0.0224617105 -0.999485612 0.0228889063
vn 0.242593095 -0.952701986 -0.183051139
vn 0.0332046114 -0.9849388 -0.169685438
vn 0.231305495 -0.946341395 -0.225690052
vn -0.320724696 -0.946609378 -0.0326553918
vn -0.3201783 -0.944603801 -0.0721782222
vn 0.2830365 -0.956201971 -0.0746198669
vn -0.321460992 -0.94314158 0.0845387056
vn -0.0321062207 -0.986138284 -0.162789747
vn -0.0697668716 -0.984671175 -0.159859538
vn -0.0350049697 -0.985572517 -0.165594742
vn -0.0150765702 -0.99536252 -0.0950071663
vn -0.0530119501 -0.994867802 -0.0861865059
vn -0.0533779189 -0.994252205 -0.0928087011
vn 0.0380875394 -0.982433379 -0.182686046
vn -0.123236403 -0.988790929 -0.0842940062
vn -0.135197803 -0.985661983 -0.100955844
vn -0.0615574084 -0.985376477 -0.158883438
vn -0.0230116192 -0.99554503 -0.0914363638
vn 0.266279191 -0.919113398 -0.29038924
vn 0.247754201 -0.934037924 -0.257276237
vn -0.372731894 -0.918599486 -0.13132444
vn -0.34846589 -0.93201983 -0.0995530188
vn 0.425504386 0.810051501 0.403438717
vn 0.499385804 0.779491127 0.378163517
vn -0.263625085 0.855911672 0.444878817
vn -0.344497591 0.825201213 0.447621137
vn 0.349419713 0.824000597 0.446014524
vn -0.174811706 0.868198872 0.464404732
vn -0.198161304 0.850418091 0.487361431
vn 0.333789587 0.81599462 0.471950531
vn 0.406489402 0.802846372 0.436123937
vn -0.1503371 0.86350739 0.481408238
vn -0.225625798 0.854253173 0.468342334
vn 0.303512305 0.826426387 0.474236131
vn 0.382260114 0.802090108 0.458834231
vn 0.332905114 0.807267487 0.487333119
vn -0.148229405 0.855104327 0.49681443
vn 0.251785308 0.811328411 0.527589381
vn 0.206342101 0.826101005 0.524385571
vn -0.0610384308 0.857529581 0.51080066
vn -0.121926099 0.870726824 0.476412416
vn -0.0166026298 0.867794573 0.496645629
vn 0.177956194 0.815131485 0.551264465
vn 0.278030008 0.816999376 0.50518465
vn 0.0189829394 0.857559204 0.514035046
vn -0.0923501775 0.862769485 0.497092038
vn 0.607089281 0.716073573 0.344501525
vn 0.725453615 0.627393723 0.28300932
vn -0.457204193 0.76834482 0.447896034
vn -0.59076041 0.682745397 0.429954737
vn 0.569034994 0.703167975 0.426326126
vn 0.471127987 0.746840179 0.469327331
vn -0.395494908 0.760989785 0.514274657
vn -0.283459395 0.800113678 0.528648257
vn 0.416222513 0.727977514 0.54480058
vn 0.372973591 0.754401028 0.540157259
vn -0.2085042 0.784240901 0.584373474
vn 0.326435804 0.733229101 0.596502185
vn 0.294999003 0.758494675 0.581086576
vn -0.110113502 0.785504401 0.608981133
vn -0.164926007 0.806532383 0.567719281
vn -0.0862486884 0.810542405 0.579294682
vn 0.1052595 -0.978800774 0.175696954
vn -0.00857579708 -0.998061121 0.0616481937
vn 0.0389726087 -0.997846127 0.0527671054
vn -0.0134894801 -0.990809619 0.134590149
vn -0.0864009783 -0.957216918 0.276171863
vn -0.0586569905 -0.988318801 0.140660748
vn 0.2230324 -0.959820807 0.170295656
vn -0.192696705 -0.933574975 0.302168161
vn -0.142158195 -0.977009416 0.158882558
vn 0.0273754504 -0.983899593 0.176612958
vn -0.0147101199 -0.967177987 0.253673971
vn 0.469668508 -0.865814805 0.172558561
vn 0.127751693 -0.9906407 0.0480670445
vn 0.372970402 -0.92533052 0.0682400018
vn -0.430258691 -0.824901581 0.366626263
vn -0.366752595 -0.897791505 0.243850559
vn 0.84266752 -0.435845613 0.316149056
vn 0.0203558803 -0.99975878 0.00823993981
vn -0.0290231109 -0.998415112 -0.0482193641
vn -0.0558199212 -0.994137883 0.0925957039
vn 0.0983309075 -0.995089471 0.011322326
vn -0.126715705 -0.985067904 0.116552755
vn -0.0146492096 -0.999779582 0.0150458962
vn -0.0174566507 -0.995944619 0.088259764
vn 0.331556886 -0.943032622 0.027558459
vn -0.339281499 -0.920183182 0.195322558
vn 0.300313592 0.892059624 0.337700218
vn 0.25614959 0.908716202 0.329579443
vn -0.154671997 0.927085876 0.341450334
vn 0.219550893 0.901519775 0.372906923
vn 0.178564996 0.91751498 0.355360031
vn -0.0628693104 0.934067428 0.351518929
vn -0.114326499 0.941896915 0.315847635
vn -0.0423301384 0.947591722 0.316667616
vn 0.168952897 0.89850843 0.405139029
vn 0.152654603 0.9215433 0.35700804
vn -0.00668376591 0.931216717 0.364405036
vn 0.116703697 0.896549404 0.427293122
vn 0.105686203 0.926638901 0.360791922
vn 0.0418413207 0.929054618 0.36756894
vn -0.0068667531 0.950608075 0.310317934
vn 0.0409865901 0.952519 0.301707834
vn 0.122991003 0.916206896 0.38136372
vn 0.348926187 0.845138073 0.40495944
vn 0.279407203 0.85161978 0.443480819
vn -0.183265805 0.888740301 0.420183927
vn -0.106605403 0.89438051 0.434417725
vn 0.229844004 0.845487773 0.481998026
vn 0.148538202 0.841421604 0.519563377
vn -0.0432143807 0.885926425 0.461808532
vn 0.0394612513 0.877975881 0.477075815
vn 0.000701937999 -0.960129619 -0.279554635
vn 0.291702211 -0.880691528 -0.373218834
vn -0.118995696 -0.974214375 -0.191693351
vn -0.421891898 -0.883702517 -0.202675447
vn 0.328816712 -0.895013928 -0.30137974
vn -0.439330488 -0.889861703 -0.123024739
vn 0.0410174094 -0.976239383 -0.212777942
vn -0.1370285 -0.983859003 -0.115085743
vn -0.0386060998 -0.980565012 -0.192359239
vn -0.047670301 -0.964606702 -0.259348541
vn -0.0552389584 -0.991463304 -0.118107647
vn -0.0401939712 -0.98232621 -0.182810947
vn -0.0421470404 -0.966482818 -0.253248543
vn -0.0495015308 -0.992655277 -0.110386647
vn -0.0676298663 -0.980298102 -0.185585544
vn -0.0675699711 -0.981565714 -0.178782851
vn -0.0273147803 -0.985469401 -0.167642742
vn -0.0793181583 -0.985541105 -0.149724841
vn -0.0208748505 -0.985329926 -0.169379339
vn -0.00274664094 -0.996163726 -0.0874668732
vn -0.0599998198 -0.993934274 -0.0921666473
vn -0.0627769828 -0.993872404 -0.0909763351
vn 0.0696453378 -0.977567911 -0.198773041
vn 0.0566123687 -0.977181971 -0.204720244
vn -0.160958797 -0.98269099 -0.0917105451
vn -0.150978193 -0.983295977 -0.101659246
vn -0.0796542093 -0.985606372 -0.149115145
vn -0.00811803341 -0.995710373 -0.0921671763
vn 0.330891013 -0.897422075 -0.291795731
vn 0.300707787 -0.903741121 -0.30467543
vn -0.439684004 -0.89139241 -0.10998974
vn 0.704669178 -0.582193613 -0.405576229
vn -0.403741509 -0.904809713 -0.135323152
vn 0.0456560217 -0.97962153 -0.195594743
vn -0.0646084473 -0.985058129 -0.15964435
vn -0.0283518396 -0.984350622 -0.173926145
vn -0.0234996602 -0.995471895 -0.0921066254
vn 0.0607026182 -0.97813952 -0.198893443
vn -0.0607931614 -0.993382275 -0.0974461213
vn -0.151405707 -0.983755827 -0.0964407176
vn 0.352439791 -0.889339805 -0.291309118
vn -0.457054108 -0.882856727 -0.10800714
vn 0.824132323 0.566125512 0.017548345
vn 0.805126905 0.573242009 0.152199224
vn -0.771833777 0.593265176 0.228711829
vn 0.68924731 0.695198476 0.204051927
vn 0.644388914 0.684247315 0.341421723
vn -0.580875814 0.731580615 0.356893837
vn -0.705783904 0.622894228 0.337449342
vn -0.488980711 0.737408102 0.465969235
vn 0.502526581 0.782447278 0.367754519
vn 0.465520293 0.732508421 0.496711642
vn -0.343314707 0.826958418 0.445280641
vn 0.354199409 0.800900877 0.482805043
vn 0.344959915 0.737163901 0.581026971
vn -0.166604802 0.846849203 0.505063772
vn -0.272750199 0.785869777 0.554991961
vn -0.132545501 0.789932013 0.59869796
vn -0.0650374219 0.859709024 0.506626785
vn -0.110235102 0.807353079 0.579680443
vn 0.234629601 0.883523405 0.40538314
vn 0.29597339 0.837197721 0.45989114
vn 0.0384852812 0.873198628 0.485842824
vn 0.136209905 0.902562082 0.408446521
vn 0.163859203 0.868066311 0.468627036
vn 0.0366532803 0.920329928 0.389422029
vn -0.0315257907 0.9178496 0.395674825
vn 0.107550398 0.942470193 0.316516936
vn 0.180155903 0.93621242 0.301745117
vn 0.0773358271 0.871844292 0.483639032
vn 0.0322284102 0.828752279 0.558686852
vn 0.0883826613 0.830022275 0.550682962
vn 0.102665998 0.904095471 0.414814532
vn 0.107487597 0.8690871 0.482839733
vn 0.0671429634 0.919431508 0.387476027
vn 0.0847826004 0.944206297 0.318255335
vn -0.154947206 0.717603683 0.678996682
vn -0.208749905 0.537164867 0.817237675
vn 0.372187704 0.749685824 0.547218263
vn 0.457631499 0.573054075 0.679840028
vn 0.0207838397 0.742237628 0.669814587
vn 0.202524304 0.787635088 0.581906378
vn 0.254746288 0.600318551 0.758104324
vn 0.113013901 0.7339347 0.669752061
vn 0.01342839 0.544339359 0.838757575
vn 0.1489342 0.525878012 0.837419212
vn 0.115943 0.784805417 0.608800232
vn 0.122473799 0.593263865 0.795637071
vn -0.887769699 0.243633822 -0.390522212
vn -0.877636015 0.324081719 -0.353166312
vn 0.756138504 0.146308035 -0.637846887
vn 0.773931026 0.228434637 -0.590633988
vn -0.738195479 0.252270728 -0.625641108
vn 0.549895823 0.148567632 -0.821913779
vn 0.570130825 0.227551833 -0.789411902
vn -0.728764772 0.223277524 -0.64733988
vn -0.893210828 0.169046819 -0.416650593
vn 0.51904732 0.129525334 -0.84487468
vn 0.740681171 0.0813348517 -0.666915178
vn -0.544210315 0.243326023 -0.802887201
vn -0.735900283 0.325452715 -0.593743622
vn -0.555231392 0.299696237 -0.775822401
vn 0.312545806 0.146400049 -0.938553214
vn 0.341568202 0.206949145 -0.916789711
vn -0.350453585 0.252913833 -0.901785374
vn -0.543239713 0.243450731 -0.803506374
vn 0.30076611 0.149085939 -0.94197309
vn -0.847392797 0.417287409 -0.328324258
vn -0.819313228 0.569728911 0.0643035322
vn -0.752359807 0.621432304 -0.218578577
vn 0.853227913 0.478786707 -0.206798688
vn 0.759965301 0.321278542 -0.565006912
vn 0.721105516 0.520198226 -0.457603484
vn -0.715035617 0.418113738 -0.560272515
vn 0.570107222 0.315817416 -0.758444011
vn 0.551856399 0.549811482 -0.62702632
vn -0.921878576 0.38691619 -0.0208747741
vn 0.904136777 0.307879597 -0.296221107
vn -0.548723578 0.409498036 -0.728844225
vn -0.638827503 0.637026906 -0.431388557
vn -0.469876111 0.647346199 -0.600132823
vn 0.363849103 0.307968527 -0.879073024
vn 0.335801214 0.578305781 -0.743505418
vn -0.365685791 0.267473727 -0.891477287
vn -0.245530501 0.338859558 0.908234
vn -0.275404006 0.125433251 0.953110278
vn 0.516570628 0.386436075 0.764082611
vn 0.54649961 0.165594772 0.820924401
vn 0.00939971209 0.33085236 0.943635821
vn 0.282881409 0.394611776 0.874219418
vn 0.30238241 0.176247254 0.93675071
vn 0.171392605 0.32682398 0.929414213
vn -0.00198370195 0.115943156 0.993254006
vn 0.185891107 0.118596658 0.975386798
vn 0.118322499 0.398579359 0.909469187
vn 0.110601798 0.19086735 0.975364983
vn -0.234601304 -0.715096176 0.658482969
vn -0.265696287 -0.227730945 0.9367733
vn 0.39242059 -0.6825701 0.616525769
vn -0.0315259583 -0.793032706 0.608362913
vn -0.0148627097 -0.293073118 0.955974519
vn 0.181133598 -0.747638106 0.638927221
vn 0.520361483 -0.185773626 0.833494008
vn 0.285655111 -0.229592249 0.930423915
vn 0.0804786012 -0.817329526 0.570522249
vn 0.174965695 -0.30396983 0.936477184
vn 0.0605199896 -0.77235502 0.632301331
vn 0.0931138918 -0.240979239 0.966053307
vn -0.906137705 0.0213632695 -0.422443092
vn -0.840315878 -0.254346967 -0.478724301
vn 0.738283813 -0.0600307211 -0.671813607
vn -0.715645015 0.106389932 -0.690313995
vn -0.648297429 -0.272417963 -0.710984707
vn 0.486443907 0.0211192071 -0.873456597
vn 0.650947511 -0.334034473 -0.681680501
vn 0.405910194 -0.354179561 -0.84249258
vn -0.336351603 -0.787577271 -0.516323149
vn -0.576133907 -0.738066673 -0.351179838
vn 0.142431006 -0.838594079 -0.52580744
vn 0.421867996 -0.788557112 -0.447443128
vn -0.536186516 0.161078736 -0.82858789
vn -0.488090485 -0.258129656 -0.833748698
vn 0.279799104 0.0774880424 -0.956926525
vn 0.208536506 -0.341416359 -0.916486502
vn -0.233224899 -0.80197382 -0.549949467
vn 0.0299084708 -0.846807003 -0.531058848
vn -0.89833498 0.105413623 -0.426476389
vn -0.719034374 0.191722229 -0.668006182
vn 0.738437116 0.0249950495 -0.673859
vn 0.492828101 0.104803838 -0.863792002
vn -0.531339824 0.236981824 -0.813337505
vn 0.281230986 0.150518849 -0.947762311
vn -0.232861698 -0.970999897 -0.0541716628
vn -0.269028306 -0.954584897 -0.12802884
vn 0.169838294 -0.984574199 -0.0420552231
vn 0.187450096 -0.97402668 -0.127021745
vn -0.0533773787 -0.994272172 -0.0925940648
vn -0.00927776005 -0.999650598 -0.0247509237
vn -0.0300613604 -0.997335374 -0.0664707273
vn -0.0574359186 -0.997987926 -0.0268563423
vn -0.205731601 -0.978393018 0.0205395371
vn 0.0118110096 -0.999297976 0.0355550759
vn 0.166481704 -0.985340178 0.0372637659
vn -0.0591458604 -0.992937028 -0.102849148
vn -0.0477006994 -0.989690721 -0.135045245
vn -0.0607333705 -0.988062203 -0.141579047
vn -0.0106205903 -0.999222577 -0.037965633
vn -0.0191356502 -0.9969154 -0.0761153549
vn -0.0467556082 -0.998104811 -0.040010903
vn -0.00198370195 -0.999643087 0.0266428068
vn -0.287860513 -0.939025819 -0.18806155
vn -0.289197206 -0.938487113 -0.188698441
vn 0.190315306 -0.962960303 -0.191017345
vn 0.190253004 -0.963045418 -0.190649837
vn -0.0518829189 -0.985531628 -0.161355942
vn -0.0337846801 -0.995290875 -0.0908555761
vn -0.0294203702 -0.994189024 -0.103551246
vn -0.0678132102 -0.98457408 -0.161293045
vn -0.0582002886 -0.983545423 -0.171030149
vn -0.0804482102 -0.98259151 -0.167458043
vn -0.0189828798 -0.995228529 -0.0957079977
vn -0.00668364717 -0.994493186 -0.104588747
vn 0.146734506 0.803988278 0.576256871
vn 0.101719201 0.818484306 0.565452874
vn 0.0594520494 0.846520722 0.529025972
vn 0.071352832 0.787139773 0.612633586
vn 0.0204173308 0.804884195 0.59308064
vn 0.141487494 0.8272264 0.543762863
vn 0.0984234214 0.857275784 0.505362451
vn 0.181344897 0.841779828 0.508449435
vn 0.0800216123 0.807632685 0.584231377
vn 0.1260432 0.845558107 0.518791735
vn 0.2004188 0.834422529 0.51339227
vn -0.0417808183 0.779918909 0.624484539
vn -0.109013997 0.77692318 0.620085835
vn 0.254559308 0.813820601 0.52239424
vn 0.312671989 0.808064103 0.499268144
vn -0.115117297 0.786044717 0.607356668
vn 0.31450361 0.815267622 0.48623684
vn 0.00393694593 0.800919414 0.598759234
vn 0.199564204 0.73267132 0.650666535
vn 0.192912206 0.750194013 0.632450759
vn 0.0222177505 0.782963514 0.621670961
vn -0.00882005598 0.742811322 0.669442832
vn 0.080142729 0.752749622 0.653410554
vn 0.231763706 0.782271206 0.578219175
vn 0.0264595691 0.798487723 0.601429462
vn 0.139503807 0.795577526 0.589572132
vn -0.295638412 0.716801822 0.631500959
vn -0.119146399 0.741399586 0.66040206
vn 0.493792415 0.736263275 0.46269384
vn 0.336990207 0.77234298 0.53844583
vn -0.182319105 -0.972053111 0.147893861
vn -0.188122407 -0.933623075 0.304890156
vn 0.182564497 -0.969038486 0.166236758
vn -0.0389111601 -0.995852113 0.0822475031
vn -0.0285658203 -0.978746712 0.203073859
vn 0.0247507598 -0.989055514 0.145452857
vn 0.238112807 -0.920069873 0.311084777
vn 0.0543542504 -0.963758171 0.261181176
vn -0.0281081107 -0.996908724 0.0733680278
vn -0.00866740942 -0.983234823 0.18213816
vn 0.0111395102 -0.990046799 0.140297249
vn 0.0244457107 -0.968460023 0.24796696
vn -0.186257899 -0.978594303 0.0875286534
vn -0.0498677418 -0.99811852 0.0356764235
vn 0.172433496 -0.979758203 0.101689853
vn 0.0230113808 -0.995320678 0.0938462764
vn -0.0312206708 -0.999183774 0.0256356671
vn 0.000244152005 -0.99589467 0.0905191973
vn 0.0621977411 0.92707628 0.369676918
vn 0.0676309392 0.897727787 0.435328633
vn 0.0809963867 0.950716317 0.29929623
vn 0.0892693922 0.925808012 0.367301822
vn 0.0265516005 0.926439106 0.375507534
vn 0.115819499 0.948652089 0.294355631
vn 0.147591799 0.92336452 0.354421824
vn -0.0577720888 0.921821177 0.38328594
vn 0.0180368405 0.8986094 0.438378841
vn -0.0892990232 0.88850379 0.450096339
vn 0.195688099 0.940779984 0.276838243
vn 0.253647208 0.908350527 0.332509518
vn 0.0796559975 0.839623272 0.537296772
vn 0.109593503 0.877114117 0.467611134
vn 0.0159308296 0.841376007 0.540215433
vn 0.175910696 0.876532376 0.448047519
vn -0.0960754678 0.834831178 0.542057574
vn 0.283281386 0.859793484 0.424861044
vn -0.2848095 -0.943973124 -0.166728944
vn 0.190439805 -0.966970682 -0.169412151
vn -0.0444054604 -0.966117084 -0.254255831
vn -0.0716904402 -0.98089838 -0.180828348
vn -0.0133979302 -0.985558927 -0.168802142
vn -0.2440947 -0.967497826 -0.0660747066
vn -0.0772124529 -0.993111312 -0.0881382674
vn 0.172400802 -0.983377576 -0.0569786839
vn -0.036347799 -0.966406703 -0.254434824
vn -0.0744052529 -0.981276691 -0.177650943
vn -0.0192571804 -0.984316111 -0.175359845
vn -0.0661342666 -0.993082821 -0.0970194116
vn -0.269791991 -0.950833619 -0.15207845
vn -0.238570005 -0.966487825 -0.0947932452
vn 0.179972097 -0.972252071 -0.14945285
vn 0.1653236 -0.982633114 -0.0842640772
vn -0.06164819 -0.984601676 -0.163581446
vn -0.0194101296 -0.994985402 -0.0981191248
vn -0.0190134607 -0.997065008 -0.0741618648
vn -0.100926802 -0.98335743 -0.151069745
vn -0.0627778694 -0.988362789 -0.138556942
vn -0.1036731 -0.985641718 -0.133276552
vn 0.0157785397 -0.99493438 -0.0992798656
vn 0.0227673594 -0.996545374 -0.0798688978
vn -0.229194894 -0.972110212 -0.0497149006
vn -0.0386066996 -0.989248216 -0.141059548
vn 0.175943106 -0.983664393 -0.0380574837
vn -0.0377213918 -0.996932626 -0.0685761347
vn -0.063296251 -0.987257302 -0.14600265
vn -0.0159004908 -0.996698081 -0.0796247572
vn 0.148415506 0.855243623 0.496519238
vn 0.169901803 0.750168324 0.639047086
vn 0.0375078917 0.892346621 0.449789822
vn -0.288738698 0.829624116 0.477863938
vn -0.164651901 0.746869624 0.644263685
vn 0.427764207 0.850401103 0.30632633
vn 0.0505391285 0.798768878 0.599511683
vn 0.366933286 0.782300711 0.50335443
vn -0.68393898 0.637305379 0.355062336
vn -0.498375088 0.643126726 0.581386805
vn 0.762817919 0.643092513 0.0673855767
vn 0.664194882 0.655649483 0.359122425
vn 0.896354377 0.311267197 -0.315692514
vn -0.937154174 0.334674001 -0.0986686721
vn 0.829687774 0.528160691 -0.18073307
vn -0.832803905 0.553554475 -0.00390640367
vn 0.924059808 0.357562691 -0.135138884
vn -0.919873416 0.380724609 0.0942427069
vn -0.726725101 0.676826119 0.117377132
vn 0.904204011 0.414211899 -0.104132786
vn 0.751724899 0.657724977 -0.0480375513
vn 0.747593701 0.655395806 -0.107518367
vn -0.883522093 0.446827203 0.140478417
vn -0.747274876 0.659469724 0.081731759
vn 0.947413087 0.308795005 -0.0839893073
vn -0.774257123 0.567912698 0.279286832
vn -0.896288097 0.397237986 0.19715412
vn 0.848382413 0.52930057 0.00940003339
vn 0.930986583 0.353808492 -0.0899093524
vn -0.837611914 0.490298212 0.240861118
vn 0.891742229 0.450464189 -0.0433373228
vn -0.703979671 0.671141386 0.232340425
vn 0.777391493 0.628151417 -0.032991495
vn -0.842727184 0.492091894 0.218303919
vn 0.883351922 0.462337494 -0.0770307481
vn -0.698449373 0.711022973 0.0813321695
vn 0.718149602 0.672523201 -0.178812474
vn 0.069460921 0.939858913 -0.334425658
vn -0.0975375101 0.994449317 0.0394605733
vn -0.400808305 0.799877226 -0.446709156
vn 0.28501761 0.748358071 -0.598936617
vn 0.695804715 0.319199234 -0.643403411
vn 0.884787679 0.268692732 -0.380729407
vn -0.836780488 0.323688626 -0.441615492
vn -0.126227304 0.918382883 -0.37501958
vn -0.945111275 0.297590405 -0.134924278
vn 0.180431306 0.979828417 0.0859123841
vn -0.95038712 0.298077494 0.0889623836
vn 0.154855102 0.898733675 0.410241038
vn 0.00344866491 0.932246387 0.361807823
vn 0.965957522 0.253338307 0.0524011329
vn -0.898188174 0.325185001 0.295825303
vn 0.942683518 0.18030858 0.280778497
vn 0.0375693999 0.889519513 0.455350041
vn -0.81316793 0.293569356 0.502568603
vn 0.171124294 0.911534011 0.373928219
vn 0.1127389 0.925625205 -0.361258984
vn -0.086307101 0.987984478 -0.128209352
vn -0.186593503 0.906599522 -0.378497481
vn -0.0135807898 0.985447109 0.169439539
vn 0.0796540901 0.992075026 0.0971719474
vn -0.898394704 0.437371105 0.0399191491
vn 0.894708812 0.366050601 -0.255936265
vn 0.897347271 0.441059202 -0.0153204501
vn -0.905748308 0.346056998 -0.244672179
vn 0.810061276 0.273814917 -0.518484414
vn 0.0596346818 0.976220489 -0.208416149
vn 0.218392894 0.916512012 0.335127622
vn -0.0924435183 0.942472219 0.321248144
vn 0.32850489 0.884772003 0.330549717
vn -0.159032896 0.925174415 0.344617128
vn -0.505088627 0.243693769 0.82794857
vn -0.728933275 0.449647278 0.516210794
vn 0.69308883 0.267286271 0.669466972
vn 0.855768979 0.426022798 0.293537319
vn -0.289357394 0.855406523 -0.429595381
vn -0.0384543501 0.825547814 -0.563020468
vn 0.185036793 0.815468609 -0.548427045
vn -0.0537441894 0.853559911 -0.518215358
vn -0.0814250708 0.791178405 -0.606140733
vn -0.0459319316 0.81661278 -0.575355351
vn -0.413078606 -0.319445372 -0.852831006
vn -0.156198695 -0.241317555 -0.957793176
vn 0.143226296 -0.390675575 -0.909317911
vn -0.128180102 -0.29881227 -0.945664406
vn -0.304456711 -0.0816990882 -0.949015975
vn -0.535343826 0.714981973 -0.449675262
vn 0.379238993 0.672503829 -0.6355443
vn 0.0136722904 -0.0338755958 -0.999332607
vn 0.320661187 0.155554444 -0.934333622
vn -0.568018913 0.132421732 -0.812292576
vn 0.0433071814 0.926176012 0.374596715
vn -0.265974492 0.660709441 -0.701940775
vn 0.1019945 0.943007112 0.316756934
vn 0.0120856101 0.901206076 0.433222324
vn 0.156411499 0.918448329 0.363301933
vn 0.491083413 -0.0714453161 0.868177772
vn -0.253000408 0.0183721874 0.967291772
vn -0.475463301 0.063572064 0.877435684
vn 0.342888504 -0.0665633976 0.937014878
vn 0.159401894 0.926014483 0.342181623
vn -0.104192302 0.0134893758 0.994465828
vn 0.000885064015 0.95147419 0.307727516
vn 0.0491971895 0.890463114 0.452388316
vn 0.152077898 0.916800976 0.369253516
vn 0.849567115 0.0406822264 0.525909424
vn -0.672850072 0.163581267 0.72146672
vn 0.684859395 -0.045046892 0.72728157
vn -0.00277721789 0.842943788 -0.537994564
vn 0.165137202 0.817476928 -0.551780045
vn -0.115485102 0.813096285 -0.570559025
vn -0.298781991 0.796579123 -0.525538862
vn -0.683432221 -0.0243842285 -0.729606807
vn -0.606628716 -0.186349764 -0.77283591
vn 0.444875389 -0.102391161 -0.889720321
vn 0.353631705 -0.264056265 -0.89733988
vn 0.177255601 0.801922917 -0.570526123
vn -0.31971541 0.764771879 -0.559379935
vn -0.823556721 0.187539637 -0.535334826
vn 0.645728588 0.09094771 -0.758131325
vn 0.29381001 0.906120121 0.304339141
vn 0.241099507 0.905771375 0.348495722
vn -0.142614096 0.936406791 0.320630044
vn 0.257827789 -0.0549654104 0.964626312
vn -0.078801088 0.945246875 0.316699833
vn -0.0204784796 0.0272537563 0.999418914
vn 0.0598782785 0.043214865 0.997269928
vn 0.335492313 0.908939004 0.247537345
vn -0.193458304 0.947485089 0.254648536
vn 0.179299101 -0.00939987414 0.983749807
vn -0.0962584615 0.0819752961 0.991975129
vn 0.328814 0.132972151 0.934986591
vn -0.189404607 -0.110328346 0.975681126
vn 0.416095287 -0.0703462064 0.906595886
vn 0.111150503 -0.188852042 0.975694895
vn 0.106357403 -0.125370547 0.986392617
vn 0.0934790298 -0.191200241 0.977089703
vn -0.255749702 -0.0781593174 0.963578403
vn 0.125251606 -0.119330943 0.984922528
vn 0.476155311 -0.0385453478 0.878516018
vn -0.625211 0.0900613219 0.77524209
vn 0.800357282 0.0790133178 0.594293773
vn 0.831068695 0.117254779 0.543669283
vn 0.211102694 -0.217054039 0.953059971
vn -0.00268566608 -0.142647043 0.989769995
vn 0.339804709 -0.234725952 0.910734117
vn -0.1043441 -0.15216735 0.982831299
vn 0.319900215 -0.24024564 0.916485727
vn 0.191811994 -0.215800151 0.957412481
vn 0.0198676493 -0.143102244 0.98950851
vn -0.0891143605 -0.159185141 0.98321861
vn -0.825582385 -0.201916769 -0.526918828
vn -0.943136513 -0.0326555744 -0.330798209
vn 0.626647294 -0.275830984 -0.72885561
vn -0.99433732 0.0483419821 -0.0946391821
vn 0.802818179 -0.101782881 -0.587471902
vn 0.921363175 -0.0150152231 -0.388413012
vn -0.964857817 -0.0350968093 -0.260418504
vn 0.843509316 -0.108891077 -0.525961101
vn 0.962093771 -0.0157479495 -0.272263706
vn -0.870596409 -0.143288583 -0.470670104
vn 0.687900424 -0.220591977 -0.691471219
vn -0.658182502 -0.341939867 -0.670725882
vn 0.415886104 -0.415153563 -0.809126914
vn -0.677619219 -0.279464871 -0.680243909
vn 0.435569704 -0.359668374 -0.825177372
vn -0.353812993 -0.408565074 -0.841362715
vn 0.0774286911 -0.475925565 -0.876070619
vn 0.00491356803 -0.424950957 -0.905203104
vn 0.770697474 -0.174568936 0.612822413
vn 0.921706676 -0.055056408 0.383960485
vn -0.604797482 -0.0550564826 0.794473886
vn 0.984224916 0.0549944527 0.168157503
vn -0.788092017 0.0563379824 0.612973988
vn -0.893809378 0.152442291 0.421741813
vn 0.953092992 0.0139473472 0.302356601
vn -0.834528327 0.105933577 0.540685475
vn -0.903363526 0.14936009 0.402027309
vn 0.849482596 -0.109412722 0.516147494
vn -0.684149206 -0.00598177454 0.729317605
vn 0.540186822 -0.231242731 0.809150875
vn -0.330159307 -0.131294638 0.934749484
vn 0.571651697 -0.225230336 0.788977623
vn -0.369865596 -0.119148038 0.921413779
vn 0.668099582 0.0122688124 -0.743970811
vn -0.855723619 0.0037233457 -0.517419875
vn 0.373523414 -0.15561685 -0.914474607
vn -0.626071215 -0.195139766 -0.754953921
vn 0.560811877 -0.0809660703 -0.823974907
vn 0.777589798 0.0343337245 -0.627833784
vn -0.781381011 -0.101445474 -0.61575371
vn -0.927053809 0.0408042744 -0.372701496
vn 0.86411798 0.047609821 -0.501032174
vn -0.970416129 0.0671420097 -0.231914699
vn -0.989732623 0.0594511069 -0.129980594
vn 0.0448932014 -0.341383785 -0.938851416
vn -0.324330091 -0.396539062 -0.858817101
vn -0.286909103 -0.350998878 -0.891337812
vn 0.211801693 -0.249614656 -0.944898307
vn -0.485992789 -0.299182773 -0.821158111
vn -0.848367214 0.244853884 0.469382197
vn -0.844190598 0.473474294 0.251325339
vn 0.952804089 0.20609498 0.222911015
vn -0.660163522 0.123023368 0.740978718
vn -0.855886996 0.180644482 0.48458761
vn 0.963176191 0.15155679 0.222085997
vn -0.940843403 0.188455492 0.281599909
vn 0.988227427 0.152990401 0.000824012677
vn 0.994465828 0.0953722522 0.0440695845
vn -0.979084373 0.139197797 0.148384005
vn 0.983591914 0.0896948576 -0.156531096
vn -0.972417712 0.0856354758 0.216957495
vn 0.995107472 0.0552396141 -0.0819134116
vn -0.998882174 0.03607326 0.0305493418
vn 0.995884478 0.0903351903 -0.00732445344
vn 0.955680728 0.242139906 -0.167459279
vn 0.985591292 0.0661353469 -0.155679107
vn -0.951308727 0.157905385 0.264722109
vn -0.985167801 0.114386894 0.127906993
vn 0.997582316 0.0692481324 0.00585967628
vn -0.950864494 0.129005685 0.28145051
vn -0.979517579 0.0904286951 0.179911405
vn 0.986584902 0.0748934001 0.145056397
vn 0.947035909 0.0412616841 -0.318466008
vn -0.996572018 0.0744666979 -0.0360430963
vn 0.912796319 0.0353716798 -0.406880885
vn 0.964451313 0.0528583601 -0.258920401
vn -0.995606124 0.0891778395 0.0285661835
vn 0.697124004 -0.150674164 -0.70093888
vn 0.535426021 0.0475791991 -0.843240976
vn 0.436020911 -0.0834381133 -0.896060228
vn 0.569430709 -0.166605264 -0.804979205
vn 0.227124006 -0.158028454 -0.960958779
vn -0.0743139908 -0.100621454 -0.992145598
vn 0.131843597 -0.222272351 -0.966029108
vn -0.260602295 0.311263859 0.913893521
vn 0.166117907 0.390161872 0.905637205
vn 0.124852397 0.197151452 0.972390473
vn 0.440421194 0.29164046 0.849102497
vn 0.659854412 0.00427260576 0.751381278
vn 0.382799596 0.098545745 0.918560505
vn 0.114753596 0.625864863 0.771443307
vn -0.395739287 0.443501472 0.804174602
vn -0.405568689 0.592620313 0.69592768
vn -0.928007722 0.248673186 0.277422607
vn -0.767104506 0.328357875 0.551118791
vn -0.848650098 0.23054269 0.476070493
vn -0.895272017 0.169898689 0.411852598
vn -0.764629424 0.201884776 0.612033129
vn -0.858377397 0.163886979 0.486137211
vn -0.562411129 0.0634497777 -0.824419916
vn -0.0100103002 0.0477933064 -0.998807073
vn -0.985329211 0.105564408 -0.134099498
vn -0.861097574 0.0668674335 -0.504023612
vn -0.86042732 0.0503871627 -0.507076204
vn -0.545381784 -0.0286881533 -0.837696671
vn -0.548982203 0.150399327 -0.822191417
vn 0.0582305118 0.125311643 -0.990407228
vn -0.99541527 0.0592988729 -0.0750467703
vn -0.88626641 0.051943019 -0.460254312
vn -0.925969899 0.198158279 0.321423709
vn 0.695505619 0.480069458 0.534607589
vn 0.746539116 0.157358766 0.64646548
vn -0.608032823 0.284255266 0.741279423
vn 0.311782897 0.597685516 0.738622725
vn -0.949230313 0.158332184 0.271832108
vn -0.944145501 0.134162888 0.300981492
vn -0.928995907 0.138983086 0.343002111
vn -0.978451073 0.105535895 0.177470103
vn -0.980196714 0.126686603 0.152200997
vn -0.850800991 0.358442366 0.38426134
vn 0.93272227 -0.0622587949 0.355180293
vn 0.883754671 -0.144357517 0.445127696
vn 0.976427794 0.137488499 0.166390106
vn -0.988098502 0.137887001 -0.068180494
vn 0.97409308 -0.0674176738 -0.215864897
vn 0.972756803 -0.2116175 0.0946693346
vn 0.998137176 -0.0332050845 -0.0511810109
vn 0.917083204 -0.22959882 0.325949192
vn 0.859777629 -0.0519736186 -0.508017123
vn 0.932780981 -0.261913508 -0.247630715
vn -0.257371008 0.637094557 0.726547182
vn 0.110145003 0.65803194 0.744890571
vn 0.276715785 0.64996326 0.707796812
vn -0.809050202 0.310935974 0.498755008
vn -0.954728007 0.124609284 0.270124286
vn 0.975416303 0.188729197 0.113774605
vn 0.724761307 0.460468173 0.512533307
vn 0.971555173 0.131691322 -0.196819693
vn 0.890181601 0.140967712 -0.433249414
vn 0.601781428 0.133461237 -0.787430882
vn -0.945824981 0.142311692 0.29182601
vn -0.948179185 0.166453287 0.270646811
vn -0.978271186 0.142739505 0.150369406
vn -0.994538426 0.0611286126 -0.0845974013
vn -0.901238501 0.288225412 -0.323566914
vn 0.161201105 0.0949444547 -0.982344091
vn -0.497494996 0.324267536 -0.804580212
vn 0.994069278 0.0811808705 -0.0723608732
vn -0.571617424 -0.0590538532 -0.818392515
vn -0.781419218 0.0516693778 -0.621863723
vn 0.538145304 0.166482329 -0.826246619
vn -0.980742514 0.121894695 0.152597204
vn -0.952306092 0.0880492777 0.292165101
vn -0.982917011 0.183234498 -0.0173041131
vn 0.977212191 0.119603209 -0.175360993
vn 0.867383718 0.18766202 -0.460899711
vn -0.814917028 0.52288121 -0.250011176
vn -0.91534692 0.0817317143 0.39428401
vn 0.171426401 0.639255464 0.749643624
vn 0.420007199 0.517302811 0.745648623
vn -0.4619416 0.283311635 -0.840443075
vn -0.9577021 0.0364097171 0.285448909
vn -0.967080772 0.0258493889 0.253153712
vn 0.262858212 0.00518820947 -0.964820623
vn -0.348073691 0.566714764 0.746779203
vn 0.993736625 0.085850589 0.0715370178
vn 0.996137917 0.0482809544 -0.0733369514
vn 0.843923628 0.252212673 0.473478585
vn -0.860344172 -0.12824288 -0.493317008
vn -0.727543116 0.0322280787 -0.685304821
vn -0.961863399 -0.0194404591 -0.272838712
vn -0.767014325 -0.158273667 -0.621802807
vn -0.649182022 -0.0941833481 -0.754779696
vn -0.389300495 -0.256786972 -0.884593606
vn -0.184184298 -0.156625256 -0.970332205
vn -0.475882113 -0.185524657 -0.859719098
vn 0.102239899 0.447078377 0.888632715
vn 0.501561403 0.331993669 0.798884571
vn 0.138404205 0.253491879 0.957385123
vn -0.175086007 0.368330568 0.913059473
vn -0.439873189 0.100560665 0.892412007
vn -0.529165506 0.245096475 0.812349379
vn 0.134589002 0.677126229 0.723454177
vn 0.61261332 0.462458462 0.6409657
vn 0.90034622 0.309495002 0.305924207
vn 0.976667821 0.213663206 -0.0216378998
vn 0.955736816 0.191110685 0.223705113
vn 0.907786906 0.157844082 0.388597995
vn 0.980886519 0.111242391 0.159645796
vn 0.964145005 0.103854895 0.244210094
vn 0.344103605 -0.0349443704 -0.938281298
vn 0.313127309 -0.123083957 -0.941701472
vn 0.924400687 -0.00415061228 -0.381400406
vn 0.70622611 -0.0444061384 -0.706592321
vn 0.947361887 0.0320751742 -0.318554312
vn 0.708271027 -0.0627789721 -0.703143716
vn 0.329428613 0.0519443527 -0.942750573
vn -0.226056993 -0.00726355752 -0.974087119
vn 0.940207124 -0.0365010239 -0.338641793
vn 0.735326707 -0.0557277985 -0.675417781
vn 0.9870857 0.156563997 0.0339069366
vn -0.291032314 0.0686380044 -0.954248011
vn -0.488193512 0.549873888 0.677721024
vn -0.0595429502 0.657627821 0.750986099
vn 0.79607451 0.26265198 0.545233428
vn 0.995089114 0.0983308479 -0.0113528855
vn 0.997610092 0.0590240285 0.0359210335
vn 0.993764699 0.0303970557 -0.107274801
vn 0.992607296 0.0333269835 -0.1167055
vn 0.994309127 0.0624113567 0.086338222
vn 0.936101675 0.340101004 0.0896946266
vn 0.6088624 0.615912378 0.499938637
vn -0.802962482 0.0299088638 0.59527868
vn -0.749032617 -0.0346697792 0.661625624
vn -0.879611909 0.199623182 0.431779504
vn -0.998547077 -0.0128179118 0.0523398519
vn -0.924167275 -0.125035122 0.360944688
vn -0.979641318 -0.199962899 0.0178232603
vn -0.972458124 0.0253002513 0.231700405
vn 0.476536304 0.669452071 0.569866002
vn 0.134986997 0.710001945 0.691141069
vn -0.0310685001 0.708594143 0.704931974
vn 0.929457605 0.300368488 0.214213222
vn 0.995505273 0.0899400115 -0.0296646263
vn -0.891696274 0.246813387 0.3794218
vn -0.981895626 0.176034898 0.0699501038
vn -0.968758225 0.131108686 0.210518599
vn -0.963616788 0.175241917 -0.201824188
vn -0.779587805 0.118415333 -0.614996612
vn 0.994163692 0.107671797 -0.00674473727
vn 0.992018223 0.124334201 -0.0209969748
vn 0.986268222 0.0856376886 -0.1412137
vn 0.935776114 -0.0148627544 -0.352281809
vn -0.403556705 0.0419640318 -0.913991928
vn 0.795839489 0.201210633 -0.571098924
vn 0.289263099 0.236250952 -0.927638113
vn 0.336170286 -0.151742056 -0.929496527
vn 0.595821679 -0.0501426049 -0.801549971
vn -0.137917101 -0.27223286 -0.952296317
vn -0.746865928 0.140052631 -0.650058985
vn 0.987001717 0.0745568871 -0.142369196
vn 0.946193993 0.118079714 -0.3012878
vn -0.9545421 0.208963409 -0.212564692
vn 0.741215587 0.444357038 -0.503136694
vn -0.981796384 0.158607304 0.104497008
vn 0.993211806 0.0584134348 0.100590803
vn 0.0779768825 0.694314957 0.715434432
vn 0.222912401 0.188181549 -0.956502974
vn 0.999952316 0.00625634147 -0.00750762131
vn -0.523830116 -0.0339066535 -0.851147711
vn 0.571511686 0.594920278 0.56519407
vn 0.998554528 0.0537441298 -0.000762975658
vn -0.9247666 0.145516187 0.351613402
vn -0.658696473 0.329302371 0.676519692
vn -0.524042308 0.533594787 0.663819492
vn -0.161540002 0.587593019 0.79286772
vn -0.936936319 0.114751786 0.330125004
vn 0.993319213 0.0438246727 -0.106753998
vn -0.131018206 -0.213328049 -0.968155682
vn -0.979838014 0.131383598 0.150518894
vn -0.122472398 0.173347458 0.977216125
vn 0.993236899 0.0393693447 -0.109227002
vn -0.822560728 -0.11621812 0.556675076
vn -0.971153021 0.107580289 0.212810695
vn 0.999125481 -0.0082705589 -0.0409867689
f 1/1/1 2/2/2 3/3/3
f 4/1/4 5/2/5 6/4/6
f 7/3/3 8/5/7 9/6/8
f 10/5/9 11/3/10 12/6/11
f 13/6/8 14/7/12 15/3/3
f 16/6/11 17/7/13 18/8/14
f 19/3/3 20/9/15 21/1/1
f 22/9/16 23/3/10 24/1/4
f 25/6/8 26/10/17 27/11/18
f 28/6/11 29/10/19 30/5/9
f 31/11/18 32/12/20 33/13/21
f 34/12/22 35/11/23 36/13/24
f 37/13/21 38/14/25 39/11/18
f 40/13/24 41/14/26 42/15/27
f 43/11/18 44/8/28 45/6/8
f 46/8/14 47/11/23 48/6/11
f 49/16/29 50/17/30 51/18/31
f 52/16/32 53/17/33 54/19/34
f 55/18/31 56/20/35 57/21/36
f 58/20/37 59/18/38 60/21/39
f 61/21/36 62/2/2 63/18/31
f 64/21/39 65/2/5 66/5/9
f 67/18/31 68/4/40 69/16/29
f 70/4/6 71/18/38 72/16/32
f 73/21/36 74/22/41 75/23/42
f 76/21/39 77/22/43 78/20/37
f 79/23/42 80/24/44 81/25/45
f 82/24/46 83/23/47 84/25/48
f 85/25/45 86/10/17 87/23/42
f 88/25/48 89/10/19 90/12/22
f 91/23/42 92/5/7 93/21/36
f 94/5/9 95/23/47 96/21/39
f 97/26/49 98/27/50 99/28/51
f 100/27/52 101/26/53 102/28/54
f 103/28/51 104/29/55 105/26/49
f 106/28/54 107/29/56 108/30/57
f 109/26/49 110/31/58 111/32/59
f 112/31/60 113/26/53 114/32/61
f 115/32/59 116/33/62 117/26/49
f 118/32/61 119/33/63 120/34/64
f 121/35/65 122/30/66 123/36/67
f 124/30/57 125/35/68 126/36/69
f 127/36/67 128/37/70 129/35/65
f 130/36/69 131/37/71 132/38/72
f 133/35/65 134/39/73 135/40/74
f 136/39/75 137/35/68 138/40/76
f 139/40/74 140/29/55 141/35/65
f 142/40/76 143/29/56 144/31/60
f 145/41/77 146/42/78 147/43/79
f 148/42/80 149/41/81 150/43/82
f 151/43/79 152/44/83 153/41/77
f 154/43/82 155/44/84 156/45/85
f 157/41/77 158/30/66 159/28/51
f 160/30/57 161/41/81 162/28/54
f 163/28/51 164/46/86 165/41/77
f 166/28/54 167/46/87 168/27/52
f 169/47/88 170/45/89 171/48/90
f 172/45/85 173/47/91 174/48/92
f 175/48/90 176/49/93 177/47/88
f 178/48/92 179/49/94 180/50/95
f 181/47/88 182/38/96 183/36/67
f 184/38/72 185/47/91 186/36/69
f 187/36/67 188/44/83 189/47/88
f 190/36/69 191/44/84 192/30/57
f 193/51/97 194/52/98 195/53/99
f 196/51/100 197/52/101 198/54/102
f 199/53/99 200/55/103 201/56/104
f 202/55/105 203/53/106 204/56/107
f 205/56/104 206/17/30 207/53/99
f 208/56/107 209/17/33 210/20/37
f 211/53/99 212/19/108 213/51/97
f 214/19/34 215/53/106 216/51/100
f 217/56/104 218/57/109 219/58/110
f 220/56/107 221/57/111 222/55/105
f 223/57/109 224/59/112 225/58/110
f 226/57/111 227/59/113 228/60/114
f 229/59/112 230/22/41 231/58/110
f 232/59/113 233/22/43 234/24/46
f 235/58/110 236/20/35 237/56/104
f 238/20/37 239/58/115 240/56/107
f 241/61/116 242/62/117 243/63/118
f 244/61/119 245/62/120 246/64/121
f 247/63/118 248/65/122 249/66/123
f 250/65/124 251/63/125 252/66/126
f 253/66/123 254/52/98 255/63/118
f 256/66/126 257/52/101 258/55/105
f 259/63/118 260/54/127 261/61/116
f 262/54/102 263/63/125 264/61/119
f 265/66/123 266/67/128 267/68/129
f 268/66/126 269/67/130 270/65/124
f 271/67/128 272/69/131 273/68/129
f 274/67/130 275/69/132 276/70/133
f 277/68/129 278/60/134 279/57/109
f 280/60/114 281/68/135 282/57/111
f 283/68/129 284/55/103 285/66/123
f 286/55/105 287/68/135 288/66/126
f 289/71/136 290/72/137 291/73/138
f 292/71/139 293/72/140 294/74/141
f 295/72/137 296/75/142 297/73/138
f 298/72/140 299/75/143 300/76/144
f 301/73/138 302/45/89 303/43/79
f 304/45/85 305/73/145 306/43/82
f 307/43/79 308/71/136 309/73/138
f 310/43/82 311/71/139 312/42/80
f 313/77/146 314/76/147 315/78/148
f 316/76/144 317/77/149 318/78/150
f 319/78/148 320/79/151 321/77/146
f 322/78/150 323/79/152 324/80/153
f 325/77/146 326/50/154 327/48/90
f 328/50/95 329/77/149 330/48/92
f 331/48/90 332/75/142 333/77/146
f 334/48/92 335/75/143 336/45/85
f 337/81/155 338/82/156 339/83/157
f 340/81/158 341/82/159 342/84/160
f 343/83/157 344/85/161 345/86/162
f 346/85/163 347/83/164 348/86/165
f 349/83/157 350/76/147 351/72/137
f 352/76/144 353/83/164 354/72/140
f 355/83/157 356/74/166 357/81/155
f 358/74/141 359/83/164 360/81/158
f 361/86/162 362/87/167 363/88/168
f 364/86/165 365/87/169 366/85/163
f 367/88/168 368/89/170 369/90/171
f 370/89/172 371/88/173 372/90/174
f 373/88/168 374/80/175 375/78/148
f 376/80/153 377/88/173 378/78/150
f 379/78/148 380/86/162 381/88/168
f 382/78/150 383/86/165 384/76/144
f 385/91/176 386/92/177 387/93/178
f 388/91/179 389/92/180 390/94/181
f 391/93/178 392/95/182 393/96/183
f 394/95/184 395/93/185 396/96/186
f 397/96/183 398/97/187 399/93/178
f 400/96/186 401/97/188 402/98/189
f 403/93/178 404/99/190 405/91/176
f 406/99/191 407/93/185 408/91/179
f 409/96/183 410/100/192 411/101/193
f 412/96/186 413/100/194 414/95/184
f 415/101/193 416/4/40 417/1/1
f 418/4/6 419/101/195 420/1/4
f 421/1/1 422/102/196 423/101/193
f 424/1/4 425/102/197 426/9/16
f 427/101/193 428/98/198 429/96/183
f 430/98/189 431/101/195 432/96/186
f 433/103/199 434/104/200 435/105/201
f 436/103/202 437/104/203 438/106/204
f 439/105/201 440/107/205 441/108/206
f 442/107/207 443/105/208 444/108/209
f 445/108/206 446/92/177 447/105/201
f 448/108/209 449/92/180 450/95/184
f 451/105/201 452/94/210 453/103/199
f 454/94/181 455/105/208 456/103/202
f 457/108/206 458/109/211 459/110/212
f 460/108/209 461/109/213 462/107/207
f 463/110/212 464/19/108 465/16/29
f 466/19/34 467/110/214 468/16/32
f 469/16/29 470/100/192 471/110/212
f 472/16/32 473/100/194 474/4/6
f 475/110/212 476/95/182 477/108/206
f 478/95/184 479/110/214 480/108/209
f 481/111/215 482/38/96 483/112/216
f 484/38/72 485/111/217 486/112/218
f 487/112/216 488/113/219 489/111/215
f 490/112/218 491/113/220 492/114/221
f 493/111/215 494/115/222 495/116/223
f 496/115/224 497/111/217 498/116/225
f 499/116/223 500/37/70 501/111/215
f 502/116/225 503/37/71 504/39/75
f 505/117/226 506/114/227 507/118/228
f 508/114/221 509/117/229 510/118/230
f 511/118/228 512/119/231 513/117/226
f 514/118/230 515/119/232 516/120/233
f 517/117/226 518/121/234 519/122/235
f 520/121/236 521/117/229 522/122/237
f 523/122/235 524/113/219 525/117/226
f 526/122/237 527/113/220 528/115/224
f 529/123/238 530/50/154 531/124/239
f 532/50/95 533/123/240 534/124/241
f 535/124/239 536/125/242 537/123/238
f 538/124/241 539/125/243 540/126/244
f 541/123/238 542/114/227 543/112/216
f 544/114/221 545/123/240 546/112/218
f 547/112/216 548/49/93 549/123/238
f 550/112/218 551/49/94 552/38/72
f 553/127/245 554/126/246 555/128/247
f 556/126/244 557/127/248 558/128/249
f 559/128/247 560/129/250 561/127/245
f 562/128/249 563/129/251 564/130/252
f 565/127/245 566/120/253 567/118/228
f 568/120/233 569/127/248 570/118/230
f 571/118/228 572/125/242 573/127/245
f 574/118/230 575/125/243 576/114/221
f 577/131/254 578/132/255 579/133/256
f 580/132/257 581/131/258 582/133/259
f 583/131/254 584/134/260 585/135/261
f 586/134/262 587/131/258 588/135/263
f 589/135/261 590/104/200 591/131/254
f 592/135/263 593/104/203 594/107/207
f 595/131/254 596/106/264 597/136/265
f 598/106/204 599/131/258 600/136/266
f 601/135/261 602/137/267 603/138/268
f 604/135/263 605/137/269 606/134/262
f 607/138/268 608/54/127 609/51/97
f 610/54/102 611/138/270 612/51/100
f 613/51/97 614/109/211 615/138/268
f 616/51/100 617/109/213 618/19/34
f 619/138/268 620/107/205 621/135/261
f 622/107/207 623/138/270 624/135/263
f 625/139/271 626/140/272 627/141/273
f 628/139/274 629/140/275 630/142/276
f 631/141/273 632/143/277 633/144/278
f 634/143/279 635/141/280 636/144/281
f 637/144/278 638/133/256 639/141/273
f 640/144/281 641/133/259 642/134/262
f 643/141/273 644/132/255 645/139/271
f 646/132/257 647/141/280 648/139/274
f 649/144/278 650/145/282 651/146/283
f 652/144/281 653/145/284 654/143/279
f 655/146/283 656/64/285 657/61/116
f 658/64/121 659/146/286 660/61/119
f 661/61/116 662/137/267 663/146/283
f 664/61/119 665/137/269 666/54/102
f 667/146/283 668/134/260 669/144/278
f 670/134/262 671/146/286 672/144/281
f 673/147/287 674/80/175 675/148/288
f 676/80/153 677/147/289 678/148/290
f 679/148/288 680/149/291 681/147/287
f 682/148/290 683/149/292 684/150/293
f 685/147/287 686/126/246 687/124/239
f 688/126/244 689/147/289 690/124/241
f 691/124/239 692/79/151 693/147/287
f 694/124/241 695/79/152 696/50/95
f 697/151/294 698/150/295 699/152/296
f 700/150/293 701/151/297 702/152/298
f 703/152/296 704/153/299 705/151/294
f 706/152/298 707/153/300 708/154/301
f 709/151/294 710/130/302 711/128/247
f 712/130/252 713/151/297 714/128/249
f 715/128/247 716/149/291 717/151/294
f 718/128/249 719/149/292 720/126/244
f 721/155/303 722/89/170 723/156/304
f 724/89/172 725/155/305 726/156/306
f 727/156/304 728/157/307 729/155/303
f 730/156/306 731/157/308 732/158/309
f 733/155/303 734/150/295 735/148/288
f 736/150/293 737/155/305 738/148/290
f 739/148/288 740/90/171 741/155/303
f 742/148/290 743/90/174 744/80/153
f 745/159/310 746/158/311 747/160/312
f 748/158/309 749/159/313 750/160/314
f 751/159/310 752/161/315 753/162/316
f 754/161/317 755/159/313 756/162/318
f 757/159/310 758/154/319 759/152/296
f 760/154/301 761/159/313 762/152/298
f 763/152/296 764/157/307 765/159/310
f 766/152/298 767/157/308 768/150/293
f 769/163/320 770/164/321 771/165/322
f 772/164/323 773/163/324 774/165/325
f 775/165/322 776/166/326 777/163/320
f 778/165/325 779/166/327 780/167/328
f 781/163/320 782/168/329 783/169/330
f 784/166/327 785/169/331 786/168/332
f 787/169/330 788/170/333 789/163/320
f 790/169/331 791/170/334 792/171/335
f 793/172/336 794/173/337 795/174/338
f 796/172/339 797/173/340 798/175/341
f 799/174/338 800/176/342 801/177/343
f 802/176/344 803/174/345 804/177/346
f 805/177/343 806/178/347 807/174/338
f 808/177/346 809/178/348 810/179/349
f 811/174/338 812/180/350 813/172/336
f 814/180/351 815/174/345 816/172/339
f 817/181/352 818/182/353 819/183/354
f 820/182/355 821/181/356 822/183/357
f 823/181/352 824/184/358 825/185/359
f 826/184/360 827/181/356 828/185/361
f 829/181/352 830/186/362 831/187/363
f 832/186/364 833/181/356 834/187/365
f 835/187/363 836/188/366 837/181/352
f 838/187/365 839/188/367 840/189/368
f 841/190/369 842/167/370 843/165/322
f 844/167/328 845/190/371 846/165/325
f 847/165/322 848/191/372 849/190/369
f 850/165/325 851/191/373 852/164/323
f 853/190/369 854/189/374 855/187/363
f 856/189/368 857/190/371 858/187/365
f 859/187/363 860/192/375 861/190/369
f 862/187/365 863/192/376 864/186/364
f 865/193/377 866/194/378 867/195/379
f 868/193/380 869/194/381 870/196/382
f 871/195/379 872/197/383 873/198/384
f 874/197/385 875/195/386 876/198/387
f 877/198/384 878/173/337 879/195/379
f 880/198/387 881/173/340 882/176/344
f 883/195/379 884/175/388 885/193/377
f 886/175/341 887/195/386 888/193/380
f 889/199/389 890/200/390 891/201/391
f 892/200/392 893/199/393 894/201/394
f 895/199/389 896/202/395 897/203/396
f 898/202/397 899/199/393 900/203/398
f 901/203/396 902/194/378 903/199/389
f 904/203/398 905/194/381 906/197/385
f 907/199/389 908/196/399 909/204/400
f 910/196/382 911/199/393 912/204/401
f 913/13/21 914/205/402 915/206/403
f 916/13/24 917/205/404 918/12/22
f 919/205/402 920/207/405 921/206/403
f 922/205/404 923/207/406 924/208/407
f 925/206/403 926/209/408 927/210/409
f 928/209/410 929/206/411 930/210/412
f 931/206/403 932/15/413 933/13/21
f 934/15/27 935/206/411 936/13/24
f 937/25/45 938/211/414 939/212/415
f 940/25/48 941/211/416 942/24/46
f 943/212/415 944/213/417 945/214/418
f 946/213/419 947/212/420 948/214/421
f 949/214/418 950/205/402 951/212/415
f 952/214/421 953/205/404 954/208/407
f 955/212/415 956/12/20 957/25/45
f 958/12/22 959/212/420 960/25/48
f 961/215/422 962/213/417 963/216/423
f 964/213/419 965/215/424 966/216/425
f 967/216/423 968/170/333 969/215/422
f 970/216/425 971/170/334 972/164/323
f 973/215/422 974/171/426 975/217/427
f 976/171/335 977/215/424 978/217/428
f 979/217/427 980/214/418 981/215/422
f 982/217/428 983/214/421 984/208/407
f 985/218/429 986/219/430 987/220/431
f 988/218/432 989/219/433 990/221/434
f 991/219/430 992/33/62 993/220/431
f 994/219/433 995/33/63 996/27/52
f 997/220/431 998/34/435 999/222/436
f 1000/34/64 1001/220/437 1002/222/438
f 1003/220/431 1004/223/439 1005/218/429
f 1006/223/440 1007/220/437 1008/218/432
f 1009/177/343 1010/224/441 1011/225/442
f 1012/177/346 1013/224/443 1014/176/344
f 1015/225/442 1016/226/444 1017/227/445
f 1018/226/446 1019/225/447 1020/227/448
f 1021/227/445 1022/228/449 1023/225/442
f 1024/227/448 1025/228/450 1026/221/434
f 1027/225/442 1028/179/451 1029/177/343
f 1030/179/349 1031/225/447 1032/177/346
f 1033/227/445 1034/229/452 1035/230/453
f 1036/227/448 1037/229/454 1038/226/446
f 1039/229/452 1040/46/86 1041/230/453
f 1042/229/454 1043/46/87 1044/42/80
f 1045/230/453 1046/27/50 1047/219/430
f 1048/27/52 1049/230/455 1050/219/433
f 1051/230/453 1052/221/456 1053/227/445
f 1054/221/434 1055/230/455 1056/227/448
f 1057/231/457 1058/189/374 1059/232/458
f 1060/189/368 1061/231/459 1062/232/460
f 1063/232/458 1064/233/461 1065/231/457
f 1066/232/460 1067/233/462 1068/234/463
f 1069/233/461 1070/235/464 1071/231/457
f 1072/233/462 1073/235/465 1074/236/466
f 1075/231/457 1076/182/353 1077/188/366
f 1078/182/355 1079/231/459 1080/188/367
f 1081/237/467 1082/234/468 1083/238/469
f 1084/234/463 1085/237/470 1086/238/471
f 1087/238/469 1088/69/131 1089/237/467
f 1090/238/471 1091/69/132 1092/60/114
f 1093/237/467 1094/70/472 1095/239/473
f 1096/70/133 1097/237/470 1098/239/474
f 1099/239/473 1100/233/461 1101/237/467
f 1102/239/474 1103/233/462 1104/236/466
f 1105/240/475 1106/164/321 1107/216/423
f 1108/164/323 1109/240/476 1110/216/425
f 1111/216/423 1112/241/477 1113/240/475
f 1114/216/425 1115/241/478 1116/213/419
f 1117/240/475 1118/234/468 1119/232/458
f 1120/234/463 1121/240/476 1122/232/460
f 1123/232/458 1124/191/372 1125/240/475
f 1126/232/460 1127/191/373 1128/189/368
f 1129/242/479 1130/213/417 1131/211/414
f 1132/213/419 1133/242/480 1134/211/416
f 1135/242/479 1136/24/44 1137/59/112
f 1138/24/46 1139/242/480 1140/59/113
f 1141/59/112 1142/238/469 1143/242/479
f 1144/59/113 1145/238/471 1146/60/114
f 1147/238/469 1148/241/477 1149/242/479
f 1150/238/471 1151/241/478 1152/234/463
f 1153/198/384 1154/243/481 1155/244/482
f 1156/198/387 1157/243/483 1158/197/385
f 1159/244/482 1160/245/484 1161/246/485
f 1162/245/486 1163/244/487 1164/246/488
f 1165/246/485 1166/224/441 1167/244/482
f 1168/246/488 1169/224/443 1170/226/446
f 1171/244/482 1172/176/342 1173/198/384
f 1174/176/344 1175/244/487 1176/198/387
f 1177/246/485 1178/247/489 1179/248/490
f 1180/246/488 1181/247/491 1182/245/486
f 1183/248/490 1184/74/166 1185/71/136
f 1186/74/141 1187/248/492 1188/71/139
f 1189/71/136 1190/229/452 1191/248/490
f 1192/71/139 1193/229/454 1194/42/80
f 1195/248/490 1196/226/444 1197/246/485
f 1198/226/446 1199/248/492 1200/246/488
f 1201/249/493 1202/202/395 1203/250/494
f 1204/203/398 1205/250/495 1206/202/397
f 1207/249/493 1208/251/496 1209/252/497
f 1210/251/498 1211/249/499 1212/252/500
f 1213/252/497 1214/243/481 1215/249/493
f 1216/252/500 1217/243/483 1218/245/486
f 1219/249/493 1220/197/383 1221/203/396
f 1222/197/385 1223/249/499 1224/203/398
f 1225/252/497 1226/253/501 1227/254/502
f 1228/252/500 1229/253/503 1230/251/498
f 1231/254/502 1232/84/504 1233/81/155
f 1234/84/160 1235/254/505 1236/81/158
f 1237/81/155 1238/247/489 1239/254/502
f 1240/81/158 1241/247/491 1242/74/141
f 1243/254/502 1244/245/484 1245/252/497
f 1246/245/486 1247/254/505 1248/252/500
f 1249/255/506 1250/256/507 1251/257/508
f 1252/256/509 1253/255/510 1254/257/511
f 1255/257/508 1256/258/512 1257/255/506
f 1258/257/511 1259/258/513 1260/259/514
f 1261/258/512 1262/260/515 1263/255/506
f 1264/258/513 1265/260/516 1266/261/517
f 1267/260/515 1268/262/518 1269/255/506
f 1270/260/516 1271/262/519 1272/263/520
f 1273/258/512 1274/264/521 1275/265/522
f 1276/258/513 1277/264/523 1278/259/514
f 1279/265/522 1280/94/210 1281/91/176
f 1282/94/181 1283/265/524 1284/91/179
f 1285/91/176 1286/266/525 1287/265/522
f 1288/91/179 1289/266/526 1290/99/191
f 1291/265/522 1292/261/527 1293/258/512
f 1294/261/517 1295/265/524 1296/258/513
f 1297/267/528 1298/268/529 1299/269/530
f 1300/268/531 1301/267/532 1302/269/533
f 1303/269/530 1304/270/534 1305/267/528
f 1306/269/533 1307/270/535 1308/271/536
f 1309/267/528 1310/259/537 1311/257/508
f 1312/259/514 1313/267/532 1314/257/511
f 1315/257/508 1316/272/538 1317/267/528
f 1318/257/511 1319/272/539 1320/256/509
f 1321/273/540 1322/271/541 1323/274/542
f 1324/271/536 1325/273/543 1326/274/544
f 1327/274/542 1328/103/199 1329/273/540
f 1330/274/544 1331/103/202 1332/106/204
f 1333/103/199 1334/264/521 1335/273/540
f 1336/103/202 1337/264/523 1338/94/181
f 1339/273/540 1340/259/537 1341/270/534
f 1342/259/514 1343/273/543 1344/270/535
f 1345/275/545 1346/276/546 1347/277/547
f 1348/275/548 1349/276/549 1350/278/550
f 1351/277/547 1352/279/551 1353/280/552
f 1354/279/553 1355/277/554 1356/280/555
f 1357/277/547 1358/281/556 1359/282/557
f 1360/280/555 1361/282/558 1362/281/559
f 1363/282/557 1364/275/545 1365/277/547
f 1366/283/560 1367/277/554 1368/275/548
f 1369/280/552 1370/284/561 1371/285/562
f 1372/280/555 1373/284/563 1374/279/553
f 1375/285/562 1376/168/329 1377/166/326
f 1378/168/332 1379/285/564 1380/166/327
f 1381/285/562 1382/167/370 1383/286/565
f 1384/166/327 1385/286/566 1386/167/328
f 1387/286/565 1388/280/552 1389/285/562
f 1390/281/559 1391/285/564 1392/280/555
f 1393/287/567 1394/288/568 1395/289/569
f 1396/287/570 1397/288/571 1398/290/572
f 1399/289/569 1400/291/573 1401/292/574
f 1402/291/575 1403/289/576 1404/292/577
f 1405/292/574 1406/276/546 1407/289/569
f 1408/292/577 1409/276/549 1410/279/553
f 1411/276/546 1412/287/567 1413/289/569
f 1414/276/549 1415/287/570 1416/278/550
f 1417/292/574 1418/293/578 1419/294/579
f 1420/292/577 1421/293/580 1422/291/575
f 1423/294/579 1424/295/581 1425/296/582
f 1426/295/583 1427/294/584 1428/296/585
f 1429/296/582 1430/284/561 1431/294/579
f 1432/296/585 1433/284/563 1434/168/332
f 1435/294/579 1436/279/551 1437/292/574
f 1438/279/553 1439/294/584 1440/292/577
f 1441/297/586 1442/298/587 1443/299/588
f 1444/298/589 1445/297/590 1446/299/591
f 1447/299/588 1448/300/592 1449/297/586
f 1450/299/591 1451/300/593 1452/301/594
f 1453/297/586 1454/271/541 1455/269/530
f 1456/271/536 1457/297/590 1458/269/533
f 1459/269/530 1460/302/595 1461/297/586
f 1462/269/533 1463/302/596 1464/268/531
f 1465/303/597 1466/301/598 1467/304/599
f 1468/301/594 1469/303/600 1470/304/601
f 1471/304/599 1472/136/265 1473/303/597
f 1474/304/601 1475/136/266 1476/132/257
f 1477/303/597 1478/106/264 1479/274/542
f 1480/106/204 1481/303/600 1482/274/544
f 1483/274/542 1484/300/592 1485/303/597
f 1486/274/544 1487/300/593 1488/271/536
f 1489/305/602 1490/306/603 1491/307/604
f 1492/306/605 1493/305/606 1494/307/607
f 1495/307/604 1496/308/608 1497/305/602
f 1498/307/607 1499/308/609 1500/309/610
f 1501/305/602 1502/301/598 1503/299/588
f 1504/301/594 1505/305/606 1506/299/591
f 1507/299/588 1508/310/611 1509/305/602
f 1510/299/591 1511/310/612 1512/298/589
f 1513/311/613 1514/309/614 1515/312/615
f 1516/309/610 1517/311/616 1518/312/617
f 1519/312/615 1520/139/271 1521/311/613
f 1522/312/617 1523/139/274 1524/142/276
f 1525/311/613 1526/132/255 1527/304/599
f 1528/132/257 1529/311/616 1530/304/601
f 1531/304/599 1532/308/608 1533/311/613
f 1534/304/601 1535/308/609 1536/301/594
f 1537/185/359 1538/313/618 1539/314/619
f 1540/185/361 1541/313/620 1542/184/360
f 1543/314/619 1544/315/621 1545/316/622
f 1546/315/623 1547/314/624 1548/316/625
f 1549/314/619 1550/317/626 1551/318/627
f 1552/317/628 1553/314/624 1554/318/629
f 1555/318/627 1556/185/359 1557/314/619
f 1558/318/629 1559/185/361 1560/186/364
f 1561/316/622 1562/319/630 1563/320/631
f 1564/316/625 1565/319/632 1566/315/623
f 1567/320/631 1568/321/633 1569/322/634
f 1570/321/635 1571/320/636 1572/322/637
f 1573/322/634 1574/323/638 1575/320/631
f 1576/322/637 1577/323/639 1578/324/640
f 1579/323/638 1580/316/622 1581/320/631
f 1582/323/639 1583/316/625 1584/317/628
f 1585/325/641 1586/282/557 1587/326/642
f 1588/325/643 1589/282/558 1590/283/560
f 1591/326/642 1592/281/556 1593/327/644
f 1594/281/559 1595/326/645 1596/327/646
f 1597/327/644 1598/323/638 1599/326/642
f 1600/327/646 1601/323/639 1602/317/628
f 1603/326/642 1604/324/647 1605/325/641
f 1606/324/640 1607/326/645 1608/325/643
f 1609/328/648 1610/281/556 1611/286/565
f 1612/327/646 1613/286/566 1614/281/559
f 1615/286/565 1616/192/375 1617/328/648
f 1618/286/566 1619/192/376 1620/167/328
f 1621/328/648 1622/186/362 1623/318/627
f 1624/186/364 1625/328/649 1626/318/629
f 1627/318/627 1628/327/644 1629/328/648
f 1630/318/629 1631/327/646 1632/317/628
f 1633/329/650 1634/330/651 1635/331/652
f 1636/330/653 1637/329/654 1638/331/655
f 1639/331/652 1640/332/656 1641/329/650
f 1642/331/655 1643/332/657 1644/333/658
f 1645/329/650 1646/334/659 1647/335/660
f 1648/334/661 1649/329/654 1650/335/662
f 1651/335/660 1652/336/663 1653/329/650
f 1654/335/662 1655/336/664 1656/337/665
f 1657/338/666 1658/333/667 1659/339/668
f 1660/333/658 1661/338/669 1662/339/670
f 1663/339/668 1664/340/117 1665/338/666
f 1666/339/670 1667/340/120 1668/341/124
f 1669/338/666 1670/342/285 1671/343/671
f 1672/342/121 1673/338/669 1674/343/672
f 1675/343/671 1676/332/656 1677/338/666
f 1678/343/672 1679/332/657 1680/334/661
f 1681/344/673 1682/345/674 1683/346/675
f 1684/345/676 1685/344/677 1686/346/678
f 1687/346/675 1688/347/679 1689/344/673
f 1690/346/678 1691/347/680 1692/348/681
f 1693/344/673 1694/333/667 1695/331/652
f 1696/333/658 1697/344/677 1698/331/655
f 1699/331/652 1700/349/682 1701/344/673
f 1702/331/655 1703/349/683 1704/330/653
f 1705/347/679 1706/350/684 1707/351/685
f 1708/347/680 1709/350/686 1710/348/681
f 1711/351/685 1712/352/472 1713/353/128
f 1714/352/133 1715/351/687 1716/353/130
f 1717/351/685 1718/341/122 1719/339/668
f 1720/341/124 1721/351/687 1722/339/670
f 1723/339/668 1724/347/679 1725/351/685
f 1726/339/670 1727/347/680 1728/333/658
f 1729/354/688 1730/8/28 1731/355/689
f 1732/8/14 1733/354/690 1734/355/691
f 1735/355/689 1736/356/692 1737/354/688
f 1738/355/691 1739/356/693 1740/357/694
f 1741/354/688 1742/358/695 1743/359/696
f 1744/358/697 1745/354/690 1746/359/698
f 1747/359/696 1748/7/12 1749/354/688
f 1750/359/698 1751/7/13 1752/9/16
f 1753/360/699 1754/357/700 1755/361/701
f 1756/356/693 1757/361/702 1758/357/694
f 1759/360/699 1760/362/703 1761/363/704
f 1762/362/705 1763/360/706 1764/363/707
f 1765/360/699 1766/364/708 1767/365/709
f 1768/364/710 1769/360/706 1770/365/711
f 1771/365/709 1772/356/692 1773/360/699
f 1774/365/711 1775/356/693 1776/358/697
f 1777/366/712 1778/15/413 1779/367/713
f 1780/15/27 1781/366/714 1782/367/715
f 1783/366/712 1784/368/716 1785/369/717
f 1786/368/718 1787/366/714 1788/369/719
f 1789/369/717 1790/355/689 1791/366/712
f 1792/369/719 1793/355/691 1794/357/694
f 1795/355/689 1796/14/25 1797/366/712
f 1798/355/691 1799/14/26 1800/8/14
f 1801/369/717 1802/370/720 1803/371/721
f 1804/369/719 1805/370/722 1806/368/718
f 1807/371/721 1808/372/723 1809/373/724
f 1810/372/725 1811/371/726 1812/373/727
f 1813/373/724 1814/361/701 1815/371/721
f 1816/373/727 1817/361/702 1818/362/705
f 1819/371/721 1820/357/700 1821/369/717
f 1822/357/694 1823/371/726 1824/369/719
f 1825/374/728 1826/375/729 1827/376/730
f 1828/375/731 1829/374/732 1830/376/733
f 1831/376/730 1832/377/734 1833/374/728
f 1834/376/733 1835/377/735 1836/378/736
f 1837/374/728 1838/379/614 1839/380/604
f 1840/379/610 1841/374/732 1842/380/607
f 1843/380/604 1844/381/737 1845/374/728
f 1846/380/607 1847/381/738 1848/382/605
f 1849/383/739 1850/378/740 1851/384/741
f 1852/378/736 1853/383/742 1854/384/743
f 1855/384/741 1856/385/272 1857/383/739
f 1858/384/743 1859/385/275 1860/386/279
f 1861/383/739 1862/387/744 1863/388/615
f 1864/387/276 1865/383/742 1866/388/617
f 1867/388/615 1868/377/734 1869/383/739
f 1870/388/617 1871/377/735 1872/379/610
f 1873/389/745 1874/337/746 1875/335/660
f 1876/337/665 1877/389/747 1878/335/662
f 1879/335/660 1880/390/748 1881/389/745
f 1882/335/662 1883/390/749 1884/334/661
f 1885/389/745 1886/378/740 1887/376/730
f 1888/378/736 1889/389/747 1890/376/733
f 1891/376/730 1892/391/750 1893/389/745
f 1894/376/733 1895/391/751 1896/375/731
f 1897/392/752 1898/334/659 1899/343/671
f 1900/334/661 1901/392/753 1902/343/672
f 1903/343/671 1904/393/282 1905/392/752
f 1906/343/672 1907/393/284 1908/342/121
f 1909/392/752 1910/386/277 1911/384/741
f 1912/386/279 1913/392/753 1914/384/743
f 1915/384/741 1916/390/748 1917/392/752
f 1918/384/743 1919/390/749 1920/378/736
f 1921/97/187 1922/394/754 1923/395/755
f 1924/97/188 1925/394/756 1926/98/189
f 1927/395/755 1928/396/757 1929/397/758
f 1930/396/759 1931/395/760 1932/397/761
f 1933/397/758 1934/266/525 1935/395/755
f 1936/397/761 1937/266/526 1938/261/517
f 1939/395/755 1940/99/190 1941/97/187
f 1942/99/191 1943/395/760 1944/97/188
f 1945/397/758 1946/398/762 1947/399/763
f 1948/397/761 1949/398/764 1950/396/759
f 1951/399/763 1952/400/765 1953/401/766
f 1954/400/767 1955/399/768 1956/401/769
f 1957/399/763 1958/263/770 1959/260/515
f 1960/263/520 1961/399/768 1962/260/516
f 1963/399/763 1964/261/527 1965/397/758
f 1966/261/517 1967/399/768 1968/397/761
f 1969/102/196 1970/359/696 1971/402/771
f 1972/102/197 1973/359/698 1974/9/16
f 1975/402/771 1976/358/695 1977/403/772
f 1978/358/697 1979/402/773 1980/403/774
f 1981/403/772 1982/394/754 1983/402/771
f 1984/403/774 1985/394/756 1986/396/759
f 1987/402/771 1988/98/198 1989/102/196
f 1990/98/189 1991/402/773 1992/102/197
f 1993/403/772 1994/365/709 1995/404/775
f 1996/403/774 1997/365/711 1998/358/697
f 1999/404/775 2000/364/708 2001/405/776
f 2002/364/710 2003/404/777 2004/405/778
f 2005/405/776 2006/398/762 2007/404/775
f 2008/405/778 2009/398/764 2010/400/767
f 2011/404/775 2012/396/757 2013/403/772
f 2014/396/759 2015/404/777 2016/403/774
f 2017/406/779 2018/407/618 2019/408/780
f 2020/406/781 2021/407/620 2022/409/623
f 2023/408/780 2024/410/358 2025/411/354
f 2026/410/360 2027/408/782 2028/411/357
f 2029/411/354 2030/412/783 2031/408/780
f 2032/411/357 2033/412/784 2034/413/355
f 2035/408/780 2036/414/785 2037/406/779
f 2038/414/786 2039/408/782 2040/406/781
f 2041/406/779 2042/415/787 2043/416/788
f 2044/406/781 2045/415/789 2046/414/786
f 2047/416/788 2048/417/790 2049/418/791
f 2050/417/792 2051/416/793 2052/418/794
f 2053/418/791 2054/419/630 2055/416/788
f 2056/418/794 2057/419/632 2058/420/635
f 2059/416/788 2060/409/621 2061/406/779
f 2062/409/623 2063/416/793 2064/406/781
f 2065/421/795 2066/422/796 2067/423/797
f 2068/422/798 2069/421/799 2070/423/800
f 2071/421/795 2072/424/801 2073/425/802
f 2074/424/803 2075/421/799 2076/425/804
f 2077/425/802 2078/346/675 2079/421/795
f 2080/425/804 2081/346/678 2082/348/681
f 2083/346/675 2084/426/805 2085/421/795
f 2086/346/678 2087/426/806 2088/345/676
f 2089/425/802 2090/427/807 2091/428/808
f 2092/425/804 2093/427/809 2094/424/803
f 2095/428/808 2096/429/810 2097/430/473
f 2098/429/466 2099/428/811 2100/430/474
f 2101/430/473 2102/350/684 2103/428/808
f 2104/430/474 2105/350/686 2106/352/133
f 2107/428/808 2108/348/812 2109/425/802
f 2110/348/681 2111/428/811 2112/425/804
f 2113/431/813 2114/415/787 2115/432/814
f 2116/431/815 2117/415/789 2118/417/792
f 2119/432/814 2120/414/785 2121/433/816
f 2122/414/786 2123/432/817 2124/433/818
f 2125/433/816 2126/423/797 2127/432/814
f 2128/433/818 2129/423/800 2130/424/803
f 2131/432/814 2132/422/796 2133/431/813
f 2134/422/798 2135/432/817 2136/431/815
f 2137/433/816 2138/412/783 2139/434/819
f 2140/433/818 2141/412/784 2142/414/786
f 2143/434/819 2144/413/353 2145/435/464
f 2146/413/355 2147/434/820 2148/435/465
f 2149/435/464 2150/427/807 2151/434/819
f 2152/435/465 2153/427/809 2154/429/466
f 2155/434/819 2156/424/801 2157/433/816
f 2158/424/803 2159/434/820 2160/433/818
f 2161/210/409 2162/436/821 2163/437/822
f 2164/210/412 2165/436/823 2166/209/410
f 2167/437/822 2168/438/824 2169/439/825
f 2170/438/826 2171/437/827 2172/439/828
f 2173/439/825 2174/367/713 2175/437/822
f 2176/439/828 2177/367/715 2178/368/718
f 2179/437/822 2180/15/413 2181/210/409
f 2182/15/27 2183/437/827 2184/210/412
f 2185/439/825 2186/440/829 2187/441/830
f 2188/439/828 2189/440/831 2190/438/826
f 2191/441/830 2192/442/832 2193/443/833
f 2194/442/834 2195/441/835 2196/443/836
f 2197/443/833 2198/370/720 2199/441/830
f 2200/443/836 2201/370/722 2202/372/725
f 2203/441/830 2204/368/716 2205/439/825
f 2206/368/718 2207/441/835 2208/439/828
f 2209/444/837 2210/120/253 2211/445/838
f 2212/120/233 2213/444/839 2214/445/840
f 2215/445/838 2216/446/841 2217/444/837
f 2218/445/840 2219/446/842 2220/447/843
f 2221/444/837 2222/448/844 2223/449/845
f 2224/448/846 2225/444/839 2226/449/847
f 2227/449/845 2228/119/231 2229/444/837
f 2230/449/847 2231/119/232 2232/121/236
f 2233/450/848 2234/447/849 2235/451/850
f 2236/447/843 2237/450/851 2238/451/852
f 2239/451/850 2240/262/518 2241/450/848
f 2242/451/852 2243/262/519 2244/256/509
f 2245/450/848 2246/263/770 2247/452/853
f 2248/263/520 2249/450/851 2250/452/854
f 2251/452/853 2252/446/841 2253/450/848
f 2254/452/854 2255/446/842 2256/448/846
f 2257/453/855 2258/130/302 2259/454/856
f 2260/130/252 2261/453/857 2262/454/858
f 2263/454/856 2264/455/859 2265/453/855
f 2266/454/858 2267/455/860 2268/456/861
f 2269/453/855 2270/447/849 2271/445/838
f 2272/447/843 2273/453/857 2274/445/840
f 2275/445/838 2276/129/250 2277/453/855
f 2278/445/840 2279/129/251 2280/120/233
f 2281/457/862 2282/456/863 2283/458/864
f 2284/456/861 2285/457/865 2286/458/866
f 2287/458/864 2288/272/538 2289/457/862
f 2290/458/866 2291/272/539 2292/268/531
f 2293/457/862 2294/256/507 2295/451/850
f 2296/256/509 2297/457/865 2298/451/852
f 2299/451/850 2300/455/859 2301/457/862
f 2302/451/852 2303/455/860 2304/447/843
f 2305/459/867 2306/180/350 2307/460/868
f 2308/180/351 2309/459/869 2310/460/870
f 2311/460/868 2312/461/871 2313/459/867
f 2314/460/870 2315/461/872 2316/462/873
f 2317/459/867 2318/463/874 2319/464/875
f 2320/463/876 2321/459/869 2322/464/877
f 2323/459/867 2324/175/388 2325/172/336
f 2326/175/341 2327/459/869 2328/172/339
f 2329/465/878 2330/462/879 2331/466/880
f 2332/462/873 2333/465/881 2334/466/882
f 2335/466/880 2336/467/545 2337/465/878
f 2338/466/882 2339/467/548 2340/468/550
f 2341/465/878 2342/469/883 2343/470/884
f 2344/469/560 2345/465/881 2346/470/885
f 2347/470/884 2348/461/871 2349/465/878
f 2350/470/885 2351/461/872 2352/463/876
f 2353/471/886 2354/472/887 2355/473/888
f 2356/472/889 2357/471/890 2358/473/891
f 2359/473/888 2360/474/892 2361/471/886
f 2362/473/891 2363/474/893 2364/475/894
f 2365/471/886 2366/462/879 2367/460/868
f 2368/462/873 2369/471/890 2370/460/870
f 2371/460/868 2372/476/895 2373/471/886
f 2374/460/870 2375/476/896 2376/180/351
f 2377/477/897 2378/475/898 2379/478/899
f 2380/475/894 2381/477/900 2382/478/901
f 2383/478/899 2384/479/567 2385/477/897
f 2386/478/901 2387/479/570 2388/480/572
f 2389/477/897 2390/468/902 2391/466/880
f 2392/468/550 2393/477/900 2394/466/882
f 2395/466/880 2396/474/892 2397/477/897
f 2398/466/882 2399/474/893 2400/462/873
f 2401/481/903 2402/154/319 2403/482/904
f 2404/154/301 2405/481/905 2406/482/906
f 2407/482/904 2408/483/907 2409/481/903
f 2410/482/906 2411/483/908 2412/484/909
f 2413/481/903 2414/456/863 2415/454/856
f 2416/456/861 2417/481/905 2418/454/858
f 2419/454/856 2420/153/299 2421/481/903
f 2422/454/858 2423/153/300 2424/130/252
f 2425/485/910 2426/484/911 2427/486/912
f 2428/484/909 2429/485/913 2430/486/914
f 2431/486/912 2432/302/595 2433/485/910
f 2434/486/914 2435/302/596 2436/298/589
f 2437/485/910 2438/268/529 2439/458/864
f 2440/268/531 2441/485/913 2442/458/866
f 2443/458/864 2444/483/907 2445/485/910
f 2446/458/866 2447/483/908 2448/456/861
f 2449/162/316 2450/487/915 2451/488/916
f 2452/162/318 2453/487/917 2454/161/317
f 2455/488/916 2456/489/918 2457/490/919
f 2458/489/920 2459/488/921 2460/490/922
f 2461/488/916 2462/484/911 2463/482/904
f 2464/484/909 2465/488/921 2466/482/906
f 2467/482/904 2468/162/316 2469/488/916
f 2470/482/906 2471/162/318 2472/154/301
f 2473/490/919 2474/491/923 2475/492/924
f 2476/490/922 2477/491/925 2478/489/920
f 2479/491/923 2480/310/611 2481/492/924
f 2482/491/925 2483/310/612 2484/306/605
f 2485/492/924 2486/298/587 2487/486/912
f 2488/298/589 2489/492/926 2490/486/914
f 2491/486/912 2492/490/919 2493/492/924
f 2494/486/914 2495/490/922 2496/484/909
f 2497/204/400 2498/493/927 2499/494/928
f 2500/204/401 2501/493/929 2502/196/382
f 2503/494/928 2504/495/930 2505/496/931
f 2506/495/932 2507/494/933 2508/496/934
f 2509/494/928 2510/497/935 2511/498/936
f 2512/497/937 2513/494/933 2514/498/938
f 2515/498/936 2516/204/400 2517/494/928
f 2518/498/938 2519/204/401 2520/200/392
f 2521/496/931 2522/499/939 2523/500/940
f 2524/496/934 2525/499/941 2526/495/932
f 2527/500/940 2528/501/647 2529/502/634
f 2530/501/640 2531/500/942 2532/502/637
f 2533/500/940 2534/503/633 2535/504/943
f 2536/503/635 2537/500/942 2538/504/944
f 2539/504/943 2540/496/931 2541/500/940
f 2542/504/944 2543/496/934 2544/497/937
f 2545/193/377 2546/464/875 2547/505/945
f 2548/193/380 2549/464/877 2550/175/341
f 2551/505/945 2552/463/874 2553/506/946
f 2554/463/876 2555/505/947 2556/506/948
f 2557/506/946 2558/493/927 2559/505/945
f 2560/506/948 2561/493/929 2562/495/932
f 2563/505/945 2564/196/399 2565/193/377
f 2566/196/382 2567/505/947 2568/193/380
f 2569/506/946 2570/470/884 2571/507/949
f 2572/506/948 2573/470/885 2574/463/876
f 2575/507/949 2576/469/883 2577/508/641
f 2578/469/560 2579/507/950 2580/508/643
f 2581/508/641 2582/499/939 2583/507/949
f 2584/508/643 2585/499/941 2586/501/640
f 2587/507/949 2588/495/930 2589/506/946
f 2590/495/932 2591/507/950 2592/506/948
f 2593/509/951 2594/510/161 2595/511/952
f 2596/510/163 2597/509/953 2598/511/954
f 2599/511/952 2600/512/955 2601/509/951
f 2602/511/954 2603/512/956 2604/513/957
f 2605/509/951 2606/514/958 2607/515/959
f 2608/514/960 2609/509/953 2610/515/961
f 2611/515/959 2612/516/167 2613/509/951
f 2614/515/961 2615/516/169 2616/517/172
f 2617/518/962 2618/513/963 2619/519/964
f 2620/513/957 2621/518/965 2622/519/966
f 2623/519/964 2624/336/663 2625/518/962
f 2626/519/966 2627/336/664 2628/330/653
f 2629/518/962 2630/337/746 2631/520/967
f 2632/337/665 2633/518/965 2634/520/968
f 2635/520/967 2636/512/955 2637/518/962
f 2638/520/968 2639/512/956 2640/514/960
f 2641/521/969 2642/522/504 2643/523/970
f 2644/522/160 2645/521/971 2646/523/972
f 2647/523/970 2648/524/973 2649/521/969
f 2650/523/972 2651/524/974 2652/525/975
f 2653/521/969 2654/513/963 2655/511/952
f 2656/513/957 2657/521/971 2658/511/954
f 2659/511/952 2660/526/156 2661/521/969
f 2662/511/954 2663/526/159 2664/510/163
f 2665/527/976 2666/525/977 2667/528/978
f 2668/525/975 2669/527/979 2670/528/980
f 2671/528/978 2672/349/682 2673/527/976
f 2674/528/980 2675/349/683 2676/345/676
f 2677/527/976 2678/330/651 2679/519/964
f 2680/330/653 2681/527/979 2682/519/966
f 2683/519/964 2684/524/973 2685/527/976
f 2686/519/966 2687/524/974 2688/513/957
f 2689/363/704 2690/529/981 2691/530/982
f 2692/363/707 2693/529/983 2694/362/705
f 2695/530/982 2696/531/984 2697/532/985
f 2698/531/986 2699/530/987 2700/532/988
f 2701/532/985 2702/533/989 2703/530/982
f 2704/532/988 2705/533/990 2706/534/991
f 2707/533/989 2708/363/704 2709/530/982
f 2710/533/990 2711/363/707 2712/364/710
f 2713/532/985 2714/535/992 2715/536/993
f 2716/532/988 2717/535/994 2718/531/986
f 2719/536/993 2720/31/58 2721/40/74
f 2722/31/60 2723/536/995 2724/40/76
f 2725/40/74 2726/537/996 2727/536/993
f 2728/40/76 2729/537/997 2730/39/75
f 2731/536/993 2732/534/998 2733/532/985
f 2734/534/991 2735/536/995 2736/532/988
f 2737/373/724 2738/538/999 2739/539/1000
f 2740/373/727 2741/538/1001 2742/372/725
f 2743/539/1000 2744/540/1002 2745/541/1003
f 2746/540/1004 2747/539/1005 2748/541/1006
f 2749/541/1003 2750/529/981 2751/539/1000
f 2752/541/1006 2753/529/983 2754/531/986
f 2755/539/1000 2756/362/703 2757/373/724
f 2758/529/983 2759/373/727 2760/362/705
f 2761/541/1003 2762/542/1007 2763/543/1008
f 2764/541/1006 2765/542/1009 2766/540/1004
f 2767/543/1008 2768/34/435 2769/32/59
f 2770/34/64 2771/543/1010 2772/32/61
f 2773/32/59 2774/535/992 2775/543/1008
f 2776/32/61 2777/535/994 2778/31/60
f 2779/543/1008 2780/531/984 2781/541/1003
f 2782/531/986 2783/543/1010 2784/541/1006
f 2785/544/312 2786/545/1011 2787/546/1012
f 2788/544/314 2789/545/1013 2790/547/309
f 2791/546/1012 2792/548/1014 2793/549/1015
f 2794/548/1016 2795/546/1017 2796/549/1018
f 2797/549/1015 2798/550/915 2799/546/1012
f 2800/549/1018 2801/550/917 2802/551/920
f 2803/546/1012 2804/552/315 2805/544/312
f 2806/552/317 2807/546/1017 2808/544/314
f 2809/549/1015 2810/553/1019 2811/554/1020
f 2812/549/1018 2813/553/1021 2814/548/1016
f 2815/553/1019 2816/381/737 2817/554/1020
f 2818/553/1021 2819/381/738 2820/375/731
f 2821/554/1020 2822/382/603 2823/555/923
f 2824/382/605 2825/554/1022 2826/555/925
f 2827/554/1020 2828/551/918 2829/549/1015
f 2830/551/920 2831/554/1022 2832/549/1018
f 2833/556/304 2834/515/959 2835/557/1023
f 2836/556/306 2837/515/961 2838/517/172
f 2839/557/1023 2840/514/958 2841/558/1024
f 2842/514/960 2843/557/1025 2844/558/1026
f 2845/558/1024 2846/545/1011 2847/557/1023
f 2848/558/1026 2849/545/1013 2850/548/1016
f 2851/557/1023 2852/547/311 2853/556/304
f 2854/547/309 2855/557/1025 2856/556/306
f 2857/558/1024 2858/520/967 2859/559/1027
f 2860/558/1026 2861/520/968 2862/514/960
f 2863/520/967 2864/391/750 2865/559/1027
f 2866/520/968 2867/391/751 2868/337/665
f 2869/559/1027 2870/375/729 2871/553/1019
f 2872/375/731 2873/559/1028 2874/553/1021
f 2875/559/1027 2876/548/1014 2877/558/1024
f 2878/548/1016 2879/559/1028 2880/558/1026
f 2881/560/1029 2882/400/765 2883/561/1030
f 2884/400/767 2885/560/1031 2886/561/1032
f 2887/561/1030 2888/562/1033 2889/560/1029
f 2890/561/1032 2891/562/1034 2892/563/1035
f 2893/560/1029 2894/448/844 2895/452/853
f 2896/448/846 2897/560/1031 2898/452/854
f 2899/452/853 2900/401/766 2901/560/1029
f 2902/452/854 2903/401/769 2904/263/520
f 2905/564/1036 2906/563/1037 2907/565/1038
f 2908/563/1035 2909/564/1039 2910/565/1040
f 2911/564/1036 2912/115/222 2913/122/235
f 2914/115/224 2915/564/1039 2916/122/237
f 2917/564/1036 2918/121/234 2919/449/845
f 2920/121/236 2921/564/1039 2922/449/847
f 2923/449/845 2924/562/1033 2925/564/1036
f 2926/449/847 2927/562/1034 2928/448/846
f 2929/566/1041 2930/364/708 2931/533/989
f 2932/364/710 2933/566/1042 2934/533/990
f 2935/533/989 2936/567/1043 2937/566/1041
f 2938/534/991 2939/566/1042 2940/567/1044
f 2941/566/1041 2942/563/1037 2943/561/1030
f 2944/563/1035 2945/566/1042 2946/561/1032
f 2947/561/1030 2948/405/776 2949/566/1041
f 2950/561/1032 2951/405/778 2952/400/767
f 2953/567/1043 2954/537/996 2955/568/1045
f 2956/567/1044 2957/537/997 2958/534/991
f 2959/568/1045 2960/39/73 2961/116/223
f 2962/39/75 2963/568/1046 2964/116/225
f 2965/116/223 2966/565/1038 2967/568/1045
f 2968/116/225 2969/565/1040 2970/115/224
f 2971/568/1045 2972/563/1037 2973/567/1043
f 2974/563/1035 2975/568/1046 2976/567/1044
f 2977/569/1047 2978/570/390 2979/571/936
f 2980/570/392 2981/569/1048 2982/571/938
f 2983/571/936 2984/572/1049 2985/569/1047
f 2986/571/938 2987/572/1050 2988/573/937
f 2989/569/1047 2990/574/1051 2991/575/1052
f 2992/574/1053 2993/569/1048 2994/575/1054
f 2995/575/1052 2996/576/391 2997/569/1047
f 2998/575/1054 2999/576/394 3000/577/397
f 3001/578/1055 3002/573/935 3003/579/943
f 3004/573/937 3005/578/1056 3006/579/944
f 3007/579/943 3008/418/791 3009/578/1055
f 3010/579/944 3011/418/794 3012/420/635
f 3013/578/1055 3014/417/790 3015/580/1057
f 3016/417/792 3017/578/1056 3018/580/1058
f 3019/580/1057 3020/572/1049 3021/578/1055
f 3022/580/1058 3023/572/1050 3024/574/1053
f 3025/581/1059 3026/582/496 3027/583/1060
f 3028/582/498 3029/581/1061 3030/583/1062
f 3031/583/1060 3032/584/1063 3033/581/1059
f 3034/583/1062 3035/584/1064 3036/585/1065
f 3037/581/1059 3038/525/977 3039/523/970
f 3040/525/975 3041/581/1061 3042/523/972
f 3043/523/970 3044/586/501 3045/581/1059
f 3046/523/972 3047/586/503 3048/522/160
f 3049/587/1066 3050/585/1067 3051/588/1068
f 3052/585/1065 3053/587/1069 3054/588/1070
f 3055/588/1068 3056/426/805 3057/587/1066
f 3058/588/1070 3059/426/806 3060/422/798
f 3061/587/1066 3062/345/674 3063/528/978
f 3064/345/676 3065/587/1069 3066/528/980
f 3067/528/978 3068/584/1063 3069/587/1066
f 3070/528/980 3071/584/1064 3072/525/975
f 3073/589/494 3074/575/1052 3075/590/1071
f 3076/589/495 3077/575/1054 3078/577/397
f 3079/590/1071 3080/574/1051 3081/591/1072
f 3082/574/1053 3083/590/1073 3084/591/1074
f 3085/591/1072 3086/583/1060 3087/590/1071
f 3088/591/1074 3089/583/1062 3090/585/1065
f 3091/590/1071 3092/582/496 3093/589/494
f 3094/582/498 3095/590/1073 3096/589/495
f 3097/591/1072 3098/580/1057 3099/592/1075
f 3100/591/1074 3101/580/1058 3102/574/1053
f 3103/592/1075 3104/417/790 3105/431/813
f 3106/417/792 3107/592/1076 3108/431/815
f 3109/431/813 3110/588/1068 3111/592/1075
f 3112/431/815 3113/588/1070 3114/422/798
f 3115/588/1068 3116/591/1072 3117/592/1075
f 3118/588/1070 3119/591/1074 3120/585/1065
f 3121/443/833 3122/593/1077 3123/594/1078
f 3124/443/836 3125/593/1079 3126/442/834
f 3127/594/1078 3128/595/1080 3129/596/1081
f 3130/595/1082 3131/594/1083 3132/596/1084
f 3133/596/1081 3134/538/999 3135/594/1078
f 3136/596/1084 3137/538/1001 3138/540/1004
f 3139/594/1078 3140/372/723 3141/443/833
f 3142/372/725 3143/594/1083 3144/443/836
f 3145/596/1081 3146/597/1085 3147/598/1086
f 3148/596/1084 3149/597/1087 3150/595/1082
f 3151/597/1085 3152/222/436 3153/598/1086
f 3154/597/1087 3155/222/438 3156/223/440
f 3157/222/436 3158/542/1007 3159/598/1086
f 3160/222/438 3161/542/1009 3162/34/64
f 3163/598/1086 3164/540/1002 3165/596/1081
f 3166/540/1004 3167/598/1088 3168/596/1084
f 3169/599/1089 3170/168/329 3171/296/582
f 3172/168/332 3173/599/1090 3174/296/585
f 3175/296/582 3176/600/1091 3177/599/1089
f 3178/296/585 3179/600/1092 3180/295/583
f 3181/600/1091 3182/601/1093 3183/599/1089
f 3184/600/1092 3185/601/1094 3186/602/1095
f 3187/599/1089 3188/171/426 3189/169/330
f 3190/171/335 3191/599/1090 3192/169/331
f 3193/217/427 3194/601/1093 3195/603/1096
f 3196/217/428 3197/601/1094 3198/171/335
f 3199/603/1096 3200/602/1097 3201/604/1098
f 3202/602/1095 3203/603/1099 3204/604/1100
f 3205/604/1098 3206/207/405 3207/603/1096
f 3208/604/1100 3209/207/406 3210/209/410
f 3211/603/1096 3212/208/1101 3213/217/427
f 3214/208/407 3215/603/1099 3216/217/428
f 3217/605/1102 3218/476/895 3219/606/1103
f 3220/605/1104 3221/476/896 3222/472/889
f 3223/606/1103 3224/180/350 3225/178/347
f 3226/180/351 3227/606/1105 3228/178/348
f 3229/606/1103 3230/179/451 3231/607/1106
f 3232/179/349 3233/606/1105 3234/607/1107
f 3235/606/1103 3236/608/1108 3237/605/1102
f 3238/608/1109 3239/606/1105 3240/605/1104
f 3241/609/1110 3242/608/1108 3243/607/1106
f 3244/608/1109 3245/609/1111 3246/607/1107
f 3247/607/1106 3248/228/449 3249/609/1110
f 3250/607/1107 3251/228/450 3252/179/349
f 3253/609/1110 3254/221/456 3255/218/429
f 3256/221/434 3257/609/1111 3258/218/432
f 3259/218/429 3260/610/1112 3261/609/1110
f 3262/218/432 3263/610/1113 3264/223/440
f 3265/611/1114 3266/608/1108 3267/610/1112
f 3268/612/1115 3269/610/1113 3270/608/1109
f 3271/610/1112 3272/613/1116 3273/611/1114
f 3274/610/1113 3275/613/1117 3276/223/440
f 3277/611/1114 3278/614/1118 3279/615/1119
f 3280/614/1120 3281/611/1121 3282/615/1122
f 3283/615/1119 3284/612/1123 3285/611/1114
f 3286/615/1122 3287/612/1115 3288/616/1124
f 3289/617/1125 3290/472/887 3291/605/1102
f 3292/472/889 3293/617/1126 3294/605/1104
f 3295/605/1102 3296/612/1123 3297/617/1125
f 3298/605/1104 3299/612/1115 3300/608/1109
f 3301/612/1123 3302/618/1127 3303/617/1125
f 3304/612/1115 3305/618/1128 3306/616/1124
f 3307/617/1125 3308/619/1129 3309/620/1130
f 3310/619/1131 3311/617/1126 3312/620/1132
f 3313/621/1133 3314/604/1098 3315/622/1134
f 3316/621/1135 3317/604/1100 3318/209/410
f 3319/604/1098 3320/623/1136 3321/622/1134
f 3322/604/1100 3323/623/1137 3324/602/1095
f 3325/623/1136 3326/624/1138 3327/622/1134
f 3328/623/1137 3329/624/1139 3330/625/1140
f 3331/622/1134 3332/626/1141 3333/621/1133
f 3334/626/1142 3335/622/1143 3336/621/1135
f 3337/627/1144 3338/602/1097 3339/600/1091
f 3340/602/1095 3341/627/1145 3342/600/1092
f 3343/627/1144 3344/295/581 3345/628/1146
f 3346/295/583 3347/627/1145 3348/628/1147
f 3349/627/1144 3350/629/1148 3351/630/1149
f 3352/629/1150 3353/627/1145 3354/630/1151
f 3355/630/1149 3356/623/1136 3357/627/1144
f 3358/630/1151 3359/623/1137 3360/625/1140
f 3361/631/1152 3362/593/1077 3363/632/1153
f 3364/631/1154 3365/593/1079 3366/595/1082
f 3367/632/1153 3368/442/832 3369/633/1155
f 3370/442/834 3371/632/1156 3372/633/1157
f 3373/632/1153 3374/634/1158 3375/635/1159
f 3376/634/1160 3377/632/1156 3378/635/1161
f 3379/635/1159 3380/631/1152 3381/632/1153
f 3382/635/1161 3383/631/1154 3384/636/1162
f 3385/637/1163 3386/223/439 3387/597/1085
f 3388/223/440 3389/637/1164 3390/597/1087
f 3391/637/1163 3392/595/1080 3393/631/1152
f 3394/595/1082 3395/637/1164 3396/631/1154
f 3397/637/1163 3398/636/1165 3399/638/1166
f 3400/636/1162 3401/637/1164 3402/638/1167
f 3403/638/1166 3404/613/1116 3405/637/1163
f 3406/638/1167 3407/613/1117 3408/614/1120
f 3409/639/1168 3410/480/1169 3411/478/899
f 3412/480/572 3413/639/1170 3414/478/901
f 3415/478/899 3416/640/1171 3417/639/1168
f 3418/478/901 3419/640/1172 3420/475/894
f 3421/640/1171 3422/641/1173 3423/639/1168
f 3424/640/1172 3425/641/1174 3426/642/1175
f 3427/639/1168 3428/643/1176 3429/644/1177
f 3430/643/1178 3431/639/1170 3432/644/1179
f 3433/645/1180 3434/475/898 3435/473/888
f 3436/475/894 3437/645/1181 3438/473/891
f 3439/473/888 3440/620/1130 3441/645/1180
f 3442/473/891 3443/620/1132 3444/472/889
f 3445/620/1130 3446/646/1182 3447/645/1180
f 3448/620/1132 3449/646/1183 3450/619/1131
f 3451/645/1180 3452/642/1184 3453/640/1171
f 3454/642/1175 3455/645/1181 3456/640/1172
f 3457/633/1155 3458/440/829 3459/647/1185
f 3460/633/1157 3461/440/831 3462/442/834
f 3463/647/1185 3464/438/824 3465/648/1186
f 3466/438/826 3467/647/1187 3468/648/1188
f 3469/647/1185 3470/649/1189 3471/650/1190
f 3472/649/1191 3473/647/1187 3474/650/1192
f 3475/650/1190 3476/633/1155 3477/647/1185
f 3478/650/1192 3479/633/1157 3480/634/1160
f 3481/648/1186 3482/436/821 3483/651/1193
f 3484/648/1188 3485/436/823 3486/438/826
f 3487/651/1193 3488/209/408 3489/621/1133
f 3490/209/410 3491/651/1194 3492/621/1135
f 3493/621/1133 3494/652/1195 3495/651/1193
f 3496/621/1135 3497/652/1196 3498/626/1142
f 3499/651/1193 3500/649/1189 3501/648/1186
f 3502/649/1191 3503/651/1194 3504/648/1188
f 3505/653/1197 3506/288/568 3507/654/1198
f 3508/653/1199 3509/288/571 3510/291/575
f 3511/288/568 3512/655/1177 3513/654/1198
f 3514/288/571 3515/655/1179 3516/290/572
f 3517/654/1198 3518/656/1176 3519/657/1200
f 3520/656/1178 3521/654/1201 3522/657/1202
f 3523/657/1200 3524/653/1197 3525/654/1198
f 3526/657/1202 3527/653/1199 3528/658/1203
f 3529/628/1146 3530/293/578 3531/659/1204
f 3532/628/1147 3533/293/580 3534/295/583
f 3535/659/1204 3536/291/573 3537/653/1197
f 3538/291/575 3539/659/1205 3540/653/1199
f 3541/659/1204 3542/658/1206 3543/660/1207
f 3544/658/1203 3545/659/1205 3546/660/1208
f 3547/660/1207 3548/628/1146 3549/659/1204
f 3550/660/1208 3551/628/1147 3552/629/1150
f 3553/661/1209 3554/629/1148 3555/660/1207
f 3556/629/1150 3557/661/1210 3558/660/1208
f 3559/660/1207 3560/662/1211 3561/661/1209
f 3562/660/1208 3563/662/1212 3564/658/1203
f 3565/661/1209 3566/663/1213 3567/664/1214
f 3568/663/1215 3569/661/1210 3570/664/1216
f 3571/664/1214 3572/665/1217 3573/661/1209
f 3574/664/1216 3575/665/1218 3576/666/1219
f 3577/667/1220 3578/668/1206 3579/669/1200
f 3580/668/1203 3581/667/1221 3582/669/1202
f 3583/667/1220 3584/663/1176 3585/662/1222
f 3586/663/1178 3587/667/1221 3588/662/1223
f 3589/667/1220 3590/670/1224 3591/657/1225
f 3592/662/1223 3593/657/1226 3594/670/1227
f 3595/657/1225 3596/671/1211 3597/667/1220
f 3598/657/1226 3599/671/1212 3600/656/1215
f 3601/672/1228 3602/652/1195 3603/673/1229
f 3604/672/1230 3605/652/1196 3606/649/1191
f 3607/673/1229 3608/626/1141 3609/674/1231
f 3610/626/1142 3611/673/1232 3612/674/1233
f 3613/674/1231 3614/675/1234 3615/673/1229
f 3616/674/1233 3617/675/1235 3618/676/1236
f 3619/673/1229 3620/677/1237 3621/672/1228
f 3622/677/1238 3623/673/1232 3624/672/1230
f 3625/678/1239 3626/634/1158 3627/650/1190
f 3628/634/1160 3629/678/1240 3630/650/1192
f 3631/650/1190 3632/672/1228 3633/678/1239
f 3634/650/1192 3635/672/1230 3636/649/1191
f 3637/672/1228 3638/679/1241 3639/678/1239
f 3640/672/1230 3641/679/1242 3642/677/1238
f 3643/679/1241 3644/680/1243 3645/678/1239
f 3646/679/1242 3647/680/1244 3648/681/1245
f 3649/682/1246 3650/646/1182 3651/683/1247
f 3652/682/1248 3653/646/1183 3654/642/1175
f 3655/683/1247 3656/619/1129 3657/684/1249
f 3658/619/1131 3659/683/1250 3660/684/1251
f 3661/684/1249 3662/685/1252 3663/683/1247
f 3664/684/1251 3665/685/1253 3666/686/1254
f 3667/683/1247 3668/687/1255 3669/682/1246
f 3670/687/1256 3671/683/1250 3672/682/1248
f 3673/688/1222 3674/641/1173 3675/689/1257
f 3676/688/1223 3677/641/1174 3678/643/1178
f 3679/689/1257 3680/642/1184 3681/682/1246
f 3682/642/1175 3683/689/1258 3684/682/1248
f 3685/682/1246 3686/690/1259 3687/689/1257
f 3688/682/1248 3689/690/1260 3690/687/1256
f 3691/689/1257 3692/691/1224 3693/688/1222
f 3694/691/1227 3695/689/1258 3696/688/1223
f 3697/692/1261 3698/614/1118 3699/638/1166
f 3700/614/1120 3701/692/1262 3702/638/1167
f 3703/638/1166 3704/693/1263 3705/692/1261
f 3706/638/1167 3707/693/1264 3708/636/1162
f 3709/692/1261 3710/694/1265 3711/695/1266
f 3712/694/1267 3713/692/1262 3714/695/1268
f 3715/695/1266 3716/696/1269 3717/692/1261
f 3718/695/1268 3719/696/1270 3720/697/1271
f 3721/698/1272 3722/636/1165 3723/635/1159
f 3724/636/1162 3725/698/1273 3726/635/1161
f 3727/635/1159 3728/680/1243 3729/698/1272
f 3730/635/1161 3731/680/1244 3732/634/1160
f 3733/698/1272 3734/681/1274 3735/699/1275
f 3736/681/1245 3737/698/1273 3738/699/1276
f 3739/699/1275 3740/693/1263 3741/698/1272
f 3742/699/1276 3743/693/1264 3744/694/1267
f 3745/700/1277 3746/625/1278 3747/630/1149
f 3748/625/1140 3749/700/1279 3750/630/1151
f 3751/630/1149 3752/665/1217 3753/700/1277
f 3754/630/1151 3755/665/1218 3756/629/1150
f 3757/700/1277 3758/666/1280 3759/701/1281
f 3760/666/1219 3761/700/1279 3762/701/1282
f 3763/701/1281 3764/702/1283 3765/700/1277
f 3766/701/1282 3767/702/1284 3768/703/1285
f 3769/704/1231 3770/624/1138 3771/705/1286
f 3772/704/1233 3773/624/1139 3774/626/1142
f 3775/705/1286 3776/625/1278 3777/702/1283
f 3778/625/1140 3779/705/1287 3780/702/1284
f 3781/702/1283 3782/706/1288 3783/705/1286
f 3784/702/1284 3785/706/1289 3786/703/1285
f 3787/705/1286 3788/707/1290 3789/704/1231
f 3790/707/1236 3791/705/1287 3792/704/1233
f 3793/684/1249 3794/618/1127 3795/708/1291
f 3796/684/1251 3797/618/1128 3798/619/1131
f 3799/708/1291 3800/616/1292 3801/709/1293
f 3802/616/1124 3803/708/1294 3804/709/1295
f 3805/709/1293 3806/710/1296 3807/708/1291
f 3808/709/1295 3809/710/1297 3810/711/1298
f 3811/708/1291 3812/686/1299 3813/684/1249
f 3814/686/1254 3815/708/1294 3816/684/1251
f 3817/712/1300 3818/616/1292 3819/615/1119
f 3820/616/1124 3821/712/1301 3822/615/1122
f 3823/615/1119 3824/696/1269 3825/712/1300
f 3826/615/1122 3827/696/1270 3828/614/1120
f 3829/712/1300 3830/697/1302 3831/713/1303
f 3832/697/1271 3833/712/1301 3834/713/1304
f 3835/713/1303 3836/709/1293 3837/712/1300
f 3838/713/1304 3839/709/1295 3840/711/1298
f 3841/714/1305 3842/715/1306 3843/716/1307
f 3844/717/1308 3845/716/1307 3846/718/1309
f 3847/719/1310 3848/720/1311 3849/718/1309
f 3850/721/1312 3851/722/1313 3852/723/1314
f 3853/724/1315 3854/723/1314 3855/722/1313
f 3856/724/1315 3857/725/1316 3858/726/1317
f 3859/727/1318 3860/728/1319 3861/729/1320
f 3862/730/1321 3863/731/1322 3864/732/1323
f 3865/733/1324 3866/734/1325 3867/735/1326
f 3868/736/1327 3869/737/1310 3870/738/1328
f 3871/739/1329 3872/740/1330 3873/741/1331
f 3874/741/1331 3875/742/1332 3876/736/1327
f 3877/743/1333 3878/738/1328 3879/744/1334
f 3880/745/1335 3881/741/1331 3882/746/1336
f 3883/746/1336 3884/736/1327 3885/743/1333
f 3886/716/1307 3887/719/1310 3888/718/1309
f 3889/747/1337 3890/732/1323 3891/733/1324
f 3892/716/1307 3893/748/1334 3894/749/1328
f 3895/724/1315 3896/750/1338 3897/751/1339
f 3898/732/1323 3899/752/1340 3900/734/1325
f 3901/722/1313 3902/753/1341 3903/724/1315
f 3904/754/1342 3905/733/1324 3906/755/1343
f 3907/755/1343 3908/735/1326 3909/756/1344
f 3910/755/1343 3911/757/1345 3912/754/1342
f 3913/756/1344 3914/758/1346 3915/755/1343
f 3916/759/1347 3917/728/1319 3918/731/1322
f 3919/752/1340 3920/728/1319 3921/721/1312
f 3922/725/1316 3923/760/1348 3924/761/1349
f 3925/762/1350 3926/751/1339 3927/750/1338
f 3928/745/1335 3929/758/1346 3930/739/1329
f 3931/758/1346 3932/763/1351 3933/739/1329
f 3934/764/1352 3935/765/1353 3936/766/1354
f 3937/761/1349 3938/765/1353 3939/767/1355
f 3940/766/1354 3941/760/1348 3942/762/1350
f 3943/768/1356 3944/769/1357 3945/764/1352
f 3946/727/1318 3947/770/1358 3948/771/1359
f 3949/727/1318 3950/772/1360 3951/753/1341
f 3952/729/1320 3953/773/1361 3954/770/1358
f 3955/774/1362 3956/759/1347 3957/730/1321
f 3958/772/1360 3959/750/1338 3960/753/1341
f 3961/775/1363 3962/750/1338 3963/776/1364
f 3964/766/1354 3965/777/1365 3966/764/1352
f 3967/778/1366 3968/764/1352 3969/777/1365
f 3970/779/1367 3971/768/1356 3972/778/1366
f 3973/780/1368 3974/730/1321 3975/747/1337
f 3976/781/1369 3977/747/1337 3978/754/1342
f 3979/754/1342 3980/782/1370 3981/781/1369
f 3982/757/1345 3983/783/1371 3984/782/1370
f 3985/783/1371 3986/746/1336 3987/784/1372
f 3988/715/1306 3989/785/1373 3990/748/1334
f 3991/784/1372 3992/743/1333 3993/786/1374
f 3994/762/1350 3995/787/1375 3996/766/1354
f 3997/786/1374 3998/744/1334 3999/788/1373
f 4000/789/1376 4001/740/1330 4002/790/1377
f 4003/789/1376 4004/737/1310 4005/742/1332
f 4006/778/1366 4007/791/1378 4008/779/1367
f 4009/781/1369 4010/792/1379 4011/793/1380
f 4012/784/1372 4013/794/1381 4014/783/1371
f 4015/778/1366 4016/795/1382 4017/796/1383
f 4018/786/1374 4019/797/1384 4020/784/1372
f 4021/787/1375 4022/795/1382 4023/777/1365
f 4024/774/1362 4025/798/1385 4026/773/1361
f 4027/772/1360 4028/799/1386 4029/800/1387
f 4030/788/1373 4031/801/1388 4032/786/1374
f 4033/782/1370 4034/794/1381 4035/792/1379
f 4036/774/1362 4037/802/1389 4038/803/1390
f 4039/779/1367 4040/804/1391 4041/785/1373
f 4042/773/1361 4043/805/1392 4044/770/1358
f 4045/771/1359 4046/805/1392 4047/799/1386
f 4048/780/1368 4049/793/1380 4050/802/1389
f 4051/787/1375 4052/806/1393 4053/807/1394
f 4054/775/1363 4055/808/1395 4056/806/1393
f 4057/776/1364 4058/800/1387 4059/808/1395
f 4060/714/1396 4061/715/1397 4062/768/1398
f 4063/717/1399 4064/716/1400 4065/714/1396
f 4066/720/1401 4067/719/1402 4068/718/1403
f 4069/722/1404 4070/721/1405 4071/723/1406
f 4072/723/1406 4073/724/1407 4074/722/1404
f 4075/724/1407 4076/725/1408 4077/751/1409
f 4078/727/1410 4079/728/1411 4080/722/1404
f 4081/731/1412 4082/730/1413 4083/732/1414
f 4084/734/1415 4085/733/1416 4086/735/1417
f 4087/736/1418 4088/737/1402 4089/742/1419
f 4090/739/1420 4091/740/1421 4092/763/1422
f 4093/741/1423 4094/742/1419 4095/740/1421
f 4096/743/1424 4097/738/1425 4098/736/1418
f 4099/745/1426 4100/741/1423 4101/739/1420
f 4102/746/1427 4103/736/1418 4104/741/1423
f 4105/719/1402 4106/716/1400 4107/718/1403
f 4108/732/1414 4109/747/1428 4110/733/1416
f 4111/716/1400 4112/748/1429 4113/715/1397
f 4114/724/1407 4115/750/1430 4116/753/1431
f 4117/752/1432 4118/732/1414 4119/734/1415
f 4120/722/1404 4121/753/1431 4122/727/1410
f 4123/754/1433 4124/733/1416 4125/747/1428
f 4126/755/1434 4127/735/1417 4128/733/1416
f 4129/757/1435 4130/755/1434 4131/754/1433
f 4132/758/1436 4133/756/1437 4134/755/1434
f 4135/759/1438 4136/728/1411 4137/729/1439
f 4138/728/1411 4139/752/1432 4140/721/1405
f 4141/760/1440 4142/725/1408 4143/761/1441
f 4144/751/1409 4145/762/1442 4146/750/1430
f 4147/745/1426 4148/758/1436 4149/757/1435
f 4150/763/1422 4151/758/1436 4152/739/1420
f 4153/764/1443 4154/765/1444 4155/769/1445
f 4156/761/1441 4157/765/1444 4158/760/1440
f 4159/766/1446 4160/760/1440 4161/765/1444
f 4162/768/1398 4163/769/1445 4164/714/1396
f 4165/770/1447 4166/727/1410 4167/771/1448
f 4168/727/1410 4169/772/1449 4170/771/1448
f 4171/773/1450 4172/729/1439 4173/770/1447
f 4174/759/1438 4175/774/1451 4176/730/1413
f 4177/750/1430 4178/772/1449 4179/753/1431
f 4180/775/1452 4181/750/1430 4182/762/1442
f 4183/766/1446 4184/777/1453 4185/787/1454
f 4186/778/1455 4187/764/1443 4188/768/1398
f 4189/779/1456 4190/768/1398 4191/715/1397
f 4192/730/1413 4193/780/1457 4194/747/1428
f 4195/747/1428 4196/781/1458 4197/754/1433
f 4198/782/1459 4199/754/1433 4200/781/1458
f 4201/783/1460 4202/757/1435 4203/782/1459
f 4204/783/1460 4205/746/1427 4206/745/1426
f 4207/715/1397 4208/785/1461 4209/779/1456
f 4210/784/1462 4211/743/1424 4212/746/1427
f 4213/762/1442 4214/787/1454 4215/775/1452
f 4216/786/1463 4217/744/1429 4218/743/1424
f 4219/740/1421 4220/789/1464 4221/790/1465
f 4222/789/1464 4223/737/1402 4224/809/1466
f 4225/791/1467 4226/778/1455 4227/779/1456
f 4228/781/1458 4229/792/1468 4230/782/1459
f 4231/794/1469 4232/784/1462 4233/783/1460
f 4234/796/1470 4235/777/1453 4236/778/1455
f 4237/797/1471 4238/786/1463 4239/784/1462
f 4240/795/1472 4241/787/1454 4242/777/1453
f 4243/798/1473 4244/774/1451 4245/773/1450
f 4246/772/1449 4247/799/1474 4248/771/1448
f 4249/801/1475 4250/788/1461 4251/786/1463
f 4252/782/1459 4253/794/1469 4254/783/1460
f 4255/774/1451 4256/802/1476 4257/780/1457
f 4258/804/1477 4259/779/1456 4260/785/1461
f 4261/805/1478 4262/773/1450 4263/770/1447
f 4264/771/1448 4265/805/1478 4266/770/1447
f 4267/780/1457 4268/793/1479 4269/781/1458
f 4270/787/1454 4271/806/1480 4272/775/1452
f 4273/775/1452 4274/808/1481 4275/776/1482
f 4276/776/1482 4277/800/1483 4278/772/1449
f 4279/1/1 4280/4/40 4281/2/2
f 4282/1/4 4283/3/10 4284/2/5
f 4285/3/3 4286/2/2 4287/5/7
f 4288/5/9 4289/2/5 4290/3/10
f 4291/6/8 4292/8/28 4293/7/12
f 4294/6/11 4295/3/10 4296/7/13
f 4297/3/3 4298/7/12 4299/9/15
f 4300/9/16 4301/7/13 4302/3/10
f 4303/6/8 4304/5/7 4305/10/17
f 4306/6/11 4307/11/23 4308/10/19
f 4309/11/18 4310/10/17 4311/12/20
f 4312/12/22 4313/10/19 4314/11/23
f 4315/13/21 4316/15/413 4317/14/25
f 4318/13/24 4319/11/23 4320/14/26
f 4321/11/18 4322/14/25 4323/8/28
f 4324/8/14 4325/14/26 4326/11/23
f 4327/16/29 4328/19/108 4329/17/30
f 4330/16/32 4331/18/38 4332/17/33
f 4333/18/31 4334/17/30 4335/20/35
f 4336/20/37 4337/17/33 4338/18/38
f 4339/21/36 4340/5/7 4341/2/2
f 4342/21/39 4343/18/38 4344/2/5
f 4345/18/31 4346/2/2 4347/4/40
f 4348/4/6 4349/2/5 4350/18/38
f 4351/21/36 4352/20/35 4353/22/41
f 4354/21/39 4355/23/47 4356/22/43
f 4357/23/42 4358/22/41 4359/24/44
f 4360/24/46 4361/22/43 4362/23/47
f 4363/25/45 4364/12/20 4365/10/17
f 4366/25/48 4367/23/47 4368/10/19
f 4369/23/42 4370/10/17 4371/5/7
f 4372/5/9 4373/10/19 4374/23/47
f 4375/26/49 4376/33/62 4377/27/50
f 4378/27/52 4379/33/63 4380/26/53
f 4381/28/51 4382/30/66 4383/29/55
f 4384/28/54 4385/26/53 4386/29/56
f 4387/26/49 4388/29/55 4389/31/58
f 4390/31/60 4391/29/56 4392/26/53
f 4393/32/59 4394/34/435 4395/33/62
f 4396/32/61 4397/26/53 4398/33/63
f 4399/35/65 4400/29/55 4401/30/66
f 4402/30/57 4403/29/56 4404/35/68
f 4405/36/67 4406/38/96 4407/37/70
f 4408/36/69 4409/35/68 4410/37/71
f 4411/35/65 4412/37/70 4413/39/73
f 4414/39/75 4415/37/71 4416/35/68
f 4417/40/74 4418/31/58 4419/29/55
f 4420/40/76 4421/35/68 4422/29/56
f 4423/41/77 4424/46/86 4425/42/78
f 4426/42/80 4427/46/87 4428/41/81
f 4429/43/79 4430/45/89 4431/44/83
f 4432/43/82 4433/41/81 4434/44/84
f 4435/41/77 4436/44/83 4437/30/66
f 4438/30/57 4439/44/84 4440/41/81
f 4441/28/51 4442/27/50 4443/46/86
f 4444/28/54 4445/41/81 4446/46/87
f 4447/47/88 4448/44/83 4449/45/89
f 4450/45/85 4451/44/84 4452/47/91
f 4453/48/90 4454/50/154 4455/49/93
f 4456/48/92 4457/47/91 4458/49/94
f 4459/47/88 4460/49/93 4461/38/96
f 4462/38/72 4463/49/94 4464/47/91
f 4465/36/67 4466/30/66 4467/44/83
f 4468/36/69 4469/47/91 4470/44/84
f 4471/51/97 4472/54/127 4473/52/98
f 4474/51/100 4475/53/106 4476/52/101
f 4477/53/99 4478/52/98 4479/55/103
f 4480/55/105 4481/52/101 4482/53/106
f 4483/56/104 4484/20/35 4485/17/30
f 4486/56/107 4487/53/106 4488/17/33
f 4489/53/99 4490/17/30 4491/19/108
f 4492/19/34 4493/17/33 4494/53/106
f 4495/56/104 4496/55/103 4497/57/109
f 4498/56/107 4499/58/115 4500/57/111
f 4501/57/109 4502/60/134 4503/59/112
f 4504/57/111 4505/58/115 4506/59/113
f 4507/59/112 4508/24/44 4509/22/41
f 4510/59/113 4511/58/115 4512/22/43
f 4513/58/110 4514/22/41 4515/20/35
f 4516/20/37 4517/22/43 4518/58/115
f 4519/61/116 4520/64/285 4521/62/117
f 4522/61/119 4523/63/125 4524/62/120
f 4525/63/118 4526/62/117 4527/65/122
f 4528/65/124 4529/62/120 4530/63/125
f 4531/66/123 4532/55/103 4533/52/98
f 4534/66/126 4535/63/125 4536/52/101
f 4537/63/118 4538/52/98 4539/54/127
f 4540/54/102 4541/52/101 4542/63/125
f 4543/66/123 4544/65/122 4545/67/128
f 4546/66/126 4547/68/135 4548/67/130
f 4549/67/128 4550/70/472 4551/69/131
f 4552/67/130 4553/68/135 4554/69/132
f 4555/68/129 4556/69/131 4557/60/134
f 4558/60/114 4559/69/132 4560/68/135
f 4561/68/129 4562/57/109 4563/55/103
f 4564/55/105 4565/57/111 4566/68/135
f 4567/71/136 4568/74/166 4569/72/137
f 4570/71/139 4571/73/145 4572/72/140
f 4573/72/137 4574/76/147 4575/75/142
f 4576/72/140 4577/73/145 4578/75/143
f 4579/73/138 4580/75/142 4581/45/89
f 4582/45/85 4583/75/143 4584/73/145
f 4585/43/79 4586/42/78 4587/71/136
f 4588/43/82 4589/73/145 4590/71/139
f 4591/77/146 4592/75/142 4593/76/147
f 4594/76/144 4595/75/143 4596/77/149
f 4597/78/148 4598/80/175 4599/79/151
f 4600/78/150 4601/77/149 4602/79/152
f 4603/77/146 4604/79/151 4605/50/154
f 4606/50/95 4607/79/152 4608/77/149
f 4609/48/90 4610/45/89 4611/75/142
f 4612/48/92 4613/77/149 4614/75/143
f 4615/81/155 4616/84/504 4617/82/156
f 4618/81/158 4619/83/164 4620/82/159
f 4621/83/157 4622/82/156 4623/85/161
f 4624/85/163 4625/82/159 4626/83/164
f 4627/83/157 4628/86/162 4629/76/147
f 4630/76/144 4631/86/165 4632/83/164
f 4633/83/157 4634/72/137 4635/74/166
f 4636/74/141 4637/72/140 4638/83/164
f 4639/86/162 4640/85/161 4641/87/167
f 4642/86/165 4643/88/173 4644/87/169
f 4645/88/168 4646/87/167 4647/89/170
f 4648/89/172 4649/87/169 4650/88/173
f 4651/88/168 4652/90/171 4653/80/175
f 4654/80/153 4655/90/174 4656/88/173
f 4657/78/148 4658/76/147 4659/86/162
f 4660/78/150 4661/88/173 4662/86/165
f 4663/91/176 4664/94/210 4665/92/177
f 4666/91/179 4667/93/185 4668/92/180
f 4669/93/178 4670/92/177 4671/95/182
f 4672/95/184 4673/92/180 4674/93/185
f 4675/96/183 4676/98/198 4677/97/187
f 4678/96/186 4679/93/185 4680/97/188
f 4681/93/178 4682/97/187 4683/99/190
f 4684/99/191 4685/97/188 4686/93/185
f 4687/96/183 4688/95/182 4689/100/192
f 4690/96/186 4691/101/195 4692/100/194
f 4693/101/193 4694/100/192 4695/4/40
f 4696/4/6 4697/100/194 4698/101/195
f 4699/1/1 4700/9/15 4701/102/196
f 4702/1/4 4703/101/195 4704/102/197
f 4705/101/193 4706/102/196 4707/98/198
f 4708/98/189 4709/102/197 4710/101/195
f 4711/103/199 4712/106/264 4713/104/200
f 4714/103/202 4715/105/208 4716/104/203
f 4717/105/201 4718/104/200 4719/107/205
f 4720/107/207 4721/104/203 4722/105/208
f 4723/108/206 4724/95/182 4725/92/177
f 4726/108/209 4727/105/208 4728/92/180
f 4729/105/201 4730/92/177 4731/94/210
f 4732/94/181 4733/92/180 4734/105/208
f 4735/108/206 4736/107/205 4737/109/211
f 4738/108/209 4739/110/214 4740/109/213
f 4741/110/212 4742/109/211 4743/19/108
f 4744/19/34 4745/109/213 4746/110/214
f 4747/16/29 4748/4/40 4749/100/192
f 4750/16/32 4751/110/214 4752/100/194
f 4753/110/212 4754/100/192 4755/95/182
f 4756/95/184 4757/100/194 4758/110/214
f 4759/111/215 4760/37/70 4761/38/96
f 4762/38/72 4763/37/71 4764/111/217
f 4765/112/216 4766/114/227 4767/113/219
f 4768/112/218 4769/111/217 4770/113/220
f 4771/111/215 4772/113/219 4773/115/222
f 4774/115/224 4775/113/220 4776/111/217
f 4777/116/223 4778/39/73 4779/37/70
f 4780/116/225 4781/111/217 4782/37/71
f 4783/117/226 4784/113/219 4785/114/227
f 4786/114/221 4787/113/220 4788/117/229
f 4789/118/228 4790/120/253 4791/119/231
f 4792/118/230 4793/117/229 4794/119/232
f 4795/117/226 4796/119/231 4797/121/234
f 4798/121/236 4799/119/232 4800/117/229
f 4801/122/235 4802/115/222 4803/113/219
f 4804/122/237 4805/117/229 4806/113/220
f 4807/123/238 4808/49/93 4809/50/154
f 4810/50/95 4811/49/94 4812/123/240
f 4813/124/239 4814/126/246 4815/125/242
f 4816/124/241 4817/123/240 4818/125/243
f 4819/123/238 4820/125/242 4821/114/227
f 4822/114/221 4823/125/243 4824/123/240
f 4825/112/216 4826/38/96 4827/49/93
f 4828/112/218 4829/123/240 4830/49/94
f 4831/127/245 4832/125/242 4833/126/246
f 4834/126/244 4835/125/243 4836/127/248
f 4837/128/247 4838/130/302 4839/129/250
f 4840/128/249 4841/127/248 4842/129/251
f 4843/127/245 4844/129/250 4845/120/253
f 4846/120/233 4847/129/251 4848/127/248
f 4849/118/228 4850/114/227 4851/125/242
f 4852/118/230 4853/127/248 4854/125/243
f 4855/131/254 4856/136/265 4857/132/255
f 4858/132/257 4859/136/266 4860/131/258
f 4861/131/254 4862/133/256 4863/134/260
f 4864/134/262 4865/133/259 4866/131/258
f 4867/135/261 4868/107/205 4869/104/200
f 4870/135/263 4871/131/258 4872/104/203
f 4873/131/254 4874/104/200 4875/106/264
f 4876/106/204 4877/104/203 4878/131/258
f 4879/135/261 4880/134/260 4881/137/267
f 4882/135/263 4883/138/270 4884/137/269
f 4885/138/268 4886/137/267 4887/54/127
f 4888/54/102 4889/137/269 4890/138/270
f 4891/51/97 4892/19/108 4893/109/211
f 4894/51/100 4895/138/270 4896/109/213
f 4897/138/268 4898/109/211 4899/107/205
f 4900/107/207 4901/109/213 4902/138/270
f 4903/139/271 4904/142/744 4905/140/272
f 4906/139/274 4907/141/280 4908/140/275
f 4909/141/273 4910/140/272 4911/143/277
f 4912/143/279 4913/140/275 4914/141/280
f 4915/144/278 4916/134/260 4917/133/256
f 4918/144/281 4919/141/280 4920/133/259
f 4921/141/273 4922/133/256 4923/132/255
f 4924/132/257 4925/133/259 4926/141/280
f 4927/144/278 4928/143/277 4929/145/282
f 4930/144/281 4931/146/286 4932/145/284
f 4933/146/283 4934/145/282 4935/64/285
f 4936/64/121 4937/145/284 4938/146/286
f 4939/61/116 4940/54/127 4941/137/267
f 4942/61/119 4943/146/286 4944/137/269
f 4945/146/283 4946/137/267 4947/134/260
f 4948/134/262 4949/137/269 4950/146/286
f 4951/147/287 4952/79/151 4953/80/175
f 4954/80/153 4955/79/152 4956/147/289
f 4957/148/288 4958/150/295 4959/149/291
f 4960/148/290 4961/147/289 4962/149/292
f 4963/147/287 4964/149/291 4965/126/246
f 4966/126/244 4967/149/292 4968/147/289
f 4969/124/239 4970/50/154 4971/79/151
f 4972/124/241 4973/147/289 4974/79/152
f 4975/151/294 4976/149/291 4977/150/295
f 4978/150/293 4979/149/292 4980/151/297
f 4981/152/296 4982/154/319 4983/153/299
f 4984/152/298 4985/151/297 4986/153/300
f 4987/151/294 4988/153/299 4989/130/302
f 4990/130/252 4991/153/300 4992/151/297
f 4993/128/247 4994/126/246 4995/149/291
f 4996/128/249 4997/151/297 4998/149/292
f 4999/155/303 5000/90/171 5001/89/170
f 5002/89/172 5003/90/174 5004/155/305
f 5005/156/304 5006/158/311 5007/157/307
f 5008/156/306 5009/155/305 5010/157/308
f 5011/155/303 5012/157/307 5013/150/295
f 5014/150/293 5015/157/308 5016/155/305
f 5017/148/288 5018/80/175 5019/90/171
f 5020/148/290 5021/155/305 5022/90/174
f 5023/159/310 5024/157/307 5025/158/311
f 5026/158/309 5027/157/308 5028/159/313
f 5029/159/310 5030/160/312 5031/161/315
f 5032/161/317 5033/160/314 5034/159/313
f 5035/159/310 5036/162/316 5037/154/319
f 5038/154/301 5039/162/318 5040/159/313
f 5041/152/296 5042/150/295 5043/157/307
f 5044/152/298 5045/159/313 5046/157/308
f 5047/163/320 5048/170/333 5049/164/321
f 5050/164/323 5051/170/334 5052/163/324
f 5053/165/322 5054/167/370 5055/166/326
f 5056/165/325 5057/163/324 5058/166/327
f 5059/163/320 5060/166/326 5061/168/329
f 5062/166/327 5063/163/324 5064/169/331
f 5065/169/330 5066/171/426 5067/170/333
f 5068/169/331 5069/163/324 5070/170/334
f 5071/172/336 5072/175/388 5073/173/337
f 5074/172/339 5075/174/345 5076/173/340
f 5077/174/338 5078/173/337 5079/176/342
f 5080/176/344 5081/173/340 5082/174/345
f 5083/177/343 5084/179/451 5085/178/347
f 5086/177/346 5087/174/345 5088/178/348
f 5089/174/338 5090/178/347 5091/180/350
f 5092/180/351 5093/178/348 5094/174/345
f 5095/181/352 5096/188/366 5097/182/353
f 5098/182/355 5099/188/367 5100/181/356
f 5101/181/352 5102/183/354 5103/184/358
f 5104/184/360 5105/183/357 5106/181/356
f 5107/181/352 5108/185/359 5109/186/362
f 5110/186/364 5111/185/361 5112/181/356
f 5113/187/363 5114/189/374 5115/188/366
f 5116/187/365 5117/181/356 5118/188/367
f 5119/190/369 5120/192/375 5121/167/370
f 5122/167/328 5123/192/376 5124/190/371
f 5125/165/322 5126/164/321 5127/191/372
f 5128/165/325 5129/190/371 5130/191/373
f 5131/190/369 5132/191/372 5133/189/374
f 5134/189/368 5135/191/373 5136/190/371
f 5137/187/363 5138/186/362 5139/192/375
f 5140/187/365 5141/190/371 5142/192/376
f 5143/193/377 5144/196/399 5145/194/378
f 5146/193/380 5147/195/386 5148/194/381
f 5149/195/379 5150/194/378 5151/197/383
f 5152/197/385 5153/194/381 5154/195/386
f 5155/198/384 5156/176/342 5157/173/337
f 5158/198/387 5159/195/386 5160/173/340
f 5161/195/379 5162/173/337 5163/175/388
f 5164/175/341 5165/173/340 5166/195/386
f 5167/199/389 5168/204/400 5169/200/390
f 5170/200/392 5171/204/401 5172/199/393
f 5173/199/389 5174/201/391 5175/202/395
f 5176/202/397 5177/201/394 5178/199/393
f 5179/203/396 5180/197/383 5181/194/378
f 5182/203/398 5183/199/393 5184/194/381
f 5185/199/389 5186/194/378 5187/196/399
f 5188/196/382 5189/194/381 5190/199/393
f 5191/13/21 5192/12/20 5193/205/402
f 5194/13/24 5195/206/411 5196/205/404
f 5197/205/402 5198/208/1101 5199/207/405
f 5200/205/404 5201/206/411 5202/207/406
f 5203/206/403 5204/207/405 5205/209/408
f 5206/209/410 5207/207/406 5208/206/411
f 5209/206/403 5210/210/409 5211/15/413
f 5212/15/27 5213/210/412 5214/206/411
f 5215/25/45 5216/24/44 5217/211/414
f 5218/25/48 5219/212/420 5220/211/416
f 5221/212/415 5222/211/414 5223/213/417
f 5224/213/419 5225/211/416 5226/212/420
f 5227/214/418 5228/208/1101 5229/205/402
f 5230/214/421 5231/212/420 5232/205/404
f 5233/212/415 5234/205/402 5235/12/20
f 5236/12/22 5237/205/404 5238/212/420
f 5239/215/422 5240/214/418 5241/213/417
f 5242/213/419 5243/214/421 5244/215/424
f 5245/216/423 5246/164/321 5247/170/333
f 5248/216/425 5249/215/424 5250/170/334
f 5251/215/422 5252/170/333 5253/171/426
f 5254/171/335 5255/170/334 5256/215/424
f 5257/217/427 5258/208/1101 5259/214/418
f 5260/217/428 5261/215/424 5262/214/421
f 5263/218/429 5264/221/456 5265/219/430
f 5266/218/432 5267/220/437 5268/219/433
f 5269/219/430 5270/27/50 5271/33/62
f 5272/219/433 5273/220/437 5274/33/63
f 5275/220/431 5276/33/62 5277/34/435
f 5278/34/64 5279/33/63 5280/220/437
f 5281/220/431 5282/222/436 5283/223/439
f 5284/223/440 5285/222/438 5286/220/437
f 5287/177/343 5288/176/342 5289/224/441
f 5290/177/346 5291/225/447 5292/224/443
f 5293/225/442 5294/224/441 5295/226/444
f 5296/226/446 5297/224/443 5298/225/447
f 5299/227/445 5300/221/456 5301/228/449
f 5302/227/448 5303/225/447 5304/228/450
f 5305/225/442 5306/228/449 5307/179/451
f 5308/179/349 5309/228/450 5310/225/447
f 5311/227/445 5312/226/444 5313/229/452
f 5314/227/448 5315/230/455 5316/229/454
f 5317/229/452 5318/42/78 5319/46/86
f 5320/229/454 5321/230/455 5322/46/87
f 5323/230/453 5324/46/86 5325/27/50
f 5326/27/52 5327/46/87 5328/230/455
f 5329/230/453 5330/219/430 5331/221/456
f 5332/221/434 5333/219/433 5334/230/455
f 5335/231/457 5336/188/366 5337/189/374
f 5338/189/368 5339/188/367 5340/231/459
f 5341/232/458 5342/234/468 5343/233/461
f 5344/232/460 5345/231/459 5346/233/462
f 5347/233/461 5348/236/810 5349/235/464
f 5350/233/462 5351/231/459 5352/235/465
f 5353/231/457 5354/235/464 5355/182/353
f 5356/182/355 5357/235/465 5358/231/459
f 5359/237/467 5360/233/461 5361/234/468
f 5362/234/463 5363/233/462 5364/237/470
f 5365/238/469 5366/60/134 5367/69/131
f 5368/238/471 5369/237/470 5370/69/132
f 5371/237/467 5372/69/131 5373/70/472
f 5374/70/133 5375/69/132 5376/237/470
f 5377/239/473 5378/236/810 5379/233/461
f 5380/239/474 5381/237/470 5382/233/462
f 5383/240/475 5384/191/372 5385/164/321
f 5386/164/323 5387/191/373 5388/240/476
f 5389/216/423 5390/213/417 5391/241/477
f 5392/216/425 5393/240/476 5394/241/478
f 5395/240/475 5396/241/477 5397/234/468
f 5398/234/463 5399/241/478 5400/240/476
f 5401/232/458 5402/189/374 5403/191/372
f 5404/232/460 5405/240/476 5406/191/373
f 5407/242/479 5408/241/477 5409/213/417
f 5410/213/419 5411/241/478 5412/242/480
f 5413/242/479 5414/211/414 5415/24/44
f 5416/24/46 5417/211/416 5418/242/480
f 5419/59/112 5420/60/134 5421/238/469
f 5422/59/113 5423/242/480 5424/238/471
f 5425/238/469 5426/234/468 5427/241/477
f 5428/238/471 5429/242/480 5430/241/478
f 5431/198/384 5432/197/383 5433/243/481
f 5434/198/387 5435/244/487 5436/243/483
f 5437/244/482 5438/243/481 5439/245/484
f 5440/245/486 5441/243/483 5442/244/487
f 5443/246/485 5444/226/444 5445/224/441
f 5446/246/488 5447/244/487 5448/224/443
f 5449/244/482 5450/224/441 5451/176/342
f 5452/176/344 5453/224/443 5454/244/487
f 5455/246/485 5456/245/484 5457/247/489
f 5458/246/488 5459/248/492 5460/247/491
f 5461/248/490 5462/247/489 5463/74/166
f 5464/74/141 5465/247/491 5466/248/492
f 5467/71/136 5468/42/78 5469/229/452
f 5470/71/139 5471/248/492 5472/229/454
f 5473/248/490 5474/229/452 5475/226/444
f 5476/226/446 5477/229/454 5478/248/492
f 5479/249/493 5480/203/396 5481/202/395
f 5482/203/398 5483/249/499 5484/250/495
f 5485/249/493 5486/250/494 5487/251/496
f 5488/251/498 5489/250/495 5490/249/499
f 5491/252/497 5492/245/484 5493/243/481
f 5494/252/500 5495/249/499 5496/243/483
f 5497/249/493 5498/243/481 5499/197/383
f 5500/197/385 5501/243/483 5502/249/499
f 5503/252/497 5504/251/496 5505/253/501
f 5506/252/500 5507/254/505 5508/253/503
f 5509/254/502 5510/253/501 5511/84/504
f 5512/84/160 5513/253/503 5514/254/505
f 5515/81/155 5516/74/166 5517/247/489
f 5518/81/158 5519/254/505 5520/247/491
f 5521/254/502 5522/247/489 5523/245/484
f 5524/245/486 5525/247/491 5526/254/505
f 5527/255/506 5528/262/518 5529/256/507
f 5530/256/509 5531/262/519 5532/255/510
f 5533/257/508 5534/259/537 5535/258/512
f 5536/257/511 5537/255/510 5538/258/513
f 5539/258/512 5540/261/527 5541/260/515
f 5542/258/513 5543/255/510 5544/260/516
f 5545/260/515 5546/263/770 5547/262/518
f 5548/260/516 5549/255/510 5550/262/519
f 5551/258/512 5552/259/537 5553/264/521
f 5554/258/513 5555/265/524 5556/264/523
f 5557/265/522 5558/264/521 5559/94/210
f 5560/94/181 5561/264/523 5562/265/524
f 5563/91/176 5564/99/190 5565/266/525
f 5566/91/179 5567/265/524 5568/266/526
f 5569/265/522 5570/266/525 5571/261/527
f 5572/261/517 5573/266/526 5574/265/524
f 5575/267/528 5576/272/538 5577/268/529
f 5578/268/531 5579/272/539 5580/267/532
f 5581/269/530 5582/271/541 5583/270/534
f 5584/269/533 5585/267/532 5586/270/535
f 5587/267/528 5588/270/534 5589/259/537
f 5590/259/514 5591/270/535 5592/267/532
f 5593/257/508 5594/256/507 5595/272/538
f 5596/257/511 5597/267/532 5598/272/539
f 5599/273/540 5600/270/534 5601/271/541
f 5602/271/536 5603/270/535 5604/273/543
f 5605/274/542 5606/106/264 5607/103/199
f 5608/274/544 5609/273/543 5610/103/202
f 5611/103/199 5612/94/210 5613/264/521
f 5614/103/202 5615/273/543 5616/264/523
f 5617/273/540 5618/264/521 5619/259/537
f 5620/259/514 5621/264/523 5622/273/543
f 5623/275/545 5624/278/902 5625/276/546
f 5626/275/548 5627/277/554 5628/276/549
f 5629/277/547 5630/276/546 5631/279/551
f 5632/279/553 5633/276/549 5634/277/554
f 5635/277/547 5636/280/552 5637/281/556
f 5638/280/555 5639/277/554 5640/282/558
f 5641/282/557 5642/283/883 5643/275/545
f 5644/283/560 5645/282/558 5646/277/554
f 5647/280/552 5648/279/551 5649/284/561
f 5650/280/555 5651/285/564 5652/284/563
f 5653/285/562 5654/284/561 5655/168/329
f 5656/168/332 5657/284/563 5658/285/564
f 5659/285/562 5660/166/326 5661/167/370
f 5662/166/327 5663/285/564 5664/286/566
f 5665/286/565 5666/281/556 5667/280/552
f 5668/281/559 5669/286/566 5670/285/564
f 5671/287/567 5672/290/1169 5673/288/568
f 5674/287/570 5675/289/576 5676/288/571
f 5677/289/569 5678/288/568 5679/291/573
f 5680/291/575 5681/288/571 5682/289/576
f 5683/292/574 5684/279/551 5685/276/546
f 5686/292/577 5687/289/576 5688/276/549
f 5689/276/546 5690/278/902 5691/287/567
f 5692/276/549 5693/289/576 5694/287/570
f 5695/292/574 5696/291/573 5697/293/578
f 5698/292/577 5699/294/584 5700/293/580
f 5701/294/579 5702/293/578 5703/295/581
f 5704/295/583 5705/293/580 5706/294/584
f 5707/296/582 5708/168/329 5709/284/561
f 5710/296/585 5711/294/584 5712/284/563
f 5713/294/579 5714/284/561 5715/279/551
f 5716/279/553 5717/284/563 5718/294/584
f 5719/297/586 5720/302/595 5721/298/587
f 5722/298/589 5723/302/596 5724/297/590
f 5725/299/588 5726/301/598 5727/300/592
f 5728/299/591 5729/297/590 5730/300/593
f 5731/297/586 5732/300/592 5733/271/541
f 5734/271/536 5735/300/593 5736/297/590
f 5737/269/530 5738/268/529 5739/302/595
f 5740/269/533 5741/297/590 5742/302/596
f 5743/303/597 5744/300/592 5745/301/598
f 5746/301/594 5747/300/593 5748/303/600
f 5749/304/599 5750/132/255 5751/136/265
f 5752/304/601 5753/303/600 5754/136/266
f 5755/303/597 5756/136/265 5757/106/264
f 5758/106/204 5759/136/266 5760/303/600
f 5761/274/542 5762/271/541 5763/300/592
f 5764/274/544 5765/303/600 5766/300/593
f 5767/305/602 5768/310/611 5769/306/603
f 5770/306/605 5771/310/612 5772/305/606
f 5773/307/604 5774/309/614 5775/308/608
f 5776/307/607 5777/305/606 5778/308/609
f 5779/305/602 5780/308/608 5781/301/598
f 5782/301/594 5783/308/609 5784/305/606
f 5785/299/588 5786/298/587 5787/310/611
f 5788/299/591 5789/305/606 5790/310/612
f 5791/311/613 5792/308/608 5793/309/614
f 5794/309/610 5795/308/609 5796/311/616
f 5797/312/615 5798/142/744 5799/139/271
f 5800/312/617 5801/311/616 5802/139/274
f 5803/311/613 5804/139/271 5805/132/255
f 5806/132/257 5807/139/274 5808/311/616
f 5809/304/599 5810/301/598 5811/308/608
f 5812/304/601 5813/311/616 5814/308/609
f 5815/185/359 5816/184/358 5817/313/618
f 5818/185/361 5819/314/624 5820/313/620
f 5821/314/619 5822/313/618 5823/315/621
f 5824/315/623 5825/313/620 5826/314/624
f 5827/314/619 5828/316/622 5829/317/626
f 5830/317/628 5831/316/625 5832/314/624
f 5833/318/627 5834/186/362 5835/185/359
f 5836/318/629 5837/314/624 5838/185/361
f 5839/316/622 5840/315/621 5841/319/630
f 5842/316/625 5843/320/636 5844/319/632
f 5845/320/631 5846/319/630 5847/321/633
f 5848/321/635 5849/319/632 5850/320/636
f 5851/322/634 5852/324/647 5853/323/638
f 5854/322/637 5855/320/636 5856/323/639
f 5857/323/638 5858/317/626 5859/316/622
f 5860/323/639 5861/320/636 5862/316/625
f 5863/325/641 5864/283/883 5865/282/557
f 5866/325/643 5867/326/645 5868/282/558
f 5869/326/642 5870/282/557 5871/281/556
f 5872/281/559 5873/282/558 5874/326/645
f 5875/327/644 5876/317/626 5877/323/638
f 5878/327/646 5879/326/645 5880/323/639
f 5881/326/642 5882/323/638 5883/324/647
f 5884/324/640 5885/323/639 5886/326/645
f 5887/328/648 5888/327/644 5889/281/556
f 5890/327/646 5891/328/649 5892/286/566
f 5893/286/565 5894/167/370 5895/192/375
f 5896/286/566 5897/328/649 5898/192/376
f 5899/328/648 5900/192/375 5901/186/362
f 5902/186/364 5903/192/376 5904/328/649
f 5905/318/627 5906/317/626 5907/327/644
f 5908/318/629 5909/328/649 5910/327/646
f 5911/329/650 5912/336/663 5913/330/651
f 5914/330/653 5915/336/664 5916/329/654
f 5917/331/652 5918/333/667 5919/332/656
f 5920/331/655 5921/329/654 5922/332/657
f 5923/329/650 5924/332/656 5925/334/659
f 5926/334/661 5927/332/657 5928/329/654
f 5929/335/660 5930/337/746 5931/336/663
f 5932/335/662 5933/329/654 5934/336/664
f 5935/338/666 5936/332/656 5937/333/667
f 5938/333/658 5939/332/657 5940/338/669
f 5941/339/668 5942/341/122 5943/340/117
f 5944/339/670 5945/338/669 5946/340/120
f 5947/338/666 5948/340/117 5949/342/285
f 5950/342/121 5951/340/120 5952/338/669
f 5953/343/671 5954/334/659 5955/332/656
f 5956/343/672 5957/338/669 5958/332/657
f 5959/344/673 5960/349/682 5961/345/674
f 5962/345/676 5963/349/683 5964/344/677
f 5965/346/675 5966/348/812 5967/347/679
f 5968/346/678 5969/344/677 5970/347/680
f 5971/344/673 5972/347/679 5973/333/667
f 5974/333/658 5975/347/680 5976/344/677
f 5977/331/652 5978/330/651 5979/349/682
f 5980/331/655 5981/344/677 5982/349/683
f 5983/347/679 5984/348/812 5985/350/684
f 5986/347/680 5987/351/687 5988/350/686
f 5989/351/685 5990/350/684 5991/352/472
f 5992/352/133 5993/350/686 5994/351/687
f 5995/351/685 5996/353/128 5997/341/122
f 5998/341/124 5999/353/130 6000/351/687
f 6001/339/668 6002/333/667 6003/347/679
f 6004/339/670 6005/351/687 6006/347/680
f 6007/354/688 6008/7/12 6009/8/28
f 6010/8/14 6011/7/13 6012/354/690
f 6013/355/689 6014/357/700 6015/356/692
f 6016/355/691 6017/354/690 6018/356/693
f 6019/354/688 6020/356/692 6021/358/695
f 6022/358/697 6023/356/693 6024/354/690
f 6025/359/696 6026/9/15 6027/7/12
f 6028/359/698 6029/354/690 6030/7/13
f 6031/360/699 6032/356/692 6033/357/700
f 6034/356/693 6035/360/706 6036/361/702
f 6037/360/699 6038/361/701 6039/362/703
f 6040/362/705 6041/361/702 6042/360/706
f 6043/360/699 6044/363/704 6045/364/708
f 6046/364/710 6047/363/707 6048/360/706
f 6049/365/709 6050/358/695 6051/356/692
f 6052/365/711 6053/360/706 6054/356/693
f 6055/366/712 6056/14/25 6057/15/413
f 6058/15/27 6059/14/26 6060/366/714
f 6061/366/712 6062/367/713 6063/368/716
f 6064/368/718 6065/367/715 6066/366/714
f 6067/369/717 6068/357/700 6069/355/689
f 6070/369/719 6071/366/714 6072/355/691
f 6073/355/689 6074/8/28 6075/14/25
f 6076/355/691 6077/366/714 6078/14/26
f 6079/369/717 6080/368/716 6081/370/720
f 6082/369/719 6083/371/726 6084/370/722
f 6085/371/721 6086/370/720 6087/372/723
f 6088/372/725 6089/370/722 6090/371/726
f 6091/373/724 6092/362/703 6093/361/701
f 6094/373/727 6095/371/726 6096/361/702
f 6097/371/721 6098/361/701 6099/357/700
f 6100/357/694 6101/361/702 6102/371/726
f 6103/374/728 6104/381/737 6105/375/729
f 6106/375/731 6107/381/738 6108/374/732
f 6109/376/730 6110/378/740 6111/377/734
f 6112/376/733 6113/374/732 6114/377/735
f 6115/374/728 6116/377/734 6117/379/614
f 6118/379/610 6119/377/735 6120/374/732
f 6121/380/604 6122/382/603 6123/381/737
f 6124/380/607 6125/374/732 6126/381/738
f 6127/383/739 6128/377/734 6129/378/740
f 6130/378/736 6131/377/735 6132/383/742
f 6133/384/741 6134/386/277 6135/385/272
f 6136/384/743 6137/383/742 6138/385/275
f 6139/383/739 6140/385/272 6141/387/744
f 6142/387/276 6143/385/275 6144/383/742
f 6145/388/615 6146/379/614 6147/377/734
f 6148/388/617 6149/383/742 6150/377/735
f 6151/389/745 6152/391/750 6153/337/746
f 6154/337/665 6155/391/751 6156/389/747
f 6157/335/660 6158/334/659 6159/390/748
f 6160/335/662 6161/389/747 6162/390/749
f 6163/389/745 6164/390/748 6165/378/740
f 6166/378/736 6167/390/749 6168/389/747
f 6169/376/730 6170/375/729 6171/391/750
f 6172/376/733 6173/389/747 6174/391/751
f 6175/392/752 6176/390/748 6177/334/659
f 6178/334/661 6179/390/749 6180/392/753
f 6181/343/671 6182/342/285 6183/393/282
f 6184/343/672 6185/392/753 6186/393/284
f 6187/392/752 6188/393/282 6189/386/277
f 6190/386/279 6191/393/284 6192/392/753
f 6193/384/741 6194/378/740 6195/390/748
f 6196/384/743 6197/392/753 6198/390/749
f 6199/97/187 6200/98/198 6201/394/754
f 6202/97/188 6203/395/760 6204/394/756
f 6205/395/755 6206/394/754 6207/396/757
f 6208/396/759 6209/394/756 6210/395/760
f 6211/397/758 6212/261/527 6213/266/525
f 6214/397/761 6215/395/760 6216/266/526
f 6217/395/755 6218/266/525 6219/99/190
f 6220/99/191 6221/266/526 6222/395/760
f 6223/397/758 6224/396/757 6225/398/762
f 6226/397/761 6227/399/768 6228/398/764
f 6229/399/763 6230/398/762 6231/400/765
f 6232/400/767 6233/398/764 6234/399/768
f 6235/399/763 6236/401/766 6237/263/770
f 6238/263/520 6239/401/769 6240/399/768
f 6241/399/763 6242/260/515 6243/261/527
f 6244/261/517 6245/260/516 6246/399/768
f 6247/102/196 6248/9/15 6249/359/696
f 6250/102/197 6251/402/773 6252/359/698
f 6253/402/771 6254/359/696 6255/358/695
f 6256/358/697 6257/359/698 6258/402/773
f 6259/403/772 6260/396/757 6261/394/754
f 6262/403/774 6263/402/773 6264/394/756
f 6265/402/771 6266/394/754 6267/98/198
f 6268/98/189 6269/394/756 6270/402/773
f 6271/403/772 6272/358/695 6273/365/709
f 6274/403/774 6275/404/777 6276/365/711
f 6277/404/775 6278/365/709 6279/364/708
f 6280/364/710 6281/365/711 6282/404/777
f 6283/405/776 6284/400/765 6285/398/762
f 6286/405/778 6287/404/777 6288/398/764
f 6289/404/775 6290/398/762 6291/396/757
f 6292/396/759 6293/398/764 6294/404/777
f 6295/406/779 6296/409/621 6297/407/618
f 6298/406/781 6299/408/782 6300/407/620
f 6301/408/780 6302/407/618 6303/410/358
f 6304/410/360 6305/407/620 6306/408/782
f 6307/411/354 6308/413/353 6309/412/783
f 6310/411/357 6311/408/782 6312/412/784
f 6313/408/780 6314/412/783 6315/414/785
f 6316/414/786 6317/412/784 6318/408/782
f 6319/406/779 6320/414/785 6321/415/787
f 6322/406/781 6323/416/793 6324/415/789
f 6325/416/788 6326/415/787 6327/417/790
f 6328/417/792 6329/415/789 6330/416/793
f 6331/418/791 6332/420/633 6333/419/630
f 6334/418/794 6335/416/793 6336/419/632
f 6337/416/788 6338/419/630 6339/409/621
f 6340/409/623 6341/419/632 6342/416/793
f 6343/421/795 6344/426/805 6345/422/796
f 6346/422/798 6347/426/806 6348/421/799
f 6349/421/795 6350/423/797 6351/424/801
f 6352/424/803 6353/423/800 6354/421/799
f 6355/425/802 6356/348/812 6357/346/675
f 6358/425/804 6359/421/799 6360/346/678
f 6361/346/675 6362/345/674 6363/426/805
f 6364/346/678 6365/421/799 6366/426/806
f 6367/425/802 6368/424/801 6369/427/807
f 6370/425/804 6371/428/811 6372/427/809
f 6373/428/808 6374/427/807 6375/429/810
f 6376/429/466 6377/427/809 6378/428/811
f 6379/430/473 6380/352/472 6381/350/684
f 6382/430/474 6383/428/811 6384/350/686
f 6385/428/808 6386/350/684 6387/348/812
f 6388/348/681 6389/350/686 6390/428/811
f 6391/431/813 6392/417/790 6393/415/787
f 6394/431/815 6395/432/817 6396/415/789
f 6397/432/814 6398/415/787 6399/414/785
f 6400/414/786 6401/415/789 6402/432/817
f 6403/433/816 6404/424/801 6405/423/797
f 6406/433/818 6407/432/817 6408/423/800
f 6409/432/814 6410/423/797 6411/422/796
f 6412/422/798 6413/423/800 6414/432/817
f 6415/433/816 6416/414/785 6417/412/783
f 6418/433/818 6419/434/820 6420/412/784
f 6421/434/819 6422/412/783 6423/413/353
f 6424/413/355 6425/412/784 6426/434/820
f 6427/435/464 6428/429/810 6429/427/807
f 6430/435/465 6431/434/820 6432/427/809
f 6433/434/819 6434/427/807 6435/424/801
f 6436/424/803 6437/427/809 6438/434/820
f 6439/210/409 6440/209/408 6441/436/821
f 6442/210/412 6443/437/827 6444/436/823
f 6445/437/822 6446/436/821 6447/438/824
f 6448/438/826 6449/436/823 6450/437/827
f 6451/439/825 6452/368/716 6453/367/713
f 6454/439/828 6455/437/827 6456/367/715
f 6457/437/822 6458/367/713 6459/15/413
f 6460/15/27 6461/367/715 6462/437/827
f 6463/439/825 6464/438/824 6465/440/829
f 6466/439/828 6467/441/835 6468/440/831
f 6469/441/830 6470/440/829 6471/442/832
f 6472/442/834 6473/440/831 6474/441/835
f 6475/443/833 6476/372/723 6477/370/720
f 6478/443/836 6479/441/835 6480/370/722
f 6481/441/830 6482/370/720 6483/368/716
f 6484/368/718 6485/370/722 6486/441/835
f 6487/444/837 6488/119/231 6489/120/253
f 6490/120/233 6491/119/232 6492/444/839
f 6493/445/838 6494/447/849 6495/446/841
f 6496/445/840 6497/444/839 6498/446/842
f 6499/444/837 6500/446/841 6501/448/844
f 6502/448/846 6503/446/842 6504/444/839
f 6505/449/845 6506/121/234 6507/119/231
f 6508/449/847 6509/444/839 6510/119/232
f 6511/450/848 6512/446/841 6513/447/849
f 6514/447/843 6515/446/842 6516/450/851
f 6517/451/850 6518/256/507 6519/262/518
f 6520/451/852 6521/450/851 6522/262/519
f 6523/450/848 6524/262/518 6525/263/770
f 6526/263/520 6527/262/519 6528/450/851
f 6529/452/853 6530/448/844 6531/446/841
f 6532/452/854 6533/450/851 6534/446/842
f 6535/453/855 6536/129/250 6537/130/302
f 6538/130/252 6539/129/251 6540/453/857
f 6541/454/856 6542/456/863 6543/455/859
f 6544/454/858 6545/453/857 6546/455/860
f 6547/453/855 6548/455/859 6549/447/849
f 6550/447/843 6551/455/860 6552/453/857
f 6553/445/838 6554/120/253 6555/129/250
f 6556/445/840 6557/453/857 6558/129/251
f 6559/457/862 6560/455/859 6561/456/863
f 6562/456/861 6563/455/860 6564/457/865
f 6565/458/864 6566/268/529 6567/272/538
f 6568/458/866 6569/457/865 6570/272/539
f 6571/457/862 6572/272/538 6573/256/507
f 6574/256/509 6575/272/539 6576/457/865
f 6577/451/850 6578/447/849 6579/455/859
f 6580/451/852 6581/457/865 6582/455/860
f 6583/459/867 6584/172/336 6585/180/350
f 6586/180/351 6587/172/339 6588/459/869
f 6589/460/868 6590/462/879 6591/461/871
f 6592/460/870 6593/459/869 6594/461/872
f 6595/459/867 6596/461/871 6597/463/874
f 6598/463/876 6599/461/872 6600/459/869
f 6601/459/867 6602/464/875 6603/175/388
f 6604/175/341 6605/464/877 6606/459/869
f 6607/465/878 6608/461/871 6609/462/879
f 6610/462/873 6611/461/872 6612/465/881
f 6613/466/880 6614/468/902 6615/467/545
f 6616/466/882 6617/465/881 6618/467/548
f 6619/465/878 6620/467/545 6621/469/883
f 6622/469/560 6623/467/548 6624/465/881
f 6625/470/884 6626/463/874 6627/461/871
f 6628/470/885 6629/465/881 6630/461/872
f 6631/471/886 6632/476/895 6633/472/887
f 6634/472/889 6635/476/896 6636/471/890
f 6637/473/888 6638/475/898 6639/474/892
f 6640/473/891 6641/471/890 6642/474/893
f 6643/471/886 6644/474/892 6645/462/879
f 6646/462/873 6647/474/893 6648/471/890
f 6649/460/868 6650/180/350 6651/476/895
f 6652/460/870 6653/471/890 6654/476/896
f 6655/477/897 6656/474/892 6657/475/898
f 6658/475/894 6659/474/893 6660/477/900
f 6661/478/899 6662/480/1169 6663/479/567
f 6664/478/901 6665/477/900 6666/479/570
f 6667/477/897 6668/479/567 6669/468/902
f 6670/468/550 6671/479/570 6672/477/900
f 6673/466/880 6674/462/879 6675/474/892
f 6676/466/882 6677/477/900 6678/474/893
f 6679/481/903 6680/153/299 6681/154/319
f 6682/154/301 6683/153/300 6684/481/905
f 6685/482/904 6686/484/911 6687/483/907
f 6688/482/906 6689/481/905 6690/483/908
f 6691/481/903 6692/483/907 6693/456/863
f 6694/456/861 6695/483/908 6696/481/905
f 6697/454/856 6698/130/302 6699/153/299
f 6700/454/858 6701/481/905 6702/153/300
f 6703/485/910 6704/483/907 6705/484/911
f 6706/484/909 6707/483/908 6708/485/913
f 6709/486/912 6710/298/587 6711/302/595
f 6712/486/914 6713/485/913 6714/302/596
f 6715/485/910 6716/302/595 6717/268/529
f 6718/268/531 6719/302/596 6720/485/913
f 6721/458/864 6722/456/863 6723/483/907
f 6724/458/866 6725/485/913 6726/483/908
f 6727/162/316 6728/161/315 6729/487/915
f 6730/162/318 6731/488/921 6732/487/917
f 6733/488/916 6734/487/915 6735/489/918
f 6736/489/920 6737/487/917 6738/488/921
f 6739/488/916 6740/490/919 6741/484/911
f 6742/484/909 6743/490/922 6744/488/921
f 6745/482/904 6746/154/319 6747/162/316
f 6748/482/906 6749/488/921 6750/162/318
f 6751/490/919 6752/489/918 6753/491/923
f 6754/490/922 6755/492/926 6756/491/925
f 6757/491/923 6758/306/603 6759/310/611
f 6760/491/925 6761/492/926 6762/310/612
f 6763/492/924 6764/310/611 6765/298/587
f 6766/298/589 6767/310/612 6768/492/926
f 6769/486/912 6770/484/911 6771/490/919
f 6772/486/914 6773/492/926 6774/490/922
f 6775/204/400 6776/196/399 6777/493/927
f 6778/204/401 6779/494/933 6780/493/929
f 6781/494/928 6782/493/927 6783/495/930
f 6784/495/932 6785/493/929 6786/494/933
f 6787/494/928 6788/496/931 6789/497/935
f 6790/497/937 6791/496/934 6792/494/933
f 6793/498/936 6794/200/390 6795/204/400
f 6796/498/938 6797/494/933 6798/204/401
f 6799/496/931 6800/495/930 6801/499/939
f 6802/496/934 6803/500/942 6804/499/941
f 6805/500/940 6806/499/939 6807/501/647
f 6808/501/640 6809/499/941 6810/500/942
f 6811/500/940 6812/502/634 6813/503/633
f 6814/503/635 6815/502/637 6816/500/942
f 6817/504/943 6818/497/935 6819/496/931
f 6820/504/944 6821/500/942 6822/496/934
f 6823/193/377 6824/175/388 6825/464/875
f 6826/193/380 6827/505/947 6828/464/877
f 6829/505/945 6830/464/875 6831/463/874
f 6832/463/876 6833/464/877 6834/505/947
f 6835/506/946 6836/495/930 6837/493/927
f 6838/506/948 6839/505/947 6840/493/929
f 6841/505/945 6842/493/927 6843/196/399
f 6844/196/382 6845/493/929 6846/505/947
f 6847/506/946 6848/463/874 6849/470/884
f 6850/506/948 6851/507/950 6852/470/885
f 6853/507/949 6854/470/884 6855/469/883
f 6856/469/560 6857/470/885 6858/507/950
f 6859/508/641 6860/501/647 6861/499/939
f 6862/508/643 6863/507/950 6864/499/941
f 6865/507/949 6866/499/939 6867/495/930
f 6868/495/932 6869/499/941 6870/507/950
f 6871/509/951 6872/516/167 6873/510/161
f 6874/510/163 6875/516/169 6876/509/953
f 6877/511/952 6878/513/963 6879/512/955
f 6880/511/954 6881/509/953 6882/512/956
f 6883/509/951 6884/512/955 6885/514/958
f 6886/514/960 6887/512/956 6888/509/953
f 6889/515/959 6890/517/170 6891/516/167
f 6892/515/961 6893/509/953 6894/516/169
f 6895/518/962 6896/512/955 6897/513/963
f 6898/513/957 6899/512/956 6900/518/965
f 6901/519/964 6902/330/651 6903/336/663
f 6904/519/966 6905/518/965 6906/336/664
f 6907/518/962 6908/336/663 6909/337/746
f 6910/337/665 6911/336/664 6912/518/965
f 6913/520/967 6914/514/958 6915/512/955
f 6916/520/968 6917/518/965 6918/512/956
f 6919/521/969 6920/526/156 6921/522/504
f 6922/522/160 6923/526/159 6924/521/971
f 6925/523/970 6926/525/977 6927/524/973
f 6928/523/972 6929/521/971 6930/524/974
f 6931/521/969 6932/524/973 6933/513/963
f 6934/513/957 6935/524/974 6936/521/971
f 6937/511/952 6938/510/161 6939/526/156
f 6940/511/954 6941/521/971 6942/526/159
f 6943/527/976 6944/524/973 6945/525/977
f 6946/525/975 6947/524/974 6948/527/979
f 6949/528/978 6950/345/674 6951/349/682
f 6952/528/980 6953/527/979 6954/349/683
f 6955/527/976 6956/349/682 6957/330/651
f 6958/330/653 6959/349/683 6960/527/979
f 6961/519/964 6962/513/963 6963/524/973
f 6964/519/966 6965/527/979 6966/524/974
f 6967/363/704 6968/362/703 6969/529/981
f 6970/363/707 6971/530/987 6972/529/983
f 6973/530/982 6974/529/981 6975/531/984
f 6976/531/986 6977/529/983 6978/530/987
f 6979/532/985 6980/534/998 6981/533/989
f 6982/532/988 6983/530/987 6984/533/990
f 6985/533/989 6986/364/708 6987/363/704
f 6988/533/990 6989/530/987 6990/363/707
f 6991/532/985 6992/531/984 6993/535/992
f 6994/532/988 6995/536/995 6996/535/994
f 6997/536/993 6998/535/992 6999/31/58
f 7000/31/60 7001/535/994 7002/536/995
f 7003/40/74 7004/39/73 7005/537/996
f 7006/40/76 7007/536/995 7008/537/997
f 7009/536/993 7010/537/996 7011/534/998
f 7012/534/991 7013/537/997 7014/536/995
f 7015/373/724 7016/372/723 7017/538/999
f 7018/373/727 7019/539/1005 7020/538/1001
f 7021/539/1000 7022/538/999 7023/540/1002
f 7024/540/1004 7025/538/1001 7026/539/1005
f 7027/541/1003 7028/531/984 7029/529/981
f 7030/541/1006 7031/539/1005 7032/529/983
f 7033/539/1000 7034/529/981 7035/362/703
f 7036/529/983 7037/539/1005 7038/373/727
f 7039/541/1003 7040/540/1002 7041/542/1007
f 7042/541/1006 7043/543/1010 7044/542/1009
f 7045/543/1008 7046/542/1007 7047/34/435
f 7048/34/64 7049/542/1009 7050/543/1010
f 7051/32/59 7052/31/58 7053/535/992
f 7054/32/61 7055/543/1010 7056/535/994
f 7057/543/1008 7058/535/992 7059/531/984
f 7060/531/986 7061/535/994 7062/543/1010
f 7063/544/312 7064/547/311 7065/545/1011
f 7066/544/314 7067/546/1017 7068/545/1013
f 7069/546/1012 7070/545/1011 7071/548/1014
f 7072/548/1016 7073/545/1013 7074/546/1017
f 7075/549/1015 7076/551/918 7077/550/915
f 7078/549/1018 7079/546/1017 7080/550/917
f 7081/546/1012 7082/550/915 7083/552/315
f 7084/552/317 7085/550/917 7086/546/1017
f 7087/549/1015 7088/548/1014 7089/553/1019
f 7090/549/1018 7091/554/1022 7092/553/1021
f 7093/553/1019 7094/375/729 7095/381/737
f 7096/553/1021 7097/554/1022 7098/381/738
f 7099/554/1020 7100/381/737 7101/382/603
f 7102/382/605 7103/381/738 7104/554/1022
f 7105/554/1020 7106/555/923 7107/551/918
f 7108/551/920 7109/555/925 7110/554/1022
f 7111/556/304 7112/517/170 7113/515/959
f 7114/556/306 7115/557/1025 7116/515/961
f 7117/557/1023 7118/515/959 7119/514/958
f 7120/514/960 7121/515/961 7122/557/1025
f 7123/558/1024 7124/548/1014 7125/545/1011
f 7126/558/1026 7127/557/1025 7128/545/1013
f 7129/557/1023 7130/545/1011 7131/547/311
f 7132/547/309 7133/545/1013 7134/557/1025
f 7135/558/1024 7136/514/958 7137/520/967
f 7138/558/1026 7139/559/1028 7140/520/968
f 7141/520/967 7142/337/746 7143/391/750
f 7144/520/968 7145/559/1028 7146/391/751
f 7147/559/1027 7148/391/750 7149/375/729
f 7150/375/731 7151/391/751 7152/559/1028
f 7153/559/1027 7154/553/1019 7155/548/1014
f 7156/548/1016 7157/553/1021 7158/559/1028
f 7159/560/1029 7160/401/766 7161/400/765
f 7162/400/767 7163/401/769 7164/560/1031
f 7165/561/1030 7166/563/1037 7167/562/1033
f 7168/561/1032 7169/560/1031 7170/562/1034
f 7171/560/1029 7172/562/1033 7173/448/844
f 7174/448/846 7175/562/1034 7176/560/1031
f 7177/452/853 7178/263/770 7179/401/766
f 7180/452/854 7181/560/1031 7182/401/769
f 7183/564/1036 7184/562/1033 7185/563/1037
f 7186/563/1035 7187/562/1034 7188/564/1039
f 7189/564/1036 7190/565/1038 7191/115/222
f 7192/115/224 7193/565/1040 7194/564/1039
f 7195/564/1036 7196/122/235 7197/121/234
f 7198/121/236 7199/122/237 7200/564/1039
f 7201/449/845 7202/448/844 7203/562/1033
f 7204/449/847 7205/564/1039 7206/562/1034
f 7207/566/1041 7208/405/776 7209/364/708
f 7210/364/710 7211/405/778 7212/566/1042
f 7213/533/989 7214/534/998 7215/567/1043
f 7216/534/991 7217/533/990 7218/566/1042
f 7219/566/1041 7220/567/1043 7221/563/1037
f 7222/563/1035 7223/567/1044 7224/566/1042
f 7225/561/1030 7226/400/765 7227/405/776
f 7228/561/1032 7229/566/1042 7230/405/778
f 7231/567/1043 7232/534/998 7233/537/996
f 7234/567/1044 7235/568/1046 7236/537/997
f 7237/568/1045 7238/537/996 7239/39/73
f 7240/39/75 7241/537/997 7242/568/1046
f 7243/116/223 7244/115/222 7245/565/1038
f 7246/116/225 7247/568/1046 7248/565/1040
f 7249/568/1045 7250/565/1038 7251/563/1037
f 7252/563/1035 7253/565/1040 7254/568/1046
f 7255/569/1047 7256/576/391 7257/570/390
f 7258/570/392 7259/576/394 7260/569/1048
f 7261/571/936 7262/573/935 7263/572/1049
f 7264/571/938 7265/569/1048 7266/572/1050
f 7267/569/1047 7268/572/1049 7269/574/1051
f 7270/574/1053 7271/572/1050 7272/569/1048
f 7273/575/1052 7274/577/395 7275/576/391
f 7276/575/1054 7277/569/1048 7278/576/394
f 7279/578/1055 7280/572/1049 7281/573/935
f 7282/573/937 7283/572/1050 7284/578/1056
f 7285/579/943 7286/420/633 7287/418/791
f 7288/579/944 7289/578/1056 7290/418/794
f 7291/578/1055 7292/418/791 7293/417/790
f 7294/417/792 7295/418/794 7296/578/1056
f 7297/580/1057 7298/574/1051 7299/572/1049
f 7300/580/1058 7301/578/1056 7302/572/1050
f 7303/581/1059 7304/586/501 7305/582/496
f 7306/582/498 7307/586/503 7308/581/1061
f 7309/583/1060 7310/585/1067 7311/584/1063
f 7312/583/1062 7313/581/1061 7314/584/1064
f 7315/581/1059 7316/584/1063 7317/525/977
f 7318/525/975 7319/584/1064 7320/581/1061
f 7321/523/970 7322/522/504 7323/586/501
f 7324/523/972 7325/581/1061 7326/586/503
f 7327/587/1066 7328/584/1063 7329/585/1067
f 7330/585/1065 7331/584/1064 7332/587/1069
f 7333/588/1068 7334/422/796 7335/426/805
f 7336/588/1070 7337/587/1069 7338/426/806
f 7339/587/1066 7340/426/805 7341/345/674
f 7342/345/676 7343/426/806 7344/587/1069
f 7345/528/978 7346/525/977 7347/584/1063
f 7348/528/980 7349/587/1069 7350/584/1064
f 7351/589/494 7352/577/395 7353/575/1052
f 7354/589/495 7355/590/1073 7356/575/1054
f 7357/590/1071 7358/575/1052 7359/574/1051
f 7360/574/1053 7361/575/1054 7362/590/1073
f 7363/591/1072 7364/585/1067 7365/583/1060
f 7366/591/1074 7367/590/1073 7368/583/1062
f 7369/590/1071 7370/583/1060 7371/582/496
f 7372/582/498 7373/583/1062 7374/590/1073
f 7375/591/1072 7376/574/1051 7377/580/1057
f 7378/591/1074 7379/592/1076 7380/580/1058
f 7381/592/1075 7382/580/1057 7383/417/790
f 7384/417/792 7385/580/1058 7386/592/1076
f 7387/431/813 7388/422/796 7389/588/1068
f 7390/431/815 7391/592/1076 7392/588/1070
f 7393/588/1068 7394/585/1067 7395/591/1072
f 7396/588/1070 7397/592/1076 7398/591/1074
f 7399/443/833 7400/442/832 7401/593/1077
f 7402/443/836 7403/594/1083 7404/593/1079
f 7405/594/1078 7406/593/1077 7407/595/1080
f 7408/595/1082 7409/593/1079 7410/594/1083
f 7411/596/1081 7412/540/1002 7413/538/999
f 7414/596/1084 7415/594/1083 7416/538/1001
f 7417/594/1078 7418/538/999 7419/372/723
f 7420/372/725 7421/538/1001 7422/594/1083
f 7423/596/1081 7424/595/1080 7425/597/1085
f 7426/596/1084 7427/598/1088 7428/597/1087
f 7429/597/1085 7430/223/439 7431/222/436
f 7432/597/1087 7433/598/1088 7434/222/438
f 7435/222/436 7436/34/435 7437/542/1007
f 7438/222/438 7439/598/1088 7440/542/1009
f 7441/598/1086 7442/542/1007 7443/540/1002
f 7444/540/1004 7445/542/1009 7446/598/1088
f 7447/599/1089 7448/169/330 7449/168/329
f 7450/168/332 7451/169/331 7452/599/1090
f 7453/296/582 7454/295/581 7455/600/1091
f 7456/296/585 7457/599/1090 7458/600/1092
f 7459/600/1091 7460/602/1097 7461/601/1093
f 7462/600/1092 7463/599/1090 7464/601/1094
f 7465/599/1089 7466/601/1093 7467/171/426
f 7468/171/335 7469/601/1094 7470/599/1090
f 7471/217/427 7472/171/426 7473/601/1093
f 7474/217/428 7475/603/1099 7476/601/1094
f 7477/603/1096 7478/601/1093 7479/602/1097
f 7480/602/1095 7481/601/1094 7482/603/1099
f 7483/604/1098 7484/209/408 7485/207/405
f 7486/604/1100 7487/603/1099 7488/207/406
f 7489/603/1096 7490/207/405 7491/208/1101
f 7492/208/407 7493/207/406 7494/603/1099
f 7495/605/1102 7496/472/887 7497/476/895
f 7498/605/1104 7499/606/1105 7500/476/896
f 7501/606/1103 7502/476/895 7503/180/350
f 7504/180/351 7505/476/896 7506/606/1105
f 7507/606/1103 7508/178/347 7509/179/451
f 7510/179/349 7511/178/348 7512/606/1105
f 7513/606/1103 7514/607/1106 7515/608/1108
f 7516/608/1109 7517/607/1107 7518/606/1105
f 7519/609/1110 7520/610/1112 7521/608/1108
f 7522/608/1109 7523/610/1113 7524/609/1111
f 7525/607/1106 7526/179/451 7527/228/449
f 7528/607/1107 7529/609/1111 7530/228/450
f 7531/609/1110 7532/228/449 7533/221/456
f 7534/221/434 7535/228/450 7536/609/1111
f 7537/218/429 7538/223/439 7539/610/1112
f 7540/218/432 7541/609/1111 7542/610/1113
f 7543/611/1114 7544/612/1123 7545/608/1108
f 7546/612/1115 7547/611/1121 7548/610/1113
f 7549/610/1112 7550/223/439 7551/613/1116
f 7552/610/1113 7553/611/1121 7554/613/1117
f 7555/611/1114 7556/613/1116 7557/614/1118
f 7558/614/1120 7559/613/1117 7560/611/1121
f 7561/615/1119 7562/616/1292 7563/612/1123
f 7564/615/1122 7565/611/1121 7566/612/1115
f 7567/617/1125 7568/620/1130 7569/472/887
f 7570/472/889 7571/620/1132 7572/617/1126
f 7573/605/1102 7574/608/1108 7575/612/1123
f 7576/605/1104 7577/617/1126 7578/612/1115
f 7579/612/1123 7580/616/1292 7581/618/1127
f 7582/612/1115 7583/617/1126 7584/618/1128
f 7585/617/1125 7586/618/1127 7587/619/1129
f 7588/619/1131 7589/618/1128 7590/617/1126
f 7591/621/1133 7592/209/408 7593/604/1098
f 7594/621/1135 7595/622/1143 7596/604/1100
f 7597/604/1098 7598/602/1097 7599/623/1136
f 7600/604/1100 7601/622/1143 7602/623/1137
f 7603/623/1136 7604/625/1278 7605/624/1138
f 7606/623/1137 7607/622/1143 7608/624/1139
f 7609/622/1134 7610/624/1138 7611/626/1141
f 7612/626/1142 7613/624/1139 7614/622/1143
f 7615/627/1144 7616/623/1136 7617/602/1097
f 7618/602/1095 7619/623/1137 7620/627/1145
f 7621/627/1144 7622/600/1091 7623/295/581
f 7624/295/583 7625/600/1092 7626/627/1145
f 7627/627/1144 7628/628/1146 7629/629/1148
f 7630/629/1150 7631/628/1147 7632/627/1145
f 7633/630/1149 7634/625/1278 7635/623/1136
f 7636/630/1151 7637/627/1145 7638/623/1137
f 7639/631/1152 7640/595/1080 7641/593/1077
f 7642/631/1154 7643/632/1156 7644/593/1079
f 7645/632/1153 7646/593/1077 7647/442/832
f 7648/442/834 7649/593/1079 7650/632/1156
f 7651/632/1153 7652/633/1155 7653/634/1158
f 7654/634/1160 7655/633/1157 7656/632/1156
f 7657/635/1159 7658/636/1165 7659/631/1152
f 7660/635/1161 7661/632/1156 7662/631/1154
f 7663/637/1163 7664/613/1116 7665/223/439
f 7666/223/440 7667/613/1117 7668/637/1164
f 7669/637/1163 7670/597/1085 7671/595/1080
f 7672/595/1082 7673/597/1087 7674/637/1164
f 7675/637/1163 7676/631/1152 7677/636/1165
f 7678/636/1162 7679/631/1154 7680/637/1164
f 7681/638/1166 7682/614/1118 7683/613/1116
f 7684/638/1167 7685/637/1164 7686/613/1117
f 7687/639/1168 7688/644/1177 7689/480/1169
f 7690/480/572 7691/644/1179 7692/639/1170
f 7693/478/899 7694/475/898 7695/640/1171
f 7696/478/901 7697/639/1170 7698/640/1172
f 7699/640/1171 7700/642/1184 7701/641/1173
f 7702/640/1172 7703/639/1170 7704/641/1174
f 7705/639/1168 7706/641/1173 7707/643/1176
f 7708/643/1178 7709/641/1174 7710/639/1170
f 7711/645/1180 7712/640/1171 7713/475/898
f 7714/475/894 7715/640/1172 7716/645/1181
f 7717/473/888 7718/472/887 7719/620/1130
f 7720/473/891 7721/645/1181 7722/620/1132
f 7723/620/1130 7724/619/1129 7725/646/1182
f 7726/620/1132 7727/645/1181 7728/646/1183
f 7729/645/1180 7730/646/1182 7731/642/1184
f 7732/642/1175 7733/646/1183 7734/645/1181
f 7735/633/1155 7736/442/832 7737/440/829
f 7738/633/1157 7739/647/1187 7740/440/831
f 7741/647/1185 7742/440/829 7743/438/824
f 7744/438/826 7745/440/831 7746/647/1187
f 7747/647/1185 7748/648/1186 7749/649/1189
f 7750/649/1191 7751/648/1188 7752/647/1187
f 7753/650/1190 7754/634/1158 7755/633/1155
f 7756/650/1192 7757/647/1187 7758/633/1157
f 7759/648/1186 7760/438/824 7761/436/821
f 7762/648/1188 7763/651/1194 7764/436/823
f 7765/651/1193 7766/436/821 7767/209/408
f 7768/209/410 7769/436/823 7770/651/1194
f 7771/621/1133 7772/626/1141 7773/652/1195
f 7774/621/1135 7775/651/1194 7776/652/1196
f 7777/651/1193 7778/652/1195 7779/649/1189
f 7780/649/1191 7781/652/1196 7782/651/1194
f 7783/653/1197 7784/291/573 7785/288/568
f 7786/653/1199 7787/654/1201 7788/288/571
f 7789/288/568 7790/290/1169 7791/655/1177
f 7792/288/571 7793/654/1201 7794/655/1179
f 7795/654/1198 7796/655/1177 7797/656/1176
f 7798/656/1178 7799/655/1179 7800/654/1201
f 7801/657/1200 7802/658/1206 7803/653/1197
f 7804/657/1202 7805/654/1201 7806/653/1199
f 7807/628/1146 7808/295/581 7809/293/578
f 7810/628/1147 7811/659/1205 7812/293/580
f 7813/659/1204 7814/293/578 7815/291/573
f 7816/291/575 7817/293/580 7818/659/1205
f 7819/659/1204 7820/653/1197 7821/658/1206
f 7822/658/1203 7823/653/1199 7824/659/1205
f 7825/660/1207 7826/629/1148 7827/628/1146
f 7828/660/1208 7829/659/1205 7830/628/1147
f 7831/661/1209 7832/665/1217 7833/629/1148
f 7834/629/1150 7835/665/1218 7836/661/1210
f 7837/660/1207 7838/658/1206 7839/662/1211
f 7840/660/1208 7841/661/1210 7842/662/1212
f 7843/661/1209 7844/662/1211 7845/663/1213
f 7846/663/1215 7847/662/1212 7848/661/1210
f 7849/664/1214 7850/666/1280 7851/665/1217
f 7852/664/1216 7853/661/1210 7854/665/1218
f 7855/667/1220 7856/671/1211 7857/668/1206
f 7858/668/1203 7859/671/1212 7860/667/1221
f 7861/667/1220 7862/669/1200 7863/663/1176
f 7864/663/1178 7865/669/1202 7866/667/1221
f 7867/667/1220 7868/662/1222 7869/670/1224
f 7870/662/1223 7871/667/1221 7872/657/1226
f 7873/657/1225 7874/656/1213 7875/671/1211
f 7876/657/1226 7877/667/1221 7878/671/1212
f 7879/672/1228 7880/649/1189 7881/652/1195
f 7882/672/1230 7883/673/1232 7884/652/1196
f 7885/673/1229 7886/652/1195 7887/626/1141
f 7888/626/1142 7889/652/1196 7890/673/1232
f 7891/674/1231 7892/676/1290 7893/675/1234
f 7894/674/1233 7895/673/1232 7896/675/1235
f 7897/673/1229 7898/675/1234 7899/677/1237
f 7900/677/1238 7901/675/1235 7902/673/1232
f 7903/678/1239 7904/680/1243 7905/634/1158
f 7906/634/1160 7907/680/1244 7908/678/1240
f 7909/650/1190 7910/649/1189 7911/672/1228
f 7912/650/1192 7913/678/1240 7914/672/1230
f 7915/672/1228 7916/677/1237 7917/679/1241
f 7918/672/1230 7919/678/1240 7920/679/1242
f 7921/679/1241 7922/681/1274 7923/680/1243
f 7924/679/1242 7925/678/1240 7926/680/1244
f 7927/682/1246 7928/642/1184 7929/646/1182
f 7930/682/1248 7931/683/1250 7932/646/1183
f 7933/683/1247 7934/646/1182 7935/619/1129
f 7936/619/1131 7937/646/1183 7938/683/1250
f 7939/684/1249 7940/686/1299 7941/685/1252
f 7942/684/1251 7943/683/1250 7944/685/1253
f 7945/683/1247 7946/685/1252 7947/687/1255
f 7948/687/1256 7949/685/1253 7950/683/1250
f 7951/688/1222 7952/643/1176 7953/641/1173
f 7954/688/1223 7955/689/1258 7956/641/1174
f 7957/689/1257 7958/641/1173 7959/642/1184
f 7960/642/1175 7961/641/1174 7962/689/1258
f 7963/682/1246 7964/687/1255 7965/690/1259
f 7966/682/1248 7967/689/1258 7968/690/1260
f 7969/689/1257 7970/690/1259 7971/691/1224
f 7972/691/1227 7973/690/1260 7974/689/1258
f 7975/692/1261 7976/696/1269 7977/614/1118
f 7978/614/1120 7979/696/1270 7980/692/1262
f 7981/638/1166 7982/636/1165 7983/693/1263
f 7984/638/1167 7985/692/1262 7986/693/1264
f 7987/692/1261 7988/693/1263 7989/694/1265
f 7990/694/1267 7991/693/1264 7992/692/1262
f 7993/695/1266 7994/697/1302 7995/696/1269
f 7996/695/1268 7997/692/1262 7998/696/1270
f 7999/698/1272 8000/693/1263 8001/636/1165
f 8002/636/1162 8003/693/1264 8004/698/1273
f 8005/635/1159 8006/634/1158 8007/680/1243
f 8008/635/1161 8009/698/1273 8010/680/1244
f 8011/698/1272 8012/680/1243 8013/681/1274
f 8014/681/1245 8015/680/1244 8016/698/1273
f 8017/699/1275 8018/694/1265 8019/693/1263
f 8020/699/1276 8021/698/1273 8022/693/1264
f 8023/700/1277 8024/702/1283 8025/625/1278
f 8026/625/1140 8027/702/1284 8028/700/1279
f 8029/630/1149 8030/629/1148 8031/665/1217
f 8032/630/1151 8033/700/1279 8034/665/1218
f 8035/700/1277 8036/665/1217 8037/666/1280
f 8038/666/1219 8039/665/1218 8040/700/1279
f 8041/701/1281 8042/703/1484 8043/702/1283
f 8044/701/1282 8045/700/1279 8046/702/1284
f 8047/704/1231 8048/626/1141 8049/624/1138
f 8050/704/1233 8051/705/1287 8052/624/1139
f 8053/705/1286 8054/624/1138 8055/625/1278
f 8056/625/1140 8057/624/1139 8058/705/1287
f 8059/702/1283 8060/703/1484 8061/706/1288
f 8062/702/1284 8063/705/1287 8064/706/1289
f 8065/705/1286 8066/706/1288 8067/707/1290
f 8068/707/1236 8069/706/1289 8070/705/1287
f 8071/684/1249 8072/619/1129 8073/618/1127
f 8074/684/1251 8075/708/1294 8076/618/1128
f 8077/708/1291 8078/618/1127 8079/616/1292
f 8080/616/1124 8081/618/1128 8082/708/1294
f 8083/709/1293 8084/711/1485 8085/710/1296
f 8086/709/1295 8087/708/1294 8088/710/1297
f 8089/708/1291 8090/710/1296 8091/686/1299
f 8092/686/1254 8093/710/1297 8094/708/1294
f 8095/712/1300 8096/709/1293 8097/616/1292
f 8098/616/1124 8099/709/1295 8100/712/1301
f 8101/615/1119 8102/614/1118 8103/696/1269
f 8104/615/1122 8105/712/1301 8106/696/1270
f 8107/712/1300 8108/696/1269 8109/697/1302
f 8110/697/1271 8111/696/1270 8112/712/1301
f 8113/713/1303 8114/711/1485 8115/709/1293
f 8116/713/1304 8117/712/1301 8118/709/1295
f 8119/714/1305 8120/768/1356 8121/715/1306
f 8122/717/1308 8123/714/1305 8124/716/1307
f 8125/719/1310 8126/810/1486 8127/720/1311
f 8128/721/1312 8129/728/1319 8130/722/1313
f 8131/724/1315 8132/726/1317 8133/723/1314
f 8134/724/1315 8135/751/1339 8136/725/1316
f 8137/727/1318 8138/722/1313 8139/728/1319
f 8140/730/1321 8141/759/1347 8142/731/1322
f 8143/733/1324 8144/732/1323 8145/734/1325
f 8146/736/1327 8147/742/1332 8148/737/1310
f 8149/739/1329 8150/763/1351 8151/740/1330
f 8152/741/1331 8153/740/1330 8154/742/1332
f 8155/743/1333 8156/736/1327 8157/738/1328
f 8158/745/1335 8159/739/1329 8160/741/1331
f 8161/746/1336 8162/741/1331 8163/736/1327
f 8164/716/1307 8165/749/1328 8166/719/1310
f 8167/747/1337 8168/730/1321 8169/732/1323
f 8170/716/1307 8171/715/1306 8172/748/1334
f 8173/724/1315 8174/753/1341 8175/750/1338
f 8176/732/1323 8177/731/1322 8178/752/1340
f 8179/722/1313 8180/727/1318 8181/753/1341
f 8182/754/1342 8183/747/1337 8184/733/1324
f 8185/755/1343 8186/733/1324 8187/735/1326
f 8188/755/1343 8189/758/1346 8190/757/1345
f 8191/756/1344 8192/811/1487 8193/758/1346
f 8194/759/1347 8195/729/1320 8196/728/1319
f 8197/752/1340 8198/731/1322 8199/728/1319
f 8200/725/1316 8201/751/1339 8202/760/1348
f 8203/762/1350 8204/760/1348 8205/751/1339
f 8206/745/1335 8207/757/1345 8208/758/1346
f 8209/758/1346 8210/811/1487 8211/763/1351
f 8212/764/1352 8213/769/1357 8214/765/1353
f 8215/761/1349 8216/760/1348 8217/765/1353
f 8218/766/1354 8219/765/1353 8220/760/1348
f 8221/768/1356 8222/714/1305 8223/769/1357
f 8224/727/1318 8225/729/1320 8226/770/1358
f 8227/727/1318 8228/771/1359 8229/772/1360
f 8230/729/1320 8231/759/1347 8232/773/1361
f 8233/774/1362 8234/773/1361 8235/759/1347
f 8236/772/1360 8237/776/1364 8238/750/1338
f 8239/775/1363 8240/762/1350 8241/750/1338
f 8242/766/1354 8243/787/1375 8244/777/1365
f 8245/778/1366 8246/768/1356 8247/764/1352
f 8248/779/1367 8249/715/1306 8250/768/1356
f 8251/780/1368 8252/774/1362 8253/730/1321
f 8254/781/1369 8255/780/1368 8256/747/1337
f 8257/754/1342 8258/757/1345 8259/782/1370
f 8260/757/1345 8261/745/1335 8262/783/1371
f 8263/783/1371 8264/745/1335 8265/746/1336
f 8266/715/1306 8267/779/1367 8268/785/1373
f 8269/784/1372 8270/746/1336 8271/743/1333
f 8272/762/1350 8273/775/1363 8274/787/1375
f 8275/786/1374 8276/743/1333 8277/744/1334
f 8278/789/1376 8279/742/1332 8280/740/1330
f 8281/789/1376 8282/809/1486 8283/737/1310
f 8284/778/1366 8285/796/1383 8286/791/1378
f 8287/781/1369 8288/782/1370 8289/792/1379
f 8290/784/1372 8291/797/1384 8292/794/1381
f 8293/778/1366 8294/777/1365 8295/795/1382
f 8296/786/1374 8297/801/1388 8298/797/1384
f 8299/787/1375 8300/807/1394 8301/795/1382
f 8302/774/1362 8303/803/1390 8304/798/1385
f 8305/772/1360 8306/771/1359 8307/799/1386
f 8308/788/1373 8309/812/1391 8310/801/1388
f 8311/782/1370 8312/783/1371 8313/794/1381
f 8314/774/1362 8315/780/1368 8316/802/1389
f 8317/779/1367 8318/791/1378 8319/804/1391
f 8320/773/1361 8321/798/1385 8322/805/1392
f 8323/771/1359 8324/770/1358 8325/805/1392
f 8326/780/1368 8327/781/1369 8328/793/1380
f 8329/787/1375 8330/775/1363 8331/806/1393
f 8332/775/1363 8333/776/1364 8334/808/1395
f 8335/776/1364 8336/772/1360 8337/800/1387
f 8338/714/1396 8339/716/1400 8340/715/1397
f 8341/717/1399 8342/718/1403 8343/716/1400
f 8344/720/1401 8345/810/1466 8346/719/1402
f 8347/722/1404 8348/728/1411 8349/721/1405
f 8350/723/1406 8351/726/1488 8352/724/1407
f 8353/724/1407 8354/726/1488 8355/725/1408
f 8356/727/1410 8357/729/1439 8358/728/1411
f 8359/731/1412 8360/759/1438 8361/730/1413
f 8362/734/1415 8363/732/1414 8364/733/1416
f 8365/736/1418 8366/738/1425 8367/737/1402
f 8368/739/1420 8369/741/1423 8370/740/1421
f 8371/741/1423 8372/736/1418 8373/742/1419
f 8374/743/1424 8375/744/1429 8376/738/1425
f 8377/745/1426 8378/746/1427 8379/741/1423
f 8380/746/1427 8381/743/1424 8382/736/1418
f 8383/719/1402 8384/749/1425 8385/716/1400
f 8386/732/1414 8387/730/1413 8388/747/1428
f 8389/716/1400 8390/749/1425 8391/748/1429
f 8392/724/1407 8393/751/1409 8394/750/1430
f 8395/752/1432 8396/731/1412 8397/732/1414
f 8398/722/1404 8399/724/1407 8400/753/1431
f 8401/754/1433 8402/755/1434 8403/733/1416
f 8404/755/1434 8405/756/1437 8406/735/1417
f 8407/757/1435 8408/758/1436 8409/755/1434
f 8410/758/1436 8411/811/1489 8412/756/1437
f 8413/759/1438 8414/731/1412 8415/728/1411
f 8416/728/1411 8417/731/1412 8418/752/1432
f 8419/760/1440 8420/751/1409 8421/725/1408
f 8422/751/1409 8423/760/1440 8424/762/1442
f 8425/745/1426 8426/739/1420 8427/758/1436
f 8428/763/1422 8429/811/1489 8430/758/1436
f 8431/764/1443 8432/766/1446 8433/765/1444
f 8434/761/1441 8435/767/1490 8436/765/1444
f 8437/766/1446 8438/762/1442 8439/760/1440
f 8440/768/1398 8441/764/1443 8442/769/1445
f 8443/770/1447 8444/729/1439 8445/727/1410
f 8446/727/1410 8447/753/1431 8448/772/1449
f 8449/773/1450 8450/759/1438 8451/729/1439
f 8452/759/1438 8453/773/1450 8454/774/1451
f 8455/750/1430 8456/776/1482 8457/772/1449
f 8458/775/1452 8459/776/1482 8460/750/1430
f 8461/766/1446 8462/764/1443 8463/777/1453
f 8464/778/1455 8465/777/1453 8466/764/1443
f 8467/779/1456 8468/778/1455 8469/768/1398
f 8470/730/1413 8471/774/1451 8472/780/1457
f 8473/747/1428 8474/780/1457 8475/781/1458
f 8476/782/1459 8477/757/1435 8478/754/1433
f 8479/783/1460 8480/745/1426 8481/757/1435
f 8482/783/1460 8483/784/1462 8484/746/1427
f 8485/715/1397 8486/748/1429 8487/785/1461
f 8488/784/1462 8489/786/1463 8490/743/1424
f 8491/762/1442 8492/766/1446 8493/787/1454
f 8494/786/1463 8495/788/1461 8496/744/1429
f 8497/740/1421 8498/742/1419 8499/789/1464
f 8500/789/1464 8501/742/1419 8502/737/1402
f 8503/791/1467 8504/796/1470 8505/778/1455
f 8506/781/1458 8507/793/1479 8508/792/1468
f 8509/794/1469 8510/797/1471 8511/784/1462
f 8512/796/1470 8513/795/1472 8514/777/1453
f 8515/797/1471 8516/801/1475 8517/786/1463
f 8518/795/1472 8519/807/1491 8520/787/1454
f 8521/798/1473 8522/803/1492 8523/774/1451
f 8524/772/1449 8525/800/1483 8526/799/1474
f 8527/801/1475 8528/812/1477 8529/788/1461
f 8530/782/1459 8531/792/1468 8532/794/1469
f 8533/774/1451 8534/803/1492 8535/802/1476
f 8536/804/1477 8537/791/1467 8538/779/1456
f 8539/805/1478 8540/798/1473 8541/773/1450
f 8542/771/1448 8543/799/1474 8544/805/1478
f 8545/780/1457 8546/802/1476 8547/793/1479
f 8548/787/1454 8549/807/1491 8550/806/1480
f 8551/775/1452 8552/806/1480 8553/808/1481
f 8554/776/1482 8555/808/1481 8556/800/1483
