# File produced by Open Asset Import Library (http://www.assimp.sf.net)
# (assimp v6.0.0)

mtllib warehouse.mtl

# 9708 vertex positions
v 21.2313499 0 38.4147415
v -21.2313499 0 -26.3113632
v -21.2313499 0 38.4147415
v 21.2313499 0 38.4147415
v 21.2313499 0 -26.3113632
v -21.2313499 0 -26.3113632
v 8.43700695 0.101000004 30.1400089
v 8.3014822 0.101000004 25.8441105
v 8.3014822 0.101000004 30.1400089
v 12.5870037 0.101000004 30.1400089
v 12.451479 0.101000004 25.8441105
v 12.451479 0.101000004 30.1400089
v 12.5969553 0.101000004 30.1358013
v 8.30106163 0.101000004 30.271328
v 12.5969553 0.101000004 30.271328
v 12.5969553 0.101000004 25.7158031
v 8.30106163 0.101000004 25.8513279
v 12.5969553 0.101000004 25.8513279
v 8.43700695 0.101000004 30.1400089
v 8.43700695 0.101000004 25.8441105
v 8.3014822 0.101000004 25.8441105
v 12.5870037 0.101000004 30.1400089
v 12.5870037 0.101000004 25.8441105
v 12.451479 0.101000004 25.8441105
v 12.5969553 0.101000004 30.1358013
v 8.30106163 0.101000004 30.1358013
v 8.30106163 0.101000004 30.271328
v 12.5969553 0.101000004 25.7158031
v 8.30106163 0.101000004 25.7158031
v 8.30106163 0.101000004 25.8513279
v 2.9470067 0.101000004 -11.1712418
v 2.81148148 0.101000004 -15.4671383
v 2.81148148 0.101000004 -11.1712418
v 7.09700298 0.101000004 -11.1712418
v 6.96147823 0.101000004 -15.4671383
v 6.96147823 0.101000004 -11.1712418
v 7.10695457 0.101000004 -11.1754475
v 2.81106138 0.101000004 -11.0399227
v 7.10695457 0.101000004 -11.0399227
v 7.10695457 0.101000004 -15.5954475
v 2.81106138 0.101000004 -15.4599218
v 7.10695457 0.101000004 -15.4599218
v 2.9470067 0.101000004 -11.1712418
v 2.9470067 0.101000004 -15.4671383
v 2.81148148 0.101000004 -15.4671383
v 7.09700298 0.101000004 -11.1712418
v 7.09700298 0.101000004 -15.4671383
v 6.96147823 0.101000004 -15.4671383
v 7.10695457 0.101000004 -11.1754475
v 2.81106138 0.101000004 -11.1754475
v 2.81106138 0.101000004 -11.0399227
v 7.10695457 0.101000004 -15.5954475
v 2.81106138 0.101000004 -15.5954475
v 2.81106138 0.101000004 -15.4599218
v -6.93106365 0.101000004 -11.1712418
v -7.0665884 0.101000004 -15.4671383
v -7.0665884 0.101000004 -11.1712418
v -2.78106689 0.101000004 -11.1712418
v -2.91659212 0.101000004 -15.4671383
v -2.91659212 0.101000004 -11.1712418
v -2.7711153 0.101000004 -11.1754475
v -7.06700897 0.101000004 -11.0399227
v -2.7711153 0.101000004 -11.0399227
v -2.7711153 0.101000004 -15.5954475
v -7.06700897 0.101000004 -15.4599218
v -2.7711153 0.101000004 -15.4599218
v -6.93106365 0.101000004 -11.1712418
v -6.93106365 0.101000004 -15.4671383
v -7.0665884 0.101000004 -15.4671383
v -2.78106689 0.101000004 -11.1712418
v -2.78106689 0.101000004 -15.4671383
v -2.91659212 0.101000004 -15.4671383
v -2.7711153 0.101000004 -11.1754475
v -7.06700897 0.101000004 -11.1754475
v -7.06700897 0.101000004 -11.0399227
v -2.7711153 0.101000004 -15.5954475
v -7.06700897 0.101000004 -15.5954475
v -7.06700897 0.101000004 -15.4599218
v 14.9696445 0.101000004 12.9001274
v 13.570715 0.101000004 13.0356522
v 14.9696445 0.101000004 13.0356522
v 14.9696455 0.101000004 8.47013187
v 13.5707169 0.101000004 8.60565758
v 14.9696455 0.101000004 8.60565758
v 14.9696445 0.101000004 12.9001274
v 13.570715 0.101000004 12.9001274
v 13.570715 0.101000004 13.0356522
v 14.9696455 0.101000004 8.47013187
v 13.5707169 0.101000004 8.47013187
v 13.5707169 0.101000004 8.60565758
v 13.7035427 0.101000004 12.8970013
v 13.568018 0.101000004 8.60110855
v 13.568018 0.101000004 12.8970013
v 14.9735432 0.101000004 12.8970013
v 14.8380184 0.101000004 8.60110855
v 14.8380184 0.101000004 12.8970013
v 13.7035427 0.101000004 12.8970013
v 13.7035427 0.101000004 8.60110855
v 13.568018 0.101000004 8.60110855
v 14.9735432 0.101000004 12.8970013
v 14.9735441 0.101000004 8.60110855
v 14.8380184 0.101000004 8.60110855
v 15 0.100000001 25
v -15 0.100000001 -25
v -15 0.100000001 25
v 15 0.100000001 25
v 15 0.100000001 -25
v -15 0.100000001 -25
v -15 10.1000013 0
v 0 12.6000004 -25
v 0 12.6000004 0
v 0 12.6000004 0
v 15 10.0999994 -25
v 15 10.0999994 0
v 0 12.6000004 25
v 15 10.0999994 0
v 15 10.0999994 25
v -15 10.1000013 25
v 0 12.6000004 0
v 0 12.6000004 25
v -15 10.1000013 0
v -15 10.1000013 -25
v 0 12.6000004 -25
v 0 12.6000004 0
v 0 12.6000004 -25
v 15 10.0999994 -25
v 0 12.6000004 25
v 0 12.6000004 0
v 15 10.0999994 0
v -15 10.1000013 25
v -15 10.1000013 0
v 0 12.6000004 0
v 14.8500004 9.72356987 0.124999002
v 14.8500004 9.59856987 0.249999002
v 14.8500004 9.59856987 0.124999002
v 7.42500019 10.0985699 0.124999501
v 14.8500004 10.0985699 -0.125000998
v 7.42500019 10.0985699 -0.125000507
v 0 9.72357082 -0.125
v -7.42500019 9.72357178 -0.249999493
v -7.42500019 9.72357178 -0.124999501
v 7.42500019 9.59856987 -0.125000507
v 14.8500004 9.59856987 0.124999002
v 7.42500019 9.59856987 0.124999501
v -14.8500004 9.72357178 -0.124999002
v -14.8500004 9.59857178 -0.124999002
v -14.8500004 9.59857178 0.125000998
v 14.8500004 9.72356987 0.124999002
v 14.8500004 9.59856987 0.124999002
v 14.8500004 9.59856987 -0.125000998
v 7.42500019 9.97356987 -0.125000507
v 14.8500004 9.97356987 -0.250001013
v 14.8500004 9.97356987 -0.125000998
v 0 9.97357082 -0.125
v -7.42500019 9.84857178 -0.124999501
v -7.42500019 9.97357178 -0.124999501
v 14.8500004 9.97356987 -0.125000998
v 7.42500019 9.84856987 -0.125000507
v 7.42500019 9.97356987 -0.125000507
v 7.42500019 9.97356987 -0.125000507
v 0 9.84857082 -0.125
v 0 9.97357082 -0.125
v 0 10.0985708 -0.125
v -7.42500019 10.0985718 -0.249999493
v -7.42500019 10.0985718 -0.124999501
v -7.42500019 9.72357178 -0.124999501
v -14.8500004 9.72357178 -0.249999002
v -14.8500004 9.72357178 -0.124999002
v -7.42500019 9.97357178 -0.124999501
v -14.8500004 9.84857178 -0.124999002
v -14.8500004 9.97357178 -0.124999002
v 7.42500019 9.59856987 -0.125000507
v 14.8500004 9.59856987 -0.250001013
v 14.8500004 9.59856987 -0.125000998
v 7.42500019 10.0985699 -0.125000507
v 0 10.0985708 -0.25
v 0 10.0985708 -0.125
v 0 9.97357082 -0.125
v 7.42500019 9.97356987 -0.250000507
v 7.42500019 9.97356987 -0.125000507
v -7.42500019 9.84857178 -0.124999501
v -14.8500004 9.72357178 -0.124999002
v -14.8500004 9.84857178 -0.124999002
v 0 9.84857082 -0.125
v -7.42500019 9.72357178 -0.124999501
v -7.42500019 9.84857178 -0.124999501
v 14.8500004 9.97356987 -0.125000998
v 14.8500004 10.0985699 -0.250001013
v 14.8500004 10.0985699 -0.125000998
v 7.42500019 9.84856987 -0.125000507
v 0 9.72357082 -0.125
v 0 9.84857082 -0.125
v 14.8500004 9.84856987 -0.125000998
v 7.42500019 9.72356987 -0.125000507
v 7.42500019 9.84856987 -0.125000507
v 14.8500004 9.72356987 -0.250001013
v 7.42500019 9.59856987 -0.250000507
v 7.42500019 9.72356987 -0.250000507
v 0 9.72357082 -0.25
v -7.42500019 9.59857178 -0.249999493
v -7.42500019 9.72357178 -0.249999493
v 7.42500019 10.0985699 -0.250000507
v 0 9.97357082 -0.25
v 0 10.0985708 -0.25
v 14.8500004 10.0985699 -0.250001013
v 7.42500019 9.97356987 -0.250000507
v 7.42500019 10.0985699 -0.250000507
v -7.42500019 10.0985718 -0.249999493
v -14.8500004 9.97357178 -0.249999002
v -14.8500004 10.0985718 -0.249999002
v 0 10.0985708 -0.25
v -7.42500019 9.97357178 -0.249999493
v -7.42500019 10.0985718 -0.249999493
v -7.42500019 9.72357178 -0.249999493
v -14.8500004 9.59857178 -0.249999002
v -14.8500004 9.72357178 -0.249999002
v 7.42500019 9.72356987 -0.250000507
v 0 9.59857082 -0.25
v 0 9.72357082 -0.25
v -7.42500019 10.0985718 -0.124999501
v -14.8500004 10.0985718 -0.249999002
v -14.8500004 10.0985718 -0.124999002
v -14.8500004 10.0985718 -0.124999002
v -14.8500004 9.97357178 -0.249999002
v -14.8500004 9.97357178 -0.124999002
v 0 9.59857082 -0.125
v 7.42500019 9.59856987 -0.250000507
v 7.42500019 9.59856987 -0.125000507
v 14.8500004 9.59856987 -0.125000998
v 14.8500004 9.72356987 -0.250001013
v 14.8500004 9.72356987 -0.125000998
v -7.42500019 9.59857178 -0.124999501
v 0 9.59857082 -0.25
v 0 9.59857082 -0.125
v -14.8500004 9.97357178 -0.124999002
v -7.42500019 9.97357178 -0.249999493
v -7.42500019 9.97357178 -0.124999501
v 7.42500019 9.72356987 -0.125000507
v 0 9.72357082 -0.25
v 0 9.72357082 -0.125
v -14.8500004 9.59857178 -0.124999002
v -7.42500019 9.59857178 -0.249999493
v -7.42500019 9.59857178 -0.124999501
v 14.8500004 10.0985699 -0.125000998
v 7.42500019 10.0985699 -0.250000507
v 7.42500019 10.0985699 -0.125000507
v -7.42500019 9.97357178 -0.124999501
v 0 9.97357082 -0.25
v 0 9.97357082 -0.125
v 14.8500004 9.72356987 -0.125000998
v 7.42500019 9.72356987 -0.250000507
v 7.42500019 9.72356987 -0.125000507
v -14.8500004 9.72357178 -0.124999002
v -14.8500004 9.59857178 -0.249999002
v -14.8500004 9.59857178 -0.124999002
v 14.8500004 9.59856987 0.124999002
v 7.42500019 9.59856987 0.249999493
v 7.42500019 9.59856987 0.124999501
v 0 9.72357082 0.125
v -7.42500019 9.84857178 0.125000507
v -7.42500019 9.72357178 0.125000507
v 14.8500004 9.72356987 0.124999002
v 7.42500019 9.84856987 0.124999501
v 7.42500019 9.72356987 0.124999501
v 7.42500019 9.72356987 0.124999501
v 0 9.84857082 0.125
v 0 9.72357082 0.125
v -7.42500019 9.59857178 0.125000507
v -14.8500004 9.59857178 0.250001013
v -14.8500004 9.59857178 0.125000998
v 14.8500004 9.97356987 0.124999002
v 7.42500019 9.97356987 0.249999493
v 7.42500019 9.97356987 0.124999501
v -7.42500019 9.72357178 0.125000507
v -14.8500004 9.84857178 0.125000998
v -14.8500004 9.72357178 0.125000998
v -14.8500004 9.59857178 0.125000998
v -14.8500004 9.72357178 0.250001013
v -14.8500004 9.72357178 0.125000998
v -7.42500019 9.72357178 0.125000507
v 0 9.72357082 0.25
v 0 9.72357082 0.125
v -14.8500004 9.97357178 0.125000998
v -14.8500004 10.0985718 0.250001013
v -14.8500004 10.0985718 0.125000998
v -7.42500019 9.84857178 0.125000507
v -14.8500004 9.97357178 0.125000998
v -14.8500004 9.84857178 0.125000998
v 0 9.84857082 0.125
v -7.42500019 9.97357178 0.125000507
v -7.42500019 9.84857178 0.125000507
v 7.42500019 9.97356987 0.124999501
v 0 9.97357082 0.25
v 0 9.97357082 0.125
v 7.42500019 9.84856987 0.124999501
v 0 9.97357082 0.125
v 0 9.84857082 0.125
v 14.8500004 9.84856987 0.124999002
v 7.42500019 9.97356987 0.124999501
v 7.42500019 9.84856987 0.124999501
v 14.8500004 9.97356987 0.249999002
v 7.42500019 10.0985699 0.249999493
v 7.42500019 9.97356987 0.249999493
v 0 9.97357082 0.25
v -7.42500019 10.0985718 0.250000507
v -7.42500019 9.97357178 0.250000507
v 7.42500019 9.59856987 0.249999493
v 0 9.72357082 0.25
v 0 9.59857082 0.25
v 14.8500004 9.59856987 0.249999002
v 7.42500019 9.72356987 0.249999493
v 7.42500019 9.59856987 0.249999493
v -7.42500019 9.59857178 0.250000507
v -14.8500004 9.72357178 0.250001013
v -14.8500004 9.59857178 0.250001013
v 0 9.59857082 0.25
v -7.42500019 9.72357178 0.250000507
v -7.42500019 9.59857178 0.250000507
v -7.42500019 9.97357178 0.250000507
v -14.8500004 10.0985718 0.250001013
v -14.8500004 9.97357178 0.250001013
v 7.42500019 9.97356987 0.249999493
v 0 10.0985708 0.25
v 0 9.97357082 0.25
v 0 9.72357082 0.125
v 7.42500019 9.72356987 0.249999493
v 7.42500019 9.72356987 0.124999501
v 14.8500004 10.0985699 0.124999002
v 14.8500004 9.97356987 0.249999002
v 14.8500004 9.97356987 0.124999002
v 7.42500019 10.0985699 0.124999501
v 14.8500004 10.0985699 0.249999002
v 14.8500004 10.0985699 0.124999002
v -7.42500019 9.97357178 0.125000507
v -14.8500004 9.97357178 0.250001013
v -14.8500004 9.97357178 0.125000998
v 7.42500019 9.72356987 0.124999501
v 14.8500004 9.72356987 0.249999002
v 14.8500004 9.72356987 0.124999002
v -14.8500004 10.0985718 0.125000998
v -7.42500019 10.0985718 0.250000507
v -7.42500019 10.0985718 0.125000507
v 0 9.59857082 0.125
v -7.42500019 9.59857178 0.250000507
v -7.42500019 9.59857178 0.125000507
v 0 9.97357082 0.125
v -7.42500019 9.97357178 0.250000507
v -7.42500019 9.97357178 0.125000507
v 7.42500019 9.59856987 0.124999501
v 0 9.59857082 0.25
v 0 9.59857082 0.125
v 0 10.0985708 0.125
v 7.42500019 10.0985699 0.249999493
v 7.42500019 10.0985699 0.124999501
v -7.42500019 10.0985718 0.125000507
v 0 10.0985708 0.25
v 0 10.0985708 0.125
v -14.8500004 9.72357178 0.125000998
v -7.42500019 9.72357178 0.250000507
v -7.42500019 9.72357178 0.125000507
v 7.30124903 9.59856987 0.124999881
v 7.17749977 9.59856987 0.249999911
v 7.30124903 9.59856987 0.249999896
v 7.30125093 7.22357035 -0.250000119
v 7.30124903 9.59856987 -0.250000119
v 7.54874992 9.59856987 -0.250000149
v 7.54874992 4.84857035 0.124999866
v 7.67250061 2.47357035 0.124999858
v 7.54874992 2.47357035 0.124999866
v 7.54874992 9.59856987 0.249999881
v 7.30124903 9.59856987 0.249999896
v 7.30124903 7.22357035 0.249999896
v 7.54874992 0.09856987 0.124999866
v 7.54874992 0.09856987 0.249999881
v 7.30125093 0.09856987 0.249999896
v 7.30124903 9.59856987 0.124999881
v 7.30124903 9.59856987 0.249999896
v 7.54874992 9.59856987 0.249999881
v 7.54874992 7.22357035 -0.125000179
v 7.67250061 9.59856987 -0.125000179
v 7.54874992 9.59856987 -0.125000179
v 7.54874992 4.84857035 -0.125000179
v 7.54874992 2.47357035 -1.75034586e-07
v 7.54874992 2.47357035 -0.125000179
v 7.54874992 9.59856987 -0.125000179
v 7.54874992 7.22357035 -1.75034586e-07
v 7.54874992 7.22357035 -0.125000179
v 7.54874992 7.22357035 -0.125000179
v 7.54874992 4.84857035 -1.75034586e-07
v 7.54874992 4.84857035 -0.125000179
v 7.54874992 4.84857035 -0.250000149
v 7.67250061 2.47357035 -0.250000149
v 7.54874992 2.47357035 -0.250000149
v 7.54874992 2.47357035 0.124999866
v 7.67250061 0.09856987 0.124999858
v 7.54874992 0.09856987 0.124999866
v 7.54874992 2.47357035 -0.125000179
v 7.54874992 0.09856987 -1.75034586e-07
v 7.54874992 0.09856987 -0.125000179
v 7.54874992 7.22357035 0.249999881
v 7.67250061 9.59856987 0.249999866
v 7.54874992 9.59856987 0.249999881
v 7.54874992 7.22357035 -0.250000149
v 7.67250061 4.84857035 -0.250000149
v 7.54874992 4.84857035 -0.250000149
v 7.54874992 4.84857035 -0.125000179
v 7.67250061 7.22357035 -0.125000179
v 7.54874992 7.22357035 -0.125000179
v 7.54874992 2.47357035 -1.75034586e-07
v 7.54874992 0.09856987 0.124999866
v 7.54874992 0.09856987 -1.75034586e-07
v 7.54874992 4.84857035 -1.75034586e-07
v 7.54874992 2.47357035 0.124999866
v 7.54874992 2.47357035 -1.75034586e-07
v 7.54874992 9.59856987 -0.125000179
v 7.67250061 9.59856987 -0.250000149
v 7.54874992 9.59856987 -0.250000149
v 7.54874992 7.22357035 -1.75034586e-07
v 7.54874992 4.84857035 0.124999866
v 7.54874992 4.84857035 -1.75034586e-07
v 7.54874992 9.59856987 -1.75034586e-07
v 7.54874992 7.22357035 0.124999866
v 7.54874992 7.22357035 -1.75034586e-07
v 7.67250061 9.59856987 0.124999858
v 7.67250061 7.22357035 0.249999866
v 7.67250061 7.22357035 0.124999858
v 7.67250061 4.84857035 0.124999858
v 7.67250061 2.47357035 0.249999866
v 7.67250061 2.47357035 0.124999858
v 7.67250061 7.22357035 -0.250000149
v 7.67250061 4.84857035 -0.125000179
v 7.67250061 4.84857035 -0.250000149
v 7.67250061 9.59856987 -0.250000149
v 7.67250061 7.22357035 -0.125000179
v 7.67250061 7.22357035 -0.250000149
v 7.67250061 2.47357035 -0.250000149
v 7.67250061 0.09856987 -0.125000179
v 7.67250061 0.09856987 -0.250000149
v 7.67250061 4.84857035 -0.250000149
v 7.67250061 2.47357035 -0.125000179
v 7.67250061 2.47357035 -0.250000149
v 7.67250061 2.47357035 0.124999858
v 7.67250061 0.09856987 0.249999866
v 7.67250061 0.09856987 0.124999858
v 7.67250061 7.22357035 0.124999858
v 7.67250061 4.84857035 0.249999866
v 7.67250061 4.84857035 0.124999858
v 7.54874992 2.47357035 -0.250000149
v 7.67250061 0.09856987 -0.250000149
v 7.54874992 0.09856987 -0.250000149
v 7.54874992 0.09856987 -0.125000179
v 7.67250061 0.09856987 -0.250000149
v 7.67250061 0.09856987 -0.125000179
v 7.54874992 4.84857035 0.249999881
v 7.67250061 7.22357035 0.249999866
v 7.54874992 7.22357035 0.249999881
v 7.54874992 9.59856987 0.249999881
v 7.67250061 9.59856987 0.124999858
v 7.54874992 9.59856987 0.124999866
v 7.54874992 2.47357035 0.249999881
v 7.67250061 4.84857035 0.249999866
v 7.54874992 4.84857035 0.249999881
v 7.54874992 0.09856987 -0.125000179
v 7.67250061 2.47357035 -0.125000179
v 7.54874992 2.47357035 -0.125000179
v 7.54874992 7.22357035 0.124999866
v 7.67250061 4.84857035 0.124999858
v 7.54874992 4.84857035 0.124999866
v 7.54874992 0.09856987 0.249999881
v 7.67250061 2.47357035 0.249999866
v 7.54874992 2.47357035 0.249999881
v 7.54874992 9.59856987 -0.250000149
v 7.67250061 7.22357035 -0.250000149
v 7.54874992 7.22357035 -0.250000149
v 7.54874992 2.47357035 -0.125000179
v 7.67250061 4.84857035 -0.125000179
v 7.54874992 4.84857035 -0.125000179
v 7.54874992 9.59856987 0.124999866
v 7.67250061 7.22357035 0.124999858
v 7.54874992 7.22357035 0.124999866
v 7.54874992 0.09856987 0.249999881
v 7.67250061 0.09856987 0.124999858
v 7.67250061 0.09856987 0.249999866
v 7.30124903 9.59856987 0.249999896
v 7.17749977 7.22357035 0.249999911
v 7.30124903 7.22357035 0.249999896
v 7.30125093 4.84857035 0.124999881
v 7.30125093 2.47357035 -1.69295447e-07
v 7.30125093 2.47357035 0.124999881
v 7.30124903 9.59856987 0.124999881
v 7.30125093 7.22357035 -1.69295447e-07
v 7.30125093 7.22357035 0.124999881
v 7.30125093 7.22357035 0.124999881
v 7.30125093 4.84857035 -1.69295447e-07
v 7.30125093 4.84857035 0.124999881
v 7.30125093 2.47357035 0.249999896
v 7.1775012 0.09856987 0.249999911
v 7.30125093 0.09856987 0.249999896
v 7.30124903 9.59856987 -0.125000164
v 7.17749977 7.22357035 -0.125000164
v 7.30125093 7.22357035 -0.125000164
v 7.30125093 2.47357035 0.124999881
v 7.30125093 0.09856987 -1.69295447e-07
v 7.30125093 0.09856987 0.124999881
v 7.30125093 0.09856987 0.249999896
v 7.1775012 0.09856987 0.124999888
v 7.30125093 0.09856987 0.124999881
v 7.30125093 2.47357035 0.124999881
v 7.17749977 4.84857035 0.124999888
v 7.30125093 4.84857035 0.124999881
v 7.30125093 0.09856987 -0.250000119
v 7.1775012 0.09856987 -0.125000164
v 7.1775012 0.09856987 -0.250000119
v 7.30125093 2.47357035 -1.69295447e-07
v 7.30125093 0.09856987 -0.125000164
v 7.30125093 0.09856987 -1.69295447e-07
v 7.30125093 4.84857035 -1.69295447e-07
v 7.30125093 2.47357035 -0.125000164
v 7.30125093 2.47357035 -1.69295447e-07
v 7.30125093 7.22357035 -0.125000164
v 7.17749977 4.84857035 -0.125000164
v 7.30125093 4.84857035 -0.125000164
v 7.30125093 7.22357035 -1.69295447e-07
v 7.30125093 4.84857035 -0.125000164
v 7.30125093 4.84857035 -1.69295447e-07
v 7.30124903 9.59856987 -1.69295333e-07
v 7.30125093 7.22357035 -0.125000164
v 7.30125093 7.22357035 -1.69295447e-07
v 7.17749977 9.59856987 -0.125000164
v 7.17749977 7.22357035 -0.250000119
v 7.17749977 7.22357035 -0.125000164
v 7.17749977 4.84857035 -0.125000164
v 7.1775012 2.47357035 -0.250000119
v 7.1775012 2.47357035 -0.125000164
v 7.17749977 7.22357035 0.249999911
v 7.17749977 4.84857035 0.124999888
v 7.17749977 4.84857035 0.249999911
v 7.17749977 9.59856987 0.249999911
v 7.17749977 7.22357035 0.124999888
v 7.17749977 7.22357035 0.249999911
v 7.1775012 2.47357035 0.249999911
v 7.1775012 0.09856987 0.124999888
v 7.1775012 0.09856987 0.249999911
v 7.17749977 4.84857035 0.249999911
v 7.1775012 2.47357035 0.124999888
v 7.1775012 2.47357035 0.249999911
v 7.1775012 2.47357035 -0.125000164
v 7.1775012 0.09856987 -0.250000119
v 7.1775012 0.09856987 -0.125000164
v 7.17749977 7.22357035 -0.125000164
v 7.17749977 4.84857035 -0.250000119
v 7.17749977 4.84857035 -0.125000164
v 7.30125093 4.84857035 0.124999881
v 7.17749977 7.22357035 0.124999888
v 7.30125093 7.22357035 0.124999881
v 7.30124903 9.59856987 -0.250000119
v 7.17749977 9.59856987 -0.125000164
v 7.30124903 9.59856987 -0.125000164
v 7.30125093 7.22357035 -0.250000119
v 7.17749977 9.59856987 -0.250000119
v 7.30124903 9.59856987 -0.250000119
v 7.30125093 2.47357035 -0.125000164
v 7.1775012 0.09856987 -0.125000164
v 7.30125093 0.09856987 -0.125000164
v 7.30125093 7.22357035 0.124999881
v 7.17749977 9.59856987 0.124999888
v 7.30124903 9.59856987 0.124999881
v 7.30125093 0.09856987 -0.250000119
v 7.1775012 2.47357035 -0.250000119
v 7.30125093 2.47357035 -0.250000119
v 7.30125093 4.84857035 0.249999896
v 7.1775012 2.47357035 0.249999911
v 7.30125093 2.47357035 0.249999896
v 7.30125093 4.84857035 -0.125000164
v 7.1775012 2.47357035 -0.125000164
v 7.30125093 2.47357035 -0.125000164
v 7.30124903 7.22357035 0.249999896
v 7.17749977 4.84857035 0.249999911
v 7.30125093 4.84857035 0.249999896
v 7.30125093 4.84857035 -0.250000119
v 7.17749977 7.22357035 -0.250000119
v 7.30125093 7.22357035 -0.250000119
v 7.30125093 2.47357035 -0.250000119
v 7.17749977 4.84857035 -0.250000119
v 7.30125093 4.84857035 -0.250000119
v 7.30125093 0.09856987 0.124999881
v 7.1775012 2.47357035 0.124999888
v 7.30125093 2.47357035 0.124999881
v -7.54874992 9.59856987 0.125000179
v -7.67250061 9.59856987 0.250000149
v -7.54874992 9.59856987 0.250000149
v -7.54874992 9.59856987 -0.249999881
v -7.30125093 9.59856987 -0.249999896
v -7.30125093 7.22356892 -0.249999896
v -7.30125093 4.84856892 0.125000164
v -7.17749977 2.47356892 0.125000164
v -7.30125093 2.47356892 0.125000164
v -7.30125093 7.22356892 0.250000119
v -7.54874992 9.59856987 0.250000149
v -7.54874992 7.22356892 0.250000149
v -7.30124903 0.0985689163 0.125000164
v -7.30124903 0.0985689163 0.250000119
v -7.54874992 0.0985689163 0.250000149
v -7.54874992 9.59856987 0.125000179
v -7.54874992 9.59856987 0.250000149
v -7.30125093 9.59856987 0.250000119
v -7.30125093 7.22356892 -0.124999881
v -7.1775012 9.59856987 -0.124999888
v -7.30125093 9.59856987 -0.124999881
v -7.30125093 4.84856892 -0.124999881
v -7.30125093 2.47356892 1.69295447e-07
v -7.30125093 2.47356892 -0.124999881
v -7.30125093 9.59856987 -0.124999881
v -7.30125093 7.22356892 1.69295447e-07
v -7.30125093 7.22356892 -0.124999881
v -7.30125093 7.22356892 -0.124999881
v -7.30125093 4.84856892 1.69295447e-07
v -7.30125093 4.84856892 -0.124999881
v -7.30125093 4.84856892 -0.249999896
v -7.17749977 2.47356892 -0.249999911
v -7.30124903 2.47356892 -0.249999896
v -7.30125093 2.47356892 0.125000164
v -7.17749977 0.0985689163 0.125000164
v -7.30124903 0.0985689163 0.125000164
v -7.30125093 2.47356892 -0.124999881
v -7.30124903 0.0985689163 1.69295333e-07
v -7.30124903 0.0985689163 -0.124999881
v -7.30125093 7.22356892 0.250000119
v -7.1775012 9.59856987 0.250000119
v -7.30125093 9.59856987 0.250000119
v -7.30125093 7.22356892 -0.249999896
v -7.17749977 4.84856892 -0.249999911
v -7.30125093 4.84856892 -0.249999896
v -7.30125093 4.84856892 -0.124999881
v -7.1775012 7.22356892 -0.124999888
v -7.30125093 7.22356892 -0.124999881
v -7.30125093 2.47356892 1.69295447e-07
v -7.30124903 0.0985689163 0.125000164
v -7.30124903 0.0985689163 1.69295333e-07
v -7.30125093 4.84856892 1.69295447e-07
v -7.30125093 2.47356892 0.125000164
v -7.30125093 2.47356892 1.69295447e-07
v -7.30125093 9.59856987 -0.124999881
v -7.1775012 9.59856987 -0.249999911
v -7.30125093 9.59856987 -0.249999896
v -7.30125093 7.22356892 1.69295447e-07
v -7.30125093 4.84856892 0.125000164
v -7.30125093 4.84856892 1.69295447e-07
v -7.30125093 9.59856987 1.69295447e-07
v -7.30125093 7.22356892 0.125000164
v -7.30125093 7.22356892 1.69295447e-07
v -7.1775012 9.59856987 0.125000164
v -7.1775012 7.22356892 0.250000119
v -7.1775012 7.22356892 0.125000164
v -7.17749977 4.84856892 0.125000164
v -7.17749977 2.47356892 0.250000119
v -7.17749977 2.47356892 0.125000164
v -7.1775012 7.22356892 -0.249999911
v -7.17749977 4.84856892 -0.124999888
v -7.17749977 4.84856892 -0.249999911
v -7.1775012 9.59856987 -0.249999911
v -7.1775012 7.22356892 -0.124999888
v -7.1775012 7.22356892 -0.249999911
v -7.17749977 2.47356892 -0.249999911
v -7.17749977 0.0985689163 -0.124999888
v -7.17749977 0.0985689163 -0.249999911
v -7.17749977 4.84856892 -0.249999911
v -7.17749977 2.47356892 -0.124999888
v -7.17749977 2.47356892 -0.249999911
v -7.17749977 2.47356892 0.125000164
v -7.17749977 0.0985689163 0.250000119
v -7.17749977 0.0985689163 0.125000164
v -7.1775012 7.22356892 0.125000164
v -7.17749977 4.84856892 0.250000119
v -7.17749977 4.84856892 0.125000164
v -7.30124903 2.47356892 -0.249999896
v -7.17749977 0.0985689163 -0.249999911
v -7.30124903 0.0985689163 -0.249999896
v -7.30124903 0.0985689163 -0.249999896
v -7.17749977 0.0985689163 -0.124999888
v -7.30124903 0.0985689163 -0.124999881
v -7.30125093 4.84856892 0.250000119
v -7.1775012 7.22356892 0.250000119
v -7.30125093 7.22356892 0.250000119
v -7.30125093 9.59856987 0.250000119
v -7.1775012 9.59856987 0.125000164
v -7.30125093 9.59856987 0.125000164
v -7.30125093 2.47356892 0.250000119
v -7.17749977 4.84856892 0.250000119
v -7.30125093 4.84856892 0.250000119
v -7.30124903 0.0985689163 -0.124999881
v -7.17749977 2.47356892 -0.124999888
v -7.30125093 2.47356892 -0.124999881
v -7.30125093 7.22356892 0.125000164
v -7.17749977 4.84856892 0.125000164
v -7.30125093 4.84856892 0.125000164
v -7.30124903 0.0985689163 0.250000119
v -7.17749977 2.47356892 0.250000119
v -7.30125093 2.47356892 0.250000119
v -7.30125093 9.59856987 -0.249999896
v -7.1775012 7.22356892 -0.249999911
v -7.30125093 7.22356892 -0.249999896
v -7.30125093 2.47356892 -0.124999881
v -7.17749977 4.84856892 -0.124999888
v -7.30125093 4.84856892 -0.124999881
v -7.30125093 9.59856987 0.125000164
v -7.1775012 7.22356892 0.125000164
v -7.30125093 7.22356892 0.125000164
v -7.30124903 0.0985689163 0.250000119
v -7.17749977 0.0985689163 0.125000164
v -7.17749977 0.0985689163 0.250000119
v -7.54874992 9.59856987 0.250000149
v -7.67250061 7.22356892 0.250000149
v -7.54874992 7.22356892 0.250000149
v -7.54874992 4.84856892 0.125000179
v -7.54874992 2.47356892 1.75034586e-07
v -7.54874992 2.47356892 0.125000179
v -7.54874992 9.59856987 0.125000179
v -7.54874992 7.22356892 1.75034586e-07
v -7.54874992 7.22356892 0.125000179
v -7.54874992 7.22356892 0.125000179
v -7.54874992 4.84856892 1.75034586e-07
v -7.54874992 4.84856892 0.125000179
v -7.54874992 2.47356892 0.250000149
v -7.67250061 0.0985689163 0.250000149
v -7.54874992 0.0985689163 0.250000149
v -7.54874992 9.59856987 -0.124999866
v -7.67250061 7.22356892 -0.124999858
v -7.54874992 7.22356892 -0.124999866
v -7.54874992 2.47356892 0.125000179
v -7.54874992 0.0985689163 1.75034586e-07
v -7.54874992 0.0985689163 0.125000179
v -7.54874992 0.0985689163 0.125000179
v -7.67250061 0.0985689163 0.250000149
v -7.67250061 0.0985689163 0.125000179
v -7.54874992 2.47356892 0.125000179
v -7.67250061 4.84856892 0.125000179
v -7.54874992 4.84856892 0.125000179
v -7.54874992 0.0985689163 -0.249999881
v -7.67250061 0.0985689163 -0.124999858
v -7.67250061 0.0985689163 -0.249999866
v -7.54874992 2.47356892 1.75034586e-07
v -7.54874992 0.0985689163 -0.124999866
v -7.54874992 0.0985689163 1.75034586e-07
v -7.54874992 4.84856892 1.75034586e-07
v -7.54874992 2.47356892 -0.124999866
v -7.54874992 2.47356892 1.75034586e-07
v -7.54874992 7.22356892 -0.124999866
v -7.67250061 4.84856892 -0.124999858
v -7.54874992 4.84856892 -0.124999866
v -7.54874992 7.22356892 1.75034586e-07
v -7.54874992 4.84856892 -0.124999866
v -7.54874992 4.84856892 1.75034586e-07
v -7.54874992 9.59856987 1.75034586e-07
v -7.54874992 7.22356892 -0.124999866
v -7.54874992 7.22356892 1.75034586e-07
v -7.67250061 9.59856987 -0.124999858
v -7.67250061 7.22356892 -0.249999866
v -7.67250061 7.22356892 -0.124999858
v -7.67250061 4.84856892 -0.124999858
v -7.67250061 2.47356892 -0.249999866
v -7.67250061 2.47356892 -0.124999858
v -7.67250061 7.22356892 0.250000149
v -7.67250061 4.84856892 0.125000179
v -7.67250061 4.84856892 0.250000149
v -7.67250061 9.59856987 0.250000149
v -7.67250061 7.22356892 0.125000179
v -7.67250061 7.22356892 0.250000149
v -7.67250061 2.47356892 0.250000149
v -7.67250061 0.0985689163 0.125000179
v -7.67250061 0.0985689163 0.250000149
v -7.67250061 4.84856892 0.250000149
v -7.67250061 2.47356892 0.125000179
v -7.67250061 2.47356892 0.250000149
v -7.67250061 2.47356892 -0.124999858
v -7.67250061 0.0985689163 -0.249999866
v -7.67250061 0.0985689163 -0.124999858
v -7.67250061 7.22356892 -0.124999858
v -7.67250061 4.84856892 -0.249999866
v -7.67250061 4.84856892 -0.124999858
v -7.54874992 4.84856892 0.125000179
v -7.67250061 7.22356892 0.125000179
v -7.54874992 7.22356892 0.125000179
v -7.54874992 9.59856987 -0.249999881
v -7.67250061 9.59856987 -0.124999858
v -7.54874992 9.59856987 -0.124999866
v -7.54874992 7.22356892 -0.249999881
v -7.67250061 9.59856987 -0.249999866
v -7.54874992 9.59856987 -0.249999881
v -7.54874992 2.47356892 -0.124999866
v -7.67250061 0.0985689163 -0.124999858
v -7.54874992 0.0985689163 -0.124999866
v -7.54874992 7.22356892 0.125000179
v -7.67250061 9.59856987 0.125000179
v -7.54874992 9.59856987 0.125000179
v -7.54874992 0.0985689163 -0.249999881
v -7.67250061 2.47356892 -0.249999866
v -7.54874992 2.47356892 -0.249999881
v -7.54874992 4.84856892 0.250000149
v -7.67250061 2.47356892 0.250000149
v -7.54874992 2.47356892 0.250000149
v -7.54874992 4.84856892 -0.124999866
v -7.67250061 2.47356892 -0.124999858
v -7.54874992 2.47356892 -0.124999866
v -7.54874992 7.22356892 0.250000149
v -7.67250061 4.84856892 0.250000149
v -7.54874992 4.84856892 0.250000149
v -7.54874992 4.84856892 -0.249999881
v -7.67250061 7.22356892 -0.249999866
v -7.54874992 7.22356892 -0.249999881
v -7.54874992 2.47356892 -0.249999881
v -7.67250061 4.84856892 -0.249999866
v -7.54874992 4.84856892 -0.249999881
v -7.54874992 0.0985689163 0.125000179
v -7.67250061 2.47356892 0.125000179
v -7.54874992 2.47356892 0.125000179
v 7.30124903 9.59856987 -7.37500048
v 7.17749977 9.59856987 -7.25000048
v 7.30124903 9.59856987 -7.25000048
v 7.30125093 7.22357035 -7.75000048
v 7.30124903 9.59856987 -7.75000048
v 7.54874992 9.59856987 -7.75000048
v 7.54874992 4.84857035 -7.37500048
v 7.67250061 2.47357035 -7.37500048
v 7.54874992 2.47357035 -7.37500048
v 7.54874992 9.59856987 -7.25000048
v 7.30124903 9.59856987 -7.25000048
v 7.30124903 7.22357035 -7.25000048
v 7.54874992 0.09856987 -7.37500048
v 7.54874992 0.09856987 -7.25000048
v 7.30125093 0.09856987 -7.25000048
v 7.30124903 9.59856987 -7.37500048
v 7.30124903 9.59856987 -7.25000048
v 7.54874992 9.59856987 -7.25000048
v 7.54874992 7.22357035 -7.62500048
v 7.67250061 9.59856987 -7.62500048
v 7.54874992 9.59856987 -7.62500048
v 7.54874992 4.84857035 -7.62500048
v 7.54874992 2.47357035 -7.50000048
v 7.54874992 2.47357035 -7.62500048
v 7.54874992 9.59856987 -7.62500048
v 7.54874992 7.22357035 -7.50000048
v 7.54874992 7.22357035 -7.62500048
v 7.54874992 7.22357035 -7.62500048
v 7.54874992 4.84857035 -7.50000048
v 7.54874992 4.84857035 -7.62500048
v 7.54874992 4.84857035 -7.75000048
v 7.67250061 2.47357035 -7.75000048
v 7.54874992 2.47357035 -7.75000048
v 7.54874992 2.47357035 -7.37500048
v 7.67250061 0.09856987 -7.37500048
v 7.54874992 0.09856987 -7.37500048
v 7.54874992 2.47357035 -7.62500048
v 7.54874992 0.09856987 -7.50000048
v 7.54874992 0.09856987 -7.62500048
v 7.54874992 7.22357035 -7.25000048
v 7.67250061 9.59856987 -7.25000048
v 7.54874992 9.59856987 -7.25000048
v 7.54874992 7.22357035 -7.75000048
v 7.67250061 4.84857035 -7.75000048
v 7.54874992 4.84857035 -7.75000048
v 7.54874992 4.84857035 -7.62500048
v 7.67250061 7.22357035 -7.62500048
v 7.54874992 7.22357035 -7.62500048
v 7.54874992 2.47357035 -7.50000048
v 7.54874992 0.09856987 -7.37500048
v 7.54874992 0.09856987 -7.50000048
v 7.54874992 4.84857035 -7.50000048
v 7.54874992 2.47357035 -7.37500048
v 7.54874992 2.47357035 -7.50000048
v 7.54874992 9.59856987 -7.62500048
v 7.67250061 9.59856987 -7.75000048
v 7.54874992 9.59856987 -7.75000048
v 7.54874992 7.22357035 -7.50000048
v 7.54874992 4.84857035 -7.37500048
v 7.54874992 4.84857035 -7.50000048
v 7.54874992 9.59856987 -7.50000048
v 7.54874992 7.22357035 -7.37500048
v 7.54874992 7.22357035 -7.50000048
v 7.67250061 9.59856987 -7.37500048
v 7.67250061 7.22357035 -7.25000048
v 7.67250061 7.22357035 -7.37500048
v 7.67250061 4.84857035 -7.37500048
v 7.67250061 2.47357035 -7.25000048
v 7.67250061 2.47357035 -7.37500048
v 7.67250061 7.22357035 -7.75000048
v 7.67250061 4.84857035 -7.62500048
v 7.67250061 4.84857035 -7.75000048
v 7.67250061 9.59856987 -7.75000048
v 7.67250061 7.22357035 -7.62500048
v 7.67250061 7.22357035 -7.75000048
v 7.67250061 2.47357035 -7.75000048
v 7.67250061 0.09856987 -7.62500048
v 7.67250061 0.09856987 -7.75000048
v 7.67250061 4.84857035 -7.75000048
v 7.67250061 2.47357035 -7.62500048
v 7.67250061 2.47357035 -7.75000048
v 7.67250061 2.47357035 -7.37500048
v 7.67250061 0.09856987 -7.25000048
v 7.67250061 0.09856987 -7.37500048
v 7.67250061 7.22357035 -7.37500048
v 7.67250061 4.84857035 -7.25000048
v 7.67250061 4.84857035 -7.37500048
v 7.54874992 2.47357035 -7.75000048
v 7.67250061 0.09856987 -7.75000048
v 7.54874992 0.09856987 -7.75000048
v 7.54874992 0.09856987 -7.75000048
v 7.67250061 0.09856987 -7.62500048
v 7.54874992 0.09856987 -7.62500048
v 7.54874992 4.84857035 -7.25000048
v 7.67250061 7.22357035 -7.25000048
v 7.54874992 7.22357035 -7.25000048
v 7.54874992 9.59856987 -7.25000048
v 7.67250061 9.59856987 -7.37500048
v 7.54874992 9.59856987 -7.37500048
v 7.54874992 2.47357035 -7.25000048
v 7.67250061 4.84857035 -7.25000048
v 7.54874992 4.84857035 -7.25000048
v 7.54874992 0.09856987 -7.62500048
v 7.67250061 2.47357035 -7.62500048
v 7.54874992 2.47357035 -7.62500048
v 7.54874992 7.22357035 -7.37500048
v 7.67250061 4.84857035 -7.37500048
v 7.54874992 4.84857035 -7.37500048
v 7.54874992 0.09856987 -7.25000048
v 7.67250061 2.47357035 -7.25000048
v 7.54874992 2.47357035 -7.25000048
v 7.54874992 9.59856987 -7.75000048
v 7.67250061 7.22357035 -7.75000048
v 7.54874992 7.22357035 -7.75000048
v 7.54874992 2.47357035 -7.62500048
v 7.67250061 4.84857035 -7.62500048
v 7.54874992 4.84857035 -7.62500048
v 7.54874992 9.59856987 -7.37500048
v 7.67250061 7.22357035 -7.37500048
v 7.54874992 7.22357035 -7.37500048
v 7.54874992 0.09856987 -7.37500048
v 7.67250061 0.09856987 -7.25000048
v 7.54874992 0.09856987 -7.25000048
v 7.30124903 9.59856987 -7.25000048
v 7.17749977 7.22357035 -7.25000048
v 7.30124903 7.22357035 -7.25000048
v 7.30125093 4.84857035 -7.37500048
v 7.30125093 2.47357035 -7.50000048
v 7.30125093 2.47357035 -7.37500048
v 7.30124903 9.59856987 -7.37500048
v 7.30125093 7.22357035 -7.50000048
v 7.30125093 7.22357035 -7.37500048
v 7.30125093 7.22357035 -7.37500048
v 7.30125093 4.84857035 -7.50000048
v 7.30125093 4.84857035 -7.37500048
v 7.30125093 2.47357035 -7.25000048
v 7.1775012 0.09856987 -7.25000048
v 7.30125093 0.09856987 -7.25000048
v 7.30124903 9.59856987 -7.62500048
v 7.17749977 7.22357035 -7.62500048
v 7.30125093 7.22357035 -7.62500048
v 7.30125093 2.47357035 -7.37500048
v 7.30125093 0.09856987 -7.50000048
v 7.30125093 0.09856987 -7.37500048
v 7.30125093 0.09856987 -7.25000048
v 7.1775012 0.09856987 -7.37500048
v 7.30125093 0.09856987 -7.37500048
v 7.30125093 2.47357035 -7.37500048
v 7.17749977 4.84857035 -7.37500048
v 7.30125093 4.84857035 -7.37500048
v 7.30125093 0.09856987 -7.62500048
v 7.1775012 0.09856987 -7.75000048
v 7.30125093 0.09856987 -7.75000048
v 7.30125093 2.47357035 -7.50000048
v 7.30125093 0.09856987 -7.62500048
v 7.30125093 0.09856987 -7.50000048
v 7.30125093 4.84857035 -7.50000048
v 7.30125093 2.47357035 -7.62500048
v 7.30125093 2.47357035 -7.50000048
v 7.30125093 7.22357035 -7.62500048
v 7.17749977 4.84857035 -7.62500048
v 7.30125093 4.84857035 -7.62500048
v 7.30125093 7.22357035 -7.50000048
v 7.30125093 4.84857035 -7.62500048
v 7.30125093 4.84857035 -7.50000048
v 7.30124903 9.59856987 -7.50000048
v 7.30125093 7.22357035 -7.62500048
v 7.30125093 7.22357035 -7.50000048
v 7.17749977 9.59856987 -7.62500048
v 7.17749977 7.22357035 -7.75000048
v 7.17749977 7.22357035 -7.62500048
v 7.17749977 4.84857035 -7.62500048
v 7.1775012 2.47357035 -7.75000048
v 7.1775012 2.47357035 -7.62500048
v 7.17749977 7.22357035 -7.25000048
v 7.17749977 4.84857035 -7.37500048
v 7.17749977 4.84857035 -7.25000048
v 7.17749977 9.59856987 -7.25000048
v 7.17749977 7.22357035 -7.37500048
v 7.17749977 7.22357035 -7.25000048
v 7.1775012 2.47357035 -7.25000048
v 7.1775012 0.09856987 -7.37500048
v 7.1775012 0.09856987 -7.25000048
v 7.17749977 4.84857035 -7.25000048
v 7.1775012 2.47357035 -7.37500048
v 7.1775012 2.47357035 -7.25000048
v 7.1775012 2.47357035 -7.62500048
v 7.1775012 0.09856987 -7.75000048
v 7.1775012 0.09856987 -7.62500048
v 7.17749977 7.22357035 -7.62500048
v 7.17749977 4.84857035 -7.75000048
v 7.17749977 4.84857035 -7.62500048
v 7.30125093 4.84857035 -7.37500048
v 7.17749977 7.22357035 -7.37500048
v 7.30125093 7.22357035 -7.37500048
v 7.30124903 9.59856987 -7.75000048
v 7.17749977 9.59856987 -7.62500048
v 7.30124903 9.59856987 -7.62500048
v 7.30125093 7.22357035 -7.75000048
v 7.17749977 9.59856987 -7.75000048
v 7.30124903 9.59856987 -7.75000048
v 7.30125093 2.47357035 -7.62500048
v 7.1775012 0.09856987 -7.62500048
v 7.30125093 0.09856987 -7.62500048
v 7.30125093 7.22357035 -7.37500048
v 7.17749977 9.59856987 -7.37500048
v 7.30124903 9.59856987 -7.37500048
v 7.30125093 0.09856987 -7.75000048
v 7.1775012 2.47357035 -7.75000048
v 7.30125093 2.47357035 -7.75000048
v 7.30125093 4.84857035 -7.25000048
v 7.1775012 2.47357035 -7.25000048
v 7.30125093 2.47357035 -7.25000048
v 7.30125093 4.84857035 -7.62500048
v 7.1775012 2.47357035 -7.62500048
v 7.30125093 2.47357035 -7.62500048
v 7.30124903 7.22357035 -7.25000048
v 7.17749977 4.84857035 -7.25000048
v 7.30125093 4.84857035 -7.25000048
v 7.30125093 4.84857035 -7.75000048
v 7.17749977 7.22357035 -7.75000048
v 7.30125093 7.22357035 -7.75000048
v 7.30125093 2.47357035 -7.75000048
v 7.17749977 4.84857035 -7.75000048
v 7.30125093 4.84857035 -7.75000048
v 7.30125093 0.09856987 -7.37500048
v 7.1775012 2.47357035 -7.37500048
v 7.30125093 2.47357035 -7.37500048
v 14.8500004 9.72356892 -7.37500095
v 14.8500004 9.59856892 -7.25000095
v 14.8500004 9.59856892 -7.37500095
v 7.42500019 10.0985689 -7.37500048
v 14.8500004 10.0985689 -7.62500095
v 7.42500019 10.0985689 -7.62500048
v 0 9.72356987 -7.625
v -7.42500019 9.72357082 -7.74999952
v -7.42500019 9.72357082 -7.62499952
v 7.42500019 9.59856892 -7.62500048
v 14.8500004 9.59856892 -7.37500095
v 7.42500019 9.59856892 -7.37500048
v -14.8500004 9.72357082 -7.62499905
v -14.8500004 9.59857082 -7.62499905
v -14.8500004 9.59857082 -7.37499905
v 14.8500004 9.72356892 -7.37500095
v 14.8500004 9.59856892 -7.37500095
v 14.8500004 9.59856892 -7.62500095
v 7.42500019 9.97356892 -7.62500048
v 14.8500004 9.97356892 -7.75000095
v 14.8500004 9.97356892 -7.62500095
v 0 9.97356987 -7.625
v -7.42500019 9.84857082 -7.62499952
v -7.42500019 9.97357082 -7.62499952
v 14.8500004 9.97356892 -7.62500095
v 7.42500019 9.84856892 -7.62500048
v 7.42500019 9.97356892 -7.62500048
v 7.42500019 9.97356892 -7.62500048
v 0 9.84856987 -7.625
v 0 9.97356987 -7.625
v 0 10.0985699 -7.625
v -7.42500019 10.0985708 -7.74999952
v -7.42500019 10.0985708 -7.62499952
v -7.42500019 9.72357082 -7.62499952
v -14.8500004 9.72357082 -7.74999905
v -14.8500004 9.72357082 -7.62499905
v -7.42500019 9.97357082 -7.62499952
v -14.8500004 9.84857082 -7.62499905
v -14.8500004 9.97357082 -7.62499905
v 7.42500019 9.59856892 -7.62500048
v 14.8500004 9.59856892 -7.75000095
v 14.8500004 9.59856892 -7.62500095
v 7.42500019 10.0985689 -7.62500048
v 0 10.0985699 -7.75
v 0 10.0985699 -7.625
v 0 9.97356987 -7.625
v 7.42500019 9.97356892 -7.75000048
v 7.42500019 9.97356892 -7.62500048
v -7.42500019 9.84857082 -7.62499952
v -14.8500004 9.72357082 -7.62499905
v -14.8500004 9.84857082 -7.62499905
v 0 9.84856987 -7.625
v -7.42500019 9.72357082 -7.62499952
v -7.42500019 9.84857082 -7.62499952
v 14.8500004 9.97356892 -7.62500095
v 14.8500004 10.0985689 -7.75000095
v 14.8500004 10.0985689 -7.62500095
v 7.42500019 9.84856892 -7.62500048
v 0 9.72356987 -7.625
v 0 9.84856987 -7.625
v 14.8500004 9.84856892 -7.62500095
v 7.42500019 9.72356892 -7.62500048
v 7.42500019 9.84856892 -7.62500048
v 14.8500004 9.72356892 -7.75000095
v 7.42500019 9.59856892 -7.75000048
v 7.42500019 9.72356892 -7.75000048
v 0 9.72356987 -7.75
v -7.42500019 9.59856987 -7.74999952
v -7.42500019 9.72357082 -7.74999952
v 7.42500019 10.0985689 -7.75000048
v 0 9.97356987 -7.75
v 0 10.0985699 -7.75
v 14.8500004 10.0985689 -7.75000095
v 7.42500019 9.97356892 -7.75000048
v 7.42500019 10.0985689 -7.75000048
v -7.42500019 10.0985708 -7.74999952
v -14.8500004 9.97357082 -7.74999905
v -14.8500004 10.0985708 -7.74999905
v 0 10.0985699 -7.75
v -7.42500019 9.97357082 -7.74999952
v -7.42500019 10.0985708 -7.74999952
v -7.42500019 9.72357082 -7.74999952
v -14.8500004 9.59857082 -7.74999905
v -14.8500004 9.72357082 -7.74999905
v 7.42500019 9.72356892 -7.75000048
v 0 9.59856987 -7.75
v 0 9.72356987 -7.75
v -7.42500019 10.0985708 -7.62499952
v -14.8500004 10.0985708 -7.74999905
v -14.8500004 10.0985708 -7.62499905
v -14.8500004 10.0985708 -7.62499905
v -14.8500004 9.97357082 -7.74999905
v -14.8500004 9.97357082 -7.62499905
v 0 9.59856987 -7.625
v 7.42500019 9.59856892 -7.75000048
v 7.42500019 9.59856892 -7.62500048
v 14.8500004 9.59856892 -7.62500095
v 14.8500004 9.72356892 -7.75000095
v 14.8500004 9.72356892 -7.62500095
v -7.42500019 9.59856987 -7.62499952
v 0 9.59856987 -7.75
v 0 9.59856987 -7.625
v -14.8500004 9.97357082 -7.62499905
v -7.42500019 9.97357082 -7.74999952
v -7.42500019 9.97357082 -7.62499952
v 7.42500019 9.72356892 -7.62500048
v 0 9.72356987 -7.75
v 0 9.72356987 -7.625
v -14.8500004 9.59857082 -7.62499905
v -7.42500019 9.59856987 -7.74999952
v -7.42500019 9.59856987 -7.62499952
v 14.8500004 10.0985689 -7.62500095
v 7.42500019 10.0985689 -7.75000048
v 7.42500019 10.0985689 -7.62500048
v -7.42500019 9.97357082 -7.62499952
v 0 9.97356987 -7.75
v 0 9.97356987 -7.625
v 14.8500004 9.72356892 -7.62500095
v 7.42500019 9.72356892 -7.75000048
v 7.42500019 9.72356892 -7.62500048
v -14.8500004 9.72357082 -7.62499905
v -14.8500004 9.59857082 -7.74999905
v -14.8500004 9.59857082 -7.62499905
v 14.8500004 9.59856892 -7.37500095
v 7.42500019 9.59856892 -7.25000048
v 7.42500019 9.59856892 -7.37500048
v 0 9.72356987 -7.375
v -7.42500019 9.84857082 -7.37499952
v -7.42500019 9.72357082 -7.37499952
v 14.8500004 9.72356892 -7.37500095
v 7.42500019 9.84856892 -7.37500048
v 7.42500019 9.72356892 -7.37500048
v 7.42500019 9.72356892 -7.37500048
v 0 9.84856987 -7.375
v 0 9.72356987 -7.375
v -7.42500019 9.59856987 -7.37499952
v -14.8500004 9.59857082 -7.24999905
v -14.8500004 9.59857082 -7.37499905
v 14.8500004 9.97356892 -7.37500095
v 7.42500019 9.97356892 -7.25000048
v 7.42500019 9.97356892 -7.37500048
v -7.42500019 9.72357082 -7.37499952
v -14.8500004 9.84857082 -7.37499905
v -14.8500004 9.72357082 -7.37499905
v -14.8500004 9.59857082 -7.37499905
v -14.8500004 9.72357082 -7.24999905
v -14.8500004 9.72357082 -7.37499905
v -7.42500019 9.72357082 -7.37499952
v 0 9.72356987 -7.25
v 0 9.72356987 -7.375
v -14.8500004 9.97357082 -7.37499905
v -14.8500004 10.0985708 -7.24999905
v -14.8500004 10.0985708 -7.37499905
v -7.42500019 9.84857082 -7.37499952
v -14.8500004 9.97357082 -7.37499905
v -14.8500004 9.84857082 -7.37499905
v 0 9.84856987 -7.375
v -7.42500019 9.97357082 -7.37499952
v -7.42500019 9.84857082 -7.37499952
v 7.42500019 9.97356892 -7.37500048
v 0 9.97356987 -7.25
v 0 9.97356987 -7.375
v 7.42500019 9.84856892 -7.37500048
v 0 9.97356987 -7.375
v 0 9.84856987 -7.375
v 14.8500004 9.84856892 -7.37500095
v 7.42500019 9.97356892 -7.37500048
v 7.42500019 9.84856892 -7.37500048
v 14.8500004 9.97356892 -7.25000095
v 7.42500019 10.0985689 -7.25000048
v 7.42500019 9.97356892 -7.25000048
v 0 9.97356987 -7.25
v -7.42500019 10.0985708 -7.24999952
v -7.42500019 9.97357082 -7.24999952
v 7.42500019 9.59856892 -7.25000048
v 0 9.72356987 -7.25
v 0 9.59856987 -7.25
v 14.8500004 9.59856892 -7.25000095
v 7.42500019 9.72356892 -7.25000048
v 7.42500019 9.59856892 -7.25000048
v -7.42500019 9.59856987 -7.24999952
v -14.8500004 9.72357082 -7.24999905
v -14.8500004 9.59857082 -7.24999905
v 0 9.59856987 -7.25
v -7.42500019 9.72357082 -7.24999952
v -7.42500019 9.59856987 -7.24999952
v -7.42500019 9.97357082 -7.24999952
v -14.8500004 10.0985708 -7.24999905
v -14.8500004 9.97357082 -7.24999905
v 7.42500019 9.97356892 -7.25000048
v 0 10.0985699 -7.25
v 0 9.97356987 -7.25
v 0 9.72356987 -7.375
v 7.42500019 9.72356892 -7.25000048
v 7.42500019 9.72356892 -7.37500048
v 14.8500004 10.0985689 -7.37500095
v 14.8500004 9.97356892 -7.25000095
v 14.8500004 9.97356892 -7.37500095
v 7.42500019 10.0985689 -7.37500048
v 14.8500004 10.0985689 -7.25000095
v 14.8500004 10.0985689 -7.37500095
v -7.42500019 9.97357082 -7.37499952
v -14.8500004 9.97357082 -7.24999905
v -14.8500004 9.97357082 -7.37499905
v 7.42500019 9.72356892 -7.37500048
v 14.8500004 9.72356892 -7.25000095
v 14.8500004 9.72356892 -7.37500095
v -14.8500004 10.0985708 -7.37499905
v -7.42500019 10.0985708 -7.24999952
v -7.42500019 10.0985708 -7.37499952
v 0 9.59856987 -7.375
v -7.42500019 9.59856987 -7.24999952
v -7.42500019 9.59856987 -7.37499952
v 0 9.97356987 -7.375
v -7.42500019 9.97357082 -7.24999952
v -7.42500019 9.97357082 -7.37499952
v 7.42500019 9.59856892 -7.37500048
v 0 9.59856987 -7.25
v 0 9.59856987 -7.375
v 0 10.0985699 -7.375
v 7.42500019 10.0985689 -7.25000048
v 7.42500019 10.0985689 -7.37500048
v -7.42500019 10.0985708 -7.37499952
v 0 10.0985699 -7.25
v 0 10.0985699 -7.375
v -14.8500004 9.72357082 -7.37499905
v -7.42500019 9.72357082 -7.24999952
v -7.42500019 9.72357082 -7.37499952
v -7.54874992 9.59856987 -7.37499952
v -7.67250061 9.59856987 -7.24999952
v -7.54874992 9.59856987 -7.24999952
v -7.54874992 9.59856987 -7.74999952
v -7.30124903 9.59856987 -7.74999952
v -7.30124903 7.22356892 -7.74999952
v -7.30124903 4.84856892 -7.37499952
v -7.17749977 2.47356892 -7.37499952
v -7.30124903 2.47356892 -7.37499952
v -7.54874992 7.22356892 -7.24999952
v -7.54874992 4.84856892 -7.24999952
v -7.30124903 7.22356892 -7.24999952
v -7.30124903 0.0985689163 -7.37499952
v -7.30124903 0.0985689163 -7.24999952
v -7.54874992 0.0985689163 -7.24999952
v -7.54874992 9.59856987 -7.37499952
v -7.54874992 9.59856987 -7.24999952
v -7.30124903 9.59856987 -7.24999952
v -7.30124903 7.22356892 -7.62499952
v -7.17749977 9.59856987 -7.62499952
v -7.30124903 9.59856987 -7.62499952
v -7.30124903 4.84856892 -7.62499952
v -7.30124903 2.47356892 -7.49999952
v -7.30124903 2.47356892 -7.62499952
v -7.30124903 9.59856987 -7.62499952
v -7.30124903 7.22356892 -7.49999952
v -7.30124903 7.22356892 -7.62499952
v -7.30124903 7.22356892 -7.62499952
v -7.30124903 4.84856892 -7.49999952
v -7.30124903 4.84856892 -7.62499952
v -7.30124903 4.84856892 -7.74999952
v -7.17749977 2.47356892 -7.74999952
v -7.30124903 2.47356892 -7.74999952
v -7.30124903 2.47356892 -7.37499952
v -7.17749977 0.0985689163 -7.37499952
v -7.30124903 0.0985689163 -7.37499952
v -7.30124903 2.47356892 -7.62499952
v -7.30124903 0.0985689163 -7.49999952
v -7.30124903 0.0985689163 -7.62499952
v -7.30124903 7.22356892 -7.24999952
v -7.17749977 9.59856987 -7.24999952
v -7.30124903 9.59856987 -7.24999952
v -7.30124903 7.22356892 -7.74999952
v -7.17749977 4.84856892 -7.74999952
v -7.30124903 4.84856892 -7.74999952
v -7.30124903 4.84856892 -7.62499952
v -7.17749977 7.22356892 -7.62499952
v -7.30124903 7.22356892 -7.62499952
v -7.30124903 2.47356892 -7.49999952
v -7.30124903 0.0985689163 -7.37499952
v -7.30124903 0.0985689163 -7.49999952
v -7.30124903 4.84856892 -7.49999952
v -7.30124903 2.47356892 -7.37499952
v -7.30124903 2.47356892 -7.49999952
v -7.30124903 9.59856987 -7.62499952
v -7.17749977 9.59856987 -7.74999952
v -7.30124903 9.59856987 -7.74999952
v -7.30124903 7.22356892 -7.49999952
v -7.30124903 4.84856892 -7.37499952
v -7.30124903 4.84856892 -7.49999952
v -7.30124903 9.59856987 -7.49999952
v -7.30124903 7.22356892 -7.37499952
v -7.30124903 7.22356892 -7.49999952
v -7.17749977 9.59856987 -7.37499952
v -7.17749977 7.22356892 -7.24999952
v -7.17749977 7.22356892 -7.37499952
v -7.17749977 4.84856892 -7.37499952
v -7.17749977 2.47356892 -7.24999952
v -7.17749977 2.47356892 -7.37499952
v -7.17749977 7.22356892 -7.74999952
v -7.17749977 4.84856892 -7.62499952
v -7.17749977 4.84856892 -7.74999952
v -7.17749977 9.59856987 -7.74999952
v -7.17749977 7.22356892 -7.62499952
v -7.17749977 7.22356892 -7.74999952
v -7.17749977 2.47356892 -7.74999952
v -7.17749977 0.0985689163 -7.62499952
v -7.17749977 0.0985689163 -7.74999952
v -7.17749977 4.84856892 -7.74999952
v -7.17749977 2.47356892 -7.62499952
v -7.17749977 2.47356892 -7.74999952
v -7.17749977 2.47356892 -7.37499952
v -7.17749977 0.0985689163 -7.24999952
v -7.17749977 0.0985689163 -7.37499952
v -7.17749977 7.22356892 -7.37499952
v -7.17749977 4.84856892 -7.24999952
v -7.17749977 4.84856892 -7.37499952
v -7.30124903 2.47356892 -7.74999952
v -7.17749977 0.0985689163 -7.74999952
v -7.30124903 0.0985689163 -7.74999952
v -7.30124903 0.0985689163 -7.74999952
v -7.17749977 0.0985689163 -7.62499952
v -7.30124903 0.0985689163 -7.62499952
v -7.30124903 4.84856892 -7.24999952
v -7.17749977 7.22356892 -7.24999952
v -7.30124903 7.22356892 -7.24999952
v -7.30124903 9.59856987 -7.24999952
v -7.17749977 9.59856987 -7.37499952
v -7.30124903 9.59856987 -7.37499952
v -7.30124903 2.47356892 -7.24999952
v -7.17749977 4.84856892 -7.24999952
v -7.30124903 4.84856892 -7.24999952
v -7.30124903 0.0985689163 -7.62499952
v -7.17749977 2.47356892 -7.62499952
v -7.30124903 2.47356892 -7.62499952
v -7.30124903 7.22356892 -7.37499952
v -7.17749977 4.84856892 -7.37499952
v -7.30124903 4.84856892 -7.37499952
v -7.30124903 0.0985689163 -7.24999952
v -7.17749977 2.47356892 -7.24999952
v -7.30124903 2.47356892 -7.24999952
v -7.30124903 9.59856987 -7.74999952
v -7.17749977 7.22356892 -7.74999952
v -7.30124903 7.22356892 -7.74999952
v -7.30124903 2.47356892 -7.62499952
v -7.17749977 4.84856892 -7.62499952
v -7.30124903 4.84856892 -7.62499952
v -7.30124903 9.59856987 -7.37499952
v -7.17749977 7.22356892 -7.37499952
v -7.30124903 7.22356892 -7.37499952
v -7.30124903 0.0985689163 -7.37499952
v -7.17749977 0.0985689163 -7.24999952
v -7.30124903 0.0985689163 -7.24999952
v -7.54874992 9.59856987 -7.24999952
v -7.67250061 7.22356892 -7.24999952
v -7.54874992 7.22356892 -7.24999952
v -7.54874992 4.84856892 -7.37499952
v -7.54874992 2.47356892 -7.49999952
v -7.54874992 2.47356892 -7.37499952
v -7.54874992 9.59856987 -7.37499952
v -7.54874992 7.22356892 -7.49999952
v -7.54874992 7.22356892 -7.37499952
v -7.54874992 7.22356892 -7.37499952
v -7.54874992 4.84856892 -7.49999952
v -7.54874992 4.84856892 -7.37499952
v -7.54874992 2.47356892 -7.24999952
v -7.67250061 0.0985689163 -7.24999952
v -7.54874992 0.0985689163 -7.24999952
v -7.54874992 9.59856987 -7.62499952
v -7.67250061 7.22356892 -7.62499952
v -7.54874992 7.22356892 -7.62499952
v -7.54874992 2.47356892 -7.37499952
v -7.54874992 0.0985689163 -7.49999952
v -7.54874992 0.0985689163 -7.37499952
v -7.54874992 0.0985689163 -7.24999952
v -7.67250061 0.0985689163 -7.37499952
v -7.54874992 0.0985689163 -7.37499952
v -7.54874992 2.47356892 -7.37499952
v -7.67250061 4.84856892 -7.37499952
v -7.54874992 4.84856892 -7.37499952
v -7.54874992 0.0985689163 -7.62499952
v -7.67250061 0.0985689163 -7.74999952
v -7.54874992 0.0985689163 -7.74999952
v -7.54874992 2.47356892 -7.49999952
v -7.54874992 0.0985689163 -7.62499952
v -7.54874992 0.0985689163 -7.49999952
v -7.54874992 4.84856892 -7.49999952
v -7.54874992 2.47356892 -7.62499952
v -7.54874992 2.47356892 -7.49999952
v -7.54874992 7.22356892 -7.62499952
v -7.67250061 4.84856892 -7.62499952
v -7.54874992 4.84856892 -7.62499952
v -7.54874992 7.22356892 -7.49999952
v -7.54874992 4.84856892 -7.62499952
v -7.54874992 4.84856892 -7.49999952
v -7.54874992 9.59856987 -7.49999952
v -7.54874992 7.22356892 -7.62499952
v -7.54874992 7.22356892 -7.49999952
v -7.67250061 9.59856987 -7.62499952
v -7.67250061 7.22356892 -7.74999952
v -7.67250061 7.22356892 -7.62499952
v -7.67250061 4.84856892 -7.62499952
v -7.67250061 2.47356892 -7.74999952
v -7.67250061 2.47356892 -7.62499952
v -7.67250061 7.22356892 -7.24999952
v -7.67250061 4.84856892 -7.37499952
v -7.67250061 4.84856892 -7.24999952
v -7.67250061 9.59856987 -7.24999952
v -7.67250061 7.22356892 -7.37499952
v -7.67250061 7.22356892 -7.24999952
v -7.67250061 2.47356892 -7.24999952
v -7.67250061 0.0985689163 -7.37499952
v -7.67250061 0.0985689163 -7.24999952
v -7.67250061 4.84856892 -7.24999952
v -7.67250061 2.47356892 -7.37499952
v -7.67250061 2.47356892 -7.24999952
v -7.67250061 2.47356892 -7.62499952
v -7.67250061 0.0985689163 -7.74999952
v -7.67250061 0.0985689163 -7.62499952
v -7.67250061 7.22356892 -7.62499952
v -7.67250061 4.84856892 -7.74999952
v -7.67250061 4.84856892 -7.62499952
v -7.54874992 4.84856892 -7.37499952
v -7.67250061 7.22356892 -7.37499952
v -7.54874992 7.22356892 -7.37499952
v -7.54874992 9.59856987 -7.74999952
v -7.67250061 9.59856987 -7.62499952
v -7.54874992 9.59856987 -7.62499952
v -7.54874992 7.22356892 -7.74999952
v -7.67250061 9.59856987 -7.74999952
v -7.54874992 9.59856987 -7.74999952
v -7.54874992 2.47356892 -7.62499952
v -7.67250061 0.0985689163 -7.62499952
v -7.54874992 0.0985689163 -7.62499952
v -7.54874992 7.22356892 -7.37499952
v -7.67250061 9.59856987 -7.37499952
v -7.54874992 9.59856987 -7.37499952
v -7.54874992 0.0985689163 -7.74999952
v -7.67250061 2.47356892 -7.74999952
v -7.54874992 2.47356892 -7.74999952
v -7.54874992 4.84856892 -7.24999952
v -7.67250061 2.47356892 -7.24999952
v -7.54874992 2.47356892 -7.24999952
v -7.54874992 4.84856892 -7.62499952
v -7.67250061 2.47356892 -7.62499952
v -7.54874992 2.47356892 -7.62499952
v -7.54874992 7.22356892 -7.24999952
v -7.67250061 4.84856892 -7.24999952
v -7.54874992 4.84856892 -7.24999952
v -7.54874992 4.84856892 -7.74999952
v -7.67250061 7.22356892 -7.74999952
v -7.54874992 7.22356892 -7.74999952
v -7.54874992 2.47356892 -7.74999952
v -7.67250061 4.84856892 -7.74999952
v -7.54874992 4.84856892 -7.74999952
v -7.54874992 0.0985689163 -7.37499952
v -7.67250061 2.47356892 -7.37499952
v -7.54874992 2.47356892 -7.37499952
v 7.30125093 9.59856987 -14.875001
v 7.1775012 9.59856987 -14.750001
v 7.30125093 9.59856987 -14.750001
v 7.30125093 7.22357035 -15.250001
v 7.30125093 9.59856987 -15.250001
v 7.54875088 9.59856987 -15.250001
v 7.54875088 4.84857035 -14.875001
v 7.67250061 2.47357035 -14.875001
v 7.54875088 2.47357035 -14.875001
v 7.54875088 9.59856987 -14.750001
v 7.30125093 9.59856987 -14.750001
v 7.30125093 7.22357035 -14.750001
v 7.54875088 0.09856987 -14.875001
v 7.54875088 0.09856987 -14.750001
v 7.30125093 0.09856987 -14.750001
v 7.30125093 9.59856987 -14.875001
v 7.30125093 9.59856987 -14.750001
v 7.54875088 9.59856987 -14.750001
v 7.54875088 7.22357035 -15.125001
v 7.67250061 9.59856987 -15.125001
v 7.54875088 9.59856987 -15.125001
v 7.54875088 4.84857035 -15.125001
v 7.54875088 2.47357035 -15.000001
v 7.54875088 2.47357035 -15.125001
v 7.54875088 9.59856987 -15.125001
v 7.54875088 7.22357035 -15.000001
v 7.54875088 7.22357035 -15.125001
v 7.54875088 7.22357035 -15.125001
v 7.54875088 4.84857035 -15.000001
v 7.54875088 4.84857035 -15.125001
v 7.54875088 4.84857035 -15.250001
v 7.67250061 2.47357035 -15.250001
v 7.54875088 2.47357035 -15.250001
v 7.54875088 2.47357035 -14.875001
v 7.67250252 0.09856987 -14.875001
v 7.54875088 0.09856987 -14.875001
v 7.54875088 2.47357035 -15.125001
v 7.54875088 0.09856987 -15.000001
v 7.54875088 0.09856987 -15.125001
v 7.54875088 7.22357035 -14.750001
v 7.67250061 9.59856987 -14.750001
v 7.54875088 9.59856987 -14.750001
v 7.54875088 7.22357035 -15.250001
v 7.67250061 4.84857035 -15.250001
v 7.54875088 4.84857035 -15.250001
v 7.54875088 4.84857035 -15.125001
v 7.67250061 7.22357035 -15.125001
v 7.54875088 7.22357035 -15.125001
v 7.54875088 2.47357035 -15.000001
v 7.54875088 0.09856987 -14.875001
v 7.54875088 0.09856987 -15.000001
v 7.54875088 4.84857035 -15.000001
v 7.54875088 2.47357035 -14.875001
v 7.54875088 2.47357035 -15.000001
v 7.54875088 9.59856987 -15.125001
v 7.67250061 9.59856987 -15.250001
v 7.54875088 9.59856987 -15.250001
v 7.54875088 7.22357035 -15.000001
v 7.54875088 4.84857035 -14.875001
v 7.54875088 4.84857035 -15.000001
v 7.54875088 9.59856987 -15.000001
v 7.54875088 7.22357035 -14.875001
v 7.54875088 7.22357035 -15.000001
v 7.67250061 9.59856987 -14.875001
v 7.67250061 7.22357035 -14.750001
v 7.67250061 7.22357035 -14.875001
v 7.67250061 4.84857035 -14.875001
v 7.67250061 2.47357035 -14.750001
v 7.67250061 2.47357035 -14.875001
v 7.67250061 7.22357035 -15.250001
v 7.67250061 4.84857035 -15.125001
v 7.67250061 4.84857035 -15.250001
v 7.67250061 9.59856987 -15.250001
v 7.67250061 7.22357035 -15.125001
v 7.67250061 7.22357035 -15.250001
v 7.67250061 2.47357035 -15.250001
v 7.67250252 0.09856987 -15.125001
v 7.67250252 0.09856987 -15.250001
v 7.67250061 4.84857035 -15.250001
v 7.67250061 2.47357035 -15.125001
v 7.67250061 2.47357035 -15.250001
v 7.67250061 2.47357035 -14.875001
v 7.67250252 0.09856987 -14.750001
v 7.67250252 0.09856987 -14.875001
v 7.67250061 7.22357035 -14.875001
v 7.67250061 4.84857035 -14.750001
v 7.67250061 4.84857035 -14.875001
v 7.54875088 2.47357035 -15.250001
v 7.67250252 0.09856987 -15.250001
v 7.54875088 0.09856987 -15.250001
v 7.54875088 0.09856987 -15.250001
v 7.67250252 0.09856987 -15.125001
v 7.54875088 0.09856987 -15.125001
v 7.54875088 4.84857035 -14.750001
v 7.67250061 7.22357035 -14.750001
v 7.54875088 7.22357035 -14.750001
v 7.54875088 9.59856987 -14.750001
v 7.67250061 9.59856987 -14.875001
v 7.54875088 9.59856987 -14.875001
v 7.54875088 2.47357035 -14.750001
v 7.67250061 4.84857035 -14.750001
v 7.54875088 4.84857035 -14.750001
v 7.54875088 0.09856987 -15.125001
v 7.67250061 2.47357035 -15.125001
v 7.54875088 2.47357035 -15.125001
v 7.54875088 7.22357035 -14.875001
v 7.67250061 4.84857035 -14.875001
v 7.54875088 4.84857035 -14.875001
v 7.54875088 0.09856987 -14.750001
v 7.67250061 2.47357035 -14.750001
v 7.54875088 2.47357035 -14.750001
v 7.54875088 9.59856987 -15.250001
v 7.67250061 7.22357035 -15.250001
v 7.54875088 7.22357035 -15.250001
v 7.54875088 2.47357035 -15.125001
v 7.67250061 4.84857035 -15.125001
v 7.54875088 4.84857035 -15.125001
v 7.54875088 9.59856987 -14.875001
v 7.67250061 7.22357035 -14.875001
v 7.54875088 7.22357035 -14.875001
v 7.54875088 0.09856987 -14.875001
v 7.67250252 0.09856987 -14.750001
v 7.54875088 0.09856987 -14.750001
v 7.30125093 9.59856987 -14.750001
v 7.1775012 7.22357035 -14.750001
v 7.30125093 7.22357035 -14.750001
v 7.30125093 4.84857035 -14.875001
v 7.30125093 2.47357035 -15.000001
v 7.30125093 2.47357035 -14.875001
v 7.30125093 9.59856987 -14.875001
v 7.30125093 7.22357035 -15.000001
v 7.30125093 7.22357035 -14.875001
v 7.30125093 7.22357035 -14.875001
v 7.30125093 4.84857035 -15.000001
v 7.30125093 4.84857035 -14.875001
v 7.30125093 2.47357035 -14.750001
v 7.1775012 0.09856987 -14.750001
v 7.30125093 0.09856987 -14.750001
v 7.30125093 9.59856987 -15.125001
v 7.1775012 7.22357035 -15.125001
v 7.30125093 7.22357035 -15.125001
v 7.30125093 2.47357035 -14.875001
v 7.30125093 0.09856987 -15.000001
v 7.30125093 0.09856987 -14.875001
v 7.30125093 0.09856987 -14.750001
v 7.1775012 0.09856987 -14.875001
v 7.30125093 0.09856987 -14.875001
v 7.30125093 2.47357035 -14.875001
v 7.1775012 4.84857035 -14.875001
v 7.30125093 4.84857035 -14.875001
v 7.30125093 0.09856987 -15.125001
v 7.1775012 0.09856987 -15.250001
v 7.30125093 0.09856987 -15.250001
v 7.30125093 2.47357035 -15.000001
v 7.30125093 0.09856987 -15.125001
v 7.30125093 0.09856987 -15.000001
v 7.30125093 4.84857035 -15.000001
v 7.30125093 2.47357035 -15.125001
v 7.30125093 2.47357035 -15.000001
v 7.30125093 7.22357035 -15.125001
v 7.1775012 4.84857035 -15.125001
v 7.30125093 4.84857035 -15.125001
v 7.30125093 7.22357035 -15.000001
v 7.30125093 4.84857035 -15.125001
v 7.30125093 4.84857035 -15.000001
v 7.30125093 9.59856987 -15.000001
v 7.30125093 7.22357035 -15.125001
v 7.30125093 7.22357035 -15.000001
v 7.1775012 9.59856987 -15.125001
v 7.1775012 7.22357035 -15.250001
v 7.1775012 7.22357035 -15.125001
v 7.1775012 4.84857035 -15.125001
v 7.1775012 2.47357035 -15.250001
v 7.1775012 2.47357035 -15.125001
v 7.1775012 7.22357035 -14.750001
v 7.1775012 4.84857035 -14.875001
v 7.1775012 4.84857035 -14.750001
v 7.1775012 9.59856987 -14.750001
v 7.1775012 7.22357035 -14.875001
v 7.1775012 7.22357035 -14.750001
v 7.1775012 2.47357035 -14.750001
v 7.1775012 0.09856987 -14.875001
v 7.1775012 0.09856987 -14.750001
v 7.1775012 4.84857035 -14.750001
v 7.1775012 2.47357035 -14.875001
v 7.1775012 2.47357035 -14.750001
v 7.1775012 2.47357035 -15.125001
v 7.1775012 0.09856987 -15.250001
v 7.1775012 0.09856987 -15.125001
v 7.1775012 7.22357035 -15.125001
v 7.1775012 4.84857035 -15.250001
v 7.1775012 4.84857035 -15.125001
v 7.30125093 4.84857035 -14.875001
v 7.1775012 7.22357035 -14.875001
v 7.30125093 7.22357035 -14.875001
v 7.30125093 9.59856987 -15.250001
v 7.1775012 9.59856987 -15.125001
v 7.30125093 9.59856987 -15.125001
v 7.30125093 7.22357035 -15.250001
v 7.1775012 9.59856987 -15.250001
v 7.30125093 9.59856987 -15.250001
v 7.30125093 2.47357035 -15.125001
v 7.1775012 0.09856987 -15.125001
v 7.30125093 0.09856987 -15.125001
v 7.30125093 7.22357035 -14.875001
v 7.1775012 9.59856987 -14.875001
v 7.30125093 9.59856987 -14.875001
v 7.30125093 0.09856987 -15.250001
v 7.1775012 2.47357035 -15.250001
v 7.30125093 2.47357035 -15.250001
v 7.30125093 4.84857035 -14.750001
v 7.1775012 2.47357035 -14.750001
v 7.30125093 2.47357035 -14.750001
v 7.30125093 4.84857035 -15.125001
v 7.1775012 2.47357035 -15.125001
v 7.30125093 2.47357035 -15.125001
v 7.30125093 7.22357035 -14.750001
v 7.1775012 4.84857035 -14.750001
v 7.30125093 4.84857035 -14.750001
v 7.30125093 4.84857035 -15.250001
v 7.1775012 7.22357035 -15.250001
v 7.30125093 7.22357035 -15.250001
v 7.30125093 2.47357035 -15.250001
v 7.1775012 4.84857035 -15.250001
v 7.30125093 4.84857035 -15.250001
v 7.30125093 0.09856987 -14.875001
v 7.1775012 2.47357035 -14.875001
v 7.30125093 2.47357035 -14.875001
v 14.8500004 9.72356892 -14.875001
v 14.8500004 9.59856892 -14.750001
v 14.8500004 9.59856892 -14.875001
v 7.4250021 10.0985689 -14.875001
v 14.8500004 10.0985689 -15.125001
v 7.4250021 10.0985689 -15.125001
v 0 9.72356987 -15.125
v -7.42500019 9.72357082 -15.249999
v -7.42500019 9.72357082 -15.124999
v 7.4250021 9.59856892 -15.125001
v 14.8500004 9.59856892 -14.875001
v 7.4250021 9.59856892 -14.875001
v -14.8500004 9.72357082 -15.124999
v -14.8500004 9.59857082 -15.124999
v -14.8500004 9.59857082 -14.874999
v 14.8500004 9.72356892 -14.875001
v 14.8500004 9.59856892 -14.875001
v 14.8500004 9.59856892 -15.125001
v 7.4250021 9.97356892 -15.125001
v 14.8500004 9.97356892 -15.250001
v 14.8500004 9.97356892 -15.125001
v 0 9.97356987 -15.125
v -7.42500019 9.84857082 -15.124999
v -7.42500019 9.97357082 -15.124999
v 14.8500004 9.97356892 -15.125001
v 7.4250021 9.84856892 -15.125001
v 7.4250021 9.97356892 -15.125001
v 7.4250021 9.97356892 -15.125001
v 0 9.84856987 -15.125
v 0 9.97356987 -15.125
v 0 10.0985699 -15.125
v -7.42500019 10.0985708 -15.249999
v -7.42500019 10.0985708 -15.124999
v -7.42500019 9.72357082 -15.124999
v -14.8500004 9.72357082 -15.249999
v -14.8500004 9.72357082 -15.124999
v -7.42500019 9.97357082 -15.124999
v -14.8500004 9.84857082 -15.124999
v -14.8500004 9.97357082 -15.124999
v 7.4250021 9.59856892 -15.125001
v 14.8500004 9.59856892 -15.250001
v 14.8500004 9.59856892 -15.125001
v 7.4250021 10.0985689 -15.125001
v 0 10.0985699 -15.25
v 0 10.0985699 -15.125
v 0 9.97356987 -15.125
v 7.4250021 9.97356892 -15.250001
v 7.4250021 9.97356892 -15.125001
v -7.42500019 9.84857082 -15.124999
v -14.8500004 9.72357082 -15.124999
v -14.8500004 9.84857082 -15.124999
v 0 9.84856987 -15.125
v -7.42500019 9.72357082 -15.124999
v -7.42500019 9.84857082 -15.124999
v 14.8500004 9.97356892 -15.125001
v 14.8500004 10.0985689 -15.250001
v 14.8500004 10.0985689 -15.125001
v 7.4250021 9.84856892 -15.125001
v 0 9.72356987 -15.125
v 0 9.84856987 -15.125
v 14.8500004 9.84856892 -15.125001
v 7.4250021 9.72356892 -15.125001
v 7.4250021 9.84856892 -15.125001
v 14.8500004 9.72356892 -15.250001
v 7.4250021 9.59856892 -15.250001
v 7.4250021 9.72356892 -15.250001
v 0 9.72356987 -15.25
v -7.42500019 9.59856987 -15.249999
v -7.42500019 9.72357082 -15.249999
v 7.4250021 10.0985689 -15.250001
v 0 9.97356987 -15.25
v 0 10.0985699 -15.25
v 14.8500004 10.0985689 -15.250001
v 7.4250021 9.97356892 -15.250001
v 7.4250021 10.0985689 -15.250001
v -7.42500019 10.0985708 -15.249999
v -14.8500004 9.97357082 -15.249999
v -14.8500004 10.0985708 -15.249999
v 0 10.0985699 -15.25
v -7.42500019 9.97357082 -15.249999
v -7.42500019 10.0985708 -15.249999
v -7.42500019 9.72357082 -15.249999
v -14.8500004 9.59857082 -15.249999
v -14.8500004 9.72357082 -15.249999
v 7.4250021 9.72356892 -15.250001
v 0 9.59856987 -15.25
v 0 9.72356987 -15.25
v -7.42500019 10.0985708 -15.124999
v -14.8500004 10.0985708 -15.249999
v -14.8500004 10.0985708 -15.124999
v -14.8500004 10.0985708 -15.124999
v -14.8500004 9.97357082 -15.249999
v -14.8500004 9.97357082 -15.124999
v 0 9.59856987 -15.125
v 7.4250021 9.59856892 -15.250001
v 7.4250021 9.59856892 -15.125001
v 14.8500004 9.59856892 -15.125001
v 14.8500004 9.72356892 -15.250001
v 14.8500004 9.72356892 -15.125001
v -7.42500019 9.59856987 -15.124999
v 0 9.59856987 -15.25
v 0 9.59856987 -15.125
v -14.8500004 9.97357082 -15.124999
v -7.42500019 9.97357082 -15.249999
v -7.42500019 9.97357082 -15.124999
v 7.4250021 9.72356892 -15.125001
v 0 9.72356987 -15.25
v 0 9.72356987 -15.125
v -14.8500004 9.59857082 -15.124999
v -7.42500019 9.59856987 -15.249999
v -7.42500019 9.59856987 -15.124999
v 14.8500004 10.0985689 -15.125001
v 7.4250021 10.0985689 -15.250001
v 7.4250021 10.0985689 -15.125001
v -7.42500019 9.97357082 -15.124999
v 0 9.97356987 -15.25
v 0 9.97356987 -15.125
v 14.8500004 9.72356892 -15.125001
v 7.4250021 9.72356892 -15.250001
v 7.4250021 9.72356892 -15.125001
v -14.8500004 9.72357082 -15.124999
v -14.8500004 9.59857082 -15.249999
v -14.8500004 9.59857082 -15.124999
v 14.8500004 9.59856892 -14.875001
v 7.4250021 9.59856892 -14.750001
v 7.4250021 9.59856892 -14.875001
v 0 9.72356987 -14.875
v -7.42500019 9.84857082 -14.874999
v -7.42500019 9.72357082 -14.874999
v 14.8500004 9.72356892 -14.875001
v 7.4250021 9.84856892 -14.875001
v 7.4250021 9.72356892 -14.875001
v 7.4250021 9.72356892 -14.875001
v 0 9.84856987 -14.875
v 0 9.72356987 -14.875
v -7.42500019 9.59856987 -14.874999
v -14.8500004 9.59857082 -14.749999
v -14.8500004 9.59857082 -14.874999
v 14.8500004 9.97356892 -14.875001
v 7.4250021 9.97356892 -14.750001
v 7.4250021 9.97356892 -14.875001
v -7.42500019 9.72357082 -14.874999
v -14.8500004 9.84857082 -14.874999
v -14.8500004 9.72357082 -14.874999
v -14.8500004 9.59857082 -14.874999
v -14.8500004 9.72357082 -14.749999
v -14.8500004 9.72357082 -14.874999
v -7.42500019 9.72357082 -14.874999
v 0 9.72356987 -14.75
v 0 9.72356987 -14.875
v -14.8500004 9.97357082 -14.874999
v -14.8500004 10.0985708 -14.749999
v -14.8500004 10.0985708 -14.874999
v -7.42500019 9.84857082 -14.874999
v -14.8500004 9.97357082 -14.874999
v -14.8500004 9.84857082 -14.874999
v 0 9.84856987 -14.875
v -7.42500019 9.97357082 -14.874999
v -7.42500019 9.84857082 -14.874999
v 7.4250021 9.97356892 -14.875001
v 0 9.97356987 -14.75
v 0 9.97356987 -14.875
v 7.4250021 9.84856892 -14.875001
v 0 9.97356987 -14.875
v 0 9.84856987 -14.875
v 14.8500004 9.84856892 -14.875001
v 7.4250021 9.97356892 -14.875001
v 7.4250021 9.84856892 -14.875001
v 14.8500004 9.97356892 -14.750001
v 7.4250021 10.0985689 -14.750001
v 7.4250021 9.97356892 -14.750001
v 0 9.97356987 -14.75
v -7.42500019 10.0985708 -14.749999
v -7.42500019 9.97357082 -14.749999
v 7.4250021 9.59856892 -14.750001
v 0 9.72356987 -14.75
v 0 9.59856987 -14.75
v 14.8500004 9.59856892 -14.750001
v 7.4250021 9.72356892 -14.750001
v 7.4250021 9.59856892 -14.750001
v -7.42500019 9.59856987 -14.749999
v -14.8500004 9.72357082 -14.749999
v -14.8500004 9.59857082 -14.749999
v 0 9.59856987 -14.75
v -7.42500019 9.72357082 -14.749999
v -7.42500019 9.59856987 -14.749999
v -7.42500019 9.97357082 -14.749999
v -14.8500004 10.0985708 -14.749999
v -14.8500004 9.97357082 -14.749999
v 7.4250021 9.97356892 -14.750001
v 0 10.0985699 -14.75
v 0 9.97356987 -14.75
v 0 9.72356987 -14.875
v 7.4250021 9.72356892 -14.750001
v 7.4250021 9.72356892 -14.875001
v 14.8500004 10.0985689 -14.875001
v 14.8500004 9.97356892 -14.750001
v 14.8500004 9.97356892 -14.875001
v 7.4250021 10.0985689 -14.875001
v 14.8500004 10.0985689 -14.750001
v 14.8500004 10.0985689 -14.875001
v -7.42500019 9.97357082 -14.874999
v -14.8500004 9.97357082 -14.749999
v -14.8500004 9.97357082 -14.874999
v 7.4250021 9.72356892 -14.875001
v 14.8500004 9.72356892 -14.750001
v 14.8500004 9.72356892 -14.875001
v -14.8500004 10.0985708 -14.874999
v -7.42500019 10.0985708 -14.749999
v -7.42500019 10.0985708 -14.874999
v 0 9.59856987 -14.875
v -7.42500019 9.59856987 -14.749999
v -7.42500019 9.59856987 -14.874999
v 0 9.97356987 -14.875
v -7.42500019 9.97357082 -14.749999
v -7.42500019 9.97357082 -14.874999
v 7.4250021 9.59856892 -14.875001
v 0 9.59856987 -14.75
v 0 9.59856987 -14.875
v 0 10.0985699 -14.875
v 7.4250021 10.0985689 -14.750001
v 7.4250021 10.0985689 -14.875001
v -7.42500019 10.0985708 -14.874999
v 0 10.0985699 -14.75
v 0 10.0985699 -14.875
v -14.8500004 9.72357082 -14.874999
v -7.42500019 9.72357082 -14.749999
v -7.42500019 9.72357082 -14.874999
v -7.54874992 9.59856987 -14.874999
v -7.67250061 9.59856987 -14.749999
v -7.54874992 9.59856987 -14.749999
v -7.54874992 9.59856987 -15.249999
v -7.30124903 9.59856987 -15.249999
v -7.30124903 7.22356892 -15.249999
v -7.30124903 4.84856892 -14.874999
v -7.17749977 2.47356892 -14.874999
v -7.30124903 2.47356892 -14.874999
v -7.30124903 9.59856987 -14.749999
v -7.54874992 9.59856987 -14.749999
v -7.54874992 7.22356892 -14.749999
v -7.30124903 0.0985689163 -14.874999
v -7.30124903 0.0985689163 -14.749999
v -7.54874992 0.0985689163 -14.749999
v -7.54874992 9.59856987 -14.874999
v -7.54874992 9.59856987 -14.749999
v -7.30124903 9.59856987 -14.749999
v -7.30124903 7.22356892 -15.124999
v -7.17749977 9.59856987 -15.124999
v -7.30124903 9.59856987 -15.124999
v -7.30124903 4.84856892 -15.124999
v -7.30124903 2.47356892 -14.999999
v -7.30124903 2.47356892 -15.124999
v -7.30124903 9.59856987 -15.124999
v -7.30124903 7.22356892 -14.999999
v -7.30124903 7.22356892 -15.124999
v -7.30124903 7.22356892 -15.124999
v -7.30124903 4.84856892 -14.999999
v -7.30124903 4.84856892 -15.124999
v -7.30124903 4.84856892 -15.249999
v -7.17749977 2.47356892 -15.249999
v -7.30124903 2.47356892 -15.249999
v -7.30124903 2.47356892 -14.874999
v -7.17749977 0.0985689163 -14.874999
v -7.30124903 0.0985689163 -14.874999
v -7.30124903 2.47356892 -15.124999
v -7.30124903 0.0985689163 -14.999999
v -7.30124903 0.0985689163 -15.124999
v -7.30124903 7.22356892 -14.749999
v -7.17749977 9.59856987 -14.749999
v -7.30124903 9.59856987 -14.749999
v -7.30124903 7.22356892 -15.249999
v -7.17749977 4.84856892 -15.249999
v -7.30124903 4.84856892 -15.249999
v -7.30124903 4.84856892 -15.124999
v -7.17749977 7.22356892 -15.124999
v -7.30124903 7.22356892 -15.124999
v -7.30124903 2.47356892 -14.999999
v -7.30124903 0.0985689163 -14.874999
v -7.30124903 0.0985689163 -14.999999
v -7.30124903 4.84856892 -14.999999
v -7.30124903 2.47356892 -14.874999
v -7.30124903 2.47356892 -14.999999
v -7.30124903 9.59856987 -15.124999
v -7.17749977 9.59856987 -15.249999
v -7.30124903 9.59856987 -15.249999
v -7.30124903 7.22356892 -14.999999
v -7.30124903 4.84856892 -14.874999
v -7.30124903 4.84856892 -14.999999
v -7.30124903 9.59856987 -14.999999
v -7.30124903 7.22356892 -14.874999
v -7.30124903 7.22356892 -14.999999
v -7.17749977 9.59856987 -14.874999
v -7.17749977 7.22356892 -14.749999
v -7.17749977 7.22356892 -14.874999
v -7.17749977 4.84856892 -14.874999
v -7.17749977 2.47356892 -14.749999
v -7.17749977 2.47356892 -14.874999
v -7.17749977 7.22356892 -15.249999
v -7.17749977 4.84856892 -15.124999
v -7.17749977 4.84856892 -15.249999
v -7.17749977 9.59856987 -15.249999
v -7.17749977 7.22356892 -15.124999
v -7.17749977 7.22356892 -15.249999
v -7.17749977 2.47356892 -15.249999
v -7.17749977 0.0985689163 -15.124999
v -7.17749977 0.0985689163 -15.249999
v -7.17749977 4.84856892 -15.249999
v -7.17749977 2.47356892 -15.124999
v -7.17749977 2.47356892 -15.249999
v -7.17749977 2.47356892 -14.874999
v -7.17749977 0.0985689163 -14.749999
v -7.17749977 0.0985689163 -14.874999
v -7.17749977 7.22356892 -14.874999
v -7.17749977 4.84856892 -14.749999
v -7.17749977 4.84856892 -14.874999
v -7.30124903 2.47356892 -15.249999
v -7.17749977 0.0985689163 -15.249999
v -7.30124903 0.0985689163 -15.249999
v -7.30124903 0.0985689163 -15.249999
v -7.17749977 0.0985689163 -15.124999
v -7.30124903 0.0985689163 -15.124999
v -7.30124903 4.84856892 -14.749999
v -7.17749977 7.22356892 -14.749999
v -7.30124903 7.22356892 -14.749999
v -7.30124903 9.59856987 -14.749999
v -7.17749977 9.59856987 -14.874999
v -7.30124903 9.59856987 -14.874999
v -7.30124903 2.47356892 -14.749999
v -7.17749977 4.84856892 -14.749999
v -7.30124903 4.84856892 -14.749999
v -7.30124903 0.0985689163 -15.124999
v -7.17749977 2.47356892 -15.124999
v -7.30124903 2.47356892 -15.124999
v -7.30124903 7.22356892 -14.874999
v -7.17749977 4.84856892 -14.874999
v -7.30124903 4.84856892 -14.874999
v -7.30124903 0.0985689163 -14.749999
v -7.17749977 2.47356892 -14.749999
v -7.30124903 2.47356892 -14.749999
v -7.30124903 9.59856987 -15.249999
v -7.17749977 7.22356892 -15.249999
v -7.30124903 7.22356892 -15.249999
v -7.30124903 2.47356892 -15.124999
v -7.17749977 4.84856892 -15.124999
v -7.30124903 4.84856892 -15.124999
v -7.30124903 9.59856987 -14.874999
v -7.17749977 7.22356892 -14.874999
v -7.30124903 7.22356892 -14.874999
v -7.30124903 0.0985689163 -14.874999
v -7.17749977 0.0985689163 -14.749999
v -7.30124903 0.0985689163 -14.749999
v -7.54874992 9.59856987 -14.749999
v -7.67250061 7.22356892 -14.749999
v -7.54874992 7.22356892 -14.749999
v -7.54874992 4.84856892 -14.874999
v -7.54874992 2.47356892 -14.999999
v -7.54874992 2.47356892 -14.874999
v -7.54874992 9.59856987 -14.874999
v -7.54874992 7.22356892 -14.999999
v -7.54874992 7.22356892 -14.874999
v -7.54874992 7.22356892 -14.874999
v -7.54874992 4.84856892 -14.999999
v -7.54874992 4.84856892 -14.874999
v -7.54874992 2.47356892 -14.749999
v -7.67250061 0.0985689163 -14.749999
v -7.54874992 0.0985689163 -14.749999
v -7.54874992 9.59856987 -15.124999
v -7.67250061 7.22356892 -15.124999
v -7.54874992 7.22356892 -15.124999
v -7.54874992 2.47356892 -14.874999
v -7.54874992 0.0985689163 -14.999999
v -7.54874992 0.0985689163 -14.874999
v -7.54874992 0.0985689163 -14.749999
v -7.67250061 0.0985689163 -14.874999
v -7.54874992 0.0985689163 -14.874999
v -7.54874992 2.47356892 -14.874999
v -7.67250061 4.84856892 -14.874999
v -7.54874992 4.84856892 -14.874999
v -7.54874992 0.0985689163 -15.124999
v -7.67250061 0.0985689163 -15.249999
v -7.54874992 0.0985689163 -15.249999
v -7.54874992 2.47356892 -14.999999
v -7.54874992 0.0985689163 -15.124999
v -7.54874992 0.0985689163 -14.999999
v -7.54874992 4.84856892 -14.999999
v -7.54874992 2.47356892 -15.124999
v -7.54874992 2.47356892 -14.999999
v -7.54874992 7.22356892 -15.124999
v -7.67250061 4.84856892 -15.124999
v -7.54874992 4.84856892 -15.124999
v -7.54874992 7.22356892 -14.999999
v -7.54874992 4.84856892 -15.124999
v -7.54874992 4.84856892 -14.999999
v -7.54874992 9.59856987 -14.999999
v -7.54874992 7.22356892 -15.124999
v -7.54874992 7.22356892 -14.999999
v -7.67250061 9.59856987 -15.124999
v -7.67250061 7.22356892 -15.249999
v -7.67250061 7.22356892 -15.124999
v -7.67250061 4.84856892 -15.124999
v -7.67250061 2.47356892 -15.249999
v -7.67250061 2.47356892 -15.124999
v -7.67250061 7.22356892 -14.749999
v -7.67250061 4.84856892 -14.874999
v -7.67250061 4.84856892 -14.749999
v -7.67250061 9.59856987 -14.749999
v -7.67250061 7.22356892 -14.874999
v -7.67250061 7.22356892 -14.749999
v -7.67250061 2.47356892 -14.749999
v -7.67250061 0.0985689163 -14.874999
v -7.67250061 0.0985689163 -14.749999
v -7.67250061 4.84856892 -14.749999
v -7.67250061 2.47356892 -14.874999
v -7.67250061 2.47356892 -14.749999
v -7.67250061 2.47356892 -15.124999
v -7.67250061 0.0985689163 -15.249999
v -7.67250061 0.0985689163 -15.124999
v -7.67250061 7.22356892 -15.124999
v -7.67250061 4.84856892 -15.249999
v -7.67250061 4.84856892 -15.124999
v -7.54874992 4.84856892 -14.874999
v -7.67250061 7.22356892 -14.874999
v -7.54874992 7.22356892 -14.874999
v -7.54874992 9.59856987 -15.249999
v -7.67250061 9.59856987 -15.124999
v -7.54874992 9.59856987 -15.124999
v -7.54874992 7.22356892 -15.249999
v -7.67250061 9.59856987 -15.249999
v -7.54874992 9.59856987 -15.249999
v -7.54874992 2.47356892 -15.124999
v -7.67250061 0.0985689163 -15.124999
v -7.54874992 0.0985689163 -15.124999
v -7.54874992 7.22356892 -14.874999
v -7.67250061 9.59856987 -14.874999
v -7.54874992 9.59856987 -14.874999
v -7.54874992 0.0985689163 -15.249999
v -7.67250061 2.47356892 -15.249999
v -7.54874992 2.47356892 -15.249999
v -7.54874992 4.84856892 -14.749999
v -7.67250061 2.47356892 -14.749999
v -7.54874992 2.47356892 -14.749999
v -7.54874992 4.84856892 -15.124999
v -7.67250061 2.47356892 -15.124999
v -7.54874992 2.47356892 -15.124999
v -7.54874992 7.22356892 -14.749999
v -7.67250061 4.84856892 -14.749999
v -7.54874992 4.84856892 -14.749999
v -7.54874992 4.84856892 -15.249999
v -7.67250061 7.22356892 -15.249999
v -7.54874992 7.22356892 -15.249999
v -7.54874992 2.47356892 -15.249999
v -7.67250061 4.84856892 -15.249999
v -7.54874992 4.84856892 -15.249999
v -7.54874992 0.0985689163 -14.874999
v -7.67250061 2.47356892 -14.874999
v -7.54874992 2.47356892 -14.874999
v 7.30124903 9.59856987 7.62499952
v 7.17749977 9.59856987 7.74999952
v 7.30124903 9.59856987 7.74999952
v 7.30124903 7.22357035 7.24999952
v 7.30124903 9.59856987 7.24999952
v 7.54874992 9.59856987 7.24999952
v 7.54874992 4.84857035 7.62499952
v 7.67250061 2.47357035 7.62499952
v 7.54874992 2.47357035 7.62499952
v 7.54874992 9.59856987 7.74999952
v 7.30124903 9.59856987 7.74999952
v 7.30124903 7.22357035 7.74999952
v 7.54874992 0.09856987 7.62499952
v 7.54874992 0.09856987 7.74999952
v 7.30124903 0.09856987 7.74999952
v 7.30124903 9.59856987 7.62499952
v 7.30124903 9.59856987 7.74999952
v 7.54874992 9.59856987 7.74999952
v 7.54874992 7.22357035 7.37499952
v 7.67250061 9.59856987 7.37499952
v 7.54874992 9.59856987 7.37499952
v 7.54874992 4.84857035 7.37499952
v 7.54874992 2.47357035 7.49999952
v 7.54874992 2.47357035 7.37499952
v 7.54874992 9.59856987 7.37499952
v 7.54874992 7.22357035 7.49999952
v 7.54874992 7.22357035 7.37499952
v 7.54874992 7.22357035 7.37499952
v 7.54874992 4.84857035 7.49999952
v 7.54874992 4.84857035 7.37499952
v 7.54874992 4.84857035 7.24999952
v 7.67250061 2.47357035 7.24999952
v 7.54874992 2.47357035 7.24999952
v 7.54874992 2.47357035 7.62499952
v 7.67250061 0.09856987 7.62499952
v 7.54874992 0.09856987 7.62499952
v 7.54874992 2.47357035 7.37499952
v 7.54874992 0.09856987 7.49999952
v 7.54874992 0.09856987 7.37499952
v 7.54874992 7.22357035 7.74999952
v 7.67250061 9.59856987 7.74999952
v 7.54874992 9.59856987 7.74999952
v 7.54874992 7.22357035 7.24999952
v 7.67250061 4.84857035 7.24999952
v 7.54874992 4.84857035 7.24999952
v 7.54874992 4.84857035 7.37499952
v 7.67250061 7.22357035 7.37499952
v 7.54874992 7.22357035 7.37499952
v 7.54874992 2.47357035 7.49999952
v 7.54874992 0.09856987 7.62499952
v 7.54874992 0.09856987 7.49999952
v 7.54874992 4.84857035 7.49999952
v 7.54874992 2.47357035 7.62499952
v 7.54874992 2.47357035 7.49999952
v 7.54874992 9.59856987 7.37499952
v 7.67250061 9.59856987 7.24999952
v 7.54874992 9.59856987 7.24999952
v 7.54874992 7.22357035 7.49999952
v 7.54874992 4.84857035 7.62499952
v 7.54874992 4.84857035 7.49999952
v 7.54874992 9.59856987 7.49999952
v 7.54874992 7.22357035 7.62499952
v 7.54874992 7.22357035 7.49999952
v 7.67250061 9.59856987 7.62499952
v 7.67250061 7.22357035 7.74999952
v 7.67250061 7.22357035 7.62499952
v 7.67250061 4.84857035 7.62499952
v 7.67250061 2.47357035 7.74999952
v 7.67250061 2.47357035 7.62499952
v 7.67250061 7.22357035 7.24999952
v 7.67250061 4.84857035 7.37499952
v 7.67250061 4.84857035 7.24999952
v 7.67250061 9.59856987 7.24999952
v 7.67250061 7.22357035 7.37499952
v 7.67250061 7.22357035 7.24999952
v 7.67250061 2.47357035 7.24999952
v 7.67250061 0.09856987 7.37499952
v 7.67250061 0.09856987 7.24999952
v 7.67250061 4.84857035 7.24999952
v 7.67250061 2.47357035 7.37499952
v 7.67250061 2.47357035 7.24999952
v 7.67250061 2.47357035 7.62499952
v 7.67250061 0.09856987 7.74999952
v 7.67250061 0.09856987 7.62499952
v 7.67250061 7.22357035 7.62499952
v 7.67250061 4.84857035 7.74999952
v 7.67250061 4.84857035 7.62499952
v 7.54874992 2.47357035 7.24999952
v 7.67250061 0.09856987 7.24999952
v 7.54874992 0.09856987 7.24999952
v 7.54874992 0.09856987 7.24999952
v 7.67250061 0.09856987 7.37499952
v 7.54874992 0.09856987 7.37499952
v 7.54874992 4.84857035 7.74999952
v 7.67250061 7.22357035 7.74999952
v 7.54874992 7.22357035 7.74999952
v 7.54874992 9.59856987 7.74999952
v 7.67250061 9.59856987 7.62499952
v 7.54874992 9.59856987 7.62499952
v 7.54874992 2.47357035 7.74999952
v 7.67250061 4.84857035 7.74999952
v 7.54874992 4.84857035 7.74999952
v 7.54874992 0.09856987 7.37499952
v 7.67250061 2.47357035 7.37499952
v 7.54874992 2.47357035 7.37499952
v 7.54874992 7.22357035 7.62499952
v 7.67250061 4.84857035 7.62499952
v 7.54874992 4.84857035 7.62499952
v 7.54874992 0.09856987 7.74999952
v 7.67250061 2.47357035 7.74999952
v 7.54874992 2.47357035 7.74999952
v 7.54874992 9.59856987 7.24999952
v 7.67250061 7.22357035 7.24999952
v 7.54874992 7.22357035 7.24999952
v 7.54874992 2.47357035 7.37499952
v 7.67250061 4.84857035 7.37499952
v 7.54874992 4.84857035 7.37499952
v 7.54874992 9.59856987 7.62499952
v 7.67250061 7.22357035 7.62499952
v 7.54874992 7.22357035 7.62499952
v 7.54874992 0.09856987 7.62499952
v 7.67250061 0.09856987 7.74999952
v 7.54874992 0.09856987 7.74999952
v 7.30124903 9.59856987 7.74999952
v 7.17749977 7.22357035 7.74999952
v 7.30124903 7.22357035 7.74999952
v 7.30124903 4.84857035 7.62499952
v 7.30124903 2.47357035 7.49999952
v 7.30124903 2.47357035 7.62499952
v 7.30124903 9.59856987 7.62499952
v 7.30124903 7.22357035 7.49999952
v 7.30124903 7.22357035 7.62499952
v 7.30124903 7.22357035 7.62499952
v 7.30124903 4.84857035 7.49999952
v 7.30124903 4.84857035 7.62499952
v 7.30124903 2.47357035 7.74999952
v 7.17749977 0.09856987 7.74999952
v 7.30124903 0.09856987 7.74999952
v 7.30124903 9.59856987 7.37499952
v 7.17749977 7.22357035 7.37499952
v 7.30124903 7.22357035 7.37499952
v 7.30124903 2.47357035 7.62499952
v 7.30124903 0.09856987 7.49999952
v 7.30124903 0.09856987 7.62499952
v 7.30124903 0.09856987 7.74999952
v 7.17749977 0.09856987 7.62499952
v 7.30124903 0.09856987 7.62499952
v 7.30124903 2.47357035 7.62499952
v 7.17749977 4.84857035 7.62499952
v 7.30124903 4.84857035 7.62499952
v 7.30124903 0.09856987 7.37499952
v 7.17749977 0.09856987 7.24999952
v 7.30124903 0.09856987 7.24999952
v 7.30124903 2.47357035 7.49999952
v 7.30124903 0.09856987 7.37499952
v 7.30124903 0.09856987 7.49999952
v 7.30124903 4.84857035 7.49999952
v 7.30124903 2.47357035 7.37499952
v 7.30124903 2.47357035 7.49999952
v 7.30124903 7.22357035 7.37499952
v 7.17749977 4.84857035 7.37499952
v 7.30124903 4.84857035 7.37499952
v 7.30124903 7.22357035 7.49999952
v 7.30124903 4.84857035 7.37499952
v 7.30124903 4.84857035 7.49999952
v 7.30124903 9.59856987 7.49999952
v 7.30124903 7.22357035 7.37499952
v 7.30124903 7.22357035 7.49999952
v 7.17749977 9.59856987 7.37499952
v 7.17749977 7.22357035 7.24999952
v 7.17749977 7.22357035 7.37499952
v 7.17749977 4.84857035 7.37499952
v 7.17749977 2.47357035 7.24999952
v 7.17749977 2.47357035 7.37499952
v 7.17749977 7.22357035 7.74999952
v 7.17749977 4.84857035 7.62499952
v 7.17749977 4.84857035 7.74999952
v 7.17749977 9.59856987 7.74999952
v 7.17749977 7.22357035 7.62499952
v 7.17749977 7.22357035 7.74999952
v 7.17749977 2.47357035 7.74999952
v 7.17749977 0.09856987 7.62499952
v 7.17749977 0.09856987 7.74999952
v 7.17749977 4.84857035 7.74999952
v 7.17749977 2.47357035 7.62499952
v 7.17749977 2.47357035 7.74999952
v 7.17749977 2.47357035 7.37499952
v 7.17749977 0.09856987 7.24999952
v 7.17749977 0.09856987 7.37499952
v 7.17749977 7.22357035 7.37499952
v 7.17749977 4.84857035 7.24999952
v 7.17749977 4.84857035 7.37499952
v 7.30124903 4.84857035 7.62499952
v 7.17749977 7.22357035 7.62499952
v 7.30124903 7.22357035 7.62499952
v 7.30124903 9.59856987 7.24999952
v 7.17749977 9.59856987 7.37499952
v 7.30124903 9.59856987 7.37499952
v 7.30124903 7.22357035 7.24999952
v 7.17749977 9.59856987 7.24999952
v 7.30124903 9.59856987 7.24999952
v 7.30124903 2.47357035 7.37499952
v 7.17749977 0.09856987 7.37499952
v 7.30124903 0.09856987 7.37499952
v 7.30124903 7.22357035 7.62499952
v 7.17749977 9.59856987 7.62499952
v 7.30124903 9.59856987 7.62499952
v 7.30124903 0.09856987 7.24999952
v 7.17749977 2.47357035 7.24999952
v 7.30124903 2.47357035 7.24999952
v 7.30124903 4.84857035 7.74999952
v 7.17749977 2.47357035 7.74999952
v 7.30124903 2.47357035 7.74999952
v 7.30124903 4.84857035 7.37499952
v 7.17749977 2.47357035 7.37499952
v 7.30124903 2.47357035 7.37499952
v 7.30124903 7.22357035 7.74999952
v 7.17749977 4.84857035 7.74999952
v 7.30124903 4.84857035 7.74999952
v 7.30124903 4.84857035 7.24999952
v 7.17749977 7.22357035 7.24999952
v 7.30124903 7.22357035 7.24999952
v 7.30124903 2.47357035 7.24999952
v 7.17749977 4.84857035 7.24999952
v 7.30124903 4.84857035 7.24999952
v 7.30124903 0.09856987 7.62499952
v 7.17749977 2.47357035 7.62499952
v 7.30124903 2.47357035 7.62499952
v 14.8500004 9.72356892 7.62499905
v 14.8500004 9.59856892 7.74999905
v 14.8500004 9.59856892 7.62499905
v 7.42500019 10.0985689 7.62499952
v 14.8500004 10.0985689 7.37499905
v 7.42500019 10.0985689 7.37499952
v 0 9.72356987 7.375
v -7.42500019 9.72357082 7.25000048
v -7.42500019 9.72357082 7.37500048
v 7.42500019 9.59856892 7.37499952
v 14.8500004 9.59856892 7.62499905
v 7.42500019 9.59856892 7.62499952
v -14.8500004 9.72357082 7.37500095
v -14.8500004 9.59857082 7.37500095
v -14.8500004 9.59857082 7.62500095
v 14.8500004 9.72356892 7.62499905
v 14.8500004 9.59856892 7.62499905
v 14.8500004 9.59856892 7.37499905
v 7.42500019 9.97356892 7.37499952
v 14.8500004 9.97356892 7.24999905
v 14.8500004 9.97356892 7.37499905
v 0 9.97356987 7.375
v -7.42500019 9.84857082 7.37500048
v -7.42500019 9.97357082 7.37500048
v 14.8500004 9.97356892 7.37499905
v 7.42500019 9.84856892 7.37499952
v 7.42500019 9.97356892 7.37499952
v 7.42500019 9.97356892 7.37499952
v 0 9.84856987 7.375
v 0 9.97356987 7.375
v 0 10.0985699 7.375
v -7.42500019 10.0985708 7.25000048
v -7.42500019 10.0985708 7.37500048
v -7.42500019 9.72357082 7.37500048
v -14.8500004 9.72357082 7.25000095
v -14.8500004 9.72357082 7.37500095
v -7.42500019 9.97357082 7.37500048
v -14.8500004 9.84857082 7.37500095
v -14.8500004 9.97357082 7.37500095
v 7.42500019 9.59856892 7.37499952
v 14.8500004 9.59856892 7.24999905
v 14.8500004 9.59856892 7.37499905
v 7.42500019 10.0985689 7.37499952
v 0 10.0985699 7.25
v 0 10.0985699 7.375
v 0 9.97356987 7.375
v 7.42500019 9.97356892 7.24999952
v 7.42500019 9.97356892 7.37499952
v -7.42500019 9.84857082 7.37500048
v -14.8500004 9.72357082 7.37500095
v -14.8500004 9.84857082 7.37500095
v 0 9.84856987 7.375
v -7.42500019 9.72357082 7.37500048
v -7.42500019 9.84857082 7.37500048
v 14.8500004 9.97356892 7.37499905
v 14.8500004 10.0985689 7.24999905
v 14.8500004 10.0985689 7.37499905
v 7.42500019 9.84856892 7.37499952
v 0 9.72356987 7.375
v 0 9.84856987 7.375
v 14.8500004 9.84856892 7.37499905
v 7.42500019 9.72356892 7.37499952
v 7.42500019 9.84856892 7.37499952
v 14.8500004 9.72356892 7.24999905
v 7.42500019 9.59856892 7.24999952
v 7.42500019 9.72356892 7.24999952
v 0 9.72356987 7.25
v -7.42500019 9.59856987 7.25000048
v -7.42500019 9.72357082 7.25000048
v 7.42500019 10.0985689 7.24999952
v 0 9.97356987 7.25
v 0 10.0985699 7.25
v 14.8500004 10.0985689 7.24999905
v 7.42500019 9.97356892 7.24999952
v 7.42500019 10.0985689 7.24999952
v -7.42500019 10.0985708 7.25000048
v -14.8500004 9.97357082 7.25000095
v -14.8500004 10.0985708 7.25000095
v 0 10.0985699 7.25
v -7.42500019 9.97357082 7.25000048
v -7.42500019 10.0985708 7.25000048
v -7.42500019 9.72357082 7.25000048
v -14.8500004 9.59857082 7.25000095
v -14.8500004 9.72357082 7.25000095
v 7.42500019 9.72356892 7.24999952
v 0 9.59856987 7.25
v 0 9.72356987 7.25
v -7.42500019 10.0985708 7.37500048
v -14.8500004 10.0985708 7.25000095
v -14.8500004 10.0985708 7.37500095
v -14.8500004 10.0985708 7.37500095
v -14.8500004 9.97357082 7.25000095
v -14.8500004 9.97357082 7.37500095
v 0 9.59856987 7.375
v 7.42500019 9.59856892 7.24999952
v 7.42500019 9.59856892 7.37499952
v 14.8500004 9.59856892 7.37499905
v 14.8500004 9.72356892 7.24999905
v 14.8500004 9.72356892 7.37499905
v -7.42500019 9.59856987 7.37500048
v 0 9.59856987 7.25
v 0 9.59856987 7.375
v -14.8500004 9.97357082 7.37500095
v -7.42500019 9.97357082 7.25000048
v -7.42500019 9.97357082 7.37500048
v 7.42500019 9.72356892 7.37499952
v 0 9.72356987 7.25
v 0 9.72356987 7.375
v -14.8500004 9.59857082 7.37500095
v -7.42500019 9.59856987 7.25000048
v -7.42500019 9.59856987 7.37500048
v 14.8500004 10.0985689 7.37499905
v 7.42500019 10.0985689 7.24999952
v 7.42500019 10.0985689 7.37499952
v -7.42500019 9.97357082 7.37500048
v 0 9.97356987 7.25
v 0 9.97356987 7.375
v 14.8500004 9.72356892 7.37499905
v 7.42500019 9.72356892 7.24999952
v 7.42500019 9.72356892 7.37499952
v -14.8500004 9.72357082 7.37500095
v -14.8500004 9.59857082 7.25000095
v -14.8500004 9.59857082 7.37500095
v 14.8500004 9.59856892 7.62499905
v 7.42500019 9.59856892 7.74999952
v 7.42500019 9.59856892 7.62499952
v 0 9.72356987 7.625
v -7.42500019 9.84857082 7.62500048
v -7.42500019 9.72357082 7.62500048
v 14.8500004 9.72356892 7.62499905
v 7.42500019 9.84856892 7.62499952
v 7.42500019 9.72356892 7.62499952
v 7.42500019 9.72356892 7.62499952
v 0 9.84856987 7.625
v 0 9.72356987 7.625
v -7.42500019 9.59856987 7.62500048
v -14.8500004 9.59857082 7.75000095
v -14.8500004 9.59857082 7.62500095
v 14.8500004 9.97356892 7.62499905
v 7.42500019 9.97356892 7.74999952
v 7.42500019 9.97356892 7.62499952
v -7.42500019 9.72357082 7.62500048
v -14.8500004 9.84857082 7.62500095
v -14.8500004 9.72357082 7.62500095
v -14.8500004 9.59857082 7.62500095
v -14.8500004 9.72357082 7.75000095
v -14.8500004 9.72357082 7.62500095
v -7.42500019 9.72357082 7.62500048
v 0 9.72356987 7.75
v 0 9.72356987 7.625
v -14.8500004 9.97357082 7.62500095
v -14.8500004 10.0985708 7.75000095
v -14.8500004 10.0985708 7.62500095
v -7.42500019 9.84857082 7.62500048
v -14.8500004 9.97357082 7.62500095
v -14.8500004 9.84857082 7.62500095
v 0 9.84856987 7.625
v -7.42500019 9.97357082 7.62500048
v -7.42500019 9.84857082 7.62500048
v 7.42500019 9.97356892 7.62499952
v 0 9.97356987 7.75
v 0 9.97356987 7.625
v 7.42500019 9.84856892 7.62499952
v 0 9.97356987 7.625
v 0 9.84856987 7.625
v 14.8500004 9.84856892 7.62499905
v 7.42500019 9.97356892 7.62499952
v 7.42500019 9.84856892 7.62499952
v 14.8500004 9.97356892 7.74999905
v 7.42500019 10.0985689 7.74999952
v 7.42500019 9.97356892 7.74999952
v 0 9.97356987 7.75
v -7.42500019 10.0985708 7.75000048
v -7.42500019 9.97357082 7.75000048
v 7.42500019 9.59856892 7.74999952
v 0 9.72356987 7.75
v 0 9.59856987 7.75
v 14.8500004 9.59856892 7.74999905
v 7.42500019 9.72356892 7.74999952
v 7.42500019 9.59856892 7.74999952
v -7.42500019 9.59856987 7.75000048
v -14.8500004 9.72357082 7.75000095
v -14.8500004 9.59857082 7.75000095
v 0 9.59856987 7.75
v -7.42500019 9.72357082 7.75000048
v -7.42500019 9.59856987 7.75000048
v -7.42500019 9.97357082 7.75000048
v -14.8500004 10.0985708 7.75000095
v -14.8500004 9.97357082 7.75000095
v 7.42500019 9.97356892 7.74999952
v 0 10.0985699 7.75
v 0 9.97356987 7.75
v 0 9.72356987 7.625
v 7.42500019 9.72356892 7.74999952
v 7.42500019 9.72356892 7.62499952
v 14.8500004 10.0985689 7.62499905
v 14.8500004 9.97356892 7.74999905
v 14.8500004 9.97356892 7.62499905
v 7.42500019 10.0985689 7.62499952
v 14.8500004 10.0985689 7.74999905
v 14.8500004 10.0985689 7.62499905
v -7.42500019 9.97357082 7.62500048
v -14.8500004 9.97357082 7.75000095
v -14.8500004 9.97357082 7.62500095
v 7.42500019 9.72356892 7.62499952
v 14.8500004 9.72356892 7.74999905
v 14.8500004 9.72356892 7.62499905
v -14.8500004 10.0985708 7.62500095
v -7.42500019 10.0985708 7.75000048
v -7.42500019 10.0985708 7.62500048
v 0 9.59856987 7.625
v -7.42500019 9.59856987 7.75000048
v -7.42500019 9.59856987 7.62500048
v 0 9.97356987 7.625
v -7.42500019 9.97357082 7.75000048
v -7.42500019 9.97357082 7.62500048
v 7.42500019 9.59856892 7.62499952
v 0 9.59856987 7.75
v 0 9.59856987 7.625
v 0 10.0985699 7.625
v 7.42500019 10.0985689 7.74999952
v 7.42500019 10.0985689 7.62499952
v -7.42500019 10.0985708 7.62500048
v 0 10.0985699 7.75
v 0 10.0985699 7.625
v -14.8500004 9.72357082 7.62500095
v -7.42500019 9.72357082 7.75000048
v -7.42500019 9.72357082 7.62500048
v -7.54874992 9.59856987 7.62500048
v -7.67250061 9.59856987 7.75000048
v -7.54874992 9.59856987 7.75000048
v -7.54874992 9.59856987 7.25000048
v -7.30125093 9.59856987 7.25000048
v -7.30125093 7.22356892 7.25000048
v -7.30125093 4.84856892 7.62500048
v -7.17749977 2.47356892 7.62500048
v -7.30125093 2.47356892 7.62500048
v -7.30125093 7.22356892 7.75000048
v -7.54874992 9.59856987 7.75000048
v -7.54874992 7.22356892 7.75000048
v -7.30124903 0.0985689163 7.62500048
v -7.30124903 0.0985689163 7.75000048
v -7.54874992 0.0985689163 7.75000048
v -7.54874992 9.59856987 7.62500048
v -7.54874992 9.59856987 7.75000048
v -7.30125093 9.59856987 7.75000048
v -7.30125093 7.22356892 7.37500048
v -7.1775012 9.59856987 7.37500048
v -7.30125093 9.59856987 7.37500048
v -7.30125093 4.84856892 7.37500048
v -7.30125093 2.47356892 7.50000048
v -7.30125093 2.47356892 7.37500048
v -7.30125093 9.59856987 7.37500048
v -7.30125093 7.22356892 7.50000048
v -7.30125093 7.22356892 7.37500048
v -7.30125093 7.22356892 7.37500048
v -7.30125093 4.84856892 7.50000048
v -7.30125093 4.84856892 7.37500048
v -7.30125093 4.84856892 7.25000048
v -7.17749977 2.47356892 7.25000048
v -7.30124903 2.47356892 7.25000048
v -7.30125093 2.47356892 7.62500048
v -7.17749977 0.0985689163 7.62500048
v -7.30124903 0.0985689163 7.62500048
v -7.30125093 2.47356892 7.37500048
v -7.30124903 0.0985689163 7.50000048
v -7.30124903 0.0985689163 7.37500048
v -7.30125093 7.22356892 7.75000048
v -7.1775012 9.59856987 7.75000048
v -7.30125093 9.59856987 7.75000048
v -7.30125093 7.22356892 7.25000048
v -7.17749977 4.84856892 7.25000048
v -7.30125093 4.84856892 7.25000048
v -7.30125093 4.84856892 7.37500048
v -7.1775012 7.22356892 7.37500048
v -7.30125093 7.22356892 7.37500048
v -7.30125093 2.47356892 7.50000048
v -7.30124903 0.0985689163 7.62500048
v -7.30124903 0.0985689163 7.50000048
v -7.30125093 4.84856892 7.50000048
v -7.30125093 2.47356892 7.62500048
v -7.30125093 2.47356892 7.50000048
v -7.30125093 9.59856987 7.37500048
v -7.1775012 9.59856987 7.25000048
v -7.30125093 9.59856987 7.25000048
v -7.30125093 7.22356892 7.50000048
v -7.30125093 4.84856892 7.62500048
v -7.30125093 4.84856892 7.50000048
v -7.30125093 9.59856987 7.50000048
v -7.30125093 7.22356892 7.62500048
v -7.30125093 7.22356892 7.50000048
v -7.1775012 9.59856987 7.62500048
v -7.1775012 7.22356892 7.75000048
v -7.1775012 7.22356892 7.62500048
v -7.17749977 4.84856892 7.62500048
v -7.17749977 2.47356892 7.75000048
v -7.17749977 2.47356892 7.62500048
v -7.1775012 7.22356892 7.25000048
v -7.17749977 4.84856892 7.37500048
v -7.17749977 4.84856892 7.25000048
v -7.1775012 9.59856987 7.25000048
v -7.1775012 7.22356892 7.37500048
v -7.1775012 7.22356892 7.25000048
v -7.17749977 2.47356892 7.25000048
v -7.17749977 0.0985689163 7.37500048
v -7.17749977 0.0985689163 7.25000048
v -7.17749977 4.84856892 7.25000048
v -7.17749977 2.47356892 7.37500048
v -7.17749977 2.47356892 7.25000048
v -7.17749977 2.47356892 7.62500048
v -7.17749977 0.0985689163 7.75000048
v -7.17749977 0.0985689163 7.62500048
v -7.1775012 7.22356892 7.62500048
v -7.17749977 4.84856892 7.75000048
v -7.17749977 4.84856892 7.62500048
v -7.30124903 2.47356892 7.25000048
v -7.17749977 0.0985689163 7.25000048
v -7.30124903 0.0985689163 7.25000048
v -7.30124903 0.0985689163 7.25000048
v -7.17749977 0.0985689163 7.37500048
v -7.30124903 0.0985689163 7.37500048
v -7.30125093 4.84856892 7.75000048
v -7.1775012 7.22356892 7.75000048
v -7.30125093 7.22356892 7.75000048
v -7.30125093 9.59856987 7.75000048
v -7.1775012 9.59856987 7.62500048
v -7.30125093 9.59856987 7.62500048
v -7.30125093 2.47356892 7.75000048
v -7.17749977 4.84856892 7.75000048
v -7.30125093 4.84856892 7.75000048
v -7.30124903 0.0985689163 7.37500048
v -7.17749977 2.47356892 7.37500048
v -7.30125093 2.47356892 7.37500048
v -7.30125093 7.22356892 7.62500048
v -7.17749977 4.84856892 7.62500048
v -7.30125093 4.84856892 7.62500048
v -7.30124903 0.0985689163 7.75000048
v -7.17749977 2.47356892 7.75000048
v -7.30125093 2.47356892 7.75000048
v -7.30125093 9.59856987 7.25000048
v -7.1775012 7.22356892 7.25000048
v -7.30125093 7.22356892 7.25000048
v -7.30125093 2.47356892 7.37500048
v -7.17749977 4.84856892 7.37500048
v -7.30125093 4.84856892 7.37500048
v -7.30125093 9.59856987 7.62500048
v -7.1775012 7.22356892 7.62500048
v -7.30125093 7.22356892 7.62500048
v -7.30124903 0.0985689163 7.62500048
v -7.17749977 0.0985689163 7.75000048
v -7.30124903 0.0985689163 7.75000048
v -7.54874992 9.59856987 7.75000048
v -7.67250061 7.22356892 7.75000048
v -7.54874992 7.22356892 7.75000048
v -7.54874992 4.84856892 7.62500048
v -7.54874992 2.47356892 7.50000048
v -7.54874992 2.47356892 7.62500048
v -7.54874992 9.59856987 7.62500048
v -7.54874992 7.22356892 7.50000048
v -7.54874992 7.22356892 7.62500048
v -7.54874992 7.22356892 7.62500048
v -7.54874992 4.84856892 7.50000048
v -7.54874992 4.84856892 7.62500048
v -7.54874992 2.47356892 7.75000048
v -7.67250061 0.0985689163 7.75000048
v -7.54874992 0.0985689163 7.75000048
v -7.54874992 9.59856987 7.37500048
v -7.67250061 7.22356892 7.37500048
v -7.54874992 7.22356892 7.37500048
v -7.54874992 2.47356892 7.62500048
v -7.54874992 0.0985689163 7.50000048
v -7.54874992 0.0985689163 7.62500048
v -7.54874992 0.0985689163 7.75000048
v -7.67250061 0.0985689163 7.62500048
v -7.54874992 0.0985689163 7.62500048
v -7.54874992 2.47356892 7.62500048
v -7.67250061 4.84856892 7.62500048
v -7.54874992 4.84856892 7.62500048
v -7.54874992 0.0985689163 7.37500048
v -7.67250061 0.0985689163 7.25000048
v -7.54874992 0.0985689163 7.25000048
v -7.54874992 2.47356892 7.50000048
v -7.54874992 0.0985689163 7.37500048
v -7.54874992 0.0985689163 7.50000048
v -7.54874992 4.84856892 7.50000048
v -7.54874992 2.47356892 7.37500048
v -7.54874992 2.47356892 7.50000048
v -7.54874992 7.22356892 7.37500048
v -7.67250061 4.84856892 7.37500048
v -7.54874992 4.84856892 7.37500048
v -7.54874992 7.22356892 7.50000048
v -7.54874992 4.84856892 7.37500048
v -7.54874992 4.84856892 7.50000048
v -7.54874992 9.59856987 7.50000048
v -7.54874992 7.22356892 7.37500048
v -7.54874992 7.22356892 7.50000048
v -7.67250061 9.59856987 7.37500048
v -7.67250061 7.22356892 7.25000048
v -7.67250061 7.22356892 7.37500048
v -7.67250061 4.84856892 7.37500048
v -7.67250061 2.47356892 7.25000048
v -7.67250061 2.47356892 7.37500048
v -7.67250061 7.22356892 7.75000048
v -7.67250061 4.84856892 7.62500048
v -7.67250061 4.84856892 7.75000048
v -7.67250061 9.59856987 7.75000048
v -7.67250061 7.22356892 7.62500048
v -7.67250061 7.22356892 7.75000048
v -7.67250061 2.47356892 7.75000048
v -7.67250061 0.0985689163 7.62500048
v -7.67250061 0.0985689163 7.75000048
v -7.67250061 4.84856892 7.75000048
v -7.67250061 2.47356892 7.62500048
v -7.67250061 2.47356892 7.75000048
v -7.67250061 2.47356892 7.37500048
v -7.67250061 0.0985689163 7.25000048
v -7.67250061 0.0985689163 7.37500048
v -7.67250061 7.22356892 7.37500048
v -7.67250061 4.84856892 7.25000048
v -7.67250061 4.84856892 7.37500048
v -7.54874992 4.84856892 7.62500048
v -7.67250061 7.22356892 7.62500048
v -7.54874992 7.22356892 7.62500048
v -7.54874992 9.59856987 7.25000048
v -7.67250061 9.59856987 7.37500048
v -7.54874992 9.59856987 7.37500048
v -7.54874992 7.22356892 7.25000048
v -7.67250061 9.59856987 7.25000048
v -7.54874992 9.59856987 7.25000048
v -7.54874992 2.47356892 7.37500048
v -7.67250061 0.0985689163 7.37500048
v -7.54874992 0.0985689163 7.37500048
v -7.54874992 7.22356892 7.62500048
v -7.67250061 9.59856987 7.62500048
v -7.54874992 9.59856987 7.62500048
v -7.54874992 0.0985689163 7.25000048
v -7.67250061 2.47356892 7.25000048
v -7.54874992 2.47356892 7.25000048
v -7.54874992 4.84856892 7.75000048
v -7.67250061 2.47356892 7.75000048
v -7.54874992 2.47356892 7.75000048
v -7.54874992 4.84856892 7.37500048
v -7.67250061 2.47356892 7.37500048
v -7.54874992 2.47356892 7.37500048
v -7.54874992 7.22356892 7.75000048
v -7.67250061 4.84856892 7.75000048
v -7.54874992 4.84856892 7.75000048
v -7.54874992 4.84856892 7.25000048
v -7.67250061 7.22356892 7.25000048
v -7.54874992 7.22356892 7.25000048
v -7.54874992 2.47356892 7.25000048
v -7.67250061 4.84856892 7.25000048
v -7.54874992 4.84856892 7.25000048
v -7.54874992 0.0985689163 7.62500048
v -7.67250061 2.47356892 7.62500048
v -7.54874992 2.47356892 7.62500048
v 7.30124903 9.59856987 15.124999
v 7.17749977 9.59856987 15.249999
v 7.30124903 9.59856987 15.249999
v 7.30124903 7.22357035 14.749999
v 7.30124903 9.59856987 14.749999
v 7.54874992 9.59856987 14.749999
v 7.54874992 4.84857035 15.124999
v 7.67250061 2.47357035 15.124999
v 7.54874992 2.47357035 15.124999
v 7.54874992 9.59856987 15.249999
v 7.30124903 9.59856987 15.249999
v 7.30124903 7.22357035 15.249999
v 7.54874992 0.09856987 15.124999
v 7.54874992 0.09856987 15.249999
v 7.30124903 0.09856987 15.249999
v 7.30124903 9.59856987 15.124999
v 7.30124903 9.59856987 15.249999
v 7.54874992 9.59856987 15.249999
v 7.54874992 7.22357035 14.874999
v 7.67250061 9.59856987 14.874999
v 7.54874992 9.59856987 14.874999
v 7.54874992 4.84857035 14.874999
v 7.54874992 2.47357035 14.999999
v 7.54874992 2.47357035 14.874999
v 7.54874992 9.59856987 14.874999
v 7.54874992 7.22357035 14.999999
v 7.54874992 7.22357035 14.874999
v 7.54874992 7.22357035 14.874999
v 7.54874992 4.84857035 14.999999
v 7.54874992 4.84857035 14.874999
v 7.54874992 4.84857035 14.749999
v 7.67250061 2.47357035 14.749999
v 7.54874992 2.47357035 14.749999
v 7.54874992 2.47357035 15.124999
v 7.67250061 0.09856987 15.124999
v 7.54874992 0.09856987 15.124999
v 7.54874992 2.47357035 14.874999
v 7.54874992 0.09856987 14.999999
v 7.54874992 0.09856987 14.874999
v 7.54874992 7.22357035 15.249999
v 7.67250061 9.59856987 15.249999
v 7.54874992 9.59856987 15.249999
v 7.54874992 7.22357035 14.749999
v 7.67250061 4.84857035 14.749999
v 7.54874992 4.84857035 14.749999
v 7.54874992 4.84857035 14.874999
v 7.67250061 7.22357035 14.874999
v 7.54874992 7.22357035 14.874999
v 7.54874992 2.47357035 14.999999
v 7.54874992 0.09856987 15.124999
v 7.54874992 0.09856987 14.999999
v 7.54874992 4.84857035 14.999999
v 7.54874992 2.47357035 15.124999
v 7.54874992 2.47357035 14.999999
v 7.54874992 9.59856987 14.874999
v 7.67250061 9.59856987 14.749999
v 7.54874992 9.59856987 14.749999
v 7.54874992 7.22357035 14.999999
v 7.54874992 4.84857035 15.124999
v 7.54874992 4.84857035 14.999999
v 7.54874992 9.59856987 14.999999
v 7.54874992 7.22357035 15.124999
v 7.54874992 7.22357035 14.999999
v 7.67250061 9.59856987 15.124999
v 7.67250061 7.22357035 15.249999
v 7.67250061 7.22357035 15.124999
v 7.67250061 4.84857035 15.124999
v 7.67250061 2.47357035 15.249999
v 7.67250061 2.47357035 15.124999
v 7.67250061 7.22357035 14.749999
v 7.67250061 4.84857035 14.874999
v 7.67250061 4.84857035 14.749999
v 7.67250061 9.59856987 14.749999
v 7.67250061 7.22357035 14.874999
v 7.67250061 7.22357035 14.749999
v 7.67250061 2.47357035 14.749999
v 7.67250061 0.09856987 14.874999
v 7.67250061 0.09856987 14.749999
v 7.67250061 4.84857035 14.749999
v 7.67250061 2.47357035 14.874999
v 7.67250061 2.47357035 14.749999
v 7.67250061 2.47357035 15.124999
v 7.67250061 0.09856987 15.249999
v 7.67250061 0.09856987 15.124999
v 7.67250061 7.22357035 15.124999
v 7.67250061 4.84857035 15.249999
v 7.67250061 4.84857035 15.124999
v 7.54874992 2.47357035 14.749999
v 7.67250061 0.09856987 14.749999
v 7.54874992 0.09856987 14.749999
v 7.54874992 0.09856987 14.749999
v 7.67250061 0.09856987 14.874999
v 7.54874992 0.09856987 14.874999
v 7.54874992 4.84857035 15.249999
v 7.67250061 7.22357035 15.249999
v 7.54874992 7.22357035 15.249999
v 7.54874992 9.59856987 15.249999
v 7.67250061 9.59856987 15.124999
v 7.54874992 9.59856987 15.124999
v 7.54874992 2.47357035 15.249999
v 7.67250061 4.84857035 15.249999
v 7.54874992 4.84857035 15.249999
v 7.54874992 0.09856987 14.874999
v 7.67250061 2.47357035 14.874999
v 7.54874992 2.47357035 14.874999
v 7.54874992 7.22357035 15.124999
v 7.67250061 4.84857035 15.124999
v 7.54874992 4.84857035 15.124999
v 7.54874992 0.09856987 15.249999
v 7.67250061 2.47357035 15.249999
v 7.54874992 2.47357035 15.249999
v 7.54874992 9.59856987 14.749999
v 7.67250061 7.22357035 14.749999
v 7.54874992 7.22357035 14.749999
v 7.54874992 2.47357035 14.874999
v 7.67250061 4.84857035 14.874999
v 7.54874992 4.84857035 14.874999
v 7.54874992 9.59856987 15.124999
v 7.67250061 7.22357035 15.124999
v 7.54874992 7.22357035 15.124999
v 7.54874992 0.09856987 15.124999
v 7.67250061 0.09856987 15.249999
v 7.54874992 0.09856987 15.249999
v 7.30124903 9.59856987 15.249999
v 7.17749977 7.22357035 15.249999
v 7.30124903 7.22357035 15.249999
v 7.30124903 4.84857035 15.124999
v 7.30124903 2.47357035 14.999999
v 7.30124903 2.47357035 15.124999
v 7.30124903 9.59856987 15.124999
v 7.30124903 7.22357035 14.999999
v 7.30124903 7.22357035 15.124999
v 7.30124903 7.22357035 15.124999
v 7.30124903 4.84857035 14.999999
v 7.30124903 4.84857035 15.124999
v 7.30124903 2.47357035 15.249999
v 7.17749977 0.09856987 15.249999
v 7.30124903 0.09856987 15.249999
v 7.30124903 9.59856987 14.874999
v 7.17749977 7.22357035 14.874999
v 7.30124903 7.22357035 14.874999
v 7.30124903 2.47357035 15.124999
v 7.30124903 0.09856987 14.999999
v 7.30124903 0.09856987 15.124999
v 7.30124903 0.09856987 15.249999
v 7.17749977 0.09856987 15.124999
v 7.30124903 0.09856987 15.124999
v 7.30124903 2.47357035 15.124999
v 7.17749977 4.84857035 15.124999
v 7.30124903 4.84857035 15.124999
v 7.30124903 0.09856987 14.874999
v 7.17749977 0.09856987 14.749999
v 7.30124903 0.09856987 14.749999
v 7.30124903 2.47357035 14.999999
v 7.30124903 0.09856987 14.874999
v 7.30124903 0.09856987 14.999999
v 7.30124903 4.84857035 14.999999
v 7.30124903 2.47357035 14.874999
v 7.30124903 2.47357035 14.999999
v 7.30124903 7.22357035 14.874999
v 7.17749977 4.84857035 14.874999
v 7.30124903 4.84857035 14.874999
v 7.30124903 7.22357035 14.999999
v 7.30124903 4.84857035 14.874999
v 7.30124903 4.84857035 14.999999
v 7.30124903 9.59856987 14.999999
v 7.30124903 7.22357035 14.874999
v 7.30124903 7.22357035 14.999999
v 7.17749977 9.59856987 14.874999
v 7.17749977 7.22357035 14.749999
v 7.17749977 7.22357035 14.874999
v 7.17749977 4.84857035 14.874999
v 7.17749977 2.47357035 14.749999
v 7.17749977 2.47357035 14.874999
v 7.17749977 7.22357035 15.249999
v 7.17749977 4.84857035 15.124999
v 7.17749977 4.84857035 15.249999
v 7.17749977 9.59856987 15.249999
v 7.17749977 7.22357035 15.124999
v 7.17749977 7.22357035 15.249999
v 7.17749977 2.47357035 15.249999
v 7.17749977 0.09856987 15.124999
v 7.17749977 0.09856987 15.249999
v 7.17749977 4.84857035 15.249999
v 7.17749977 2.47357035 15.124999
v 7.17749977 2.47357035 15.249999
v 7.17749977 2.47357035 14.874999
v 7.17749977 0.09856987 14.749999
v 7.17749977 0.09856987 14.874999
v 7.17749977 7.22357035 14.874999
v 7.17749977 4.84857035 14.749999
v 7.17749977 4.84857035 14.874999
v 7.30124903 4.84857035 15.124999
v 7.17749977 7.22357035 15.124999
v 7.30124903 7.22357035 15.124999
v 7.30124903 9.59856987 14.749999
v 7.17749977 9.59856987 14.874999
v 7.30124903 9.59856987 14.874999
v 7.30124903 7.22357035 14.749999
v 7.17749977 9.59856987 14.749999
v 7.30124903 9.59856987 14.749999
v 7.30124903 2.47357035 14.874999
v 7.17749977 0.09856987 14.874999
v 7.30124903 0.09856987 14.874999
v 7.30124903 7.22357035 15.124999
v 7.17749977 9.59856987 15.124999
v 7.30124903 9.59856987 15.124999
v 7.30124903 0.09856987 14.749999
v 7.17749977 2.47357035 14.749999
v 7.30124903 2.47357035 14.749999
v 7.30124903 4.84857035 15.249999
v 7.17749977 2.47357035 15.249999
v 7.30124903 2.47357035 15.249999
v 7.30124903 4.84857035 14.874999
v 7.17749977 2.47357035 14.874999
v 7.30124903 2.47357035 14.874999
v 7.30124903 7.22357035 15.249999
v 7.17749977 4.84857035 15.249999
v 7.30124903 4.84857035 15.249999
v 7.30124903 4.84857035 14.749999
v 7.17749977 7.22357035 14.749999
v 7.30124903 7.22357035 14.749999
v 7.30124903 2.47357035 14.749999
v 7.17749977 4.84857035 14.749999
v 7.30124903 4.84857035 14.749999
v 7.30124903 0.09856987 15.124999
v 7.17749977 2.47357035 15.124999
v 7.30124903 2.47357035 15.124999
v 14.8500004 9.72356892 15.124999
v 14.8500004 9.59856892 15.249999
v 14.8500004 9.59856892 15.124999
v 7.42500019 10.0985689 15.124999
v 14.8500004 10.0985689 14.874999
v 7.42500019 10.0985689 14.874999
v 0 9.72356987 14.875
v -7.4250021 9.72357082 14.750001
v -7.4250021 9.72357082 14.875001
v 7.42500019 9.59856892 14.874999
v 14.8500004 9.59856892 15.124999
v 7.42500019 9.59856892 15.124999
v -14.8500004 9.72357082 14.875001
v -14.8500004 9.59857082 14.875001
v -14.8500004 9.59857082 15.125001
v 14.8500004 9.72356892 15.124999
v 14.8500004 9.59856892 15.124999
v 14.8500004 9.59856892 14.874999
v 7.42500019 9.97356892 14.874999
v 14.8500004 9.97356892 14.749999
v 14.8500004 9.97356892 14.874999
v 0 9.97356987 14.875
v -7.4250021 9.84857082 14.875001
v -7.4250021 9.97357082 14.875001
v 14.8500004 9.97356892 14.874999
v 7.42500019 9.84856892 14.874999
v 7.42500019 9.97356892 14.874999
v 7.42500019 9.97356892 14.874999
v 0 9.84856987 14.875
v 0 9.97356987 14.875
v 0 10.0985699 14.875
v -7.4250021 10.0985708 14.750001
v -7.4250021 10.0985708 14.875001
v -7.4250021 9.72357082 14.875001
v -14.8500004 9.72357082 14.750001
v -14.8500004 9.72357082 14.875001
v -7.4250021 9.97357082 14.875001
v -14.8500004 9.84857082 14.875001
v -14.8500004 9.97357082 14.875001
v 7.42500019 9.59856892 14.874999
v 14.8500004 9.59856892 14.749999
v 14.8500004 9.59856892 14.874999
v 7.42500019 10.0985689 14.874999
v 0 10.0985699 14.75
v 0 10.0985699 14.875
v 0 9.97356987 14.875
v 7.42500019 9.97356892 14.749999
v 7.42500019 9.97356892 14.874999
v -7.4250021 9.84857082 14.875001
v -14.8500004 9.72357082 14.875001
v -14.8500004 9.84857082 14.875001
v 0 9.84856987 14.875
v -7.4250021 9.72357082 14.875001
v -7.4250021 9.84857082 14.875001
v 14.8500004 9.97356892 14.874999
v 14.8500004 10.0985689 14.749999
v 14.8500004 10.0985689 14.874999
v 7.42500019 9.84856892 14.874999
v 0 9.72356987 14.875
v 0 9.84856987 14.875
v 14.8500004 9.84856892 14.874999
v 7.42500019 9.72356892 14.874999
v 7.42500019 9.84856892 14.874999
v 14.8500004 9.72356892 14.749999
v 7.42500019 9.59856892 14.749999
v 7.42500019 9.72356892 14.749999
v 0 9.72356987 14.75
v -7.4250021 9.59856987 14.750001
v -7.4250021 9.72357082 14.750001
v 7.42500019 10.0985689 14.749999
v 0 9.97356987 14.75
v 0 10.0985699 14.75
v 14.8500004 10.0985689 14.749999
v 7.42500019 9.97356892 14.749999
v 7.42500019 10.0985689 14.749999
v -7.4250021 10.0985708 14.750001
v -14.8500004 9.97357082 14.750001
v -14.8500004 10.0985708 14.750001
v 0 10.0985699 14.75
v -7.4250021 9.97357082 14.750001
v -7.4250021 10.0985708 14.750001
v -7.4250021 9.72357082 14.750001
v -14.8500004 9.59857082 14.750001
v -14.8500004 9.72357082 14.750001
v 7.42500019 9.72356892 14.749999
v 0 9.59856987 14.75
v 0 9.72356987 14.75
v -7.4250021 10.0985708 14.875001
v -14.8500004 10.0985708 14.750001
v -14.8500004 10.0985708 14.875001
v -14.8500004 10.0985708 14.875001
v -14.8500004 9.97357082 14.750001
v -14.8500004 9.97357082 14.875001
v 0 9.59856987 14.875
v 7.42500019 9.59856892 14.749999
v 7.42500019 9.59856892 14.874999
v 14.8500004 9.59856892 14.874999
v 14.8500004 9.72356892 14.749999
v 14.8500004 9.72356892 14.874999
v -7.4250021 9.59856987 14.875001
v 0 9.59856987 14.75
v 0 9.59856987 14.875
v -14.8500004 9.97357082 14.875001
v -7.4250021 9.97357082 14.750001
v -7.4250021 9.97357082 14.875001
v 7.42500019 9.72356892 14.874999
v 0 9.72356987 14.75
v 0 9.72356987 14.875
v -14.8500004 9.59857082 14.875001
v -7.4250021 9.59856987 14.750001
v -7.4250021 9.59856987 14.875001
v 14.8500004 10.0985689 14.874999
v 7.42500019 10.0985689 14.749999
v 7.42500019 10.0985689 14.874999
v -7.4250021 9.97357082 14.875001
v 0 9.97356987 14.75
v 0 9.97356987 14.875
v 14.8500004 9.72356892 14.874999
v 7.42500019 9.72356892 14.749999
v 7.42500019 9.72356892 14.874999
v -14.8500004 9.72357082 14.875001
v -14.8500004 9.59857082 14.750001
v -14.8500004 9.59857082 14.875001
v 14.8500004 9.59856892 15.124999
v 7.42500019 9.59856892 15.249999
v 7.42500019 9.59856892 15.124999
v 0 9.72356987 15.125
v -7.4250021 9.84857082 15.125001
v -7.4250021 9.72357082 15.125001
v 14.8500004 9.72356892 15.124999
v 7.42500019 9.84856892 15.124999
v 7.42500019 9.72356892 15.124999
v 7.42500019 9.72356892 15.124999
v 0 9.84856987 15.125
v 0 9.72356987 15.125
v -7.4250021 9.59856987 15.125001
v -14.8500004 9.59857082 15.250001
v -14.8500004 9.59857082 15.125001
v 14.8500004 9.97356892 15.124999
v 7.42500019 9.97356892 15.249999
v 7.42500019 9.97356892 15.124999
v -7.4250021 9.72357082 15.125001
v -14.8500004 9.84857082 15.125001
v -14.8500004 9.72357082 15.125001
v -14.8500004 9.59857082 15.125001
v -14.8500004 9.72357082 15.250001
v -14.8500004 9.72357082 15.125001
v -7.4250021 9.72357082 15.125001
v 0 9.72356987 15.25
v 0 9.72356987 15.125
v -14.8500004 9.97357082 15.125001
v -14.8500004 10.0985708 15.250001
v -14.8500004 10.0985708 15.125001
v -7.4250021 9.84857082 15.125001
v -14.8500004 9.97357082 15.125001
v -14.8500004 9.84857082 15.125001
v 0 9.84856987 15.125
v -7.4250021 9.97357082 15.125001
v -7.4250021 9.84857082 15.125001
v 7.42500019 9.97356892 15.124999
v 0 9.97356987 15.25
v 0 9.97356987 15.125
v 7.42500019 9.84856892 15.124999
v 0 9.97356987 15.125
v 0 9.84856987 15.125
v 14.8500004 9.84856892 15.124999
v 7.42500019 9.97356892 15.124999
v 7.42500019 9.84856892 15.124999
v 14.8500004 9.97356892 15.249999
v 7.42500019 10.0985689 15.249999
v 7.42500019 9.97356892 15.249999
v 0 9.97356987 15.25
v -7.4250021 10.0985708 15.250001
v -7.4250021 9.97357082 15.250001
v 7.42500019 9.59856892 15.249999
v 0 9.72356987 15.25
v 0 9.59856987 15.25
v 14.8500004 9.59856892 15.249999
v 7.42500019 9.72356892 15.249999
v 7.42500019 9.59856892 15.249999
v -7.4250021 9.59856987 15.250001
v -14.8500004 9.72357082 15.250001
v -14.8500004 9.59857082 15.250001
v 0 9.59856987 15.25
v -7.4250021 9.72357082 15.250001
v -7.4250021 9.59856987 15.250001
v -7.4250021 9.97357082 15.250001
v -14.8500004 10.0985708 15.250001
v -14.8500004 9.97357082 15.250001
v 7.42500019 9.97356892 15.249999
v 0 10.0985699 15.25
v 0 9.97356987 15.25
v 0 9.72356987 15.125
v 7.42500019 9.72356892 15.249999
v 7.42500019 9.72356892 15.124999
v 14.8500004 10.0985689 15.124999
v 14.8500004 9.97356892 15.249999
v 14.8500004 9.97356892 15.124999
v 7.42500019 10.0985689 15.124999
v 14.8500004 10.0985689 15.249999
v 14.8500004 10.0985689 15.124999
v -7.4250021 9.97357082 15.125001
v -14.8500004 9.97357082 15.250001
v -14.8500004 9.97357082 15.125001
v 7.42500019 9.72356892 15.124999
v 14.8500004 9.72356892 15.249999
v 14.8500004 9.72356892 15.124999
v -14.8500004 10.0985708 15.125001
v -7.4250021 10.0985708 15.250001
v -7.4250021 10.0985708 15.125001
v 0 9.59856987 15.125
v -7.4250021 9.59856987 15.250001
v -7.4250021 9.59856987 15.125001
v 0 9.97356987 15.125
v -7.4250021 9.97357082 15.250001
v -7.4250021 9.97357082 15.125001
v 7.42500019 9.59856892 15.124999
v 0 9.59856987 15.25
v 0 9.59856987 15.125
v 0 10.0985699 15.125
v 7.42500019 10.0985689 15.249999
v 7.42500019 10.0985689 15.124999
v -7.4250021 10.0985708 15.125001
v 0 10.0985699 15.25
v 0 10.0985699 15.125
v -14.8500004 9.72357082 15.125001
v -7.4250021 9.72357082 15.250001
v -7.4250021 9.72357082 15.125001
v -7.54875088 9.59856987 15.125001
v -7.67250252 9.59856987 15.250001
v -7.54875088 9.59856987 15.250001
v -7.54875088 9.59856987 14.750001
v -7.30125093 9.59856987 14.750001
v -7.30125093 7.22356892 14.750001
v -7.30125093 4.84856892 15.125001
v -7.1775012 2.47356892 15.125001
v -7.30125093 2.47356892 15.125001
v -7.30125093 7.22356892 15.250001
v -7.54875088 9.59856987 15.250001
v -7.54875088 7.22356892 15.250001
v -7.30125093 0.0985689163 15.125001
v -7.30125093 0.0985689163 15.250001
v -7.54875088 0.0985689163 15.250001
v -7.54875088 9.59856987 15.125001
v -7.54875088 9.59856987 15.250001
v -7.30125093 9.59856987 15.250001
v -7.30125093 7.22356892 14.875001
v -7.1775012 9.59856987 14.875001
v -7.30125093 9.59856987 14.875001
v -7.30125093 4.84856892 14.875001
v -7.30125093 2.47356892 15.000001
v -7.30125093 2.47356892 14.875001
v -7.30125093 9.59856987 14.875001
v -7.30125093 7.22356892 15.000001
v -7.30125093 7.22356892 14.875001
v -7.30125093 7.22356892 14.875001
v -7.30125093 4.84856892 15.000001
v -7.30125093 4.84856892 14.875001
v -7.30125093 4.84856892 14.750001
v -7.1775012 2.47356892 14.750001
v -7.30125093 2.47356892 14.750001
v -7.30125093 2.47356892 15.125001
v -7.1775012 0.0985689163 15.125001
v -7.30125093 0.0985689163 15.125001
v -7.30125093 2.47356892 14.875001
v -7.30125093 0.0985689163 15.000001
v -7.30125093 0.0985689163 14.875001
v -7.30125093 7.22356892 15.250001
v -7.1775012 9.59856987 15.250001
v -7.30125093 9.59856987 15.250001
v -7.30125093 7.22356892 14.750001
v -7.1775012 4.84856892 14.750001
v -7.30125093 4.84856892 14.750001
v -7.30125093 4.84856892 14.875001
v -7.1775012 7.22356892 14.875001
v -7.30125093 7.22356892 14.875001
v -7.30125093 2.47356892 15.000001
v -7.30125093 0.0985689163 15.125001
v -7.30125093 0.0985689163 15.000001
v -7.30125093 4.84856892 15.000001
v -7.30125093 2.47356892 15.125001
v -7.30125093 2.47356892 15.000001
v -7.30125093 9.59856987 14.875001
v -7.1775012 9.59856987 14.750001
v -7.30125093 9.59856987 14.750001
v -7.30125093 7.22356892 15.000001
v -7.30125093 4.84856892 15.125001
v -7.30125093 4.84856892 15.000001
v -7.30125093 9.59856987 15.000001
v -7.30125093 7.22356892 15.125001
v -7.30125093 7.22356892 15.000001
v -7.1775012 9.59856987 15.125001
v -7.1775012 7.22356892 15.250001
v -7.1775012 7.22356892 15.125001
v -7.1775012 4.84856892 15.125001
v -7.1775012 2.47356892 15.250001
v -7.1775012 2.47356892 15.125001
v -7.1775012 7.22356892 14.750001
v -7.1775012 4.84856892 14.875001
v -7.1775012 4.84856892 14.750001
v -7.1775012 9.59856987 14.750001
v -7.1775012 7.22356892 14.875001
v -7.1775012 7.22356892 14.750001
v -7.1775012 2.47356892 14.750001
v -7.1775012 0.0985689163 14.875001
v -7.1775012 0.0985689163 14.750001
v -7.1775012 4.84856892 14.750001
v -7.1775012 2.47356892 14.875001
v -7.1775012 2.47356892 14.750001
v -7.1775012 2.47356892 15.125001
v -7.1775012 0.0985689163 15.250001
v -7.1775012 0.0985689163 15.125001
v -7.1775012 7.22356892 15.125001
v -7.1775012 4.84856892 15.250001
v -7.1775012 4.84856892 15.125001
v -7.30125093 2.47356892 14.750001
v -7.1775012 0.0985689163 14.750001
v -7.30125093 0.0985689163 14.750001
v -7.30125093 0.0985689163 14.750001
v -7.1775012 0.0985689163 14.875001
v -7.30125093 0.0985689163 14.875001
v -7.30125093 4.84856892 15.250001
v -7.1775012 7.22356892 15.250001
v -7.30125093 7.22356892 15.250001
v -7.30125093 9.59856987 15.250001
v -7.1775012 9.59856987 15.125001
v -7.30125093 9.59856987 15.125001
v -7.30125093 2.47356892 15.250001
v -7.1775012 4.84856892 15.250001
v -7.30125093 4.84856892 15.250001
v -7.30125093 0.0985689163 14.875001
v -7.1775012 2.47356892 14.875001
v -7.30125093 2.47356892 14.875001
v -7.30125093 7.22356892 15.125001
v -7.1775012 4.84856892 15.125001
v -7.30125093 4.84856892 15.125001
v -7.30125093 0.0985689163 15.250001
v -7.1775012 2.47356892 15.250001
v -7.30125093 2.47356892 15.250001
v -7.30125093 9.59856987 14.750001
v -7.1775012 7.22356892 14.750001
v -7.30125093 7.22356892 14.750001
v -7.30125093 2.47356892 14.875001
v -7.1775012 4.84856892 14.875001
v -7.30125093 4.84856892 14.875001
v -7.30125093 9.59856987 15.125001
v -7.1775012 7.22356892 15.125001
v -7.30125093 7.22356892 15.125001
v -7.30125093 0.0985689163 15.125001
v -7.1775012 0.0985689163 15.250001
v -7.30125093 0.0985689163 15.250001
v -7.54875088 9.59856987 15.250001
v -7.67250061 7.22356892 15.250001
v -7.54875088 7.22356892 15.250001
v -7.54875088 4.84856892 15.125001
v -7.54875088 2.47356892 15.000001
v -7.54875088 2.47356892 15.125001
v -7.54875088 9.59856987 15.125001
v -7.54875088 7.22356892 15.000001
v -7.54875088 7.22356892 15.125001
v -7.54875088 7.22356892 15.125001
v -7.54875088 4.84856892 15.000001
v -7.54875088 4.84856892 15.125001
v -7.54875088 2.47356892 15.250001
v -7.67250061 0.0985689163 15.250001
v -7.54875088 0.0985689163 15.250001
v -7.54875088 9.59856987 14.875001
v -7.67250061 7.22356892 14.875001
v -7.54875088 7.22356892 14.875001
v -7.54875088 2.47356892 15.125001
v -7.54875088 0.0985689163 15.000001
v -7.54875088 0.0985689163 15.125001
v -7.54875088 0.0985689163 15.250001
v -7.67250061 0.0985689163 15.125001
v -7.54875088 0.0985689163 15.125001
v -7.54875088 2.47356892 15.125001
v -7.67250061 4.84856892 15.125001
v -7.54875088 4.84856892 15.125001
v -7.54875088 0.0985689163 14.875001
v -7.67250061 0.0985689163 14.750001
v -7.54875088 0.0985689163 14.750001
v -7.54875088 2.47356892 15.000001
v -7.54875088 0.0985689163 14.875001
v -7.54875088 0.0985689163 15.000001
v -7.54875088 4.84856892 15.000001
v -7.54875088 2.47356892 14.875001
v -7.54875088 2.47356892 15.000001
v -7.54875088 7.22356892 14.875001
v -7.67250061 4.84856892 14.875001
v -7.54875088 4.84856892 14.875001
v -7.54875088 7.22356892 15.000001
v -7.54875088 4.84856892 14.875001
v -7.54875088 4.84856892 15.000001
v -7.54875088 9.59856987 15.000001
v -7.54875088 7.22356892 14.875001
v -7.54875088 7.22356892 15.000001
v -7.67250252 9.59856987 14.875001
v -7.67250061 7.22356892 14.750001
v -7.67250061 7.22356892 14.875001
v -7.67250061 4.84856892 14.875001
v -7.67250061 2.47356892 14.750001
v -7.67250061 2.47356892 14.875001
v -7.67250061 7.22356892 15.250001
v -7.67250061 4.84856892 15.125001
v -7.67250061 4.84856892 15.250001
v -7.67250252 9.59856987 15.250001
v -7.67250061 7.22356892 15.125001
v -7.67250061 7.22356892 15.250001
v -7.67250061 2.47356892 15.250001
v -7.67250061 0.0985689163 15.125001
v -7.67250061 0.0985689163 15.250001
v -7.67250061 4.84856892 15.250001
v -7.67250061 2.47356892 15.125001
v -7.67250061 2.47356892 15.250001
v -7.67250061 2.47356892 14.875001
v -7.67250061 0.0985689163 14.750001
v -7.67250061 0.0985689163 14.875001
v -7.67250061 7.22356892 14.875001
v -7.67250061 4.84856892 14.750001
v -7.67250061 4.84856892 14.875001
v -7.54875088 4.84856892 15.125001
v -7.67250061 7.22356892 15.125001
v -7.54875088 7.22356892 15.125001
v -7.54875088 9.59856987 14.750001
v -7.67250252 9.59856987 14.875001
v -7.54875088 9.59856987 14.875001
v -7.54875088 7.22356892 14.750001
v -7.67250252 9.59856987 14.750001
v -7.54875088 9.59856987 14.750001
v -7.54875088 2.47356892 14.875001
v -7.67250061 0.0985689163 14.875001
v -7.54875088 0.0985689163 14.875001
v -7.54875088 7.22356892 15.125001
v -7.67250252 9.59856987 15.125001
v -7.54875088 9.59856987 15.125001
v -7.54875088 0.0985689163 14.750001
v -7.67250061 2.47356892 14.750001
v -7.54875088 2.47356892 14.750001
v -7.54875088 4.84856892 15.250001
v -7.67250061 2.47356892 15.250001
v -7.54875088 2.47356892 15.250001
v -7.54875088 4.84856892 14.875001
v -7.67250061 2.47356892 14.875001
v -7.54875088 2.47356892 14.875001
v -7.54875088 7.22356892 15.250001
v -7.67250061 4.84856892 15.250001
v -7.54875088 4.84856892 15.250001
v -7.54875088 4.84856892 14.750001
v -7.67250061 7.22356892 14.750001
v -7.54875088 7.22356892 14.750001
v -7.54875088 2.47356892 14.750001
v -7.67250061 4.84856892 14.750001
v -7.54875088 4.84856892 14.750001
v -7.54875088 0.0985689163 15.125001
v -7.67250061 2.47356892 15.125001
v -7.54875088 2.47356892 15.125001
v 14.8500004 9.72356987 0.124999002
v 14.8500004 9.72356987 0.249999002
v 14.8500004 9.59856987 0.249999002
v -14.8500004 10.0985718 -0.124999002
v -14.8500004 10.0985718 0.125000998
v -7.42500019 10.0985718 0.125000507
v 0 10.0985708 0.125
v 7.42500019 10.0985699 0.124999501
v 7.42500019 10.0985699 -0.125000507
v 7.42500019 10.0985699 0.124999501
v 14.8500004 10.0985699 0.124999002
v 14.8500004 10.0985699 -0.125000998
v -14.8500004 10.0985718 -0.124999002
v -7.42500019 10.0985718 0.125000507
v -7.42500019 10.0985718 -0.124999501
v -7.42500019 10.0985718 0.125000507
v 0 10.0985708 0.125
v -7.42500019 10.0985718 -0.124999501
v 7.42500019 10.0985699 -0.125000507
v 0 10.0985708 -0.125
v 0 10.0985708 0.125
v 0 10.0985708 -0.125
v -7.42500019 10.0985718 -0.124999501
v 0 10.0985708 0.125
v 0 9.72357082 -0.125
v 0 9.72357082 -0.25
v -7.42500019 9.72357178 -0.249999493
v -14.8500004 9.59857178 0.125000998
v -14.8500004 9.59857178 -0.124999002
v -7.42500019 9.59857178 -0.124999501
v 0 9.59857082 -0.125
v 7.42500019 9.59856987 -0.125000507
v 7.42500019 9.59856987 0.124999501
v 7.42500019 9.59856987 -0.125000507
v 14.8500004 9.59856987 -0.125000998
v 14.8500004 9.59856987 0.124999002
v -14.8500004 9.59857178 0.125000998
v -7.42500019 9.59857178 -0.124999501
v -7.42500019 9.59857178 0.125000507
v -7.42500019 9.59857178 -0.124999501
v 0 9.59857082 -0.125
v -7.42500019 9.59857178 0.125000507
v 7.42500019 9.59856987 0.124999501
v 0 9.59857082 0.125
v 0 9.59857082 -0.125
v 0 9.59857082 0.125
v -7.42500019 9.59857178 0.125000507
v 0 9.59857082 -0.125
v -14.8500004 9.97357178 0.125000998
v -14.8500004 10.0985718 0.125000998
v -14.8500004 10.0985718 -0.124999002
v -14.8500004 9.97357178 -0.124999002
v -14.8500004 9.84857178 -0.124999002
v -14.8500004 9.84857178 0.125000998
v -14.8500004 9.84857178 -0.124999002
v -14.8500004 9.72357178 -0.124999002
v -14.8500004 9.84857178 0.125000998
v -14.8500004 9.97357178 0.125000998
v -14.8500004 10.0985718 -0.124999002
v -14.8500004 9.97357178 -0.124999002
v -14.8500004 9.59857178 0.125000998
v -14.8500004 9.72357178 0.125000998
v -14.8500004 9.72357178 -0.124999002
v -14.8500004 9.72357178 0.125000998
v -14.8500004 9.84857178 0.125000998
v -14.8500004 9.72357178 -0.124999002
v -14.8500004 9.84857178 0.125000998
v -14.8500004 9.97357178 0.125000998
v -14.8500004 9.97357178 -0.124999002
v 14.8500004 9.97356987 -0.125000998
v 14.8500004 10.0985699 -0.125000998
v 14.8500004 10.0985699 0.124999002
v 14.8500004 9.97356987 0.124999002
v 14.8500004 9.84856987 0.124999002
v 14.8500004 9.84856987 -0.125000998
v 14.8500004 9.84856987 0.124999002
v 14.8500004 9.72356987 0.124999002
v 14.8500004 9.84856987 -0.125000998
v 14.8500004 9.97356987 -0.125000998
v 14.8500004 10.0985699 0.124999002
v 14.8500004 9.97356987 0.124999002
v 14.8500004 9.59856987 -0.125000998
v 14.8500004 9.72356987 -0.125000998
v 14.8500004 9.72356987 0.124999002
v 14.8500004 9.72356987 -0.125000998
v 14.8500004 9.84856987 -0.125000998
v 14.8500004 9.72356987 0.124999002
v 14.8500004 9.84856987 -0.125000998
v 14.8500004 9.97356987 -0.125000998
v 14.8500004 9.97356987 0.124999002
v 7.42500019 9.97356987 -0.125000507
v 7.42500019 9.97356987 -0.250000507
v 14.8500004 9.97356987 -0.250001013
v 0 9.97357082 -0.125
v 0 9.84857082 -0.125
v -7.42500019 9.84857178 -0.124999501
v 14.8500004 9.97356987 -0.125000998
v 14.8500004 9.84856987 -0.125000998
v 7.42500019 9.84856987 -0.125000507
v 7.42500019 9.97356987 -0.125000507
v 7.42500019 9.84856987 -0.125000507
v 0 9.84857082 -0.125
v 0 10.0985708 -0.125
v 0 10.0985708 -0.25
v -7.42500019 10.0985718 -0.249999493
v -7.42500019 9.72357178 -0.124999501
v -7.42500019 9.72357178 -0.249999493
v -14.8500004 9.72357178 -0.249999002
v -7.42500019 9.97357178 -0.124999501
v -7.42500019 9.84857178 -0.124999501
v -14.8500004 9.84857178 -0.124999002
v 7.42500019 9.59856987 -0.125000507
v 7.42500019 9.59856987 -0.250000507
v 14.8500004 9.59856987 -0.250001013
v 7.42500019 10.0985699 -0.125000507
v 7.42500019 10.0985699 -0.250000507
v 0 10.0985708 -0.25
v 0 9.97357082 -0.125
v 0 9.97357082 -0.25
v 7.42500019 9.97356987 -0.250000507
v -7.42500019 9.84857178 -0.124999501
v -7.42500019 9.72357178 -0.124999501
v -14.8500004 9.72357178 -0.124999002
v 0 9.84857082 -0.125
v 0 9.72357082 -0.125
v -7.42500019 9.72357178 -0.124999501
v 14.8500004 9.97356987 -0.125000998
v 14.8500004 9.97356987 -0.250001013
v 14.8500004 10.0985699 -0.250001013
v 7.42500019 9.84856987 -0.125000507
v 7.42500019 9.72356987 -0.125000507
v 0 9.72357082 -0.125
v 14.8500004 9.84856987 -0.125000998
v 14.8500004 9.72356987 -0.125000998
v 7.42500019 9.72356987 -0.125000507
v 14.8500004 9.72356987 -0.250001013
v 14.8500004 9.59856987 -0.250001013
v 7.42500019 9.59856987 -0.250000507
v 0 9.72357082 -0.25
v 0 9.59857082 -0.25
v -7.42500019 9.59857178 -0.249999493
v 7.42500019 10.0985699 -0.250000507
v 7.42500019 9.97356987 -0.250000507
v 0 9.97357082 -0.25
v 14.8500004 10.0985699 -0.250001013
v 14.8500004 9.97356987 -0.250001013
v 7.42500019 9.97356987 -0.250000507
v -7.42500019 10.0985718 -0.249999493
v -7.42500019 9.97357178 -0.249999493
v -14.8500004 9.97357178 -0.249999002
v 0 10.0985708 -0.25
v 0 9.97357082 -0.25
v -7.42500019 9.97357178 -0.249999493
v -7.42500019 9.72357178 -0.249999493
v -7.42500019 9.59857178 -0.249999493
v -14.8500004 9.59857178 -0.249999002
v 7.42500019 9.72356987 -0.250000507
v 7.42500019 9.59856987 -0.250000507
v 0 9.59857082 -0.25
v -7.42500019 10.0985718 -0.124999501
v -7.42500019 10.0985718 -0.249999493
v -14.8500004 10.0985718 -0.249999002
v -14.8500004 10.0985718 -0.124999002
v -14.8500004 10.0985718 -0.249999002
v -14.8500004 9.97357178 -0.249999002
v 0 9.59857082 -0.125
v 0 9.59857082 -0.25
v 7.42500019 9.59856987 -0.250000507
v 14.8500004 9.59856987 -0.125000998
v 14.8500004 9.59856987 -0.250001013
v 14.8500004 9.72356987 -0.250001013
v -7.42500019 9.59857178 -0.124999501
v -7.42500019 9.59857178 -0.249999493
v 0 9.59857082 -0.25
v -14.8500004 9.97357178 -0.124999002
v -14.8500004 9.97357178 -0.249999002
v -7.42500019 9.97357178 -0.249999493
v 7.42500019 9.72356987 -0.125000507
v 7.42500019 9.72356987 -0.250000507
v 0 9.72357082 -0.25
v -14.8500004 9.59857178 -0.124999002
v -14.8500004 9.59857178 -0.249999002
v -7.42500019 9.59857178 -0.249999493
v 14.8500004 10.0985699 -0.125000998
v 14.8500004 10.0985699 -0.250001013
v 7.42500019 10.0985699 -0.250000507
v -7.42500019 9.97357178 -0.124999501
v -7.42500019 9.97357178 -0.249999493
v 0 9.97357082 -0.25
v 14.8500004 9.72356987 -0.125000998
v 14.8500004 9.72356987 -0.250001013
v 7.42500019 9.72356987 -0.250000507
v -14.8500004 9.72357178 -0.124999002
v -14.8500004 9.72357178 -0.249999002
v -14.8500004 9.59857178 -0.249999002
v 14.8500004 9.59856987 0.124999002
v 14.8500004 9.59856987 0.249999002
v 7.42500019 9.59856987 0.249999493
v 0 9.72357082 0.125
v 0 9.84857082 0.125
v -7.42500019 9.84857178 0.125000507
v 14.8500004 9.72356987 0.124999002
v 14.8500004 9.84856987 0.124999002
v 7.42500019 9.84856987 0.124999501
v 7.42500019 9.72356987 0.124999501
v 7.42500019 9.84856987 0.124999501
v 0 9.84857082 0.125
v -7.42500019 9.59857178 0.125000507
v -7.42500019 9.59857178 0.250000507
v -14.8500004 9.59857178 0.250001013
v 14.8500004 9.97356987 0.124999002
v 14.8500004 9.97356987 0.249999002
v 7.42500019 9.97356987 0.249999493
v -7.42500019 9.72357178 0.125000507
v -7.42500019 9.84857178 0.125000507
v -14.8500004 9.84857178 0.125000998
v -14.8500004 9.59857178 0.125000998
v -14.8500004 9.59857178 0.250001013
v -14.8500004 9.72357178 0.250001013
v -7.42500019 9.72357178 0.125000507
v -7.42500019 9.72357178 0.250000507
v 0 9.72357082 0.25
v -14.8500004 9.97357178 0.125000998
v -14.8500004 9.97357178 0.250001013
v -14.8500004 10.0985718 0.250001013
v -7.42500019 9.84857178 0.125000507
v -7.42500019 9.97357178 0.125000507
v -14.8500004 9.97357178 0.125000998
v 0 9.84857082 0.125
v 0 9.97357082 0.125
v -7.42500019 9.97357178 0.125000507
v 7.42500019 9.97356987 0.124999501
v 7.42500019 9.97356987 0.249999493
v 0 9.97357082 0.25
v 7.42500019 9.84856987 0.124999501
v 7.42500019 9.97356987 0.124999501
v 0 9.97357082 0.125
v 14.8500004 9.84856987 0.124999002
v 14.8500004 9.97356987 0.124999002
v 7.42500019 9.97356987 0.124999501
v 14.8500004 9.97356987 0.249999002
v 14.8500004 10.0985699 0.249999002
v 7.42500019 10.0985699 0.249999493
v 0 9.97357082 0.25
v 0 10.0985708 0.25
v -7.42500019 10.0985718 0.250000507
v 7.42500019 9.59856987 0.249999493
v 7.42500019 9.72356987 0.249999493
v 0 9.72357082 0.25
v 14.8500004 9.59856987 0.249999002
v 14.8500004 9.72356987 0.249999002
v 7.42500019 9.72356987 0.249999493
v -7.42500019 9.59857178 0.250000507
v -7.42500019 9.72357178 0.250000507
v -14.8500004 9.72357178 0.250001013
v 0 9.59857082 0.25
v 0 9.72357082 0.25
v -7.42500019 9.72357178 0.250000507
v -7.42500019 9.97357178 0.250000507
v -7.42500019 10.0985718 0.250000507
v -14.8500004 10.0985718 0.250001013
v 7.42500019 9.97356987 0.249999493
v 7.42500019 10.0985699 0.249999493
v 0 10.0985708 0.25
v 0 9.72357082 0.125
v 0 9.72357082 0.25
v 7.42500019 9.72356987 0.249999493
v 14.8500004 10.0985699 0.124999002
v 14.8500004 10.0985699 0.249999002
v 14.8500004 9.97356987 0.249999002
v 7.42500019 10.0985699 0.124999501
v 7.42500019 10.0985699 0.249999493
v 14.8500004 10.0985699 0.249999002
v -7.42500019 9.97357178 0.125000507
v -7.42500019 9.97357178 0.250000507
v -14.8500004 9.97357178 0.250001013
v 7.42500019 9.72356987 0.124999501
v 7.42500019 9.72356987 0.249999493
v 14.8500004 9.72356987 0.249999002
v -14.8500004 10.0985718 0.125000998
v -14.8500004 10.0985718 0.250001013
v -7.42500019 10.0985718 0.250000507
v 0 9.59857082 0.125
v 0 9.59857082 0.25
v -7.42500019 9.59857178 0.250000507
v 0 9.97357082 0.125
v 0 9.97357082 0.25
v -7.42500019 9.97357178 0.250000507
v 7.42500019 9.59856987 0.124999501
v 7.42500019 9.59856987 0.249999493
v 0 9.59857082 0.25
v 0 10.0985708 0.125
v 0 10.0985708 0.25
v 7.42500019 10.0985699 0.249999493
v -7.42500019 10.0985718 0.125000507
v -7.42500019 10.0985718 0.250000507
v 0 10.0985708 0.25
v -14.8500004 9.72357178 0.125000998
v -14.8500004 9.72357178 0.250001013
v -7.42500019 9.72357178 0.250000507
v 7.30124903 9.59856987 0.124999881
v 7.17749977 9.59856987 0.124999888
v 7.17749977 9.59856987 0.249999911
v 7.54874992 0.09856987 -0.250000149
v 7.30125093 0.09856987 -0.250000119
v 7.30125093 2.47357035 -0.250000119
v 7.30125093 2.47357035 -0.250000119
v 7.30125093 4.84857035 -0.250000119
v 7.54874992 4.84857035 -0.250000149
v 7.30125093 4.84857035 -0.250000119
v 7.30125093 7.22357035 -0.250000119
v 7.54874992 4.84857035 -0.250000149
v 7.54874992 2.47357035 -0.250000149
v 7.54874992 0.09856987 -0.250000149
v 7.30125093 2.47357035 -0.250000119
v 7.54874992 9.59856987 -0.250000149
v 7.54874992 7.22357035 -0.250000149
v 7.30125093 7.22357035 -0.250000119
v 7.54874992 7.22357035 -0.250000149
v 7.54874992 4.84857035 -0.250000149
v 7.30125093 7.22357035 -0.250000119
v 7.54874992 4.84857035 -0.250000149
v 7.54874992 2.47357035 -0.250000149
v 7.30125093 2.47357035 -0.250000119
v 7.54874992 4.84857035 0.124999866
v 7.67250061 4.84857035 0.124999858
v 7.67250061 2.47357035 0.124999858
v 7.30125093 0.09856987 0.249999896
v 7.54874992 0.09856987 0.249999881
v 7.54874992 2.47357035 0.249999881
v 7.54874992 4.84857035 0.249999881
v 7.54874992 7.22357035 0.249999881
v 7.30125093 4.84857035 0.249999896
v 7.54874992 7.22357035 0.249999881
v 7.54874992 9.59856987 0.249999881
v 7.30124903 7.22357035 0.249999896
v 7.54874992 4.84857035 0.249999881
v 7.30125093 2.47357035 0.249999896
v 7.54874992 2.47357035 0.249999881
v 7.30125093 0.09856987 0.249999896
v 7.54874992 2.47357035 0.249999881
v 7.30125093 2.47357035 0.249999896
v 7.30125093 4.84857035 0.249999896
v 7.30125093 2.47357035 0.249999896
v 7.54874992 4.84857035 0.249999881
v 7.30125093 4.84857035 0.249999896
v 7.54874992 7.22357035 0.249999881
v 7.30124903 7.22357035 0.249999896
v 7.30125093 0.09856987 -0.125000164
v 7.30125093 0.09856987 -0.250000119
v 7.54874992 0.09856987 -0.250000149
v 7.54874992 0.09856987 -0.125000179
v 7.54874992 0.09856987 -1.75034586e-07
v 7.30125093 0.09856987 -1.69295447e-07
v 7.54874992 0.09856987 -1.75034586e-07
v 7.54874992 0.09856987 0.124999866
v 7.30125093 0.09856987 -1.69295447e-07
v 7.30125093 0.09856987 -0.125000164
v 7.54874992 0.09856987 -0.250000149
v 7.54874992 0.09856987 -0.125000179
v 7.30125093 0.09856987 0.249999896
v 7.30125093 0.09856987 0.124999881
v 7.54874992 0.09856987 0.124999866
v 7.30125093 0.09856987 0.124999881
v 7.30125093 0.09856987 -1.69295447e-07
v 7.54874992 0.09856987 0.124999866
v 7.30125093 0.09856987 -1.69295447e-07
v 7.30125093 0.09856987 -0.125000164
v 7.54874992 0.09856987 -0.125000179
v 7.54874992 9.59856987 -0.125000179
v 7.54874992 9.59856987 -0.250000149
v 7.30124903 9.59856987 -0.250000119
v 7.30124903 9.59856987 -0.125000164
v 7.30124903 9.59856987 -1.69295333e-07
v 7.54874992 9.59856987 -1.75034586e-07
v 7.30124903 9.59856987 -1.69295333e-07
v 7.30124903 9.59856987 0.124999881
v 7.54874992 9.59856987 -1.75034586e-07
v 7.54874992 9.59856987 -0.125000179
v 7.30124903 9.59856987 -0.250000119
v 7.30124903 9.59856987 -0.125000164
v 7.54874992 9.59856987 0.249999881
v 7.54874992 9.59856987 0.124999866
v 7.30124903 9.59856987 0.124999881
v 7.54874992 9.59856987 0.124999866
v 7.54874992 9.59856987 -1.75034586e-07
v 7.30124903 9.59856987 0.124999881
v 7.54874992 9.59856987 -1.75034586e-07
v 7.54874992 9.59856987 -0.125000179
v 7.30124903 9.59856987 -0.125000164
v 7.54874992 7.22357035 -0.125000179
v 7.67250061 7.22357035 -0.125000179
v 7.67250061 9.59856987 -0.125000179
v 7.54874992 4.84857035 -0.125000179
v 7.54874992 4.84857035 -1.75034586e-07
v 7.54874992 2.47357035 -1.75034586e-07
v 7.54874992 9.59856987 -0.125000179
v 7.54874992 9.59856987 -1.75034586e-07
v 7.54874992 7.22357035 -1.75034586e-07
v 7.54874992 7.22357035 -0.125000179
v 7.54874992 7.22357035 -1.75034586e-07
v 7.54874992 4.84857035 -1.75034586e-07
v 7.54874992 4.84857035 -0.250000149
v 7.67250061 4.84857035 -0.250000149
v 7.67250061 2.47357035 -0.250000149
v 7.54874992 2.47357035 0.124999866
v 7.67250061 2.47357035 0.124999858
v 7.67250061 0.09856987 0.124999858
v 7.54874992 2.47357035 -0.125000179
v 7.54874992 2.47357035 -1.75034586e-07
v 7.54874992 0.09856987 -1.75034586e-07
v 7.54874992 7.22357035 0.249999881
v 7.67250061 7.22357035 0.249999866
v 7.67250061 9.59856987 0.249999866
v 7.54874992 7.22357035 -0.250000149
v 7.67250061 7.22357035 -0.250000149
v 7.67250061 4.84857035 -0.250000149
v 7.54874992 4.84857035 -0.125000179
v 7.67250061 4.84857035 -0.125000179
v 7.67250061 7.22357035 -0.125000179
v 7.54874992 2.47357035 -1.75034586e-07
v 7.54874992 2.47357035 0.124999866
v 7.54874992 0.09856987 0.124999866
v 7.54874992 4.84857035 -1.75034586e-07
v 7.54874992 4.84857035 0.124999866
v 7.54874992 2.47357035 0.124999866
v 7.54874992 9.59856987 -0.125000179
v 7.67250061 9.59856987 -0.125000179
v 7.67250061 9.59856987 -0.250000149
v 7.54874992 7.22357035 -1.75034586e-07
v 7.54874992 7.22357035 0.124999866
v 7.54874992 4.84857035 0.124999866
v 7.54874992 9.59856987 -1.75034586e-07
v 7.54874992 9.59856987 0.124999866
v 7.54874992 7.22357035 0.124999866
v 7.67250061 9.59856987 0.124999858
v 7.67250061 9.59856987 0.249999866
v 7.67250061 7.22357035 0.249999866
v 7.67250061 4.84857035 0.124999858
v 7.67250061 4.84857035 0.249999866
v 7.67250061 2.47357035 0.249999866
v 7.67250061 7.22357035 -0.250000149
v 7.67250061 7.22357035 -0.125000179
v 7.67250061 4.84857035 -0.125000179
v 7.67250061 9.59856987 -0.250000149
v 7.67250061 9.59856987 -0.125000179
v 7.67250061 7.22357035 -0.125000179
v 7.67250061 2.47357035 -0.250000149
v 7.67250061 2.47357035 -0.125000179
v 7.67250061 0.09856987 -0.125000179
v 7.67250061 4.84857035 -0.250000149
v 7.67250061 4.84857035 -0.125000179
v 7.67250061 2.47357035 -0.125000179
v 7.67250061 2.47357035 0.124999858
v 7.67250061 2.47357035 0.249999866
v 7.67250061 0.09856987 0.249999866
v 7.67250061 7.22357035 0.124999858
v 7.67250061 7.22357035 0.249999866
v 7.67250061 4.84857035 0.249999866
v 7.54874992 2.47357035 -0.250000149
v 7.67250061 2.47357035 -0.250000149
v 7.67250061 0.09856987 -0.250000149
v 7.54874992 0.09856987 -0.125000179
v 7.54874992 0.09856987 -0.250000149
v 7.67250061 0.09856987 -0.250000149
v 7.54874992 4.84857035 0.249999881
v 7.67250061 4.84857035 0.249999866
v 7.67250061 7.22357035 0.249999866
v 7.54874992 9.59856987 0.249999881
v 7.67250061 9.59856987 0.249999866
v 7.67250061 9.59856987 0.124999858
v 7.54874992 2.47357035 0.249999881
v 7.67250061 2.47357035 0.249999866
v 7.67250061 4.84857035 0.249999866
v 7.54874992 0.09856987 -0.125000179
v 7.67250061 0.09856987 -0.125000179
v 7.67250061 2.47357035 -0.125000179
v 7.54874992 7.22357035 0.124999866
v 7.67250061 7.22357035 0.124999858
v 7.67250061 4.84857035 0.124999858
v 7.54874992 0.09856987 0.249999881
v 7.67250061 0.09856987 0.249999866
v 7.67250061 2.47357035 0.249999866
v 7.54874992 9.59856987 -0.250000149
v 7.67250061 9.59856987 -0.250000149
v 7.67250061 7.22357035 -0.250000149
v 7.54874992 2.47357035 -0.125000179
v 7.67250061 2.47357035 -0.125000179
v 7.67250061 4.84857035 -0.125000179
v 7.54874992 9.59856987 0.124999866
v 7.67250061 9.59856987 0.124999858
v 7.67250061 7.22357035 0.124999858
v 7.54874992 0.09856987 0.249999881
v 7.54874992 0.09856987 0.124999866
v 7.67250061 0.09856987 0.124999858
v 7.30124903 9.59856987 0.249999896
v 7.17749977 9.59856987 0.249999911
v 7.17749977 7.22357035 0.249999911
v 7.30125093 4.84857035 0.124999881
v 7.30125093 4.84857035 -1.69295447e-07
v 7.30125093 2.47357035 -1.69295447e-07
v 7.30124903 9.59856987 0.124999881
v 7.30124903 9.59856987 -1.69295333e-07
v 7.30125093 7.22357035 -1.69295447e-07
v 7.30125093 7.22357035 0.124999881
v 7.30125093 7.22357035 -1.69295447e-07
v 7.30125093 4.84857035 -1.69295447e-07
v 7.30125093 2.47357035 0.249999896
v 7.1775012 2.47357035 0.249999911
v 7.1775012 0.09856987 0.249999911
v 7.30124903 9.59856987 -0.125000164
v 7.17749977 9.59856987 -0.125000164
v 7.17749977 7.22357035 -0.125000164
v 7.30125093 2.47357035 0.124999881
v 7.30125093 2.47357035 -1.69295447e-07
v 7.30125093 0.09856987 -1.69295447e-07
v 7.30125093 0.09856987 0.249999896
v 7.1775012 0.09856987 0.249999911
v 7.1775012 0.09856987 0.124999888
v 7.30125093 2.47357035 0.124999881
v 7.1775012 2.47357035 0.124999888
v 7.17749977 4.84857035 0.124999888
v 7.30125093 0.09856987 -0.250000119
v 7.30125093 0.09856987 -0.125000164
v 7.1775012 0.09856987 -0.125000164
v 7.30125093 2.47357035 -1.69295447e-07
v 7.30125093 2.47357035 -0.125000164
v 7.30125093 0.09856987 -0.125000164
v 7.30125093 4.84857035 -1.69295447e-07
v 7.30125093 4.84857035 -0.125000164
v 7.30125093 2.47357035 -0.125000164
v 7.30125093 7.22357035 -0.125000164
v 7.17749977 7.22357035 -0.125000164
v 7.17749977 4.84857035 -0.125000164
v 7.30125093 7.22357035 -1.69295447e-07
v 7.30125093 7.22357035 -0.125000164
v 7.30125093 4.84857035 -0.125000164
v 7.30124903 9.59856987 -1.69295333e-07
v 7.30124903 9.59856987 -0.125000164
v 7.30125093 7.22357035 -0.125000164
v 7.17749977 9.59856987 -0.125000164
v 7.17749977 9.59856987 -0.250000119
v 7.17749977 7.22357035 -0.250000119
v 7.17749977 4.84857035 -0.125000164
v 7.17749977 4.84857035 -0.250000119
v 7.1775012 2.47357035 -0.250000119
v 7.17749977 7.22357035 0.249999911
v 7.17749977 7.22357035 0.124999888
v 7.17749977 4.84857035 0.124999888
v 7.17749977 9.59856987 0.249999911
v 7.17749977 9.59856987 0.124999888
v 7.17749977 7.22357035 0.124999888
v 7.1775012 2.47357035 0.249999911
v 7.1775012 2.47357035 0.124999888
v 7.1775012 0.09856987 0.124999888
v 7.17749977 4.84857035 0.249999911
v 7.17749977 4.84857035 0.124999888
v 7.1775012 2.47357035 0.124999888
v 7.1775012 2.47357035 -0.125000164
v 7.1775012 2.47357035 -0.250000119
v 7.1775012 0.09856987 -0.250000119
v 7.17749977 7.22357035 -0.125000164
v 7.17749977 7.22357035 -0.250000119
v 7.17749977 4.84857035 -0.250000119
v 7.30125093 4.84857035 0.124999881
v 7.17749977 4.84857035 0.124999888
v 7.17749977 7.22357035 0.124999888
v 7.30124903 9.59856987 -0.250000119
v 7.17749977 9.59856987 -0.250000119
v 7.17749977 9.59856987 -0.125000164
v 7.30125093 7.22357035 -0.250000119
v 7.17749977 7.22357035 -0.250000119
v 7.17749977 9.59856987 -0.250000119
v 7.30125093 2.47357035 -0.125000164
v 7.1775012 2.47357035 -0.125000164
v 7.1775012 0.09856987 -0.125000164
v 7.30125093 7.22357035 0.124999881
v 7.17749977 7.22357035 0.124999888
v 7.17749977 9.59856987 0.124999888
v 7.30125093 0.09856987 -0.250000119
v 7.1775012 0.09856987 -0.250000119
v 7.1775012 2.47357035 -0.250000119
v 7.30125093 4.84857035 0.249999896
v 7.17749977 4.84857035 0.249999911
v 7.1775012 2.47357035 0.249999911
v 7.30125093 4.84857035 -0.125000164
v 7.17749977 4.84857035 -0.125000164
v 7.1775012 2.47357035 -0.125000164
v 7.30124903 7.22357035 0.249999896
v 7.17749977 7.22357035 0.249999911
v 7.17749977 4.84857035 0.249999911
v 7.30125093 4.84857035 -0.250000119
v 7.17749977 4.84857035 -0.250000119
v 7.17749977 7.22357035 -0.250000119
v 7.30125093 2.47357035 -0.250000119
v 7.1775012 2.47357035 -0.250000119
v 7.17749977 4.84857035 -0.250000119
v 7.30125093 0.09856987 0.124999881
v 7.1775012 0.09856987 0.124999888
v 7.1775012 2.47357035 0.124999888
v -7.54874992 9.59856987 0.125000179
v -7.67250061 9.59856987 0.125000179
v -7.67250061 9.59856987 0.250000149
v -7.30124903 0.0985689163 -0.249999896
v -7.54874992 0.0985689163 -0.249999881
v -7.54874992 2.47356892 -0.249999881
v -7.54874992 4.84856892 -0.249999881
v -7.54874992 7.22356892 -0.249999881
v -7.30125093 4.84856892 -0.249999896
v -7.54874992 7.22356892 -0.249999881
v -7.54874992 9.59856987 -0.249999881
v -7.30125093 7.22356892 -0.249999896
v -7.30125093 4.84856892 -0.249999896
v -7.54874992 7.22356892 -0.249999881
v -7.30125093 7.22356892 -0.249999896
v -7.30124903 0.0985689163 -0.249999896
v -7.54874992 2.47356892 -0.249999881
v -7.30124903 2.47356892 -0.249999896
v -7.54874992 2.47356892 -0.249999881
v -7.54874992 4.84856892 -0.249999881
v -7.30124903 2.47356892 -0.249999896
v -7.30125093 4.84856892 -0.249999896
v -7.30124903 2.47356892 -0.249999896
v -7.54874992 4.84856892 -0.249999881
v -7.30125093 4.84856892 0.125000164
v -7.17749977 4.84856892 0.125000164
v -7.17749977 2.47356892 0.125000164
v -7.54874992 0.0985689163 0.250000149
v -7.30124903 0.0985689163 0.250000119
v -7.30125093 2.47356892 0.250000119
v -7.30125093 4.84856892 0.250000119
v -7.30125093 7.22356892 0.250000119
v -7.54874992 7.22356892 0.250000149
v -7.30125093 7.22356892 0.250000119
v -7.30125093 9.59856987 0.250000119
v -7.54874992 9.59856987 0.250000149
v -7.54874992 0.0985689163 0.250000149
v -7.30125093 2.47356892 0.250000119
v -7.54874992 2.47356892 0.250000149
v -7.30125093 2.47356892 0.250000119
v -7.30125093 4.84856892 0.250000119
v -7.54874992 2.47356892 0.250000149
v -7.54874992 7.22356892 0.250000149
v -7.54874992 4.84856892 0.250000149
v -7.30125093 4.84856892 0.250000119
v -7.54874992 4.84856892 0.250000149
v -7.54874992 2.47356892 0.250000149
v -7.30125093 4.84856892 0.250000119
v -7.54874992 0.0985689163 -0.124999866
v -7.54874992 0.0985689163 -0.249999881
v -7.30124903 0.0985689163 -0.249999896
v -7.30124903 0.0985689163 -0.124999881
v -7.30124903 0.0985689163 1.69295333e-07
v -7.54874992 0.0985689163 1.75034586e-07
v -7.30124903 0.0985689163 1.69295333e-07
v -7.30124903 0.0985689163 0.125000164
v -7.54874992 0.0985689163 1.75034586e-07
v -7.54874992 0.0985689163 -0.124999866
v -7.30124903 0.0985689163 -0.249999896
v -7.30124903 0.0985689163 -0.124999881
v -7.54874992 0.0985689163 0.250000149
v -7.54874992 0.0985689163 0.125000179
v -7.30124903 0.0985689163 0.125000164
v -7.54874992 0.0985689163 0.125000179
v -7.54874992 0.0985689163 1.75034586e-07
v -7.30124903 0.0985689163 0.125000164
v -7.54874992 0.0985689163 1.75034586e-07
v -7.54874992 0.0985689163 -0.124999866
v -7.30124903 0.0985689163 -0.124999881
v -7.30125093 9.59856987 -0.124999881
v -7.30125093 9.59856987 -0.249999896
v -7.54874992 9.59856987 -0.249999881
v -7.54874992 9.59856987 -0.124999866
v -7.54874992 9.59856987 1.75034586e-07
v -7.30125093 9.59856987 1.69295447e-07
v -7.54874992 9.59856987 1.75034586e-07
v -7.54874992 9.59856987 0.125000179
v -7.30125093 9.59856987 1.69295447e-07
v -7.30125093 9.59856987 -0.124999881
v -7.54874992 9.59856987 -0.249999881
v -7.54874992 9.59856987 -0.124999866
v -7.30125093 9.59856987 0.250000119
v -7.30125093 9.59856987 0.125000164
v -7.54874992 9.59856987 0.125000179
v -7.30125093 9.59856987 0.125000164
v -7.30125093 9.59856987 1.69295447e-07
v -7.54874992 9.59856987 0.125000179
v -7.30125093 9.59856987 1.69295447e-07
v -7.30125093 9.59856987 -0.124999881
v -7.54874992 9.59856987 -0.124999866
v -7.30125093 7.22356892 -0.124999881
v -7.1775012 7.22356892 -0.124999888
v -7.1775012 9.59856987 -0.124999888
v -7.30125093 4.84856892 -0.124999881
v -7.30125093 4.84856892 1.69295447e-07
v -7.30125093 2.47356892 1.69295447e-07
v -7.30125093 9.59856987 -0.124999881
v -7.30125093 9.59856987 1.69295447e-07
v -7.30125093 7.22356892 1.69295447e-07
v -7.30125093 7.22356892 -0.124999881
v -7.30125093 7.22356892 1.69295447e-07
v -7.30125093 4.84856892 1.69295447e-07
v -7.30125093 4.84856892 -0.249999896
v -7.17749977 4.84856892 -0.249999911
v -7.17749977 2.47356892 -0.249999911
v -7.30125093 2.47356892 0.125000164
v -7.17749977 2.47356892 0.125000164
v -7.17749977 0.0985689163 0.125000164
v -7.30125093 2.47356892 -0.124999881
v -7.30125093 2.47356892 1.69295447e-07
v -7.30124903 0.0985689163 1.69295333e-07
v -7.30125093 7.22356892 0.250000119
v -7.1775012 7.22356892 0.250000119
v -7.1775012 9.59856987 0.250000119
v -7.30125093 7.22356892 -0.249999896
v -7.1775012 7.22356892 -0.249999911
v -7.17749977 4.84856892 -0.249999911
v -7.30125093 4.84856892 -0.124999881
v -7.17749977 4.84856892 -0.124999888
v -7.1775012 7.22356892 -0.124999888
v -7.30125093 2.47356892 1.69295447e-07
v -7.30125093 2.47356892 0.125000164
v -7.30124903 0.0985689163 0.125000164
v -7.30125093 4.84856892 1.69295447e-07
v -7.30125093 4.84856892 0.125000164
v -7.30125093 2.47356892 0.125000164
v -7.30125093 9.59856987 -0.124999881
v -7.1775012 9.59856987 -0.124999888
v -7.1775012 9.59856987 -0.249999911
v -7.30125093 7.22356892 1.69295447e-07
v -7.30125093 7.22356892 0.125000164
v -7.30125093 4.84856892 0.125000164
v -7.30125093 9.59856987 1.69295447e-07
v -7.30125093 9.59856987 0.125000164
v -7.30125093 7.22356892 0.125000164
v -7.1775012 9.59856987 0.125000164
v -7.1775012 9.59856987 0.250000119
v -7.1775012 7.22356892 0.250000119
v -7.17749977 4.84856892 0.125000164
v -7.17749977 4.84856892 0.250000119
v -7.17749977 2.47356892 0.250000119
v -7.1775012 7.22356892 -0.249999911
v -7.1775012 7.22356892 -0.124999888
v -7.17749977 4.84856892 -0.124999888
v -7.1775012 9.59856987 -0.249999911
v -7.1775012 9.59856987 -0.124999888
v -7.1775012 7.22356892 -0.124999888
v -7.17749977 2.47356892 -0.249999911
v -7.17749977 2.47356892 -0.124999888
v -7.17749977 0.0985689163 -0.124999888
v -7.17749977 4.84856892 -0.249999911
v -7.17749977 4.84856892 -0.124999888
v -7.17749977 2.47356892 -0.124999888
v -7.17749977 2.47356892 0.125000164
v -7.17749977 2.47356892 0.250000119
v -7.17749977 0.0985689163 0.250000119
v -7.1775012 7.22356892 0.125000164
v -7.1775012 7.22356892 0.250000119
v -7.17749977 4.84856892 0.250000119
v -7.30124903 2.47356892 -0.249999896
v -7.17749977 2.47356892 -0.249999911
v -7.17749977 0.0985689163 -0.249999911
v -7.30124903 0.0985689163 -0.249999896
v -7.17749977 0.0985689163 -0.249999911
v -7.17749977 0.0985689163 -0.124999888
v -7.30125093 4.84856892 0.250000119
v -7.17749977 4.84856892 0.250000119
v -7.1775012 7.22356892 0.250000119
v -7.30125093 9.59856987 0.250000119
v -7.1775012 9.59856987 0.250000119
v -7.1775012 9.59856987 0.125000164
v -7.30125093 2.47356892 0.250000119
v -7.17749977 2.47356892 0.250000119
v -7.17749977 4.84856892 0.250000119
v -7.30124903 0.0985689163 -0.124999881
v -7.17749977 0.0985689163 -0.124999888
v -7.17749977 2.47356892 -0.124999888
v -7.30125093 7.22356892 0.125000164
v -7.1775012 7.22356892 0.125000164
v -7.17749977 4.84856892 0.125000164
v -7.30124903 0.0985689163 0.250000119
v -7.17749977 0.0985689163 0.250000119
v -7.17749977 2.47356892 0.250000119
v -7.30125093 9.59856987 -0.249999896
v -7.1775012 9.59856987 -0.249999911
v -7.1775012 7.22356892 -0.249999911
v -7.30125093 2.47356892 -0.124999881
v -7.17749977 2.47356892 -0.124999888
v -7.17749977 4.84856892 -0.124999888
v -7.30125093 9.59856987 0.125000164
v -7.1775012 9.59856987 0.125000164
v -7.1775012 7.22356892 0.125000164
v -7.30124903 0.0985689163 0.250000119
v -7.30124903 0.0985689163 0.125000164
v -7.17749977 0.0985689163 0.125000164
v -7.54874992 9.59856987 0.250000149
v -7.67250061 9.59856987 0.250000149
v -7.67250061 7.22356892 0.250000149
v -7.54874992 4.84856892 0.125000179
v -7.54874992 4.84856892 1.75034586e-07
v -7.54874992 2.47356892 1.75034586e-07
v -7.54874992 9.59856987 0.125000179
v -7.54874992 9.59856987 1.75034586e-07
v -7.54874992 7.22356892 1.75034586e-07
v -7.54874992 7.22356892 0.125000179
v -7.54874992 7.22356892 1.75034586e-07
v -7.54874992 4.84856892 1.75034586e-07
v -7.54874992 2.47356892 0.250000149
v -7.67250061 2.47356892 0.250000149
v -7.67250061 0.0985689163 0.250000149
v -7.54874992 9.59856987 -0.124999866
v -7.67250061 9.59856987 -0.124999858
v -7.67250061 7.22356892 -0.124999858
v -7.54874992 2.47356892 0.125000179
v -7.54874992 2.47356892 1.75034586e-07
v -7.54874992 0.0985689163 1.75034586e-07
v -7.54874992 0.0985689163 0.125000179
v -7.54874992 0.0985689163 0.250000149
v -7.67250061 0.0985689163 0.250000149
v -7.54874992 2.47356892 0.125000179
v -7.67250061 2.47356892 0.125000179
v -7.67250061 4.84856892 0.125000179
v -7.54874992 0.0985689163 -0.249999881
v -7.54874992 0.0985689163 -0.124999866
v -7.67250061 0.0985689163 -0.124999858
v -7.54874992 2.47356892 1.75034586e-07
v -7.54874992 2.47356892 -0.124999866
v -7.54874992 0.0985689163 -0.124999866
v -7.54874992 4.84856892 1.75034586e-07
v -7.54874992 4.84856892 -0.124999866
v -7.54874992 2.47356892 -0.124999866
v -7.54874992 7.22356892 -0.124999866
v -7.67250061 7.22356892 -0.124999858
v -7.67250061 4.84856892 -0.124999858
v -7.54874992 7.22356892 1.75034586e-07
v -7.54874992 7.22356892 -0.124999866
v -7.54874992 4.84856892 -0.124999866
v -7.54874992 9.59856987 1.75034586e-07
v -7.54874992 9.59856987 -0.124999866
v -7.54874992 7.22356892 -0.124999866
v -7.67250061 9.59856987 -0.124999858
v -7.67250061 9.59856987 -0.249999866
v -7.67250061 7.22356892 -0.249999866
v -7.67250061 4.84856892 -0.124999858
v -7.67250061 4.84856892 -0.249999866
v -7.67250061 2.47356892 -0.249999866
v -7.67250061 7.22356892 0.250000149
v -7.67250061 7.22356892 0.125000179
v -7.67250061 4.84856892 0.125000179
v -7.67250061 9.59856987 0.250000149
v -7.67250061 9.59856987 0.125000179
v -7.67250061 7.22356892 0.125000179
v -7.67250061 2.47356892 0.250000149
v -7.67250061 2.47356892 0.125000179
v -7.67250061 0.0985689163 0.125000179
v -7.67250061 4.84856892 0.250000149
v -7.67250061 4.84856892 0.125000179
v -7.67250061 2.47356892 0.125000179
v -7.67250061 2.47356892 -0.124999858
v -7.67250061 2.47356892 -0.249999866
v -7.67250061 0.0985689163 -0.249999866
v -7.67250061 7.22356892 -0.124999858
v -7.67250061 7.22356892 -0.249999866
v -7.67250061 4.84856892 -0.249999866
v -7.54874992 4.84856892 0.125000179
v -7.67250061 4.84856892 0.125000179
v -7.67250061 7.22356892 0.125000179
v -7.54874992 9.59856987 -0.249999881
v -7.67250061 9.59856987 -0.249999866
v -7.67250061 9.59856987 -0.124999858
v -7.54874992 7.22356892 -0.249999881
v -7.67250061 7.22356892 -0.249999866
v -7.67250061 9.59856987 -0.249999866
v -7.54874992 2.47356892 -0.124999866
v -7.67250061 2.47356892 -0.124999858
v -7.67250061 0.0985689163 -0.124999858
v -7.54874992 7.22356892 0.125000179
v -7.67250061 7.22356892 0.125000179
v -7.67250061 9.59856987 0.125000179
v -7.54874992 0.0985689163 -0.249999881
v -7.67250061 0.0985689163 -0.249999866
v -7.67250061 2.47356892 -0.249999866
v -7.54874992 4.84856892 0.250000149
v -7.67250061 4.84856892 0.250000149
v -7.67250061 2.47356892 0.250000149
v -7.54874992 4.84856892 -0.124999866
v -7.67250061 4.84856892 -0.124999858
v -7.67250061 2.47356892 -0.124999858
v -7.54874992 7.22356892 0.250000149
v -7.67250061 7.22356892 0.250000149
v -7.67250061 4.84856892 0.250000149
v -7.54874992 4.84856892 -0.249999881
v -7.67250061 4.84856892 -0.249999866
v -7.67250061 7.22356892 -0.249999866
v -7.54874992 2.47356892 -0.249999881
v -7.67250061 2.47356892 -0.249999866
v -7.67250061 4.84856892 -0.249999866
v -7.54874992 0.0985689163 0.125000179
v -7.67250061 0.0985689163 0.125000179
v -7.67250061 2.47356892 0.125000179
v 7.30124903 9.59856987 -7.37500048
v 7.17749977 9.59856987 -7.37500048
v 7.17749977 9.59856987 -7.25000048
v 7.54874992 0.09856987 -7.75000048
v 7.30125093 0.09856987 -7.75000048
v 7.30125093 2.47357035 -7.75000048
v 7.30125093 2.47357035 -7.75000048
v 7.30125093 4.84857035 -7.75000048
v 7.54874992 4.84857035 -7.75000048
v 7.30125093 4.84857035 -7.75000048
v 7.30125093 7.22357035 -7.75000048
v 7.54874992 4.84857035 -7.75000048
v 7.54874992 2.47357035 -7.75000048
v 7.54874992 0.09856987 -7.75000048
v 7.30125093 2.47357035 -7.75000048
v 7.54874992 9.59856987 -7.75000048
v 7.54874992 7.22357035 -7.75000048
v 7.30125093 7.22357035 -7.75000048
v 7.54874992 7.22357035 -7.75000048
v 7.54874992 4.84857035 -7.75000048
v 7.30125093 7.22357035 -7.75000048
v 7.54874992 4.84857035 -7.75000048
v 7.54874992 2.47357035 -7.75000048
v 7.30125093 2.47357035 -7.75000048
v 7.54874992 4.84857035 -7.37500048
v 7.67250061 4.84857035 -7.37500048
v 7.67250061 2.47357035 -7.37500048
v 7.30125093 0.09856987 -7.25000048
v 7.54874992 0.09856987 -7.25000048
v 7.54874992 2.47357035 -7.25000048
v 7.54874992 4.84857035 -7.25000048
v 7.54874992 7.22357035 -7.25000048
v 7.30125093 4.84857035 -7.25000048
v 7.54874992 7.22357035 -7.25000048
v 7.54874992 9.59856987 -7.25000048
v 7.30124903 7.22357035 -7.25000048
v 7.54874992 4.84857035 -7.25000048
v 7.30125093 2.47357035 -7.25000048
v 7.54874992 2.47357035 -7.25000048
v 7.30125093 0.09856987 -7.25000048
v 7.54874992 2.47357035 -7.25000048
v 7.30125093 2.47357035 -7.25000048
v 7.30125093 4.84857035 -7.25000048
v 7.30125093 2.47357035 -7.25000048
v 7.54874992 4.84857035 -7.25000048
v 7.30125093 4.84857035 -7.25000048
v 7.54874992 7.22357035 -7.25000048
v 7.30124903 7.22357035 -7.25000048
v 7.30125093 0.09856987 -7.62500048
v 7.30125093 0.09856987 -7.75000048
v 7.54874992 0.09856987 -7.75000048
v 7.54874992 0.09856987 -7.62500048
v 7.54874992 0.09856987 -7.50000048
v 7.30125093 0.09856987 -7.50000048
v 7.54874992 0.09856987 -7.50000048
v 7.54874992 0.09856987 -7.37500048
v 7.30125093 0.09856987 -7.50000048
v 7.30125093 0.09856987 -7.62500048
v 7.54874992 0.09856987 -7.75000048
v 7.54874992 0.09856987 -7.62500048
v 7.30125093 0.09856987 -7.25000048
v 7.30125093 0.09856987 -7.37500048
v 7.54874992 0.09856987 -7.37500048
v 7.30125093 0.09856987 -7.37500048
v 7.30125093 0.09856987 -7.50000048
v 7.54874992 0.09856987 -7.37500048
v 7.30125093 0.09856987 -7.50000048
v 7.30125093 0.09856987 -7.62500048
v 7.54874992 0.09856987 -7.62500048
v 7.54874992 9.59856987 -7.62500048
v 7.54874992 9.59856987 -7.75000048
v 7.30124903 9.59856987 -7.75000048
v 7.30124903 9.59856987 -7.62500048
v 7.30124903 9.59856987 -7.50000048
v 7.54874992 9.59856987 -7.50000048
v 7.30124903 9.59856987 -7.50000048
v 7.30124903 9.59856987 -7.37500048
v 7.54874992 9.59856987 -7.50000048
v 7.54874992 9.59856987 -7.62500048
v 7.30124903 9.59856987 -7.75000048
v 7.30124903 9.59856987 -7.62500048
v 7.54874992 9.59856987 -7.25000048
v 7.54874992 9.59856987 -7.37500048
v 7.30124903 9.59856987 -7.37500048
v 7.54874992 9.59856987 -7.37500048
v 7.54874992 9.59856987 -7.50000048
v 7.30124903 9.59856987 -7.37500048
v 7.54874992 9.59856987 -7.50000048
v 7.54874992 9.59856987 -7.62500048
v 7.30124903 9.59856987 -7.62500048
v 7.54874992 7.22357035 -7.62500048
v 7.67250061 7.22357035 -7.62500048
v 7.67250061 9.59856987 -7.62500048
v 7.54874992 4.84857035 -7.62500048
v 7.54874992 4.84857035 -7.50000048
v 7.54874992 2.47357035 -7.50000048
v 7.54874992 9.59856987 -7.62500048
v 7.54874992 9.59856987 -7.50000048
v 7.54874992 7.22357035 -7.50000048
v 7.54874992 7.22357035 -7.62500048
v 7.54874992 7.22357035 -7.50000048
v 7.54874992 4.84857035 -7.50000048
v 7.54874992 4.84857035 -7.75000048
v 7.67250061 4.84857035 -7.75000048
v 7.67250061 2.47357035 -7.75000048
v 7.54874992 2.47357035 -7.37500048
v 7.67250061 2.47357035 -7.37500048
v 7.67250061 0.09856987 -7.37500048
v 7.54874992 2.47357035 -7.62500048
v 7.54874992 2.47357035 -7.50000048
v 7.54874992 0.09856987 -7.50000048
v 7.54874992 7.22357035 -7.25000048
v 7.67250061 7.22357035 -7.25000048
v 7.67250061 9.59856987 -7.25000048
v 7.54874992 7.22357035 -7.75000048
v 7.67250061 7.22357035 -7.75000048
v 7.67250061 4.84857035 -7.75000048
v 7.54874992 4.84857035 -7.62500048
v 7.67250061 4.84857035 -7.62500048
v 7.67250061 7.22357035 -7.62500048
v 7.54874992 2.47357035 -7.50000048
v 7.54874992 2.47357035 -7.37500048
v 7.54874992 0.09856987 -7.37500048
v 7.54874992 4.84857035 -7.50000048
v 7.54874992 4.84857035 -7.37500048
v 7.54874992 2.47357035 -7.37500048
v 7.54874992 9.59856987 -7.62500048
v 7.67250061 9.59856987 -7.62500048
v 7.67250061 9.59856987 -7.75000048
v 7.54874992 7.22357035 -7.50000048
v 7.54874992 7.22357035 -7.37500048
v 7.54874992 4.84857035 -7.37500048
v 7.54874992 9.59856987 -7.50000048
v 7.54874992 9.59856987 -7.37500048
v 7.54874992 7.22357035 -7.37500048
v 7.67250061 9.59856987 -7.37500048
v 7.67250061 9.59856987 -7.25000048
v 7.67250061 7.22357035 -7.25000048
v 7.67250061 4.84857035 -7.37500048
v 7.67250061 4.84857035 -7.25000048
v 7.67250061 2.47357035 -7.25000048
v 7.67250061 7.22357035 -7.75000048
v 7.67250061 7.22357035 -7.62500048
v 7.67250061 4.84857035 -7.62500048
v 7.67250061 9.59856987 -7.75000048
v 7.67250061 9.59856987 -7.62500048
v 7.67250061 7.22357035 -7.62500048
v 7.67250061 2.47357035 -7.75000048
v 7.67250061 2.47357035 -7.62500048
v 7.67250061 0.09856987 -7.62500048
v 7.67250061 4.84857035 -7.75000048
v 7.67250061 4.84857035 -7.62500048
v 7.67250061 2.47357035 -7.62500048
v 7.67250061 2.47357035 -7.37500048
v 7.67250061 2.47357035 -7.25000048
v 7.67250061 0.09856987 -7.25000048
v 7.67250061 7.22357035 -7.37500048
v 7.67250061 7.22357035 -7.25000048
v 7.67250061 4.84857035 -7.25000048
v 7.54874992 2.47357035 -7.75000048
v 7.67250061 2.47357035 -7.75000048
v 7.67250061 0.09856987 -7.75000048
v 7.54874992 0.09856987 -7.75000048
v 7.67250061 0.09856987 -7.75000048
v 7.67250061 0.09856987 -7.62500048
v 7.54874992 4.84857035 -7.25000048
v 7.67250061 4.84857035 -7.25000048
v 7.67250061 7.22357035 -7.25000048
v 7.54874992 9.59856987 -7.25000048
v 7.67250061 9.59856987 -7.25000048
v 7.67250061 9.59856987 -7.37500048
v 7.54874992 2.47357035 -7.25000048
v 7.67250061 2.47357035 -7.25000048
v 7.67250061 4.84857035 -7.25000048
v 7.54874992 0.09856987 -7.62500048
v 7.67250061 0.09856987 -7.62500048
v 7.67250061 2.47357035 -7.62500048
v 7.54874992 7.22357035 -7.37500048
v 7.67250061 7.22357035 -7.37500048
v 7.67250061 4.84857035 -7.37500048
v 7.54874992 0.09856987 -7.25000048
v 7.67250061 0.09856987 -7.25000048
v 7.67250061 2.47357035 -7.25000048
v 7.54874992 9.59856987 -7.75000048
v 7.67250061 9.59856987 -7.75000048
v 7.67250061 7.22357035 -7.75000048
v 7.54874992 2.47357035 -7.62500048
v 7.67250061 2.47357035 -7.62500048
v 7.67250061 4.84857035 -7.62500048
v 7.54874992 9.59856987 -7.37500048
v 7.67250061 9.59856987 -7.37500048
v 7.67250061 7.22357035 -7.37500048
v 7.54874992 0.09856987 -7.37500048
v 7.67250061 0.09856987 -7.37500048
v 7.67250061 0.09856987 -7.25000048
v 7.30124903 9.59856987 -7.25000048
v 7.17749977 9.59856987 -7.25000048
v 7.17749977 7.22357035 -7.25000048
v 7.30125093 4.84857035 -7.37500048
v 7.30125093 4.84857035 -7.50000048
v 7.30125093 2.47357035 -7.50000048
v 7.30124903 9.59856987 -7.37500048
v 7.30124903 9.59856987 -7.50000048
v 7.30125093 7.22357035 -7.50000048
v 7.30125093 7.22357035 -7.37500048
v 7.30125093 7.22357035 -7.50000048
v 7.30125093 4.84857035 -7.50000048
v 7.30125093 2.47357035 -7.25000048
v 7.1775012 2.47357035 -7.25000048
v 7.1775012 0.09856987 -7.25000048
v 7.30124903 9.59856987 -7.62500048
v 7.17749977 9.59856987 -7.62500048
v 7.17749977 7.22357035 -7.62500048
v 7.30125093 2.47357035 -7.37500048
v 7.30125093 2.47357035 -7.50000048
v 7.30125093 0.09856987 -7.50000048
v 7.30125093 0.09856987 -7.25000048
v 7.1775012 0.09856987 -7.25000048
v 7.1775012 0.09856987 -7.37500048
v 7.30125093 2.47357035 -7.37500048
v 7.1775012 2.47357035 -7.37500048
v 7.17749977 4.84857035 -7.37500048
v 7.30125093 0.09856987 -7.62500048
v 7.1775012 0.09856987 -7.62500048
v 7.1775012 0.09856987 -7.75000048
v 7.30125093 2.47357035 -7.50000048
v 7.30125093 2.47357035 -7.62500048
v 7.30125093 0.09856987 -7.62500048
v 7.30125093 4.84857035 -7.50000048
v 7.30125093 4.84857035 -7.62500048
v 7.30125093 2.47357035 -7.62500048
v 7.30125093 7.22357035 -7.62500048
v 7.17749977 7.22357035 -7.62500048
v 7.17749977 4.84857035 -7.62500048
v 7.30125093 7.22357035 -7.50000048
v 7.30125093 7.22357035 -7.62500048
v 7.30125093 4.84857035 -7.62500048
v 7.30124903 9.59856987 -7.50000048
v 7.30124903 9.59856987 -7.62500048
v 7.30125093 7.22357035 -7.62500048
v 7.17749977 9.59856987 -7.62500048
v 7.17749977 9.59856987 -7.75000048
v 7.17749977 7.22357035 -7.75000048
v 7.17749977 4.84857035 -7.62500048
v 7.17749977 4.84857035 -7.75000048
v 7.1775012 2.47357035 -7.75000048
v 7.17749977 7.22357035 -7.25000048
v 7.17749977 7.22357035 -7.37500048
v 7.17749977 4.84857035 -7.37500048
v 7.17749977 9.59856987 -7.25000048
v 7.17749977 9.59856987 -7.37500048
v 7.17749977 7.22357035 -7.37500048
v 7.1775012 2.47357035 -7.25000048
v 7.1775012 2.47357035 -7.37500048
v 7.1775012 0.09856987 -7.37500048
v 7.17749977 4.84857035 -7.25000048
v 7.17749977 4.84857035 -7.37500048
v 7.1775012 2.47357035 -7.37500048
v 7.1775012 2.47357035 -7.62500048
v 7.1775012 2.47357035 -7.75000048
v 7.1775012 0.09856987 -7.75000048
v 7.17749977 7.22357035 -7.62500048
v 7.17749977 7.22357035 -7.75000048
v 7.17749977 4.84857035 -7.75000048
v 7.30125093 4.84857035 -7.37500048
v 7.17749977 4.84857035 -7.37500048
v 7.17749977 7.22357035 -7.37500048
v 7.30124903 9.59856987 -7.75000048
v 7.17749977 9.59856987 -7.75000048
v 7.17749977 9.59856987 -7.62500048
v 7.30125093 7.22357035 -7.75000048
v 7.17749977 7.22357035 -7.75000048
v 7.17749977 9.59856987 -7.75000048
v 7.30125093 2.47357035 -7.62500048
v 7.1775012 2.47357035 -7.62500048
v 7.1775012 0.09856987 -7.62500048
v 7.30125093 7.22357035 -7.37500048
v 7.17749977 7.22357035 -7.37500048
v 7.17749977 9.59856987 -7.37500048
v 7.30125093 0.09856987 -7.75000048
v 7.1775012 0.09856987 -7.75000048
v 7.1775012 2.47357035 -7.75000048
v 7.30125093 4.84857035 -7.25000048
v 7.17749977 4.84857035 -7.25000048
v 7.1775012 2.47357035 -7.25000048
v 7.30125093 4.84857035 -7.62500048
v 7.17749977 4.84857035 -7.62500048
v 7.1775012 2.47357035 -7.62500048
v 7.30124903 7.22357035 -7.25000048
v 7.17749977 7.22357035 -7.25000048
v 7.17749977 4.84857035 -7.25000048
v 7.30125093 4.84857035 -7.75000048
v 7.17749977 4.84857035 -7.75000048
v 7.17749977 7.22357035 -7.75000048
v 7.30125093 2.47357035 -7.75000048
v 7.1775012 2.47357035 -7.75000048
v 7.17749977 4.84857035 -7.75000048
v 7.30125093 0.09856987 -7.37500048
v 7.1775012 0.09856987 -7.37500048
v 7.1775012 2.47357035 -7.37500048
v 14.8500004 9.72356892 -7.37500095
v 14.8500004 9.72356892 -7.25000095
v 14.8500004 9.59856892 -7.25000095
v -14.8500004 10.0985708 -7.62499905
v -14.8500004 10.0985708 -7.37499905
v -7.42500019 10.0985708 -7.37499952
v 0 10.0985699 -7.375
v 7.42500019 10.0985689 -7.37500048
v 7.42500019 10.0985689 -7.62500048
v 7.42500019 10.0985689 -7.37500048
v 14.8500004 10.0985689 -7.37500095
v 14.8500004 10.0985689 -7.62500095
v -14.8500004 10.0985708 -7.62499905
v -7.42500019 10.0985708 -7.37499952
v -7.42500019 10.0985708 -7.62499952
v -7.42500019 10.0985708 -7.37499952
v 0 10.0985699 -7.375
v -7.42500019 10.0985708 -7.62499952
v 7.42500019 10.0985689 -7.62500048
v 0 10.0985699 -7.625
v 0 10.0985699 -7.375
v 0 10.0985699 -7.625
v -7.42500019 10.0985708 -7.62499952
v 0 10.0985699 -7.375
v 0 9.72356987 -7.625
v 0 9.72356987 -7.75
v -7.42500019 9.72357082 -7.74999952
v -14.8500004 9.59857082 -7.37499905
v -14.8500004 9.59857082 -7.62499905
v -7.42500019 9.59856987 -7.62499952
v 0 9.59856987 -7.625
v 7.42500019 9.59856892 -7.62500048
v 7.42500019 9.59856892 -7.37500048
v 7.42500019 9.59856892 -7.62500048
v 14.8500004 9.59856892 -7.62500095
v 14.8500004 9.59856892 -7.37500095
v -14.8500004 9.59857082 -7.37499905
v -7.42500019 9.59856987 -7.62499952
v -7.42500019 9.59856987 -7.37499952
v -7.42500019 9.59856987 -7.62499952
v 0 9.59856987 -7.625
v -7.42500019 9.59856987 -7.37499952
v 7.42500019 9.59856892 -7.37500048
v 0 9.59856987 -7.375
v 0 9.59856987 -7.625
v 0 9.59856987 -7.375
v -7.42500019 9.59856987 -7.37499952
v 0 9.59856987 -7.625
v -14.8500004 9.97357082 -7.37499905
v -14.8500004 10.0985708 -7.37499905
v -14.8500004 10.0985708 -7.62499905
v -14.8500004 9.97357082 -7.62499905
v -14.8500004 9.84857082 -7.62499905
v -14.8500004 9.84857082 -7.37499905
v -14.8500004 9.84857082 -7.62499905
v -14.8500004 9.72357082 -7.62499905
v -14.8500004 9.84857082 -7.37499905
v -14.8500004 9.97357082 -7.37499905
v -14.8500004 10.0985708 -7.62499905
v -14.8500004 9.97357082 -7.62499905
v -14.8500004 9.59857082 -7.37499905
v -14.8500004 9.72357082 -7.37499905
v -14.8500004 9.72357082 -7.62499905
v -14.8500004 9.72357082 -7.37499905
v -14.8500004 9.84857082 -7.37499905
v -14.8500004 9.72357082 -7.62499905
v -14.8500004 9.84857082 -7.37499905
v -14.8500004 9.97357082 -7.37499905
v -14.8500004 9.97357082 -7.62499905
v 14.8500004 9.97356892 -7.62500095
v 14.8500004 10.0985689 -7.62500095
v 14.8500004 10.0985689 -7.37500095
v 14.8500004 9.97356892 -7.37500095
v 14.8500004 9.84856892 -7.37500095
v 14.8500004 9.84856892 -7.62500095
v 14.8500004 9.84856892 -7.37500095
v 14.8500004 9.72356892 -7.37500095
v 14.8500004 9.84856892 -7.62500095
v 14.8500004 9.97356892 -7.62500095
v 14.8500004 10.0985689 -7.37500095
v 14.8500004 9.97356892 -7.37500095
v 14.8500004 9.59856892 -7.62500095
v 14.8500004 9.72356892 -7.62500095
v 14.8500004 9.72356892 -7.37500095
v 14.8500004 9.72356892 -7.62500095
v 14.8500004 9.84856892 -7.62500095
v 14.8500004 9.72356892 -7.37500095
v 14.8500004 9.84856892 -7.62500095
v 14.8500004 9.97356892 -7.62500095
v 14.8500004 9.97356892 -7.37500095
v 7.42500019 9.97356892 -7.62500048
v 7.42500019 9.97356892 -7.75000048
v 14.8500004 9.97356892 -7.75000095
v 0 9.97356987 -7.625
v 0 9.84856987 -7.625
v -7.42500019 9.84857082 -7.62499952
v 14.8500004 9.97356892 -7.62500095
v 14.8500004 9.84856892 -7.62500095
v 7.42500019 9.84856892 -7.62500048
v 7.42500019 9.97356892 -7.62500048
v 7.42500019 9.84856892 -7.62500048
v 0 9.84856987 -7.625
v 0 10.0985699 -7.625
v 0 10.0985699 -7.75
v -7.42500019 10.0985708 -7.74999952
v -7.42500019 9.72357082 -7.62499952
v -7.42500019 9.72357082 -7.74999952
v -14.8500004 9.72357082 -7.74999905
v -7.42500019 9.97357082 -7.62499952
v -7.42500019 9.84857082 -7.62499952
v -14.8500004 9.84857082 -7.62499905
v 7.42500019 9.59856892 -7.62500048
v 7.42500019 9.59856892 -7.75000048
v 14.8500004 9.59856892 -7.75000095
v 7.42500019 10.0985689 -7.62500048
v 7.42500019 10.0985689 -7.75000048
v 0 10.0985699 -7.75
v 0 9.97356987 -7.625
v 0 9.97356987 -7.75
v 7.42500019 9.97356892 -7.75000048
v -7.42500019 9.84857082 -7.62499952
v -7.42500019 9.72357082 -7.62499952
v -14.8500004 9.72357082 -7.62499905
v 0 9.84856987 -7.625
v 0 9.72356987 -7.625
v -7.42500019 9.72357082 -7.62499952
v 14.8500004 9.97356892 -7.62500095
v 14.8500004 9.97356892 -7.75000095
v 14.8500004 10.0985689 -7.75000095
v 7.42500019 9.84856892 -7.62500048
v 7.42500019 9.72356892 -7.62500048
v 0 9.72356987 -7.625
v 14.8500004 9.84856892 -7.62500095
v 14.8500004 9.72356892 -7.62500095
v 7.42500019 9.72356892 -7.62500048
v 14.8500004 9.72356892 -7.75000095
v 14.8500004 9.59856892 -7.75000095
v 7.42500019 9.59856892 -7.75000048
v 0 9.72356987 -7.75
v 0 9.59856987 -7.75
v -7.42500019 9.59856987 -7.74999952
v 7.42500019 10.0985689 -7.75000048
v 7.42500019 9.97356892 -7.75000048
v 0 9.97356987 -7.75
v 14.8500004 10.0985689 -7.75000095
v 14.8500004 9.97356892 -7.75000095
v 7.42500019 9.97356892 -7.75000048
v -7.42500019 10.0985708 -7.74999952
v -7.42500019 9.97357082 -7.74999952
v -14.8500004 9.97357082 -7.74999905
v 0 10.0985699 -7.75
v 0 9.97356987 -7.75
v -7.42500019 9.97357082 -7.74999952
v -7.42500019 9.72357082 -7.74999952
v -7.42500019 9.59856987 -7.74999952
v -14.8500004 9.59857082 -7.74999905
v 7.42500019 9.72356892 -7.75000048
v 7.42500019 9.59856892 -7.75000048
v 0 9.59856987 -7.75
v -7.42500019 10.0985708 -7.62499952
v -7.42500019 10.0985708 -7.74999952
v -14.8500004 10.0985708 -7.74999905
v -14.8500004 10.0985708 -7.62499905
v -14.8500004 10.0985708 -7.74999905
v -14.8500004 9.97357082 -7.74999905
v 0 9.59856987 -7.625
v 0 9.59856987 -7.75
v 7.42500019 9.59856892 -7.75000048
v 14.8500004 9.59856892 -7.62500095
v 14.8500004 9.59856892 -7.75000095
v 14.8500004 9.72356892 -7.75000095
v -7.42500019 9.59856987 -7.62499952
v -7.42500019 9.59856987 -7.74999952
v 0 9.59856987 -7.75
v -14.8500004 9.97357082 -7.62499905
v -14.8500004 9.97357082 -7.74999905
v -7.42500019 9.97357082 -7.74999952
v 7.42500019 9.72356892 -7.62500048
v 7.42500019 9.72356892 -7.75000048
v 0 9.72356987 -7.75
v -14.8500004 9.59857082 -7.62499905
v -14.8500004 9.59857082 -7.74999905
v -7.42500019 9.59856987 -7.74999952
v 14.8500004 10.0985689 -7.62500095
v 14.8500004 10.0985689 -7.75000095
v 7.42500019 10.0985689 -7.75000048
v -7.42500019 9.97357082 -7.62499952
v -7.42500019 9.97357082 -7.74999952
v 0 9.97356987 -7.75
v 14.8500004 9.72356892 -7.62500095
v 14.8500004 9.72356892 -7.75000095
v 7.42500019 9.72356892 -7.75000048
v -14.8500004 9.72357082 -7.62499905
v -14.8500004 9.72357082 -7.74999905
v -14.8500004 9.59857082 -7.74999905
v 14.8500004 9.59856892 -7.37500095
v 14.8500004 9.59856892 -7.25000095
v 7.42500019 9.59856892 -7.25000048
v 0 9.72356987 -7.375
v 0 9.84856987 -7.375
v -7.42500019 9.84857082 -7.37499952
v 14.8500004 9.72356892 -7.37500095
v 14.8500004 9.84856892 -7.37500095
v 7.42500019 9.84856892 -7.37500048
v 7.42500019 9.72356892 -7.37500048
v 7.42500019 9.84856892 -7.37500048
v 0 9.84856987 -7.375
v -7.42500019 9.59856987 -7.37499952
v -7.42500019 9.59856987 -7.24999952
v -14.8500004 9.59857082 -7.24999905
v 14.8500004 9.97356892 -7.37500095
v 14.8500004 9.97356892 -7.25000095
v 7.42500019 9.97356892 -7.25000048
v -7.42500019 9.72357082 -7.37499952
v -7.42500019 9.84857082 -7.37499952
v -14.8500004 9.84857082 -7.37499905
v -14.8500004 9.59857082 -7.37499905
v -14.8500004 9.59857082 -7.24999905
v -14.8500004 9.72357082 -7.24999905
v -7.42500019 9.72357082 -7.37499952
v -7.42500019 9.72357082 -7.24999952
v 0 9.72356987 -7.25
v -14.8500004 9.97357082 -7.37499905
v -14.8500004 9.97357082 -7.24999905
v -14.8500004 10.0985708 -7.24999905
v -7.42500019 9.84857082 -7.37499952
v -7.42500019 9.97357082 -7.37499952
v -14.8500004 9.97357082 -7.37499905
v 0 9.84856987 -7.375
v 0 9.97356987 -7.375
v -7.42500019 9.97357082 -7.37499952
v 7.42500019 9.97356892 -7.37500048
v 7.42500019 9.97356892 -7.25000048
v 0 9.97356987 -7.25
v 7.42500019 9.84856892 -7.37500048
v 7.42500019 9.97356892 -7.37500048
v 0 9.97356987 -7.375
v 14.8500004 9.84856892 -7.37500095
v 14.8500004 9.97356892 -7.37500095
v 7.42500019 9.97356892 -7.37500048
v 14.8500004 9.97356892 -7.25000095
v 14.8500004 10.0985689 -7.25000095
v 7.42500019 10.0985689 -7.25000048
v 0 9.97356987 -7.25
v 0 10.0985699 -7.25
v -7.42500019 10.0985708 -7.24999952
v 7.42500019 9.59856892 -7.25000048
v 7.42500019 9.72356892 -7.25000048
v 0 9.72356987 -7.25
v 14.8500004 9.59856892 -7.25000095
v 14.8500004 9.72356892 -7.25000095
v 7.42500019 9.72356892 -7.25000048
v -7.42500019 9.59856987 -7.24999952
v -7.42500019 9.72357082 -7.24999952
v -14.8500004 9.72357082 -7.24999905
v 0 9.59856987 -7.25
v 0 9.72356987 -7.25
v -7.42500019 9.72357082 -7.24999952
v -7.42500019 9.97357082 -7.24999952
v -7.42500019 10.0985708 -7.24999952
v -14.8500004 10.0985708 -7.24999905
v 7.42500019 9.97356892 -7.25000048
v 7.42500019 10.0985689 -7.25000048
v 0 10.0985699 -7.25
v 0 9.72356987 -7.375
v 0 9.72356987 -7.25
v 7.42500019 9.72356892 -7.25000048
v 14.8500004 10.0985689 -7.37500095
v 14.8500004 10.0985689 -7.25000095
v 14.8500004 9.97356892 -7.25000095
v 7.42500019 10.0985689 -7.37500048
v 7.42500019 10.0985689 -7.25000048
v 14.8500004 10.0985689 -7.25000095
v -7.42500019 9.97357082 -7.37499952
v -7.42500019 9.97357082 -7.24999952
v -14.8500004 9.97357082 -7.24999905
v 7.42500019 9.72356892 -7.37500048
v 7.42500019 9.72356892 -7.25000048
v 14.8500004 9.72356892 -7.25000095
v -14.8500004 10.0985708 -7.37499905
v -14.8500004 10.0985708 -7.24999905
v -7.42500019 10.0985708 -7.24999952
v 0 9.59856987 -7.375
v 0 9.59856987 -7.25
v -7.42500019 9.59856987 -7.24999952
v 0 9.97356987 -7.375
v 0 9.97356987 -7.25
v -7.42500019 9.97357082 -7.24999952
v 7.42500019 9.59856892 -7.37500048
v 7.42500019 9.59856892 -7.25000048
v 0 9.59856987 -7.25
v 0 10.0985699 -7.375
v 0 10.0985699 -7.25
v 7.42500019 10.0985689 -7.25000048
v -7.42500019 10.0985708 -7.37499952
v -7.42500019 10.0985708 -7.24999952
v 0 10.0985699 -7.25
v -14.8500004 9.72357082 -7.37499905
v -14.8500004 9.72357082 -7.24999905
v -7.42500019 9.72357082 -7.24999952
v -7.54874992 9.59856987 -7.37499952
v -7.67250061 9.59856987 -7.37499952
v -7.67250061 9.59856987 -7.24999952
v -7.30124903 0.0985689163 -7.74999952
v -7.54874992 0.0985689163 -7.74999952
v -7.54874992 2.47356892 -7.74999952
v -7.54874992 4.84856892 -7.74999952
v -7.54874992 7.22356892 -7.74999952
v -7.30124903 4.84856892 -7.74999952
v -7.54874992 7.22356892 -7.74999952
v -7.54874992 9.59856987 -7.74999952
v -7.30124903 7.22356892 -7.74999952
v -7.30124903 4.84856892 -7.74999952
v -7.54874992 7.22356892 -7.74999952
v -7.30124903 7.22356892 -7.74999952
v -7.30124903 0.0985689163 -7.74999952
v -7.54874992 2.47356892 -7.74999952
v -7.30124903 2.47356892 -7.74999952
v -7.54874992 2.47356892 -7.74999952
v -7.54874992 4.84856892 -7.74999952
v -7.30124903 2.47356892 -7.74999952
v -7.30124903 4.84856892 -7.74999952
v -7.30124903 2.47356892 -7.74999952
v -7.54874992 4.84856892 -7.74999952
v -7.30124903 4.84856892 -7.37499952
v -7.17749977 4.84856892 -7.37499952
v -7.17749977 2.47356892 -7.37499952
v -7.54874992 0.0985689163 -7.24999952
v -7.30124903 0.0985689163 -7.24999952
v -7.30124903 2.47356892 -7.24999952
v -7.30124903 4.84856892 -7.24999952
v -7.30124903 7.22356892 -7.24999952
v -7.54874992 4.84856892 -7.24999952
v -7.30124903 7.22356892 -7.24999952
v -7.30124903 9.59856987 -7.24999952
v -7.54874992 7.22356892 -7.24999952
v -7.30124903 4.84856892 -7.24999952
v -7.54874992 4.84856892 -7.24999952
v -7.54874992 2.47356892 -7.24999952
v -7.54874992 0.0985689163 -7.24999952
v -7.30124903 2.47356892 -7.24999952
v -7.54874992 2.47356892 -7.24999952
v -7.30124903 2.47356892 -7.24999952
v -7.30124903 4.84856892 -7.24999952
v -7.54874992 2.47356892 -7.24999952
v -7.30124903 9.59856987 -7.24999952
v -7.54874992 9.59856987 -7.24999952
v -7.54874992 7.22356892 -7.24999952
v -7.54874992 0.0985689163 -7.62499952
v -7.54874992 0.0985689163 -7.74999952
v -7.30124903 0.0985689163 -7.74999952
v -7.30124903 0.0985689163 -7.62499952
v -7.30124903 0.0985689163 -7.49999952
v -7.54874992 0.0985689163 -7.49999952
v -7.30124903 0.0985689163 -7.49999952
v -7.30124903 0.0985689163 -7.37499952
v -7.54874992 0.0985689163 -7.49999952
v -7.54874992 0.0985689163 -7.62499952
v -7.30124903 0.0985689163 -7.74999952
v -7.30124903 0.0985689163 -7.62499952
v -7.54874992 0.0985689163 -7.24999952
v -7.54874992 0.0985689163 -7.37499952
v -7.30124903 0.0985689163 -7.37499952
v -7.54874992 0.0985689163 -7.37499952
v -7.54874992 0.0985689163 -7.49999952
v -7.30124903 0.0985689163 -7.37499952
v -7.54874992 0.0985689163 -7.49999952
v -7.54874992 0.0985689163 -7.62499952
v -7.30124903 0.0985689163 -7.62499952
v -7.30124903 9.59856987 -7.62499952
v -7.30124903 9.59856987 -7.74999952
v -7.54874992 9.59856987 -7.74999952
v -7.54874992 9.59856987 -7.62499952
v -7.54874992 9.59856987 -7.49999952
v -7.30124903 9.59856987 -7.49999952
v -7.54874992 9.59856987 -7.49999952
v -7.54874992 9.59856987 -7.37499952
v -7.30124903 9.59856987 -7.49999952
v -7.30124903 9.59856987 -7.62499952
v -7.54874992 9.59856987 -7.74999952
v -7.54874992 9.59856987 -7.62499952
v -7.30124903 9.59856987 -7.24999952
v -7.30124903 9.59856987 -7.37499952
v -7.54874992 9.59856987 -7.37499952
v -7.30124903 9.59856987 -7.37499952
v -7.30124903 9.59856987 -7.49999952
v -7.54874992 9.59856987 -7.37499952
v -7.30124903 9.59856987 -7.49999952
v -7.30124903 9.59856987 -7.62499952
v -7.54874992 9.59856987 -7.62499952
v -7.30124903 7.22356892 -7.62499952
v -7.17749977 7.22356892 -7.62499952
v -7.17749977 9.59856987 -7.62499952
v -7.30124903 4.84856892 -7.62499952
v -7.30124903 4.84856892 -7.49999952
v -7.30124903 2.47356892 -7.49999952
v -7.30124903 9.59856987 -7.62499952
v -7.30124903 9.59856987 -7.49999952
v -7.30124903 7.22356892 -7.49999952
v -7.30124903 7.22356892 -7.62499952
v -7.30124903 7.22356892 -7.49999952
v -7.30124903 4.84856892 -7.49999952
v -7.30124903 4.84856892 -7.74999952
v -7.17749977 4.84856892 -7.74999952
v -7.17749977 2.47356892 -7.74999952
v -7.30124903 2.47356892 -7.37499952
v -7.17749977 2.47356892 -7.37499952
v -7.17749977 0.0985689163 -7.37499952
v -7.30124903 2.47356892 -7.62499952
v -7.30124903 2.47356892 -7.49999952
v -7.30124903 0.0985689163 -7.49999952
v -7.30124903 7.22356892 -7.24999952
v -7.17749977 7.22356892 -7.24999952
v -7.17749977 9.59856987 -7.24999952
v -7.30124903 7.22356892 -7.74999952
v -7.17749977 7.22356892 -7.74999952
v -7.17749977 4.84856892 -7.74999952
v -7.30124903 4.84856892 -7.62499952
v -7.17749977 4.84856892 -7.62499952
v -7.17749977 7.22356892 -7.62499952
v -7.30124903 2.47356892 -7.49999952
v -7.30124903 2.47356892 -7.37499952
v -7.30124903 0.0985689163 -7.37499952
v -7.30124903 4.84856892 -7.49999952
v -7.30124903 4.84856892 -7.37499952
v -7.30124903 2.47356892 -7.37499952
v -7.30124903 9.59856987 -7.62499952
v -7.17749977 9.59856987 -7.62499952
v -7.17749977 9.59856987 -7.74999952
v -7.30124903 7.22356892 -7.49999952
v -7.30124903 7.22356892 -7.37499952
v -7.30124903 4.84856892 -7.37499952
v -7.30124903 9.59856987 -7.49999952
v -7.30124903 9.59856987 -7.37499952
v -7.30124903 7.22356892 -7.37499952
v -7.17749977 9.59856987 -7.37499952
v -7.17749977 9.59856987 -7.24999952
v -7.17749977 7.22356892 -7.24999952
v -7.17749977 4.84856892 -7.37499952
v -7.17749977 4.84856892 -7.24999952
v -7.17749977 2.47356892 -7.24999952
v -7.17749977 7.22356892 -7.74999952
v -7.17749977 7.22356892 -7.62499952
v -7.17749977 4.84856892 -7.62499952
v -7.17749977 9.59856987 -7.74999952
v -7.17749977 9.59856987 -7.62499952
v -7.17749977 7.22356892 -7.62499952
v -7.17749977 2.47356892 -7.74999952
v -7.17749977 2.47356892 -7.62499952
v -7.17749977 0.0985689163 -7.62499952
v -7.17749977 4.84856892 -7.74999952
v -7.17749977 4.84856892 -7.62499952
v -7.17749977 2.47356892 -7.62499952
v -7.17749977 2.47356892 -7.37499952
v -7.17749977 2.47356892 -7.24999952
v -7.17749977 0.0985689163 -7.24999952
v -7.17749977 7.22356892 -7.37499952
v -7.17749977 7.22356892 -7.24999952
v -7.17749977 4.84856892 -7.24999952
v -7.30124903 2.47356892 -7.74999952
v -7.17749977 2.47356892 -7.74999952
v -7.17749977 0.0985689163 -7.74999952
v -7.30124903 0.0985689163 -7.74999952
v -7.17749977 0.0985689163 -7.74999952
v -7.17749977 0.0985689163 -7.62499952
v -7.30124903 4.84856892 -7.24999952
v -7.17749977 4.84856892 -7.24999952
v -7.17749977 7.22356892 -7.24999952
v -7.30124903 9.59856987 -7.24999952
v -7.17749977 9.59856987 -7.24999952
v -7.17749977 9.59856987 -7.37499952
v -7.30124903 2.47356892 -7.24999952
v -7.17749977 2.47356892 -7.24999952
v -7.17749977 4.84856892 -7.24999952
v -7.30124903 0.0985689163 -7.62499952
v -7.17749977 0.0985689163 -7.62499952
v -7.17749977 2.47356892 -7.62499952
v -7.30124903 7.22356892 -7.37499952
v -7.17749977 7.22356892 -7.37499952
v -7.17749977 4.84856892 -7.37499952
v -7.30124903 0.0985689163 -7.24999952
v -7.17749977 0.0985689163 -7.24999952
v -7.17749977 2.47356892 -7.24999952
v -7.30124903 9.59856987 -7.74999952
v -7.17749977 9.59856987 -7.74999952
v -7.17749977 7.22356892 -7.74999952
v -7.30124903 2.47356892 -7.62499952
v -7.17749977 2.47356892 -7.62499952
v -7.17749977 4.84856892 -7.62499952
v -7.30124903 9.59856987 -7.37499952
v -7.17749977 9.59856987 -7.37499952
v -7.17749977 7.22356892 -7.37499952
v -7.30124903 0.0985689163 -7.37499952
v -7.17749977 0.0985689163 -7.37499952
v -7.17749977 0.0985689163 -7.24999952
v -7.54874992 9.59856987 -7.24999952
v -7.67250061 9.59856987 -7.24999952
v -7.67250061 7.22356892 -7.24999952
v -7.54874992 4.84856892 -7.37499952
v -7.54874992 4.84856892 -7.49999952
v -7.54874992 2.47356892 -7.49999952
v -7.54874992 9.59856987 -7.37499952
v -7.54874992 9.59856987 -7.49999952
v -7.54874992 7.22356892 -7.49999952
v -7.54874992 7.22356892 -7.37499952
v -7.54874992 7.22356892 -7.49999952
v -7.54874992 4.84856892 -7.49999952
v -7.54874992 2.47356892 -7.24999952
v -7.67250061 2.47356892 -7.24999952
v -7.67250061 0.0985689163 -7.24999952
v -7.54874992 9.59856987 -7.62499952
v -7.67250061 9.59856987 -7.62499952
v -7.67250061 7.22356892 -7.62499952
v -7.54874992 2.47356892 -7.37499952
v -7.54874992 2.47356892 -7.49999952
v -7.54874992 0.0985689163 -7.49999952
v -7.54874992 0.0985689163 -7.24999952
v -7.67250061 0.0985689163 -7.24999952
v -7.67250061 0.0985689163 -7.37499952
v -7.54874992 2.47356892 -7.37499952
v -7.67250061 2.47356892 -7.37499952
v -7.67250061 4.84856892 -7.37499952
v -7.54874992 0.0985689163 -7.62499952
v -7.67250061 0.0985689163 -7.62499952
v -7.67250061 0.0985689163 -7.74999952
v -7.54874992 2.47356892 -7.49999952
v -7.54874992 2.47356892 -7.62499952
v -7.54874992 0.0985689163 -7.62499952
v -7.54874992 4.84856892 -7.49999952
v -7.54874992 4.84856892 -7.62499952
v -7.54874992 2.47356892 -7.62499952
v -7.54874992 7.22356892 -7.62499952
v -7.67250061 7.22356892 -7.62499952
v -7.67250061 4.84856892 -7.62499952
v -7.54874992 7.22356892 -7.49999952
v -7.54874992 7.22356892 -7.62499952
v -7.54874992 4.84856892 -7.62499952
v -7.54874992 9.59856987 -7.49999952
v -7.54874992 9.59856987 -7.62499952
v -7.54874992 7.22356892 -7.62499952
v -7.67250061 9.59856987 -7.62499952
v -7.67250061 9.59856987 -7.74999952
v -7.67250061 7.22356892 -7.74999952
v -7.67250061 4.84856892 -7.62499952
v -7.67250061 4.84856892 -7.74999952
v -7.67250061 2.47356892 -7.74999952
v -7.67250061 7.22356892 -7.24999952
v -7.67250061 7.22356892 -7.37499952
v -7.67250061 4.84856892 -7.37499952
v -7.67250061 9.59856987 -7.24999952
v -7.67250061 9.59856987 -7.37499952
v -7.67250061 7.22356892 -7.37499952
v -7.67250061 2.47356892 -7.24999952
v -7.67250061 2.47356892 -7.37499952
v -7.67250061 0.0985689163 -7.37499952
v -7.67250061 4.84856892 -7.24999952
v -7.67250061 4.84856892 -7.37499952
v -7.67250061 2.47356892 -7.37499952
v -7.67250061 2.47356892 -7.62499952
v -7.67250061 2.47356892 -7.74999952
v -7.67250061 0.0985689163 -7.74999952
v -7.67250061 7.22356892 -7.62499952
v -7.67250061 7.22356892 -7.74999952
v -7.67250061 4.84856892 -7.74999952
v -7.54874992 4.84856892 -7.37499952
v -7.67250061 4.84856892 -7.37499952
v -7.67250061 7.22356892 -7.37499952
v -7.54874992 9.59856987 -7.74999952
v -7.67250061 9.59856987 -7.74999952
v -7.67250061 9.59856987 -7.62499952
v -7.54874992 7.22356892 -7.74999952
v -7.67250061 7.22356892 -7.74999952
v -7.67250061 9.59856987 -7.74999952
v -7.54874992 2.47356892 -7.62499952
v -7.67250061 2.47356892 -7.62499952
v -7.67250061 0.0985689163 -7.62499952
v -7.54874992 7.22356892 -7.37499952
v -7.67250061 7.22356892 -7.37499952
v -7.67250061 9.59856987 -7.37499952
v -7.54874992 0.0985689163 -7.74999952
v -7.67250061 0.0985689163 -7.74999952
v -7.67250061 2.47356892 -7.74999952
v -7.54874992 4.84856892 -7.24999952
v -7.67250061 4.84856892 -7.24999952
v -7.67250061 2.47356892 -7.24999952
v -7.54874992 4.84856892 -7.62499952
v -7.67250061 4.84856892 -7.62499952
v -7.67250061 2.47356892 -7.62499952
v -7.54874992 7.22356892 -7.24999952
v -7.67250061 7.22356892 -7.24999952
v -7.67250061 4.84856892 -7.24999952
v -7.54874992 4.84856892 -7.74999952
v -7.67250061 4.84856892 -7.74999952
v -7.67250061 7.22356892 -7.74999952
v -7.54874992 2.47356892 -7.74999952
v -7.67250061 2.47356892 -7.74999952
v -7.67250061 4.84856892 -7.74999952
v -7.54874992 0.0985689163 -7.37499952
v -7.67250061 0.0985689163 -7.37499952
v -7.67250061 2.47356892 -7.37499952
v 7.30125093 9.59856987 -14.875001
v 7.1775012 9.59856987 -14.875001
v 7.1775012 9.59856987 -14.750001
v 7.54875088 0.09856987 -15.250001
v 7.30125093 0.09856987 -15.250001
v 7.30125093 2.47357035 -15.250001
v 7.30125093 2.47357035 -15.250001
v 7.30125093 4.84857035 -15.250001
v 7.54875088 4.84857035 -15.250001
v 7.30125093 4.84857035 -15.250001
v 7.30125093 7.22357035 -15.250001
v 7.54875088 4.84857035 -15.250001
v 7.54875088 2.47357035 -15.250001
v 7.54875088 0.09856987 -15.250001
v 7.30125093 2.47357035 -15.250001
v 7.54875088 9.59856987 -15.250001
v 7.54875088 7.22357035 -15.250001
v 7.30125093 7.22357035 -15.250001
v 7.54875088 7.22357035 -15.250001
v 7.54875088 4.84857035 -15.250001
v 7.30125093 7.22357035 -15.250001
v 7.54875088 4.84857035 -15.250001
v 7.54875088 2.47357035 -15.250001
v 7.30125093 2.47357035 -15.250001
v 7.54875088 4.84857035 -14.875001
v 7.67250061 4.84857035 -14.875001
v 7.67250061 2.47357035 -14.875001
v 7.30125093 0.09856987 -14.750001
v 7.54875088 0.09856987 -14.750001
v 7.54875088 2.47357035 -14.750001
v 7.54875088 4.84857035 -14.750001
v 7.54875088 7.22357035 -14.750001
v 7.30125093 4.84857035 -14.750001
v 7.54875088 7.22357035 -14.750001
v 7.54875088 9.59856987 -14.750001
v 7.30125093 7.22357035 -14.750001
v 7.54875088 4.84857035 -14.750001
v 7.30125093 2.47357035 -14.750001
v 7.54875088 2.47357035 -14.750001
v 7.30125093 0.09856987 -14.750001
v 7.54875088 2.47357035 -14.750001
v 7.30125093 2.47357035 -14.750001
v 7.30125093 4.84857035 -14.750001
v 7.30125093 2.47357035 -14.750001
v 7.54875088 4.84857035 -14.750001
v 7.30125093 4.84857035 -14.750001
v 7.54875088 7.22357035 -14.750001
v 7.30125093 7.22357035 -14.750001
v 7.30125093 0.09856987 -15.125001
v 7.30125093 0.09856987 -15.250001
v 7.54875088 0.09856987 -15.250001
v 7.54875088 0.09856987 -15.125001
v 7.54875088 0.09856987 -15.000001
v 7.30125093 0.09856987 -15.000001
v 7.54875088 0.09856987 -15.000001
v 7.54875088 0.09856987 -14.875001
v 7.30125093 0.09856987 -15.000001
v 7.30125093 0.09856987 -15.125001
v 7.54875088 0.09856987 -15.250001
v 7.54875088 0.09856987 -15.125001
v 7.30125093 0.09856987 -14.750001
v 7.30125093 0.09856987 -14.875001
v 7.54875088 0.09856987 -14.875001
v 7.30125093 0.09856987 -14.875001
v 7.30125093 0.09856987 -15.000001
v 7.54875088 0.09856987 -14.875001
v 7.30125093 0.09856987 -15.000001
v 7.30125093 0.09856987 -15.125001
v 7.54875088 0.09856987 -15.125001
v 7.54875088 9.59856987 -15.125001
v 7.54875088 9.59856987 -15.250001
v 7.30125093 9.59856987 -15.250001
v 7.30125093 9.59856987 -15.125001
v 7.30125093 9.59856987 -15.000001
v 7.54875088 9.59856987 -15.000001
v 7.30125093 9.59856987 -15.000001
v 7.30125093 9.59856987 -14.875001
v 7.54875088 9.59856987 -15.000001
v 7.54875088 9.59856987 -15.125001
v 7.30125093 9.59856987 -15.250001
v 7.30125093 9.59856987 -15.125001
v 7.54875088 9.59856987 -14.750001
v 7.54875088 9.59856987 -14.875001
v 7.30125093 9.59856987 -14.875001
v 7.54875088 9.59856987 -14.875001
v 7.54875088 9.59856987 -15.000001
v 7.30125093 9.59856987 -14.875001
v 7.54875088 9.59856987 -15.000001
v 7.54875088 9.59856987 -15.125001
v 7.30125093 9.59856987 -15.125001
v 7.54875088 7.22357035 -15.125001
v 7.67250061 7.22357035 -15.125001
v 7.67250061 9.59856987 -15.125001
v 7.54875088 4.84857035 -15.125001
v 7.54875088 4.84857035 -15.000001
v 7.54875088 2.47357035 -15.000001
v 7.54875088 9.59856987 -15.125001
v 7.54875088 9.59856987 -15.000001
v 7.54875088 7.22357035 -15.000001
v 7.54875088 7.22357035 -15.125001
v 7.54875088 7.22357035 -15.000001
v 7.54875088 4.84857035 -15.000001
v 7.54875088 4.84857035 -15.250001
v 7.67250061 4.84857035 -15.250001
v 7.67250061 2.47357035 -15.250001
v 7.54875088 2.47357035 -14.875001
v 7.67250061 2.47357035 -14.875001
v 7.67250252 0.09856987 -14.875001
v 7.54875088 2.47357035 -15.125001
v 7.54875088 2.47357035 -15.000001
v 7.54875088 0.09856987 -15.000001
v 7.54875088 7.22357035 -14.750001
v 7.67250061 7.22357035 -14.750001
v 7.67250061 9.59856987 -14.750001
v 7.54875088 7.22357035 -15.250001
v 7.67250061 7.22357035 -15.250001
v 7.67250061 4.84857035 -15.250001
v 7.54875088 4.84857035 -15.125001
v 7.67250061 4.84857035 -15.125001
v 7.67250061 7.22357035 -15.125001
v 7.54875088 2.47357035 -15.000001
v 7.54875088 2.47357035 -14.875001
v 7.54875088 0.09856987 -14.875001
v 7.54875088 4.84857035 -15.000001
v 7.54875088 4.84857035 -14.875001
v 7.54875088 2.47357035 -14.875001
v 7.54875088 9.59856987 -15.125001
v 7.67250061 9.59856987 -15.125001
v 7.67250061 9.59856987 -15.250001
v 7.54875088 7.22357035 -15.000001
v 7.54875088 7.22357035 -14.875001
v 7.54875088 4.84857035 -14.875001
v 7.54875088 9.59856987 -15.000001
v 7.54875088 9.59856987 -14.875001
v 7.54875088 7.22357035 -14.875001
v 7.67250061 9.59856987 -14.875001
v 7.67250061 9.59856987 -14.750001
v 7.67250061 7.22357035 -14.750001
v 7.67250061 4.84857035 -14.875001
v 7.67250061 4.84857035 -14.750001
v 7.67250061 2.47357035 -14.750001
v 7.67250061 7.22357035 -15.250001
v 7.67250061 7.22357035 -15.125001
v 7.67250061 4.84857035 -15.125001
v 7.67250061 9.59856987 -15.250001
v 7.67250061 9.59856987 -15.125001
v 7.67250061 7.22357035 -15.125001
v 7.67250061 2.47357035 -15.250001
v 7.67250061 2.47357035 -15.125001
v 7.67250252 0.09856987 -15.125001
v 7.67250061 4.84857035 -15.250001
v 7.67250061 4.84857035 -15.125001
v 7.67250061 2.47357035 -15.125001
v 7.67250061 2.47357035 -14.875001
v 7.67250061 2.47357035 -14.750001
v 7.67250252 0.09856987 -14.750001
v 7.67250061 7.22357035 -14.875001
v 7.67250061 7.22357035 -14.750001
v 7.67250061 4.84857035 -14.750001
v 7.54875088 2.47357035 -15.250001
v 7.67250061 2.47357035 -15.250001
v 7.67250252 0.09856987 -15.250001
v 7.54875088 0.09856987 -15.250001
v 7.67250252 0.09856987 -15.250001
v 7.67250252 0.09856987 -15.125001
v 7.54875088 4.84857035 -14.750001
v 7.67250061 4.84857035 -14.750001
v 7.67250061 7.22357035 -14.750001
v 7.54875088 9.59856987 -14.750001
v 7.67250061 9.59856987 -14.750001
v 7.67250061 9.59856987 -14.875001
v 7.54875088 2.47357035 -14.750001
v 7.67250061 2.47357035 -14.750001
v 7.67250061 4.84857035 -14.750001
v 7.54875088 0.09856987 -15.125001
v 7.67250252 0.09856987 -15.125001
v 7.67250061 2.47357035 -15.125001
v 7.54875088 7.22357035 -14.875001
v 7.67250061 7.22357035 -14.875001
v 7.67250061 4.84857035 -14.875001
v 7.54875088 0.09856987 -14.750001
v 7.67250252 0.09856987 -14.750001
v 7.67250061 2.47357035 -14.750001
v 7.54875088 9.59856987 -15.250001
v 7.67250061 9.59856987 -15.250001
v 7.67250061 7.22357035 -15.250001
v 7.54875088 2.47357035 -15.125001
v 7.67250061 2.47357035 -15.125001
v 7.67250061 4.84857035 -15.125001
v 7.54875088 9.59856987 -14.875001
v 7.67250061 9.59856987 -14.875001
v 7.67250061 7.22357035 -14.875001
v 7.54875088 0.09856987 -14.875001
v 7.67250252 0.09856987 -14.875001
v 7.67250252 0.09856987 -14.750001
v 7.30125093 9.59856987 -14.750001
v 7.1775012 9.59856987 -14.750001
v 7.1775012 7.22357035 -14.750001
v 7.30125093 4.84857035 -14.875001
v 7.30125093 4.84857035 -15.000001
v 7.30125093 2.47357035 -15.000001
v 7.30125093 9.59856987 -14.875001
v 7.30125093 9.59856987 -15.000001
v 7.30125093 7.22357035 -15.000001
v 7.30125093 7.22357035 -14.875001
v 7.30125093 7.22357035 -15.000001
v 7.30125093 4.84857035 -15.000001
v 7.30125093 2.47357035 -14.750001
v 7.1775012 2.47357035 -14.750001
v 7.1775012 0.09856987 -14.750001
v 7.30125093 9.59856987 -15.125001
v 7.1775012 9.59856987 -15.125001
v 7.1775012 7.22357035 -15.125001
v 7.30125093 2.47357035 -14.875001
v 7.30125093 2.47357035 -15.000001
v 7.30125093 0.09856987 -15.000001
v 7.30125093 0.09856987 -14.750001
v 7.1775012 0.09856987 -14.750001
v 7.1775012 0.09856987 -14.875001
v 7.30125093 2.47357035 -14.875001
v 7.1775012 2.47357035 -14.875001
v 7.1775012 4.84857035 -14.875001
v 7.30125093 0.09856987 -15.125001
v 7.1775012 0.09856987 -15.125001
v 7.1775012 0.09856987 -15.250001
v 7.30125093 2.47357035 -15.000001
v 7.30125093 2.47357035 -15.125001
v 7.30125093 0.09856987 -15.125001
v 7.30125093 4.84857035 -15.000001
v 7.30125093 4.84857035 -15.125001
v 7.30125093 2.47357035 -15.125001
v 7.30125093 7.22357035 -15.125001
v 7.1775012 7.22357035 -15.125001
v 7.1775012 4.84857035 -15.125001
v 7.30125093 7.22357035 -15.000001
v 7.30125093 7.22357035 -15.125001
v 7.30125093 4.84857035 -15.125001
v 7.30125093 9.59856987 -15.000001
v 7.30125093 9.59856987 -15.125001
v 7.30125093 7.22357035 -15.125001
v 7.1775012 9.59856987 -15.125001
v 7.1775012 9.59856987 -15.250001
v 7.1775012 7.22357035 -15.250001
v 7.1775012 4.84857035 -15.125001
v 7.1775012 4.84857035 -15.250001
v 7.1775012 2.47357035 -15.250001
v 7.1775012 7.22357035 -14.750001
v 7.1775012 7.22357035 -14.875001
v 7.1775012 4.84857035 -14.875001
v 7.1775012 9.59856987 -14.750001
v 7.1775012 9.59856987 -14.875001
v 7.1775012 7.22357035 -14.875001
v 7.1775012 2.47357035 -14.750001
v 7.1775012 2.47357035 -14.875001
v 7.1775012 0.09856987 -14.875001
v 7.1775012 4.84857035 -14.750001
v 7.1775012 4.84857035 -14.875001
v 7.1775012 2.47357035 -14.875001
v 7.1775012 2.47357035 -15.125001
v 7.1775012 2.47357035 -15.250001
v 7.1775012 0.09856987 -15.250001
v 7.1775012 7.22357035 -15.125001
v 7.1775012 7.22357035 -15.250001
v 7.1775012 4.84857035 -15.250001
v 7.30125093 4.84857035 -14.875001
v 7.1775012 4.84857035 -14.875001
v 7.1775012 7.22357035 -14.875001
v 7.30125093 9.59856987 -15.250001
v 7.1775012 9.59856987 -15.250001
v 7.1775012 9.59856987 -15.125001
v 7.30125093 7.22357035 -15.250001
v 7.1775012 7.22357035 -15.250001
v 7.1775012 9.59856987 -15.250001
v 7.30125093 2.47357035 -15.125001
v 7.1775012 2.47357035 -15.125001
v 7.1775012 0.09856987 -15.125001
v 7.30125093 7.22357035 -14.875001
v 7.1775012 7.22357035 -14.875001
v 7.1775012 9.59856987 -14.875001
v 7.30125093 0.09856987 -15.250001
v 7.1775012 0.09856987 -15.250001
v 7.1775012 2.47357035 -15.250001
v 7.30125093 4.84857035 -14.750001
v 7.1775012 4.84857035 -14.750001
v 7.1775012 2.47357035 -14.750001
v 7.30125093 4.84857035 -15.125001
v 7.1775012 4.84857035 -15.125001
v 7.1775012 2.47357035 -15.125001
v 7.30125093 7.22357035 -14.750001
v 7.1775012 7.22357035 -14.750001
v 7.1775012 4.84857035 -14.750001
v 7.30125093 4.84857035 -15.250001
v 7.1775012 4.84857035 -15.250001
v 7.1775012 7.22357035 -15.250001
v 7.30125093 2.47357035 -15.250001
v 7.1775012 2.47357035 -15.250001
v 7.1775012 4.84857035 -15.250001
v 7.30125093 0.09856987 -14.875001
v 7.1775012 0.09856987 -14.875001
v 7.1775012 2.47357035 -14.875001
v 14.8500004 9.72356892 -14.875001
v 14.8500004 9.72356892 -14.750001
v 14.8500004 9.59856892 -14.750001
v -14.8500004 10.0985708 -15.124999
v -14.8500004 10.0985708 -14.874999
v -7.42500019 10.0985708 -14.874999
v 0 10.0985699 -14.875
v 7.4250021 10.0985689 -14.875001
v 7.4250021 10.0985689 -15.125001
v 7.4250021 10.0985689 -14.875001
v 14.8500004 10.0985689 -14.875001
v 14.8500004 10.0985689 -15.125001
v -14.8500004 10.0985708 -15.124999
v -7.42500019 10.0985708 -14.874999
v -7.42500019 10.0985708 -15.124999
v -7.42500019 10.0985708 -14.874999
v 0 10.0985699 -14.875
v -7.42500019 10.0985708 -15.124999
v 7.4250021 10.0985689 -15.125001
v 0 10.0985699 -15.125
v 0 10.0985699 -14.875
v 0 10.0985699 -15.125
v -7.42500019 10.0985708 -15.124999
v 0 10.0985699 -14.875
v 0 9.72356987 -15.125
v 0 9.72356987 -15.25
v -7.42500019 9.72357082 -15.249999
v -14.8500004 9.59857082 -14.874999
v -14.8500004 9.59857082 -15.124999
v -7.42500019 9.59856987 -15.124999
v 0 9.59856987 -15.125
v 7.4250021 9.59856892 -15.125001
v 7.4250021 9.59856892 -14.875001
v 7.4250021 9.59856892 -15.125001
v 14.8500004 9.59856892 -15.125001
v 14.8500004 9.59856892 -14.875001
v -14.8500004 9.59857082 -14.874999
v -7.42500019 9.59856987 -15.124999
v -7.42500019 9.59856987 -14.874999
v -7.42500019 9.59856987 -15.124999
v 0 9.59856987 -15.125
v -7.42500019 9.59856987 -14.874999
v 7.4250021 9.59856892 -14.875001
v 0 9.59856987 -14.875
v 0 9.59856987 -15.125
v 0 9.59856987 -14.875
v -7.42500019 9.59856987 -14.874999
v 0 9.59856987 -15.125
v -14.8500004 9.97357082 -14.874999
v -14.8500004 10.0985708 -14.874999
v -14.8500004 10.0985708 -15.124999
v -14.8500004 9.97357082 -15.124999
v -14.8500004 9.84857082 -15.124999
v -14.8500004 9.84857082 -14.874999
v -14.8500004 9.84857082 -15.124999
v -14.8500004 9.72357082 -15.124999
v -14.8500004 9.84857082 -14.874999
v -14.8500004 9.97357082 -14.874999
v -14.8500004 10.0985708 -15.124999
v -14.8500004 9.97357082 -15.124999
v -14.8500004 9.59857082 -14.874999
v -14.8500004 9.72357082 -14.874999
v -14.8500004 9.72357082 -15.124999
v -14.8500004 9.72357082 -14.874999
v -14.8500004 9.84857082 -14.874999
v -14.8500004 9.72357082 -15.124999
v -14.8500004 9.84857082 -14.874999
v -14.8500004 9.97357082 -14.874999
v -14.8500004 9.97357082 -15.124999
v 14.8500004 9.97356892 -15.125001
v 14.8500004 10.0985689 -15.125001
v 14.8500004 10.0985689 -14.875001
v 14.8500004 9.97356892 -14.875001
v 14.8500004 9.84856892 -14.875001
v 14.8500004 9.84856892 -15.125001
v 14.8500004 9.84856892 -14.875001
v 14.8500004 9.72356892 -14.875001
v 14.8500004 9.84856892 -15.125001
v 14.8500004 9.97356892 -15.125001
v 14.8500004 10.0985689 -14.875001
v 14.8500004 9.97356892 -14.875001
v 14.8500004 9.59856892 -15.125001
v 14.8500004 9.72356892 -15.125001
v 14.8500004 9.72356892 -14.875001
v 14.8500004 9.72356892 -15.125001
v 14.8500004 9.84856892 -15.125001
v 14.8500004 9.72356892 -14.875001
v 14.8500004 9.84856892 -15.125001
v 14.8500004 9.97356892 -15.125001
v 14.8500004 9.97356892 -14.875001
v 7.4250021 9.97356892 -15.125001
v 7.4250021 9.97356892 -15.250001
v 14.8500004 9.97356892 -15.250001
v 0 9.97356987 -15.125
v 0 9.84856987 -15.125
v -7.42500019 9.84857082 -15.124999
v 14.8500004 9.97356892 -15.125001
v 14.8500004 9.84856892 -15.125001
v 7.4250021 9.84856892 -15.125001
v 7.4250021 9.97356892 -15.125001
v 7.4250021 9.84856892 -15.125001
v 0 9.84856987 -15.125
v 0 10.0985699 -15.125
v 0 10.0985699 -15.25
v -7.42500019 10.0985708 -15.249999
v -7.42500019 9.72357082 -15.124999
v -7.42500019 9.72357082 -15.249999
v -14.8500004 9.72357082 -15.249999
v -7.42500019 9.97357082 -15.124999
v -7.42500019 9.84857082 -15.124999
v -14.8500004 9.84857082 -15.124999
v 7.4250021 9.59856892 -15.125001
v 7.4250021 9.59856892 -15.250001
v 14.8500004 9.59856892 -15.250001
v 7.4250021 10.0985689 -15.125001
v 7.4250021 10.0985689 -15.250001
v 0 10.0985699 -15.25
v 0 9.97356987 -15.125
v 0 9.97356987 -15.25
v 7.4250021 9.97356892 -15.250001
v -7.42500019 9.84857082 -15.124999
v -7.42500019 9.72357082 -15.124999
v -14.8500004 9.72357082 -15.124999
v 0 9.84856987 -15.125
v 0 9.72356987 -15.125
v -7.42500019 9.72357082 -15.124999
v 14.8500004 9.97356892 -15.125001
v 14.8500004 9.97356892 -15.250001
v 14.8500004 10.0985689 -15.250001
v 7.4250021 9.84856892 -15.125001
v 7.4250021 9.72356892 -15.125001
v 0 9.72356987 -15.125
v 14.8500004 9.84856892 -15.125001
v 14.8500004 9.72356892 -15.125001
v 7.4250021 9.72356892 -15.125001
v 14.8500004 9.72356892 -15.250001
v 14.8500004 9.59856892 -15.250001
v 7.4250021 9.59856892 -15.250001
v 0 9.72356987 -15.25
v 0 9.59856987 -15.25
v -7.42500019 9.59856987 -15.249999
v 7.4250021 10.0985689 -15.250001
v 7.4250021 9.97356892 -15.250001
v 0 9.97356987 -15.25
v 14.8500004 10.0985689 -15.250001
v 14.8500004 9.97356892 -15.250001
v 7.4250021 9.97356892 -15.250001
v -7.42500019 10.0985708 -15.249999
v -7.42500019 9.97357082 -15.249999
v -14.8500004 9.97357082 -15.249999
v 0 10.0985699 -15.25
v 0 9.97356987 -15.25
v -7.42500019 9.97357082 -15.249999
v -7.42500019 9.72357082 -15.249999
v -7.42500019 9.59856987 -15.249999
v -14.8500004 9.59857082 -15.249999
v 7.4250021 9.72356892 -15.250001
v 7.4250021 9.59856892 -15.250001
v 0 9.59856987 -15.25
v -7.42500019 10.0985708 -15.124999
v -7.42500019 10.0985708 -15.249999
v -14.8500004 10.0985708 -15.249999
v -14.8500004 10.0985708 -15.124999
v -14.8500004 10.0985708 -15.249999
v -14.8500004 9.97357082 -15.249999
v 0 9.59856987 -15.125
v 0 9.59856987 -15.25
v 7.4250021 9.59856892 -15.250001
v 14.8500004 9.59856892 -15.125001
v 14.8500004 9.59856892 -15.250001
v 14.8500004 9.72356892 -15.250001
v -7.42500019 9.59856987 -15.124999
v -7.42500019 9.59856987 -15.249999
v 0 9.59856987 -15.25
v -14.8500004 9.97357082 -15.124999
v -14.8500004 9.97357082 -15.249999
v -7.42500019 9.97357082 -15.249999
v 7.4250021 9.72356892 -15.125001
v 7.4250021 9.72356892 -15.250001
v 0 9.72356987 -15.25
v -14.8500004 9.59857082 -15.124999
v -14.8500004 9.59857082 -15.249999
v -7.42500019 9.59856987 -15.249999
v 14.8500004 10.0985689 -15.125001
v 14.8500004 10.0985689 -15.250001
v 7.4250021 10.0985689 -15.250001
v -7.42500019 9.97357082 -15.124999
v -7.42500019 9.97357082 -15.249999
v 0 9.97356987 -15.25
v 14.8500004 9.72356892 -15.125001
v 14.8500004 9.72356892 -15.250001
v 7.4250021 9.72356892 -15.250001
v -14.8500004 9.72357082 -15.124999
v -14.8500004 9.72357082 -15.249999
v -14.8500004 9.59857082 -15.249999
v 14.8500004 9.59856892 -14.875001
v 14.8500004 9.59856892 -14.750001
v 7.4250021 9.59856892 -14.750001
v 0 9.72356987 -14.875
v 0 9.84856987 -14.875
v -7.42500019 9.84857082 -14.874999
v 14.8500004 9.72356892 -14.875001
v 14.8500004 9.84856892 -14.875001
v 7.4250021 9.84856892 -14.875001
v 7.4250021 9.72356892 -14.875001
v 7.4250021 9.84856892 -14.875001
v 0 9.84856987 -14.875
v -7.42500019 9.59856987 -14.874999
v -7.42500019 9.59856987 -14.749999
v -14.8500004 9.59857082 -14.749999
v 14.8500004 9.97356892 -14.875001
v 14.8500004 9.97356892 -14.750001
v 7.4250021 9.97356892 -14.750001
v -7.42500019 9.72357082 -14.874999
v -7.42500019 9.84857082 -14.874999
v -14.8500004 9.84857082 -14.874999
v -14.8500004 9.59857082 -14.874999
v -14.8500004 9.59857082 -14.749999
v -14.8500004 9.72357082 -14.749999
v -7.42500019 9.72357082 -14.874999
v -7.42500019 9.72357082 -14.749999
v 0 9.72356987 -14.75
v -14.8500004 9.97357082 -14.874999
v -14.8500004 9.97357082 -14.749999
v -14.8500004 10.0985708 -14.749999
v -7.42500019 9.84857082 -14.874999
v -7.42500019 9.97357082 -14.874999
v -14.8500004 9.97357082 -14.874999
v 0 9.84856987 -14.875
v 0 9.97356987 -14.875
v -7.42500019 9.97357082 -14.874999
v 7.4250021 9.97356892 -14.875001
v 7.4250021 9.97356892 -14.750001
v 0 9.97356987 -14.75
v 7.4250021 9.84856892 -14.875001
v 7.4250021 9.97356892 -14.875001
v 0 9.97356987 -14.875
v 14.8500004 9.84856892 -14.875001
v 14.8500004 9.97356892 -14.875001
v 7.4250021 9.97356892 -14.875001
v 14.8500004 9.97356892 -14.750001
v 14.8500004 10.0985689 -14.750001
v 7.4250021 10.0985689 -14.750001
v 0 9.97356987 -14.75
v 0 10.0985699 -14.75
v -7.42500019 10.0985708 -14.749999
v 7.4250021 9.59856892 -14.750001
v 7.4250021 9.72356892 -14.750001
v 0 9.72356987 -14.75
v 14.8500004 9.59856892 -14.750001
v 14.8500004 9.72356892 -14.750001
v 7.4250021 9.72356892 -14.750001
v -7.42500019 9.59856987 -14.749999
v -7.42500019 9.72357082 -14.749999
v -14.8500004 9.72357082 -14.749999
v 0 9.59856987 -14.75
v 0 9.72356987 -14.75
v -7.42500019 9.72357082 -14.749999
v -7.42500019 9.97357082 -14.749999
v -7.42500019 10.0985708 -14.749999
v -14.8500004 10.0985708 -14.749999
v 7.4250021 9.97356892 -14.750001
v 7.4250021 10.0985689 -14.750001
v 0 10.0985699 -14.75
v 0 9.72356987 -14.875
v 0 9.72356987 -14.75
v 7.4250021 9.72356892 -14.750001
v 14.8500004 10.0985689 -14.875001
v 14.8500004 10.0985689 -14.750001
v 14.8500004 9.97356892 -14.750001
v 7.4250021 10.0985689 -14.875001
v 7.4250021 10.0985689 -14.750001
v 14.8500004 10.0985689 -14.750001
v -7.42500019 9.97357082 -14.874999
v -7.42500019 9.97357082 -14.749999
v -14.8500004 9.97357082 -14.749999
v 7.4250021 9.72356892 -14.875001
v 7.4250021 9.72356892 -14.750001
v 14.8500004 9.72356892 -14.750001
v -14.8500004 10.0985708 -14.874999
v -14.8500004 10.0985708 -14.749999
v -7.42500019 10.0985708 -14.749999
v 0 9.59856987 -14.875
v 0 9.59856987 -14.75
v -7.42500019 9.59856987 -14.749999
v 0 9.97356987 -14.875
v 0 9.97356987 -14.75
v -7.42500019 9.97357082 -14.749999
v 7.4250021 9.59856892 -14.875001
v 7.4250021 9.59856892 -14.750001
v 0 9.59856987 -14.75
v 0 10.0985699 -14.875
v 0 10.0985699 -14.75
v 7.4250021 10.0985689 -14.750001
v -7.42500019 10.0985708 -14.874999
v -7.42500019 10.0985708 -14.749999
v 0 10.0985699 -14.75
v -14.8500004 9.72357082 -14.874999
v -14.8500004 9.72357082 -14.749999
v -7.42500019 9.72357082 -14.749999
v -7.54874992 9.59856987 -14.874999
v -7.67250061 9.59856987 -14.874999
v -7.67250061 9.59856987 -14.749999
v -7.30124903 0.0985689163 -15.249999
v -7.54874992 0.0985689163 -15.249999
v -7.54874992 2.47356892 -15.249999
v -7.54874992 4.84856892 -15.249999
v -7.54874992 7.22356892 -15.249999
v -7.30124903 4.84856892 -15.249999
v -7.54874992 7.22356892 -15.249999
v -7.54874992 9.59856987 -15.249999
v -7.30124903 7.22356892 -15.249999
v -7.30124903 4.84856892 -15.249999
v -7.54874992 7.22356892 -15.249999
v -7.30124903 7.22356892 -15.249999
v -7.30124903 0.0985689163 -15.249999
v -7.54874992 2.47356892 -15.249999
v -7.30124903 2.47356892 -15.249999
v -7.54874992 2.47356892 -15.249999
v -7.54874992 4.84856892 -15.249999
v -7.30124903 2.47356892 -15.249999
v -7.30124903 4.84856892 -15.249999
v -7.30124903 2.47356892 -15.249999
v -7.54874992 4.84856892 -15.249999
v -7.30124903 4.84856892 -14.874999
v -7.17749977 4.84856892 -14.874999
v -7.17749977 2.47356892 -14.874999
v -7.54874992 0.0985689163 -14.749999
v -7.30124903 0.0985689163 -14.749999
v -7.30124903 2.47356892 -14.749999
v -7.30124903 4.84856892 -14.749999
v -7.30124903 7.22356892 -14.749999
v -7.54874992 7.22356892 -14.749999
v -7.30124903 7.22356892 -14.749999
v -7.30124903 9.59856987 -14.749999
v -7.54874992 7.22356892 -14.749999
v -7.30124903 4.84856892 -14.749999
v -7.54874992 7.22356892 -14.749999
v -7.54874992 4.84856892 -14.749999
v -7.54874992 0.0985689163 -14.749999
v -7.30124903 2.47356892 -14.749999
v -7.54874992 2.47356892 -14.749999
v -7.30124903 2.47356892 -14.749999
v -7.30124903 4.84856892 -14.749999
v -7.54874992 2.47356892 -14.749999
v -7.54874992 4.84856892 -14.749999
v -7.54874992 2.47356892 -14.749999
v -7.30124903 4.84856892 -14.749999
v -7.54874992 0.0985689163 -15.124999
v -7.54874992 0.0985689163 -15.249999
v -7.30124903 0.0985689163 -15.249999
v -7.30124903 0.0985689163 -15.124999
v -7.30124903 0.0985689163 -14.999999
v -7.54874992 0.0985689163 -14.999999
v -7.30124903 0.0985689163 -14.999999
v -7.30124903 0.0985689163 -14.874999
v -7.54874992 0.0985689163 -14.999999
v -7.54874992 0.0985689163 -15.124999
v -7.30124903 0.0985689163 -15.249999
v -7.30124903 0.0985689163 -15.124999
v -7.54874992 0.0985689163 -14.749999
v -7.54874992 0.0985689163 -14.874999
v -7.30124903 0.0985689163 -14.874999
v -7.54874992 0.0985689163 -14.874999
v -7.54874992 0.0985689163 -14.999999
v -7.30124903 0.0985689163 -14.874999
v -7.54874992 0.0985689163 -14.999999
v -7.54874992 0.0985689163 -15.124999
v -7.30124903 0.0985689163 -15.124999
v -7.30124903 9.59856987 -15.124999
v -7.30124903 9.59856987 -15.249999
v -7.54874992 9.59856987 -15.249999
v -7.54874992 9.59856987 -15.124999
v -7.54874992 9.59856987 -14.999999
v -7.30124903 9.59856987 -14.999999
v -7.54874992 9.59856987 -14.999999
v -7.54874992 9.59856987 -14.874999
v -7.30124903 9.59856987 -14.999999
v -7.30124903 9.59856987 -15.124999
v -7.54874992 9.59856987 -15.249999
v -7.54874992 9.59856987 -15.124999
v -7.30124903 9.59856987 -14.749999
v -7.30124903 9.59856987 -14.874999
v -7.54874992 9.59856987 -14.874999
v -7.30124903 9.59856987 -14.874999
v -7.30124903 9.59856987 -14.999999
v -7.54874992 9.59856987 -14.874999
v -7.30124903 9.59856987 -14.999999
v -7.30124903 9.59856987 -15.124999
v -7.54874992 9.59856987 -15.124999
v -7.30124903 7.22356892 -15.124999
v -7.17749977 7.22356892 -15.124999
v -7.17749977 9.59856987 -15.124999
v -7.30124903 4.84856892 -15.124999
v -7.30124903 4.84856892 -14.999999
v -7.30124903 2.47356892 -14.999999
v -7.30124903 9.59856987 -15.124999
v -7.30124903 9.59856987 -14.999999
v -7.30124903 7.22356892 -14.999999
v -7.30124903 7.22356892 -15.124999
v -7.30124903 7.22356892 -14.999999
v -7.30124903 4.84856892 -14.999999
v -7.30124903 4.84856892 -15.249999
v -7.17749977 4.84856892 -15.249999
v -7.17749977 2.47356892 -15.249999
v -7.30124903 2.47356892 -14.874999
v -7.17749977 2.47356892 -14.874999
v -7.17749977 0.0985689163 -14.874999
v -7.30124903 2.47356892 -15.124999
v -7.30124903 2.47356892 -14.999999
v -7.30124903 0.0985689163 -14.999999
v -7.30124903 7.22356892 -14.749999
v -7.17749977 7.22356892 -14.749999
v -7.17749977 9.59856987 -14.749999
v -7.30124903 7.22356892 -15.249999
v -7.17749977 7.22356892 -15.249999
v -7.17749977 4.84856892 -15.249999
v -7.30124903 4.84856892 -15.124999
v -7.17749977 4.84856892 -15.124999
v -7.17749977 7.22356892 -15.124999
v -7.30124903 2.47356892 -14.999999
v -7.30124903 2.47356892 -14.874999
v -7.30124903 0.0985689163 -14.874999
v -7.30124903 4.84856892 -14.999999
v -7.30124903 4.84856892 -14.874999
v -7.30124903 2.47356892 -14.874999
v -7.30124903 9.59856987 -15.124999
v -7.17749977 9.59856987 -15.124999
v -7.17749977 9.59856987 -15.249999
v -7.30124903 7.22356892 -14.999999
v -7.30124903 7.22356892 -14.874999
v -7.30124903 4.84856892 -14.874999
v -7.30124903 9.59856987 -14.999999
v -7.30124903 9.59856987 -14.874999
v -7.30124903 7.22356892 -14.874999
v -7.17749977 9.59856987 -14.874999
v -7.17749977 9.59856987 -14.749999
v -7.17749977 7.22356892 -14.749999
v -7.17749977 4.84856892 -14.874999
v -7.17749977 4.84856892 -14.749999
v -7.17749977 2.47356892 -14.749999
v -7.17749977 7.22356892 -15.249999
v -7.17749977 7.22356892 -15.124999
v -7.17749977 4.84856892 -15.124999
v -7.17749977 9.59856987 -15.249999
v -7.17749977 9.59856987 -15.124999
v -7.17749977 7.22356892 -15.124999
v -7.17749977 2.47356892 -15.249999
v -7.17749977 2.47356892 -15.124999
v -7.17749977 0.0985689163 -15.124999
v -7.17749977 4.84856892 -15.249999
v -7.17749977 4.84856892 -15.124999
v -7.17749977 2.47356892 -15.124999
v -7.17749977 2.47356892 -14.874999
v -7.17749977 2.47356892 -14.749999
v -7.17749977 0.0985689163 -14.749999
v -7.17749977 7.22356892 -14.874999
v -7.17749977 7.22356892 -14.749999
v -7.17749977 4.84856892 -14.749999
v -7.30124903 2.47356892 -15.249999
v -7.17749977 2.47356892 -15.249999
v -7.17749977 0.0985689163 -15.249999
v -7.30124903 0.0985689163 -15.249999
v -7.17749977 0.0985689163 -15.249999
v -7.17749977 0.0985689163 -15.124999
v -7.30124903 4.84856892 -14.749999
v -7.17749977 4.84856892 -14.749999
v -7.17749977 7.22356892 -14.749999
v -7.30124903 9.59856987 -14.749999
v -7.17749977 9.59856987 -14.749999
v -7.17749977 9.59856987 -14.874999
v -7.30124903 2.47356892 -14.749999
v -7.17749977 2.47356892 -14.749999
v -7.17749977 4.84856892 -14.749999
v -7.30124903 0.0985689163 -15.124999
v -7.17749977 0.0985689163 -15.124999
v -7.17749977 2.47356892 -15.124999
v -7.30124903 7.22356892 -14.874999
v -7.17749977 7.22356892 -14.874999
v -7.17749977 4.84856892 -14.874999
v -7.30124903 0.0985689163 -14.749999
v -7.17749977 0.0985689163 -14.749999
v -7.17749977 2.47356892 -14.749999
v -7.30124903 9.59856987 -15.249999
v -7.17749977 9.59856987 -15.249999
v -7.17749977 7.22356892 -15.249999
v -7.30124903 2.47356892 -15.124999
v -7.17749977 2.47356892 -15.124999
v -7.17749977 4.84856892 -15.124999
v -7.30124903 9.59856987 -14.874999
v -7.17749977 9.59856987 -14.874999
v -7.17749977 7.22356892 -14.874999
v -7.30124903 0.0985689163 -14.874999
v -7.17749977 0.0985689163 -14.874999
v -7.17749977 0.0985689163 -14.749999
v -7.54874992 9.59856987 -14.749999
v -7.67250061 9.59856987 -14.749999
v -7.67250061 7.22356892 -14.749999
v -7.54874992 4.84856892 -14.874999
v -7.54874992 4.84856892 -14.999999
v -7.54874992 2.47356892 -14.999999
v -7.54874992 9.59856987 -14.874999
v -7.54874992 9.59856987 -14.999999
v -7.54874992 7.22356892 -14.999999
v -7.54874992 7.22356892 -14.874999
v -7.54874992 7.22356892 -14.999999
v -7.54874992 4.84856892 -14.999999
v -7.54874992 2.47356892 -14.749999
v -7.67250061 2.47356892 -14.749999
v -7.67250061 0.0985689163 -14.749999
v -7.54874992 9.59856987 -15.124999
v -7.67250061 9.59856987 -15.124999
v -7.67250061 7.22356892 -15.124999
v -7.54874992 2.47356892 -14.874999
v -7.54874992 2.47356892 -14.999999
v -7.54874992 0.0985689163 -14.999999
v -7.54874992 0.0985689163 -14.749999
v -7.67250061 0.0985689163 -14.749999
v -7.67250061 0.0985689163 -14.874999
v -7.54874992 2.47356892 -14.874999
v -7.67250061 2.47356892 -14.874999
v -7.67250061 4.84856892 -14.874999
v -7.54874992 0.0985689163 -15.124999
v -7.67250061 0.0985689163 -15.124999
v -7.67250061 0.0985689163 -15.249999
v -7.54874992 2.47356892 -14.999999
v -7.54874992 2.47356892 -15.124999
v -7.54874992 0.0985689163 -15.124999
v -7.54874992 4.84856892 -14.999999
v -7.54874992 4.84856892 -15.124999
v -7.54874992 2.47356892 -15.124999
v -7.54874992 7.22356892 -15.124999
v -7.67250061 7.22356892 -15.124999
v -7.67250061 4.84856892 -15.124999
v -7.54874992 7.22356892 -14.999999
v -7.54874992 7.22356892 -15.124999
v -7.54874992 4.84856892 -15.124999
v -7.54874992 9.59856987 -14.999999
v -7.54874992 9.59856987 -15.124999
v -7.54874992 7.22356892 -15.124999
v -7.67250061 9.59856987 -15.124999
v -7.67250061 9.59856987 -15.249999
v -7.67250061 7.22356892 -15.249999
v -7.67250061 4.84856892 -15.124999
v -7.67250061 4.84856892 -15.249999
v -7.67250061 2.47356892 -15.249999
v -7.67250061 7.22356892 -14.749999
v -7.67250061 7.22356892 -14.874999
v -7.67250061 4.84856892 -14.874999
v -7.67250061 9.59856987 -14.749999
v -7.67250061 9.59856987 -14.874999
v -7.67250061 7.22356892 -14.874999
v -7.67250061 2.47356892 -14.749999
v -7.67250061 2.47356892 -14.874999
v -7.67250061 0.0985689163 -14.874999
v -7.67250061 4.84856892 -14.749999
v -7.67250061 4.84856892 -14.874999
v -7.67250061 2.47356892 -14.874999
v -7.67250061 2.47356892 -15.124999
v -7.67250061 2.47356892 -15.249999
v -7.67250061 0.0985689163 -15.249999
v -7.67250061 7.22356892 -15.124999
v -7.67250061 7.22356892 -15.249999
v -7.67250061 4.84856892 -15.249999
v -7.54874992 4.84856892 -14.874999
v -7.67250061 4.84856892 -14.874999
v -7.67250061 7.22356892 -14.874999
v -7.54874992 9.59856987 -15.249999
v -7.67250061 9.59856987 -15.249999
v -7.67250061 9.59856987 -15.124999
v -7.54874992 7.22356892 -15.249999
v -7.67250061 7.22356892 -15.249999
v -7.67250061 9.59856987 -15.249999
v -7.54874992 2.47356892 -15.124999
v -7.67250061 2.47356892 -15.124999
v -7.67250061 0.0985689163 -15.124999
v -7.54874992 7.22356892 -14.874999
v -7.67250061 7.22356892 -14.874999
v -7.67250061 9.59856987 -14.874999
v -7.54874992 0.0985689163 -15.249999
v -7.67250061 0.0985689163 -15.249999
v -7.67250061 2.47356892 -15.249999
v -7.54874992 4.84856892 -14.749999
v -7.67250061 4.84856892 -14.749999
v -7.67250061 2.47356892 -14.749999
v -7.54874992 4.84856892 -15.124999
v -7.67250061 4.84856892 -15.124999
v -7.67250061 2.47356892 -15.124999
v -7.54874992 7.22356892 -14.749999
v -7.67250061 7.22356892 -14.749999
v -7.67250061 4.84856892 -14.749999
v -7.54874992 4.84856892 -15.249999
v -7.67250061 4.84856892 -15.249999
v -7.67250061 7.22356892 -15.249999
v -7.54874992 2.47356892 -15.249999
v -7.67250061 2.47356892 -15.249999
v -7.67250061 4.84856892 -15.249999
v -7.54874992 0.0985689163 -14.874999
v -7.67250061 0.0985689163 -14.874999
v -7.67250061 2.47356892 -14.874999
v 7.30124903 9.59856987 7.62499952
v 7.17749977 9.59856987 7.62499952
v 7.17749977 9.59856987 7.74999952
v 7.54874992 0.09856987 7.24999952
v 7.30124903 0.09856987 7.24999952
v 7.30124903 2.47357035 7.24999952
v 7.30124903 2.47357035 7.24999952
v 7.30124903 4.84857035 7.24999952
v 7.54874992 4.84857035 7.24999952
v 7.30124903 4.84857035 7.24999952
v 7.30124903 7.22357035 7.24999952
v 7.54874992 4.84857035 7.24999952
v 7.54874992 2.47357035 7.24999952
v 7.54874992 0.09856987 7.24999952
v 7.30124903 2.47357035 7.24999952
v 7.54874992 9.59856987 7.24999952
v 7.54874992 7.22357035 7.24999952
v 7.30124903 7.22357035 7.24999952
v 7.54874992 7.22357035 7.24999952
v 7.54874992 4.84857035 7.24999952
v 7.30124903 7.22357035 7.24999952
v 7.54874992 4.84857035 7.24999952
v 7.54874992 2.47357035 7.24999952
v 7.30124903 2.47357035 7.24999952
v 7.54874992 4.84857035 7.62499952
v 7.67250061 4.84857035 7.62499952
v 7.67250061 2.47357035 7.62499952
v 7.30124903 0.09856987 7.74999952
v 7.54874992 0.09856987 7.74999952
v 7.54874992 2.47357035 7.74999952
v 7.54874992 4.84857035 7.74999952
v 7.54874992 7.22357035 7.74999952
v 7.30124903 4.84857035 7.74999952
v 7.54874992 7.22357035 7.74999952
v 7.54874992 9.59856987 7.74999952
v 7.30124903 7.22357035 7.74999952
v 7.30124903 4.84857035 7.74999952
v 7.54874992 7.22357035 7.74999952
v 7.30124903 7.22357035 7.74999952
v 7.30124903 0.09856987 7.74999952
v 7.54874992 2.47357035 7.74999952
v 7.30124903 2.47357035 7.74999952
v 7.54874992 2.47357035 7.74999952
v 7.54874992 4.84857035 7.74999952
v 7.30124903 2.47357035 7.74999952
v 7.30124903 4.84857035 7.74999952
v 7.30124903 2.47357035 7.74999952
v 7.54874992 4.84857035 7.74999952
v 7.30124903 0.09856987 7.37499952
v 7.30124903 0.09856987 7.24999952
v 7.54874992 0.09856987 7.24999952
v 7.54874992 0.09856987 7.37499952
v 7.54874992 0.09856987 7.49999952
v 7.30124903 0.09856987 7.49999952
v 7.54874992 0.09856987 7.49999952
v 7.54874992 0.09856987 7.62499952
v 7.30124903 0.09856987 7.49999952
v 7.30124903 0.09856987 7.37499952
v 7.54874992 0.09856987 7.24999952
v 7.54874992 0.09856987 7.37499952
v 7.30124903 0.09856987 7.74999952
v 7.30124903 0.09856987 7.62499952
v 7.54874992 0.09856987 7.62499952
v 7.30124903 0.09856987 7.62499952
v 7.30124903 0.09856987 7.49999952
v 7.54874992 0.09856987 7.62499952
v 7.30124903 0.09856987 7.49999952
v 7.30124903 0.09856987 7.37499952
v 7.54874992 0.09856987 7.37499952
v 7.54874992 9.59856987 7.37499952
v 7.54874992 9.59856987 7.24999952
v 7.30124903 9.59856987 7.24999952
v 7.30124903 9.59856987 7.37499952
v 7.30124903 9.59856987 7.49999952
v 7.54874992 9.59856987 7.49999952
v 7.30124903 9.59856987 7.49999952
v 7.30124903 9.59856987 7.62499952
v 7.54874992 9.59856987 7.49999952
v 7.54874992 9.59856987 7.37499952
v 7.30124903 9.59856987 7.24999952
v 7.30124903 9.59856987 7.37499952
v 7.54874992 9.59856987 7.74999952
v 7.54874992 9.59856987 7.62499952
v 7.30124903 9.59856987 7.62499952
v 7.54874992 9.59856987 7.62499952
v 7.54874992 9.59856987 7.49999952
v 7.30124903 9.59856987 7.62499952
v 7.54874992 9.59856987 7.49999952
v 7.54874992 9.59856987 7.37499952
v 7.30124903 9.59856987 7.37499952
v 7.54874992 7.22357035 7.37499952
v 7.67250061 7.22357035 7.37499952
v 7.67250061 9.59856987 7.37499952
v 7.54874992 4.84857035 7.37499952
v 7.54874992 4.84857035 7.49999952
v 7.54874992 2.47357035 7.49999952
v 7.54874992 9.59856987 7.37499952
v 7.54874992 9.59856987 7.49999952
v 7.54874992 7.22357035 7.49999952
v 7.54874992 7.22357035 7.37499952
v 7.54874992 7.22357035 7.49999952
v 7.54874992 4.84857035 7.49999952
v 7.54874992 4.84857035 7.24999952
v 7.67250061 4.84857035 7.24999952
v 7.67250061 2.47357035 7.24999952
v 7.54874992 2.47357035 7.62499952
v 7.67250061 2.47357035 7.62499952
v 7.67250061 0.09856987 7.62499952
v 7.54874992 2.47357035 7.37499952
v 7.54874992 2.47357035 7.49999952
v 7.54874992 0.09856987 7.49999952
v 7.54874992 7.22357035 7.74999952
v 7.67250061 7.22357035 7.74999952
v 7.67250061 9.59856987 7.74999952
v 7.54874992 7.22357035 7.24999952
v 7.67250061 7.22357035 7.24999952
v 7.67250061 4.84857035 7.24999952
v 7.54874992 4.84857035 7.37499952
v 7.67250061 4.84857035 7.37499952
v 7.67250061 7.22357035 7.37499952
v 7.54874992 2.47357035 7.49999952
v 7.54874992 2.47357035 7.62499952
v 7.54874992 0.09856987 7.62499952
v 7.54874992 4.84857035 7.49999952
v 7.54874992 4.84857035 7.62499952
v 7.54874992 2.47357035 7.62499952
v 7.54874992 9.59856987 7.37499952
v 7.67250061 9.59856987 7.37499952
v 7.67250061 9.59856987 7.24999952
v 7.54874992 7.22357035 7.49999952
v 7.54874992 7.22357035 7.62499952
v 7.54874992 4.84857035 7.62499952
v 7.54874992 9.59856987 7.49999952
v 7.54874992 9.59856987 7.62499952
v 7.54874992 7.22357035 7.62499952
v 7.67250061 9.59856987 7.62499952
v 7.67250061 9.59856987 7.74999952
v 7.67250061 7.22357035 7.74999952
v 7.67250061 4.84857035 7.62499952
v 7.67250061 4.84857035 7.74999952
v 7.67250061 2.47357035 7.74999952
v 7.67250061 7.22357035 7.24999952
v 7.67250061 7.22357035 7.37499952
v 7.67250061 4.84857035 7.37499952
v 7.67250061 9.59856987 7.24999952
v 7.67250061 9.59856987 7.37499952
v 7.67250061 7.22357035 7.37499952
v 7.67250061 2.47357035 7.24999952
v 7.67250061 2.47357035 7.37499952
v 7.67250061 0.09856987 7.37499952
v 7.67250061 4.84857035 7.24999952
v 7.67250061 4.84857035 7.37499952
v 7.67250061 2.47357035 7.37499952
v 7.67250061 2.47357035 7.62499952
v 7.67250061 2.47357035 7.74999952
v 7.67250061 0.09856987 7.74999952
v 7.67250061 7.22357035 7.62499952
v 7.67250061 7.22357035 7.74999952
v 7.67250061 4.84857035 7.74999952
v 7.54874992 2.47357035 7.24999952
v 7.67250061 2.47357035 7.24999952
v 7.67250061 0.09856987 7.24999952
v 7.54874992 0.09856987 7.24999952
v 7.67250061 0.09856987 7.24999952
v 7.67250061 0.09856987 7.37499952
v 7.54874992 4.84857035 7.74999952
v 7.67250061 4.84857035 7.74999952
v 7.67250061 7.22357035 7.74999952
v 7.54874992 9.59856987 7.74999952
v 7.67250061 9.59856987 7.74999952
v 7.67250061 9.59856987 7.62499952
v 7.54874992 2.47357035 7.74999952
v 7.67250061 2.47357035 7.74999952
v 7.67250061 4.84857035 7.74999952
v 7.54874992 0.09856987 7.37499952
v 7.67250061 0.09856987 7.37499952
v 7.67250061 2.47357035 7.37499952
v 7.54874992 7.22357035 7.62499952
v 7.67250061 7.22357035 7.62499952
v 7.67250061 4.84857035 7.62499952
v 7.54874992 0.09856987 7.74999952
v 7.67250061 0.09856987 7.74999952
v 7.67250061 2.47357035 7.74999952
v 7.54874992 9.59856987 7.24999952
v 7.67250061 9.59856987 7.24999952
v 7.67250061 7.22357035 7.24999952
v 7.54874992 2.47357035 7.37499952
v 7.67250061 2.47357035 7.37499952
v 7.67250061 4.84857035 7.37499952
v 7.54874992 9.59856987 7.62499952
v 7.67250061 9.59856987 7.62499952
v 7.67250061 7.22357035 7.62499952
v 7.54874992 0.09856987 7.62499952
v 7.67250061 0.09856987 7.62499952
v 7.67250061 0.09856987 7.74999952
v 7.30124903 9.59856987 7.74999952
v 7.17749977 9.59856987 7.74999952
v 7.17749977 7.22357035 7.74999952
v 7.30124903 4.84857035 7.62499952
v 7.30124903 4.84857035 7.49999952
v 7.30124903 2.47357035 7.49999952
v 7.30124903 9.59856987 7.62499952
v 7.30124903 9.59856987 7.49999952
v 7.30124903 7.22357035 7.49999952
v 7.30124903 7.22357035 7.62499952
v 7.30124903 7.22357035 7.49999952
v 7.30124903 4.84857035 7.49999952
v 7.30124903 2.47357035 7.74999952
v 7.17749977 2.47357035 7.74999952
v 7.17749977 0.09856987 7.74999952
v 7.30124903 9.59856987 7.37499952
v 7.17749977 9.59856987 7.37499952
v 7.17749977 7.22357035 7.37499952
v 7.30124903 2.47357035 7.62499952
v 7.30124903 2.47357035 7.49999952
v 7.30124903 0.09856987 7.49999952
v 7.30124903 0.09856987 7.74999952
v 7.17749977 0.09856987 7.74999952
v 7.17749977 0.09856987 7.62499952
v 7.30124903 2.47357035 7.62499952
v 7.17749977 2.47357035 7.62499952
v 7.17749977 4.84857035 7.62499952
v 7.30124903 0.09856987 7.37499952
v 7.17749977 0.09856987 7.37499952
v 7.17749977 0.09856987 7.24999952
v 7.30124903 2.47357035 7.49999952
v 7.30124903 2.47357035 7.37499952
v 7.30124903 0.09856987 7.37499952
v 7.30124903 4.84857035 7.49999952
v 7.30124903 4.84857035 7.37499952
v 7.30124903 2.47357035 7.37499952
v 7.30124903 7.22357035 7.37499952
v 7.17749977 7.22357035 7.37499952
v 7.17749977 4.84857035 7.37499952
v 7.30124903 7.22357035 7.49999952
v 7.30124903 7.22357035 7.37499952
v 7.30124903 4.84857035 7.37499952
v 7.30124903 9.59856987 7.49999952
v 7.30124903 9.59856987 7.37499952
v 7.30124903 7.22357035 7.37499952
v 7.17749977 9.59856987 7.37499952
v 7.17749977 9.59856987 7.24999952
v 7.17749977 7.22357035 7.24999952
v 7.17749977 4.84857035 7.37499952
v 7.17749977 4.84857035 7.24999952
v 7.17749977 2.47357035 7.24999952
v 7.17749977 7.22357035 7.74999952
v 7.17749977 7.22357035 7.62499952
v 7.17749977 4.84857035 7.62499952
v 7.17749977 9.59856987 7.74999952
v 7.17749977 9.59856987 7.62499952
v 7.17749977 7.22357035 7.62499952
v 7.17749977 2.47357035 7.74999952
v 7.17749977 2.47357035 7.62499952
v 7.17749977 0.09856987 7.62499952
v 7.17749977 4.84857035 7.74999952
v 7.17749977 4.84857035 7.62499952
v 7.17749977 2.47357035 7.62499952
v 7.17749977 2.47357035 7.37499952
v 7.17749977 2.47357035 7.24999952
v 7.17749977 0.09856987 7.24999952
v 7.17749977 7.22357035 7.37499952
v 7.17749977 7.22357035 7.24999952
v 7.17749977 4.84857035 7.24999952
v 7.30124903 4.84857035 7.62499952
v 7.17749977 4.84857035 7.62499952
v 7.17749977 7.22357035 7.62499952
v 7.30124903 9.59856987 7.24999952
v 7.17749977 9.59856987 7.24999952
v 7.17749977 9.59856987 7.37499952
v 7.30124903 7.22357035 7.24999952
v 7.17749977 7.22357035 7.24999952
v 7.17749977 9.59856987 7.24999952
v 7.30124903 2.47357035 7.37499952
v 7.17749977 2.47357035 7.37499952
v 7.17749977 0.09856987 7.37499952
v 7.30124903 7.22357035 7.62499952
v 7.17749977 7.22357035 7.62499952
v 7.17749977 9.59856987 7.62499952
v 7.30124903 0.09856987 7.24999952
v 7.17749977 0.09856987 7.24999952
v 7.17749977 2.47357035 7.24999952
v 7.30124903 4.84857035 7.74999952
v 7.17749977 4.84857035 7.74999952
v 7.17749977 2.47357035 7.74999952
v 7.30124903 4.84857035 7.37499952
v 7.17749977 4.84857035 7.37499952
v 7.17749977 2.47357035 7.37499952
v 7.30124903 7.22357035 7.74999952
v 7.17749977 7.22357035 7.74999952
v 7.17749977 4.84857035 7.74999952
v 7.30124903 4.84857035 7.24999952
v 7.17749977 4.84857035 7.24999952
v 7.17749977 7.22357035 7.24999952
v 7.30124903 2.47357035 7.24999952
v 7.17749977 2.47357035 7.24999952
v 7.17749977 4.84857035 7.24999952
v 7.30124903 0.09856987 7.62499952
v 7.17749977 0.09856987 7.62499952
v 7.17749977 2.47357035 7.62499952
v 14.8500004 9.72356892 7.62499905
v 14.8500004 9.72356892 7.74999905
v 14.8500004 9.59856892 7.74999905
v -14.8500004 10.0985708 7.37500095
v -14.8500004 10.0985708 7.62500095
v -7.42500019 10.0985708 7.62500048
v 0 10.0985699 7.625
v 7.42500019 10.0985689 7.62499952
v 7.42500019 10.0985689 7.37499952
v 7.42500019 10.0985689 7.62499952
v 14.8500004 10.0985689 7.62499905
v 14.8500004 10.0985689 7.37499905
v -14.8500004 10.0985708 7.37500095
v -7.42500019 10.0985708 7.62500048
v -7.42500019 10.0985708 7.37500048
v -7.42500019 10.0985708 7.62500048
v 0 10.0985699 7.625
v -7.42500019 10.0985708 7.37500048
v 7.42500019 10.0985689 7.37499952
v 0 10.0985699 7.375
v 0 10.0985699 7.625
v 0 10.0985699 7.375
v -7.42500019 10.0985708 7.37500048
v 0 10.0985699 7.625
v 0 9.72356987 7.375
v 0 9.72356987 7.25
v -7.42500019 9.72357082 7.25000048
v -14.8500004 9.59857082 7.62500095
v -14.8500004 9.59857082 7.37500095
v -7.42500019 9.59856987 7.37500048
v 0 9.59856987 7.375
v 7.42500019 9.59856892 7.37499952
v 7.42500019 9.59856892 7.62499952
v 7.42500019 9.59856892 7.37499952
v 14.8500004 9.59856892 7.37499905
v 14.8500004 9.59856892 7.62499905
v -14.8500004 9.59857082 7.62500095
v -7.42500019 9.59856987 7.37500048
v -7.42500019 9.59856987 7.62500048
v -7.42500019 9.59856987 7.37500048
v 0 9.59856987 7.375
v -7.42500019 9.59856987 7.62500048
v 7.42500019 9.59856892 7.62499952
v 0 9.59856987 7.625
v 0 9.59856987 7.375
v 0 9.59856987 7.625
v -7.42500019 9.59856987 7.62500048
v 0 9.59856987 7.375
v -14.8500004 9.97357082 7.62500095
v -14.8500004 10.0985708 7.62500095
v -14.8500004 10.0985708 7.37500095
v -14.8500004 9.97357082 7.37500095
v -14.8500004 9.84857082 7.37500095
v -14.8500004 9.84857082 7.62500095
v -14.8500004 9.84857082 7.37500095
v -14.8500004 9.72357082 7.37500095
v -14.8500004 9.84857082 7.62500095
v -14.8500004 9.97357082 7.62500095
v -14.8500004 10.0985708 7.37500095
v -14.8500004 9.97357082 7.37500095
v -14.8500004 9.59857082 7.62500095
v -14.8500004 9.72357082 7.62500095
v -14.8500004 9.72357082 7.37500095
v -14.8500004 9.72357082 7.62500095
v -14.8500004 9.84857082 7.62500095
v -14.8500004 9.72357082 7.37500095
v -14.8500004 9.84857082 7.62500095
v -14.8500004 9.97357082 7.62500095
v -14.8500004 9.97357082 7.37500095
v 14.8500004 9.97356892 7.37499905
v 14.8500004 10.0985689 7.37499905
v 14.8500004 10.0985689 7.62499905
v 14.8500004 9.97356892 7.62499905
v 14.8500004 9.84856892 7.62499905
v 14.8500004 9.84856892 7.37499905
v 14.8500004 9.84856892 7.62499905
v 14.8500004 9.72356892 7.62499905
v 14.8500004 9.84856892 7.37499905
v 14.8500004 9.97356892 7.37499905
v 14.8500004 10.0985689 7.62499905
v 14.8500004 9.97356892 7.62499905
v 14.8500004 9.59856892 7.37499905
v 14.8500004 9.72356892 7.37499905
v 14.8500004 9.72356892 7.62499905
v 14.8500004 9.72356892 7.37499905
v 14.8500004 9.84856892 7.37499905
v 14.8500004 9.72356892 7.62499905
v 14.8500004 9.84856892 7.37499905
v 14.8500004 9.97356892 7.37499905
v 14.8500004 9.97356892 7.62499905
v 7.42500019 9.97356892 7.37499952
v 7.42500019 9.97356892 7.24999952
v 14.8500004 9.97356892 7.24999905
v 0 9.97356987 7.375
v 0 9.84856987 7.375
v -7.42500019 9.84857082 7.37500048
v 14.8500004 9.97356892 7.37499905
v 14.8500004 9.84856892 7.37499905
v 7.42500019 9.84856892 7.37499952
v 7.42500019 9.97356892 7.37499952
v 7.42500019 9.84856892 7.37499952
v 0 9.84856987 7.375
v 0 10.0985699 7.375
v 0 10.0985699 7.25
v -7.42500019 10.0985708 7.25000048
v -7.42500019 9.72357082 7.37500048
v -7.42500019 9.72357082 7.25000048
v -14.8500004 9.72357082 7.25000095
v -7.42500019 9.97357082 7.37500048
v -7.42500019 9.84857082 7.37500048
v -14.8500004 9.84857082 7.37500095
v 7.42500019 9.59856892 7.37499952
v 7.42500019 9.59856892 7.24999952
v 14.8500004 9.59856892 7.24999905
v 7.42500019 10.0985689 7.37499952
v 7.42500019 10.0985689 7.24999952
v 0 10.0985699 7.25
v 0 9.97356987 7.375
v 0 9.97356987 7.25
v 7.42500019 9.97356892 7.24999952
v -7.42500019 9.84857082 7.37500048
v -7.42500019 9.72357082 7.37500048
v -14.8500004 9.72357082 7.37500095
v 0 9.84856987 7.375
v 0 9.72356987 7.375
v -7.42500019 9.72357082 7.37500048
v 14.8500004 9.97356892 7.37499905
v 14.8500004 9.97356892 7.24999905
v 14.8500004 10.0985689 7.24999905
v 7.42500019 9.84856892 7.37499952
v 7.42500019 9.72356892 7.37499952
v 0 9.72356987 7.375
v 14.8500004 9.84856892 7.37499905
v 14.8500004 9.72356892 7.37499905
v 7.42500019 9.72356892 7.37499952
v 14.8500004 9.72356892 7.24999905
v 14.8500004 9.59856892 7.24999905
v 7.42500019 9.59856892 7.24999952
v 0 9.72356987 7.25
v 0 9.59856987 7.25
v -7.42500019 9.59856987 7.25000048
v 7.42500019 10.0985689 7.24999952
v 7.42500019 9.97356892 7.24999952
v 0 9.97356987 7.25
v 14.8500004 10.0985689 7.24999905
v 14.8500004 9.97356892 7.24999905
v 7.42500019 9.97356892 7.24999952
v -7.42500019 10.0985708 7.25000048
v -7.42500019 9.97357082 7.25000048
v -14.8500004 9.97357082 7.25000095
v 0 10.0985699 7.25
v 0 9.97356987 7.25
v -7.42500019 9.97357082 7.25000048
v -7.42500019 9.72357082 7.25000048
v -7.42500019 9.59856987 7.25000048
v -14.8500004 9.59857082 7.25000095
v 7.42500019 9.72356892 7.24999952
v 7.42500019 9.59856892 7.24999952
v 0 9.59856987 7.25
v -7.42500019 10.0985708 7.37500048
v -7.42500019 10.0985708 7.25000048
v -14.8500004 10.0985708 7.25000095
v -14.8500004 10.0985708 7.37500095
v -14.8500004 10.0985708 7.25000095
v -14.8500004 9.97357082 7.25000095
v 0 9.59856987 7.375
v 0 9.59856987 7.25
v 7.42500019 9.59856892 7.24999952
v 14.8500004 9.59856892 7.37499905
v 14.8500004 9.59856892 7.24999905
v 14.8500004 9.72356892 7.24999905
v -7.42500019 9.59856987 7.37500048
v -7.42500019 9.59856987 7.25000048
v 0 9.59856987 7.25
v -14.8500004 9.97357082 7.37500095
v -14.8500004 9.97357082 7.25000095
v -7.42500019 9.97357082 7.25000048
v 7.42500019 9.72356892 7.37499952
v 7.42500019 9.72356892 7.24999952
v 0 9.72356987 7.25
v -14.8500004 9.59857082 7.37500095
v -14.8500004 9.59857082 7.25000095
v -7.42500019 9.59856987 7.25000048
v 14.8500004 10.0985689 7.37499905
v 14.8500004 10.0985689 7.24999905
v 7.42500019 10.0985689 7.24999952
v -7.42500019 9.97357082 7.37500048
v -7.42500019 9.97357082 7.25000048
v 0 9.97356987 7.25
v 14.8500004 9.72356892 7.37499905
v 14.8500004 9.72356892 7.24999905
v 7.42500019 9.72356892 7.24999952
v -14.8500004 9.72357082 7.37500095
v -14.8500004 9.72357082 7.25000095
v -14.8500004 9.59857082 7.25000095
v 14.8500004 9.59856892 7.62499905
v 14.8500004 9.59856892 7.74999905
v 7.42500019 9.59856892 7.74999952
v 0 9.72356987 7.625
v 0 9.84856987 7.625
v -7.42500019 9.84857082 7.62500048
v 14.8500004 9.72356892 7.62499905
v 14.8500004 9.84856892 7.62499905
v 7.42500019 9.84856892 7.62499952
v 7.42500019 9.72356892 7.62499952
v 7.42500019 9.84856892 7.62499952
v 0 9.84856987 7.625
v -7.42500019 9.59856987 7.62500048
v -7.42500019 9.59856987 7.75000048
v -14.8500004 9.59857082 7.75000095
v 14.8500004 9.97356892 7.62499905
v 14.8500004 9.97356892 7.74999905
v 7.42500019 9.97356892 7.74999952
v -7.42500019 9.72357082 7.62500048
v -7.42500019 9.84857082 7.62500048
v -14.8500004 9.84857082 7.62500095
v -14.8500004 9.59857082 7.62500095
v -14.8500004 9.59857082 7.75000095
v -14.8500004 9.72357082 7.75000095
v -7.42500019 9.72357082 7.62500048
v -7.42500019 9.72357082 7.75000048
v 0 9.72356987 7.75
v -14.8500004 9.97357082 7.62500095
v -14.8500004 9.97357082 7.75000095
v -14.8500004 10.0985708 7.75000095
v -7.42500019 9.84857082 7.62500048
v -7.42500019 9.97357082 7.62500048
v -14.8500004 9.97357082 7.62500095
v 0 9.84856987 7.625
v 0 9.97356987 7.625
v -7.42500019 9.97357082 7.62500048
v 7.42500019 9.97356892 7.62499952
v 7.42500019 9.97356892 7.74999952
v 0 9.97356987 7.75
v 7.42500019 9.84856892 7.62499952
v 7.42500019 9.97356892 7.62499952
v 0 9.97356987 7.625
v 14.8500004 9.84856892 7.62499905
v 14.8500004 9.97356892 7.62499905
v 7.42500019 9.97356892 7.62499952
v 14.8500004 9.97356892 7.74999905
v 14.8500004 10.0985689 7.74999905
v 7.42500019 10.0985689 7.74999952
v 0 9.97356987 7.75
v 0 10.0985699 7.75
v -7.42500019 10.0985708 7.75000048
v 7.42500019 9.59856892 7.74999952
v 7.42500019 9.72356892 7.74999952
v 0 9.72356987 7.75
v 14.8500004 9.59856892 7.74999905
v 14.8500004 9.72356892 7.74999905
v 7.42500019 9.72356892 7.74999952
v -7.42500019 9.59856987 7.75000048
v -7.42500019 9.72357082 7.75000048
v -14.8500004 9.72357082 7.75000095
v 0 9.59856987 7.75
v 0 9.72356987 7.75
v -7.42500019 9.72357082 7.75000048
v -7.42500019 9.97357082 7.75000048
v -7.42500019 10.0985708 7.75000048
v -14.8500004 10.0985708 7.75000095
v 7.42500019 9.97356892 7.74999952
v 7.42500019 10.0985689 7.74999952
v 0 10.0985699 7.75
v 0 9.72356987 7.625
v 0 9.72356987 7.75
v 7.42500019 9.72356892 7.74999952
v 14.8500004 10.0985689 7.62499905
v 14.8500004 10.0985689 7.74999905
v 14.8500004 9.97356892 7.74999905
v 7.42500019 10.0985689 7.62499952
v 7.42500019 10.0985689 7.74999952
v 14.8500004 10.0985689 7.74999905
v -7.42500019 9.97357082 7.62500048
v -7.42500019 9.97357082 7.75000048
v -14.8500004 9.97357082 7.75000095
v 7.42500019 9.72356892 7.62499952
v 7.42500019 9.72356892 7.74999952
v 14.8500004 9.72356892 7.74999905
v -14.8500004 10.0985708 7.62500095
v -14.8500004 10.0985708 7.75000095
v -7.42500019 10.0985708 7.75000048
v 0 9.59856987 7.625
v 0 9.59856987 7.75
v -7.42500019 9.59856987 7.75000048
v 0 9.97356987 7.625
v 0 9.97356987 7.75
v -7.42500019 9.97357082 7.75000048
v 7.42500019 9.59856892 7.62499952
v 7.42500019 9.59856892 7.74999952
v 0 9.59856987 7.75
v 0 10.0985699 7.625
v 0 10.0985699 7.75
v 7.42500019 10.0985689 7.74999952
v -7.42500019 10.0985708 7.62500048
v -7.42500019 10.0985708 7.75000048
v 0 10.0985699 7.75
v -14.8500004 9.72357082 7.62500095
v -14.8500004 9.72357082 7.75000095
v -7.42500019 9.72357082 7.75000048
v -7.54874992 9.59856987 7.62500048
v -7.67250061 9.59856987 7.62500048
v -7.67250061 9.59856987 7.75000048
v -7.30124903 0.0985689163 7.25000048
v -7.54874992 0.0985689163 7.25000048
v -7.54874992 2.47356892 7.25000048
v -7.54874992 4.84856892 7.25000048
v -7.54874992 7.22356892 7.25000048
v -7.30125093 4.84856892 7.25000048
v -7.54874992 7.22356892 7.25000048
v -7.54874992 9.59856987 7.25000048
v -7.30125093 7.22356892 7.25000048
v -7.30125093 4.84856892 7.25000048
v -7.54874992 7.22356892 7.25000048
v -7.30125093 7.22356892 7.25000048
v -7.30124903 0.0985689163 7.25000048
v -7.54874992 2.47356892 7.25000048
v -7.30124903 2.47356892 7.25000048
v -7.54874992 2.47356892 7.25000048
v -7.54874992 4.84856892 7.25000048
v -7.30124903 2.47356892 7.25000048
v -7.30125093 4.84856892 7.25000048
v -7.30124903 2.47356892 7.25000048
v -7.54874992 4.84856892 7.25000048
v -7.30125093 4.84856892 7.62500048
v -7.17749977 4.84856892 7.62500048
v -7.17749977 2.47356892 7.62500048
v -7.54874992 0.0985689163 7.75000048
v -7.30124903 0.0985689163 7.75000048
v -7.30125093 2.47356892 7.75000048
v -7.30125093 4.84856892 7.75000048
v -7.30125093 7.22356892 7.75000048
v -7.54874992 7.22356892 7.75000048
v -7.30125093 7.22356892 7.75000048
v -7.30125093 9.59856987 7.75000048
v -7.54874992 9.59856987 7.75000048
v -7.54874992 0.0985689163 7.75000048
v -7.30125093 2.47356892 7.75000048
v -7.54874992 2.47356892 7.75000048
v -7.30125093 2.47356892 7.75000048
v -7.30125093 4.84856892 7.75000048
v -7.54874992 2.47356892 7.75000048
v -7.54874992 7.22356892 7.75000048
v -7.54874992 4.84856892 7.75000048
v -7.30125093 4.84856892 7.75000048
v -7.54874992 4.84856892 7.75000048
v -7.54874992 2.47356892 7.75000048
v -7.30125093 4.84856892 7.75000048
v -7.54874992 0.0985689163 7.37500048
v -7.54874992 0.0985689163 7.25000048
v -7.30124903 0.0985689163 7.25000048
v -7.30124903 0.0985689163 7.37500048
v -7.30124903 0.0985689163 7.50000048
v -7.54874992 0.0985689163 7.50000048
v -7.30124903 0.0985689163 7.50000048
v -7.30124903 0.0985689163 7.62500048
v -7.54874992 0.0985689163 7.50000048
v -7.54874992 0.0985689163 7.37500048
v -7.30124903 0.0985689163 7.25000048
v -7.30124903 0.0985689163 7.37500048
v -7.54874992 0.0985689163 7.75000048
v -7.54874992 0.0985689163 7.62500048
v -7.30124903 0.0985689163 7.62500048
v -7.54874992 0.0985689163 7.62500048
v -7.54874992 0.0985689163 7.50000048
v -7.30124903 0.0985689163 7.62500048
v -7.54874992 0.0985689163 7.50000048
v -7.54874992 0.0985689163 7.37500048
v -7.30124903 0.0985689163 7.37500048
v -7.30125093 9.59856987 7.37500048
v -7.30125093 9.59856987 7.25000048
v -7.54874992 9.59856987 7.25000048
v -7.54874992 9.59856987 7.37500048
v -7.54874992 9.59856987 7.50000048
v -7.30125093 9.59856987 7.50000048
v -7.54874992 9.59856987 7.50000048
v -7.54874992 9.59856987 7.62500048
v -7.30125093 9.59856987 7.50000048
v -7.30125093 9.59856987 7.37500048
v -7.54874992 9.59856987 7.25000048
v -7.54874992 9.59856987 7.37500048
v -7.30125093 9.59856987 7.75000048
v -7.30125093 9.59856987 7.62500048
v -7.54874992 9.59856987 7.62500048
v -7.30125093 9.59856987 7.62500048
v -7.30125093 9.59856987 7.50000048
v -7.54874992 9.59856987 7.62500048
v -7.30125093 9.59856987 7.50000048
v -7.30125093 9.59856987 7.37500048
v -7.54874992 9.59856987 7.37500048
v -7.30125093 7.22356892 7.37500048
v -7.1775012 7.22356892 7.37500048
v -7.1775012 9.59856987 7.37500048
v -7.30125093 4.84856892 7.37500048
v -7.30125093 4.84856892 7.50000048
v -7.30125093 2.47356892 7.50000048
v -7.30125093 9.59856987 7.37500048
v -7.30125093 9.59856987 7.50000048
v -7.30125093 7.22356892 7.50000048
v -7.30125093 7.22356892 7.37500048
v -7.30125093 7.22356892 7.50000048
v -7.30125093 4.84856892 7.50000048
v -7.30125093 4.84856892 7.25000048
v -7.17749977 4.84856892 7.25000048
v -7.17749977 2.47356892 7.25000048
v -7.30125093 2.47356892 7.62500048
v -7.17749977 2.47356892 7.62500048
v -7.17749977 0.0985689163 7.62500048
v -7.30125093 2.47356892 7.37500048
v -7.30125093 2.47356892 7.50000048
v -7.30124903 0.0985689163 7.50000048
v -7.30125093 7.22356892 7.75000048
v -7.1775012 7.22356892 7.75000048
v -7.1775012 9.59856987 7.75000048
v -7.30125093 7.22356892 7.25000048
v -7.1775012 7.22356892 7.25000048
v -7.17749977 4.84856892 7.25000048
v -7.30125093 4.84856892 7.37500048
v -7.17749977 4.84856892 7.37500048
v -7.1775012 7.22356892 7.37500048
v -7.30125093 2.47356892 7.50000048
v -7.30125093 2.47356892 7.62500048
v -7.30124903 0.0985689163 7.62500048
v -7.30125093 4.84856892 7.50000048
v -7.30125093 4.84856892 7.62500048
v -7.30125093 2.47356892 7.62500048
v -7.30125093 9.59856987 7.37500048
v -7.1775012 9.59856987 7.37500048
v -7.1775012 9.59856987 7.25000048
v -7.30125093 7.22356892 7.50000048
v -7.30125093 7.22356892 7.62500048
v -7.30125093 4.84856892 7.62500048
v -7.30125093 9.59856987 7.50000048
v -7.30125093 9.59856987 7.62500048
v -7.30125093 7.22356892 7.62500048
v -7.1775012 9.59856987 7.62500048
v -7.1775012 9.59856987 7.75000048
v -7.1775012 7.22356892 7.75000048
v -7.17749977 4.84856892 7.62500048
v -7.17749977 4.84856892 7.75000048
v -7.17749977 2.47356892 7.75000048
v -7.1775012 7.22356892 7.25000048
v -7.1775012 7.22356892 7.37500048
v -7.17749977 4.84856892 7.37500048
v -7.1775012 9.59856987 7.25000048
v -7.1775012 9.59856987 7.37500048
v -7.1775012 7.22356892 7.37500048
v -7.17749977 2.47356892 7.25000048
v -7.17749977 2.47356892 7.37500048
v -7.17749977 0.0985689163 7.37500048
v -7.17749977 4.84856892 7.25000048
v -7.17749977 4.84856892 7.37500048
v -7.17749977 2.47356892 7.37500048
v -7.17749977 2.47356892 7.62500048
v -7.17749977 2.47356892 7.75000048
v -7.17749977 0.0985689163 7.75000048
v -7.1775012 7.22356892 7.62500048
v -7.1775012 7.22356892 7.75000048
v -7.17749977 4.84856892 7.75000048
v -7.30124903 2.47356892 7.25000048
v -7.17749977 2.47356892 7.25000048
v -7.17749977 0.0985689163 7.25000048
v -7.30124903 0.0985689163 7.25000048
v -7.17749977 0.0985689163 7.25000048
v -7.17749977 0.0985689163 7.37500048
v -7.30125093 4.84856892 7.75000048
v -7.17749977 4.84856892 7.75000048
v -7.1775012 7.22356892 7.75000048
v -7.30125093 9.59856987 7.75000048
v -7.1775012 9.59856987 7.75000048
v -7.1775012 9.59856987 7.62500048
v -7.30125093 2.47356892 7.75000048
v -7.17749977 2.47356892 7.75000048
v -7.17749977 4.84856892 7.75000048
v -7.30124903 0.0985689163 7.37500048
v -7.17749977 0.0985689163 7.37500048
v -7.17749977 2.47356892 7.37500048
v -7.30125093 7.22356892 7.62500048
v -7.1775012 7.22356892 7.62500048
v -7.17749977 4.84856892 7.62500048
v -7.30124903 0.0985689163 7.75000048
v -7.17749977 0.0985689163 7.75000048
v -7.17749977 2.47356892 7.75000048
v -7.30125093 9.59856987 7.25000048
v -7.1775012 9.59856987 7.25000048
v -7.1775012 7.22356892 7.25000048
v -7.30125093 2.47356892 7.37500048
v -7.17749977 2.47356892 7.37500048
v -7.17749977 4.84856892 7.37500048
v -7.30125093 9.59856987 7.62500048
v -7.1775012 9.59856987 7.62500048
v -7.1775012 7.22356892 7.62500048
v -7.30124903 0.0985689163 7.62500048
v -7.17749977 0.0985689163 7.62500048
v -7.17749977 0.0985689163 7.75000048
v -7.54874992 9.59856987 7.75000048
v -7.67250061 9.59856987 7.75000048
v -7.67250061 7.22356892 7.75000048
v -7.54874992 4.84856892 7.62500048
v -7.54874992 4.84856892 7.50000048
v -7.54874992 2.47356892 7.50000048
v -7.54874992 9.59856987 7.62500048
v -7.54874992 9.59856987 7.50000048
v -7.54874992 7.22356892 7.50000048
v -7.54874992 7.22356892 7.62500048
v -7.54874992 7.22356892 7.50000048
v -7.54874992 4.84856892 7.50000048
v -7.54874992 2.47356892 7.75000048
v -7.67250061 2.47356892 7.75000048
v -7.67250061 0.0985689163 7.75000048
v -7.54874992 9.59856987 7.37500048
v -7.67250061 9.59856987 7.37500048
v -7.67250061 7.22356892 7.37500048
v -7.54874992 2.47356892 7.62500048
v -7.54874992 2.47356892 7.50000048
v -7.54874992 0.0985689163 7.50000048
v -7.54874992 0.0985689163 7.75000048
v -7.67250061 0.0985689163 7.75000048
v -7.67250061 0.0985689163 7.62500048
v -7.54874992 2.47356892 7.62500048
v -7.67250061 2.47356892 7.62500048
v -7.67250061 4.84856892 7.62500048
v -7.54874992 0.0985689163 7.37500048
v -7.67250061 0.0985689163 7.37500048
v -7.67250061 0.0985689163 7.25000048
v -7.54874992 2.47356892 7.50000048
v -7.54874992 2.47356892 7.37500048
v -7.54874992 0.0985689163 7.37500048
v -7.54874992 4.84856892 7.50000048
v -7.54874992 4.84856892 7.37500048
v -7.54874992 2.47356892 7.37500048
v -7.54874992 7.22356892 7.37500048
v -7.67250061 7.22356892 7.37500048
v -7.67250061 4.84856892 7.37500048
v -7.54874992 7.22356892 7.50000048
v -7.54874992 7.22356892 7.37500048
v -7.54874992 4.84856892 7.37500048
v -7.54874992 9.59856987 7.50000048
v -7.54874992 9.59856987 7.37500048
v -7.54874992 7.22356892 7.37500048
v -7.67250061 9.59856987 7.37500048
v -7.67250061 9.59856987 7.25000048
v -7.67250061 7.22356892 7.25000048
v -7.67250061 4.84856892 7.37500048
v -7.67250061 4.84856892 7.25000048
v -7.67250061 2.47356892 7.25000048
v -7.67250061 7.22356892 7.75000048
v -7.67250061 7.22356892 7.62500048
v -7.67250061 4.84856892 7.62500048
v -7.67250061 9.59856987 7.75000048
v -7.67250061 9.59856987 7.62500048
v -7.67250061 7.22356892 7.62500048
v -7.67250061 2.47356892 7.75000048
v -7.67250061 2.47356892 7.62500048
v -7.67250061 0.0985689163 7.62500048
v -7.67250061 4.84856892 7.75000048
v -7.67250061 4.84856892 7.62500048
v -7.67250061 2.47356892 7.62500048
v -7.67250061 2.47356892 7.37500048
v -7.67250061 2.47356892 7.25000048
v -7.67250061 0.0985689163 7.25000048
v -7.67250061 7.22356892 7.37500048
v -7.67250061 7.22356892 7.25000048
v -7.67250061 4.84856892 7.25000048
v -7.54874992 4.84856892 7.62500048
v -7.67250061 4.84856892 7.62500048
v -7.67250061 7.22356892 7.62500048
v -7.54874992 9.59856987 7.25000048
v -7.67250061 9.59856987 7.25000048
v -7.67250061 9.59856987 7.37500048
v -7.54874992 7.22356892 7.25000048
v -7.67250061 7.22356892 7.25000048
v -7.67250061 9.59856987 7.25000048
v -7.54874992 2.47356892 7.37500048
v -7.67250061 2.47356892 7.37500048
v -7.67250061 0.0985689163 7.37500048
v -7.54874992 7.22356892 7.62500048
v -7.67250061 7.22356892 7.62500048
v -7.67250061 9.59856987 7.62500048
v -7.54874992 0.0985689163 7.25000048
v -7.67250061 0.0985689163 7.25000048
v -7.67250061 2.47356892 7.25000048
v -7.54874992 4.84856892 7.75000048
v -7.67250061 4.84856892 7.75000048
v -7.67250061 2.47356892 7.75000048
v -7.54874992 4.84856892 7.37500048
v -7.67250061 4.84856892 7.37500048
v -7.67250061 2.47356892 7.37500048
v -7.54874992 7.22356892 7.75000048
v -7.67250061 7.22356892 7.75000048
v -7.67250061 4.84856892 7.75000048
v -7.54874992 4.84856892 7.25000048
v -7.67250061 4.84856892 7.25000048
v -7.67250061 7.22356892 7.25000048
v -7.54874992 2.47356892 7.25000048
v -7.67250061 2.47356892 7.25000048
v -7.67250061 4.84856892 7.25000048
v -7.54874992 0.0985689163 7.62500048
v -7.67250061 0.0985689163 7.62500048
v -7.67250061 2.47356892 7.62500048
v 7.30124903 9.59856987 15.124999
v 7.17749977 9.59856987 15.124999
v 7.17749977 9.59856987 15.249999
v 7.54874992 0.09856987 14.749999
v 7.30124903 0.09856987 14.749999
v 7.30124903 2.47357035 14.749999
v 7.30124903 2.47357035 14.749999
v 7.30124903 4.84857035 14.749999
v 7.54874992 4.84857035 14.749999
v 7.30124903 4.84857035 14.749999
v 7.30124903 7.22357035 14.749999
v 7.54874992 4.84857035 14.749999
v 7.54874992 2.47357035 14.749999
v 7.54874992 0.09856987 14.749999
v 7.30124903 2.47357035 14.749999
v 7.54874992 9.59856987 14.749999
v 7.54874992 7.22357035 14.749999
v 7.30124903 7.22357035 14.749999
v 7.54874992 7.22357035 14.749999
v 7.54874992 4.84857035 14.749999
v 7.30124903 7.22357035 14.749999
v 7.54874992 4.84857035 14.749999
v 7.54874992 2.47357035 14.749999
v 7.30124903 2.47357035 14.749999
v 7.54874992 4.84857035 15.124999
v 7.67250061 4.84857035 15.124999
v 7.67250061 2.47357035 15.124999
v 7.30124903 0.09856987 15.249999
v 7.54874992 0.09856987 15.249999
v 7.54874992 2.47357035 15.249999
v 7.54874992 4.84857035 15.249999
v 7.54874992 7.22357035 15.249999
v 7.30124903 4.84857035 15.249999
v 7.54874992 7.22357035 15.249999
v 7.54874992 9.59856987 15.249999
v 7.30124903 7.22357035 15.249999
v 7.30124903 4.84857035 15.249999
v 7.54874992 7.22357035 15.249999
v 7.30124903 7.22357035 15.249999
v 7.30124903 0.09856987 15.249999
v 7.54874992 2.47357035 15.249999
v 7.30124903 2.47357035 15.249999
v 7.54874992 2.47357035 15.249999
v 7.54874992 4.84857035 15.249999
v 7.30124903 2.47357035 15.249999
v 7.30124903 4.84857035 15.249999
v 7.30124903 2.47357035 15.249999
v 7.54874992 4.84857035 15.249999
v 7.30124903 0.09856987 14.874999
v 7.30124903 0.09856987 14.749999
v 7.54874992 0.09856987 14.749999
v 7.54874992 0.09856987 14.874999
v 7.54874992 0.09856987 14.999999
v 7.30124903 0.09856987 14.999999
v 7.54874992 0.09856987 14.999999
v 7.54874992 0.09856987 15.124999
v 7.30124903 0.09856987 14.999999
v 7.30124903 0.09856987 14.874999
v 7.54874992 0.09856987 14.749999
v 7.54874992 0.09856987 14.874999
v 7.30124903 0.09856987 15.249999
v 7.30124903 0.09856987 15.124999
v 7.54874992 0.09856987 15.124999
v 7.30124903 0.09856987 15.124999
v 7.30124903 0.09856987 14.999999
v 7.54874992 0.09856987 15.124999
v 7.30124903 0.09856987 14.999999
v 7.30124903 0.09856987 14.874999
v 7.54874992 0.09856987 14.874999
v 7.54874992 9.59856987 14.874999
v 7.54874992 9.59856987 14.749999
v 7.30124903 9.59856987 14.749999
v 7.30124903 9.59856987 14.874999
v 7.30124903 9.59856987 14.999999
v 7.54874992 9.59856987 14.999999
v 7.30124903 9.59856987 14.999999
v 7.30124903 9.59856987 15.124999
v 7.54874992 9.59856987 14.999999
v 7.54874992 9.59856987 14.874999
v 7.30124903 9.59856987 14.749999
v 7.30124903 9.59856987 14.874999
v 7.54874992 9.59856987 15.249999
v 7.54874992 9.59856987 15.124999
v 7.30124903 9.59856987 15.124999
v 7.54874992 9.59856987 15.124999
v 7.54874992 9.59856987 14.999999
v 7.30124903 9.59856987 15.124999
v 7.54874992 9.59856987 14.999999
v 7.54874992 9.59856987 14.874999
v 7.30124903 9.59856987 14.874999
v 7.54874992 7.22357035 14.874999
v 7.67250061 7.22357035 14.874999
v 7.67250061 9.59856987 14.874999
v 7.54874992 4.84857035 14.874999
v 7.54874992 4.84857035 14.999999
v 7.54874992 2.47357035 14.999999
v 7.54874992 9.59856987 14.874999
v 7.54874992 9.59856987 14.999999
v 7.54874992 7.22357035 14.999999
v 7.54874992 7.22357035 14.874999
v 7.54874992 7.22357035 14.999999
v 7.54874992 4.84857035 14.999999
v 7.54874992 4.84857035 14.749999
v 7.67250061 4.84857035 14.749999
v 7.67250061 2.47357035 14.749999
v 7.54874992 2.47357035 15.124999
v 7.67250061 2.47357035 15.124999
v 7.67250061 0.09856987 15.124999
v 7.54874992 2.47357035 14.874999
v 7.54874992 2.47357035 14.999999
v 7.54874992 0.09856987 14.999999
v 7.54874992 7.22357035 15.249999
v 7.67250061 7.22357035 15.249999
v 7.67250061 9.59856987 15.249999
v 7.54874992 7.22357035 14.749999
v 7.67250061 7.22357035 14.749999
v 7.67250061 4.84857035 14.749999
v 7.54874992 4.84857035 14.874999
v 7.67250061 4.84857035 14.874999
v 7.67250061 7.22357035 14.874999
v 7.54874992 2.47357035 14.999999
v 7.54874992 2.47357035 15.124999
v 7.54874992 0.09856987 15.124999
v 7.54874992 4.84857035 14.999999
v 7.54874992 4.84857035 15.124999
v 7.54874992 2.47357035 15.124999
v 7.54874992 9.59856987 14.874999
v 7.67250061 9.59856987 14.874999
v 7.67250061 9.59856987 14.749999
v 7.54874992 7.22357035 14.999999
v 7.54874992 7.22357035 15.124999
v 7.54874992 4.84857035 15.124999
v 7.54874992 9.59856987 14.999999
v 7.54874992 9.59856987 15.124999
v 7.54874992 7.22357035 15.124999
v 7.67250061 9.59856987 15.124999
v 7.67250061 9.59856987 15.249999
v 7.67250061 7.22357035 15.249999
v 7.67250061 4.84857035 15.124999
v 7.67250061 4.84857035 15.249999
v 7.67250061 2.47357035 15.249999
v 7.67250061 7.22357035 14.749999
v 7.67250061 7.22357035 14.874999
v 7.67250061 4.84857035 14.874999
v 7.67250061 9.59856987 14.749999
v 7.67250061 9.59856987 14.874999
v 7.67250061 7.22357035 14.874999
v 7.67250061 2.47357035 14.749999
v 7.67250061 2.47357035 14.874999
v 7.67250061 0.09856987 14.874999
v 7.67250061 4.84857035 14.749999
v 7.67250061 4.84857035 14.874999
v 7.67250061 2.47357035 14.874999
v 7.67250061 2.47357035 15.124999
v 7.67250061 2.47357035 15.249999
v 7.67250061 0.09856987 15.249999
v 7.67250061 7.22357035 15.124999
v 7.67250061 7.22357035 15.249999
v 7.67250061 4.84857035 15.249999
v 7.54874992 2.47357035 14.749999
v 7.67250061 2.47357035 14.749999
v 7.67250061 0.09856987 14.749999
v 7.54874992 0.09856987 14.749999
v 7.67250061 0.09856987 14.749999
v 7.67250061 0.09856987 14.874999
v 7.54874992 4.84857035 15.249999
v 7.67250061 4.84857035 15.249999
v 7.67250061 7.22357035 15.249999
v 7.54874992 9.59856987 15.249999
v 7.67250061 9.59856987 15.249999
v 7.67250061 9.59856987 15.124999
v 7.54874992 2.47357035 15.249999
v 7.67250061 2.47357035 15.249999
v 7.67250061 4.84857035 15.249999
v 7.54874992 0.09856987 14.874999
v 7.67250061 0.09856987 14.874999
v 7.67250061 2.47357035 14.874999
v 7.54874992 7.22357035 15.124999
v 7.67250061 7.22357035 15.124999
v 7.67250061 4.84857035 15.124999
v 7.54874992 0.09856987 15.249999
v 7.67250061 0.09856987 15.249999
v 7.67250061 2.47357035 15.249999
v 7.54874992 9.59856987 14.749999
v 7.67250061 9.59856987 14.749999
v 7.67250061 7.22357035 14.749999
v 7.54874992 2.47357035 14.874999
v 7.67250061 2.47357035 14.874999
v 7.67250061 4.84857035 14.874999
v 7.54874992 9.59856987 15.124999
v 7.67250061 9.59856987 15.124999
v 7.67250061 7.22357035 15.124999
v 7.54874992 0.09856987 15.124999
v 7.67250061 0.09856987 15.124999
v 7.67250061 0.09856987 15.249999
v 7.30124903 9.59856987 15.249999
v 7.17749977 9.59856987 15.249999
v 7.17749977 7.22357035 15.249999
v 7.30124903 4.84857035 15.124999
v 7.30124903 4.84857035 14.999999
v 7.30124903 2.47357035 14.999999
v 7.30124903 9.59856987 15.124999
v 7.30124903 9.59856987 14.999999
v 7.30124903 7.22357035 14.999999
v 7.30124903 7.22357035 15.124999
v 7.30124903 7.22357035 14.999999
v 7.30124903 4.84857035 14.999999
v 7.30124903 2.47357035 15.249999
v 7.17749977 2.47357035 15.249999
v 7.17749977 0.09856987 15.249999
v 7.30124903 9.59856987 14.874999
v 7.17749977 9.59856987 14.874999
v 7.17749977 7.22357035 14.874999
v 7.30124903 2.47357035 15.124999
v 7.30124903 2.47357035 14.999999
v 7.30124903 0.09856987 14.999999
v 7.30124903 0.09856987 15.249999
v 7.17749977 0.09856987 15.249999
v 7.17749977 0.09856987 15.124999
v 7.30124903 2.47357035 15.124999
v 7.17749977 2.47357035 15.124999
v 7.17749977 4.84857035 15.124999
v 7.30124903 0.09856987 14.874999
v 7.17749977 0.09856987 14.874999
v 7.17749977 0.09856987 14.749999
v 7.30124903 2.47357035 14.999999
v 7.30124903 2.47357035 14.874999
v 7.30124903 0.09856987 14.874999
v 7.30124903 4.84857035 14.999999
v 7.30124903 4.84857035 14.874999
v 7.30124903 2.47357035 14.874999
v 7.30124903 7.22357035 14.874999
v 7.17749977 7.22357035 14.874999
v 7.17749977 4.84857035 14.874999
v 7.30124903 7.22357035 14.999999
v 7.30124903 7.22357035 14.874999
v 7.30124903 4.84857035 14.874999
v 7.30124903 9.59856987 14.999999
v 7.30124903 9.59856987 14.874999
v 7.30124903 7.22357035 14.874999
v 7.17749977 9.59856987 14.874999
v 7.17749977 9.59856987 14.749999
v 7.17749977 7.22357035 14.749999
v 7.17749977 4.84857035 14.874999
v 7.17749977 4.84857035 14.749999
v 7.17749977 2.47357035 14.749999
v 7.17749977 7.22357035 15.249999
v 7.17749977 7.22357035 15.124999
v 7.17749977 4.84857035 15.124999
v 7.17749977 9.59856987 15.249999
v 7.17749977 9.59856987 15.124999
v 7.17749977 7.22357035 15.124999
v 7.17749977 2.47357035 15.249999
v 7.17749977 2.47357035 15.124999
v 7.17749977 0.09856987 15.124999
v 7.17749977 4.84857035 15.249999
v 7.17749977 4.84857035 15.124999
v 7.17749977 2.47357035 15.124999
v 7.17749977 2.47357035 14.874999
v 7.17749977 2.47357035 14.749999
v 7.17749977 0.09856987 14.749999
v 7.17749977 7.22357035 14.874999
v 7.17749977 7.22357035 14.749999
v 7.17749977 4.84857035 14.749999
v 7.30124903 4.84857035 15.124999
v 7.17749977 4.84857035 15.124999
v 7.17749977 7.22357035 15.124999
v 7.30124903 9.59856987 14.749999
v 7.17749977 9.59856987 14.749999
v 7.17749977 9.59856987 14.874999
v 7.30124903 7.22357035 14.749999
v 7.17749977 7.22357035 14.749999
v 7.17749977 9.59856987 14.749999
v 7.30124903 2.47357035 14.874999
v 7.17749977 2.47357035 14.874999
v 7.17749977 0.09856987 14.874999
v 7.30124903 7.22357035 15.124999
v 7.17749977 7.22357035 15.124999
v 7.17749977 9.59856987 15.124999
v 7.30124903 0.09856987 14.749999
v 7.17749977 0.09856987 14.749999
v 7.17749977 2.47357035 14.749999
v 7.30124903 4.84857035 15.249999
v 7.17749977 4.84857035 15.249999
v 7.17749977 2.47357035 15.249999
v 7.30124903 4.84857035 14.874999
v 7.17749977 4.84857035 14.874999
v 7.17749977 2.47357035 14.874999
v 7.30124903 7.22357035 15.249999
v 7.17749977 7.22357035 15.249999
v 7.17749977 4.84857035 15.249999
v 7.30124903 4.84857035 14.749999
v 7.17749977 4.84857035 14.749999
v 7.17749977 7.22357035 14.749999
v 7.30124903 2.47357035 14.749999
v 7.17749977 2.47357035 14.749999
v 7.17749977 4.84857035 14.749999
v 7.30124903 0.09856987 15.124999
v 7.17749977 0.09856987 15.124999
v 7.17749977 2.47357035 15.124999
v 14.8500004 9.72356892 15.124999
v 14.8500004 9.72356892 15.249999
v 14.8500004 9.59856892 15.249999
v -14.8500004 10.0985708 14.875001
v -14.8500004 10.0985708 15.125001
v -7.4250021 10.0985708 15.125001
v 0 10.0985699 15.125
v 7.42500019 10.0985689 15.124999
v 7.42500019 10.0985689 14.874999
v 7.42500019 10.0985689 15.124999
v 14.8500004 10.0985689 15.124999
v 14.8500004 10.0985689 14.874999
v -14.8500004 10.0985708 14.875001
v -7.4250021 10.0985708 15.125001
v -7.4250021 10.0985708 14.875001
v -7.4250021 10.0985708 15.125001
v 0 10.0985699 15.125
v -7.4250021 10.0985708 14.875001
v 7.42500019 10.0985689 14.874999
v 0 10.0985699 14.875
v 0 10.0985699 15.125
v 0 10.0985699 14.875
v -7.4250021 10.0985708 14.875001
v 0 10.0985699 15.125
v 0 9.72356987 14.875
v 0 9.72356987 14.75
v -7.4250021 9.72357082 14.750001
v -14.8500004 9.59857082 15.125001
v -14.8500004 9.59857082 14.875001
v -7.4250021 9.59856987 14.875001
v 0 9.59856987 14.875
v 7.42500019 9.59856892 14.874999
v 7.42500019 9.59856892 15.124999
v 7.42500019 9.59856892 14.874999
v 14.8500004 9.59856892 14.874999
v 14.8500004 9.59856892 15.124999
v -14.8500004 9.59857082 15.125001
v -7.4250021 9.59856987 14.875001
v -7.4250021 9.59856987 15.125001
v -7.4250021 9.59856987 14.875001
v 0 9.59856987 14.875
v -7.4250021 9.59856987 15.125001
v 7.42500019 9.59856892 15.124999
v 0 9.59856987 15.125
v 0 9.59856987 14.875
v 0 9.59856987 15.125
v -7.4250021 9.59856987 15.125001
v 0 9.59856987 14.875
v -14.8500004 9.97357082 15.125001
v -14.8500004 10.0985708 15.125001
v -14.8500004 10.0985708 14.875001
v -14.8500004 9.97357082 14.875001
v -14.8500004 9.84857082 14.875001
v -14.8500004 9.84857082 15.125001
v -14.8500004 9.84857082 14.875001
v -14.8500004 9.72357082 14.875001
v -14.8500004 9.84857082 15.125001
v -14.8500004 9.97357082 15.125001
v -14.8500004 10.0985708 14.875001
v -14.8500004 9.97357082 14.875001
v -14.8500004 9.59857082 15.125001
v -14.8500004 9.72357082 15.125001
v -14.8500004 9.72357082 14.875001
v -14.8500004 9.72357082 15.125001
v -14.8500004 9.84857082 15.125001
v -14.8500004 9.72357082 14.875001
v -14.8500004 9.84857082 15.125001
v -14.8500004 9.97357082 15.125001
v -14.8500004 9.97357082 14.875001
v 14.8500004 9.97356892 14.874999
v 14.8500004 10.0985689 14.874999
v 14.8500004 10.0985689 15.124999
v 14.8500004 9.97356892 15.124999
v 14.8500004 9.84856892 15.124999
v 14.8500004 9.84856892 14.874999
v 14.8500004 9.84856892 15.124999
v 14.8500004 9.72356892 15.124999
v 14.8500004 9.84856892 14.874999
v 14.8500004 9.97356892 14.874999
v 14.8500004 10.0985689 15.124999
v 14.8500004 9.97356892 15.124999
v 14.8500004 9.59856892 14.874999
v 14.8500004 9.72356892 14.874999
v 14.8500004 9.72356892 15.124999
v 14.8500004 9.72356892 14.874999
v 14.8500004 9.84856892 14.874999
v 14.8500004 9.72356892 15.124999
v 14.8500004 9.84856892 14.874999
v 14.8500004 9.97356892 14.874999
v 14.8500004 9.97356892 15.124999
v 7.42500019 9.97356892 14.874999
v 7.42500019 9.97356892 14.749999
v 14.8500004 9.97356892 14.749999
v 0 9.97356987 14.875
v 0 9.84856987 14.875
v -7.4250021 9.84857082 14.875001
v 14.8500004 9.97356892 14.874999
v 14.8500004 9.84856892 14.874999
v 7.42500019 9.84856892 14.874999
v 7.42500019 9.97356892 14.874999
v 7.42500019 9.84856892 14.874999
v 0 9.84856987 14.875
v 0 10.0985699 14.875
v 0 10.0985699 14.75
v -7.4250021 10.0985708 14.750001
v -7.4250021 9.72357082 14.875001
v -7.4250021 9.72357082 14.750001
v -14.8500004 9.72357082 14.750001
v -7.4250021 9.97357082 14.875001
v -7.4250021 9.84857082 14.875001
v -14.8500004 9.84857082 14.875001
v 7.42500019 9.59856892 14.874999
v 7.42500019 9.59856892 14.749999
v 14.8500004 9.59856892 14.749999
v 7.42500019 10.0985689 14.874999
v 7.42500019 10.0985689 14.749999
v 0 10.0985699 14.75
v 0 9.97356987 14.875
v 0 9.97356987 14.75
v 7.42500019 9.97356892 14.749999
v -7.4250021 9.84857082 14.875001
v -7.4250021 9.72357082 14.875001
v -14.8500004 9.72357082 14.875001
v 0 9.84856987 14.875
v 0 9.72356987 14.875
v -7.4250021 9.72357082 14.875001
v 14.8500004 9.97356892 14.874999
v 14.8500004 9.97356892 14.749999
v 14.8500004 10.0985689 14.749999
v 7.42500019 9.84856892 14.874999
v 7.42500019 9.72356892 14.874999
v 0 9.72356987 14.875
v 14.8500004 9.84856892 14.874999
v 14.8500004 9.72356892 14.874999
v 7.42500019 9.72356892 14.874999
v 14.8500004 9.72356892 14.749999
v 14.8500004 9.59856892 14.749999
v 7.42500019 9.59856892 14.749999
v 0 9.72356987 14.75
v 0 9.59856987 14.75
v -7.4250021 9.59856987 14.750001
v 7.42500019 10.0985689 14.749999
v 7.42500019 9.97356892 14.749999
v 0 9.97356987 14.75
v 14.8500004 10.0985689 14.749999
v 14.8500004 9.97356892 14.749999
v 7.42500019 9.97356892 14.749999
v -7.4250021 10.0985708 14.750001
v -7.4250021 9.97357082 14.750001
v -14.8500004 9.97357082 14.750001
v 0 10.0985699 14.75
v 0 9.97356987 14.75
v -7.4250021 9.97357082 14.750001
v -7.4250021 9.72357082 14.750001
v -7.4250021 9.59856987 14.750001
v -14.8500004 9.59857082 14.750001
v 7.42500019 9.72356892 14.749999
v 7.42500019 9.59856892 14.749999
v 0 9.59856987 14.75
v -7.4250021 10.0985708 14.875001
v -7.4250021 10.0985708 14.750001
v -14.8500004 10.0985708 14.750001
v -14.8500004 10.0985708 14.875001
v -14.8500004 10.0985708 14.750001
v -14.8500004 9.97357082 14.750001
v 0 9.59856987 14.875
v 0 9.59856987 14.75
v 7.42500019 9.59856892 14.749999
v 14.8500004 9.59856892 14.874999
v 14.8500004 9.59856892 14.749999
v 14.8500004 9.72356892 14.749999
v -7.4250021 9.59856987 14.875001
v -7.4250021 9.59856987 14.750001
v 0 9.59856987 14.75
v -14.8500004 9.97357082 14.875001
v -14.8500004 9.97357082 14.750001
v -7.4250021 9.97357082 14.750001
v 7.42500019 9.72356892 14.874999
v 7.42500019 9.72356892 14.749999
v 0 9.72356987 14.75
v -14.8500004 9.59857082 14.875001
v -14.8500004 9.59857082 14.750001
v -7.4250021 9.59856987 14.750001
v 14.8500004 10.0985689 14.874999
v 14.8500004 10.0985689 14.749999
v 7.42500019 10.0985689 14.749999
v -7.4250021 9.97357082 14.875001
v -7.4250021 9.97357082 14.750001
v 0 9.97356987 14.75
v 14.8500004 9.72356892 14.874999
v 14.8500004 9.72356892 14.749999
v 7.42500019 9.72356892 14.749999
v -14.8500004 9.72357082 14.875001
v -14.8500004 9.72357082 14.750001
v -14.8500004 9.59857082 14.750001
v 14.8500004 9.59856892 15.124999
v 14.8500004 9.59856892 15.249999
v 7.42500019 9.59856892 15.249999
v 0 9.72356987 15.125
v 0 9.84856987 15.125
v -7.4250021 9.84857082 15.125001
v 14.8500004 9.72356892 15.124999
v 14.8500004 9.84856892 15.124999
v 7.42500019 9.84856892 15.124999
v 7.42500019 9.72356892 15.124999
v 7.42500019 9.84856892 15.124999
v 0 9.84856987 15.125
v -7.4250021 9.59856987 15.125001
v -7.4250021 9.59856987 15.250001
v -14.8500004 9.59857082 15.250001
v 14.8500004 9.97356892 15.124999
v 14.8500004 9.97356892 15.249999
v 7.42500019 9.97356892 15.249999
v -7.4250021 9.72357082 15.125001
v -7.4250021 9.84857082 15.125001
v -14.8500004 9.84857082 15.125001
v -14.8500004 9.59857082 15.125001
v -14.8500004 9.59857082 15.250001
v -14.8500004 9.72357082 15.250001
v -7.4250021 9.72357082 15.125001
v -7.4250021 9.72357082 15.250001
v 0 9.72356987 15.25
v -14.8500004 9.97357082 15.125001
v -14.8500004 9.97357082 15.250001
v -14.8500004 10.0985708 15.250001
v -7.4250021 9.84857082 15.125001
v -7.4250021 9.97357082 15.125001
v -14.8500004 9.97357082 15.125001
v 0 9.84856987 15.125
v 0 9.97356987 15.125
v -7.4250021 9.97357082 15.125001
v 7.42500019 9.97356892 15.124999
v 7.42500019 9.97356892 15.249999
v 0 9.97356987 15.25
v 7.42500019 9.84856892 15.124999
v 7.42500019 9.97356892 15.124999
v 0 9.97356987 15.125
v 14.8500004 9.84856892 15.124999
v 14.8500004 9.97356892 15.124999
v 7.42500019 9.97356892 15.124999
v 14.8500004 9.97356892 15.249999
v 14.8500004 10.0985689 15.249999
v 7.42500019 10.0985689 15.249999
v 0 9.97356987 15.25
v 0 10.0985699 15.25
v -7.4250021 10.0985708 15.250001
v 7.42500019 9.59856892 15.249999
v 7.42500019 9.72356892 15.249999
v 0 9.72356987 15.25
v 14.8500004 9.59856892 15.249999
v 14.8500004 9.72356892 15.249999
v 7.42500019 9.72356892 15.249999
v -7.4250021 9.59856987 15.250001
v -7.4250021 9.72357082 15.250001
v -14.8500004 9.72357082 15.250001
v 0 9.59856987 15.25
v 0 9.72356987 15.25
v -7.4250021 9.72357082 15.250001
v -7.4250021 9.97357082 15.250001
v -7.4250021 10.0985708 15.250001
v -14.8500004 10.0985708 15.250001
v 7.42500019 9.97356892 15.249999
v 7.42500019 10.0985689 15.249999
v 0 10.0985699 15.25
v 0 9.72356987 15.125
v 0 9.72356987 15.25
v 7.42500019 9.72356892 15.249999
v 14.8500004 10.0985689 15.124999
v 14.8500004 10.0985689 15.249999
v 14.8500004 9.97356892 15.249999
v 7.42500019 10.0985689 15.124999
v 7.42500019 10.0985689 15.249999
v 14.8500004 10.0985689 15.249999
v -7.4250021 9.97357082 15.125001
v -7.4250021 9.97357082 15.250001
v -14.8500004 9.97357082 15.250001
v 7.42500019 9.72356892 15.124999
v 7.42500019 9.72356892 15.249999
v 14.8500004 9.72356892 15.249999
v -14.8500004 10.0985708 15.125001
v -14.8500004 10.0985708 15.250001
v -7.4250021 10.0985708 15.250001
v 0 9.59856987 15.125
v 0 9.59856987 15.25
v -7.4250021 9.59856987 15.250001
v 0 9.97356987 15.125
v 0 9.97356987 15.25
v -7.4250021 9.97357082 15.250001
v 7.42500019 9.59856892 15.124999
v 7.42500019 9.59856892 15.249999
v 0 9.59856987 15.25
v 0 10.0985699 15.125
v 0 10.0985699 15.25
v 7.42500019 10.0985689 15.249999
v -7.4250021 10.0985708 15.125001
v -7.4250021 10.0985708 15.250001
v 0 10.0985699 15.25
v -14.8500004 9.72357082 15.125001
v -14.8500004 9.72357082 15.250001
v -7.4250021 9.72357082 15.250001
v -7.54875088 9.59856987 15.125001
v -7.67250252 9.59856987 15.125001
v -7.67250252 9.59856987 15.250001
v -7.30125093 0.0985689163 14.750001
v -7.54875088 0.0985689163 14.750001
v -7.54875088 2.47356892 14.750001
v -7.54875088 4.84856892 14.750001
v -7.54875088 7.22356892 14.750001
v -7.30125093 4.84856892 14.750001
v -7.54875088 7.22356892 14.750001
v -7.54875088 9.59856987 14.750001
v -7.30125093 7.22356892 14.750001
v -7.30125093 4.84856892 14.750001
v -7.54875088 7.22356892 14.750001
v -7.30125093 7.22356892 14.750001
v -7.30125093 0.0985689163 14.750001
v -7.54875088 2.47356892 14.750001
v -7.30125093 2.47356892 14.750001
v -7.54875088 2.47356892 14.750001
v -7.54875088 4.84856892 14.750001
v -7.30125093 2.47356892 14.750001
v -7.30125093 4.84856892 14.750001
v -7.30125093 2.47356892 14.750001
v -7.54875088 4.84856892 14.750001
v -7.30125093 4.84856892 15.125001
v -7.1775012 4.84856892 15.125001
v -7.1775012 2.47356892 15.125001
v -7.54875088 0.0985689163 15.250001
v -7.30125093 0.0985689163 15.250001
v -7.30125093 2.47356892 15.250001
v -7.30125093 4.84856892 15.250001
v -7.30125093 7.22356892 15.250001
v -7.54875088 7.22356892 15.250001
v -7.30125093 7.22356892 15.250001
v -7.30125093 9.59856987 15.250001
v -7.54875088 9.59856987 15.250001
v -7.54875088 0.0985689163 15.250001
v -7.30125093 2.47356892 15.250001
v -7.54875088 2.47356892 15.250001
v -7.30125093 2.47356892 15.250001
v -7.30125093 4.84856892 15.250001
v -7.54875088 2.47356892 15.250001
v -7.54875088 7.22356892 15.250001
v -7.54875088 4.84856892 15.250001
v -7.30125093 4.84856892 15.250001
v -7.54875088 4.84856892 15.250001
v -7.54875088 2.47356892 15.250001
v -7.30125093 4.84856892 15.250001
v -7.54875088 0.0985689163 14.875001
v -7.54875088 0.0985689163 14.750001
v -7.30125093 0.0985689163 14.750001
v -7.30125093 0.0985689163 14.875001
v -7.30125093 0.0985689163 15.000001
v -7.54875088 0.0985689163 15.000001
v -7.30125093 0.0985689163 15.000001
v -7.30125093 0.0985689163 15.125001
v -7.54875088 0.0985689163 15.000001
v -7.54875088 0.0985689163 14.875001
v -7.30125093 0.0985689163 14.750001
v -7.30125093 0.0985689163 14.875001
v -7.54875088 0.0985689163 15.250001
v -7.54875088 0.0985689163 15.125001
v -7.30125093 0.0985689163 15.125001
v -7.54875088 0.0985689163 15.125001
v -7.54875088 0.0985689163 15.000001
v -7.30125093 0.0985689163 15.125001
v -7.54875088 0.0985689163 15.000001
v -7.54875088 0.0985689163 14.875001
v -7.30125093 0.0985689163 14.875001
v -7.30125093 9.59856987 14.875001
v -7.30125093 9.59856987 14.750001
v -7.54875088 9.59856987 14.750001
v -7.54875088 9.59856987 14.875001
v -7.54875088 9.59856987 15.000001
v -7.30125093 9.59856987 15.000001
v -7.54875088 9.59856987 15.000001
v -7.54875088 9.59856987 15.125001
v -7.30125093 9.59856987 15.000001
v -7.30125093 9.59856987 14.875001
v -7.54875088 9.59856987 14.750001
v -7.54875088 9.59856987 14.875001
v -7.30125093 9.59856987 15.250001
v -7.30125093 9.59856987 15.125001
v -7.54875088 9.59856987 15.125001
v -7.30125093 9.59856987 15.125001
v -7.30125093 9.59856987 15.000001
v -7.54875088 9.59856987 15.125001
v -7.30125093 9.59856987 15.000001
v -7.30125093 9.59856987 14.875001
v -7.54875088 9.59856987 14.875001
v -7.30125093 7.22356892 14.875001
v -7.1775012 7.22356892 14.875001
v -7.1775012 9.59856987 14.875001
v -7.30125093 4.84856892 14.875001
v -7.30125093 4.84856892 15.000001
v -7.30125093 2.47356892 15.000001
v -7.30125093 9.59856987 14.875001
v -7.30125093 9.59856987 15.000001
v -7.30125093 7.22356892 15.000001
v -7.30125093 7.22356892 14.875001
v -7.30125093 7.22356892 15.000001
v -7.30125093 4.84856892 15.000001
v -7.30125093 4.84856892 14.750001
v -7.1775012 4.84856892 14.750001
v -7.1775012 2.47356892 14.750001
v -7.30125093 2.47356892 15.125001
v -7.1775012 2.47356892 15.125001
v -7.1775012 0.0985689163 15.125001
v -7.30125093 2.47356892 14.875001
v -7.30125093 2.47356892 15.000001
v -7.30125093 0.0985689163 15.000001
v -7.30125093 7.22356892 15.250001
v -7.1775012 7.22356892 15.250001
v -7.1775012 9.59856987 15.250001
v -7.30125093 7.22356892 14.750001
v -7.1775012 7.22356892 14.750001
v -7.1775012 4.84856892 14.750001
v -7.30125093 4.84856892 14.875001
v -7.1775012 4.84856892 14.875001
v -7.1775012 7.22356892 14.875001
v -7.30125093 2.47356892 15.000001
v -7.30125093 2.47356892 15.125001
v -7.30125093 0.0985689163 15.125001
v -7.30125093 4.84856892 15.000001
v -7.30125093 4.84856892 15.125001
v -7.30125093 2.47356892 15.125001
v -7.30125093 9.59856987 14.875001
v -7.1775012 9.59856987 14.875001
v -7.1775012 9.59856987 14.750001
v -7.30125093 7.22356892 15.000001
v -7.30125093 7.22356892 15.125001
v -7.30125093 4.84856892 15.125001
v -7.30125093 9.59856987 15.000001
v -7.30125093 9.59856987 15.125001
v -7.30125093 7.22356892 15.125001
v -7.1775012 9.59856987 15.125001
v -7.1775012 9.59856987 15.250001
v -7.1775012 7.22356892 15.250001
v -7.1775012 4.84856892 15.125001
v -7.1775012 4.84856892 15.250001
v -7.1775012 2.47356892 15.250001
v -7.1775012 7.22356892 14.750001
v -7.1775012 7.22356892 14.875001
v -7.1775012 4.84856892 14.875001
v -7.1775012 9.59856987 14.750001
v -7.1775012 9.59856987 14.875001
v -7.1775012 7.22356892 14.875001
v -7.1775012 2.47356892 14.750001
v -7.1775012 2.47356892 14.875001
v -7.1775012 0.0985689163 14.875001
v -7.1775012 4.84856892 14.750001
v -7.1775012 4.84856892 14.875001
v -7.1775012 2.47356892 14.875001
v -7.1775012 2.47356892 15.125001
v -7.1775012 2.47356892 15.250001
v -7.1775012 0.0985689163 15.250001
v -7.1775012 7.22356892 15.125001
v -7.1775012 7.22356892 15.250001
v -7.1775012 4.84856892 15.250001
v -7.30125093 2.47356892 14.750001
v -7.1775012 2.47356892 14.750001
v -7.1775012 0.0985689163 14.750001
v -7.30125093 0.0985689163 14.750001
v -7.1775012 0.0985689163 14.750001
v -7.1775012 0.0985689163 14.875001
v -7.30125093 4.84856892 15.250001
v -7.1775012 4.84856892 15.250001
v -7.1775012 7.22356892 15.250001
v -7.30125093 9.59856987 15.250001
v -7.1775012 9.59856987 15.250001
v -7.1775012 9.59856987 15.125001
v -7.30125093 2.47356892 15.250001
v -7.1775012 2.47356892 15.250001
v -7.1775012 4.84856892 15.250001
v -7.30125093 0.0985689163 14.875001
v -7.1775012 0.0985689163 14.875001
v -7.1775012 2.47356892 14.875001
v -7.30125093 7.22356892 15.125001
v -7.1775012 7.22356892 15.125001
v -7.1775012 4.84856892 15.125001
v -7.30125093 0.0985689163 15.250001
v -7.1775012 0.0985689163 15.250001
v -7.1775012 2.47356892 15.250001
v -7.30125093 9.59856987 14.750001
v -7.1775012 9.59856987 14.750001
v -7.1775012 7.22356892 14.750001
v -7.30125093 2.47356892 14.875001
v -7.1775012 2.47356892 14.875001
v -7.1775012 4.84856892 14.875001
v -7.30125093 9.59856987 15.125001
v -7.1775012 9.59856987 15.125001
v -7.1775012 7.22356892 15.125001
v -7.30125093 0.0985689163 15.125001
v -7.1775012 0.0985689163 15.125001
v -7.1775012 0.0985689163 15.250001
v -7.54875088 9.59856987 15.250001
v -7.67250252 9.59856987 15.250001
v -7.67250061 7.22356892 15.250001
v -7.54875088 4.84856892 15.125001
v -7.54875088 4.84856892 15.000001
v -7.54875088 2.47356892 15.000001
v -7.54875088 9.59856987 15.125001
v -7.54875088 9.59856987 15.000001
v -7.54875088 7.22356892 15.000001
v -7.54875088 7.22356892 15.125001
v -7.54875088 7.22356892 15.000001
v -7.54875088 4.84856892 15.000001
v -7.54875088 2.47356892 15.250001
v -7.67250061 2.47356892 15.250001
v -7.67250061 0.0985689163 15.250001
v -7.54875088 9.59856987 14.875001
v -7.67250252 9.59856987 14.875001
v -7.67250061 7.22356892 14.875001
v -7.54875088 2.47356892 15.125001
v -7.54875088 2.47356892 15.000001
v -7.54875088 0.0985689163 15.000001
v -7.54875088 0.0985689163 15.250001
v -7.67250061 0.0985689163 15.250001
v -7.67250061 0.0985689163 15.125001
v -7.54875088 2.47356892 15.125001
v -7.67250061 2.47356892 15.125001
v -7.67250061 4.84856892 15.125001
v -7.54875088 0.0985689163 14.875001
v -7.67250061 0.0985689163 14.875001
v -7.67250061 0.0985689163 14.750001
v -7.54875088 2.47356892 15.000001
v -7.54875088 2.47356892 14.875001
v -7.54875088 0.0985689163 14.875001
v -7.54875088 4.84856892 15.000001
v -7.54875088 4.84856892 14.875001
v -7.54875088 2.47356892 14.875001
v -7.54875088 7.22356892 14.875001
v -7.67250061 7.22356892 14.875001
v -7.67250061 4.84856892 14.875001
v -7.54875088 7.22356892 15.000001
v -7.54875088 7.22356892 14.875001
v -7.54875088 4.84856892 14.875001
v -7.54875088 9.59856987 15.000001
v -7.54875088 9.59856987 14.875001
v -7.54875088 7.22356892 14.875001
v -7.67250252 9.59856987 14.875001
v -7.67250252 9.59856987 14.750001
v -7.67250061 7.22356892 14.750001
v -7.67250061 4.84856892 14.875001
v -7.67250061 4.84856892 14.750001
v -7.67250061 2.47356892 14.750001
v -7.67250061 7.22356892 15.250001
v -7.67250061 7.22356892 15.125001
v -7.67250061 4.84856892 15.125001
v -7.67250252 9.59856987 15.250001
v -7.67250252 9.59856987 15.125001
v -7.67250061 7.22356892 15.125001
v -7.67250061 2.47356892 15.250001
v -7.67250061 2.47356892 15.125001
v -7.67250061 0.0985689163 15.125001
v -7.67250061 4.84856892 15.250001
v -7.67250061 4.84856892 15.125001
v -7.67250061 2.47356892 15.125001
v -7.67250061 2.47356892 14.875001
v -7.67250061 2.47356892 14.750001
v -7.67250061 0.0985689163 14.750001
v -7.67250061 7.22356892 14.875001
v -7.67250061 7.22356892 14.750001
v -7.67250061 4.84856892 14.750001
v -7.54875088 4.84856892 15.125001
v -7.67250061 4.84856892 15.125001
v -7.67250061 7.22356892 15.125001
v -7.54875088 9.59856987 14.750001
v -7.67250252 9.59856987 14.750001
v -7.67250252 9.59856987 14.875001
v -7.54875088 7.22356892 14.750001
v -7.67250061 7.22356892 14.750001
v -7.67250252 9.59856987 14.750001
v -7.54875088 2.47356892 14.875001
v -7.67250061 2.47356892 14.875001
v -7.67250061 0.0985689163 14.875001
v -7.54875088 7.22356892 15.125001
v -7.67250061 7.22356892 15.125001
v -7.67250252 9.59856987 15.125001
v -7.54875088 0.0985689163 14.750001
v -7.67250061 0.0985689163 14.750001
v -7.67250061 2.47356892 14.750001
v -7.54875088 4.84856892 15.250001
v -7.67250061 4.84856892 15.250001
v -7.67250061 2.47356892 15.250001
v -7.54875088 4.84856892 14.875001
v -7.67250061 4.84856892 14.875001
v -7.67250061 2.47356892 14.875001
v -7.54875088 7.22356892 15.250001
v -7.67250061 7.22356892 15.250001
v -7.67250061 4.84856892 15.250001
v -7.54875088 4.84856892 14.750001
v -7.67250061 4.84856892 14.750001
v -7.67250061 7.22356892 14.750001
v -7.54875088 2.47356892 14.750001
v -7.67250061 2.47356892 14.750001
v -7.67250061 4.84856892 14.750001
v -7.54875088 0.0985689163 15.125001
v -7.67250061 0.0985689163 15.125001
v -7.67250061 2.47356892 15.125001
v -15 2.59857082 25.0000019
v -7.5 0.0985708237 25
v -7.5 2.59857082 25
v -15 10.0985708 25.0000019
v -7.5 5.09857082 25
v 0 5.09857082 25
v 0 12.5985708 25
v 0 5.09857082 25
v 7.5 5.09857082 25
v 7.5 5.09857082 25
v 15 2.59857082 24.9999981
v 15 5.09857082 24.9999981
v 7.5 2.59857082 25
v 15 0.0985708237 24.9999981
v 15 2.59857082 24.9999981
v -15 5.09857082 25.0000019
v -7.5 2.59857082 25
v -7.5 5.09857082 25
v -7.5 0.0985708237 24.9500008
v -15 2.59857082 24.9500008
v -7.5 2.59857082 24.9500008
v 0 5.09857082 24.9500008
v -7.5 5.09857082 24.9500008
v -15 10.0985708 24.9500008
v 7.5 5.09857082 24.9499989
v 0 5.09857082 24.9500008
v 0 12.5985708 24.9500008
v 15 2.59857082 24.9499989
v 7.5 5.09857082 24.9499989
v 15 5.09857082 24.9499989
v 15 0.0985708237 24.9499989
v 7.5 2.59857082 24.9499989
v 15 2.59857082 24.9499989
v -7.5 2.59857082 24.9500008
v -15 5.09857082 24.9500008
v -7.5 5.09857082 24.9500008
v -7.5 2.59857082 25
v -7.5 5.09857082 24.9500008
v -7.5 5.09857082 25
v -15 2.59857082 25.0000019
v -15 0.0985708237 24.9500008
v -15 0.0985708237 25.0000019
v 15 5.09857082 24.9999981
v 15 10.0985708 24.9499989
v 15 10.0985708 24.9999981
v -7.5 0.0985708237 25
v -7.5 2.59857082 24.9500008
v -7.5 2.59857082 25
v -7.5 5.09857082 25
v 0 5.09857082 24.9500008
v 0 5.09857082 25
v -15 5.09857082 25.0000019
v -15 2.59857082 24.9500008
v -15 2.59857082 25.0000019
v 15 10.0985708 24.9999981
v 0 12.5985708 24.9500008
v 0 12.5985708 25
v 0 5.09857082 25
v 7.5 5.09857082 24.9499989
v 7.5 5.09857082 25
v 15 0.0985708237 24.9999981
v 15 2.59857082 24.9499989
v 15 2.59857082 24.9999981
v 7.5 5.09857082 25
v 7.5 2.59857082 24.9499989
v 7.5 2.59857082 25
v -15 0.0985708237 25.0000019
v -7.5 0.0985708237 24.9500008
v -7.5 0.0985708237 25
v 7.5 2.59857082 25
v 7.5 0.0985708237 24.9499989
v 7.5 0.0985708237 25
v 15 2.59857082 24.9999981
v 15 5.09857082 24.9499989
v 15 5.09857082 24.9999981
v -15 10.0985708 25.0000019
v -15 5.09857082 24.9500008
v -15 5.09857082 25.0000019
v 7.5 0.0985708237 25
v 15 0.0985708237 24.9499989
v 15 0.0985708237 24.9999981
v 0 12.5985708 25
v -15 10.0985708 24.9500008
v -15 10.0985708 25.0000019
v -15 2.59857082 25.0000019
v -15 0.0985708237 25.0000019
v -7.5 0.0985708237 25
v 0 5.09857082 25
v 0 12.5985708 25
v -15 10.0985708 25.0000019
v -15 10.0985708 25.0000019
v -15 5.09857082 25.0000019
v -7.5 5.09857082 25
v 15 5.09857082 24.9999981
v 15 10.0985708 24.9999981
v 7.5 5.09857082 25
v 15 10.0985708 24.9999981
v 0 12.5985708 25
v 7.5 5.09857082 25
v 7.5 5.09857082 25
v 7.5 2.59857082 25
v 15 2.59857082 24.9999981
v 7.5 2.59857082 25
v 7.5 0.0985708237 25
v 15 0.0985708237 24.9999981
v -15 5.09857082 25.0000019
v -15 2.59857082 25.0000019
v -7.5 2.59857082 25
v -7.5 0.0985708237 24.9500008
v -15 0.0985708237 24.9500008
v -15 2.59857082 24.9500008
v -15 10.0985708 24.9500008
v 0 12.5985708 24.9500008
v 0 5.09857082 24.9500008
v -7.5 5.09857082 24.9500008
v -15 5.09857082 24.9500008
v -15 10.0985708 24.9500008
v 0 12.5985708 24.9500008
v 15 10.0985708 24.9499989
v 7.5 5.09857082 24.9499989
v 15 10.0985708 24.9499989
v 15 5.09857082 24.9499989
v 7.5 5.09857082 24.9499989
v 15 2.59857082 24.9499989
v 7.5 2.59857082 24.9499989
v 7.5 5.09857082 24.9499989
v 15 0.0985708237 24.9499989
v 7.5 0.0985708237 24.9499989
v 7.5 2.59857082 24.9499989
v -7.5 2.59857082 24.9500008
v -15 2.59857082 24.9500008
v -15 5.09857082 24.9500008
v -7.5 2.59857082 25
v -7.5 2.59857082 24.9500008
v -7.5 5.09857082 24.9500008
v -15 2.59857082 25.0000019
v -15 2.59857082 24.9500008
v -15 0.0985708237 24.9500008
v 15 5.09857082 24.9999981
v 15 5.09857082 24.9499989
v 15 10.0985708 24.9499989
v -7.5 0.0985708237 25
v -7.5 0.0985708237 24.9500008
v -7.5 2.59857082 24.9500008
v -7.5 5.09857082 25
v -7.5 5.09857082 24.9500008
v 0 5.09857082 24.9500008
v -15 5.09857082 25.0000019
v -15 5.09857082 24.9500008
v -15 2.59857082 24.9500008
v 15 10.0985708 24.9999981
v 15 10.0985708 24.9499989
v 0 12.5985708 24.9500008
v 0 5.09857082 25
v 0 5.09857082 24.9500008
v 7.5 5.09857082 24.9499989
v 15 0.0985708237 24.9999981
v 15 0.0985708237 24.9499989
v 15 2.59857082 24.9499989
v 7.5 5.09857082 25
v 7.5 5.09857082 24.9499989
v 7.5 2.59857082 24.9499989
v -15 0.0985708237 25.0000019
v -15 0.0985708237 24.9500008
v -7.5 0.0985708237 24.9500008
v 7.5 2.59857082 25
v 7.5 2.59857082 24.9499989
v 7.5 0.0985708237 24.9499989
v 15 2.59857082 24.9999981
v 15 2.59857082 24.9499989
v 15 5.09857082 24.9499989
v -15 10.0985708 25.0000019
v -15 10.0985708 24.9500008
v -15 5.09857082 24.9500008
v 7.5 0.0985708237 25
v 7.5 0.0985708237 24.9499989
v 15 0.0985708237 24.9499989
v 0 12.5985708 25
v 0 12.5985708 24.9500008
v -15 10.0985708 24.9500008
v 0 0.0985708237 -25
v 3.75 5.09857082 -25
v 7.5 5.09857082 -25
v 15 6.34857082 -24.9999981
v 11.25 5.09857082 -25
v 11.25 6.50482082 -25
v -3.75 6.81732082 -25
v 0 5.09857082 -25
v -3.75 5.09857082 -25
v -15 0.0985708237 -25.0000019
v -11.25 5.09857082 -25
v -7.5 5.09857082 -25
v -3.75 11.9735708 -25
v 0 10.2552357 -25
v -3.75 10.2548208 -25
v -15 10.0985708 -25.0000019
v -11.25 9.31732082 -25
v -15 8.84857082 -25.0000019
v -11.25 10.7235708 -25
v -7.5 9.78607082 -25
v -11.25 9.31732082 -25
v -7.5 11.3485708 -25
v -3.75 10.2548208 -25
v -7.5 9.78607082 -25
v -15 8.84857082 -25.0000019
v -11.25 7.91107082 -25
v -15 7.59857082 -25.0000019
v -7.5 9.78607082 -25
v -3.75 8.53607082 -25
v -7.5 8.22357082 -25
v -15 7.59857082 -25.0000019
v -11.25 6.50482082 -25
v -15 6.34857082 -25.0000019
v -7.5 8.22357082 -25
v -3.75 6.81732082 -25
v -7.5 6.66107082 -25
v -15 6.34857082 -25.0000019
v -11.25 5.09857082 -25
v -15 5.09857082 -25.0000019
v -11.25 6.50482082 -25
v -7.5 5.09857082 -25
v -11.25 5.09857082 -25
v -7.5 6.66107082 -25
v -3.75 5.09857082 -25
v -7.5 5.09857082 -25
v 15 10.0985708 -24.9999981
v 11.25 9.31732082 -25
v 11.25 10.7235708 -25
v 15 8.84857082 -24.9999981
v 11.25 7.91107082 -25
v 11.25 9.31732082 -25
v 15 7.59857082 -24.9999981
v 11.25 6.50482082 -25
v 11.25 7.91107082 -25
v 3.75 11.9735708 -25
v 0 10.2552357 -25
v 0 12.5985708 -25
v 7.5 11.3485708 -25
v 3.75 10.2548208 -25
v 3.75 11.9735708 -25
v 11.25 10.7235708 -25
v 7.5 9.78607082 -25
v 7.5 11.3485708 -25
v 7.5 9.78607082 -25
v 3.75 8.53607082 -25
v 3.75 10.2548208 -25
v 7.5 8.22357082 -25
v 3.75 6.81732082 -25
v 3.75 8.53607082 -25
v 3.75 6.81732082 -25
v 0 5.09857082 -25
v 0 6.81850672 -25
v 7.5 6.66107082 -25
v 3.75 5.09857082 -25
v 3.75 6.81732082 -25
v 11.25 6.50482082 -25
v 7.5 5.09857082 -25
v 7.5 6.66107082 -25
v 7.5 5.09857082 -24.9499989
v 3.75 5.09857082 -24.9499989
v 0 0.0985708237 -24.9500008
v 11.25 5.09857082 -24.9499989
v 15 6.34857082 -24.9499989
v 11.25 6.50482082 -24.9499989
v -3.75 6.81732082 -24.9500008
v 0 5.09857082 -24.9500008
v 0 6.81850672 -24.9500008
v -7.5 5.09857082 -24.9500008
v -11.25 5.09857082 -24.9500008
v -15 0.0985708237 -24.9500008
v -3.75 11.9735708 -24.9500008
v 0 10.2552357 -24.9500008
v 0 12.5985708 -24.9500008
v -15 10.0985708 -24.9500008
v -11.25 9.31732082 -24.9500008
v -11.25 10.7235708 -24.9500008
v -11.25 10.7235708 -24.9500008
v -7.5 9.78607082 -24.9500008
v -7.5 11.3485708 -24.9500008
v -7.5 11.3485708 -24.9500008
v -3.75 10.2548208 -24.9500008
v -3.75 11.9735708 -24.9500008
v -15 8.84857082 -24.9500008
v -11.25 7.91107082 -24.9500008
v -11.25 9.31732082 -24.9500008
v -7.5 9.78607082 -24.9500008
v -3.75 8.53607082 -24.9500008
v -3.75 10.2548208 -24.9500008
v -15 7.59857082 -24.9500008
v -11.25 6.50482082 -24.9500008
v -11.25 7.91107082 -24.9500008
v -7.5 8.22357082 -24.9500008
v -3.75 6.81732082 -24.9500008
v -3.75 8.53607082 -24.9500008
v -15 6.34857082 -24.9500008
v -11.25 5.09857082 -24.9500008
v -11.25 6.50482082 -24.9500008
v -11.25 6.50482082 -24.9500008
v -7.5 5.09857082 -24.9500008
v -7.5 6.66107082 -24.9500008
v -7.5 6.66107082 -24.9500008
v -3.75 5.09857082 -24.9500008
v -3.75 6.81732082 -24.9500008
v 11.25 9.31732082 -24.9499989
v 15 10.0985708 -24.9499989
v 11.25 10.7235708 -24.9499989
v 11.25 7.91107082 -24.9499989
v 15 8.84857082 -24.9499989
v 11.25 9.31732082 -24.9499989
v 11.25 6.50482082 -24.9499989
v 15 7.59857082 -24.9499989
v 11.25 7.91107082 -24.9499989
v 0 10.2552357 -24.9500008
v 3.75 11.9735708 -24.9500008
v 0 12.5985708 -24.9500008
v 3.75 10.2548208 -24.9500008
v 7.5 11.3485708 -24.9499989
v 3.75 11.9735708 -24.9500008
v 7.5 9.78607082 -24.9499989
v 11.25 10.7235708 -24.9499989
v 7.5 11.3485708 -24.9499989
v 3.75 8.53607082 -24.9499989
v 7.5 9.78607082 -24.9499989
v 3.75 10.2548208 -24.9500008
v 3.75 6.81732082 -24.9499989
v 7.5 8.22357082 -24.9499989
v 3.75 8.53607082 -24.9499989
v 0 5.09857082 -24.9500008
v 3.75 6.81732082 -24.9499989
v 0 6.81850672 -24.9500008
v 3.75 5.09857082 -24.9499989
v 7.5 6.66107082 -24.9499989
v 3.75 6.81732082 -24.9499989
v 7.5 5.09857082 -24.9499989
v 11.25 6.50482082 -24.9499989
v 7.5 6.66107082 -24.9499989
v -11.25 6.50482082 -25
v -11.25 7.91107082 -24.9500008
v -11.25 6.50482082 -24.9500008
v 15 5.09857082 -24.9999981
v 15 0.0985708237 -24.9499989
v 15 0.0985708237 -24.9999981
v -15 8.84857082 -25.0000019
v -15 10.0985708 -24.9500008
v -15 10.0985708 -25.0000019
v -7.5 6.66107082 -25
v -7.5 8.22357082 -24.9500008
v -7.5 8.22357082 -25
v 11.25 6.50482082 -25
v 7.5 6.66107082 -24.9499989
v 11.25 6.50482082 -24.9499989
v -15 7.59857082 -25.0000019
v -15 8.84857082 -24.9500008
v -15 8.84857082 -25.0000019
v -3.75 6.81732082 -25
v -3.75 8.53607082 -24.9500008
v -3.75 6.81732082 -24.9500008
v -15 6.34857082 -25.0000019
v -15 7.59857082 -24.9500008
v -15 7.59857082 -25.0000019
v -3.75 6.81732082 -25
v 0 6.81850672 -24.9500008
v 0 6.81850672 -25
v -3.75 11.9735708 -25
v 0 12.5985708 -24.9500008
v 0 12.5985708 -25
v -11.25 6.50482082 -25
v -7.5 6.66107082 -24.9500008
v -7.5 6.66107082 -25
v 3.75 8.53607082 -25
v 3.75 10.2548208 -24.9500008
v 3.75 10.2548208 -25
v -7.5 11.3485708 -25
v -3.75 11.9735708 -24.9500008
v -3.75 11.9735708 -25
v 7.5 8.22357082 -25
v 7.5 9.78607082 -24.9499989
v 7.5 8.22357082 -24.9499989
v -15 10.0985708 -25.0000019
v -11.25 10.7235708 -24.9500008
v -11.25 10.7235708 -25
v 3.75 10.2548208 -25
v 0 10.2552357 -24.9500008
v 0 10.2552357 -25
v -11.25 10.7235708 -25
v -7.5 11.3485708 -24.9500008
v -7.5 11.3485708 -25
v 11.25 7.91107082 -25
v 11.25 9.31732082 -24.9499989
v 11.25 9.31732082 -25
v -15 0.0985708237 -25.0000019
v -15 5.09857082 -24.9500008
v -15 5.09857082 -25.0000019
v 15 6.34857082 -24.9999981
v 15 5.09857082 -24.9499989
v 15 5.09857082 -24.9999981
v 3.75 6.81732082 -25
v 3.75 8.53607082 -24.9499989
v 3.75 8.53607082 -25
v 15 0.0985708237 -24.9999981
v 0 0.0985708237 -24.9500008
v 0 0.0985708237 -25
v 11.25 9.31732082 -25
v 7.5 9.78607082 -24.9499989
v 7.5 9.78607082 -25
v 15 7.59857082 -24.9999981
v 15 6.34857082 -24.9499989
v 15 6.34857082 -24.9999981
v 7.5 6.66107082 -25
v 7.5 8.22357082 -24.9499989
v 7.5 6.66107082 -24.9499989
v 15 10.0985708 -24.9999981
v 15 8.84857082 -24.9499989
v 15 8.84857082 -24.9999981
v 15 8.84857082 -24.9999981
v 15 7.59857082 -24.9499989
v 15 7.59857082 -24.9999981
v -11.25 7.91107082 -25
v -11.25 9.31732082 -24.9500008
v -11.25 7.91107082 -24.9500008
v 11.25 6.50482082 -25
v 11.25 7.91107082 -24.9499989
v 11.25 7.91107082 -25
v 3.75 11.9735708 -25
v 0 12.5985708 -24.9500008
v 3.75 11.9735708 -24.9500008
v 0 10.2552357 -25
v -3.75 10.2548208 -24.9500008
v -3.75 10.2548208 -25
v 15 10.0985708 -24.9999981
v 11.25 10.7235708 -24.9499989
v 15 10.0985708 -24.9499989
v -7.5 8.22357082 -25
v -7.5 9.78607082 -24.9500008
v -7.5 9.78607082 -25
v -15 5.09857082 -25.0000019
v -15 6.34857082 -24.9500008
v -15 6.34857082 -25.0000019
v 11.25 10.7235708 -25
v 7.5 11.3485708 -24.9499989
v 11.25 10.7235708 -24.9499989
v -3.75 8.53607082 -25
v -3.75 10.2548208 -24.9500008
v -3.75 8.53607082 -24.9500008
v 0 0.0985708237 -25
v -15 0.0985708237 -24.9500008
v -15 0.0985708237 -25.0000019
v -11.25 9.31732082 -25
v -7.5 9.78607082 -24.9500008
v -11.25 9.31732082 -24.9500008
v 0 6.81850672 -25
v 3.75 6.81732082 -24.9499989
v 3.75 6.81732082 -25
v 7.5 11.3485708 -25
v 3.75 11.9735708 -24.9500008
v 7.5 11.3485708 -24.9499989
v 0 0.0985708237 -25
v 0 5.09857082 -25
v 3.75 5.09857082 -25
v 7.5 5.09857082 -25
v 11.25 5.09857082 -25
v 15 0.0985708237 -24.9999981
v 11.25 5.09857082 -25
v 15 5.09857082 -24.9999981
v 15 0.0985708237 -24.9999981
v 7.5 5.09857082 -25
v 15 0.0985708237 -24.9999981
v 0 0.0985708237 -25
v 15 6.34857082 -24.9999981
v 15 5.09857082 -24.9999981
v 11.25 5.09857082 -25
v -3.75 6.81732082 -25
v 0 6.81850672 -25
v 0 5.09857082 -25
v -15 0.0985708237 -25.0000019
v -15 5.09857082 -25.0000019
v -11.25 5.09857082 -25
v -7.5 5.09857082 -25
v -3.75 5.09857082 -25
v 0 0.0985708237 -25
v -3.75 5.09857082 -25
v 0 5.09857082 -25
v 0 0.0985708237 -25
v -7.5 5.09857082 -25
v 0 0.0985708237 -25
v -15 0.0985708237 -25.0000019
v -3.75 11.9735708 -25
v 0 12.5985708 -25
v 0 10.2552357 -25
v -15 10.0985708 -25.0000019
v -11.25 10.7235708 -25
v -11.25 9.31732082 -25
v -11.25 10.7235708 -25
v -7.5 11.3485708 -25
v -7.5 9.78607082 -25
v -7.5 11.3485708 -25
v -3.75 11.9735708 -25
v -3.75 10.2548208 -25
v -15 8.84857082 -25.0000019
v -11.25 9.31732082 -25
v -11.25 7.91107082 -25
v -7.5 9.78607082 -25
v -3.75 10.2548208 -25
v -3.75 8.53607082 -25
v -15 7.59857082 -25.0000019
v -11.25 7.91107082 -25
v -11.25 6.50482082 -25
v -7.5 8.22357082 -25
v -3.75 8.53607082 -25
v -3.75 6.81732082 -25
v -15 6.34857082 -25.0000019
v -11.25 6.50482082 -25
v -11.25 5.09857082 -25
v -11.25 6.50482082 -25
v -7.5 6.66107082 -25
v -7.5 5.09857082 -25
v -7.5 6.66107082 -25
v -3.75 6.81732082 -25
v -3.75 5.09857082 -25
v 15 10.0985708 -24.9999981
v 15 8.84857082 -24.9999981
v 11.25 9.31732082 -25
v 15 8.84857082 -24.9999981
v 15 7.59857082 -24.9999981
v 11.25 7.91107082 -25
v 15 7.59857082 -24.9999981
v 15 6.34857082 -24.9999981
v 11.25 6.50482082 -25
v 3.75 11.9735708 -25
v 3.75 10.2548208 -25
v 0 10.2552357 -25
v 7.5 11.3485708 -25
v 7.5 9.78607082 -25
v 3.75 10.2548208 -25
v 11.25 10.7235708 -25
v 11.25 9.31732082 -25
v 7.5 9.78607082 -25
v 7.5 9.78607082 -25
v 7.5 8.22357082 -25
v 3.75 8.53607082 -25
v 7.5 8.22357082 -25
v 7.5 6.66107082 -25
v 3.75 6.81732082 -25
v 3.75 6.81732082 -25
v 3.75 5.09857082 -25
v 0 5.09857082 -25
v 7.5 6.66107082 -25
v 7.5 5.09857082 -25
v 3.75 5.09857082 -25
v 11.25 6.50482082 -25
v 11.25 5.09857082 -25
v 7.5 5.09857082 -25
v 3.75 5.09857082 -24.9499989
v 0 5.09857082 -24.9500008
v 0 0.0985708237 -24.9500008
v 0 0.0985708237 -24.9500008
v 15 0.0985708237 -24.9499989
v 7.5 5.09857082 -24.9499989
v 15 0.0985708237 -24.9499989
v 15 5.09857082 -24.9499989
v 11.25 5.09857082 -24.9499989
v 11.25 5.09857082 -24.9499989
v 7.5 5.09857082 -24.9499989
v 15 0.0985708237 -24.9499989
v 11.25 5.09857082 -24.9499989
v 15 5.09857082 -24.9499989
v 15 6.34857082 -24.9499989
v -3.75 6.81732082 -24.9500008
v -3.75 5.09857082 -24.9500008
v 0 5.09857082 -24.9500008
v -11.25 5.09857082 -24.9500008
v -15 5.09857082 -24.9500008
v -15 0.0985708237 -24.9500008
v -15 0.0985708237 -24.9500008
v 0 0.0985708237 -24.9500008
v -7.5 5.09857082 -24.9500008
v 0 0.0985708237 -24.9500008
v 0 5.09857082 -24.9500008
v -3.75 5.09857082 -24.9500008
v -3.75 5.09857082 -24.9500008
v -7.5 5.09857082 -24.9500008
v 0 0.0985708237 -24.9500008
v -3.75 11.9735708 -24.9500008
v -3.75 10.2548208 -24.9500008
v 0 10.2552357 -24.9500008
v -15 10.0985708 -24.9500008
v -15 8.84857082 -24.9500008
v -11.25 9.31732082 -24.9500008
v -11.25 10.7235708 -24.9500008
v -11.25 9.31732082 -24.9500008
v -7.5 9.78607082 -24.9500008
v -7.5 11.3485708 -24.9500008
v -7.5 9.78607082 -24.9500008
v -3.75 10.2548208 -24.9500008
v -15 8.84857082 -24.9500008
v -15 7.59857082 -24.9500008
v -11.25 7.91107082 -24.9500008
v -7.5 9.78607082 -24.9500008
v -7.5 8.22357082 -24.9500008
v -3.75 8.53607082 -24.9500008
v -15 7.59857082 -24.9500008
v -15 6.34857082 -24.9500008
v -11.25 6.50482082 -24.9500008
v -7.5 8.22357082 -24.9500008
v -7.5 6.66107082 -24.9500008
v -3.75 6.81732082 -24.9500008
v -15 6.34857082 -24.9500008
v -15 5.09857082 -24.9500008
v -11.25 5.09857082 -24.9500008
v -11.25 6.50482082 -24.9500008
v -11.25 5.09857082 -24.9500008
v -7.5 5.09857082 -24.9500008
v -7.5 6.66107082 -24.9500008
v -7.5 5.09857082 -24.9500008
v -3.75 5.09857082 -24.9500008
v 11.25 9.31732082 -24.9499989
v 15 8.84857082 -24.9499989
v 15 10.0985708 -24.9499989
v 11.25 7.91107082 -24.9499989
v 15 7.59857082 -24.9499989
v 15 8.84857082 -24.9499989
v 11.25 6.50482082 -24.9499989
v 15 6.34857082 -24.9499989
v 15 7.59857082 -24.9499989
v 0 10.2552357 -24.9500008
v 3.75 10.2548208 -24.9500008
v 3.75 11.9735708 -24.9500008
v 3.75 10.2548208 -24.9500008
v 7.5 9.78607082 -24.9499989
v 7.5 11.3485708 -24.9499989
v 7.5 9.78607082 -24.9499989
v 11.25 9.31732082 -24.9499989
v 11.25 10.7235708 -24.9499989
v 3.75 8.53607082 -24.9499989
v 7.5 8.22357082 -24.9499989
v 7.5 9.78607082 -24.9499989
v 3.75 6.81732082 -24.9499989
v 7.5 6.66107082 -24.9499989
v 7.5 8.22357082 -24.9499989
v 0 5.09857082 -24.9500008
v 3.75 5.09857082 -24.9499989
v 3.75 6.81732082 -24.9499989
v 3.75 5.09857082 -24.9499989
v 7.5 5.09857082 -24.9499989
v 7.5 6.66107082 -24.9499989
v 7.5 5.09857082 -24.9499989
v 11.25 5.09857082 -24.9499989
v 11.25 6.50482082 -24.9499989
v -11.25 6.50482082 -25
v -11.25 7.91107082 -25
v -11.25 7.91107082 -24.9500008
v 15 5.09857082 -24.9999981
v 15 5.09857082 -24.9499989
v 15 0.0985708237 -24.9499989
v -15 8.84857082 -25.0000019
v -15 8.84857082 -24.9500008
v -15 10.0985708 -24.9500008
v -7.5 6.66107082 -25
v -7.5 6.66107082 -24.9500008
v -7.5 8.22357082 -24.9500008
v 11.25 6.50482082 -25
v 7.5 6.66107082 -25
v 7.5 6.66107082 -24.9499989
v -15 7.59857082 -25.0000019
v -15 7.59857082 -24.9500008
v -15 8.84857082 -24.9500008
v -3.75 6.81732082 -25
v -3.75 8.53607082 -25
v -3.75 8.53607082 -24.9500008
v -15 6.34857082 -25.0000019
v -15 6.34857082 -24.9500008
v -15 7.59857082 -24.9500008
v -3.75 6.81732082 -25
v -3.75 6.81732082 -24.9500008
v 0 6.81850672 -24.9500008
v -3.75 11.9735708 -25
v -3.75 11.9735708 -24.9500008
v 0 12.5985708 -24.9500008
v -11.25 6.50482082 -25
v -11.25 6.50482082 -24.9500008
v -7.5 6.66107082 -24.9500008
v 3.75 8.53607082 -25
v 3.75 8.53607082 -24.9499989
v 3.75 10.2548208 -24.9500008
v -7.5 11.3485708 -25
v -7.5 11.3485708 -24.9500008
v -3.75 11.9735708 -24.9500008
v 7.5 8.22357082 -25
v 7.5 9.78607082 -25
v 7.5 9.78607082 -24.9499989
v -15 10.0985708 -25.0000019
v -15 10.0985708 -24.9500008
v -11.25 10.7235708 -24.9500008
v 3.75 10.2548208 -25
v 3.75 10.2548208 -24.9500008
v 0 10.2552357 -24.9500008
v -11.25 10.7235708 -25
v -11.25 10.7235708 -24.9500008
v -7.5 11.3485708 -24.9500008
v 11.25 7.91107082 -25
v 11.25 7.91107082 -24.9499989
v 11.25 9.31732082 -24.9499989
v -15 0.0985708237 -25.0000019
v -15 0.0985708237 -24.9500008
v -15 5.09857082 -24.9500008
v 15 6.34857082 -24.9999981
v 15 6.34857082 -24.9499989
v 15 5.09857082 -24.9499989
v 3.75 6.81732082 -25
v 3.75 6.81732082 -24.9499989
v 3.75 8.53607082 -24.9499989
v 15 0.0985708237 -24.9999981
v 15 0.0985708237 -24.9499989
v 0 0.0985708237 -24.9500008
v 11.25 9.31732082 -25
v 11.25 9.31732082 -24.9499989
v 7.5 9.78607082 -24.9499989
v 15 7.59857082 -24.9999981
v 15 7.59857082 -24.9499989
v 15 6.34857082 -24.9499989
v 7.5 6.66107082 -25
v 7.5 8.22357082 -25
v 7.5 8.22357082 -24.9499989
v 15 10.0985708 -24.9999981
v 15 10.0985708 -24.9499989
v 15 8.84857082 -24.9499989
v 15 8.84857082 -24.9999981
v 15 8.84857082 -24.9499989
v 15 7.59857082 -24.9499989
v -11.25 7.91107082 -25
v -11.25 9.31732082 -25
v -11.25 9.31732082 -24.9500008
v 11.25 6.50482082 -25
v 11.25 6.50482082 -24.9499989
v 11.25 7.91107082 -24.9499989
v 3.75 11.9735708 -25
v 0 12.5985708 -25
v 0 12.5985708 -24.9500008
v 0 10.2552357 -25
v 0 10.2552357 -24.9500008
v -3.75 10.2548208 -24.9500008
v 15 10.0985708 -24.9999981
v 11.25 10.7235708 -25
v 11.25 10.7235708 -24.9499989
v -7.5 8.22357082 -25
v -7.5 8.22357082 -24.9500008
v -7.5 9.78607082 -24.9500008
v -15 5.09857082 -25.0000019
v -15 5.09857082 -24.9500008
v -15 6.34857082 -24.9500008
v 11.25 10.7235708 -25
v 7.5 11.3485708 -25
v 7.5 11.3485708 -24.9499989
v -3.75 8.53607082 -25
v -3.75 10.2548208 -25
v -3.75 10.2548208 -24.9500008
v 0 0.0985708237 -25
v 0 0.0985708237 -24.9500008
v -15 0.0985708237 -24.9500008
v -11.25 9.31732082 -25
v -7.5 9.78607082 -25
v -7.5 9.78607082 -24.9500008
v 0 6.81850672 -25
v 0 6.81850672 -24.9500008
v 3.75 6.81732082 -24.9499989
v 7.5 11.3485708 -25
v 3.75 11.9735708 -25
v 3.75 11.9735708 -24.9500008
v 15 8.09857082 -25
v 15 10.0985708 -15.000001
v 15 8.09857082 -15.000001
v 15 0.0985708237 -25
v 15 2.09857082 -15.000001
v 15 0.0985708237 -15.000001
v 15 2.09857082 -25
v 15 4.09857082 -15.000001
v 15 2.09857082 -15.000001
v 15 4.09857082 -25
v 15 6.09857082 -15.000001
v 15 4.09857082 -15.000001
v 15 6.09857082 -25
v 15 8.09857082 -15.000001
v 15 6.09857082 -15.000001
v 15 0.0985708237 15.000001
v 15 2.09857082 25
v 15 0.0985708237 25
v 15 0.0985708237 5
v 15 2.09857082 15.000001
v 15 0.0985708237 15.000001
v 15 0.0985708237 -5
v 15 2.09857082 5
v 15 0.0985708237 5
v 15 0.0985708237 -15.000001
v 15 2.09857082 -5
v 15 0.0985708237 -5
v 15 2.09857082 15.000001
v 15 4.09857082 25
v 15 2.09857082 25
v 15 2.09857082 5
v 15 4.09857082 15.000001
v 15 2.09857082 15.000001
v 15 2.09857082 -5
v 15 4.09857082 5
v 15 2.09857082 5
v 15 2.09857082 -15.000001
v 15 4.09857082 -5
v 15 2.09857082 -5
v 15 4.09857082 15.000001
v 15 6.09857082 25
v 15 4.09857082 25
v 15 4.09857082 5
v 15 6.09857082 15.000001
v 15 4.09857082 15.000001
v 15 4.09857082 -5
v 15 6.09857082 5
v 15 4.09857082 5
v 15 4.09857082 -15.000001
v 15 6.09857082 -5
v 15 4.09857082 -5
v 15 6.09857082 15.000001
v 15 8.09857082 25
v 15 6.09857082 25
v 15 6.09857082 -5
v 15 8.09857082 5
v 15 6.09857082 5
v 15 8.09857082 15.000001
v 15 10.0985708 25
v 15 8.09857082 25
v 15 8.09857082 5
v 15 10.0985708 15.000001
v 15 8.09857082 15.000001
v 15 8.09857082 -5
v 15 10.0985708 5
v 15 8.09857082 5
v 15 8.09857082 -15.000001
v 15 10.0985708 -5
v 15 8.09857082 -5
v 14.9499998 10.0985708 -15.000001
v 14.9499998 8.09857082 -25
v 14.9499998 8.09857082 -15.000001
v 14.9499998 2.09857082 -15.000001
v 14.9499998 0.0985708237 -25
v 14.9499998 0.0985708237 -15.000001
v 14.9499998 4.09857082 -15.000001
v 14.9499998 2.09857082 -25
v 14.9499998 2.09857082 -15.000001
v 14.9499998 6.09857082 -15.000001
v 14.9499998 4.09857082 -25
v 14.9499998 4.09857082 -15.000001
v 14.9499998 8.09857082 -15.000001
v 14.9499998 6.09857082 -25
v 14.9499998 6.09857082 -15.000001
v 14.9499998 2.09857082 25
v 14.9499998 0.0985708237 15.000001
v 14.9499998 0.0985708237 25
v 14.9499998 2.09857082 15.000001
v 14.9499998 0.0985708237 5
v 14.9499998 0.0985708237 15.000001
v 14.9499998 2.09857082 5
v 14.9499998 0.0985708237 -5
v 14.9499998 0.0985708237 5
v 14.9499998 2.09857082 -5
v 14.9499998 0.0985708237 -15.000001
v 14.9499998 0.0985708237 -5
v 14.9499998 4.09857082 25
v 14.9499998 2.09857082 15.000001
v 14.9499998 2.09857082 25
v 14.9499998 4.09857082 15.000001
v 14.9499998 2.09857082 5
v 14.9499998 2.09857082 15.000001
v 14.9499998 4.09857082 5
v 14.9499998 2.09857082 -5
v 14.9499998 2.09857082 5
v 14.9499998 4.09857082 -5
v 14.9499998 2.09857082 -15.000001
v 14.9499998 2.09857082 -5
v 14.9499998 6.09857082 25
v 14.9499998 4.09857082 15.000001
v 14.9499998 4.09857082 25
v 14.9499998 6.09857082 15.000001
v 14.9499998 4.09857082 5
v 14.9499998 4.09857082 15.000001
v 14.9499998 6.09857082 5
v 14.9499998 4.09857082 -5
v 14.9499998 4.09857082 5
v 14.9499998 6.09857082 -5
v 14.9499998 4.09857082 -15.000001
v 14.9499998 4.09857082 -5
v 14.9499998 8.09857082 25
v 14.9499998 6.09857082 15.000001
v 14.9499998 6.09857082 25
v 14.9499998 8.09857082 5
v 14.9499998 6.09857082 -5
v 14.9499998 6.09857082 5
v 14.9499998 10.0985708 25
v 14.9499998 8.09857082 15.000001
v 14.9499998 8.09857082 25
v 14.9499998 10.0985708 15.000001
v 14.9499998 8.09857082 5
v 14.9499998 8.09857082 15.000001
v 14.9499998 10.0985708 5
v 14.9499998 8.09857082 -5
v 14.9499998 8.09857082 5
v 14.9499998 10.0985708 -5
v 14.9499998 8.09857082 -15.000001
v 14.9499998 8.09857082 -5
v 15 8.09857082 25
v 14.9499998 6.09857082 25
v 15 6.09857082 25
v 15 6.09857082 15.000001
v 14.9499998 8.09857082 15.000001
v 15 8.09857082 15.000001
v 15 10.0985708 15.000001
v 14.9499998 10.0985708 25
v 15 10.0985708 25
v 15 8.09857082 -5
v 14.9499998 8.09857082 -15.000001
v 15 8.09857082 -15.000001
v 15 8.09857082 5
v 14.9499998 6.09857082 5
v 15 6.09857082 5
v 15 10.0985708 5
v 14.9499998 10.0985708 15.000001
v 15 10.0985708 15.000001
v 15 0.0985708237 25
v 14.9499998 0.0985708237 15.000001
v 15 0.0985708237 15.000001
v 15 6.09857082 -5
v 14.9499998 8.09857082 -5
v 15 8.09857082 -5
v 15 10.0985708 -5
v 14.9499998 10.0985708 5
v 15 10.0985708 5
v 15 10.0985708 25
v 14.9499998 8.09857082 25
v 15 8.09857082 25
v 15 8.09857082 -15.000001
v 14.9499998 6.09857082 -15.000001
v 15 6.09857082 -15.000001
v 15 10.0985708 -15.000001
v 14.9499998 10.0985708 -5
v 15 10.0985708 -5
v 15 10.0985708 -25
v 14.9499998 10.0985708 -15.000001
v 15 10.0985708 -15.000001
v 15 8.09857082 -25
v 14.9499998 10.0985708 -25
v 15 10.0985708 -25
v 15 0.0985708237 -25
v 14.9499998 2.09857082 -25
v 15 2.09857082 -25
v 15 6.09857082 -25
v 14.9499998 8.09857082 -25
v 15 8.09857082 -25
v 15 0.0985708237 -15.000001
v 14.9499998 0.0985708237 -25
v 15 0.0985708237 -25
v 15 4.09857082 -25
v 14.9499998 6.09857082 -25
v 15 6.09857082 -25
v 15 0.0985708237 -5
v 14.9499998 0.0985708237 -15.000001
v 15 0.0985708237 -15.000001
v 15 6.09857082 5
v 14.9499998 6.09857082 15.000001
v 15 6.09857082 15.000001
v 15 2.09857082 -25
v 14.9499998 4.09857082 -25
v 15 4.09857082 -25
v 15 0.0985708237 5
v 14.9499998 0.0985708237 -5
v 15 0.0985708237 -5
v 15 0.0985708237 15.000001
v 14.9499998 0.0985708237 5
v 15 0.0985708237 5
v 15 6.09857082 -15.000001
v 14.9499998 6.09857082 -5
v 15 6.09857082 -5
v 15 2.09857082 25
v 14.9499998 0.0985708237 25
v 15 0.0985708237 25
v 15 4.09857082 25
v 14.9499998 2.09857082 25
v 15 2.09857082 25
v 15 6.09857082 25
v 14.9499998 4.09857082 25
v 15 4.09857082 25
v 15 8.09857082 15.000001
v 14.9499998 8.09857082 5
v 15 8.09857082 5
v 15 8.09857082 -25
v 15 10.0985708 -25
v 15 10.0985708 -15.000001
v 15 0.0985708237 -25
v 15 2.09857082 -25
v 15 2.09857082 -15.000001
v 15 2.09857082 -25
v 15 4.09857082 -25
v 15 4.09857082 -15.000001
v 15 4.09857082 -25
v 15 6.09857082 -25
v 15 6.09857082 -15.000001
v 15 6.09857082 -25
v 15 8.09857082 -25
v 15 8.09857082 -15.000001
v 15 0.0985708237 15.000001
v 15 2.09857082 15.000001
v 15 2.09857082 25
v 15 0.0985708237 5
v 15 2.09857082 5
v 15 2.09857082 15.000001
v 15 0.0985708237 -5
v 15 2.09857082 -5
v 15 2.09857082 5
v 15 0.0985708237 -15.000001
v 15 2.09857082 -15.000001
v 15 2.09857082 -5
v 15 2.09857082 15.000001
v 15 4.09857082 15.000001
v 15 4.09857082 25
v 15 2.09857082 5
v 15 4.09857082 5
v 15 4.09857082 15.000001
v 15 2.09857082 -5
v 15 4.09857082 -5
v 15 4.09857082 5
v 15 2.09857082 -15.000001
v 15 4.09857082 -15.000001
v 15 4.09857082 -5
v 15 4.09857082 15.000001
v 15 6.09857082 15.000001
v 15 6.09857082 25
v 15 4.09857082 5
v 15 6.09857082 5
v 15 6.09857082 15.000001
v 15 4.09857082 -5
v 15 6.09857082 -5
v 15 6.09857082 5
v 15 4.09857082 -15.000001
v 15 6.09857082 -15.000001
v 15 6.09857082 -5
v 15 6.09857082 15.000001
v 15 8.09857082 15.000001
v 15 8.09857082 25
v 15 6.09857082 -5
v 15 8.09857082 -5
v 15 8.09857082 5
v 15 8.09857082 15.000001
v 15 10.0985708 15.000001
v 15 10.0985708 25
v 15 8.09857082 5
v 15 10.0985708 5
v 15 10.0985708 15.000001
v 15 8.09857082 -5
v 15 10.0985708 -5
v 15 10.0985708 5
v 15 8.09857082 -15.000001
v 15 10.0985708 -15.000001
v 15 10.0985708 -5
v 14.9499998 10.0985708 -15.000001
v 14.9499998 10.0985708 -25
v 14.9499998 8.09857082 -25
v 14.9499998 2.09857082 -15.000001
v 14.9499998 2.09857082 -25
v 14.9499998 0.0985708237 -25
v 14.9499998 4.09857082 -15.000001
v 14.9499998 4.09857082 -25
v 14.9499998 2.09857082 -25
v 14.9499998 6.09857082 -15.000001
v 14.9499998 6.09857082 -25
v 14.9499998 4.09857082 -25
v 14.9499998 8.09857082 -15.000001
v 14.9499998 8.09857082 -25
v 14.9499998 6.09857082 -25
v 14.9499998 2.09857082 25
v 14.9499998 2.09857082 15.000001
v 14.9499998 0.0985708237 15.000001
v 14.9499998 2.09857082 15.000001
v 14.9499998 2.09857082 5
v 14.9499998 0.0985708237 5
v 14.9499998 2.09857082 5
v 14.9499998 2.09857082 -5
v 14.9499998 0.0985708237 -5
v 14.9499998 2.09857082 -5
v 14.9499998 2.09857082 -15.000001
v 14.9499998 0.0985708237 -15.000001
v 14.9499998 4.09857082 25
v 14.9499998 4.09857082 15.000001
v 14.9499998 2.09857082 15.000001
v 14.9499998 4.09857082 15.000001
v 14.9499998 4.09857082 5
v 14.9499998 2.09857082 5
v 14.9499998 4.09857082 5
v 14.9499998 4.09857082 -5
v 14.9499998 2.09857082 -5
v 14.9499998 4.09857082 -5
v 14.9499998 4.09857082 -15.000001
v 14.9499998 2.09857082 -15.000001
v 14.9499998 6.09857082 25
v 14.9499998 6.09857082 15.000001
v 14.9499998 4.09857082 15.000001
v 14.9499998 6.09857082 15.000001
v 14.9499998 6.09857082 5
v 14.9499998 4.09857082 5
v 14.9499998 6.09857082 5
v 14.9499998 6.09857082 -5
v 14.9499998 4.09857082 -5
v 14.9499998 6.09857082 -5
v 14.9499998 6.09857082 -15.000001
v 14.9499998 4.09857082 -15.000001
v 14.9499998 8.09857082 25
v 14.9499998 8.09857082 15.000001
v 14.9499998 6.09857082 15.000001
v 14.9499998 8.09857082 5
v 14.9499998 8.09857082 -5
v 14.9499998 6.09857082 -5
v 14.9499998 10.0985708 25
v 14.9499998 10.0985708 15.000001
v 14.9499998 8.09857082 15.000001
v 14.9499998 10.0985708 15.000001
v 14.9499998 10.0985708 5
v 14.9499998 8.09857082 5
v 14.9499998 10.0985708 5
v 14.9499998 10.0985708 -5
v 14.9499998 8.09857082 -5
v 14.9499998 10.0985708 -5
v 14.9499998 10.0985708 -15.000001
v 14.9499998 8.09857082 -15.000001
v 15 8.09857082 25
v 14.9499998 8.09857082 25
v 14.9499998 6.09857082 25
v 15 6.09857082 15.000001
v 14.9499998 6.09857082 15.000001
v 14.9499998 8.09857082 15.000001
v 15 10.0985708 15.000001
v 14.9499998 10.0985708 15.000001
v 14.9499998 10.0985708 25
v 15 8.09857082 -5
v 14.9499998 8.09857082 -5
v 14.9499998 8.09857082 -15.000001
v 15 8.09857082 5
v 14.9499998 8.09857082 5
v 14.9499998 6.09857082 5
v 15 10.0985708 5
v 14.9499998 10.0985708 5
v 14.9499998 10.0985708 15.000001
v 15 0.0985708237 25
v 14.9499998 0.0985708237 25
v 14.9499998 0.0985708237 15.000001
v 15 6.09857082 -5
v 14.9499998 6.09857082 -5
v 14.9499998 8.09857082 -5
v 15 10.0985708 -5
v 14.9499998 10.0985708 -5
v 14.9499998 10.0985708 5
v 15 10.0985708 25
v 14.9499998 10.0985708 25
v 14.9499998 8.09857082 25
v 15 8.09857082 -15.000001
v 14.9499998 8.09857082 -15.000001
v 14.9499998 6.09857082 -15.000001
v 15 10.0985708 -15.000001
v 14.9499998 10.0985708 -15.000001
v 14.9499998 10.0985708 -5
v 15 10.0985708 -25
v 14.9499998 10.0985708 -25
v 14.9499998 10.0985708 -15.000001
v 15 8.09857082 -25
v 14.9499998 8.09857082 -25
v 14.9499998 10.0985708 -25
v 15 0.0985708237 -25
v 14.9499998 0.0985708237 -25
v 14.9499998 2.09857082 -25
v 15 6.09857082 -25
v 14.9499998 6.09857082 -25
v 14.9499998 8.09857082 -25
v 15 0.0985708237 -15.000001
v 14.9499998 0.0985708237 -15.000001
v 14.9499998 0.0985708237 -25
v 15 4.09857082 -25
v 14.9499998 4.09857082 -25
v 14.9499998 6.09857082 -25
v 15 0.0985708237 -5
v 14.9499998 0.0985708237 -5
v 14.9499998 0.0985708237 -15.000001
v 15 6.09857082 5
v 14.9499998 6.09857082 5
v 14.9499998 6.09857082 15.000001
v 15 2.09857082 -25
v 14.9499998 2.09857082 -25
v 14.9499998 4.09857082 -25
v 15 0.0985708237 5
v 14.9499998 0.0985708237 5
v 14.9499998 0.0985708237 -5
v 15 0.0985708237 15.000001
v 14.9499998 0.0985708237 15.000001
v 14.9499998 0.0985708237 5
v 15 6.09857082 -15.000001
v 14.9499998 6.09857082 -15.000001
v 14.9499998 6.09857082 -5
v 15 2.09857082 25
v 14.9499998 2.09857082 25
v 14.9499998 0.0985708237 25
v 15 4.09857082 25
v 14.9499998 4.09857082 25
v 14.9499998 2.09857082 25
v 15 6.09857082 25
v 14.9499998 6.09857082 25
v 14.9499998 4.09857082 25
v 15 8.09857082 15.000001
v 14.9499998 8.09857082 15.000001
v 14.9499998 8.09857082 5
v -15 2.09857082 -25
v -15 0.0985708237 -15.000001
v -15 2.09857082 -15.000001
v -15 10.0985708 -25
v -15 8.09857082 -15.000001
v -15 10.0985708 -15.000001
v -15 8.09857082 -25
v -15 6.09857082 -15.000001
v -15 8.09857082 -15.000001
v -15 6.09857082 -25
v -15 4.09857082 -15.000001
v -15 6.09857082 -15.000001
v -15 4.09857082 -25
v -15 2.09857082 -15.000001
v -15 4.09857082 -15.000001
v -15 10.0985708 15.000001
v -15 8.09857082 25
v -15 10.0985708 25
v -15 10.0985708 5
v -15 8.09857082 15.000001
v -15 10.0985708 15.000001
v -15 10.0985708 -5
v -15 8.09857082 5
v -15 10.0985708 5
v -15 10.0985708 -15.000001
v -15 8.09857082 -5
v -15 10.0985708 -5
v -15 8.09857082 15.000001
v -15 6.09857082 25
v -15 8.09857082 25
v -15 8.09857082 -5
v -15 6.09857082 5
v -15 8.09857082 5
v -15 6.09857082 15.000001
v -15 4.09857082 25
v -15 6.09857082 25
v -15 6.09857082 5
v -15 4.09857082 15.000001
v -15 6.09857082 15.000001
v -15 6.09857082 -5
v -15 4.09857082 5
v -15 6.09857082 5
v -15 6.09857082 -15.000001
v -15 4.09857082 -5
v -15 6.09857082 -5
v -15 4.09857082 15.000001
v -15 2.09857082 25
v -15 4.09857082 25
v -15 4.09857082 5
v -15 2.09857082 15.000001
v -15 4.09857082 15.000001
v -15 4.09857082 -5
v -15 2.09857082 5
v -15 4.09857082 5
v -15 4.09857082 -15.000001
v -15 2.09857082 -5
v -15 4.09857082 -5
v -15 2.09857082 15.000001
v -15 0.0985708237 25
v -15 2.09857082 25
v -15 2.09857082 5
v -15 0.0985708237 15.000001
v -15 2.09857082 15.000001
v -15 2.09857082 -5
v -15 0.0985708237 5
v -15 2.09857082 5
v -15 2.09857082 -15.000001
v -15 0.0985708237 -5
v -15 2.09857082 -5
v -14.9499998 0.0985708237 -15.000001
v -14.9499998 2.09857082 -25
v -14.9499998 2.09857082 -15.000001
v -14.9499998 8.09857082 -15.000001
v -14.9499998 10.0985708 -25
v -14.9499998 10.0985708 -15.000001
v -14.9499998 6.09857082 -15.000001
v -14.9499998 8.09857082 -25
v -14.9499998 8.09857082 -15.000001
v -14.9499998 4.09857082 -15.000001
v -14.9499998 6.09857082 -25
v -14.9499998 6.09857082 -15.000001
v -14.9499998 2.09857082 -15.000001
v -14.9499998 4.09857082 -25
v -14.9499998 4.09857082 -15.000001
v -14.9499998 8.09857082 25
v -14.9499998 10.0985708 15.000001
v -14.9499998 10.0985708 25
v -14.9499998 8.09857082 15.000001
v -14.9499998 10.0985708 5
v -14.9499998 10.0985708 15.000001
v -14.9499998 8.09857082 5
v -14.9499998 10.0985708 -5
v -14.9499998 10.0985708 5
v -14.9499998 8.09857082 -5
v -14.9499998 10.0985708 -15.000001
v -14.9499998 10.0985708 -5
v -14.9499998 6.09857082 25
v -14.9499998 8.09857082 15.000001
v -14.9499998 8.09857082 25
v -14.9499998 6.09857082 5
v -14.9499998 8.09857082 -5
v -14.9499998 8.09857082 5
v -14.9499998 4.09857082 25
v -14.9499998 6.09857082 15.000001
v -14.9499998 6.09857082 25
v -14.9499998 4.09857082 15.000001
v -14.9499998 6.09857082 5
v -14.9499998 6.09857082 15.000001
v -14.9499998 4.09857082 5
v -14.9499998 6.09857082 -5
v -14.9499998 6.09857082 5
v -14.9499998 4.09857082 -5
v -14.9499998 6.09857082 -15.000001
v -14.9499998 6.09857082 -5
v -14.9499998 2.09857082 25
v -14.9499998 4.09857082 15.000001
v -14.9499998 4.09857082 25
v -14.9499998 2.09857082 15.000001
v -14.9499998 4.09857082 5
v -14.9499998 4.09857082 15.000001
v -14.9499998 2.09857082 5
v -14.9499998 4.09857082 -5
v -14.9499998 4.09857082 5
v -14.9499998 2.09857082 -5
v -14.9499998 4.09857082 -15.000001
v -14.9499998 4.09857082 -5
v -14.9499998 0.0985708237 25
v -14.9499998 2.09857082 15.000001
v -14.9499998 2.09857082 25
v -14.9499998 0.0985708237 15.000001
v -14.9499998 2.09857082 5
v -14.9499998 2.09857082 15.000001
v -14.9499998 0.0985708237 5
v -14.9499998 2.09857082 -5
v -14.9499998 2.09857082 5
v -14.9499998 0.0985708237 -5
v -14.9499998 2.09857082 -15.000001
v -14.9499998 2.09857082 -5
v -15 2.09857082 25
v -14.9499998 4.09857082 25
v -15 4.09857082 25
v -15 0.0985708237 15.000001
v -14.9499998 0.0985708237 25
v -15 0.0985708237 25
v -15 0.0985708237 5
v -14.9499998 0.0985708237 15.000001
v -15 0.0985708237 15.000001
v -15 10.0985708 25
v -14.9499998 10.0985708 15.000001
v -15 10.0985708 15.000001
v -15 6.09857082 15.000001
v -14.9499998 6.09857082 5
v -15 6.09857082 5
v -15 0.0985708237 -5
v -14.9499998 0.0985708237 5
v -15 0.0985708237 5
v -15 0.0985708237 25
v -14.9499998 2.09857082 25
v -15 2.09857082 25
v -15 0.0985708237 -15.000001
v -14.9499998 0.0985708237 -5
v -15 0.0985708237 -5
v -15 0.0985708237 -25
v -14.9499998 0.0985708237 -15.000001
v -15 0.0985708237 -15.000001
v -15 6.09857082 -5
v -14.9499998 6.09857082 -15.000001
v -15 6.09857082 -15.000001
v -15 2.09857082 -25
v -14.9499998 0.0985708237 -25
v -15 0.0985708237 -25
v -15 10.0985708 -25
v -14.9499998 8.09857082 -25
v -15 8.09857082 -25
v -15 4.09857082 -25
v -14.9499998 2.09857082 -25
v -15 2.09857082 -25
v -15 8.09857082 15.000001
v -14.9499998 6.09857082 15.000001
v -15 6.09857082 15.000001
v -15 10.0985708 -15.000001
v -14.9499998 10.0985708 -25
v -15 10.0985708 -25
v -15 6.09857082 -25
v -14.9499998 4.09857082 -25
v -15 4.09857082 -25
v -15 6.09857082 5
v -14.9499998 8.09857082 5
v -15 8.09857082 5
v -15 10.0985708 -5
v -14.9499998 10.0985708 -15.000001
v -15 10.0985708 -15.000001
v -15 8.09857082 -25
v -14.9499998 6.09857082 -25
v -15 6.09857082 -25
v -15 8.09857082 -5
v -14.9499998 6.09857082 -5
v -15 6.09857082 -5
v -15 10.0985708 5
v -14.9499998 10.0985708 -5
v -15 10.0985708 -5
v -15 6.09857082 -15.000001
v -14.9499998 8.09857082 -15.000001
v -15 8.09857082 -15.000001
v -15 10.0985708 15.000001
v -14.9499998 10.0985708 5
v -15 10.0985708 5
v -15 8.09857082 25
v -14.9499998 10.0985708 25
v -15 10.0985708 25
v -15 8.09857082 5
v -14.9499998 8.09857082 15.000001
v -15 8.09857082 15.000001
v -15 6.09857082 25
v -14.9499998 8.09857082 25
v -15 8.09857082 25
v -15 4.09857082 25
v -14.9499998 6.09857082 25
v -15 6.09857082 25
v -15 8.09857082 -15.000001
v -14.9499998 8.09857082 -5
v -15 8.09857082 -5
v -15 2.09857082 -25
v -15 0.0985708237 -25
v -15 0.0985708237 -15.000001
v -15 10.0985708 -25
v -15 8.09857082 -25
v -15 8.09857082 -15.000001
v -15 8.09857082 -25
v -15 6.09857082 -25
v -15 6.09857082 -15.000001
v -15 6.09857082 -25
v -15 4.09857082 -25
v -15 4.09857082 -15.000001
v -15 4.09857082 -25
v -15 2.09857082 -25
v -15 2.09857082 -15.000001
v -15 10.0985708 15.000001
v -15 8.09857082 15.000001
v -15 8.09857082 25
v -15 10.0985708 5
v -15 8.09857082 5
v -15 8.09857082 15.000001
v -15 10.0985708 -5
v -15 8.09857082 -5
v -15 8.09857082 5
v -15 10.0985708 -15.000001
v -15 8.09857082 -15.000001
v -15 8.09857082 -5
v -15 8.09857082 15.000001
v -15 6.09857082 15.000001
v -15 6.09857082 25
v -15 8.09857082 -5
v -15 6.09857082 -5
v -15 6.09857082 5
v -15 6.09857082 15.000001
v -15 4.09857082 15.000001
v -15 4.09857082 25
v -15 6.09857082 5
v -15 4.09857082 5
v -15 4.09857082 15.000001
v -15 6.09857082 -5
v -15 4.09857082 -5
v -15 4.09857082 5
v -15 6.09857082 -15.000001
v -15 4.09857082 -15.000001
v -15 4.09857082 -5
v -15 4.09857082 15.000001
v -15 2.09857082 15.000001
v -15 2.09857082 25
v -15 4.09857082 5
v -15 2.09857082 5
v -15 2.09857082 15.000001
v -15 4.09857082 -5
v -15 2.09857082 -5
v -15 2.09857082 5
v -15 4.09857082 -15.000001
v -15 2.09857082 -15.000001
v -15 2.09857082 -5
v -15 2.09857082 15.000001
v -15 0.0985708237 15.000001
v -15 0.0985708237 25
v -15 2.09857082 5
v -15 0.0985708237 5
v -15 0.0985708237 15.000001
v -15 2.09857082 -5
v -15 0.0985708237 -5
v -15 0.0985708237 5
v -15 2.09857082 -15.000001
v -15 0.0985708237 -15.000001
v -15 0.0985708237 -5
v -14.9499998 0.0985708237 -15.000001
v -14.9499998 0.0985708237 -25
v -14.9499998 2.09857082 -25
v -14.9499998 8.09857082 -15.000001
v -14.9499998 8.09857082 -25
v -14.9499998 10.0985708 -25
v -14.9499998 6.09857082 -15.000001
v -14.9499998 6.09857082 -25
v -14.9499998 8.09857082 -25
v -14.9499998 4.09857082 -15.000001
v -14.9499998 4.09857082 -25
v -14.9499998 6.09857082 -25
v -14.9499998 2.09857082 -15.000001
v -14.9499998 2.09857082 -25
v -14.9499998 4.09857082 -25
v -14.9499998 8.09857082 25
v -14.9499998 8.09857082 15.000001
v -14.9499998 10.0985708 15.000001
v -14.9499998 8.09857082 15.000001
v -14.9499998 8.09857082 5
v -14.9499998 10.0985708 5
v -14.9499998 8.09857082 5
v -14.9499998 8.09857082 -5
v -14.9499998 10.0985708 -5
v -14.9499998 8.09857082 -5
v -14.9499998 8.09857082 -15.000001
v -14.9499998 10.0985708 -15.000001
v -14.9499998 6.09857082 25
v -14.9499998 6.09857082 15.000001
v -14.9499998 8.09857082 15.000001
v -14.9499998 6.09857082 5
v -14.9499998 6.09857082 -5
v -14.9499998 8.09857082 -5
v -14.9499998 4.09857082 25
v -14.9499998 4.09857082 15.000001
v -14.9499998 6.09857082 15.000001
v -14.9499998 4.09857082 15.000001
v -14.9499998 4.09857082 5
v -14.9499998 6.09857082 5
v -14.9499998 4.09857082 5
v -14.9499998 4.09857082 -5
v -14.9499998 6.09857082 -5
v -14.9499998 4.09857082 -5
v -14.9499998 4.09857082 -15.000001
v -14.9499998 6.09857082 -15.000001
v -14.9499998 2.09857082 25
v -14.9499998 2.09857082 15.000001
v -14.9499998 4.09857082 15.000001
v -14.9499998 2.09857082 15.000001
v -14.9499998 2.09857082 5
v -14.9499998 4.09857082 5
v -14.9499998 2.09857082 5
v -14.9499998 2.09857082 -5
v -14.9499998 4.09857082 -5
v -14.9499998 2.09857082 -5
v -14.9499998 2.09857082 -15.000001
v -14.9499998 4.09857082 -15.000001
v -14.9499998 0.0985708237 25
v -14.9499998 0.0985708237 15.000001
v -14.9499998 2.09857082 15.000001
v -14.9499998 0.0985708237 15.000001
v -14.9499998 0.0985708237 5
v -14.9499998 2.09857082 5
v -14.9499998 0.0985708237 5
v -14.9499998 0.0985708237 -5
v -14.9499998 2.09857082 -5
v -14.9499998 0.0985708237 -5
v -14.9499998 0.0985708237 -15.000001
v -14.9499998 2.09857082 -15.000001
v -15 2.09857082 25
v -14.9499998 2.09857082 25
v -14.9499998 4.09857082 25
v -15 0.0985708237 15.000001
v -14.9499998 0.0985708237 15.000001
v -14.9499998 0.0985708237 25
v -15 0.0985708237 5
v -14.9499998 0.0985708237 5
v -14.9499998 0.0985708237 15.000001
v -15 10.0985708 25
v -14.9499998 10.0985708 25
v -14.9499998 10.0985708 15.000001
v -15 6.09857082 15.000001
v -14.9499998 6.09857082 15.000001
v -14.9499998 6.09857082 5
v -15 0.0985708237 -5
v -14.9499998 0.0985708237 -5
v -14.9499998 0.0985708237 5
v -15 0.0985708237 25
v -14.9499998 0.0985708237 25
v -14.9499998 2.09857082 25
v -15 0.0985708237 -15.000001
v -14.9499998 0.0985708237 -15.000001
v -14.9499998 0.0985708237 -5
v -15 0.0985708237 -25
v -14.9499998 0.0985708237 -25
v -14.9499998 0.0985708237 -15.000001
v -15 6.09857082 -5
v -14.9499998 6.09857082 -5
v -14.9499998 6.09857082 -15.000001
v -15 2.09857082 -25
v -14.9499998 2.09857082 -25
v -14.9499998 0.0985708237 -25
v -15 10.0985708 -25
v -14.9499998 10.0985708 -25
v -14.9499998 8.09857082 -25
v -15 4.09857082 -25
v -14.9499998 4.09857082 -25
v -14.9499998 2.09857082 -25
v -15 8.09857082 15.000001
v -14.9499998 8.09857082 15.000001
v -14.9499998 6.09857082 15.000001
v -15 10.0985708 -15.000001
v -14.9499998 10.0985708 -15.000001
v -14.9499998 10.0985708 -25
v -15 6.09857082 -25
v -14.9499998 6.09857082 -25
v -14.9499998 4.09857082 -25
v -15 6.09857082 5
v -14.9499998 6.09857082 5
v -14.9499998 8.09857082 5
v -15 10.0985708 -5
v -14.9499998 10.0985708 -5
v -14.9499998 10.0985708 -15.000001
v -15 8.09857082 -25
v -14.9499998 8.09857082 -25
v -14.9499998 6.09857082 -25
v -15 8.09857082 -5
v -14.9499998 8.09857082 -5
v -14.9499998 6.09857082 -5
v -15 10.0985708 5
v -14.9499998 10.0985708 5
v -14.9499998 10.0985708 -5
v -15 6.09857082 -15.000001
v -14.9499998 6.09857082 -15.000001
v -14.9499998 8.09857082 -15.000001
v -15 10.0985708 15.000001
v -14.9499998 10.0985708 15.000001
v -14.9499998 10.0985708 5
v -15 8.09857082 25
v -14.9499998 8.09857082 25
v -14.9499998 10.0985708 25
v -15 8.09857082 5
v -14.9499998 8.09857082 5
v -14.9499998 8.09857082 15.000001
v -15 6.09857082 25
v -14.9499998 6.09857082 25
v -14.9499998 8.09857082 25
v -15 4.09857082 25
v -14.9499998 4.09857082 25
v -14.9499998 6.09857082 25
v -15 8.09857082 -15.000001
v -14.9499998 8.09857082 -15.000001
v -14.9499998 8.09857082 -5

# 222 UV coordinates
vt 17.9146595 -16.9146595 0
vt -16.9146595 17.9146595 0
vt -16.9146595 -16.9146595 0
vt 17.9146595 17.9146595 0
vt 1 -2.09664488 0
vt 0 3.09664488 0
vt 0 -2.09664488 0
vt 1 3.09664488 0
vt 1 -0.397341311 0
vt 0 1.39734101 0
vt 0 -0.397341311 0
vt 1 1.39734101 0
vt 5.17301607 -8.84603214 0
vt -4.17301607 9.84603214 0
vt -4.17301607 -8.84603214 0
vt 5.17301607 9.84603214 0
vt 2 0.5 0
vt 0.5 3 0
vt 0.5 0.5 0
vt -1 3 0
vt -1 0.5 0
vt 0.5 -2 0
vt -1 -2 0
vt 2 -2 0
vt 2 3 0
vt 0.875 0.6875 0
vt 0.875 0.75 0
vt 0.5625 0.25 0
vt 0.625 0.5 0
vt 0.5625 0.5 0
vt 0.5 0.6875 0
vt 0.4375 0.6875 0
vt 0.5625 0.75 0
vt 0.625 1 0
vt 0.5625 1 0
vt 0.375 0.6875 0
vt 0.375 0.75 0
vt 0.125 0.75 0
vt 0.625 0.75 0
vt 0.5625 0.5625 0
vt 0.625 0.5625 0
vt 0.5 0.5625 0
vt 0.4375 0.625 0
vt 0.4375 0.5625 0
vt 0.5625 0.625 0
vt 0.5 0.625 0
vt 0.4375 0.5 0
vt 0.375 0.625 0
vt 0.375 0.5625 0
vt 0.625 0.625 0
vt 0.5625 0.6875 0
vt 0.625 0.6875 0
vt 0.4375 0.75 0
vt 0.375 0.5 0
vt 0.5 0.75 0
vt 0.5 0.0625 0
vt 0.4375 0.125 0
vt 0.4375 0.0625 0
vt 0.625 0.0625 0
vt 0.5625 0.125 0
vt 0.5625 0.0625 0
vt 0.5 0.125 0
vt 0.4375 1 0
vt 0.375 1 0
vt 0.625 0.1875 0
vt 0.5625 0.1875 0
vt 0.375 0.125 0
vt 0.375 0.0625 0
vt 0.125 0.6875 0
vt 0.125 0.5625 0
vt 0.125 0.5 0
vt 0.375 0.1875 0
vt 0.4375 0.1875 0
vt 0.5 0.1875 0
vt 0.625 0.125 0
vt 0.4375 0.25 0
vt 0.5625 0 0
vt 0.5 0 0
vt 0.625 0 0
vt 0.4375 0 0
vt 0.375 0 0
vt 0.375 0.25 0
vt 0.5 0.25 0
vt 0.875 0.5 0
vt 0.875 0.5625 0
vt 0.625 0.25 0
vt 0.5 1 0
vt 0.125 0.625 0
vt 0.875 0.625 0
vt 16.1568508 -2.18806505 0
vt 8.32842445 -4.87613106 0
vt 8.32842541 -2.18806505 0
vt 16.1568508 5.87613106 0
vt 8.32842541 0.5 0
vt 0.5 5.87613106 0
vt -7.32842398 0.5 0
vt -15.1568499 -2.18806505 0
vt -15.1568499 0.5 0
vt -7.32842398 -2.18806505 0
vt -15.1568499 -4.87613106 0
vt 16.1568508 0.5 0
vt 16.1568508 -4.87613106 0
vt -15.1568499 5.87613106 0
vt -7.32842398 -4.87613106 0
vt 6.76277018 0.5 0
vt 0.5 3.90114307 0
vt 0.5 7.30228615 0
vt -1.06569302 14.1045704 0
vt 0.5 10.7034302 0
vt -1.06569302 10.7034302 0
vt -1.06569302 -2.90114307 0
vt 0.5 -2.90114307 0
vt 6.76277018 -13.1045704 0
vt 0.5 -9.70343018 0
vt 0.5 -6.30228615 0
vt -5.76277018 -2.90114307 0
vt -4.19707823 0.5 0
vt -4.19707823 -2.90114307 0
vt -5.76277018 -13.1045704 0
vt -4.19707823 -9.70343018 0
vt -4.19707823 -13.1045704 0
vt -5.76277018 -9.70343018 0
vt -4.19707823 -6.30228615 0
vt -5.76277018 -6.30228615 0
vt -2.63138509 -9.70343018 0
vt -2.63138509 -13.1045704 0
vt -2.63138509 -2.90114307 0
vt -2.63138509 -6.30228615 0
vt -1.06569302 -9.70343018 0
vt -1.06569302 -13.1045704 0
vt -1.06569302 -6.30228615 0
vt 0.5 -13.1045704 0
vt -5.76277018 14.1045704 0
vt -4.19707823 10.7034302 0
vt -5.76277018 10.7034302 0
vt -4.19707823 14.1045704 0
vt -2.63138509 10.7034302 0
vt -2.63138509 14.1045704 0
vt -5.76277018 3.90114307 0
vt -5.76277018 0.5 0
vt -5.76277018 7.30228615 0
vt -4.19707823 3.90114307 0
vt -4.19707823 7.30228615 0
vt -2.63138509 3.90114307 0
vt -2.63138509 7.30228615 0
vt -1.06569302 3.90114307 0
vt -1.06569302 0.5 0
vt -1.06569302 7.30228615 0
vt 0.5 14.1045704 0
vt 6.76277018 14.1045704 0
vt 3.76105905 26.7989902 0
vt 5.93509817 16.2793999 0
vt 3.76105785 16.2793999 0
vt -4.93509817 26.7989902 0
vt -2.76105905 16.2793999 0
vt -4.93509817 16.2793999 0
vt -2.76105905 26.7989902 0
vt -0.587019801 16.2793999 0
vt -0.587019503 26.7989902 0
vt 1.58701992 16.2793999 0
vt 1.58701992 26.7989902 0
vt -4.93509817 -15.2793999 0
vt -2.76105905 -25.7989902 0
vt -4.93509817 -25.7989902 0
vt -4.93509817 -4.759799 0
vt -2.76105785 -15.2793999 0
vt -4.93509817 5.759799 0
vt -2.76105905 -4.759799 0
vt -2.76105905 5.759799 0
vt -0.587019503 -25.7989902 0
vt -0.587019086 -15.2793999 0
vt -0.587019503 -4.759799 0
vt -0.587019801 5.759799 0
vt 1.58701992 -25.7989902 0
vt 1.58701992 -15.2793999 0
vt 1.58701992 -4.759799 0
vt 1.58701992 5.759799 0
vt 3.76105905 -25.7989902 0
vt 3.76105905 -4.759799 0
vt 3.76105905 -15.2793999 0
vt 5.93509817 -25.7989902 0
vt 5.93509817 -15.2793999 0
vt 3.76105785 5.759799 0
vt 5.93509817 -4.759799 0
vt 5.93509817 5.759799 0
vt 5.93509817 26.7989902 0
vt 30.3090305 -2.70338297 0
vt 18.3854198 -4.83897305 0
vt 18.3854198 -2.70338297 0
vt 30.3090305 5.83897305 0
vt 18.3854198 3.70338297 0
vt 18.3854198 5.83897305 0
vt 30.3090305 3.70338297 0
vt 18.3854198 1.56779504 0
vt 30.3090305 1.56779408 0
vt 18.3854198 -0.567794919 0
vt 30.3090305 -0.567795396 0
vt -17.3854198 5.83897305 0
vt -29.3090305 3.70338297 0
vt -29.3090305 5.83897305 0
vt -5.46180582 5.83897305 0
vt -17.3854198 3.70338297 0
vt 6.46181202 5.83897305 0
vt -5.46180582 3.70338297 0
vt 6.46181011 3.70338297 0
vt -29.3090305 1.56779504 0
vt -5.46180582 1.56779504 0
vt -17.3854198 1.56779408 0
vt -29.3090305 -0.567794621 0
vt -17.3854198 -0.567794621 0
vt 6.46180916 1.56779504 0
vt -5.46180725 -0.5677948 0
vt 6.46180916 -0.5677948 0
vt -29.3090305 -2.70338297 0
vt -17.3854198 -2.70338488 0
vt -5.46180725 -2.70338297 0
vt 6.4618082 -2.70338297 0
vt -29.3090305 -4.83897305 0
vt -17.3854198 -4.83897305 0
vt -5.46180916 -4.83897305 0
vt 6.46180725 -4.83897305 0
vt 30.3090305 -4.83897305 0

# 135 vertex normals
vn 0 1 0
vn 13.9271507 -0.371391624 0
vn -13.9271507 -0.371389776 0
vn 14.8500004 -9.99999997e-07 -9.99999997e-07
vn 0 0.25 0
vn 0 -0.25 -0
vn -14.8500004 9.99999997e-07 9.99999997e-07
vn 0 0 -0.125
vn 0 0 0.125
vn 0.000212429251 -1.43049999e-11 -0.125
vn -0.000212429251 1.43049999e-11 0.125
vn 0 -3.76452505e-07 -0.125
vn 0 -3.76447503e-07 0.125
vn 0 -3.76452505e-07 0.125
vn 0 3.76452505e-07 -0.125
vn 0 3.76447503e-07 -0.125
vn 0 7.52912513e-07 -0.125
vn 0.000212432235 -1.43052003e-11 -0.125
vn -0.000722073833 -0.25 4.86245003e-11
vn 0.00679779565 -0.24999997 -4.57763993e-10
vn -0.00414240779 -0.25 2.78950002e-10
vn 5.66429517e-05 0.25 -3.8143399e-12
vn -0.00021243075 0.25 1.43051005e-11
vn 0.000106215521 0.25 -7.15256023e-12
vn -0.00297403941 -0.25 2.00272007e-10
vn -0.000212432235 1.43052003e-11 0.125
vn 0.00297403941 -0.25 -2.00272007e-10
vn -0.00072207232 -0.25 4.86243996e-11
vn 0.00679778075 -0.24999997 -4.57762994e-10
vn 5.66425042e-05 0.25 -3.81430998e-12
vn 0.00010621611 0.25 -7.15259969e-12
vn 0 1.88226494e-07 0.125
vn 0 1.88224249e-07 0.125
vn 0 -1.8822351e-07 -0.125
vn 0 -1.8822351e-07 0.125
vn 0 3.76450004e-07 -0.125
vn 0 -1.88224746e-07 0.125
vn 0 3.76450004e-07 0.125
vn 0 1.8822351e-07 0.125
vn 0 1.88225755e-07 -0.125
vn 0 -1.88226494e-07 -0.125
vn 0 1.88226252e-07 0.125
vn 0 -3.76450004e-07 -0.125
vn 0 -1.88225755e-07 -0.125
vn 0 3.76447503e-07 0.125
vn 0 -1.88225755e-07 0.125
vn 0 1.8822351e-07 -0.125
vn 0 0 0.5
vn 0 -7.28525038e-07 0.5
vn 0 0 -0.5
vn 0 7.45059992e-07 -0.5
vn 15 0 -9.99999997e-07
vn -15 0 9.99999997e-07
vn 0 -5 0
vn 6.7082057 4.47213602 -4.47213722e-07
vn -6.70820236 4.47213697 4.47213495e-07
vn -2.18557511e-06 -7.28525038e-07 0.5
vn 2.62269009e-06 -0 0.5
vn 2.16067497e-06 7.45059992e-07 -0.5
vn -2.59279477e-06 0 -0.5
vn 6.70820379 4.47213602 -4.4721358e-07
vn -6.7082057 4.47213602 4.47213722e-07
vn 0 -5.96064979e-07 -0.5
vn -2.45877004e-06 -0 -0.5
vn -2.18557511e-06 -0 -0.5
vn -1.96701012e-06 -0 -0.5
vn 2.91409492e-06 0 -0.5
vn 2.18557511e-06 0 -0.5
vn 0 -1.019725e-06 -0.5
vn 2.38424991e-06 -5.96064979e-07 -0.5
vn 2.62267531e-06 0 -0.5
vn 1.78819494e-06 -5.96064979e-07 -0.5
vn 0 -5.9716001e-07 -0.5
vn 0 6.49785022e-07 0.5
vn 0 9.5384496e-07 0.5
vn 2.93056519e-06 0 0.5
vn 2.86102522e-06 0 0.5
vn 2.31645026e-06 6.50230049e-07 0.5
vn 2.38419011e-06 0 0.5
vn 1.95069015e-06 6.50230049e-07 0.5
vn 0 6.50230049e-07 0.5
vn -2.93056519e-06 0 0.5
vn -2.38419011e-06 0 0.5
vn -2.31645026e-06 6.50230049e-07 0.5
vn -2.86102522e-06 0 0.5
vn -1.95069015e-06 6.50230049e-07 0.5
vn 15 0 9.99999997e-07
vn -15 0 -9.99999997e-07
vn 1.8605206 4.96138954 1.24034699e-07
vn -0.0142380595 4.99999809 -9.49203938e-10
vn -6.70821142 4.47213507 -4.47214092e-07
vn -1.86052203 4.96138954 -1.24034798e-07
vn -6.70819807 4.47213697 -4.4721321e-07
vn -6.7082057 4.47213602 -4.47213722e-07
vn -0.00499784993 -5 -3.33190003e-10
vn -5.26684666 -4.68164635 -3.51123106e-07
vn 6.70819807 4.47213697 4.4721321e-07
vn 0.00497996993 -5 3.31997985e-10
vn 6.70820141 4.4721365 4.47213409e-07
vn 6.70820236 4.47213697 4.47213495e-07
vn 5.26685095 -4.68164635 3.5112339e-07
vn 0.0142335901 4.99999809 9.48905954e-10
vn 6.70820713 4.47213602 4.47213807e-07
vn -2.91409492e-06 -0 -0.5
vn -2.62267531e-06 -0 -0.5
vn -2.38424991e-06 -5.96064979e-07 -0.5
vn -1.78819494e-06 -5.96064979e-07 -0.5
vn 2.45877004e-06 0 -0.5
vn 1.96701012e-06 0 -0.5
vn 2.68221015e-06 0 0.5
vn 2.08615506e-06 0 0.5
vn 2.14576517e-06 0 0.5
vn 1.78813502e-06 0 0.5
vn -2.68221015e-06 0 0.5
vn -1.78813502e-06 0 0.5
vn -2.14576517e-06 0 0.5
vn -2.08615506e-06 0 0.5
vn 1.86052203 4.96138954 1.24034798e-07
vn -0.0142335901 4.99999809 -9.48905954e-10
vn -1.8605206 4.96138954 -1.24034699e-07
vn -6.70820713 4.47213602 -4.47213807e-07
vn -6.70820141 4.4721365 -4.47213409e-07
vn -0.00497996993 -5 -3.31997985e-10
vn -6.70820236 4.47213697 -4.47213495e-07
vn -5.26685095 -4.68164635 -3.5112339e-07
vn 6.70821142 4.47213507 4.47214092e-07
vn 0.00499784993 -5 3.33190003e-10
vn 6.7082057 4.47213602 4.47213722e-07
vn 5.26684666 -4.68164635 3.51123106e-07
vn 0.0142380595 4.99999809 9.49203938e-10
vn 0.5 0 0
vn -0.5 0 0
vn 0 0 25
vn 0 0 -25
vn 0 5 0

# Mesh 'Plane_019-mesh' with 2 faces
g Plane_019-mesh
usemtl asphalt
f  1/1/1 2/2/1 3/3/1
f  4/1/1 5/4/1 6/2/1

# Mesh 'Plane_018-mesh' with 8 faces
g Plane_018-mesh
usemtl Tape001_1K_Color.002
f  7/5/1 8/6/1 9/7/1
f  10/5/1 11/6/1 12/7/1
f  13/5/1 14/6/1 15/7/1
f  16/5/1 17/6/1 18/7/1
f  19/5/1 20/8/1 21/6/1
f  22/5/1 23/8/1 24/6/1
f  25/5/1 26/8/1 27/6/1
f  28/5/1 29/8/1 30/6/1

# Mesh 'Plane_017-mesh' with 8 faces
g Plane_017-mesh
usemtl Tape001_1K_Color.002
f  31/5/1 32/6/1 33/7/1
f  34/5/1 35/6/1 36/7/1
f  37/5/1 38/6/1 39/7/1
f  40/5/1 41/6/1 42/7/1
f  43/5/1 44/8/1 45/6/1
f  46/5/1 47/8/1 48/6/1
f  49/5/1 50/8/1 51/6/1
f  52/5/1 53/8/1 54/6/1

# Mesh 'Plane_012-mesh' with 8 faces
g Plane_012-mesh
usemtl Tape001_1K_Color.002
f  55/5/1 56/6/1 57/7/1
f  58/5/1 59/6/1 60/7/1
f  61/5/1 62/6/1 63/7/1
f  64/5/1 65/6/1 66/7/1
f  67/5/1 68/8/1 69/6/1
f  70/5/1 71/8/1 72/6/1
f  73/5/1 74/8/1 75/6/1
f  76/5/1 77/8/1 78/6/1

# Mesh 'Plane_010-mesh' with 4 faces
g Plane_010-mesh
usemtl Tape001_1K_Color.001
f  79/9/1 80/10/1 81/11/1
f  82/9/1 83/10/1 84/11/1
f  85/9/1 86/12/1 87/10/1
f  88/9/1 89/12/1 90/10/1

# Mesh 'Plane_010-mesh' with 4 faces
g Plane_010-mesh
usemtl Tape001_1K_Color
f  91/5/1 92/6/1 93/7/1
f  94/5/1 95/6/1 96/7/1
f  97/5/1 98/8/1 99/6/1
f  100/5/1 101/8/1 102/6/1

# Mesh 'Plane_007-mesh' with 2 faces
g Plane_007-mesh
usemtl ground
f  103/13/1 104/14/1 105/15/1
f  106/13/1 107/16/1 108/14/1

# Mesh 'Plane_002-mesh' with 8 faces
g Plane_002-mesh
usemtl top
f  109/17/2 110/18/2 111/19/2
f  112/19/3 113/20/3 114/21/3
f  115/22/3 116/21/3 117/23/3
f  118/24/2 119/19/2 120/22/2
f  121/17/2 122/25/2 123/18/2
f  124/19/3 125/18/3 126/20/3
f  127/22/3 128/19/3 129/21/3
f  130/24/2 131/17/2 132/19/2

# Mesh 'Cube_010-mesh' with 2640 faces
g Cube_010-mesh
usemtl Material
f  133/26/4 134/27/4 135/27/4
f  136/28/5 137/29/5 138/30/5
f  139/31/5 140/32/5 141/32/5
f  142/33/6 143/34/6 144/35/6
f  145/36/7 146/37/7 147/38/7
f  148/26/4 149/27/4 150/39/4
f  151/40/6 152/41/6 153/41/6
f  154/42/8 155/43/8 156/44/8
f  157/41/8 158/45/8 159/40/8
f  160/40/8 161/46/8 162/42/8
f  163/19/5 164/47/5 165/47/5
f  166/32/5 167/36/5 168/36/5
f  169/44/8 170/48/8 171/49/8
f  172/33/6 173/39/6 174/39/6
f  175/30/5 176/19/5 177/19/5
f  178/42/6 179/40/6 180/40/6
f  181/43/8 182/36/8 183/48/8
f  184/46/8 185/32/8 186/43/8
f  187/41/4 188/29/4 189/29/4
f  190/45/8 191/31/8 192/46/8
f  193/50/8 194/51/8 195/45/8
f  196/52/8 197/33/8 198/51/8
f  199/31/8 200/53/8 201/32/8
f  202/30/8 203/42/8 204/19/8
f  205/29/8 206/40/8 207/30/8
f  208/47/8 209/49/8 210/54/8
f  211/19/8 212/44/8 213/47/8
f  214/32/8 215/37/8 216/36/8
f  217/51/8 218/55/8 219/31/8
f  220/47/5 221/54/5 222/54/5
f  223/54/7 224/49/7 225/49/7
f  226/55/6 227/33/6 228/33/6
f  229/39/4 230/52/4 231/52/4
f  232/53/6 233/55/6 234/55/6
f  235/49/6 236/44/6 237/44/6
f  238/51/5 239/31/5 240/31/5
f  241/37/6 242/53/6 243/53/6
f  244/29/5 245/30/5 246/30/5
f  247/44/6 248/42/6 249/42/6
f  250/52/5 251/51/5 252/51/5
f  253/36/7 254/37/7 255/37/7
f  256/34/6 257/35/6 258/35/6
f  259/56/9 260/57/9 261/58/9
f  262/59/9 263/60/9 264/61/9
f  265/61/9 266/62/9 267/56/9
f  268/63/6 269/64/6 270/64/6
f  271/65/6 272/66/6 273/66/6
f  274/58/9 275/67/9 276/68/9
f  277/38/7 278/69/7 279/69/7
f  280/58/5 281/56/5 282/56/5
f  283/70/7 284/71/7 285/71/7
f  286/57/9 287/72/9 288/67/9
f  289/62/9 290/73/9 291/57/9
f  292/66/6 293/74/6 294/74/6
f  295/60/9 296/74/9 297/62/9
f  298/75/9 299/66/9 300/60/9
f  301/65/9 302/28/9 303/66/9
f  304/74/9 305/76/9 306/73/9
f  307/77/9 308/56/9 309/78/9
f  310/79/9 311/61/9 312/77/9
f  313/80/9 314/68/9 315/81/9
f  316/78/9 317/58/9 318/80/9
f  319/73/9 320/82/9 321/72/9
f  322/66/9 323/83/9 324/74/9
f  325/56/5 326/61/5 327/61/5
f  328/84/4 329/85/4 330/85/4
f  331/28/5 332/86/5 333/86/5
f  334/73/6 335/72/6 336/72/6
f  337/61/5 338/59/5 339/59/5
f  340/82/5 341/76/5 342/76/5
f  343/87/6 344/63/6 345/63/6
f  346/74/6 347/73/6 348/73/6
f  349/35/6 350/87/6 351/87/6
f  352/83/5 353/28/5 354/28/5
f  355/76/5 356/83/5 357/83/5
f  358/68/5 359/58/5 360/58/5
f  361/26/5 362/27/5 363/27/5
f  364/28/8 365/86/8 366/29/8
f  367/31/10 368/32/10 369/32/10
f  370/39/9 371/34/9 372/35/9
f  373/36/6 374/37/6 375/38/6
f  376/26/5 377/27/5 378/39/5
f  379/40/9 380/41/9 381/41/9
f  382/42/4 383/43/4 384/44/4
f  385/41/4 386/45/4 387/40/4
f  388/40/4 389/46/4 390/42/4
f  391/19/10 392/47/10 393/47/10
f  394/32/10 395/36/10 396/36/10
f  397/44/4 398/48/4 399/49/4
f  400/33/9 401/39/9 402/39/9
f  403/30/10 404/19/10 405/19/10
f  406/42/9 407/40/9 408/40/9
f  409/43/4 410/36/4 411/48/4
f  412/46/4 413/32/4 414/43/4
f  415/41/5 416/29/5 417/29/5
f  418/45/4 419/31/4 420/46/4
f  421/50/4 422/51/4 423/45/4
f  424/52/4 425/33/4 426/51/4
f  427/31/4 428/53/4 429/32/4
f  430/30/4 431/42/4 432/19/4
f  433/29/4 434/40/4 435/30/4
f  436/47/4 437/49/4 438/54/4
f  439/19/4 440/44/4 441/47/4
f  442/32/4 443/37/4 444/36/4
f  445/51/4 446/55/4 447/31/4
f  448/47/10 449/54/10 450/54/10
f  451/49/6 452/54/6 453/49/6
f  454/55/9 455/33/9 456/33/9
f  457/39/5 458/52/5 459/52/5
f  460/53/9 461/55/9 462/55/9
f  463/49/9 464/44/9 465/44/9
f  466/51/10 467/31/10 468/31/10
f  469/37/9 470/53/9 471/53/9
f  472/29/10 473/30/10 474/30/10
f  475/44/9 476/42/9 477/42/9
f  478/52/10 479/51/10 480/51/10
f  481/37/6 482/36/6 483/37/6
f  484/34/9 485/35/9 486/35/9
f  487/56/7 488/57/7 489/58/7
f  490/59/7 491/60/7 492/61/7
f  493/61/7 494/62/7 495/56/7
f  496/63/9 497/64/9 498/64/9
f  499/65/11 500/66/11 501/66/11
f  502/58/7 503/67/7 504/68/7
f  505/38/6 506/69/6 507/69/6
f  508/58/8 509/56/8 510/56/8
f  511/71/6 512/70/6 513/71/6
f  514/57/7 515/72/7 516/67/7
f  517/62/7 518/73/7 519/57/7
f  520/66/11 521/74/11 522/74/11
f  523/60/7 524/74/7 525/62/7
f  526/75/7 527/66/7 528/60/7
f  529/65/7 530/28/7 531/66/7
f  532/74/7 533/76/7 534/73/7
f  535/77/7 536/56/7 537/78/7
f  538/79/7 539/61/7 540/77/7
f  541/80/7 542/68/7 543/81/7
f  544/78/7 545/58/7 546/80/7
f  547/73/7 548/82/7 549/72/7
f  550/66/7 551/83/7 552/74/7
f  553/56/8 554/61/8 555/61/8
f  556/84/5 557/85/5 558/85/5
f  559/28/8 560/86/8 561/86/8
f  562/73/11 563/72/11 564/72/11
f  565/61/8 566/59/8 567/59/8
f  568/82/8 569/76/8 570/76/8
f  571/87/9 572/63/9 573/63/9
f  574/74/11 575/73/11 576/73/11
f  577/35/9 578/87/9 579/87/9
f  580/83/8 581/28/8 582/28/8
f  583/76/8 584/83/8 585/83/8
f  586/68/8 587/58/8 588/58/8
f  589/26/5 590/27/5 591/27/5
f  592/86/8 593/29/8 594/30/8
f  595/31/10 596/32/10 597/32/10
f  598/33/9 599/34/9 600/35/9
f  601/36/6 602/37/6 603/38/6
f  604/26/5 605/27/5 606/39/5
f  607/40/9 608/41/9 609/41/9
f  610/42/4 611/43/4 612/44/4
f  613/41/4 614/45/4 615/40/4
f  616/40/4 617/46/4 618/42/4
f  619/19/8 620/47/8 621/47/8
f  622/32/10 623/36/10 624/36/10
f  625/44/4 626/48/4 627/49/4
f  628/33/9 629/39/9 630/39/9
f  631/30/8 632/19/8 633/19/8
f  634/42/9 635/40/9 636/40/9
f  637/43/4 638/36/4 639/48/4
f  640/46/4 641/32/4 642/43/4
f  643/41/5 644/29/5 645/29/5
f  646/45/4 647/31/4 648/46/4
f  649/50/4 650/51/4 651/45/4
f  652/52/4 653/33/4 654/51/4
f  655/31/4 656/53/4 657/32/4
f  658/30/4 659/42/4 660/19/4
f  661/29/4 662/40/4 663/30/4
f  664/47/4 665/49/4 666/54/4
f  667/19/4 668/44/4 669/47/4
f  670/32/4 671/37/4 672/36/4
f  673/51/4 674/55/4 675/31/4
f  676/47/8 677/54/8 678/54/8
f  679/54/6 680/49/6 681/49/6
f  682/55/9 683/33/9 684/33/9
f  685/39/5 686/52/5 687/52/5
f  688/53/9 689/55/9 690/55/9
f  691/49/9 692/44/9 693/44/9
f  694/51/10 695/31/10 696/31/10
f  697/37/9 698/53/9 699/53/9
f  700/29/8 701/30/8 702/30/8
f  703/44/9 704/42/9 705/42/9
f  706/52/10 707/51/10 708/51/10
f  709/37/6 710/36/6 711/37/6
f  712/34/11 713/35/11 714/35/11
f  715/56/7 716/57/7 717/58/7
f  718/59/7 719/60/7 720/61/7
f  721/61/7 722/62/7 723/56/7
f  724/63/11 725/64/11 726/64/11
f  727/65/11 728/66/11 729/66/11
f  730/58/7 731/67/7 732/68/7
f  733/69/6 734/38/6 735/69/6
f  736/58/8 737/56/8 738/56/8
f  739/71/6 740/70/6 741/71/6
f  742/57/7 743/72/7 744/67/7
f  745/62/7 746/73/7 747/57/7
f  748/66/11 749/74/11 750/74/11
f  751/60/7 752/74/7 753/62/7
f  754/75/7 755/66/7 756/60/7
f  757/65/7 758/28/7 759/66/7
f  760/74/7 761/76/7 762/73/7
f  763/77/7 764/56/7 765/78/7
f  766/79/7 767/61/7 768/77/7
f  769/80/7 770/68/7 771/81/7
f  772/78/7 773/58/7 774/80/7
f  775/73/7 776/82/7 777/72/7
f  778/66/7 779/83/7 780/74/7
f  781/56/8 782/61/8 783/61/8
f  784/84/5 785/85/5 786/85/5
f  787/28/8 788/86/8 789/86/8
f  790/73/11 791/72/11 792/72/11
f  793/61/8 794/59/8 795/59/8
f  796/82/8 797/76/8 798/76/8
f  799/87/11 800/63/11 801/63/11
f  802/74/11 803/73/11 804/73/11
f  805/35/11 806/87/11 807/87/11
f  808/83/8 809/28/8 810/28/8
f  811/76/8 812/83/8 813/83/8
f  814/68/8 815/58/8 816/58/8
f  817/26/5 818/27/5 819/27/5
f  820/28/12 821/86/12 822/29/12
f  823/31/8 824/32/8 825/32/8
f  826/39/9 827/34/9 828/35/9
f  829/36/6 830/37/6 831/38/6
f  832/26/5 833/27/5 834/39/5
f  835/40/9 836/41/9 837/41/9
f  838/42/4 839/43/4 840/44/4
f  841/41/4 842/45/4 843/40/4
f  844/40/4 845/46/4 846/42/4
f  847/19/8 848/47/8 849/47/8
f  850/32/8 851/36/8 852/36/8
f  853/44/4 854/48/4 855/49/4
f  856/33/9 857/39/9 858/39/9
f  859/30/8 860/19/8 861/19/8
f  862/42/9 863/40/9 864/40/9
f  865/43/4 866/36/4 867/48/4
f  868/46/4 869/32/4 870/43/4
f  871/41/5 872/29/5 873/29/5
f  874/45/4 875/31/4 876/46/4
f  877/50/4 878/51/4 879/45/4
f  880/52/4 881/33/4 882/51/4
f  883/31/4 884/53/4 885/32/4
f  886/30/4 887/42/4 888/19/4
f  889/29/4 890/40/4 891/30/4
f  892/47/4 893/49/4 894/54/4
f  895/19/4 896/44/4 897/47/4
f  898/32/4 899/37/4 900/36/4
f  901/51/4 902/55/4 903/31/4
f  904/47/8 905/54/8 906/54/8
f  907/54/6 908/49/6 909/49/6
f  910/55/9 911/33/9 912/33/9
f  913/39/5 914/52/5 915/52/5
f  916/53/9 917/55/9 918/55/9
f  919/49/9 920/44/9 921/44/9
f  922/51/8 923/31/8 924/31/8
f  925/37/9 926/53/9 927/53/9
f  928/29/8 929/30/8 930/30/8
f  931/44/9 932/42/9 933/42/9
f  934/52/8 935/51/8 936/51/8
f  937/36/6 938/37/6 939/37/6
f  940/34/9 941/35/9 942/35/9
f  943/56/7 944/57/7 945/58/7
f  946/59/7 947/60/7 948/61/7
f  949/61/7 950/62/7 951/56/7
f  952/63/9 953/64/9 954/64/9
f  955/65/13 956/66/13 957/66/13
f  958/58/7 959/67/7 960/68/7
f  961/38/6 962/69/6 963/69/6
f  964/58/8 965/56/8 966/56/8
f  967/70/6 968/71/6 969/71/6
f  970/57/7 971/72/7 972/67/7
f  973/62/7 974/73/7 975/57/7
f  976/66/9 977/74/9 978/74/9
f  979/60/7 980/74/7 981/62/7
f  982/75/7 983/66/7 984/60/7
f  985/65/7 986/28/7 987/66/7
f  988/74/7 989/76/7 990/73/7
f  991/77/7 992/56/7 993/78/7
f  994/79/7 995/61/7 996/77/7
f  997/80/7 998/68/7 999/81/7
f  1000/78/7 1001/58/7 1002/80/7
f  1003/73/7 1004/82/7 1005/72/7
f  1006/66/7 1007/83/7 1008/74/7
f  1009/56/8 1010/61/8 1011/61/8
f  1012/84/5 1013/85/5 1014/85/5
f  1015/28/8 1016/86/8 1017/86/8
f  1018/73/9 1019/72/9 1020/72/9
f  1021/61/8 1022/59/8 1023/59/8
f  1024/82/8 1025/76/8 1026/76/8
f  1027/87/9 1028/63/9 1029/63/9
f  1030/74/9 1031/73/9 1032/73/9
f  1033/35/9 1034/87/9 1035/87/9
f  1036/83/8 1037/28/8 1038/28/8
f  1039/76/8 1040/83/8 1041/83/8
f  1042/68/8 1043/58/8 1044/58/8
f  1045/26/4 1046/27/4 1047/27/4
f  1048/28/5 1049/29/5 1050/30/5
f  1051/31/5 1052/32/5 1053/32/5
f  1054/33/6 1055/34/6 1056/35/6
f  1057/36/7 1058/37/7 1059/38/7
f  1060/26/4 1061/27/4 1062/39/4
f  1063/40/6 1064/41/6 1065/41/6
f  1066/42/8 1067/43/8 1068/44/8
f  1069/41/8 1070/45/8 1071/40/8
f  1072/40/8 1073/46/8 1074/42/8
f  1075/19/5 1076/47/5 1077/47/5
f  1078/32/5 1079/36/5 1080/36/5
f  1081/44/8 1082/48/8 1083/49/8
f  1084/33/6 1085/39/6 1086/39/6
f  1087/30/5 1088/19/5 1089/19/5
f  1090/42/6 1091/40/6 1092/40/6
f  1093/43/8 1094/36/8 1095/48/8
f  1096/46/8 1097/32/8 1098/43/8
f  1099/41/4 1100/29/4 1101/29/4
f  1102/45/8 1103/31/8 1104/46/8
f  1105/50/8 1106/51/8 1107/45/8
f  1108/52/8 1109/33/8 1110/51/8
f  1111/31/8 1112/53/8 1113/32/8
f  1114/30/8 1115/42/8 1116/19/8
f  1117/29/8 1118/40/8 1119/30/8
f  1120/47/8 1121/49/8 1122/54/8
f  1123/19/8 1124/44/8 1125/47/8
f  1126/32/8 1127/37/8 1128/36/8
f  1129/51/8 1130/55/8 1131/31/8
f  1132/47/5 1133/54/5 1134/54/5
f  1135/54/7 1136/49/7 1137/49/7
f  1138/55/6 1139/33/6 1140/33/6
f  1141/39/4 1142/52/4 1143/52/4
f  1144/53/6 1145/55/6 1146/55/6
f  1147/49/6 1148/44/6 1149/44/6
f  1150/51/5 1151/31/5 1152/31/5
f  1153/37/6 1154/53/6 1155/53/6
f  1156/29/5 1157/30/5 1158/30/5
f  1159/44/6 1160/42/6 1161/42/6
f  1162/52/5 1163/51/5 1164/51/5
f  1165/36/7 1166/37/7 1167/37/7
f  1168/34/6 1169/35/6 1170/35/6
f  1171/56/9 1172/57/9 1173/58/9
f  1174/59/9 1175/60/9 1176/61/9
f  1177/61/9 1178/62/9 1179/56/9
f  1180/63/6 1181/64/6 1182/64/6
f  1183/65/6 1184/66/6 1185/66/6
f  1186/58/9 1187/67/9 1188/68/9
f  1189/38/7 1190/69/7 1191/69/7
f  1192/58/5 1193/56/5 1194/56/5
f  1195/70/7 1196/71/7 1197/71/7
f  1198/57/9 1199/72/9 1200/67/9
f  1201/62/9 1202/73/9 1203/57/9
f  1204/66/6 1205/74/6 1206/74/6
f  1207/60/9 1208/74/9 1209/62/9
f  1210/75/9 1211/66/9 1212/60/9
f  1213/65/9 1214/28/9 1215/66/9
f  1216/74/9 1217/76/9 1218/73/9
f  1219/77/9 1220/56/9 1221/78/9
f  1222/79/9 1223/61/9 1224/77/9
f  1225/80/9 1226/68/9 1227/81/9
f  1228/78/9 1229/58/9 1230/80/9
f  1231/73/9 1232/82/9 1233/72/9
f  1234/66/9 1235/83/9 1236/74/9
f  1237/56/5 1238/61/5 1239/61/5
f  1240/84/4 1241/85/4 1242/85/4
f  1243/28/5 1244/86/5 1245/86/5
f  1246/73/6 1247/72/6 1248/72/6
f  1249/61/5 1250/59/5 1251/59/5
f  1252/82/5 1253/76/5 1254/76/5
f  1255/87/6 1256/63/6 1257/63/6
f  1258/74/6 1259/73/6 1260/73/6
f  1261/35/6 1262/87/6 1263/87/6
f  1264/83/5 1265/28/5 1266/28/5
f  1267/76/5 1268/83/5 1269/83/5
f  1270/68/5 1271/58/5 1272/58/5
f  1273/26/5 1274/27/5 1275/27/5
f  1276/86/8 1277/29/8 1278/30/8
f  1279/31/8 1280/32/8 1281/32/8
f  1282/35/9 1283/87/9 1284/33/9
f  1285/36/6 1286/37/6 1287/38/6
f  1288/26/5 1289/27/5 1290/39/5
f  1291/40/9 1292/41/9 1293/41/9
f  1294/42/4 1295/43/4 1296/44/4
f  1297/41/4 1298/45/4 1299/40/4
f  1300/40/4 1301/46/4 1302/42/4
f  1303/19/8 1304/47/8 1305/47/8
f  1306/32/8 1307/36/8 1308/36/8
f  1309/44/4 1310/48/4 1311/49/4
f  1312/33/9 1313/39/9 1314/39/9
f  1315/30/8 1316/19/8 1317/19/8
f  1318/42/9 1319/40/9 1320/40/9
f  1321/43/4 1322/36/4 1323/48/4
f  1324/46/4 1325/32/4 1326/43/4
f  1327/41/5 1328/29/5 1329/29/5
f  1330/45/4 1331/31/4 1332/46/4
f  1333/50/4 1334/51/4 1335/45/4
f  1336/52/4 1337/33/4 1338/51/4
f  1339/31/4 1340/53/4 1341/32/4
f  1342/30/4 1343/42/4 1344/19/4
f  1345/29/4 1346/40/4 1347/30/4
f  1348/47/4 1349/49/4 1350/54/4
f  1351/19/4 1352/44/4 1353/47/4
f  1354/32/4 1355/37/4 1356/36/4
f  1357/51/4 1358/55/4 1359/31/4
f  1360/47/8 1361/54/8 1362/54/8
f  1363/54/6 1364/49/6 1365/49/6
f  1366/55/9 1367/33/9 1368/33/9
f  1369/39/5 1370/52/5 1371/52/5
f  1372/53/9 1373/55/9 1374/55/9
f  1375/49/9 1376/44/9 1377/44/9
f  1378/51/8 1379/31/8 1380/31/8
f  1381/37/9 1382/53/9 1383/53/9
f  1384/29/8 1385/30/8 1386/30/8
f  1387/44/14 1388/42/14 1389/42/14
f  1390/52/8 1391/51/8 1392/51/8
f  1393/36/6 1394/37/6 1395/37/6
f  1396/34/9 1397/35/9 1398/35/9
f  1399/56/7 1400/57/7 1401/58/7
f  1402/59/7 1403/60/7 1404/61/7
f  1405/61/7 1406/62/7 1407/56/7
f  1408/63/9 1409/64/9 1410/64/9
f  1411/65/9 1412/66/9 1413/66/9
f  1414/58/7 1415/67/7 1416/68/7
f  1417/38/6 1418/69/6 1419/69/6
f  1420/58/8 1421/56/8 1422/56/8
f  1423/70/6 1424/71/6 1425/71/6
f  1426/57/7 1427/72/7 1428/67/7
f  1429/62/7 1430/73/7 1431/57/7
f  1432/66/9 1433/74/9 1434/74/9
f  1435/60/7 1436/74/7 1437/62/7
f  1438/75/7 1439/66/7 1440/60/7
f  1441/65/7 1442/28/7 1443/66/7
f  1444/74/7 1445/76/7 1446/73/7
f  1447/77/7 1448/56/7 1449/78/7
f  1450/79/7 1451/61/7 1452/77/7
f  1453/80/7 1454/68/7 1455/81/7
f  1456/78/7 1457/58/7 1458/80/7
f  1459/73/7 1460/82/7 1461/72/7
f  1462/66/7 1463/83/7 1464/74/7
f  1465/56/8 1466/61/8 1467/61/8
f  1468/84/5 1469/85/5 1470/85/5
f  1471/28/8 1472/86/8 1473/86/8
f  1474/73/9 1475/72/9 1476/72/9
f  1477/61/8 1478/59/8 1479/59/8
f  1480/82/8 1481/76/8 1482/76/8
f  1483/87/9 1484/63/9 1485/63/9
f  1486/74/9 1487/73/9 1488/73/9
f  1489/35/9 1490/87/9 1491/87/9
f  1492/83/8 1493/28/8 1494/28/8
f  1495/76/8 1496/83/8 1497/83/8
f  1498/68/8 1499/58/8 1500/58/8
f  1501/26/5 1502/27/5 1503/27/5
f  1504/28/8 1505/86/8 1506/29/8
f  1507/31/8 1508/32/8 1509/32/8
f  1510/39/9 1511/34/9 1512/35/9
f  1513/36/6 1514/37/6 1515/38/6
f  1516/26/5 1517/27/5 1518/39/5
f  1519/40/9 1520/41/9 1521/41/9
f  1522/42/4 1523/43/4 1524/44/4
f  1525/41/4 1526/45/4 1527/40/4
f  1528/40/4 1529/46/4 1530/42/4
f  1531/19/8 1532/47/8 1533/47/8
f  1534/32/8 1535/36/8 1536/36/8
f  1537/44/4 1538/48/4 1539/49/4
f  1540/33/9 1541/39/9 1542/39/9
f  1543/30/8 1544/19/8 1545/19/8
f  1546/42/9 1547/40/9 1548/40/9
f  1549/43/4 1550/36/4 1551/48/4
f  1552/46/4 1553/32/4 1554/43/4
f  1555/41/5 1556/29/5 1557/29/5
f  1558/45/4 1559/31/4 1560/46/4
f  1561/50/4 1562/51/4 1563/45/4
f  1564/52/4 1565/33/4 1566/51/4
f  1567/31/4 1568/53/4 1569/32/4
f  1570/30/4 1571/42/4 1572/19/4
f  1573/29/4 1574/40/4 1575/30/4
f  1576/47/4 1577/49/4 1578/54/4
f  1579/19/4 1580/44/4 1581/47/4
f  1582/32/4 1583/37/4 1584/36/4
f  1585/51/4 1586/55/4 1587/31/4
f  1588/47/8 1589/54/8 1590/54/8
f  1591/54/6 1592/49/6 1593/49/6
f  1594/55/9 1595/33/9 1596/33/9
f  1597/39/5 1598/52/5 1599/52/5
f  1600/53/9 1601/55/9 1602/55/9
f  1603/49/9 1604/44/9 1605/44/9
f  1606/51/8 1607/31/8 1608/31/8
f  1609/37/9 1610/53/9 1611/53/9
f  1612/29/8 1613/30/8 1614/30/8
f  1615/44/9 1616/42/9 1617/42/9
f  1618/52/8 1619/51/8 1620/51/8
f  1621/36/6 1622/37/6 1623/37/6
f  1624/34/9 1625/35/9 1626/35/9
f  1627/56/7 1628/57/7 1629/58/7
f  1630/59/7 1631/60/7 1632/61/7
f  1633/61/7 1634/62/7 1635/56/7
f  1636/63/9 1637/64/9 1638/64/9
f  1639/65/9 1640/66/9 1641/66/9
f  1642/58/7 1643/67/7 1644/68/7
f  1645/38/6 1646/69/6 1647/69/6
f  1648/58/8 1649/56/8 1650/56/8
f  1651/70/6 1652/71/6 1653/71/6
f  1654/57/7 1655/72/7 1656/67/7
f  1657/62/7 1658/73/7 1659/57/7
f  1660/66/9 1661/74/9 1662/74/9
f  1663/60/7 1664/74/7 1665/62/7
f  1666/75/7 1667/66/7 1668/60/7
f  1669/65/7 1670/28/7 1671/66/7
f  1672/74/7 1673/76/7 1674/73/7
f  1675/77/7 1676/56/7 1677/78/7
f  1678/79/7 1679/61/7 1680/77/7
f  1681/80/7 1682/68/7 1683/81/7
f  1684/78/7 1685/58/7 1686/80/7
f  1687/73/7 1688/82/7 1689/72/7
f  1690/66/7 1691/83/7 1692/74/7
f  1693/56/8 1694/61/8 1695/61/8
f  1696/84/5 1697/85/5 1698/85/5
f  1699/28/8 1700/86/8 1701/86/8
f  1702/73/9 1703/72/9 1704/72/9
f  1705/61/8 1706/59/8 1707/59/8
f  1708/82/8 1709/76/8 1710/76/8
f  1711/87/9 1712/63/9 1713/63/9
f  1714/74/9 1715/73/9 1716/73/9
f  1717/35/9 1718/87/9 1719/87/9
f  1720/83/8 1721/28/8 1722/28/8
f  1723/76/8 1724/83/8 1725/83/8
f  1726/68/8 1727/58/8 1728/58/8
f  1729/26/4 1730/27/4 1731/27/4
f  1732/28/5 1733/29/5 1734/30/5
f  1735/31/5 1736/32/5 1737/32/5
f  1738/33/6 1739/34/6 1740/35/6
f  1741/36/7 1742/37/7 1743/38/7
f  1744/26/4 1745/27/4 1746/39/4
f  1747/40/6 1748/41/6 1749/41/6
f  1750/42/8 1751/43/8 1752/44/8
f  1753/41/8 1754/45/8 1755/40/8
f  1756/40/8 1757/46/8 1758/42/8
f  1759/19/5 1760/47/5 1761/47/5
f  1762/32/5 1763/36/5 1764/36/5
f  1765/44/8 1766/48/8 1767/49/8
f  1768/33/6 1769/39/6 1770/39/6
f  1771/30/5 1772/19/5 1773/19/5
f  1774/42/6 1775/40/6 1776/40/6
f  1777/43/8 1778/36/8 1779/48/8
f  1780/46/8 1781/32/8 1782/43/8
f  1783/41/4 1784/29/4 1785/29/4
f  1786/45/8 1787/31/8 1788/46/8
f  1789/50/8 1790/51/8 1791/45/8
f  1792/52/8 1793/33/8 1794/51/8
f  1795/31/8 1796/53/8 1797/32/8
f  1798/30/8 1799/42/8 1800/19/8
f  1801/29/8 1802/40/8 1803/30/8
f  1804/47/8 1805/49/8 1806/54/8
f  1807/19/8 1808/44/8 1809/47/8
f  1810/32/8 1811/37/8 1812/36/8
f  1813/51/8 1814/55/8 1815/31/8
f  1816/47/5 1817/54/5 1818/54/5
f  1819/54/7 1820/49/7 1821/49/7
f  1822/55/6 1823/33/6 1824/33/6
f  1825/39/4 1826/52/4 1827/52/4
f  1828/53/6 1829/55/6 1830/55/6
f  1831/49/6 1832/44/6 1833/44/6
f  1834/51/5 1835/31/5 1836/31/5
f  1837/37/6 1838/53/6 1839/53/6
f  1840/29/5 1841/30/5 1842/30/5
f  1843/44/6 1844/42/6 1845/42/6
f  1846/52/5 1847/51/5 1848/51/5
f  1849/36/7 1850/37/7 1851/37/7
f  1852/34/6 1853/35/6 1854/35/6
f  1855/56/9 1856/57/9 1857/58/9
f  1858/59/9 1859/60/9 1860/61/9
f  1861/61/9 1862/62/9 1863/56/9
f  1864/63/6 1865/64/6 1866/64/6
f  1867/65/6 1868/66/6 1869/66/6
f  1870/58/9 1871/67/9 1872/68/9
f  1873/38/7 1874/69/7 1875/69/7
f  1876/58/5 1877/56/5 1878/56/5
f  1879/70/7 1880/71/7 1881/71/7
f  1882/57/9 1883/72/9 1884/67/9
f  1885/62/9 1886/73/9 1887/57/9
f  1888/66/6 1889/74/6 1890/74/6
f  1891/60/9 1892/74/9 1893/62/9
f  1894/75/9 1895/66/9 1896/60/9
f  1897/65/9 1898/28/9 1899/66/9
f  1900/74/9 1901/76/9 1902/73/9
f  1903/77/9 1904/56/9 1905/78/9
f  1906/79/9 1907/61/9 1908/77/9
f  1909/80/9 1910/68/9 1911/81/9
f  1912/78/9 1913/58/9 1914/80/9
f  1915/73/9 1916/82/9 1917/72/9
f  1918/66/9 1919/83/9 1920/74/9
f  1921/56/5 1922/61/5 1923/61/5
f  1924/84/4 1925/85/4 1926/85/4
f  1927/28/5 1928/86/5 1929/86/5
f  1930/73/6 1931/72/6 1932/72/6
f  1933/61/5 1934/59/5 1935/59/5
f  1936/82/5 1937/76/5 1938/76/5
f  1939/87/6 1940/63/6 1941/63/6
f  1942/74/6 1943/73/6 1944/73/6
f  1945/35/6 1946/87/6 1947/87/6
f  1948/83/5 1949/28/5 1950/28/5
f  1951/76/5 1952/83/5 1953/83/5
f  1954/68/5 1955/58/5 1956/58/5
f  1957/26/5 1958/27/5 1959/27/5
f  1960/86/8 1961/29/8 1962/30/8
f  1963/31/8 1964/32/8 1965/32/8
f  1966/39/9 1967/34/9 1968/35/9
f  1969/36/6 1970/37/6 1971/38/6
f  1972/26/5 1973/27/5 1974/39/5
f  1975/40/9 1976/41/9 1977/41/9
f  1978/42/4 1979/43/4 1980/44/4
f  1981/41/4 1982/45/4 1983/40/4
f  1984/40/4 1985/46/4 1986/42/4
f  1987/19/8 1988/47/8 1989/47/8
f  1990/32/8 1991/36/8 1992/36/8
f  1993/44/4 1994/48/4 1995/49/4
f  1996/33/9 1997/39/9 1998/39/9
f  1999/30/8 2000/19/8 2001/19/8
f  2002/42/9 2003/40/9 2004/40/9
f  2005/43/4 2006/36/4 2007/48/4
f  2008/46/4 2009/32/4 2010/43/4
f  2011/41/5 2012/29/5 2013/29/5
f  2014/45/4 2015/31/4 2016/46/4
f  2017/50/4 2018/51/4 2019/45/4
f  2020/52/4 2021/33/4 2022/51/4
f  2023/31/4 2024/53/4 2025/32/4
f  2026/30/4 2027/42/4 2028/19/4
f  2029/29/4 2030/40/4 2031/30/4
f  2032/47/4 2033/49/4 2034/54/4
f  2035/19/4 2036/44/4 2037/47/4
f  2038/32/4 2039/37/4 2040/36/4
f  2041/51/4 2042/55/4 2043/31/4
f  2044/47/8 2045/54/8 2046/54/8
f  2047/54/6 2048/49/6 2049/49/6
f  2050/55/9 2051/33/9 2052/33/9
f  2053/39/5 2054/52/5 2055/52/5
f  2056/53/9 2057/55/9 2058/55/9
f  2059/49/9 2060/44/9 2061/44/9
f  2062/51/8 2063/31/8 2064/31/8
f  2065/37/9 2066/53/9 2067/53/9
f  2068/29/8 2069/30/8 2070/30/8
f  2071/44/9 2072/42/9 2073/42/9
f  2074/52/8 2075/51/8 2076/51/8
f  2077/36/6 2078/37/6 2079/37/6
f  2080/34/9 2081/35/9 2082/35/9
f  2083/56/7 2084/57/7 2085/58/7
f  2086/59/7 2087/60/7 2088/61/7
f  2089/61/7 2090/62/7 2091/56/7
f  2092/63/9 2093/64/9 2094/64/9
f  2095/65/9 2096/66/9 2097/66/9
f  2098/58/7 2099/67/7 2100/68/7
f  2101/38/6 2102/69/6 2103/69/6
f  2104/58/8 2105/56/8 2106/56/8
f  2107/70/6 2108/71/6 2109/71/6
f  2110/57/7 2111/72/7 2112/67/7
f  2113/62/7 2114/73/7 2115/57/7
f  2116/66/9 2117/74/9 2118/74/9
f  2119/60/7 2120/74/7 2121/62/7
f  2122/75/7 2123/66/7 2124/60/7
f  2125/65/7 2126/28/7 2127/66/7
f  2128/74/7 2129/76/7 2130/73/7
f  2131/77/7 2132/56/7 2133/78/7
f  2134/79/7 2135/61/7 2136/77/7
f  2137/80/7 2138/68/7 2139/81/7
f  2140/78/7 2141/58/7 2142/80/7
f  2143/73/7 2144/82/7 2145/72/7
f  2146/66/7 2147/83/7 2148/74/7
f  2149/56/8 2150/61/8 2151/61/8
f  2152/84/5 2153/85/5 2154/85/5
f  2155/28/8 2156/86/8 2157/86/8
f  2158/73/9 2159/72/9 2160/72/9
f  2161/61/8 2162/59/8 2163/59/8
f  2164/82/8 2165/76/8 2166/76/8
f  2167/87/9 2168/63/9 2169/63/9
f  2170/74/9 2171/73/9 2172/73/9
f  2173/35/9 2174/87/9 2175/87/9
f  2176/83/8 2177/28/8 2178/28/8
f  2179/76/8 2180/83/8 2181/83/8
f  2182/68/8 2183/58/8 2184/58/8
f  2185/26/5 2186/27/5 2187/27/5
f  2188/28/8 2189/86/8 2190/29/8
f  2191/31/8 2192/32/8 2193/32/8
f  2194/39/9 2195/34/9 2196/35/9
f  2197/36/6 2198/37/6 2199/38/6
f  2200/26/5 2201/27/5 2202/39/5
f  2203/40/9 2204/41/9 2205/41/9
f  2206/42/4 2207/43/4 2208/44/4
f  2209/41/4 2210/45/4 2211/40/4
f  2212/40/4 2213/46/4 2214/42/4
f  2215/19/8 2216/47/8 2217/47/8
f  2218/32/8 2219/36/8 2220/36/8
f  2221/44/4 2222/48/4 2223/49/4
f  2224/33/9 2225/39/9 2226/39/9
f  2227/30/8 2228/19/8 2229/19/8
f  2230/42/9 2231/40/9 2232/40/9
f  2233/43/4 2234/36/4 2235/48/4
f  2236/46/4 2237/32/4 2238/43/4
f  2239/41/5 2240/29/5 2241/29/5
f  2242/45/4 2243/31/4 2244/46/4
f  2245/50/4 2246/51/4 2247/45/4
f  2248/52/4 2249/33/4 2250/51/4
f  2251/31/4 2252/53/4 2253/32/4
f  2254/30/4 2255/42/4 2256/19/4
f  2257/29/4 2258/40/4 2259/30/4
f  2260/47/4 2261/49/4 2262/54/4
f  2263/19/4 2264/44/4 2265/47/4
f  2266/32/4 2267/37/4 2268/36/4
f  2269/51/4 2270/55/4 2271/31/4
f  2272/47/8 2273/54/8 2274/54/8
f  2275/54/6 2276/49/6 2277/49/6
f  2278/55/9 2279/33/9 2280/33/9
f  2281/39/5 2282/52/5 2283/52/5
f  2284/53/9 2285/55/9 2286/55/9
f  2287/49/9 2288/44/9 2289/44/9
f  2290/51/8 2291/31/8 2292/31/8
f  2293/37/9 2294/53/9 2295/53/9
f  2296/29/8 2297/30/8 2298/30/8
f  2299/44/9 2300/42/9 2301/42/9
f  2302/52/8 2303/51/8 2304/51/8
f  2305/36/6 2306/37/6 2307/37/6
f  2308/34/9 2309/35/9 2310/35/9
f  2311/56/7 2312/57/7 2313/58/7
f  2314/59/7 2315/60/7 2316/61/7
f  2317/61/7 2318/62/7 2319/56/7
f  2320/63/9 2321/64/9 2322/64/9
f  2323/65/9 2324/66/9 2325/66/9
f  2326/58/7 2327/67/7 2328/68/7
f  2329/38/6 2330/69/6 2331/69/6
f  2332/58/8 2333/56/8 2334/56/8
f  2335/70/6 2336/71/6 2337/71/6
f  2338/57/7 2339/72/7 2340/67/7
f  2341/62/7 2342/73/7 2343/57/7
f  2344/66/9 2345/74/9 2346/74/9
f  2347/60/7 2348/74/7 2349/62/7
f  2350/75/7 2351/66/7 2352/60/7
f  2353/65/7 2354/28/7 2355/66/7
f  2356/74/7 2357/76/7 2358/73/7
f  2359/77/7 2360/56/7 2361/78/7
f  2362/79/7 2363/61/7 2364/77/7
f  2365/80/7 2366/68/7 2367/81/7
f  2368/78/7 2369/58/7 2370/80/7
f  2371/73/7 2372/82/7 2373/72/7
f  2374/66/7 2375/83/7 2376/74/7
f  2377/56/15 2378/61/15 2379/61/15
f  2380/84/5 2381/85/5 2382/85/5
f  2383/28/8 2384/86/8 2385/86/8
f  2386/73/9 2387/72/9 2388/72/9
f  2389/61/8 2390/59/8 2391/59/8
f  2392/82/8 2393/76/8 2394/76/8
f  2395/87/9 2396/63/9 2397/63/9
f  2398/74/9 2399/73/9 2400/73/9
f  2401/35/9 2402/87/9 2403/87/9
f  2404/83/8 2405/28/8 2406/28/8
f  2407/76/8 2408/83/8 2409/83/8
f  2410/68/8 2411/58/8 2412/58/8
f  2413/26/4 2414/27/4 2415/27/4
f  2416/28/5 2417/29/5 2418/30/5
f  2419/31/5 2420/32/5 2421/32/5
f  2422/33/6 2423/34/6 2424/35/6
f  2425/36/7 2426/37/7 2427/38/7
f  2428/26/4 2429/27/4 2430/39/4
f  2431/40/6 2432/41/6 2433/41/6
f  2434/42/8 2435/43/8 2436/44/8
f  2437/41/8 2438/45/8 2439/40/8
f  2440/40/8 2441/46/8 2442/42/8
f  2443/19/5 2444/47/5 2445/47/5
f  2446/32/5 2447/36/5 2448/36/5
f  2449/44/8 2450/48/8 2451/49/8
f  2452/33/6 2453/39/6 2454/39/6
f  2455/30/5 2456/19/5 2457/19/5
f  2458/42/6 2459/40/6 2460/40/6
f  2461/43/8 2462/36/8 2463/48/8
f  2464/46/8 2465/32/8 2466/43/8
f  2467/41/4 2468/29/4 2469/29/4
f  2470/45/8 2471/31/8 2472/46/8
f  2473/50/8 2474/51/8 2475/45/8
f  2476/52/8 2477/33/8 2478/51/8
f  2479/31/8 2480/53/8 2481/32/8
f  2482/30/8 2483/42/8 2484/19/8
f  2485/29/8 2486/40/8 2487/30/8
f  2488/47/8 2489/49/8 2490/54/8
f  2491/19/8 2492/44/8 2493/47/8
f  2494/32/8 2495/37/8 2496/36/8
f  2497/51/8 2498/55/8 2499/31/8
f  2500/47/5 2501/54/5 2502/54/5
f  2503/54/7 2504/49/7 2505/49/7
f  2506/55/6 2507/33/6 2508/33/6
f  2509/39/4 2510/52/4 2511/52/4
f  2512/53/6 2513/55/6 2514/55/6
f  2515/49/6 2516/44/6 2517/44/6
f  2518/51/5 2519/31/5 2520/31/5
f  2521/37/6 2522/53/6 2523/53/6
f  2524/29/5 2525/30/5 2526/30/5
f  2527/44/6 2528/42/6 2529/42/6
f  2530/52/5 2531/51/5 2532/51/5
f  2533/36/7 2534/37/7 2535/37/7
f  2536/34/6 2537/35/6 2538/35/6
f  2539/56/9 2540/57/9 2541/58/9
f  2542/59/9 2543/60/9 2544/61/9
f  2545/61/9 2546/62/9 2547/56/9
f  2548/63/6 2549/64/6 2550/64/6
f  2551/65/6 2552/66/6 2553/66/6
f  2554/58/9 2555/67/9 2556/68/9
f  2557/38/7 2558/69/7 2559/69/7
f  2560/58/5 2561/56/5 2562/56/5
f  2563/70/7 2564/71/7 2565/71/7
f  2566/57/9 2567/72/9 2568/67/9
f  2569/62/9 2570/73/9 2571/57/9
f  2572/66/6 2573/74/6 2574/74/6
f  2575/60/9 2576/74/9 2577/62/9
f  2578/75/9 2579/66/9 2580/60/9
f  2581/65/9 2582/28/9 2583/66/9
f  2584/74/9 2585/76/9 2586/73/9
f  2587/77/9 2588/56/9 2589/78/9
f  2590/79/9 2591/61/9 2592/77/9
f  2593/80/9 2594/68/9 2595/81/9
f  2596/78/9 2597/58/9 2598/80/9
f  2599/73/9 2600/82/9 2601/72/9
f  2602/66/9 2603/83/9 2604/74/9
f  2605/56/5 2606/61/5 2607/61/5
f  2608/84/4 2609/85/4 2610/85/4
f  2611/28/5 2612/86/5 2613/86/5
f  2614/73/6 2615/72/6 2616/72/6
f  2617/61/5 2618/59/5 2619/59/5
f  2620/82/5 2621/76/5 2622/76/5
f  2623/87/6 2624/63/6 2625/63/6
f  2626/74/6 2627/73/6 2628/73/6
f  2629/35/6 2630/87/6 2631/87/6
f  2632/83/5 2633/28/5 2634/28/5
f  2635/76/5 2636/83/5 2637/83/5
f  2638/68/5 2639/58/5 2640/58/5
f  2641/26/5 2642/27/5 2643/27/5
f  2644/86/8 2645/29/8 2646/30/8
f  2647/31/8 2648/32/8 2649/32/8
f  2650/33/9 2651/34/9 2652/35/9
f  2653/36/6 2654/37/6 2655/38/6
f  2656/26/5 2657/27/5 2658/39/5
f  2659/40/9 2660/41/9 2661/41/9
f  2662/42/4 2663/43/4 2664/44/4
f  2665/41/4 2666/45/4 2667/40/4
f  2668/40/4 2669/46/4 2670/42/4
f  2671/19/8 2672/47/8 2673/47/8
f  2674/32/16 2675/36/16 2676/36/16
f  2677/44/4 2678/48/4 2679/49/4
f  2680/33/9 2681/39/9 2682/39/9
f  2683/30/8 2684/19/8 2685/19/8
f  2686/42/9 2687/40/9 2688/40/9
f  2689/43/4 2690/36/4 2691/48/4
f  2692/46/4 2693/32/4 2694/43/4
f  2695/41/5 2696/29/5 2697/29/5
f  2698/45/4 2699/31/4 2700/46/4
f  2701/50/4 2702/51/4 2703/45/4
f  2704/52/4 2705/33/4 2706/51/4
f  2707/31/4 2708/53/4 2709/32/4
f  2710/30/4 2711/42/4 2712/19/4
f  2713/29/4 2714/40/4 2715/30/4
f  2716/47/4 2717/49/4 2718/54/4
f  2719/19/4 2720/44/4 2721/47/4
f  2722/32/4 2723/37/4 2724/36/4
f  2725/51/4 2726/55/4 2727/31/4
f  2728/47/8 2729/54/8 2730/54/8
f  2731/54/6 2732/49/6 2733/49/6
f  2734/55/9 2735/33/9 2736/33/9
f  2737/39/5 2738/52/5 2739/52/5
f  2740/53/9 2741/55/9 2742/55/9
f  2743/49/9 2744/44/9 2745/44/9
f  2746/51/8 2747/31/8 2748/31/8
f  2749/37/9 2750/53/9 2751/53/9
f  2752/29/8 2753/30/8 2754/30/8
f  2755/44/9 2756/42/9 2757/42/9
f  2758/52/8 2759/51/8 2760/51/8
f  2761/36/6 2762/37/6 2763/37/6
f  2764/34/9 2765/35/9 2766/35/9
f  2767/56/7 2768/57/7 2769/58/7
f  2770/59/7 2771/60/7 2772/61/7
f  2773/61/7 2774/62/7 2775/56/7
f  2776/63/9 2777/64/9 2778/64/9
f  2779/65/9 2780/66/9 2781/66/9
f  2782/58/7 2783/67/7 2784/68/7
f  2785/38/6 2786/69/6 2787/69/6
f  2788/58/8 2789/56/8 2790/56/8
f  2791/70/6 2792/71/6 2793/71/6
f  2794/57/7 2795/72/7 2796/67/7
f  2797/62/7 2798/73/7 2799/57/7
f  2800/66/9 2801/74/9 2802/74/9
f  2803/60/7 2804/74/7 2805/62/7
f  2806/75/7 2807/66/7 2808/60/7
f  2809/65/7 2810/28/7 2811/66/7
f  2812/74/7 2813/76/7 2814/73/7
f  2815/77/7 2816/56/7 2817/78/7
f  2818/79/7 2819/61/7 2820/77/7
f  2821/80/7 2822/68/7 2823/81/7
f  2824/78/7 2825/58/7 2826/80/7
f  2827/73/7 2828/82/7 2829/72/7
f  2830/66/7 2831/83/7 2832/74/7
f  2833/56/8 2834/61/8 2835/61/8
f  2836/84/5 2837/85/5 2838/85/5
f  2839/28/8 2840/86/8 2841/86/8
f  2842/73/9 2843/72/9 2844/72/9
f  2845/61/8 2846/59/8 2847/59/8
f  2848/82/8 2849/76/8 2850/76/8
f  2851/87/9 2852/63/9 2853/63/9
f  2854/74/9 2855/73/9 2856/73/9
f  2857/35/9 2858/87/9 2859/87/9
f  2860/83/8 2861/28/8 2862/28/8
f  2863/76/8 2864/83/8 2865/83/8
f  2866/68/8 2867/58/8 2868/58/8
f  2869/26/5 2870/27/5 2871/27/5
f  2872/28/8 2873/86/8 2874/29/8
f  2875/31/8 2876/32/8 2877/32/8
f  2878/39/9 2879/34/9 2880/35/9
f  2881/36/6 2882/37/6 2883/38/6
f  2884/26/5 2885/27/5 2886/39/5
f  2887/40/9 2888/41/9 2889/41/9
f  2890/42/4 2891/43/4 2892/44/4
f  2893/41/4 2894/45/4 2895/40/4
f  2896/40/4 2897/46/4 2898/42/4
f  2899/19/8 2900/47/8 2901/47/8
f  2902/32/8 2903/36/8 2904/36/8
f  2905/44/4 2906/48/4 2907/49/4
f  2908/33/9 2909/39/9 2910/39/9
f  2911/30/8 2912/19/8 2913/19/8
f  2914/42/9 2915/40/9 2916/40/9
f  2917/43/4 2918/36/4 2919/48/4
f  2920/46/4 2921/32/4 2922/43/4
f  2923/41/5 2924/29/5 2925/29/5
f  2926/45/4 2927/31/4 2928/46/4
f  2929/50/4 2930/51/4 2931/45/4
f  2932/52/4 2933/33/4 2934/51/4
f  2935/31/4 2936/53/4 2937/32/4
f  2938/30/4 2939/42/4 2940/19/4
f  2941/29/4 2942/40/4 2943/30/4
f  2944/47/4 2945/49/4 2946/54/4
f  2947/19/4 2948/44/4 2949/47/4
f  2950/32/4 2951/37/4 2952/36/4
f  2953/51/4 2954/55/4 2955/31/4
f  2956/47/8 2957/54/8 2958/54/8
f  2959/54/6 2960/49/6 2961/49/6
f  2962/55/9 2963/33/9 2964/33/9
f  2965/39/5 2966/52/5 2967/52/5
f  2968/53/9 2969/55/9 2970/55/9
f  2971/49/9 2972/44/9 2973/44/9
f  2974/51/8 2975/31/8 2976/31/8
f  2977/37/9 2978/53/9 2979/53/9
f  2980/29/8 2981/30/8 2982/30/8
f  2983/44/9 2984/42/9 2985/42/9
f  2986/52/17 2987/51/17 2988/51/17
f  2989/36/6 2990/37/6 2991/37/6
f  2992/34/9 2993/35/9 2994/35/9
f  2995/56/7 2996/57/7 2997/58/7
f  2998/59/7 2999/60/7 3000/61/7
f  3001/61/7 3002/62/7 3003/56/7
f  3004/63/9 3005/64/9 3006/64/9
f  3007/65/9 3008/66/9 3009/66/9
f  3010/58/7 3011/67/7 3012/68/7
f  3013/38/6 3014/69/6 3015/69/6
f  3016/58/8 3017/56/8 3018/56/8
f  3019/70/6 3020/71/6 3021/71/6
f  3022/57/7 3023/72/7 3024/67/7
f  3025/62/7 3026/73/7 3027/57/7
f  3028/66/9 3029/74/9 3030/74/9
f  3031/60/7 3032/74/7 3033/62/7
f  3034/75/7 3035/66/7 3036/60/7
f  3037/65/7 3038/28/7 3039/66/7
f  3040/74/7 3041/76/7 3042/73/7
f  3043/77/7 3044/56/7 3045/78/7
f  3046/79/7 3047/61/7 3048/77/7
f  3049/80/7 3050/68/7 3051/81/7
f  3052/78/7 3053/58/7 3054/80/7
f  3055/73/7 3056/82/7 3057/72/7
f  3058/66/7 3059/83/7 3060/74/7
f  3061/56/8 3062/61/8 3063/61/8
f  3064/84/5 3065/85/5 3066/85/5
f  3067/28/8 3068/86/8 3069/86/8
f  3070/73/9 3071/72/9 3072/72/9
f  3073/61/8 3074/59/8 3075/59/8
f  3076/82/8 3077/76/8 3078/76/8
f  3079/87/9 3080/63/9 3081/63/9
f  3082/74/9 3083/73/9 3084/73/9
f  3085/35/9 3086/87/9 3087/87/9
f  3088/83/8 3089/28/8 3090/28/8
f  3091/76/8 3092/83/8 3093/83/8
f  3094/68/8 3095/58/8 3096/58/8
f  3097/26/4 3098/27/4 3099/27/4
f  3100/28/5 3101/29/5 3102/30/5
f  3103/31/5 3104/32/5 3105/32/5
f  3106/33/6 3107/34/6 3108/35/6
f  3109/36/7 3110/37/7 3111/38/7
f  3112/26/4 3113/27/4 3114/39/4
f  3115/40/6 3116/41/6 3117/41/6
f  3118/42/8 3119/43/8 3120/44/8
f  3121/41/8 3122/45/8 3123/40/8
f  3124/40/8 3125/46/8 3126/42/8
f  3127/19/5 3128/47/5 3129/47/5
f  3130/32/5 3131/36/5 3132/36/5
f  3133/44/8 3134/48/8 3135/49/8
f  3136/33/6 3137/39/6 3138/39/6
f  3139/30/5 3140/19/5 3141/19/5
f  3142/42/6 3143/40/6 3144/40/6
f  3145/43/8 3146/36/8 3147/48/8
f  3148/46/8 3149/32/8 3150/43/8
f  3151/41/4 3152/29/4 3153/29/4
f  3154/45/8 3155/31/8 3156/46/8
f  3157/50/8 3158/51/8 3159/45/8
f  3160/52/8 3161/33/8 3162/51/8
f  3163/31/8 3164/53/8 3165/32/8
f  3166/30/8 3167/42/8 3168/19/8
f  3169/29/8 3170/40/8 3171/30/8
f  3172/47/8 3173/49/8 3174/54/8
f  3175/19/8 3176/44/8 3177/47/8
f  3178/32/8 3179/37/8 3180/36/8
f  3181/51/8 3182/55/8 3183/31/8
f  3184/47/5 3185/54/5 3186/54/5
f  3187/54/7 3188/49/7 3189/49/7
f  3190/55/6 3191/33/6 3192/33/6
f  3193/39/4 3194/52/4 3195/52/4
f  3196/53/6 3197/55/6 3198/55/6
f  3199/49/6 3200/44/6 3201/44/6
f  3202/51/5 3203/31/5 3204/31/5
f  3205/37/6 3206/53/6 3207/53/6
f  3208/29/5 3209/30/5 3210/30/5
f  3211/44/6 3212/42/6 3213/42/6
f  3214/52/5 3215/51/5 3216/51/5
f  3217/36/7 3218/37/7 3219/37/7
f  3220/34/6 3221/35/6 3222/35/6
f  3223/56/9 3224/57/9 3225/58/9
f  3226/59/9 3227/60/9 3228/61/9
f  3229/61/9 3230/62/9 3231/56/9
f  3232/63/6 3233/64/6 3234/64/6
f  3235/65/6 3236/66/6 3237/66/6
f  3238/58/9 3239/67/9 3240/68/9
f  3241/38/7 3242/69/7 3243/69/7
f  3244/58/5 3245/56/5 3246/56/5
f  3247/70/7 3248/71/7 3249/71/7
f  3250/57/9 3251/72/9 3252/67/9
f  3253/62/9 3254/73/9 3255/57/9
f  3256/66/6 3257/74/6 3258/74/6
f  3259/60/9 3260/74/9 3261/62/9
f  3262/75/9 3263/66/9 3264/60/9
f  3265/65/9 3266/28/9 3267/66/9
f  3268/74/9 3269/76/9 3270/73/9
f  3271/77/9 3272/56/9 3273/78/9
f  3274/79/9 3275/61/9 3276/77/9
f  3277/80/9 3278/68/9 3279/81/9
f  3280/78/9 3281/58/9 3282/80/9
f  3283/73/9 3284/82/9 3285/72/9
f  3286/66/9 3287/83/9 3288/74/9
f  3289/56/5 3290/61/5 3291/61/5
f  3292/84/4 3293/85/4 3294/85/4
f  3295/28/5 3296/86/5 3297/86/5
f  3298/73/6 3299/72/6 3300/72/6
f  3301/61/5 3302/59/5 3303/59/5
f  3304/82/5 3305/76/5 3306/76/5
f  3307/87/6 3308/63/6 3309/63/6
f  3310/74/6 3311/73/6 3312/73/6
f  3313/35/6 3314/87/6 3315/87/6
f  3316/83/5 3317/28/5 3318/28/5
f  3319/76/5 3320/83/5 3321/83/5
f  3322/68/5 3323/58/5 3324/58/5
f  3325/26/5 3326/27/5 3327/27/5
f  3328/86/8 3329/29/8 3330/30/8
f  3331/31/8 3332/32/8 3333/32/8
f  3334/33/9 3335/34/9 3336/35/9
f  3337/36/6 3338/37/6 3339/38/6
f  3340/26/5 3341/27/5 3342/39/5
f  3343/40/9 3344/41/9 3345/41/9
f  3346/42/4 3347/43/4 3348/44/4
f  3349/41/4 3350/45/4 3351/40/4
f  3352/40/4 3353/46/4 3354/42/4
f  3355/19/8 3356/47/8 3357/47/8
f  3358/32/8 3359/36/8 3360/36/8
f  3361/44/4 3362/48/4 3363/49/4
f  3364/33/9 3365/39/9 3366/39/9
f  3367/30/8 3368/19/8 3369/19/8
f  3370/42/9 3371/40/9 3372/40/9
f  3373/43/4 3374/36/4 3375/48/4
f  3376/46/4 3377/32/4 3378/43/4
f  3379/41/5 3380/29/5 3381/29/5
f  3382/45/4 3383/31/4 3384/46/4
f  3385/50/4 3386/51/4 3387/45/4
f  3388/52/4 3389/33/4 3390/51/4
f  3391/31/4 3392/53/4 3393/32/4
f  3394/30/4 3395/42/4 3396/19/4
f  3397/29/4 3398/40/4 3399/30/4
f  3400/47/4 3401/49/4 3402/54/4
f  3403/19/4 3404/44/4 3405/47/4
f  3406/32/4 3407/37/4 3408/36/4
f  3409/51/4 3410/55/4 3411/31/4
f  3412/47/8 3413/54/8 3414/54/8
f  3415/54/6 3416/49/6 3417/49/6
f  3418/55/9 3419/33/9 3420/33/9
f  3421/39/5 3422/52/5 3423/52/5
f  3424/53/9 3425/55/9 3426/55/9
f  3427/49/9 3428/44/9 3429/44/9
f  3430/51/8 3431/31/8 3432/31/8
f  3433/37/9 3434/53/9 3435/53/9
f  3436/29/8 3437/30/8 3438/30/8
f  3439/44/9 3440/42/9 3441/42/9
f  3442/52/8 3443/51/8 3444/51/8
f  3445/36/6 3446/37/6 3447/37/6
f  3448/34/9 3449/35/9 3450/35/9
f  3451/56/7 3452/57/7 3453/58/7
f  3454/59/7 3455/60/7 3456/61/7
f  3457/61/7 3458/62/7 3459/56/7
f  3460/63/9 3461/64/9 3462/64/9
f  3463/65/9 3464/66/9 3465/66/9
f  3466/58/7 3467/67/7 3468/68/7
f  3469/38/6 3470/69/6 3471/69/6
f  3472/58/8 3473/56/8 3474/56/8
f  3475/70/6 3476/71/6 3477/71/6
f  3478/57/7 3479/72/7 3480/67/7
f  3481/62/7 3482/73/7 3483/57/7
f  3484/66/9 3485/74/9 3486/74/9
f  3487/60/7 3488/74/7 3489/62/7
f  3490/75/7 3491/66/7 3492/60/7
f  3493/65/7 3494/28/7 3495/66/7
f  3496/74/7 3497/76/7 3498/73/7
f  3499/77/7 3500/56/7 3501/78/7
f  3502/79/7 3503/61/7 3504/77/7
f  3505/80/7 3506/68/7 3507/81/7
f  3508/78/7 3509/58/7 3510/80/7
f  3511/73/7 3512/82/7 3513/72/7
f  3514/66/7 3515/83/7 3516/74/7
f  3517/56/8 3518/61/8 3519/61/8
f  3520/84/5 3521/85/5 3522/85/5
f  3523/28/8 3524/86/8 3525/86/8
f  3526/73/9 3527/72/9 3528/72/9
f  3529/61/8 3530/59/8 3531/59/8
f  3532/82/8 3533/76/8 3534/76/8
f  3535/87/9 3536/63/9 3537/63/9
f  3538/74/9 3539/73/9 3540/73/9
f  3541/35/9 3542/87/9 3543/87/9
f  3544/83/8 3545/28/8 3546/28/8
f  3547/76/8 3548/83/8 3549/83/8
f  3550/68/8 3551/58/8 3552/58/8
f  3553/26/4 3554/26/4 3555/27/4
f  3556/54/5 3557/82/5 3558/76/5
f  3559/83/5 3560/28/5 3561/30/5
f  3562/28/5 3563/86/5 3564/29/5
f  3565/54/5 3566/76/5 3567/47/5
f  3568/76/5 3569/83/5 3570/47/5
f  3571/30/5 3572/19/5 3573/83/5
f  3574/19/5 3575/47/5 3576/83/5
f  3577/31/5 3578/31/5 3579/32/5
f  3580/64/6 3581/37/6 3582/53/6
f  3583/55/6 3584/33/6 3585/35/6
f  3586/33/6 3587/39/6 3588/34/6
f  3589/64/6 3590/53/6 3591/63/6
f  3592/53/6 3593/55/6 3594/63/6
f  3595/35/6 3596/87/6 3597/55/6
f  3598/87/6 3599/63/6 3600/55/6
f  3601/70/7 3602/71/7 3603/54/7
f  3604/49/7 3605/48/7 3606/88/7
f  3607/48/7 3608/36/7 3609/88/7
f  3610/70/7 3611/54/7 3612/49/7
f  3613/38/7 3614/69/7 3615/36/7
f  3616/69/7 3617/88/7 3618/36/7
f  3619/88/7 3620/70/7 3621/49/7
f  3622/41/4 3623/29/4 3624/84/4
f  3625/85/4 3626/89/4 3627/50/4
f  3628/89/4 3629/26/4 3630/50/4
f  3631/41/4 3632/84/4 3633/85/4
f  3634/39/4 3635/52/4 3636/26/4
f  3637/52/4 3638/50/4 3639/26/4
f  3640/50/4 3641/41/4 3642/85/4
f  3643/40/6 3644/40/6 3645/41/6
f  3646/42/8 3647/46/8 3648/43/8
f  3649/41/8 3650/50/8 3651/45/8
f  3652/40/8 3653/45/8 3654/46/8
f  3655/19/5 3656/19/5 3657/47/5
f  3658/32/5 3659/32/5 3660/36/5
f  3661/44/8 3662/43/8 3663/48/8
f  3664/33/6 3665/33/6 3666/39/6
f  3667/30/5 3668/30/5 3669/19/5
f  3670/42/6 3671/42/6 3672/40/6
f  3673/43/8 3674/32/8 3675/36/8
f  3676/46/8 3677/31/8 3678/32/8
f  3679/41/4 3680/41/4 3681/29/4
f  3682/45/8 3683/51/8 3684/31/8
f  3685/50/8 3686/52/8 3687/51/8
f  3688/52/8 3689/39/8 3690/33/8
f  3691/31/8 3692/55/8 3693/53/8
f  3694/30/8 3695/40/8 3696/42/8
f  3697/29/8 3698/41/8 3699/40/8
f  3700/47/8 3701/44/8 3702/49/8
f  3703/19/8 3704/42/8 3705/44/8
f  3706/32/8 3707/53/8 3708/37/8
f  3709/51/8 3710/33/8 3711/55/8
f  3712/47/5 3713/47/5 3714/54/5
f  3715/54/7 3716/54/7 3717/49/7
f  3718/55/6 3719/55/6 3720/33/6
f  3721/39/4 3722/39/4 3723/52/4
f  3724/53/6 3725/53/6 3726/55/6
f  3727/49/6 3728/49/6 3729/44/6
f  3730/51/5 3731/51/5 3732/31/5
f  3733/37/6 3734/37/6 3735/53/6
f  3736/29/5 3737/29/5 3738/30/5
f  3739/44/6 3740/44/6 3741/42/6
f  3742/52/5 3743/52/5 3744/51/5
f  3745/36/7 3746/36/7 3747/37/7
f  3748/34/6 3749/34/6 3750/35/6
f  3751/56/9 3752/62/9 3753/57/9
f  3754/59/9 3755/75/9 3756/60/9
f  3757/61/9 3758/60/9 3759/62/9
f  3760/63/6 3761/63/6 3762/64/6
f  3763/65/6 3764/65/6 3765/66/6
f  3766/58/9 3767/57/9 3768/67/9
f  3769/38/7 3770/38/7 3771/69/7
f  3772/58/5 3773/58/5 3774/56/5
f  3775/70/7 3776/70/7 3777/71/7
f  3778/57/9 3779/73/9 3780/72/9
f  3781/62/9 3782/74/9 3783/73/9
f  3784/66/6 3785/66/6 3786/74/6
f  3787/60/9 3788/66/9 3789/74/9
f  3790/75/9 3791/65/9 3792/66/9
f  3793/65/9 3794/86/9 3795/28/9
f  3796/74/9 3797/83/9 3798/76/9
f  3799/77/9 3800/61/9 3801/56/9
f  3802/79/9 3803/59/9 3804/61/9
f  3805/80/9 3806/58/9 3807/68/9
f  3808/78/9 3809/56/9 3810/58/9
f  3811/73/9 3812/76/9 3813/82/9
f  3814/66/9 3815/28/9 3816/83/9
f  3817/56/5 3818/56/5 3819/61/5
f  3820/84/4 3821/84/4 3822/85/4
f  3823/28/5 3824/28/5 3825/86/5
f  3826/73/6 3827/73/6 3828/72/6
f  3829/61/5 3830/61/5 3831/59/5
f  3832/82/5 3833/82/5 3834/76/5
f  3835/87/6 3836/87/6 3837/63/6
f  3838/74/6 3839/74/6 3840/73/6
f  3841/35/6 3842/35/6 3843/87/6
f  3844/83/5 3845/83/5 3846/28/5
f  3847/76/5 3848/76/5 3849/83/5
f  3850/68/5 3851/68/5 3852/58/5
f  3853/26/5 3854/26/5 3855/27/5
f  3856/54/8 3857/82/8 3858/76/8
f  3859/76/8 3860/83/8 3861/19/8
f  3862/83/8 3863/28/8 3864/19/8
f  3865/47/8 3866/54/8 3867/76/8
f  3868/29/8 3869/30/8 3870/28/8
f  3871/30/8 3872/19/8 3873/28/8
f  3874/19/8 3875/47/8 3876/76/8
f  3877/31/18 3878/31/18 3879/32/18
f  3880/64/9 3881/37/9 3882/53/9
f  3883/55/9 3884/33/9 3885/87/9
f  3886/33/9 3887/39/9 3888/35/9
f  3889/55/9 3890/63/9 3891/53/9
f  3892/64/9 3893/53/9 3894/63/9
f  3895/87/9 3896/63/9 3897/55/9
f  3898/87/9 3899/33/9 3900/35/9
f  3901/70/6 3902/71/6 3903/54/6
f  3904/49/19 3905/48/19 3906/88/19
f  3907/48/6 3908/36/6 3909/88/6
f  3910/70/20 3911/54/20 3912/49/20
f  3913/38/6 3914/69/6 3915/36/6
f  3916/69/6 3917/88/6 3918/36/6
f  3919/88/21 3920/70/21 3921/49/21
f  3922/41/5 3923/29/5 3924/84/5
f  3925/85/22 3926/89/22 3927/50/22
f  3928/89/5 3929/26/5 3930/50/5
f  3931/41/23 3932/84/23 3933/85/23
f  3934/39/5 3935/52/5 3936/26/5
f  3937/52/5 3938/50/5 3939/26/5
f  3940/50/24 3941/41/24 3942/85/24
f  3943/40/9 3944/40/9 3945/41/9
f  3946/42/4 3947/46/4 3948/43/4
f  3949/41/4 3950/50/4 3951/45/4
f  3952/40/4 3953/45/4 3954/46/4
f  3955/19/18 3956/19/18 3957/47/18
f  3958/32/18 3959/32/18 3960/36/18
f  3961/44/4 3962/43/4 3963/48/4
f  3964/33/9 3965/33/9 3966/39/9
f  3967/30/18 3968/30/18 3969/19/18
f  3970/42/9 3971/42/9 3972/40/9
f  3973/43/4 3974/32/4 3975/36/4
f  3976/46/4 3977/31/4 3978/32/4
f  3979/41/5 3980/41/5 3981/29/5
f  3982/45/4 3983/51/4 3984/31/4
f  3985/50/4 3986/52/4 3987/51/4
f  3988/52/4 3989/39/4 3990/33/4
f  3991/31/4 3992/55/4 3993/53/4
f  3994/30/4 3995/40/4 3996/42/4
f  3997/29/4 3998/41/4 3999/40/4
f  4000/47/4 4001/44/4 4002/49/4
f  4003/19/4 4004/42/4 4005/44/4
f  4006/32/4 4007/53/4 4008/37/4
f  4009/51/4 4010/33/4 4011/55/4
f  4012/47/18 4013/47/18 4014/54/18
f  4015/49/25 4016/54/25 4017/54/25
f  4018/55/9 4019/55/9 4020/33/9
f  4021/39/5 4022/39/5 4023/52/5
f  4024/53/9 4025/53/9 4026/55/9
f  4027/49/9 4028/49/9 4029/44/9
f  4030/51/18 4031/51/18 4032/31/18
f  4033/37/9 4034/37/9 4035/53/9
f  4036/29/18 4037/29/18 4038/30/18
f  4039/44/9 4040/44/9 4041/42/9
f  4042/52/18 4043/52/18 4044/51/18
f  4045/37/25 4046/36/25 4047/36/25
f  4048/34/9 4049/34/9 4050/35/9
f  4051/56/7 4052/62/7 4053/57/7
f  4054/59/7 4055/75/7 4056/60/7
f  4057/61/7 4058/60/7 4059/62/7
f  4060/63/9 4061/63/9 4062/64/9
f  4063/65/26 4064/65/26 4065/66/26
f  4066/58/7 4067/57/7 4068/67/7
f  4069/38/6 4070/38/6 4071/69/6
f  4072/58/8 4073/58/8 4074/56/8
f  4075/71/27 4076/70/27 4077/70/27
f  4078/57/7 4079/73/7 4080/72/7
f  4081/62/7 4082/74/7 4083/73/7
f  4084/66/26 4085/66/26 4086/74/26
f  4087/60/7 4088/66/7 4089/74/7
f  4090/75/7 4091/65/7 4092/66/7
f  4093/65/7 4094/86/7 4095/28/7
f  4096/74/7 4097/83/7 4098/76/7
f  4099/77/7 4100/61/7 4101/56/7
f  4102/79/7 4103/59/7 4104/61/7
f  4105/80/7 4106/58/7 4107/68/7
f  4108/78/7 4109/56/7 4110/58/7
f  4111/73/7 4112/76/7 4113/82/7
f  4114/66/7 4115/28/7 4116/83/7
f  4117/56/8 4118/56/8 4119/61/8
f  4120/84/5 4121/84/5 4122/85/5
f  4123/28/8 4124/28/8 4125/86/8
f  4126/73/26 4127/73/26 4128/72/26
f  4129/61/8 4130/61/8 4131/59/8
f  4132/82/8 4133/82/8 4134/76/8
f  4135/87/9 4136/87/9 4137/63/9
f  4138/74/26 4139/74/26 4140/73/26
f  4141/35/9 4142/35/9 4143/87/9
f  4144/83/8 4145/83/8 4146/28/8
f  4147/76/8 4148/76/8 4149/83/8
f  4150/68/8 4151/68/8 4152/58/8
f  4153/26/5 4154/26/5 4155/27/5
f  4156/54/8 4157/82/8 4158/76/8
f  4159/83/8 4160/28/8 4161/19/8
f  4162/28/8 4163/86/8 4164/30/8
f  4165/19/8 4166/28/8 4167/30/8
f  4168/54/8 4169/76/8 4170/47/8
f  4171/76/8 4172/83/8 4173/47/8
f  4174/19/8 4175/47/8 4176/83/8
f  4177/31/18 4178/31/18 4179/32/18
f  4180/64/9 4181/37/9 4182/53/9
f  4183/55/9 4184/33/9 4185/35/9
f  4186/33/9 4187/39/9 4188/34/9
f  4189/64/9 4190/53/9 4191/63/9
f  4192/53/9 4193/55/9 4194/63/9
f  4195/35/9 4196/87/9 4197/55/9
f  4198/87/9 4199/63/9 4200/55/9
f  4201/70/6 4202/71/6 4203/54/6
f  4204/49/28 4205/48/28 4206/88/28
f  4207/48/6 4208/36/6 4209/88/6
f  4210/70/6 4211/54/6 4212/49/6
f  4213/38/21 4214/69/21 4215/36/21
f  4216/69/29 4217/88/29 4218/36/29
f  4219/88/6 4220/70/6 4221/49/6
f  4222/41/5 4223/29/5 4224/84/5
f  4225/85/30 4226/89/30 4227/50/30
f  4228/89/5 4229/26/5 4230/50/5
f  4231/41/5 4232/84/5 4233/85/5
f  4234/39/31 4235/52/31 4236/26/31
f  4237/52/23 4238/50/23 4239/26/23
f  4240/50/5 4241/41/5 4242/85/5
f  4243/40/9 4244/40/9 4245/41/9
f  4246/42/4 4247/46/4 4248/43/4
f  4249/41/4 4250/50/4 4251/45/4
f  4252/40/4 4253/45/4 4254/46/4
f  4255/19/8 4256/19/8 4257/47/8
f  4258/32/18 4259/32/18 4260/36/18
f  4261/44/4 4262/43/4 4263/48/4
f  4264/33/9 4265/33/9 4266/39/9
f  4267/30/8 4268/30/8 4269/19/8
f  4270/42/9 4271/42/9 4272/40/9
f  4273/43/4 4274/32/4 4275/36/4
f  4276/46/4 4277/31/4 4278/32/4
f  4279/41/5 4280/41/5 4281/29/5
f  4282/45/4 4283/51/4 4284/31/4
f  4285/50/4 4286/52/4 4287/51/4
f  4288/52/4 4289/39/4 4290/33/4
f  4291/31/4 4292/55/4 4293/53/4
f  4294/30/4 4295/40/4 4296/42/4
f  4297/29/4 4298/41/4 4299/40/4
f  4300/47/4 4301/44/4 4302/49/4
f  4303/19/4 4304/42/4 4305/44/4
f  4306/32/4 4307/53/4 4308/37/4
f  4309/51/4 4310/33/4 4311/55/4
f  4312/47/8 4313/47/8 4314/54/8
f  4315/54/6 4316/54/6 4317/49/6
f  4318/55/9 4319/55/9 4320/33/9
f  4321/39/5 4322/39/5 4323/52/5
f  4324/53/9 4325/53/9 4326/55/9
f  4327/49/9 4328/49/9 4329/44/9
f  4330/51/18 4331/51/18 4332/31/18
f  4333/37/9 4334/37/9 4335/53/9
f  4336/29/8 4337/29/8 4338/30/8
f  4339/44/9 4340/44/9 4341/42/9
f  4342/52/18 4343/52/18 4344/51/18
f  4345/37/25 4346/36/25 4347/36/25
f  4348/34/26 4349/34/26 4350/35/26
f  4351/56/7 4352/62/7 4353/57/7
f  4354/59/7 4355/75/7 4356/60/7
f  4357/61/7 4358/60/7 4359/62/7
f  4360/63/26 4361/63/26 4362/64/26
f  4363/65/26 4364/65/26 4365/66/26
f  4366/58/7 4367/57/7 4368/67/7
f  4369/69/27 4370/38/27 4371/38/27
f  4372/58/8 4373/58/8 4374/56/8
f  4375/71/27 4376/70/27 4377/70/27
f  4378/57/7 4379/73/7 4380/72/7
f  4381/62/7 4382/74/7 4383/73/7
f  4384/66/26 4385/66/26 4386/74/26
f  4387/60/7 4388/66/7 4389/74/7
f  4390/75/7 4391/65/7 4392/66/7
f  4393/65/7 4394/86/7 4395/28/7
f  4396/74/7 4397/83/7 4398/76/7
f  4399/77/7 4400/61/7 4401/56/7
f  4402/79/7 4403/59/7 4404/61/7
f  4405/80/7 4406/58/7 4407/68/7
f  4408/78/7 4409/56/7 4410/58/7
f  4411/73/7 4412/76/7 4413/82/7
f  4414/66/7 4415/28/7 4416/83/7
f  4417/56/8 4418/56/8 4419/61/8
f  4420/84/5 4421/84/5 4422/85/5
f  4423/28/8 4424/28/8 4425/86/8
f  4426/73/26 4427/73/26 4428/72/26
f  4429/61/8 4430/61/8 4431/59/8
f  4432/82/8 4433/82/8 4434/76/8
f  4435/87/26 4436/87/26 4437/63/26
f  4438/74/26 4439/74/26 4440/73/26
f  4441/35/26 4442/35/26 4443/87/26
f  4444/83/8 4445/83/8 4446/28/8
f  4447/76/8 4448/76/8 4449/83/8
f  4450/68/8 4451/68/8 4452/58/8
f  4453/26/5 4454/26/5 4455/27/5
f  4456/54/8 4457/82/8 4458/76/8
f  4459/76/8 4460/83/8 4461/19/8
f  4462/83/8 4463/28/8 4464/19/8
f  4465/47/8 4466/54/8 4467/76/8
f  4468/29/8 4469/30/8 4470/28/8
f  4471/30/8 4472/19/8 4473/28/8
f  4474/19/8 4475/47/8 4476/76/8
f  4477/31/8 4478/31/8 4479/32/8
f  4480/64/9 4481/37/9 4482/53/9
f  4483/55/9 4484/33/9 4485/87/9
f  4486/33/9 4487/39/9 4488/35/9
f  4489/55/9 4490/63/9 4491/53/9
f  4492/64/9 4493/53/9 4494/63/9
f  4495/87/9 4496/63/9 4497/55/9
f  4498/87/9 4499/33/9 4500/35/9
f  4501/70/6 4502/71/6 4503/54/6
f  4504/49/6 4505/48/6 4506/88/6
f  4507/48/6 4508/36/6 4509/88/6
f  4510/70/6 4511/54/6 4512/49/6
f  4513/38/6 4514/69/6 4515/36/6
f  4516/69/6 4517/88/6 4518/36/6
f  4519/88/6 4520/70/6 4521/49/6
f  4522/41/5 4523/29/5 4524/84/5
f  4525/85/5 4526/89/5 4527/50/5
f  4528/89/5 4529/26/5 4530/50/5
f  4531/41/5 4532/84/5 4533/85/5
f  4534/39/5 4535/52/5 4536/26/5
f  4537/52/5 4538/50/5 4539/26/5
f  4540/50/5 4541/41/5 4542/85/5
f  4543/40/9 4544/40/9 4545/41/9
f  4546/42/4 4547/46/4 4548/43/4
f  4549/41/4 4550/50/4 4551/45/4
f  4552/40/4 4553/45/4 4554/46/4
f  4555/19/8 4556/19/8 4557/47/8
f  4558/32/8 4559/32/8 4560/36/8
f  4561/44/4 4562/43/4 4563/48/4
f  4564/33/9 4565/33/9 4566/39/9
f  4567/30/8 4568/30/8 4569/19/8
f  4570/42/9 4571/42/9 4572/40/9
f  4573/43/4 4574/32/4 4575/36/4
f  4576/46/4 4577/31/4 4578/32/4
f  4579/41/5 4580/41/5 4581/29/5
f  4582/45/4 4583/51/4 4584/31/4
f  4585/50/4 4586/52/4 4587/51/4
f  4588/52/4 4589/39/4 4590/33/4
f  4591/31/4 4592/55/4 4593/53/4
f  4594/30/4 4595/40/4 4596/42/4
f  4597/29/4 4598/41/4 4599/40/4
f  4600/47/4 4601/44/4 4602/49/4
f  4603/19/4 4604/42/4 4605/44/4
f  4606/32/4 4607/53/4 4608/37/4
f  4609/51/4 4610/33/4 4611/55/4
f  4612/47/8 4613/47/8 4614/54/8
f  4615/54/6 4616/54/6 4617/49/6
f  4618/55/9 4619/55/9 4620/33/9
f  4621/39/5 4622/39/5 4623/52/5
f  4624/53/9 4625/53/9 4626/55/9
f  4627/49/9 4628/49/9 4629/44/9
f  4630/51/8 4631/51/8 4632/31/8
f  4633/37/9 4634/37/9 4635/53/9
f  4636/29/8 4637/29/8 4638/30/8
f  4639/44/9 4640/44/9 4641/42/9
f  4642/52/8 4643/52/8 4644/51/8
f  4645/36/6 4646/36/6 4647/37/6
f  4648/34/9 4649/34/9 4650/35/9
f  4651/56/7 4652/62/7 4653/57/7
f  4654/59/7 4655/75/7 4656/60/7
f  4657/61/7 4658/60/7 4659/62/7
f  4660/63/9 4661/63/9 4662/64/9
f  4663/65/9 4664/65/9 4665/66/9
f  4666/58/7 4667/57/7 4668/67/7
f  4669/38/6 4670/38/6 4671/69/6
f  4672/58/8 4673/58/8 4674/56/8
f  4675/70/6 4676/70/6 4677/71/6
f  4678/57/7 4679/73/7 4680/72/7
f  4681/62/7 4682/74/7 4683/73/7
f  4684/66/9 4685/66/9 4686/74/9
f  4687/60/7 4688/66/7 4689/74/7
f  4690/75/7 4691/65/7 4692/66/7
f  4693/65/7 4694/86/7 4695/28/7
f  4696/74/7 4697/83/7 4698/76/7
f  4699/77/7 4700/61/7 4701/56/7
f  4702/79/7 4703/59/7 4704/61/7
f  4705/80/7 4706/58/7 4707/68/7
f  4708/78/7 4709/56/7 4710/58/7
f  4711/73/7 4712/76/7 4713/82/7
f  4714/66/7 4715/28/7 4716/83/7
f  4717/56/8 4718/56/8 4719/61/8
f  4720/84/5 4721/84/5 4722/85/5
f  4723/28/8 4724/28/8 4725/86/8
f  4726/73/9 4727/73/9 4728/72/9
f  4729/61/8 4730/61/8 4731/59/8
f  4732/82/8 4733/82/8 4734/76/8
f  4735/87/9 4736/87/9 4737/63/9
f  4738/74/32 4739/74/32 4740/73/32
f  4741/35/9 4742/35/9 4743/87/9
f  4744/83/8 4745/83/8 4746/28/8
f  4747/76/8 4748/76/8 4749/83/8
f  4750/68/8 4751/68/8 4752/58/8
f  4753/26/4 4754/26/4 4755/27/4
f  4756/54/5 4757/82/5 4758/76/5
f  4759/83/5 4760/28/5 4761/30/5
f  4762/28/5 4763/86/5 4764/29/5
f  4765/54/5 4766/76/5 4767/47/5
f  4768/76/5 4769/83/5 4770/47/5
f  4771/30/5 4772/19/5 4773/83/5
f  4774/19/5 4775/47/5 4776/83/5
f  4777/31/5 4778/31/5 4779/32/5
f  4780/64/6 4781/37/6 4782/53/6
f  4783/55/6 4784/33/6 4785/35/6
f  4786/33/6 4787/39/6 4788/34/6
f  4789/64/6 4790/53/6 4791/63/6
f  4792/53/6 4793/55/6 4794/63/6
f  4795/35/6 4796/87/6 4797/55/6
f  4798/87/6 4799/63/6 4800/55/6
f  4801/70/7 4802/71/7 4803/54/7
f  4804/49/7 4805/48/7 4806/88/7
f  4807/48/7 4808/36/7 4809/88/7
f  4810/70/7 4811/54/7 4812/49/7
f  4813/38/7 4814/69/7 4815/36/7
f  4816/69/7 4817/88/7 4818/36/7
f  4819/88/7 4820/70/7 4821/49/7
f  4822/41/4 4823/29/4 4824/84/4
f  4825/85/4 4826/89/4 4827/50/4
f  4828/89/4 4829/26/4 4830/50/4
f  4831/41/4 4832/84/4 4833/85/4
f  4834/39/4 4835/52/4 4836/26/4
f  4837/52/4 4838/50/4 4839/26/4
f  4840/50/4 4841/41/4 4842/85/4
f  4843/40/6 4844/40/6 4845/41/6
f  4846/42/8 4847/46/8 4848/43/8
f  4849/41/8 4850/50/8 4851/45/8
f  4852/40/8 4853/45/8 4854/46/8
f  4855/19/5 4856/19/5 4857/47/5
f  4858/32/5 4859/32/5 4860/36/5
f  4861/44/8 4862/43/8 4863/48/8
f  4864/33/6 4865/33/6 4866/39/6
f  4867/30/5 4868/30/5 4869/19/5
f  4870/42/6 4871/42/6 4872/40/6
f  4873/43/8 4874/32/8 4875/36/8
f  4876/46/8 4877/31/8 4878/32/8
f  4879/41/4 4880/41/4 4881/29/4
f  4882/45/8 4883/51/8 4884/31/8
f  4885/50/8 4886/52/8 4887/51/8
f  4888/52/8 4889/39/8 4890/33/8
f  4891/31/8 4892/55/8 4893/53/8
f  4894/30/8 4895/40/8 4896/42/8
f  4897/29/8 4898/41/8 4899/40/8
f  4900/47/8 4901/44/8 4902/49/8
f  4903/19/8 4904/42/8 4905/44/8
f  4906/32/8 4907/53/8 4908/37/8
f  4909/51/8 4910/33/8 4911/55/8
f  4912/47/5 4913/47/5 4914/54/5
f  4915/54/7 4916/54/7 4917/49/7
f  4918/55/6 4919/55/6 4920/33/6
f  4921/39/4 4922/39/4 4923/52/4
f  4924/53/6 4925/53/6 4926/55/6
f  4927/49/6 4928/49/6 4929/44/6
f  4930/51/5 4931/51/5 4932/31/5
f  4933/37/6 4934/37/6 4935/53/6
f  4936/29/5 4937/29/5 4938/30/5
f  4939/44/6 4940/44/6 4941/42/6
f  4942/52/5 4943/52/5 4944/51/5
f  4945/36/7 4946/36/7 4947/37/7
f  4948/34/6 4949/34/6 4950/35/6
f  4951/56/9 4952/62/9 4953/57/9
f  4954/59/9 4955/75/9 4956/60/9
f  4957/61/9 4958/60/9 4959/62/9
f  4960/63/6 4961/63/6 4962/64/6
f  4963/65/6 4964/65/6 4965/66/6
f  4966/58/9 4967/57/9 4968/67/9
f  4969/38/7 4970/38/7 4971/69/7
f  4972/58/5 4973/58/5 4974/56/5
f  4975/70/7 4976/70/7 4977/71/7
f  4978/57/9 4979/73/9 4980/72/9
f  4981/62/9 4982/74/9 4983/73/9
f  4984/66/6 4985/66/6 4986/74/6
f  4987/60/9 4988/66/9 4989/74/9
f  4990/75/9 4991/65/9 4992/66/9
f  4993/65/9 4994/86/9 4995/28/9
f  4996/74/9 4997/83/9 4998/76/9
f  4999/77/9 5000/61/9 5001/56/9
f  5002/79/9 5003/59/9 5004/61/9
f  5005/80/9 5006/58/9 5007/68/9
f  5008/78/9 5009/56/9 5010/58/9
f  5011/73/9 5012/76/9 5013/82/9
f  5014/66/9 5015/28/9 5016/83/9
f  5017/56/5 5018/56/5 5019/61/5
f  5020/84/4 5021/84/4 5022/85/4
f  5023/28/5 5024/28/5 5025/86/5
f  5026/73/6 5027/73/6 5028/72/6
f  5029/61/5 5030/61/5 5031/59/5
f  5032/82/5 5033/82/5 5034/76/5
f  5035/87/6 5036/87/6 5037/63/6
f  5038/74/6 5039/74/6 5040/73/6
f  5041/35/6 5042/35/6 5043/87/6
f  5044/83/5 5045/83/5 5046/28/5
f  5047/76/5 5048/76/5 5049/83/5
f  5050/68/5 5051/68/5 5052/58/5
f  5053/26/5 5054/26/5 5055/27/5
f  5056/54/8 5057/82/8 5058/76/8
f  5059/83/8 5060/28/8 5061/19/8
f  5062/28/8 5063/86/8 5064/30/8
f  5065/19/8 5066/28/8 5067/30/8
f  5068/54/8 5069/76/8 5070/47/8
f  5071/76/8 5072/83/8 5073/47/8
f  5074/19/8 5075/47/8 5076/83/8
f  5077/31/8 5078/31/8 5079/32/8
f  5080/64/9 5081/37/9 5082/53/9
f  5083/55/9 5084/33/9 5085/87/9
f  5086/33/9 5087/39/9 5088/35/9
f  5089/55/9 5090/87/9 5091/63/9
f  5092/64/9 5093/53/9 5094/63/9
f  5095/53/9 5096/55/9 5097/63/9
f  5098/39/9 5099/34/9 5100/35/9
f  5101/70/6 5102/71/6 5103/54/6
f  5104/49/6 5105/48/6 5106/88/6
f  5107/48/6 5108/36/6 5109/88/6
f  5110/70/6 5111/54/6 5112/49/6
f  5113/38/6 5114/69/6 5115/36/6
f  5116/69/6 5117/88/6 5118/36/6
f  5119/88/6 5120/70/6 5121/49/6
f  5122/41/5 5123/29/5 5124/84/5
f  5125/85/5 5126/89/5 5127/50/5
f  5128/89/5 5129/26/5 5130/50/5
f  5131/41/5 5132/84/5 5133/85/5
f  5134/39/5 5135/52/5 5136/26/5
f  5137/52/5 5138/50/5 5139/26/5
f  5140/50/5 5141/41/5 5142/85/5
f  5143/40/9 5144/40/9 5145/41/9
f  5146/42/4 5147/46/4 5148/43/4
f  5149/41/4 5150/50/4 5151/45/4
f  5152/40/4 5153/45/4 5154/46/4
f  5155/19/8 5156/19/8 5157/47/8
f  5158/32/8 5159/32/8 5160/36/8
f  5161/44/4 5162/43/4 5163/48/4
f  5164/33/9 5165/33/9 5166/39/9
f  5167/30/8 5168/30/8 5169/19/8
f  5170/42/33 5171/42/33 5172/40/33
f  5173/43/4 5174/32/4 5175/36/4
f  5176/46/4 5177/31/4 5178/32/4
f  5179/41/5 5180/41/5 5181/29/5
f  5182/45/4 5183/51/4 5184/31/4
f  5185/50/4 5186/52/4 5187/51/4
f  5188/52/4 5189/39/4 5190/33/4
f  5191/31/4 5192/55/4 5193/53/4
f  5194/30/4 5195/40/4 5196/42/4
f  5197/29/4 5198/41/4 5199/40/4
f  5200/47/4 5201/44/4 5202/49/4
f  5203/19/4 5204/42/4 5205/44/4
f  5206/32/4 5207/53/4 5208/37/4
f  5209/51/4 5210/33/4 5211/55/4
f  5212/47/8 5213/47/8 5214/54/8
f  5215/54/6 5216/54/6 5217/49/6
f  5218/55/9 5219/55/9 5220/33/9
f  5221/39/5 5222/39/5 5223/52/5
f  5224/53/9 5225/53/9 5226/55/9
f  5227/49/9 5228/49/9 5229/44/9
f  5230/51/8 5231/51/8 5232/31/8
f  5233/37/9 5234/37/9 5235/53/9
f  5236/29/8 5237/29/8 5238/30/8
f  5239/44/9 5240/44/9 5241/42/9
f  5242/52/8 5243/52/8 5244/51/8
f  5245/36/6 5246/36/6 5247/37/6
f  5248/34/9 5249/34/9 5250/35/9
f  5251/56/7 5252/62/7 5253/57/7
f  5254/59/7 5255/75/7 5256/60/7
f  5257/61/7 5258/60/7 5259/62/7
f  5260/63/9 5261/63/9 5262/64/9
f  5263/65/9 5264/65/9 5265/66/9
f  5266/58/7 5267/57/7 5268/67/7
f  5269/38/6 5270/38/6 5271/69/6
f  5272/58/8 5273/58/8 5274/56/8
f  5275/70/6 5276/70/6 5277/71/6
f  5278/57/7 5279/73/7 5280/72/7
f  5281/62/7 5282/74/7 5283/73/7
f  5284/66/9 5285/66/9 5286/74/9
f  5287/60/7 5288/66/7 5289/74/7
f  5290/75/7 5291/65/7 5292/66/7
f  5293/65/7 5294/86/7 5295/28/7
f  5296/74/7 5297/83/7 5298/76/7
f  5299/77/7 5300/61/7 5301/56/7
f  5302/79/7 5303/59/7 5304/61/7
f  5305/80/7 5306/58/7 5307/68/7
f  5308/78/7 5309/56/7 5310/58/7
f  5311/73/7 5312/76/7 5313/82/7
f  5314/66/7 5315/28/7 5316/83/7
f  5317/56/8 5318/56/8 5319/61/8
f  5320/84/5 5321/84/5 5322/85/5
f  5323/28/8 5324/28/8 5325/86/8
f  5326/73/9 5327/73/9 5328/72/9
f  5329/61/8 5330/61/8 5331/59/8
f  5332/82/8 5333/82/8 5334/76/8
f  5335/87/9 5336/87/9 5337/63/9
f  5338/74/9 5339/74/9 5340/73/9
f  5341/35/9 5342/35/9 5343/87/9
f  5344/83/8 5345/83/8 5346/28/8
f  5347/76/8 5348/76/8 5349/83/8
f  5350/68/8 5351/68/8 5352/58/8
f  5353/26/5 5354/26/5 5355/27/5
f  5356/54/8 5357/82/8 5358/76/8
f  5359/76/8 5360/83/8 5361/19/8
f  5362/83/8 5363/28/8 5364/19/8
f  5365/47/8 5366/54/8 5367/76/8
f  5368/29/8 5369/30/8 5370/28/8
f  5371/30/8 5372/19/8 5373/28/8
f  5374/19/8 5375/47/8 5376/76/8
f  5377/31/8 5378/31/8 5379/32/8
f  5380/64/9 5381/37/9 5382/53/9
f  5383/55/9 5384/33/9 5385/87/9
f  5386/33/9 5387/39/9 5388/35/9
f  5389/55/9 5390/63/9 5391/53/9
f  5392/64/9 5393/53/9 5394/63/9
f  5395/87/9 5396/63/9 5397/55/9
f  5398/87/9 5399/33/9 5400/35/9
f  5401/70/6 5402/71/6 5403/54/6
f  5404/49/6 5405/48/6 5406/88/6
f  5407/48/6 5408/36/6 5409/88/6
f  5410/70/6 5411/54/6 5412/49/6
f  5413/38/6 5414/69/6 5415/36/6
f  5416/69/6 5417/88/6 5418/36/6
f  5419/88/6 5420/70/6 5421/49/6
f  5422/41/5 5423/29/5 5424/84/5
f  5425/85/5 5426/89/5 5427/50/5
f  5428/89/5 5429/26/5 5430/50/5
f  5431/41/5 5432/84/5 5433/85/5
f  5434/39/5 5435/52/5 5436/26/5
f  5437/52/5 5438/50/5 5439/26/5
f  5440/50/5 5441/41/5 5442/85/5
f  5443/40/9 5444/40/9 5445/41/9
f  5446/42/4 5447/46/4 5448/43/4
f  5449/41/4 5450/50/4 5451/45/4
f  5452/40/4 5453/45/4 5454/46/4
f  5455/19/8 5456/19/8 5457/47/8
f  5458/32/8 5459/32/8 5460/36/8
f  5461/44/4 5462/43/4 5463/48/4
f  5464/33/9 5465/33/9 5466/39/9
f  5467/30/8 5468/30/8 5469/19/8
f  5470/42/9 5471/42/9 5472/40/9
f  5473/43/4 5474/32/4 5475/36/4
f  5476/46/4 5477/31/4 5478/32/4
f  5479/41/5 5480/41/5 5481/29/5
f  5482/45/4 5483/51/4 5484/31/4
f  5485/50/4 5486/52/4 5487/51/4
f  5488/52/4 5489/39/4 5490/33/4
f  5491/31/4 5492/55/4 5493/53/4
f  5494/30/4 5495/40/4 5496/42/4
f  5497/29/4 5498/41/4 5499/40/4
f  5500/47/4 5501/44/4 5502/49/4
f  5503/19/4 5504/42/4 5505/44/4
f  5506/32/4 5507/53/4 5508/37/4
f  5509/51/4 5510/33/4 5511/55/4
f  5512/47/8 5513/47/8 5514/54/8
f  5515/54/6 5516/54/6 5517/49/6
f  5518/55/9 5519/55/9 5520/33/9
f  5521/39/5 5522/39/5 5523/52/5
f  5524/53/9 5525/53/9 5526/55/9
f  5527/49/13 5528/49/13 5529/44/13
f  5530/51/8 5531/51/8 5532/31/8
f  5533/37/9 5534/37/9 5535/53/9
f  5536/29/8 5537/29/8 5538/30/8
f  5539/44/9 5540/44/9 5541/42/9
f  5542/52/8 5543/52/8 5544/51/8
f  5545/36/6 5546/36/6 5547/37/6
f  5548/34/9 5549/34/9 5550/35/9
f  5551/56/7 5552/62/7 5553/57/7
f  5554/59/7 5555/75/7 5556/60/7
f  5557/61/7 5558/60/7 5559/62/7
f  5560/63/9 5561/63/9 5562/64/9
f  5563/65/9 5564/65/9 5565/66/9
f  5566/58/7 5567/57/7 5568/67/7
f  5569/38/6 5570/38/6 5571/69/6
f  5572/58/34 5573/58/34 5574/56/34
f  5575/70/6 5576/70/6 5577/71/6
f  5578/57/7 5579/73/7 5580/72/7
f  5581/62/7 5582/74/7 5583/73/7
f  5584/66/9 5585/66/9 5586/74/9
f  5587/60/7 5588/66/7 5589/74/7
f  5590/75/7 5591/65/7 5592/66/7
f  5593/65/7 5594/86/7 5595/28/7
f  5596/74/7 5597/83/7 5598/76/7
f  5599/77/7 5600/61/7 5601/56/7
f  5602/79/7 5603/59/7 5604/61/7
f  5605/80/7 5606/58/7 5607/68/7
f  5608/78/7 5609/56/7 5610/58/7
f  5611/73/7 5612/76/7 5613/82/7
f  5614/66/7 5615/28/7 5616/83/7
f  5617/56/8 5618/56/8 5619/61/8
f  5620/84/5 5621/84/5 5622/85/5
f  5623/28/8 5624/28/8 5625/86/8
f  5626/73/9 5627/73/9 5628/72/9
f  5629/61/8 5630/61/8 5631/59/8
f  5632/82/8 5633/82/8 5634/76/8
f  5635/87/9 5636/87/9 5637/63/9
f  5638/74/35 5639/74/35 5640/73/35
f  5641/35/9 5642/35/9 5643/87/9
f  5644/83/8 5645/83/8 5646/28/8
f  5647/76/16 5648/76/16 5649/83/16
f  5650/68/8 5651/68/8 5652/58/8
f  5653/26/4 5654/26/4 5655/27/4
f  5656/54/5 5657/82/5 5658/76/5
f  5659/83/5 5660/28/5 5661/30/5
f  5662/28/5 5663/86/5 5664/29/5
f  5665/54/5 5666/76/5 5667/47/5
f  5668/76/5 5669/83/5 5670/47/5
f  5671/30/5 5672/19/5 5673/83/5
f  5674/19/5 5675/47/5 5676/83/5
f  5677/31/5 5678/31/5 5679/32/5
f  5680/64/6 5681/37/6 5682/53/6
f  5683/55/6 5684/33/6 5685/35/6
f  5686/33/6 5687/39/6 5688/34/6
f  5689/64/6 5690/53/6 5691/63/6
f  5692/53/6 5693/55/6 5694/63/6
f  5695/35/6 5696/87/6 5697/55/6
f  5698/87/6 5699/63/6 5700/55/6
f  5701/70/7 5702/71/7 5703/54/7
f  5704/49/7 5705/48/7 5706/88/7
f  5707/48/7 5708/36/7 5709/88/7
f  5710/70/7 5711/54/7 5712/49/7
f  5713/38/7 5714/69/7 5715/36/7
f  5716/69/7 5717/88/7 5718/36/7
f  5719/88/7 5720/70/7 5721/49/7
f  5722/41/4 5723/29/4 5724/84/4
f  5725/85/4 5726/89/4 5727/50/4
f  5728/89/4 5729/26/4 5730/50/4
f  5731/41/4 5732/84/4 5733/85/4
f  5734/39/4 5735/52/4 5736/26/4
f  5737/52/4 5738/50/4 5739/26/4
f  5740/50/4 5741/41/4 5742/85/4
f  5743/40/6 5744/40/6 5745/41/6
f  5746/42/8 5747/46/8 5748/43/8
f  5749/41/8 5750/50/8 5751/45/8
f  5752/40/8 5753/45/8 5754/46/8
f  5755/19/5 5756/19/5 5757/47/5
f  5758/32/5 5759/32/5 5760/36/5
f  5761/44/8 5762/43/8 5763/48/8
f  5764/33/6 5765/33/6 5766/39/6
f  5767/30/5 5768/30/5 5769/19/5
f  5770/42/6 5771/42/6 5772/40/6
f  5773/43/8 5774/32/8 5775/36/8
f  5776/46/8 5777/31/8 5778/32/8
f  5779/41/4 5780/41/4 5781/29/4
f  5782/45/8 5783/51/8 5784/31/8
f  5785/50/8 5786/52/8 5787/51/8
f  5788/52/8 5789/39/8 5790/33/8
f  5791/31/8 5792/55/8 5793/53/8
f  5794/30/8 5795/40/8 5796/42/8
f  5797/29/8 5798/41/8 5799/40/8
f  5800/47/8 5801/44/8 5802/49/8
f  5803/19/8 5804/42/8 5805/44/8
f  5806/32/8 5807/53/8 5808/37/8
f  5809/51/8 5810/33/8 5811/55/8
f  5812/47/5 5813/47/5 5814/54/5
f  5815/54/7 5816/54/7 5817/49/7
f  5818/55/6 5819/55/6 5820/33/6
f  5821/39/4 5822/39/4 5823/52/4
f  5824/53/6 5825/53/6 5826/55/6
f  5827/49/6 5828/49/6 5829/44/6
f  5830/51/5 5831/51/5 5832/31/5
f  5833/37/6 5834/37/6 5835/53/6
f  5836/29/5 5837/29/5 5838/30/5
f  5839/44/6 5840/44/6 5841/42/6
f  5842/52/5 5843/52/5 5844/51/5
f  5845/36/7 5846/36/7 5847/37/7
f  5848/34/6 5849/34/6 5850/35/6
f  5851/56/9 5852/62/9 5853/57/9
f  5854/59/9 5855/75/9 5856/60/9
f  5857/61/9 5858/60/9 5859/62/9
f  5860/63/6 5861/63/6 5862/64/6
f  5863/65/6 5864/65/6 5865/66/6
f  5866/58/9 5867/57/9 5868/67/9
f  5869/38/7 5870/38/7 5871/69/7
f  5872/58/5 5873/58/5 5874/56/5
f  5875/70/7 5876/70/7 5877/71/7
f  5878/57/9 5879/73/9 5880/72/9
f  5881/62/9 5882/74/9 5883/73/9
f  5884/66/6 5885/66/6 5886/74/6
f  5887/60/9 5888/66/9 5889/74/9
f  5890/75/9 5891/65/9 5892/66/9
f  5893/65/9 5894/86/9 5895/28/9
f  5896/74/9 5897/83/9 5898/76/9
f  5899/77/9 5900/61/9 5901/56/9
f  5902/79/9 5903/59/9 5904/61/9
f  5905/80/9 5906/58/9 5907/68/9
f  5908/78/9 5909/56/9 5910/58/9
f  5911/73/9 5912/76/9 5913/82/9
f  5914/66/9 5915/28/9 5916/83/9
f  5917/56/5 5918/56/5 5919/61/5
f  5920/84/4 5921/84/4 5922/85/4
f  5923/28/5 5924/28/5 5925/86/5
f  5926/73/6 5927/73/6 5928/72/6
f  5929/61/5 5930/61/5 5931/59/5
f  5932/82/5 5933/82/5 5934/76/5
f  5935/87/6 5936/87/6 5937/63/6
f  5938/74/6 5939/74/6 5940/73/6
f  5941/35/6 5942/35/6 5943/87/6
f  5944/83/5 5945/83/5 5946/28/5
f  5947/76/5 5948/76/5 5949/83/5
f  5950/68/5 5951/68/5 5952/58/5
f  5953/26/5 5954/26/5 5955/27/5
f  5956/54/36 5957/82/36 5958/76/36
f  5959/83/8 5960/28/8 5961/19/8
f  5962/28/8 5963/86/8 5964/30/8
f  5965/19/8 5966/28/8 5967/30/8
f  5968/54/8 5969/76/8 5970/47/8
f  5971/76/8 5972/83/8 5973/47/8
f  5974/19/8 5975/47/8 5976/83/8
f  5977/31/8 5978/31/8 5979/32/8
f  5980/64/37 5981/37/37 5982/53/37
f  5983/55/9 5984/33/9 5985/35/9
f  5986/33/9 5987/39/9 5988/35/9
f  5989/55/9 5990/35/9 5991/87/9
f  5992/64/38 5993/53/38 5994/63/38
f  5995/53/9 5996/55/9 5997/63/9
f  5998/87/9 5999/63/9 6000/55/9
f  6001/70/6 6002/71/6 6003/54/6
f  6004/49/6 6005/48/6 6006/88/6
f  6007/48/6 6008/36/6 6009/88/6
f  6010/70/6 6011/54/6 6012/49/6
f  6013/38/6 6014/69/6 6015/36/6
f  6016/69/6 6017/88/6 6018/36/6
f  6019/88/6 6020/70/6 6021/49/6
f  6022/41/5 6023/29/5 6024/84/5
f  6025/85/5 6026/89/5 6027/50/5
f  6028/89/5 6029/26/5 6030/50/5
f  6031/41/5 6032/84/5 6033/85/5
f  6034/39/5 6035/52/5 6036/26/5
f  6037/52/5 6038/50/5 6039/26/5
f  6040/50/5 6041/41/5 6042/85/5
f  6043/40/9 6044/40/9 6045/41/9
f  6046/42/4 6047/46/4 6048/43/4
f  6049/41/4 6050/50/4 6051/45/4
f  6052/40/4 6053/45/4 6054/46/4
f  6055/19/8 6056/19/8 6057/47/8
f  6058/32/8 6059/32/8 6060/36/8
f  6061/44/4 6062/43/4 6063/48/4
f  6064/33/9 6065/33/9 6066/39/9
f  6067/30/12 6068/30/12 6069/19/12
f  6070/42/39 6071/42/39 6072/40/39
f  6073/43/4 6074/32/4 6075/36/4
f  6076/46/4 6077/31/4 6078/32/4
f  6079/41/5 6080/41/5 6081/29/5
f  6082/45/4 6083/51/4 6084/31/4
f  6085/50/4 6086/52/4 6087/51/4
f  6088/52/4 6089/39/4 6090/33/4
f  6091/31/4 6092/55/4 6093/53/4
f  6094/30/4 6095/40/4 6096/42/4
f  6097/29/4 6098/41/4 6099/40/4
f  6100/47/4 6101/44/4 6102/49/4
f  6103/19/4 6104/42/4 6105/44/4
f  6106/32/4 6107/53/4 6108/37/4
f  6109/51/4 6110/33/4 6111/55/4
f  6112/47/8 6113/47/8 6114/54/8
f  6115/54/6 6116/54/6 6117/49/6
f  6118/55/9 6119/55/9 6120/33/9
f  6121/39/5 6122/39/5 6123/52/5
f  6124/53/9 6125/53/9 6126/55/9
f  6127/49/9 6128/49/9 6129/44/9
f  6130/51/40 6131/51/40 6132/31/40
f  6133/37/9 6134/37/9 6135/53/9
f  6136/29/8 6137/29/8 6138/30/8
f  6139/44/9 6140/44/9 6141/42/9
f  6142/52/8 6143/52/8 6144/51/8
f  6145/36/6 6146/36/6 6147/37/6
f  6148/34/9 6149/34/9 6150/35/9
f  6151/56/7 6152/62/7 6153/57/7
f  6154/59/7 6155/75/7 6156/60/7
f  6157/61/7 6158/60/7 6159/62/7
f  6160/63/9 6161/63/9 6162/64/9
f  6163/65/9 6164/65/9 6165/66/9
f  6166/58/7 6167/57/7 6168/67/7
f  6169/38/6 6170/38/6 6171/69/6
f  6172/58/8 6173/58/8 6174/56/8
f  6175/70/6 6176/70/6 6177/71/6
f  6178/57/7 6179/73/7 6180/72/7
f  6181/62/7 6182/74/7 6183/73/7
f  6184/66/9 6185/66/9 6186/74/9
f  6187/60/7 6188/66/7 6189/74/7
f  6190/75/7 6191/65/7 6192/66/7
f  6193/65/7 6194/86/7 6195/28/7
f  6196/74/7 6197/83/7 6198/76/7
f  6199/77/7 6200/61/7 6201/56/7
f  6202/79/7 6203/59/7 6204/61/7
f  6205/80/7 6206/58/7 6207/68/7
f  6208/78/7 6209/56/7 6210/58/7
f  6211/73/7 6212/76/7 6213/82/7
f  6214/66/7 6215/28/7 6216/83/7
f  6217/56/8 6218/56/8 6219/61/8
f  6220/84/5 6221/84/5 6222/85/5
f  6223/28/8 6224/28/8 6225/86/8
f  6226/73/9 6227/73/9 6228/72/9
f  6229/61/8 6230/61/8 6231/59/8
f  6232/82/8 6233/82/8 6234/76/8
f  6235/87/9 6236/87/9 6237/63/9
f  6238/74/9 6239/74/9 6240/73/9
f  6241/35/9 6242/35/9 6243/87/9
f  6244/83/8 6245/83/8 6246/28/8
f  6247/76/8 6248/76/8 6249/83/8
f  6250/68/8 6251/68/8 6252/58/8
f  6253/26/5 6254/26/5 6255/27/5
f  6256/54/8 6257/82/8 6258/76/8
f  6259/76/8 6260/83/8 6261/19/8
f  6262/83/8 6263/28/8 6264/19/8
f  6265/47/8 6266/54/8 6267/76/8
f  6268/29/8 6269/30/8 6270/28/8
f  6271/30/8 6272/19/8 6273/28/8
f  6274/19/8 6275/47/8 6276/76/8
f  6277/31/8 6278/31/8 6279/32/8
f  6280/64/9 6281/37/9 6282/53/9
f  6283/55/9 6284/33/9 6285/87/9
f  6286/33/9 6287/39/9 6288/35/9
f  6289/87/9 6290/33/9 6291/35/9
f  6292/64/9 6293/53/9 6294/63/9
f  6295/53/9 6296/55/9 6297/63/9
f  6298/87/9 6299/63/9 6300/55/9
f  6301/70/6 6302/71/6 6303/54/6
f  6304/49/6 6305/48/6 6306/88/6
f  6307/48/6 6308/36/6 6309/88/6
f  6310/70/6 6311/54/6 6312/49/6
f  6313/38/6 6314/69/6 6315/36/6
f  6316/69/6 6317/88/6 6318/36/6
f  6319/88/6 6320/70/6 6321/49/6
f  6322/41/5 6323/29/5 6324/84/5
f  6325/85/5 6326/89/5 6327/50/5
f  6328/89/5 6329/26/5 6330/50/5
f  6331/41/5 6332/84/5 6333/85/5
f  6334/39/5 6335/52/5 6336/26/5
f  6337/52/5 6338/50/5 6339/26/5
f  6340/50/5 6341/41/5 6342/85/5
f  6343/40/9 6344/40/9 6345/41/9
f  6346/42/4 6347/46/4 6348/43/4
f  6349/41/4 6350/50/4 6351/45/4
f  6352/40/4 6353/45/4 6354/46/4
f  6355/19/8 6356/19/8 6357/47/8
f  6358/32/8 6359/32/8 6360/36/8
f  6361/44/4 6362/43/4 6363/48/4
f  6364/33/9 6365/33/9 6366/39/9
f  6367/30/8 6368/30/8 6369/19/8
f  6370/42/9 6371/42/9 6372/40/9
f  6373/43/4 6374/32/4 6375/36/4
f  6376/46/4 6377/31/4 6378/32/4
f  6379/41/5 6380/41/5 6381/29/5
f  6382/45/4 6383/51/4 6384/31/4
f  6385/50/4 6386/52/4 6387/51/4
f  6388/52/4 6389/39/4 6390/33/4
f  6391/31/4 6392/55/4 6393/53/4
f  6394/30/4 6395/40/4 6396/42/4
f  6397/29/4 6398/41/4 6399/40/4
f  6400/47/4 6401/44/4 6402/49/4
f  6403/19/4 6404/42/4 6405/44/4
f  6406/32/4 6407/53/4 6408/37/4
f  6409/51/4 6410/33/4 6411/55/4
f  6412/47/8 6413/47/8 6414/54/8
f  6415/54/6 6416/54/6 6417/49/6
f  6418/55/9 6419/55/9 6420/33/9
f  6421/39/5 6422/39/5 6423/52/5
f  6424/53/9 6425/53/9 6426/55/9
f  6427/49/9 6428/49/9 6429/44/9
f  6430/51/8 6431/51/8 6432/31/8
f  6433/37/9 6434/37/9 6435/53/9
f  6436/29/8 6437/29/8 6438/30/8
f  6439/44/9 6440/44/9 6441/42/9
f  6442/52/8 6443/52/8 6444/51/8
f  6445/36/6 6446/36/6 6447/37/6
f  6448/34/9 6449/34/9 6450/35/9
f  6451/56/7 6452/62/7 6453/57/7
f  6454/59/7 6455/75/7 6456/60/7
f  6457/61/7 6458/60/7 6459/62/7
f  6460/63/9 6461/63/9 6462/64/9
f  6463/65/9 6464/65/9 6465/66/9
f  6466/58/7 6467/57/7 6468/67/7
f  6469/38/6 6470/38/6 6471/69/6
f  6472/58/41 6473/58/41 6474/56/41
f  6475/70/6 6476/70/6 6477/71/6
f  6478/57/7 6479/73/7 6480/72/7
f  6481/62/7 6482/74/7 6483/73/7
f  6484/66/9 6485/66/9 6486/74/9
f  6487/60/7 6488/66/7 6489/74/7
f  6490/75/7 6491/65/7 6492/66/7
f  6493/65/7 6494/86/7 6495/28/7
f  6496/74/7 6497/83/7 6498/76/7
f  6499/77/7 6500/61/7 6501/56/7
f  6502/79/7 6503/59/7 6504/61/7
f  6505/80/7 6506/58/7 6507/68/7
f  6508/78/7 6509/56/7 6510/58/7
f  6511/73/7 6512/76/7 6513/82/7
f  6514/66/7 6515/28/7 6516/83/7
f  6517/56/8 6518/56/8 6519/61/8
f  6520/84/5 6521/84/5 6522/85/5
f  6523/28/8 6524/28/8 6525/86/8
f  6526/73/9 6527/73/9 6528/72/9
f  6529/61/8 6530/61/8 6531/59/8
f  6532/82/8 6533/82/8 6534/76/8
f  6535/87/9 6536/87/9 6537/63/9
f  6538/74/9 6539/74/9 6540/73/9
f  6541/35/9 6542/35/9 6543/87/9
f  6544/83/8 6545/83/8 6546/28/8
f  6547/76/8 6548/76/8 6549/83/8
f  6550/68/8 6551/68/8 6552/58/8
f  6553/26/4 6554/26/4 6555/27/4
f  6556/54/5 6557/82/5 6558/76/5
f  6559/83/5 6560/28/5 6561/30/5
f  6562/28/5 6563/86/5 6564/29/5
f  6565/54/5 6566/76/5 6567/47/5
f  6568/76/5 6569/83/5 6570/47/5
f  6571/30/5 6572/19/5 6573/83/5
f  6574/19/5 6575/47/5 6576/83/5
f  6577/31/5 6578/31/5 6579/32/5
f  6580/64/6 6581/37/6 6582/53/6
f  6583/55/6 6584/33/6 6585/35/6
f  6586/33/6 6587/39/6 6588/34/6
f  6589/64/6 6590/53/6 6591/63/6
f  6592/53/6 6593/55/6 6594/63/6
f  6595/35/6 6596/87/6 6597/55/6
f  6598/87/6 6599/63/6 6600/55/6
f  6601/70/7 6602/71/7 6603/54/7
f  6604/49/7 6605/48/7 6606/88/7
f  6607/48/7 6608/36/7 6609/88/7
f  6610/70/7 6611/54/7 6612/49/7
f  6613/38/7 6614/69/7 6615/36/7
f  6616/69/7 6617/88/7 6618/36/7
f  6619/88/7 6620/70/7 6621/49/7
f  6622/41/4 6623/29/4 6624/84/4
f  6625/85/4 6626/89/4 6627/50/4
f  6628/89/4 6629/26/4 6630/50/4
f  6631/41/4 6632/84/4 6633/85/4
f  6634/39/4 6635/52/4 6636/26/4
f  6637/52/4 6638/50/4 6639/26/4
f  6640/50/4 6641/41/4 6642/85/4
f  6643/40/6 6644/40/6 6645/41/6
f  6646/42/8 6647/46/8 6648/43/8
f  6649/41/8 6650/50/8 6651/45/8
f  6652/40/8 6653/45/8 6654/46/8
f  6655/19/5 6656/19/5 6657/47/5
f  6658/32/5 6659/32/5 6660/36/5
f  6661/44/8 6662/43/8 6663/48/8
f  6664/33/6 6665/33/6 6666/39/6
f  6667/30/5 6668/30/5 6669/19/5
f  6670/42/6 6671/42/6 6672/40/6
f  6673/43/8 6674/32/8 6675/36/8
f  6676/46/8 6677/31/8 6678/32/8
f  6679/41/4 6680/41/4 6681/29/4
f  6682/45/8 6683/51/8 6684/31/8
f  6685/50/8 6686/52/8 6687/51/8
f  6688/52/8 6689/39/8 6690/33/8
f  6691/31/8 6692/55/8 6693/53/8
f  6694/30/8 6695/40/8 6696/42/8
f  6697/29/8 6698/41/8 6699/40/8
f  6700/47/8 6701/44/8 6702/49/8
f  6703/19/8 6704/42/8 6705/44/8
f  6706/32/8 6707/53/8 6708/37/8
f  6709/51/8 6710/33/8 6711/55/8
f  6712/47/5 6713/47/5 6714/54/5
f  6715/54/7 6716/54/7 6717/49/7
f  6718/55/6 6719/55/6 6720/33/6
f  6721/39/4 6722/39/4 6723/52/4
f  6724/53/6 6725/53/6 6726/55/6
f  6727/49/6 6728/49/6 6729/44/6
f  6730/51/5 6731/51/5 6732/31/5
f  6733/37/6 6734/37/6 6735/53/6
f  6736/29/5 6737/29/5 6738/30/5
f  6739/44/6 6740/44/6 6741/42/6
f  6742/52/5 6743/52/5 6744/51/5
f  6745/36/7 6746/36/7 6747/37/7
f  6748/34/6 6749/34/6 6750/35/6
f  6751/56/9 6752/62/9 6753/57/9
f  6754/59/9 6755/75/9 6756/60/9
f  6757/61/9 6758/60/9 6759/62/9
f  6760/63/6 6761/63/6 6762/64/6
f  6763/65/6 6764/65/6 6765/66/6
f  6766/58/9 6767/57/9 6768/67/9
f  6769/38/7 6770/38/7 6771/69/7
f  6772/58/5 6773/58/5 6774/56/5
f  6775/70/7 6776/70/7 6777/71/7
f  6778/57/9 6779/73/9 6780/72/9
f  6781/62/9 6782/74/9 6783/73/9
f  6784/66/6 6785/66/6 6786/74/6
f  6787/60/9 6788/66/9 6789/74/9
f  6790/75/9 6791/65/9 6792/66/9
f  6793/65/9 6794/86/9 6795/28/9
f  6796/74/9 6797/83/9 6798/76/9
f  6799/77/9 6800/61/9 6801/56/9
f  6802/79/9 6803/59/9 6804/61/9
f  6805/80/9 6806/58/9 6807/68/9
f  6808/78/9 6809/56/9 6810/58/9
f  6811/73/9 6812/76/9 6813/82/9
f  6814/66/9 6815/28/9 6816/83/9
f  6817/56/5 6818/56/5 6819/61/5
f  6820/84/4 6821/84/4 6822/85/4
f  6823/28/5 6824/28/5 6825/86/5
f  6826/73/6 6827/73/6 6828/72/6
f  6829/61/5 6830/61/5 6831/59/5
f  6832/82/5 6833/82/5 6834/76/5
f  6835/87/6 6836/87/6 6837/63/6
f  6838/74/6 6839/74/6 6840/73/6
f  6841/35/6 6842/35/6 6843/87/6
f  6844/83/5 6845/83/5 6846/28/5
f  6847/76/5 6848/76/5 6849/83/5
f  6850/68/5 6851/68/5 6852/58/5
f  6853/26/5 6854/26/5 6855/27/5
f  6856/54/8 6857/82/8 6858/76/8
f  6859/83/8 6860/28/8 6861/19/8
f  6862/28/8 6863/86/8 6864/30/8
f  6865/19/8 6866/28/8 6867/30/8
f  6868/54/8 6869/76/8 6870/47/8
f  6871/76/8 6872/83/8 6873/47/8
f  6874/19/8 6875/47/8 6876/83/8
f  6877/31/8 6878/31/8 6879/32/8
f  6880/64/42 6881/37/42 6882/53/42
f  6883/55/9 6884/33/9 6885/35/9
f  6886/33/9 6887/39/9 6888/34/9
f  6889/64/9 6890/53/9 6891/63/9
f  6892/53/9 6893/55/9 6894/63/9
f  6895/35/9 6896/87/9 6897/55/9
f  6898/87/9 6899/63/9 6900/55/9
f  6901/70/6 6902/71/6 6903/54/6
f  6904/49/6 6905/48/6 6906/88/6
f  6907/48/6 6908/36/6 6909/88/6
f  6910/70/6 6911/54/6 6912/49/6
f  6913/38/6 6914/69/6 6915/36/6
f  6916/69/6 6917/88/6 6918/36/6
f  6919/88/6 6920/70/6 6921/49/6
f  6922/41/5 6923/29/5 6924/84/5
f  6925/85/5 6926/89/5 6927/50/5
f  6928/89/5 6929/26/5 6930/50/5
f  6931/41/5 6932/84/5 6933/85/5
f  6934/39/5 6935/52/5 6936/26/5
f  6937/52/5 6938/50/5 6939/26/5
f  6940/50/5 6941/41/5 6942/85/5
f  6943/40/9 6944/40/9 6945/41/9
f  6946/42/4 6947/46/4 6948/43/4
f  6949/41/4 6950/50/4 6951/45/4
f  6952/40/4 6953/45/4 6954/46/4
f  6955/19/8 6956/19/8 6957/47/8
f  6958/32/8 6959/32/8 6960/36/8
f  6961/44/4 6962/43/4 6963/48/4
f  6964/33/9 6965/33/9 6966/39/9
f  6967/30/8 6968/30/8 6969/19/8
f  6970/42/9 6971/42/9 6972/40/9
f  6973/43/4 6974/32/4 6975/36/4
f  6976/46/4 6977/31/4 6978/32/4
f  6979/41/5 6980/41/5 6981/29/5
f  6982/45/4 6983/51/4 6984/31/4
f  6985/50/4 6986/52/4 6987/51/4
f  6988/52/4 6989/39/4 6990/33/4
f  6991/31/4 6992/55/4 6993/53/4
f  6994/30/4 6995/40/4 6996/42/4
f  6997/29/4 6998/41/4 6999/40/4
f  7000/47/4 7001/44/4 7002/49/4
f  7003/19/4 7004/42/4 7005/44/4
f  7006/32/4 7007/53/4 7008/37/4
f  7009/51/4 7010/33/4 7011/55/4
f  7012/47/8 7013/47/8 7014/54/8
f  7015/54/6 7016/54/6 7017/49/6
f  7018/55/9 7019/55/9 7020/33/9
f  7021/39/5 7022/39/5 7023/52/5
f  7024/53/9 7025/53/9 7026/55/9
f  7027/49/9 7028/49/9 7029/44/9
f  7030/51/41 7031/51/41 7032/31/41
f  7033/37/9 7034/37/9 7035/53/9
f  7036/29/8 7037/29/8 7038/30/8
f  7039/44/9 7040/44/9 7041/42/9
f  7042/52/8 7043/52/8 7044/51/8
f  7045/36/6 7046/36/6 7047/37/6
f  7048/34/9 7049/34/9 7050/35/9
f  7051/56/7 7052/62/7 7053/57/7
f  7054/59/7 7055/75/7 7056/60/7
f  7057/61/7 7058/60/7 7059/62/7
f  7060/63/9 7061/63/9 7062/64/9
f  7063/65/9 7064/65/9 7065/66/9
f  7066/58/7 7067/57/7 7068/67/7
f  7069/38/6 7070/38/6 7071/69/6
f  7072/58/8 7073/58/8 7074/56/8
f  7075/70/6 7076/70/6 7077/71/6
f  7078/57/7 7079/73/7 7080/72/7
f  7081/62/7 7082/74/7 7083/73/7
f  7084/66/9 7085/66/9 7086/74/9
f  7087/60/7 7088/66/7 7089/74/7
f  7090/75/7 7091/65/7 7092/66/7
f  7093/65/7 7094/86/7 7095/28/7
f  7096/74/7 7097/83/7 7098/76/7
f  7099/77/7 7100/61/7 7101/56/7
f  7102/79/7 7103/59/7 7104/61/7
f  7105/80/7 7106/58/7 7107/68/7
f  7108/78/7 7109/56/7 7110/58/7
f  7111/73/7 7112/76/7 7113/82/7
f  7114/66/7 7115/28/7 7116/83/7
f  7117/56/8 7118/56/8 7119/61/8
f  7120/84/5 7121/84/5 7122/85/5
f  7123/28/8 7124/28/8 7125/86/8
f  7126/73/9 7127/73/9 7128/72/9
f  7129/61/8 7130/61/8 7131/59/8
f  7132/82/8 7133/82/8 7134/76/8
f  7135/87/9 7136/87/9 7137/63/9
f  7138/74/9 7139/74/9 7140/73/9
f  7141/35/9 7142/35/9 7143/87/9
f  7144/83/8 7145/83/8 7146/28/8
f  7147/76/8 7148/76/8 7149/83/8
f  7150/68/8 7151/68/8 7152/58/8
f  7153/26/5 7154/26/5 7155/27/5
f  7156/54/8 7157/82/8 7158/76/8
f  7159/76/8 7160/83/8 7161/19/8
f  7162/83/8 7163/28/8 7164/19/8
f  7165/47/8 7166/54/8 7167/76/8
f  7168/29/43 7169/30/43 7170/28/43
f  7171/30/8 7172/19/8 7173/28/8
f  7174/19/8 7175/47/8 7176/76/8
f  7177/31/8 7178/31/8 7179/32/8
f  7180/64/9 7181/37/9 7182/53/9
f  7183/55/9 7184/33/9 7185/87/9
f  7186/33/9 7187/39/9 7188/35/9
f  7189/87/9 7190/33/9 7191/35/9
f  7192/64/9 7193/53/9 7194/63/9
f  7195/53/9 7196/55/9 7197/63/9
f  7198/87/9 7199/63/9 7200/55/9
f  7201/70/6 7202/71/6 7203/54/6
f  7204/49/6 7205/48/6 7206/88/6
f  7207/48/6 7208/36/6 7209/88/6
f  7210/70/6 7211/54/6 7212/49/6
f  7213/38/6 7214/69/6 7215/36/6
f  7216/69/6 7217/88/6 7218/36/6
f  7219/88/6 7220/70/6 7221/49/6
f  7222/41/5 7223/29/5 7224/84/5
f  7225/85/5 7226/89/5 7227/50/5
f  7228/89/5 7229/26/5 7230/50/5
f  7231/41/5 7232/84/5 7233/85/5
f  7234/39/5 7235/52/5 7236/26/5
f  7237/52/5 7238/50/5 7239/26/5
f  7240/50/5 7241/41/5 7242/85/5
f  7243/40/9 7244/40/9 7245/41/9
f  7246/42/4 7247/46/4 7248/43/4
f  7249/41/4 7250/50/4 7251/45/4
f  7252/40/4 7253/45/4 7254/46/4
f  7255/19/8 7256/19/8 7257/47/8
f  7258/32/8 7259/32/8 7260/36/8
f  7261/44/4 7262/43/4 7263/48/4
f  7264/33/9 7265/33/9 7266/39/9
f  7267/30/8 7268/30/8 7269/19/8
f  7270/42/9 7271/42/9 7272/40/9
f  7273/43/4 7274/32/4 7275/36/4
f  7276/46/4 7277/31/4 7278/32/4
f  7279/41/5 7280/41/5 7281/29/5
f  7282/45/4 7283/51/4 7284/31/4
f  7285/50/4 7286/52/4 7287/51/4
f  7288/52/4 7289/39/4 7290/33/4
f  7291/31/4 7292/55/4 7293/53/4
f  7294/30/4 7295/40/4 7296/42/4
f  7297/29/4 7298/41/4 7299/40/4
f  7300/47/4 7301/44/4 7302/49/4
f  7303/19/4 7304/42/4 7305/44/4
f  7306/32/4 7307/53/4 7308/37/4
f  7309/51/4 7310/33/4 7311/55/4
f  7312/47/8 7313/47/8 7314/54/8
f  7315/54/6 7316/54/6 7317/49/6
f  7318/55/9 7319/55/9 7320/33/9
f  7321/39/5 7322/39/5 7323/52/5
f  7324/53/9 7325/53/9 7326/55/9
f  7327/49/9 7328/49/9 7329/44/9
f  7330/51/8 7331/51/8 7332/31/8
f  7333/37/9 7334/37/9 7335/53/9
f  7336/29/8 7337/29/8 7338/30/8
f  7339/44/9 7340/44/9 7341/42/9
f  7342/52/8 7343/52/8 7344/51/8
f  7345/36/6 7346/36/6 7347/37/6
f  7348/34/9 7349/34/9 7350/35/9
f  7351/56/7 7352/62/7 7353/57/7
f  7354/59/7 7355/75/7 7356/60/7
f  7357/61/7 7358/60/7 7359/62/7
f  7360/63/9 7361/63/9 7362/64/9
f  7363/65/9 7364/65/9 7365/66/9
f  7366/58/7 7367/57/7 7368/67/7
f  7369/38/6 7370/38/6 7371/69/6
f  7372/58/44 7373/58/44 7374/56/44
f  7375/70/6 7376/70/6 7377/71/6
f  7378/57/7 7379/73/7 7380/72/7
f  7381/62/7 7382/74/7 7383/73/7
f  7384/66/9 7385/66/9 7386/74/9
f  7387/60/7 7388/66/7 7389/74/7
f  7390/75/7 7391/65/7 7392/66/7
f  7393/65/7 7394/86/7 7395/28/7
f  7396/74/7 7397/83/7 7398/76/7
f  7399/77/7 7400/61/7 7401/56/7
f  7402/79/7 7403/59/7 7404/61/7
f  7405/80/7 7406/58/7 7407/68/7
f  7408/78/7 7409/56/7 7410/58/7
f  7411/73/7 7412/76/7 7413/82/7
f  7414/66/7 7415/28/7 7416/83/7
f  7417/56/8 7418/56/8 7419/61/8
f  7420/84/5 7421/84/5 7422/85/5
f  7423/28/8 7424/28/8 7425/86/8
f  7426/73/9 7427/73/9 7428/72/9
f  7429/61/8 7430/61/8 7431/59/8
f  7432/82/8 7433/82/8 7434/76/8
f  7435/87/45 7436/87/45 7437/63/45
f  7438/74/35 7439/74/35 7440/73/35
f  7441/35/9 7442/35/9 7443/87/9
f  7444/83/8 7445/83/8 7446/28/8
f  7447/76/8 7448/76/8 7449/83/8
f  7450/68/8 7451/68/8 7452/58/8
f  7453/26/4 7454/26/4 7455/27/4
f  7456/54/5 7457/82/5 7458/76/5
f  7459/83/5 7460/28/5 7461/30/5
f  7462/28/5 7463/86/5 7464/29/5
f  7465/54/5 7466/76/5 7467/47/5
f  7468/76/5 7469/83/5 7470/47/5
f  7471/30/5 7472/19/5 7473/83/5
f  7474/19/5 7475/47/5 7476/83/5
f  7477/31/5 7478/31/5 7479/32/5
f  7480/64/6 7481/37/6 7482/53/6
f  7483/55/6 7484/33/6 7485/35/6
f  7486/33/6 7487/39/6 7488/34/6
f  7489/64/6 7490/53/6 7491/63/6
f  7492/53/6 7493/55/6 7494/63/6
f  7495/35/6 7496/87/6 7497/55/6
f  7498/87/6 7499/63/6 7500/55/6
f  7501/70/7 7502/71/7 7503/54/7
f  7504/49/7 7505/48/7 7506/88/7
f  7507/48/7 7508/36/7 7509/88/7
f  7510/70/7 7511/54/7 7512/49/7
f  7513/38/7 7514/69/7 7515/36/7
f  7516/69/7 7517/88/7 7518/36/7
f  7519/88/7 7520/70/7 7521/49/7
f  7522/41/4 7523/29/4 7524/84/4
f  7525/85/4 7526/89/4 7527/50/4
f  7528/89/4 7529/26/4 7530/50/4
f  7531/41/4 7532/84/4 7533/85/4
f  7534/39/4 7535/52/4 7536/26/4
f  7537/52/4 7538/50/4 7539/26/4
f  7540/50/4 7541/41/4 7542/85/4
f  7543/40/6 7544/40/6 7545/41/6
f  7546/42/8 7547/46/8 7548/43/8
f  7549/41/8 7550/50/8 7551/45/8
f  7552/40/8 7553/45/8 7554/46/8
f  7555/19/5 7556/19/5 7557/47/5
f  7558/32/5 7559/32/5 7560/36/5
f  7561/44/8 7562/43/8 7563/48/8
f  7564/33/6 7565/33/6 7566/39/6
f  7567/30/5 7568/30/5 7569/19/5
f  7570/42/6 7571/42/6 7572/40/6
f  7573/43/8 7574/32/8 7575/36/8
f  7576/46/8 7577/31/8 7578/32/8
f  7579/41/4 7580/41/4 7581/29/4
f  7582/45/8 7583/51/8 7584/31/8
f  7585/50/8 7586/52/8 7587/51/8
f  7588/52/8 7589/39/8 7590/33/8
f  7591/31/8 7592/55/8 7593/53/8
f  7594/30/8 7595/40/8 7596/42/8
f  7597/29/8 7598/41/8 7599/40/8
f  7600/47/8 7601/44/8 7602/49/8
f  7603/19/8 7604/42/8 7605/44/8
f  7606/32/8 7607/53/8 7608/37/8
f  7609/51/8 7610/33/8 7611/55/8
f  7612/47/5 7613/47/5 7614/54/5
f  7615/54/7 7616/54/7 7617/49/7
f  7618/55/6 7619/55/6 7620/33/6
f  7621/39/4 7622/39/4 7623/52/4
f  7624/53/6 7625/53/6 7626/55/6
f  7627/49/6 7628/49/6 7629/44/6
f  7630/51/5 7631/51/5 7632/31/5
f  7633/37/6 7634/37/6 7635/53/6
f  7636/29/5 7637/29/5 7638/30/5
f  7639/44/6 7640/44/6 7641/42/6
f  7642/52/5 7643/52/5 7644/51/5
f  7645/36/7 7646/36/7 7647/37/7
f  7648/34/6 7649/34/6 7650/35/6
f  7651/56/9 7652/62/9 7653/57/9
f  7654/59/9 7655/75/9 7656/60/9
f  7657/61/9 7658/60/9 7659/62/9
f  7660/63/6 7661/63/6 7662/64/6
f  7663/65/6 7664/65/6 7665/66/6
f  7666/58/9 7667/57/9 7668/67/9
f  7669/38/7 7670/38/7 7671/69/7
f  7672/58/5 7673/58/5 7674/56/5
f  7675/70/7 7676/70/7 7677/71/7
f  7678/57/9 7679/73/9 7680/72/9
f  7681/62/9 7682/74/9 7683/73/9
f  7684/66/6 7685/66/6 7686/74/6
f  7687/60/9 7688/66/9 7689/74/9
f  7690/75/9 7691/65/9 7692/66/9
f  7693/65/9 7694/86/9 7695/28/9
f  7696/74/9 7697/83/9 7698/76/9
f  7699/77/9 7700/61/9 7701/56/9
f  7702/79/9 7703/59/9 7704/61/9
f  7705/80/9 7706/58/9 7707/68/9
f  7708/78/9 7709/56/9 7710/58/9
f  7711/73/9 7712/76/9 7713/82/9
f  7714/66/9 7715/28/9 7716/83/9
f  7717/56/5 7718/56/5 7719/61/5
f  7720/84/4 7721/84/4 7722/85/4
f  7723/28/5 7724/28/5 7725/86/5
f  7726/73/6 7727/73/6 7728/72/6
f  7729/61/5 7730/61/5 7731/59/5
f  7732/82/5 7733/82/5 7734/76/5
f  7735/87/6 7736/87/6 7737/63/6
f  7738/74/6 7739/74/6 7740/73/6
f  7741/35/6 7742/35/6 7743/87/6
f  7744/83/5 7745/83/5 7746/28/5
f  7747/76/5 7748/76/5 7749/83/5
f  7750/68/5 7751/68/5 7752/58/5
f  7753/26/5 7754/26/5 7755/27/5
f  7756/54/8 7757/82/8 7758/76/8
f  7759/83/8 7760/28/8 7761/19/8
f  7762/28/8 7763/86/8 7764/30/8
f  7765/19/8 7766/28/8 7767/30/8
f  7768/54/8 7769/76/8 7770/47/8
f  7771/76/8 7772/83/8 7773/47/8
f  7774/19/8 7775/47/8 7776/83/8
f  7777/31/8 7778/31/8 7779/32/8
f  7780/64/46 7781/37/46 7782/53/46
f  7783/55/9 7784/33/9 7785/35/9
f  7786/33/9 7787/39/9 7788/34/9
f  7789/64/9 7790/53/9 7791/63/9
f  7792/53/9 7793/55/9 7794/63/9
f  7795/35/9 7796/87/9 7797/55/9
f  7798/87/9 7799/63/9 7800/55/9
f  7801/70/6 7802/71/6 7803/54/6
f  7804/49/6 7805/48/6 7806/88/6
f  7807/48/6 7808/36/6 7809/88/6
f  7810/70/6 7811/54/6 7812/49/6
f  7813/38/6 7814/69/6 7815/36/6
f  7816/69/6 7817/88/6 7818/36/6
f  7819/88/6 7820/70/6 7821/49/6
f  7822/41/5 7823/29/5 7824/84/5
f  7825/85/5 7826/89/5 7827/50/5
f  7828/89/5 7829/26/5 7830/50/5
f  7831/41/5 7832/84/5 7833/85/5
f  7834/39/5 7835/52/5 7836/26/5
f  7837/52/5 7838/50/5 7839/26/5
f  7840/50/5 7841/41/5 7842/85/5
f  7843/40/9 7844/40/9 7845/41/9
f  7846/42/4 7847/46/4 7848/43/4
f  7849/41/4 7850/50/4 7851/45/4
f  7852/40/4 7853/45/4 7854/46/4
f  7855/19/8 7856/19/8 7857/47/8
f  7858/32/8 7859/32/8 7860/36/8
f  7861/44/4 7862/43/4 7863/48/4
f  7864/33/9 7865/33/9 7866/39/9
f  7867/30/8 7868/30/8 7869/19/8
f  7870/42/39 7871/42/39 7872/40/39
f  7873/43/4 7874/32/4 7875/36/4
f  7876/46/4 7877/31/4 7878/32/4
f  7879/41/5 7880/41/5 7881/29/5
f  7882/45/4 7883/51/4 7884/31/4
f  7885/50/4 7886/52/4 7887/51/4
f  7888/52/4 7889/39/4 7890/33/4
f  7891/31/4 7892/55/4 7893/53/4
f  7894/30/4 7895/40/4 7896/42/4
f  7897/29/4 7898/41/4 7899/40/4
f  7900/47/4 7901/44/4 7902/49/4
f  7903/19/4 7904/42/4 7905/44/4
f  7906/32/4 7907/53/4 7908/37/4
f  7909/51/4 7910/33/4 7911/55/4
f  7912/47/8 7913/47/8 7914/54/8
f  7915/54/6 7916/54/6 7917/49/6
f  7918/55/13 7919/55/13 7920/33/13
f  7921/39/5 7922/39/5 7923/52/5
f  7924/53/9 7925/53/9 7926/55/9
f  7927/49/9 7928/49/9 7929/44/9
f  7930/51/47 7931/51/47 7932/31/47
f  7933/37/9 7934/37/9 7935/53/9
f  7936/29/8 7937/29/8 7938/30/8
f  7939/44/9 7940/44/9 7941/42/9
f  7942/52/8 7943/52/8 7944/51/8
f  7945/36/6 7946/36/6 7947/37/6
f  7948/34/9 7949/34/9 7950/35/9
f  7951/56/7 7952/62/7 7953/57/7
f  7954/59/7 7955/75/7 7956/60/7
f  7957/61/7 7958/60/7 7959/62/7
f  7960/63/9 7961/63/9 7962/64/9
f  7963/65/9 7964/65/9 7965/66/9
f  7966/58/7 7967/57/7 7968/67/7
f  7969/38/6 7970/38/6 7971/69/6
f  7972/58/8 7973/58/8 7974/56/8
f  7975/70/6 7976/70/6 7977/71/6
f  7978/57/7 7979/73/7 7980/72/7
f  7981/62/7 7982/74/7 7983/73/7
f  7984/66/9 7985/66/9 7986/74/9
f  7987/60/7 7988/66/7 7989/74/7
f  7990/75/7 7991/65/7 7992/66/7
f  7993/65/7 7994/86/7 7995/28/7
f  7996/74/7 7997/83/7 7998/76/7
f  7999/77/7 8000/61/7 8001/56/7
f  8002/79/7 8003/59/7 8004/61/7
f  8005/80/7 8006/58/7 8007/68/7
f  8008/78/7 8009/56/7 8010/58/7
f  8011/73/7 8012/76/7 8013/82/7
f  8014/66/7 8015/28/7 8016/83/7
f  8017/56/8 8018/56/8 8019/61/8
f  8020/84/5 8021/84/5 8022/85/5
f  8023/28/8 8024/28/8 8025/86/8
f  8026/73/9 8027/73/9 8028/72/9
f  8029/61/16 8030/61/16 8031/59/16
f  8032/82/8 8033/82/8 8034/76/8
f  8035/87/9 8036/87/9 8037/63/9
f  8038/74/9 8039/74/9 8040/73/9
f  8041/35/9 8042/35/9 8043/87/9
f  8044/83/8 8045/83/8 8046/28/8
f  8047/76/8 8048/76/8 8049/83/8
f  8050/68/8 8051/68/8 8052/58/8

# Mesh 'Plane_006-mesh' with 60 faces
g Plane_006-mesh
usemtl wall
f  8053/90/48 8054/91/48 8055/92/48
f  8056/93/48 8057/94/48 8058/19/48
f  8059/95/49 8060/19/49 8061/96/49
f  8062/96/48 8063/97/48 8064/98/48
f  8065/99/48 8066/100/48 8067/97/48
f  8068/101/48 8069/92/48 8070/94/48
f  8071/91/50 8072/90/50 8073/92/50
f  8074/19/50 8075/94/50 8076/93/50
f  8077/96/51 8078/19/51 8079/95/51
f  8080/97/50 8081/96/50 8082/98/50
f  8083/100/50 8084/99/50 8085/97/50
f  8086/92/50 8087/101/50 8088/94/50
f  8089/92/52 8090/94/52 8091/94/52
f  8092/90/53 8093/102/53 8094/102/53
f  8095/98/52 8096/103/52 8097/103/52
f  8098/91/52 8099/92/52 8100/92/52
f  8101/94/54 8102/19/54 8103/19/54
f  8104/101/53 8105/90/53 8106/90/53
f  8107/103/55 8108/95/55 8109/95/55
f  8110/19/54 8111/96/54 8112/96/54
f  8113/100/52 8114/97/52 8115/97/52
f  8116/96/53 8117/99/53 8118/99/53
f  8119/102/54 8120/91/54 8121/91/54
f  8122/99/53 8123/104/53 8124/104/53
f  8125/97/52 8126/98/52 8127/98/52
f  8128/93/53 8129/101/53 8130/101/53
f  8131/104/54 8132/100/54 8133/100/54
f  8134/95/56 8135/93/56 8136/93/56
f  8137/90/48 8138/102/48 8139/91/48
f  8140/19/57 8141/95/57 8142/93/57
f  8143/93/48 8144/101/48 8145/94/48
f  8146/98/48 8147/103/48 8148/96/48
f  8149/103/58 8150/95/58 8151/96/58
f  8152/96/48 8153/99/48 8154/97/48
f  8155/99/48 8156/104/48 8157/100/48
f  8158/101/48 8159/90/48 8160/92/48
f  8161/91/50 8162/102/50 8163/90/50
f  8164/93/59 8165/95/59 8166/19/59
f  8167/94/50 8168/101/50 8169/93/50
f  8170/95/60 8171/103/60 8172/96/60
f  8173/103/50 8174/98/50 8175/96/50
f  8176/97/50 8177/99/50 8178/96/50
f  8179/100/50 8180/104/50 8181/99/50
f  8182/92/50 8183/90/50 8184/101/50
f  8185/92/52 8186/92/52 8187/94/52
f  8188/90/53 8189/90/53 8190/102/53
f  8191/98/52 8192/98/52 8193/103/52
f  8194/91/52 8195/91/52 8196/92/52
f  8197/94/54 8198/94/54 8199/19/54
f  8200/101/53 8201/101/53 8202/90/53
f  8203/103/61 8204/103/61 8205/95/61
f  8206/19/54 8207/19/54 8208/96/54
f  8209/100/52 8210/100/52 8211/97/52
f  8212/96/53 8213/96/53 8214/99/53
f  8215/102/54 8216/102/54 8217/91/54
f  8218/99/53 8219/99/53 8220/104/53
f  8221/97/52 8222/97/52 8223/98/52
f  8224/93/53 8225/93/53 8226/101/53
f  8227/104/54 8228/104/54 8229/100/54
f  8230/95/62 8231/95/62 8232/93/62

# Mesh 'Plane_005-mesh' with 196 faces
g Plane_005-mesh
usemtl wall
f  8233/105/50 8234/106/50 8235/107/50
f  8236/108/50 8237/109/50 8238/110/50
f  8239/111/63 8240/19/63 8241/112/63
f  8242/113/50 8243/114/50 8244/115/50
f  8245/116/63 8246/117/63 8247/118/63
f  8248/119/64 8249/120/64 8250/121/64
f  8251/122/65 8252/123/65 8253/120/65
f  8254/124/66 8255/118/66 8256/123/66
f  8257/121/50 8258/125/50 8259/126/50
f  8260/123/50 8261/127/50 8262/128/50
f  8263/126/50 8264/129/50 8265/130/50
f  8266/128/50 8267/111/50 8268/131/50
f  8269/130/50 8270/114/50 8271/132/50
f  8272/129/50 8273/115/50 8274/114/50
f  8275/131/50 8276/112/50 8277/115/50
f  8278/133/67 8279/134/67 8280/135/67
f  8281/136/68 8282/137/68 8283/134/68
f  8284/138/50 8285/110/50 8286/137/50
f  8287/139/69 8288/117/69 8289/140/69
f  8290/141/70 8291/142/70 8292/139/70
f  8293/135/71 8294/143/71 8295/141/71
f  8296/143/72 8297/144/72 8298/142/72
f  8299/145/63 8300/146/63 8301/144/63
f  8302/146/73 8303/19/73 8304/147/73
f  8305/148/63 8306/106/63 8307/146/63
f  8308/110/50 8309/107/50 8310/148/50
f  8311/107/48 8312/106/48 8313/105/48
f  8314/109/48 8315/108/48 8316/110/48
f  8317/111/74 8318/19/74 8319/147/74
f  8320/115/48 8321/114/48 8322/113/48
f  8323/116/75 8324/117/75 8325/140/75
f  8326/119/76 8327/120/76 8328/122/76
f  8329/122/77 8330/123/77 8331/124/77
f  8332/124/78 8333/118/78 8334/116/78
f  8335/121/79 8336/125/79 8337/120/79
f  8338/123/80 8339/127/80 8340/118/80
f  8341/126/48 8342/129/48 8343/125/48
f  8344/128/48 8345/111/48 8346/127/48
f  8347/130/48 8348/114/48 8349/129/48
f  8350/129/48 8351/115/48 8352/131/48
f  8353/131/81 8354/112/81 8355/111/81
f  8356/134/82 8357/133/82 8358/135/82
f  8359/137/83 8360/136/83 8361/134/83
f  8362/110/48 8363/138/48 8364/137/48
f  8365/117/75 8366/139/75 8367/140/75
f  8368/142/84 8369/141/84 8370/139/84
f  8371/143/85 8372/135/85 8373/141/85
f  8374/144/86 8375/143/86 8376/142/86
f  8377/146/48 8378/145/48 8379/144/48
f  8380/19/74 8381/146/74 8382/147/74
f  8383/106/81 8384/148/81 8385/146/81
f  8386/107/48 8387/110/48 8388/148/48
f  8389/129/87 8390/125/87 8391/129/87
f  8392/149/87 8393/150/87 8394/150/87
f  8395/121/88 8396/119/88 8397/119/88
f  8398/131/88 8399/128/88 8400/128/88
f  8401/110/89 8402/148/89 8403/110/89
f  8404/126/88 8405/121/88 8406/121/88
f  8407/111/87 8408/127/87 8409/111/87
f  8410/130/88 8411/126/88 8412/126/88
f  8413/111/90 8414/147/90 8415/147/90
f  8416/116/91 8417/140/91 8418/140/91
f  8419/129/92 8420/131/92 8421/131/92
f  8422/144/88 8423/142/88 8424/142/88
f  8425/124/93 8426/116/93 8427/116/93
f  8428/145/87 8429/143/87 8430/145/87
f  8431/119/94 8432/122/94 8433/122/94
f  8434/142/95 8435/117/95 8436/117/95
f  8437/122/94 8438/124/94 8439/124/94
f  8440/137/88 8441/134/88 8442/134/88
f  8443/113/88 8444/132/88 8445/132/88
f  8446/108/87 8447/149/87 8448/149/87
f  8449/146/88 8450/144/88 8451/144/88
f  8452/150/54 8453/105/54 8454/105/54
f  8455/134/96 8456/143/96 8457/143/96
f  8458/138/87 8459/108/87 8460/108/87
f  8461/148/87 8462/145/87 8463/148/87
f  8464/133/87 8465/136/87 8466/136/87
f  8467/136/87 8468/138/87 8469/138/87
f  8470/125/87 8471/120/87 8472/125/87
f  8473/110/88 8474/137/88 8475/137/88
f  8476/139/97 8477/140/97 8478/139/97
f  8479/117/98 8480/118/98 8481/118/98
f  8482/133/99 8483/135/99 8484/133/99
f  8485/128/88 8486/123/88 8487/123/88
f  8488/132/88 8489/130/88 8490/130/88
f  8491/135/100 8492/141/100 8493/135/100
f  8494/127/87 8495/118/87 8496/127/87
f  8497/105/54 8498/113/54 8499/113/54
f  8500/120/101 8501/123/101 8502/120/101
f  8503/147/102 8504/146/102 8505/146/102
f  8506/141/103 8507/139/103 8508/141/103
f  8509/105/50 8510/19/50 8511/106/50
f  8512/107/50 8513/109/50 8514/150/50
f  8515/109/50 8516/149/50 8517/150/50
f  8518/107/50 8519/150/50 8520/105/50
f  8521/108/50 8522/149/50 8523/109/50
f  8524/111/73 8525/147/73 8526/19/73
f  8527/113/50 8528/132/50 8529/114/50
f  8530/115/50 8531/112/50 8532/105/50
f  8533/112/50 8534/19/50 8535/105/50
f  8536/115/50 8537/105/50 8538/113/50
f  8539/116/69 8540/140/69 8541/117/69
f  8542/119/104 8543/122/104 8544/120/104
f  8545/122/105 8546/124/105 8547/123/105
f  8548/124/106 8549/116/106 8550/118/106
f  8551/121/65 8552/120/65 8553/125/65
f  8554/123/107 8555/118/107 8556/127/107
f  8557/126/50 8558/125/50 8559/129/50
f  8560/128/63 8561/127/63 8562/111/63
f  8563/130/50 8564/129/50 8565/114/50
f  8566/129/50 8567/131/50 8568/115/50
f  8569/131/63 8570/111/63 8571/112/63
f  8572/133/108 8573/136/108 8574/134/108
f  8575/136/50 8576/138/50 8577/137/50
f  8578/138/50 8579/108/50 8580/110/50
f  8581/139/63 8582/142/63 8583/117/63
f  8584/141/109 8585/143/109 8586/142/109
f  8587/135/68 8588/134/68 8589/143/68
f  8590/143/50 8591/145/50 8592/144/50
f  8593/145/50 8594/148/50 8595/146/50
f  8596/146/63 8597/106/63 8598/19/63
f  8599/148/50 8600/107/50 8601/106/50
f  8602/110/50 8603/109/50 8604/107/50
f  8605/106/48 8606/19/48 8607/105/48
f  8608/105/48 8609/150/48 8610/107/48
f  8611/150/48 8612/149/48 8613/109/48
f  8614/109/48 8615/107/48 8616/150/48
f  8617/109/48 8618/149/48 8619/108/48
f  8620/111/81 8621/112/81 8622/19/81
f  8623/114/48 8624/132/48 8625/113/48
f  8626/113/48 8627/105/48 8628/115/48
f  8629/105/48 8630/19/48 8631/112/48
f  8632/112/48 8633/115/48 8634/105/48
f  8635/116/48 8636/118/48 8637/117/48
f  8638/119/110 8639/121/110 8640/120/110
f  8641/122/111 8642/120/111 8643/123/111
f  8644/124/112 8645/123/112 8646/118/112
f  8647/121/113 8648/126/113 8649/125/113
f  8650/123/48 8651/128/48 8652/127/48
f  8653/126/48 8654/130/48 8655/129/48
f  8656/128/48 8657/131/48 8658/111/48
f  8659/130/48 8660/132/48 8661/114/48
f  8662/129/48 8663/114/48 8664/115/48
f  8665/131/48 8666/115/48 8667/112/48
f  8668/134/114 8669/136/114 8670/133/114
f  8671/137/115 8672/138/115 8673/136/115
f  8674/110/48 8675/108/48 8676/138/48
f  8677/117/48 8678/142/48 8679/139/48
f  8680/142/116 8681/143/116 8682/141/116
f  8683/143/117 8684/134/117 8685/135/117
f  8686/144/48 8687/145/48 8688/143/48
f  8689/146/48 8690/148/48 8691/145/48
f  8692/19/81 8693/106/81 8694/146/81
f  8695/106/48 8696/107/48 8697/148/48
f  8698/107/48 8699/109/48 8700/110/48
f  8701/129/87 8702/125/87 8703/125/87
f  8704/149/87 8705/149/87 8706/150/87
f  8707/121/88 8708/121/88 8709/119/88
f  8710/131/88 8711/131/88 8712/128/88
f  8713/110/118 8714/148/118 8715/148/118
f  8716/126/88 8717/126/88 8718/121/88
f  8719/111/87 8720/127/87 8721/127/87
f  8722/130/88 8723/130/88 8724/126/88
f  8725/111/119 8726/111/119 8727/147/119
f  8728/116/93 8729/116/93 8730/140/93
f  8731/129/120 8732/129/120 8733/131/120
f  8734/144/88 8735/144/88 8736/142/88
f  8737/124/121 8738/124/121 8739/116/121
f  8740/145/87 8741/143/87 8742/143/87
f  8743/119/122 8744/119/122 8745/122/122
f  8746/142/123 8747/142/123 8748/117/123
f  8749/122/124 8750/122/124 8751/124/124
f  8752/137/88 8753/137/88 8754/134/88
f  8755/113/88 8756/113/88 8757/132/88
f  8758/108/87 8759/108/87 8760/149/87
f  8761/146/88 8762/146/88 8763/144/88
f  8764/150/54 8765/150/54 8766/105/54
f  8767/134/125 8768/134/125 8769/143/125
f  8770/138/87 8771/138/87 8772/108/87
f  8773/148/87 8774/145/87 8775/145/87
f  8776/133/87 8777/133/87 8778/136/87
f  8779/136/87 8780/136/87 8781/138/87
f  8782/125/87 8783/120/87 8784/120/87
f  8785/110/88 8786/110/88 8787/137/88
f  8788/139/126 8789/140/126 8790/140/126
f  8791/117/127 8792/117/127 8793/118/127
f  8794/133/128 8795/135/128 8796/135/128
f  8797/128/88 8798/128/88 8799/123/88
f  8800/132/88 8801/132/88 8802/130/88
f  8803/135/128 8804/141/128 8805/141/128
f  8806/127/87 8807/118/87 8808/118/87
f  8809/105/54 8810/105/54 8811/113/54
f  8812/120/129 8813/123/129 8814/123/129
f  8815/147/130 8816/147/130 8817/146/130
f  8818/141/97 8819/139/97 8820/139/97

# Mesh 'Plane_004-mesh' with 148 faces
g Plane_004-mesh
usemtl wall
f  8821/151/131 8822/152/131 8823/153/131
f  8824/154/131 8825/155/131 8826/156/131
f  8827/157/131 8828/158/131 8829/155/131
f  8830/159/131 8831/160/131 8832/158/131
f  8833/161/131 8834/153/131 8835/160/131
f  8836/162/131 8837/163/131 8838/164/131
f  8839/165/131 8840/166/131 8841/162/131
f  8842/167/131 8843/168/131 8844/165/131
f  8845/156/131 8846/169/131 8847/167/131
f  8848/166/131 8849/170/131 8850/163/131
f  8851/168/131 8852/171/131 8853/166/131
f  8854/169/131 8855/172/131 8856/168/131
f  8857/155/131 8858/173/131 8859/169/131
f  8860/171/131 8861/174/131 8862/170/131
f  8863/172/131 8864/175/131 8865/171/131
f  8866/173/131 8867/176/131 8868/172/131
f  8869/158/131 8870/177/131 8871/173/131
f  8872/175/131 8873/178/131 8874/174/131
f  8875/177/131 8876/179/131 8877/176/131
f  8878/180/131 8879/181/131 8880/178/131
f  8881/179/131 8882/182/131 8883/180/131
f  8884/183/131 8885/184/131 8886/179/131
f  8887/153/131 8888/185/131 8889/183/131
f  8890/152/132 8891/151/132 8892/153/132
f  8893/155/132 8894/154/132 8895/156/132
f  8896/158/132 8897/157/132 8898/155/132
f  8899/160/132 8900/159/132 8901/158/132
f  8902/153/132 8903/161/132 8904/160/132
f  8905/163/132 8906/162/132 8907/164/132
f  8908/166/132 8909/165/132 8910/162/132
f  8911/168/132 8912/167/132 8913/165/132
f  8914/169/132 8915/156/132 8916/167/132
f  8917/170/132 8918/166/132 8919/163/132
f  8920/171/132 8921/168/132 8922/166/132
f  8923/172/132 8924/169/132 8925/168/132
f  8926/173/132 8927/155/132 8928/169/132
f  8929/174/132 8930/171/132 8931/170/132
f  8932/175/132 8933/172/132 8934/171/132
f  8935/176/132 8936/173/132 8937/172/132
f  8938/177/132 8939/158/132 8940/173/132
f  8941/178/132 8942/175/132 8943/174/132
f  8944/179/132 8945/177/132 8946/176/132
f  8947/181/132 8948/180/132 8949/178/132
f  8950/182/132 8951/179/132 8952/180/132
f  8953/184/132 8954/183/132 8955/179/132
f  8956/185/132 8957/153/132 8958/183/132
f  8959/178/133 8960/174/133 8961/174/133
f  8962/175/134 8963/180/134 8964/180/134
f  8965/182/135 8966/181/135 8967/181/135
f  8968/183/54 8969/153/54 8970/153/54
f  8971/179/133 8972/176/133 8973/176/133
f  8974/184/135 8975/182/135 8976/182/135
f  8977/164/54 8978/162/54 8979/162/54
f  8980/177/134 8981/183/134 8982/183/134
f  8983/185/135 8984/184/135 8985/184/135
f  8986/181/133 8987/178/133 8988/178/133
f  8989/153/133 8990/160/133 8991/160/133
f  8992/152/135 8993/185/135 8994/185/135
f  8995/186/135 8996/152/135 8997/152/135
f  8998/151/134 8999/186/134 9000/186/134
f  9001/154/134 9002/157/134 9003/157/134
f  9004/161/134 9005/151/134 9006/151/134
f  9007/156/54 9008/154/54 9009/154/54
f  9010/159/134 9011/161/134 9012/161/134
f  9013/167/54 9014/156/54 9015/156/54
f  9016/176/135 9017/175/135 9018/175/135
f  9019/157/134 9020/159/134 9021/159/134
f  9022/165/54 9023/167/54 9024/167/54
f  9025/162/54 9026/165/54 9027/165/54
f  9028/160/135 9029/177/135 9030/177/135
f  9031/163/133 9032/164/133 9033/164/133
f  9034/170/133 9035/163/133 9036/163/133
f  9037/174/133 9038/170/133 9039/170/133
f  9040/180/54 9041/179/54 9042/179/54
f  9043/151/131 9044/186/131 9045/152/131
f  9046/154/131 9047/157/131 9048/155/131
f  9049/157/131 9050/159/131 9051/158/131
f  9052/159/131 9053/161/131 9054/160/131
f  9055/161/131 9056/151/131 9057/153/131
f  9058/162/131 9059/166/131 9060/163/131
f  9061/165/131 9062/168/131 9063/166/131
f  9064/167/131 9065/169/131 9066/168/131
f  9067/156/131 9068/155/131 9069/169/131
f  9070/166/131 9071/171/131 9072/170/131
f  9073/168/131 9074/172/131 9075/171/131
f  9076/169/131 9077/173/131 9078/172/131
f  9079/155/131 9080/158/131 9081/173/131
f  9082/171/131 9083/175/131 9084/174/131
f  9085/172/131 9086/176/131 9087/175/131
f  9088/173/131 9089/177/131 9090/176/131
f  9091/158/131 9092/160/131 9093/177/131
f  9094/175/131 9095/180/131 9096/178/131
f  9097/177/131 9098/183/131 9099/179/131
f  9100/180/131 9101/182/131 9102/181/131
f  9103/179/131 9104/184/131 9105/182/131
f  9106/183/131 9107/185/131 9108/184/131
f  9109/153/131 9110/152/131 9111/185/131
f  9112/152/132 9113/186/132 9114/151/132
f  9115/155/132 9116/157/132 9117/154/132
f  9118/158/132 9119/159/132 9120/157/132
f  9121/160/132 9122/161/132 9123/159/132
f  9124/153/132 9125/151/132 9126/161/132
f  9127/163/132 9128/166/132 9129/162/132
f  9130/166/132 9131/168/132 9132/165/132
f  9133/168/132 9134/169/132 9135/167/132
f  9136/169/132 9137/155/132 9138/156/132
f  9139/170/132 9140/171/132 9141/166/132
f  9142/171/132 9143/172/132 9144/168/132
f  9145/172/132 9146/173/132 9147/169/132
f  9148/173/132 9149/158/132 9150/155/132
f  9151/174/132 9152/175/132 9153/171/132
f  9154/175/132 9155/176/132 9156/172/132
f  9157/176/132 9158/177/132 9159/173/132
f  9160/177/132 9161/160/132 9162/158/132
f  9163/178/132 9164/180/132 9165/175/132
f  9166/179/132 9167/183/132 9168/177/132
f  9169/181/132 9170/182/132 9171/180/132
f  9172/182/132 9173/184/132 9174/179/132
f  9175/184/132 9176/185/132 9177/183/132
f  9178/185/132 9179/152/132 9180/153/132
f  9181/178/133 9182/178/133 9183/174/133
f  9184/175/134 9185/175/134 9186/180/134
f  9187/182/135 9188/182/135 9189/181/135
f  9190/183/54 9191/183/54 9192/153/54
f  9193/179/133 9194/179/133 9195/176/133
f  9196/184/135 9197/184/135 9198/182/135
f  9199/164/54 9200/164/54 9201/162/54
f  9202/177/134 9203/177/134 9204/183/134
f  9205/185/135 9206/185/135 9207/184/135
f  9208/181/133 9209/181/133 9210/178/133
f  9211/153/133 9212/153/133 9213/160/133
f  9214/152/135 9215/152/135 9216/185/135
f  9217/186/135 9218/186/135 9219/152/135
f  9220/151/134 9221/151/134 9222/186/134
f  9223/154/134 9224/154/134 9225/157/134
f  9226/161/134 9227/161/134 9228/151/134
f  9229/156/54 9230/156/54 9231/154/54
f  9232/159/134 9233/159/134 9234/161/134
f  9235/167/54 9236/167/54 9237/156/54
f  9238/176/135 9239/176/135 9240/175/135
f  9241/157/134 9242/157/134 9243/159/134
f  9244/165/54 9245/165/54 9246/167/54
f  9247/162/54 9248/162/54 9249/165/54
f  9250/160/135 9251/160/135 9252/177/135
f  9253/163/133 9254/163/133 9255/164/133
f  9256/170/133 9257/170/133 9258/163/133
f  9259/174/133 9260/174/133 9261/170/133
f  9262/180/54 9263/180/54 9264/179/54

# Mesh 'Plane_003-mesh' with 148 faces
g Plane_003-mesh
usemtl wall
f  9265/187/132 9266/188/132 9267/189/132
f  9268/190/132 9269/191/132 9270/192/132
f  9271/193/132 9272/194/132 9273/191/132
f  9274/195/132 9275/196/132 9276/194/132
f  9277/197/132 9278/189/132 9279/196/132
f  9280/198/132 9281/199/132 9282/200/132
f  9283/201/132 9284/202/132 9285/198/132
f  9286/203/132 9287/204/132 9288/201/132
f  9289/192/132 9290/205/132 9291/203/132
f  9292/202/132 9293/206/132 9294/199/132
f  9295/205/132 9296/207/132 9297/204/132
f  9298/208/132 9299/209/132 9300/206/132
f  9301/207/132 9302/210/132 9303/208/132
f  9304/211/132 9305/212/132 9306/207/132
f  9307/194/132 9308/213/132 9309/211/132
f  9310/210/132 9311/214/132 9312/209/132
f  9313/212/132 9314/215/132 9315/210/132
f  9316/213/132 9317/216/132 9318/212/132
f  9319/196/132 9320/217/132 9321/213/132
f  9322/215/132 9323/218/132 9324/214/132
f  9325/216/132 9326/219/132 9327/215/132
f  9328/217/132 9329/220/132 9330/216/132
f  9331/189/132 9332/221/132 9333/217/132
f  9334/188/131 9335/187/131 9336/189/131
f  9337/191/131 9338/190/131 9339/192/131
f  9340/194/131 9341/193/131 9342/191/131
f  9343/196/131 9344/195/131 9345/194/131
f  9346/189/131 9347/197/131 9348/196/131
f  9349/199/131 9350/198/131 9351/200/131
f  9352/202/131 9353/201/131 9354/198/131
f  9355/204/131 9356/203/131 9357/201/131
f  9358/205/131 9359/192/131 9360/203/131
f  9361/206/131 9362/202/131 9363/199/131
f  9364/207/131 9365/205/131 9366/204/131
f  9367/209/131 9368/208/131 9369/206/131
f  9370/210/131 9371/207/131 9372/208/131
f  9373/212/131 9374/211/131 9375/207/131
f  9376/213/131 9377/194/131 9378/211/131
f  9379/214/131 9380/210/131 9381/209/131
f  9382/215/131 9383/212/131 9384/210/131
f  9385/216/131 9386/213/131 9387/212/131
f  9388/217/131 9389/196/131 9390/213/131
f  9391/218/131 9392/215/131 9393/214/131
f  9394/219/131 9395/216/131 9396/215/131
f  9397/220/131 9398/217/131 9399/216/131
f  9400/221/131 9401/189/131 9402/217/131
f  9403/214/133 9404/209/133 9405/209/133
f  9406/219/54 9407/218/54 9408/218/54
f  9409/220/54 9410/219/54 9411/219/54
f  9412/200/135 9413/198/135 9414/198/135
f  9415/208/135 9416/207/135 9417/207/135
f  9418/221/54 9419/220/54 9420/220/54
f  9421/218/133 9422/214/133 9423/214/133
f  9424/188/54 9425/221/54 9426/221/54
f  9427/222/54 9428/188/54 9429/188/54
f  9430/211/135 9431/194/135 9432/194/135
f  9433/187/134 9434/222/134 9435/222/134
f  9436/190/134 9437/193/134 9438/193/134
f  9439/197/134 9440/187/134 9441/187/134
f  9442/202/134 9443/208/134 9444/208/134
f  9445/192/135 9446/190/135 9447/190/135
f  9448/195/134 9449/197/134 9450/197/134
f  9451/207/133 9452/204/133 9453/204/133
f  9454/203/135 9455/192/135 9456/192/135
f  9457/193/134 9458/195/134 9459/195/134
f  9460/205/134 9461/211/134 9462/211/134
f  9463/201/135 9464/203/135 9465/203/135
f  9466/194/133 9467/191/133 9468/191/133
f  9469/198/135 9470/201/135 9471/201/135
f  9472/199/133 9473/200/133 9474/200/133
f  9475/204/54 9476/202/54 9477/202/54
f  9478/206/133 9479/199/133 9480/199/133
f  9481/209/133 9482/206/133 9483/206/133
f  9484/191/54 9485/205/54 9486/205/54
f  9487/187/132 9488/222/132 9489/188/132
f  9490/190/132 9491/193/132 9492/191/132
f  9493/193/132 9494/195/132 9495/194/132
f  9496/195/132 9497/197/132 9498/196/132
f  9499/197/132 9500/187/132 9501/189/132
f  9502/198/132 9503/202/132 9504/199/132
f  9505/201/132 9506/204/132 9507/202/132
f  9508/203/132 9509/205/132 9510/204/132
f  9511/192/132 9512/191/132 9513/205/132
f  9514/202/132 9515/208/132 9516/206/132
f  9517/205/132 9518/211/132 9519/207/132
f  9520/208/132 9521/210/132 9522/209/132
f  9523/207/132 9524/212/132 9525/210/132
f  9526/211/132 9527/213/132 9528/212/132
f  9529/194/132 9530/196/132 9531/213/132
f  9532/210/132 9533/215/132 9534/214/132
f  9535/212/132 9536/216/132 9537/215/132
f  9538/213/132 9539/217/132 9540/216/132
f  9541/196/132 9542/189/132 9543/217/132
f  9544/215/132 9545/219/132 9546/218/132
f  9547/216/132 9548/220/132 9549/219/132
f  9550/217/132 9551/221/132 9552/220/132
f  9553/189/132 9554/188/132 9555/221/132
f  9556/188/131 9557/222/131 9558/187/131
f  9559/191/131 9560/193/131 9561/190/131
f  9562/194/131 9563/195/131 9564/193/131
f  9565/196/131 9566/197/131 9567/195/131
f  9568/189/131 9569/187/131 9570/197/131
f  9571/199/131 9572/202/131 9573/198/131
f  9574/202/131 9575/204/131 9576/201/131
f  9577/204/131 9578/205/131 9579/203/131
f  9580/205/131 9581/191/131 9582/192/131
f  9583/206/131 9584/208/131 9585/202/131
f  9586/207/131 9587/211/131 9588/205/131
f  9589/209/131 9590/210/131 9591/208/131
f  9592/210/131 9593/212/131 9594/207/131
f  9595/212/131 9596/213/131 9597/211/131
f  9598/213/131 9599/196/131 9600/194/131
f  9601/214/131 9602/215/131 9603/210/131
f  9604/215/131 9605/216/131 9606/212/131
f  9607/216/131 9608/217/131 9609/213/131
f  9610/217/131 9611/189/131 9612/196/131
f  9613/218/131 9614/219/131 9615/215/131
f  9616/219/131 9617/220/131 9618/216/131
f  9619/220/131 9620/221/131 9621/217/131
f  9622/221/131 9623/188/131 9624/189/131
f  9625/214/133 9626/214/133 9627/209/133
f  9628/219/54 9629/219/54 9630/218/54
f  9631/220/54 9632/220/54 9633/219/54
f  9634/200/135 9635/200/135 9636/198/135
f  9637/208/135 9638/208/135 9639/207/135
f  9640/221/54 9641/221/54 9642/220/54
f  9643/218/133 9644/218/133 9645/214/133
f  9646/188/54 9647/188/54 9648/221/54
f  9649/222/54 9650/222/54 9651/188/54
f  9652/211/135 9653/211/135 9654/194/135
f  9655/187/134 9656/187/134 9657/222/134
f  9658/190/134 9659/190/134 9660/193/134
f  9661/197/134 9662/197/134 9663/187/134
f  9664/202/134 9665/202/134 9666/208/134
f  9667/192/135 9668/192/135 9669/190/135
f  9670/195/134 9671/195/134 9672/197/134
f  9673/207/133 9674/207/133 9675/204/133
f  9676/203/135 9677/203/135 9678/192/135
f  9679/193/134 9680/193/134 9681/195/134
f  9682/205/134 9683/205/134 9684/211/134
f  9685/201/135 9686/201/135 9687/203/135
f  9688/194/133 9689/194/133 9690/191/133
f  9691/198/135 9692/198/135 9693/201/135
f  9694/199/133 9695/199/133 9696/200/133
f  9697/204/54 9698/204/54 9699/202/54
f  9700/206/133 9701/206/133 9702/199/133
f  9703/209/133 9704/209/133 9705/206/133
f  9706/191/54 9707/191/54 9708/205/54

