# MuJoCo material-split OBJ
v 14.8500004 9.72356987 0.124999002
v 14.8500004 9.59856987 0.249999002
v 14.8500004 9.59856987 0.124999002
v 7.42500019 10.0985699 0.124999501
v 14.8500004 10.0985699 -0.125000998
v 7.42500019 10.0985699 -0.125000507
v 0 9.72357082 -0.125
v -7.42500019 9.72357178 -0.249999493
v -7.42500019 9.72357178 -0.124999501
v 7.42500019 9.59856987 -0.125000507
v 14.8500004 9.59856987 0.124999002
v 7.42500019 9.59856987 0.124999501
v -14.8500004 9.72357178 -0.124999002
v -14.8500004 9.59857178 -0.124999002
v -14.8500004 9.59857178 0.125000998
v 14.8500004 9.72356987 0.124999002
v 14.8500004 9.59856987 0.124999002
v 14.8500004 9.59856987 -0.125000998
v 7.42500019 9.97356987 -0.125000507
v 14.8500004 9.97356987 -0.250001013
v 14.8500004 9.97356987 -0.125000998
v 0 9.97357082 -0.125
v -7.42500019 9.84857178 -0.124999501
v -7.42500019 9.97357178 -0.124999501
v 14.8500004 9.97356987 -0.125000998
v 7.42500019 9.84856987 -0.125000507
v 7.42500019 9.97356987 -0.125000507
v 7.42500019 9.97356987 -0.125000507
v 0 9.84857082 -0.125
v 0 9.97357082 -0.125
v 0 10.0985708 -0.125
v -7.42500019 10.0985718 -0.249999493
v -7.42500019 10.0985718 -0.124999501
v -7.42500019 9.72357178 -0.124999501
v -14.8500004 9.72357178 -0.249999002
v -14.8500004 9.72357178 -0.124999002
v -7.42500019 9.97357178 -0.124999501
v -14.8500004 9.84857178 -0.124999002
v -14.8500004 9.97357178 -0.124999002
v 7.42500019 9.59856987 -0.125000507
v 14.8500004 9.59856987 -0.250001013
v 14.8500004 9.59856987 -0.125000998
v 7.42500019 10.0985699 -0.125000507
v 0 10.0985708 -0.25
v 0 10.0985708 -0.125
v 0 9.97357082 -0.125
v 7.42500019 9.97356987 -0.250000507
v 7.42500019 9.97356987 -0.125000507
v -7.42500019 9.84857178 -0.124999501
v -14.8500004 9.72357178 -0.124999002
v -14.8500004 9.84857178 -0.124999002
v 0 9.84857082 -0.125
v -7.42500019 9.72357178 -0.124999501
v -7.42500019 9.84857178 -0.124999501
v 14.8500004 9.97356987 -0.125000998
v 14.8500004 10.0985699 -0.250001013
v 14.8500004 10.0985699 -0.125000998
v 7.42500019 9.84856987 -0.125000507
v 0 9.72357082 -0.125
v 0 9.84857082 -0.125
v 14.8500004 9.84856987 -0.125000998
v 7.42500019 9.72356987 -0.125000507
v 7.42500019 9.84856987 -0.125000507
v 14.8500004 9.72356987 -0.250001013
v 7.42500019 9.59856987 -0.250000507
v 7.42500019 9.72356987 -0.250000507
v 0 9.72357082 -0.25
v -7.42500019 9.59857178 -0.249999493
v -7.42500019 9.72357178 -0.249999493
v 7.42500019 10.0985699 -0.250000507
v 0 9.97357082 -0.25
v 0 10.0985708 -0.25
v 14.8500004 10.0985699 -0.250001013
v 7.42500019 9.97356987 -0.250000507
v 7.42500019 10.0985699 -0.250000507
v -7.42500019 10.0985718 -0.249999493
v -14.8500004 9.97357178 -0.249999002
v -14.8500004 10.0985718 -0.249999002
v 0 10.0985708 -0.25
v -7.42500019 9.97357178 -0.249999493
v -7.42500019 10.0985718 -0.249999493
v -7.42500019 9.72357178 -0.249999493
v -14.8500004 9.59857178 -0.249999002
v -14.8500004 9.72357178 -0.249999002
v 7.42500019 9.72356987 -0.250000507
v 0 9.59857082 -0.25
v 0 9.72357082 -0.25
v -7.42500019 10.0985718 -0.124999501
v -14.8500004 10.0985718 -0.249999002
v -14.8500004 10.0985718 -0.124999002
v -14.8500004 10.0985718 -0.124999002
v -14.8500004 9.97357178 -0.249999002
v -14.8500004 9.97357178 -0.124999002
v 0 9.59857082 -0.125
v 7.42500019 9.59856987 -0.250000507
v 7.42500019 9.59856987 -0.125000507
v 14.8500004 9.59856987 -0.125000998
v 14.8500004 9.72356987 -0.250001013
v 14.8500004 9.72356987 -0.125000998
v -7.42500019 9.59857178 -0.124999501
v 0 9.59857082 -0.25
v 0 9.59857082 -0.125
v -14.8500004 9.97357178 -0.124999002
v -7.42500019 9.97357178 -0.249999493
v -7.42500019 9.97357178 -0.124999501
v 7.42500019 9.72356987 -0.125000507
v 0 9.72357082 -0.25
v 0 9.72357082 -0.125
v -14.8500004 9.59857178 -0.124999002
v -7.42500019 9.59857178 -0.249999493
v -7.42500019 9.59857178 -0.124999501
v 14.8500004 10.0985699 -0.125000998
v 7.42500019 10.0985699 -0.250000507
v 7.42500019 10.0985699 -0.125000507
v -7.42500019 9.97357178 -0.124999501
v 0 9.97357082 -0.25
v 0 9.97357082 -0.125
v 14.8500004 9.72356987 -0.125000998
v 7.42500019 9.72356987 -0.250000507
v 7.42500019 9.72356987 -0.125000507
v -14.8500004 9.72357178 -0.124999002
v -14.8500004 9.59857178 -0.249999002
v -14.8500004 9.59857178 -0.124999002
v 14.8500004 9.59856987 0.124999002
v 7.42500019 9.59856987 0.249999493
v 7.42500019 9.59856987 0.124999501
v 0 9.72357082 0.125
v -7.42500019 9.84857178 0.125000507
v -7.42500019 9.72357178 0.125000507
v 14.8500004 9.72356987 0.124999002
v 7.42500019 9.84856987 0.124999501
v 7.42500019 9.72356987 0.124999501
v 7.42500019 9.72356987 0.124999501
v 0 9.84857082 0.125
v 0 9.72357082 0.125
v -7.42500019 9.59857178 0.125000507
v -14.8500004 9.59857178 0.250001013
v -14.8500004 9.59857178 0.125000998
v 14.8500004 9.97356987 0.124999002
v 7.42500019 9.97356987 0.249999493
v 7.42500019 9.97356987 0.124999501
v -7.42500019 9.72357178 0.125000507
v -14.8500004 9.84857178 0.125000998
v -14.8500004 9.72357178 0.125000998
v -14.8500004 9.59857178 0.125000998
v -14.8500004 9.72357178 0.250001013
v -14.8500004 9.72357178 0.125000998
v -7.42500019 9.72357178 0.125000507
v 0 9.72357082 0.25
v 0 9.72357082 0.125
v -14.8500004 9.97357178 0.125000998
v -14.8500004 10.0985718 0.250001013
v -14.8500004 10.0985718 0.125000998
v -7.42500019 9.84857178 0.125000507
v -14.8500004 9.97357178 0.125000998
v -14.8500004 9.84857178 0.125000998
v 0 9.84857082 0.125
v -7.42500019 9.97357178 0.125000507
v -7.42500019 9.84857178 0.125000507
v 7.42500019 9.97356987 0.124999501
v 0 9.97357082 0.25
v 0 9.97357082 0.125
v 7.42500019 9.84856987 0.124999501
v 0 9.97357082 0.125
v 0 9.84857082 0.125
v 14.8500004 9.84856987 0.124999002
v 7.42500019 9.97356987 0.124999501
v 7.42500019 9.84856987 0.124999501
v 14.8500004 9.97356987 0.249999002
v 7.42500019 10.0985699 0.249999493
v 7.42500019 9.97356987 0.249999493
v 0 9.97357082 0.25
v -7.42500019 10.0985718 0.250000507
v -7.42500019 9.97357178 0.250000507
v 7.42500019 9.59856987 0.249999493
v 0 9.72357082 0.25
v 0 9.59857082 0.25
v 14.8500004 9.59856987 0.249999002
v 7.42500019 9.72356987 0.249999493
v 7.42500019 9.59856987 0.249999493
v -7.42500019 9.59857178 0.250000507
v -14.8500004 9.72357178 0.250001013
v -14.8500004 9.59857178 0.250001013
v 0 9.59857082 0.25
v -7.42500019 9.72357178 0.250000507
v -7.42500019 9.59857178 0.250000507
v -7.42500019 9.97357178 0.250000507
v -14.8500004 10.0985718 0.250001013
v -14.8500004 9.97357178 0.250001013
v 7.42500019 9.97356987 0.249999493
v 0 10.0985708 0.25
v 0 9.97357082 0.25
v 0 9.72357082 0.125
v 7.42500019 9.72356987 0.249999493
v 7.42500019 9.72356987 0.124999501
v 14.8500004 10.0985699 0.124999002
v 14.8500004 9.97356987 0.249999002
v 14.8500004 9.97356987 0.124999002
v 7.42500019 10.0985699 0.124999501
v 14.8500004 10.0985699 0.249999002
v 14.8500004 10.0985699 0.124999002
v -7.42500019 9.97357178 0.125000507
v -14.8500004 9.97357178 0.250001013
v -14.8500004 9.97357178 0.125000998
v 7.42500019 9.72356987 0.124999501
v 14.8500004 9.72356987 0.249999002
v 14.8500004 9.72356987 0.124999002
v -14.8500004 10.0985718 0.125000998
v -7.42500019 10.0985718 0.250000507
v -7.42500019 10.0985718 0.125000507
v 0 9.59857082 0.125
v -7.42500019 9.59857178 0.250000507
v -7.42500019 9.59857178 0.125000507
v 0 9.97357082 0.125
v -7.42500019 9.97357178 0.250000507
v -7.42500019 9.97357178 0.125000507
v 7.42500019 9.59856987 0.124999501
v 0 9.59857082 0.25
v 0 9.59857082 0.125
v 0 10.0985708 0.125
v 7.42500019 10.0985699 0.249999493
v 7.42500019 10.0985699 0.124999501
v -7.42500019 10.0985718 0.125000507
v 0 10.0985708 0.25
v 0 10.0985708 0.125
v -14.8500004 9.72357178 0.125000998
v -7.42500019 9.72357178 0.250000507
v -7.42500019 9.72357178 0.125000507
v 7.30124903 9.59856987 0.124999881
v 7.17749977 9.59856987 0.249999911
v 7.30124903 9.59856987 0.249999896
v 7.30125093 7.22357035 -0.250000119
v 7.30124903 9.59856987 -0.250000119
v 7.54874992 9.59856987 -0.250000149
v 7.54874992 4.84857035 0.124999866
v 7.67250061 2.47357035 0.124999858
v 7.54874992 2.47357035 0.124999866
v 7.54874992 9.59856987 0.249999881
v 7.30124903 9.59856987 0.249999896
v 7.30124903 7.22357035 0.249999896
v 7.54874992 0.09856987 0.124999866
v 7.54874992 0.09856987 0.249999881
v 7.30125093 0.09856987 0.249999896
v 7.30124903 9.59856987 0.124999881
v 7.30124903 9.59856987 0.249999896
v 7.54874992 9.59856987 0.249999881
v 7.54874992 7.22357035 -0.125000179
v 7.67250061 9.59856987 -0.125000179
v 7.54874992 9.59856987 -0.125000179
v 7.54874992 4.84857035 -0.125000179
v 7.54874992 2.47357035 -1.75034586e-07
v 7.54874992 2.47357035 -0.125000179
v 7.54874992 9.59856987 -0.125000179
v 7.54874992 7.22357035 -1.75034586e-07
v 7.54874992 7.22357035 -0.125000179
v 7.54874992 7.22357035 -0.125000179
v 7.54874992 4.84857035 -1.75034586e-07
v 7.54874992 4.84857035 -0.125000179
v 7.54874992 4.84857035 -0.250000149
v 7.67250061 2.47357035 -0.250000149
v 7.54874992 2.47357035 -0.250000149
v 7.54874992 2.47357035 0.124999866
v 7.67250061 0.09856987 0.124999858
v 7.54874992 0.09856987 0.124999866
v 7.54874992 2.47357035 -0.125000179
v 7.54874992 0.09856987 -1.75034586e-07
v 7.54874992 0.09856987 -0.125000179
v 7.54874992 7.22357035 0.249999881
v 7.67250061 9.59856987 0.249999866
v 7.54874992 9.59856987 0.249999881
v 7.54874992 7.22357035 -0.250000149
v 7.67250061 4.84857035 -0.250000149
v 7.54874992 4.84857035 -0.250000149
v 7.54874992 4.84857035 -0.125000179
v 7.67250061 7.22357035 -0.125000179
v 7.54874992 7.22357035 -0.125000179
v 7.54874992 2.47357035 -1.75034586e-07
v 7.54874992 0.09856987 0.124999866
v 7.54874992 0.09856987 -1.75034586e-07
v 7.54874992 4.84857035 -1.75034586e-07
v 7.54874992 2.47357035 0.124999866
v 7.54874992 2.47357035 -1.75034586e-07
v 7.54874992 9.59856987 -0.125000179
v 7.67250061 9.59856987 -0.250000149
v 7.54874992 9.59856987 -0.250000149
v 7.54874992 7.22357035 -1.75034586e-07
v 7.54874992 4.84857035 0.124999866
v 7.54874992 4.84857035 -1.75034586e-07
v 7.54874992 9.59856987 -1.75034586e-07
v 7.54874992 7.22357035 0.124999866
v 7.54874992 7.22357035 -1.75034586e-07
v 7.67250061 9.59856987 0.124999858
v 7.67250061 7.22357035 0.249999866
v 7.67250061 7.22357035 0.124999858
v 7.67250061 4.84857035 0.124999858
v 7.67250061 2.47357035 0.249999866
v 7.67250061 2.47357035 0.124999858
v 7.67250061 7.22357035 -0.250000149
v 7.67250061 4.84857035 -0.125000179
v 7.67250061 4.84857035 -0.250000149
v 7.67250061 9.59856987 -0.250000149
v 7.67250061 7.22357035 -0.125000179
v 7.67250061 7.22357035 -0.250000149
v 7.67250061 2.47357035 -0.250000149
v 7.67250061 0.09856987 -0.125000179
v 7.67250061 0.09856987 -0.250000149
v 7.67250061 4.84857035 -0.250000149
v 7.67250061 2.47357035 -0.125000179
v 7.67250061 2.47357035 -0.250000149
v 7.67250061 2.47357035 0.124999858
v 7.67250061 0.09856987 0.249999866
v 7.67250061 0.09856987 0.124999858
v 7.67250061 7.22357035 0.124999858
v 7.67250061 4.84857035 0.249999866
v 7.67250061 4.84857035 0.124999858
v 7.54874992 2.47357035 -0.250000149
v 7.67250061 0.09856987 -0.250000149
v 7.54874992 0.09856987 -0.250000149
v 7.54874992 0.09856987 -0.125000179
v 7.67250061 0.09856987 -0.250000149
v 7.67250061 0.09856987 -0.125000179
v 7.54874992 4.84857035 0.249999881
v 7.67250061 7.22357035 0.249999866
v 7.54874992 7.22357035 0.249999881
v 7.54874992 9.59856987 0.249999881
v 7.67250061 9.59856987 0.124999858
v 7.54874992 9.59856987 0.124999866
v 7.54874992 2.47357035 0.249999881
v 7.67250061 4.84857035 0.249999866
v 7.54874992 4.84857035 0.249999881
v 7.54874992 0.09856987 -0.125000179
v 7.67250061 2.47357035 -0.125000179
v 7.54874992 2.47357035 -0.125000179
v 7.54874992 7.22357035 0.124999866
v 7.67250061 4.84857035 0.124999858
v 7.54874992 4.84857035 0.124999866
v 7.54874992 0.09856987 0.249999881
v 7.67250061 2.47357035 0.249999866
v 7.54874992 2.47357035 0.249999881
v 7.54874992 9.59856987 -0.250000149
v 7.67250061 7.22357035 -0.250000149
v 7.54874992 7.22357035 -0.250000149
v 7.54874992 2.47357035 -0.125000179
v 7.67250061 4.84857035 -0.125000179
v 7.54874992 4.84857035 -0.125000179
v 7.54874992 9.59856987 0.124999866
v 7.67250061 7.22357035 0.124999858
v 7.54874992 7.22357035 0.124999866
v 7.54874992 0.09856987 0.249999881
v 7.67250061 0.09856987 0.124999858
v 7.67250061 0.09856987 0.249999866
v 7.30124903 9.59856987 0.249999896
v 7.17749977 7.22357035 0.249999911
v 7.30124903 7.22357035 0.249999896
v 7.30125093 4.84857035 0.124999881
v 7.30125093 2.47357035 -1.69295447e-07
v 7.30125093 2.47357035 0.124999881
v 7.30124903 9.59856987 0.124999881
v 7.30125093 7.22357035 -1.69295447e-07
v 7.30125093 7.22357035 0.124999881
v 7.30125093 7.22357035 0.124999881
v 7.30125093 4.84857035 -1.69295447e-07
v 7.30125093 4.84857035 0.124999881
v 7.30125093 2.47357035 0.249999896
v 7.1775012 0.09856987 0.249999911
v 7.30125093 0.09856987 0.249999896
v 7.30124903 9.59856987 -0.125000164
v 7.17749977 7.22357035 -0.125000164
v 7.30125093 7.22357035 -0.125000164
v 7.30125093 2.47357035 0.124999881
v 7.30125093 0.09856987 -1.69295447e-07
v 7.30125093 0.09856987 0.124999881
v 7.30125093 0.09856987 0.249999896
v 7.1775012 0.09856987 0.124999888
v 7.30125093 0.09856987 0.124999881
v 7.30125093 2.47357035 0.124999881
v 7.17749977 4.84857035 0.124999888
v 7.30125093 4.84857035 0.124999881
v 7.30125093 0.09856987 -0.250000119
v 7.1775012 0.09856987 -0.125000164
v 7.1775012 0.09856987 -0.250000119
v 7.30125093 2.47357035 -1.69295447e-07
v 7.30125093 0.09856987 -0.125000164
v 7.30125093 0.09856987 -1.69295447e-07
v 7.30125093 4.84857035 -1.69295447e-07
v 7.30125093 2.47357035 -0.125000164
v 7.30125093 2.47357035 -1.69295447e-07
v 7.30125093 7.22357035 -0.125000164
v 7.17749977 4.84857035 -0.125000164
v 7.30125093 4.84857035 -0.125000164
v 7.30125093 7.22357035 -1.69295447e-07
v 7.30125093 4.84857035 -0.125000164
v 7.30125093 4.84857035 -1.69295447e-07
v 7.30124903 9.59856987 -1.69295333e-07
v 7.30125093 7.22357035 -0.125000164
v 7.30125093 7.22357035 -1.69295447e-07
v 7.17749977 9.59856987 -0.125000164
v 7.17749977 7.22357035 -0.250000119
v 7.17749977 7.22357035 -0.125000164
v 7.17749977 4.84857035 -0.125000164
v 7.1775012 2.47357035 -0.250000119
v 7.1775012 2.47357035 -0.125000164
v 7.17749977 7.22357035 0.249999911
v 7.17749977 4.84857035 0.124999888
v 7.17749977 4.84857035 0.249999911
v 7.17749977 9.59856987 0.249999911
v 7.17749977 7.22357035 0.124999888
v 7.17749977 7.22357035 0.249999911
v 7.1775012 2.47357035 0.249999911
v 7.1775012 0.09856987 0.124999888
v 7.1775012 0.09856987 0.249999911
v 7.17749977 4.84857035 0.249999911
v 7.1775012 2.47357035 0.124999888
v 7.1775012 2.47357035 0.249999911
v 7.1775012 2.47357035 -0.125000164
v 7.1775012 0.09856987 -0.250000119
v 7.1775012 0.09856987 -0.125000164
v 7.17749977 7.22357035 -0.125000164
v 7.17749977 4.84857035 -0.250000119
v 7.17749977 4.84857035 -0.125000164
v 7.30125093 4.84857035 0.124999881
v 7.17749977 7.22357035 0.124999888
v 7.30125093 7.22357035 0.124999881
v 7.30124903 9.59856987 -0.250000119
v 7.17749977 9.59856987 -0.125000164
v 7.30124903 9.59856987 -0.125000164
v 7.30125093 7.22357035 -0.250000119
v 7.17749977 9.59856987 -0.250000119
v 7.30124903 9.59856987 -0.250000119
v 7.30125093 2.47357035 -0.125000164
v 7.1775012 0.09856987 -0.125000164
v 7.30125093 0.09856987 -0.125000164
v 7.30125093 7.22357035 0.124999881
v 7.17749977 9.59856987 0.124999888
v 7.30124903 9.59856987 0.124999881
v 7.30125093 0.09856987 -0.250000119
v 7.1775012 2.47357035 -0.250000119
v 7.30125093 2.47357035 -0.250000119
v 7.30125093 4.84857035 0.249999896
v 7.1775012 2.47357035 0.249999911
v 7.30125093 2.47357035 0.249999896
v 7.30125093 4.84857035 -0.125000164
v 7.1775012 2.47357035 -0.125000164
v 7.30125093 2.47357035 -0.125000164
v 7.30124903 7.22357035 0.249999896
v 7.17749977 4.84857035 0.249999911
v 7.30125093 4.84857035 0.249999896
v 7.30125093 4.84857035 -0.250000119
v 7.17749977 7.22357035 -0.250000119
v 7.30125093 7.22357035 -0.250000119
v 7.30125093 2.47357035 -0.250000119
v 7.17749977 4.84857035 -0.250000119
v 7.30125093 4.84857035 -0.250000119
v 7.30125093 0.09856987 0.124999881
v 7.1775012 2.47357035 0.124999888
v 7.30125093 2.47357035 0.124999881
v -7.54874992 9.59856987 0.125000179
v -7.67250061 9.59856987 0.250000149
v -7.54874992 9.59856987 0.250000149
v -7.54874992 9.59856987 -0.249999881
v -7.30125093 9.59856987 -0.249999896
v -7.30125093 7.22356892 -0.249999896
v -7.30125093 4.84856892 0.125000164
v -7.17749977 2.47356892 0.125000164
v -7.30125093 2.47356892 0.125000164
v -7.30125093 7.22356892 0.250000119
v -7.54874992 9.59856987 0.250000149
v -7.54874992 7.22356892 0.250000149
v -7.30124903 0.0985689163 0.125000164
v -7.30124903 0.0985689163 0.250000119
v -7.54874992 0.0985689163 0.250000149
v -7.54874992 9.59856987 0.125000179
v -7.54874992 9.59856987 0.250000149
v -7.30125093 9.59856987 0.250000119
v -7.30125093 7.22356892 -0.124999881
v -7.1775012 9.59856987 -0.124999888
v -7.30125093 9.59856987 -0.124999881
v -7.30125093 4.84856892 -0.124999881
v -7.30125093 2.47356892 1.69295447e-07
v -7.30125093 2.47356892 -0.124999881
v -7.30125093 9.59856987 -0.124999881
v -7.30125093 7.22356892 1.69295447e-07
v -7.30125093 7.22356892 -0.124999881
v -7.30125093 7.22356892 -0.124999881
v -7.30125093 4.84856892 1.69295447e-07
v -7.30125093 4.84856892 -0.124999881
v -7.30125093 4.84856892 -0.249999896
v -7.17749977 2.47356892 -0.249999911
v -7.30124903 2.47356892 -0.249999896
v -7.30125093 2.47356892 0.125000164
v -7.17749977 0.0985689163 0.125000164
v -7.30124903 0.0985689163 0.125000164
v -7.30125093 2.47356892 -0.124999881
v -7.30124903 0.0985689163 1.69295333e-07
v -7.30124903 0.0985689163 -0.124999881
v -7.30125093 7.22356892 0.250000119
v -7.1775012 9.59856987 0.250000119
v -7.30125093 9.59856987 0.250000119
v -7.30125093 7.22356892 -0.249999896
v -7.17749977 4.84856892 -0.249999911
v -7.30125093 4.84856892 -0.249999896
v -7.30125093 4.84856892 -0.124999881
v -7.1775012 7.22356892 -0.124999888
v -7.30125093 7.22356892 -0.124999881
v -7.30125093 2.47356892 1.69295447e-07
v -7.30124903 0.0985689163 0.125000164
v -7.30124903 0.0985689163 1.69295333e-07
v -7.30125093 4.84856892 1.69295447e-07
v -7.30125093 2.47356892 0.125000164
v -7.30125093 2.47356892 1.69295447e-07
v -7.30125093 9.59856987 -0.124999881
v -7.1775012 9.59856987 -0.249999911
v -7.30125093 9.59856987 -0.249999896
v -7.30125093 7.22356892 1.69295447e-07
v -7.30125093 4.84856892 0.125000164
v -7.30125093 4.84856892 1.69295447e-07
v -7.30125093 9.59856987 1.69295447e-07
v -7.30125093 7.22356892 0.125000164
v -7.30125093 7.22356892 1.69295447e-07
v -7.1775012 9.59856987 0.125000164
v -7.1775012 7.22356892 0.250000119
v -7.1775012 7.22356892 0.125000164
v -7.17749977 4.84856892 0.125000164
v -7.17749977 2.47356892 0.250000119
v -7.17749977 2.47356892 0.125000164
v -7.1775012 7.22356892 -0.249999911
v -7.17749977 4.84856892 -0.124999888
v -7.17749977 4.84856892 -0.249999911
v -7.1775012 9.59856987 -0.249999911
v -7.1775012 7.22356892 -0.124999888
v -7.1775012 7.22356892 -0.249999911
v -7.17749977 2.47356892 -0.249999911
v -7.17749977 0.0985689163 -0.124999888
v -7.17749977 0.0985689163 -0.249999911
v -7.17749977 4.84856892 -0.249999911
v -7.17749977 2.47356892 -0.124999888
v -7.17749977 2.47356892 -0.249999911
v -7.17749977 2.47356892 0.125000164
v -7.17749977 0.0985689163 0.250000119
v -7.17749977 0.0985689163 0.125000164
v -7.1775012 7.22356892 0.125000164
v -7.17749977 4.84856892 0.250000119
v -7.17749977 4.84856892 0.125000164
v -7.30124903 2.47356892 -0.249999896
v -7.17749977 0.0985689163 -0.249999911
v -7.30124903 0.0985689163 -0.249999896
v -7.30124903 0.0985689163 -0.249999896
v -7.17749977 0.0985689163 -0.124999888
v -7.30124903 0.0985689163 -0.124999881
v -7.30125093 4.84856892 0.250000119
v -7.1775012 7.22356892 0.250000119
v -7.30125093 7.22356892 0.250000119
v -7.30125093 9.59856987 0.250000119
v -7.1775012 9.59856987 0.125000164
v -7.30125093 9.59856987 0.125000164
v -7.30125093 2.47356892 0.250000119
v -7.17749977 4.84856892 0.250000119
v -7.30125093 4.84856892 0.250000119
v -7.30124903 0.0985689163 -0.124999881
v -7.17749977 2.47356892 -0.124999888
v -7.30125093 2.47356892 -0.124999881
v -7.30125093 7.22356892 0.125000164
v -7.17749977 4.84856892 0.125000164
v -7.30125093 4.84856892 0.125000164
v -7.30124903 0.0985689163 0.250000119
v -7.17749977 2.47356892 0.250000119
v -7.30125093 2.47356892 0.250000119
v -7.30125093 9.59856987 -0.249999896
v -7.1775012 7.22356892 -0.249999911
v -7.30125093 7.22356892 -0.249999896
v -7.30125093 2.47356892 -0.124999881
v -7.17749977 4.84856892 -0.124999888
v -7.30125093 4.84856892 -0.124999881
v -7.30125093 9.59856987 0.125000164
v -7.1775012 7.22356892 0.125000164
v -7.30125093 7.22356892 0.125000164
v -7.30124903 0.0985689163 0.250000119
v -7.17749977 0.0985689163 0.125000164
v -7.17749977 0.0985689163 0.250000119
v -7.54874992 9.59856987 0.250000149
v -7.67250061 7.22356892 0.250000149
v -7.54874992 7.22356892 0.250000149
v -7.54874992 4.84856892 0.125000179
v -7.54874992 2.47356892 1.75034586e-07
v -7.54874992 2.47356892 0.125000179
v -7.54874992 9.59856987 0.125000179
v -7.54874992 7.22356892 1.75034586e-07
v -7.54874992 7.22356892 0.125000179
v -7.54874992 7.22356892 0.125000179
v -7.54874992 4.84856892 1.75034586e-07
v -7.54874992 4.84856892 0.125000179
v -7.54874992 2.47356892 0.250000149
v -7.67250061 0.0985689163 0.250000149
v -7.54874992 0.0985689163 0.250000149
v -7.54874992 9.59856987 -0.124999866
v -7.67250061 7.22356892 -0.124999858
v -7.54874992 7.22356892 -0.124999866
v -7.54874992 2.47356892 0.125000179
v -7.54874992 0.0985689163 1.75034586e-07
v -7.54874992 0.0985689163 0.125000179
v -7.54874992 0.0985689163 0.125000179
v -7.67250061 0.0985689163 0.250000149
v -7.67250061 0.0985689163 0.125000179
v -7.54874992 2.47356892 0.125000179
v -7.67250061 4.84856892 0.125000179
v -7.54874992 4.84856892 0.125000179
v -7.54874992 0.0985689163 -0.249999881
v -7.67250061 0.0985689163 -0.124999858
v -7.67250061 0.0985689163 -0.249999866
v -7.54874992 2.47356892 1.75034586e-07
v -7.54874992 0.0985689163 -0.124999866
v -7.54874992 0.0985689163 1.75034586e-07
v -7.54874992 4.84856892 1.75034586e-07
v -7.54874992 2.47356892 -0.124999866
v -7.54874992 2.47356892 1.75034586e-07
v -7.54874992 7.22356892 -0.124999866
v -7.67250061 4.84856892 -0.124999858
v -7.54874992 4.84856892 -0.124999866
v -7.54874992 7.22356892 1.75034586e-07
v -7.54874992 4.84856892 -0.124999866
v -7.54874992 4.84856892 1.75034586e-07
v -7.54874992 9.59856987 1.75034586e-07
v -7.54874992 7.22356892 -0.124999866
v -7.54874992 7.22356892 1.75034586e-07
v -7.67250061 9.59856987 -0.124999858
v -7.67250061 7.22356892 -0.249999866
v -7.67250061 7.22356892 -0.124999858
v -7.67250061 4.84856892 -0.124999858
v -7.67250061 2.47356892 -0.249999866
v -7.67250061 2.47356892 -0.124999858
v -7.67250061 7.22356892 0.250000149
v -7.67250061 4.84856892 0.125000179
v -7.67250061 4.84856892 0.250000149
v -7.67250061 9.59856987 0.250000149
v -7.67250061 7.22356892 0.125000179
v -7.67250061 7.22356892 0.250000149
v -7.67250061 2.47356892 0.250000149
v -7.67250061 0.0985689163 0.125000179
v -7.67250061 0.0985689163 0.250000149
v -7.67250061 4.84856892 0.250000149
v -7.67250061 2.47356892 0.125000179
v -7.67250061 2.47356892 0.250000149
v -7.67250061 2.47356892 -0.124999858
v -7.67250061 0.0985689163 -0.249999866
v -7.67250061 0.0985689163 -0.124999858
v -7.67250061 7.22356892 -0.124999858
v -7.67250061 4.84856892 -0.249999866
v -7.67250061 4.84856892 -0.124999858
v -7.54874992 4.84856892 0.125000179
v -7.67250061 7.22356892 0.125000179
v -7.54874992 7.22356892 0.125000179
v -7.54874992 9.59856987 -0.249999881
v -7.67250061 9.59856987 -0.124999858
v -7.54874992 9.59856987 -0.124999866
v -7.54874992 7.22356892 -0.249999881
v -7.67250061 9.59856987 -0.249999866
v -7.54874992 9.59856987 -0.249999881
v -7.54874992 2.47356892 -0.124999866
v -7.67250061 0.0985689163 -0.124999858
v -7.54874992 0.0985689163 -0.124999866
v -7.54874992 7.22356892 0.125000179
v -7.67250061 9.59856987 0.125000179
v -7.54874992 9.59856987 0.125000179
v -7.54874992 0.0985689163 -0.249999881
v -7.67250061 2.47356892 -0.249999866
v -7.54874992 2.47356892 -0.249999881
v -7.54874992 4.84856892 0.250000149
v -7.67250061 2.47356892 0.250000149
v -7.54874992 2.47356892 0.250000149
v -7.54874992 4.84856892 -0.124999866
v -7.67250061 2.47356892 -0.124999858
v -7.54874992 2.47356892 -0.124999866
v -7.54874992 7.22356892 0.250000149
v -7.67250061 4.84856892 0.250000149
v -7.54874992 4.84856892 0.250000149
v -7.54874992 4.84856892 -0.249999881
v -7.67250061 7.22356892 -0.249999866
v -7.54874992 7.22356892 -0.249999881
v -7.54874992 2.47356892 -0.249999881
v -7.67250061 4.84856892 -0.249999866
v -7.54874992 4.84856892 -0.249999881
v -7.54874992 0.0985689163 0.125000179
v -7.67250061 2.47356892 0.125000179
v -7.54874992 2.47356892 0.125000179
v 7.30124903 9.59856987 -7.37500048
v 7.17749977 9.59856987 -7.25000048
v 7.30124903 9.59856987 -7.25000048
v 7.30125093 7.22357035 -7.75000048
v 7.30124903 9.59856987 -7.75000048
v 7.54874992 9.59856987 -7.75000048
v 7.54874992 4.84857035 -7.37500048
v 7.67250061 2.47357035 -7.37500048
v 7.54874992 2.47357035 -7.37500048
v 7.54874992 9.59856987 -7.25000048
v 7.30124903 9.59856987 -7.25000048
v 7.30124903 7.22357035 -7.25000048
v 7.54874992 0.09856987 -7.37500048
v 7.54874992 0.09856987 -7.25000048
v 7.30125093 0.09856987 -7.25000048
v 7.30124903 9.59856987 -7.37500048
v 7.30124903 9.59856987 -7.25000048
v 7.54874992 9.59856987 -7.25000048
v 7.54874992 7.22357035 -7.62500048
v 7.67250061 9.59856987 -7.62500048
v 7.54874992 9.59856987 -7.62500048
v 7.54874992 4.84857035 -7.62500048
v 7.54874992 2.47357035 -7.50000048
v 7.54874992 2.47357035 -7.62500048
v 7.54874992 9.59856987 -7.62500048
v 7.54874992 7.22357035 -7.50000048
v 7.54874992 7.22357035 -7.62500048
v 7.54874992 7.22357035 -7.62500048
v 7.54874992 4.84857035 -7.50000048
v 7.54874992 4.84857035 -7.62500048
v 7.54874992 4.84857035 -7.75000048
v 7.67250061 2.47357035 -7.75000048
v 7.54874992 2.47357035 -7.75000048
v 7.54874992 2.47357035 -7.37500048
v 7.67250061 0.09856987 -7.37500048
v 7.54874992 0.09856987 -7.37500048
v 7.54874992 2.47357035 -7.62500048
v 7.54874992 0.09856987 -7.50000048
v 7.54874992 0.09856987 -7.62500048
v 7.54874992 7.22357035 -7.25000048
v 7.67250061 9.59856987 -7.25000048
v 7.54874992 9.59856987 -7.25000048
v 7.54874992 7.22357035 -7.75000048
v 7.67250061 4.84857035 -7.75000048
v 7.54874992 4.84857035 -7.75000048
v 7.54874992 4.84857035 -7.62500048
v 7.67250061 7.22357035 -7.62500048
v 7.54874992 7.22357035 -7.62500048
v 7.54874992 2.47357035 -7.50000048
v 7.54874992 0.09856987 -7.37500048
v 7.54874992 0.09856987 -7.50000048
v 7.54874992 4.84857035 -7.50000048
v 7.54874992 2.47357035 -7.37500048
v 7.54874992 2.47357035 -7.50000048
v 7.54874992 9.59856987 -7.62500048
v 7.67250061 9.59856987 -7.75000048
v 7.54874992 9.59856987 -7.75000048
v 7.54874992 7.22357035 -7.50000048
v 7.54874992 4.84857035 -7.37500048
v 7.54874992 4.84857035 -7.50000048
v 7.54874992 9.59856987 -7.50000048
v 7.54874992 7.22357035 -7.37500048
v 7.54874992 7.22357035 -7.50000048
v 7.67250061 9.59856987 -7.37500048
v 7.67250061 7.22357035 -7.25000048
v 7.67250061 7.22357035 -7.37500048
v 7.67250061 4.84857035 -7.37500048
v 7.67250061 2.47357035 -7.25000048
v 7.67250061 2.47357035 -7.37500048
v 7.67250061 7.22357035 -7.75000048
v 7.67250061 4.84857035 -7.62500048
v 7.67250061 4.84857035 -7.75000048
v 7.67250061 9.59856987 -7.75000048
v 7.67250061 7.22357035 -7.62500048
v 7.67250061 7.22357035 -7.75000048
v 7.67250061 2.47357035 -7.75000048
v 7.67250061 0.09856987 -7.62500048
v 7.67250061 0.09856987 -7.75000048
v 7.67250061 4.84857035 -7.75000048
v 7.67250061 2.47357035 -7.62500048
v 7.67250061 2.47357035 -7.75000048
v 7.67250061 2.47357035 -7.37500048
v 7.67250061 0.09856987 -7.25000048
v 7.67250061 0.09856987 -7.37500048
v 7.67250061 7.22357035 -7.37500048
v 7.67250061 4.84857035 -7.25000048
v 7.67250061 4.84857035 -7.37500048
v 7.54874992 2.47357035 -7.75000048
v 7.67250061 0.09856987 -7.75000048
v 7.54874992 0.09856987 -7.75000048
v 7.54874992 0.09856987 -7.75000048
v 7.67250061 0.09856987 -7.62500048
v 7.54874992 0.09856987 -7.62500048
v 7.54874992 4.84857035 -7.25000048
v 7.67250061 7.22357035 -7.25000048
v 7.54874992 7.22357035 -7.25000048
v 7.54874992 9.59856987 -7.25000048
v 7.67250061 9.59856987 -7.37500048
v 7.54874992 9.59856987 -7.37500048
v 7.54874992 2.47357035 -7.25000048
v 7.67250061 4.84857035 -7.25000048
v 7.54874992 4.84857035 -7.25000048
v 7.54874992 0.09856987 -7.62500048
v 7.67250061 2.47357035 -7.62500048
v 7.54874992 2.47357035 -7.62500048
v 7.54874992 7.22357035 -7.37500048
v 7.67250061 4.84857035 -7.37500048
v 7.54874992 4.84857035 -7.37500048
v 7.54874992 0.09856987 -7.25000048
v 7.67250061 2.47357035 -7.25000048
v 7.54874992 2.47357035 -7.25000048
v 7.54874992 9.59856987 -7.75000048
v 7.67250061 7.22357035 -7.75000048
v 7.54874992 7.22357035 -7.75000048
v 7.54874992 2.47357035 -7.62500048
v 7.67250061 4.84857035 -7.62500048
v 7.54874992 4.84857035 -7.62500048
v 7.54874992 9.59856987 -7.37500048
v 7.67250061 7.22357035 -7.37500048
v 7.54874992 7.22357035 -7.37500048
v 7.54874992 0.09856987 -7.37500048
v 7.67250061 0.09856987 -7.25000048
v 7.54874992 0.09856987 -7.25000048
v 7.30124903 9.59856987 -7.25000048
v 7.17749977 7.22357035 -7.25000048
v 7.30124903 7.22357035 -7.25000048
v 7.30125093 4.84857035 -7.37500048
v 7.30125093 2.47357035 -7.50000048
v 7.30125093 2.47357035 -7.37500048
v 7.30124903 9.59856987 -7.37500048
v 7.30125093 7.22357035 -7.50000048
v 7.30125093 7.22357035 -7.37500048
v 7.30125093 7.22357035 -7.37500048
v 7.30125093 4.84857035 -7.50000048
v 7.30125093 4.84857035 -7.37500048
v 7.30125093 2.47357035 -7.25000048
v 7.1775012 0.09856987 -7.25000048
v 7.30125093 0.09856987 -7.25000048
v 7.30124903 9.59856987 -7.62500048
v 7.17749977 7.22357035 -7.62500048
v 7.30125093 7.22357035 -7.62500048
v 7.30125093 2.47357035 -7.37500048
v 7.30125093 0.09856987 -7.50000048
v 7.30125093 0.09856987 -7.37500048
v 7.30125093 0.09856987 -7.25000048
v 7.1775012 0.09856987 -7.37500048
v 7.30125093 0.09856987 -7.37500048
v 7.30125093 2.47357035 -7.37500048
v 7.17749977 4.84857035 -7.37500048
v 7.30125093 4.84857035 -7.37500048
v 7.30125093 0.09856987 -7.62500048
v 7.1775012 0.09856987 -7.75000048
v 7.30125093 0.09856987 -7.75000048
v 7.30125093 2.47357035 -7.50000048
v 7.30125093 0.09856987 -7.62500048
v 7.30125093 0.09856987 -7.50000048
v 7.30125093 4.84857035 -7.50000048
v 7.30125093 2.47357035 -7.62500048
v 7.30125093 2.47357035 -7.50000048
v 7.30125093 7.22357035 -7.62500048
v 7.17749977 4.84857035 -7.62500048
v 7.30125093 4.84857035 -7.62500048
v 7.30125093 7.22357035 -7.50000048
v 7.30125093 4.84857035 -7.62500048
v 7.30125093 4.84857035 -7.50000048
v 7.30124903 9.59856987 -7.50000048
v 7.30125093 7.22357035 -7.62500048
v 7.30125093 7.22357035 -7.50000048
v 7.17749977 9.59856987 -7.62500048
v 7.17749977 7.22357035 -7.75000048
v 7.17749977 7.22357035 -7.62500048
v 7.17749977 4.84857035 -7.62500048
v 7.1775012 2.47357035 -7.75000048
v 7.1775012 2.47357035 -7.62500048
v 7.17749977 7.22357035 -7.25000048
v 7.17749977 4.84857035 -7.37500048
v 7.17749977 4.84857035 -7.25000048
v 7.17749977 9.59856987 -7.25000048
v 7.17749977 7.22357035 -7.37500048
v 7.17749977 7.22357035 -7.25000048
v 7.1775012 2.47357035 -7.25000048
v 7.1775012 0.09856987 -7.37500048
v 7.1775012 0.09856987 -7.25000048
v 7.17749977 4.84857035 -7.25000048
v 7.1775012 2.47357035 -7.37500048
v 7.1775012 2.47357035 -7.25000048
v 7.1775012 2.47357035 -7.62500048
v 7.1775012 0.09856987 -7.75000048
v 7.1775012 0.09856987 -7.62500048
v 7.17749977 7.22357035 -7.62500048
v 7.17749977 4.84857035 -7.75000048
v 7.17749977 4.84857035 -7.62500048
v 7.30125093 4.84857035 -7.37500048
v 7.17749977 7.22357035 -7.37500048
v 7.30125093 7.22357035 -7.37500048
v 7.30124903 9.59856987 -7.75000048
v 7.17749977 9.59856987 -7.62500048
v 7.30124903 9.59856987 -7.62500048
v 7.30125093 7.22357035 -7.75000048
v 7.17749977 9.59856987 -7.75000048
v 7.30124903 9.59856987 -7.75000048
v 7.30125093 2.47357035 -7.62500048
v 7.1775012 0.09856987 -7.62500048
v 7.30125093 0.09856987 -7.62500048
v 7.30125093 7.22357035 -7.37500048
v 7.17749977 9.59856987 -7.37500048
v 7.30124903 9.59856987 -7.37500048
v 7.30125093 0.09856987 -7.75000048
v 7.1775012 2.47357035 -7.75000048
v 7.30125093 2.47357035 -7.75000048
v 7.30125093 4.84857035 -7.25000048
v 7.1775012 2.47357035 -7.25000048
v 7.30125093 2.47357035 -7.25000048
v 7.30125093 4.84857035 -7.62500048
v 7.1775012 2.47357035 -7.62500048
v 7.30125093 2.47357035 -7.62500048
v 7.30124903 7.22357035 -7.25000048
v 7.17749977 4.84857035 -7.25000048
v 7.30125093 4.84857035 -7.25000048
v 7.30125093 4.84857035 -7.75000048
v 7.17749977 7.22357035 -7.75000048
v 7.30125093 7.22357035 -7.75000048
v 7.30125093 2.47357035 -7.75000048
v 7.17749977 4.84857035 -7.75000048
v 7.30125093 4.84857035 -7.75000048
v 7.30125093 0.09856987 -7.37500048
v 7.1775012 2.47357035 -7.37500048
v 7.30125093 2.47357035 -7.37500048
v 14.8500004 9.72356892 -7.37500095
v 14.8500004 9.59856892 -7.25000095
v 14.8500004 9.59856892 -7.37500095
v 7.42500019 10.0985689 -7.37500048
v 14.8500004 10.0985689 -7.62500095
v 7.42500019 10.0985689 -7.62500048
v 0 9.72356987 -7.625
v -7.42500019 9.72357082 -7.74999952
v -7.42500019 9.72357082 -7.62499952
v 7.42500019 9.59856892 -7.62500048
v 14.8500004 9.59856892 -7.37500095
v 7.42500019 9.59856892 -7.37500048
v -14.8500004 9.72357082 -7.62499905
v -14.8500004 9.59857082 -7.62499905
v -14.8500004 9.59857082 -7.37499905
v 14.8500004 9.72356892 -7.37500095
v 14.8500004 9.59856892 -7.37500095
v 14.8500004 9.59856892 -7.62500095
v 7.42500019 9.97356892 -7.62500048
v 14.8500004 9.97356892 -7.75000095
v 14.8500004 9.97356892 -7.62500095
v 0 9.97356987 -7.625
v -7.42500019 9.84857082 -7.62499952
v -7.42500019 9.97357082 -7.62499952
v 14.8500004 9.97356892 -7.62500095
v 7.42500019 9.84856892 -7.62500048
v 7.42500019 9.97356892 -7.62500048
v 7.42500019 9.97356892 -7.62500048
v 0 9.84856987 -7.625
v 0 9.97356987 -7.625
v 0 10.0985699 -7.625
v -7.42500019 10.0985708 -7.74999952
v -7.42500019 10.0985708 -7.62499952
v -7.42500019 9.72357082 -7.62499952
v -14.8500004 9.72357082 -7.74999905
v -14.8500004 9.72357082 -7.62499905
v -7.42500019 9.97357082 -7.62499952
v -14.8500004 9.84857082 -7.62499905
v -14.8500004 9.97357082 -7.62499905
v 7.42500019 9.59856892 -7.62500048
v 14.8500004 9.59856892 -7.75000095
v 14.8500004 9.59856892 -7.62500095
v 7.42500019 10.0985689 -7.62500048
v 0 10.0985699 -7.75
v 0 10.0985699 -7.625
v 0 9.97356987 -7.625
v 7.42500019 9.97356892 -7.75000048
v 7.42500019 9.97356892 -7.62500048
v -7.42500019 9.84857082 -7.62499952
v -14.8500004 9.72357082 -7.62499905
v -14.8500004 9.84857082 -7.62499905
v 0 9.84856987 -7.625
v -7.42500019 9.72357082 -7.62499952
v -7.42500019 9.84857082 -7.62499952
v 14.8500004 9.97356892 -7.62500095
v 14.8500004 10.0985689 -7.75000095
v 14.8500004 10.0985689 -7.62500095
v 7.42500019 9.84856892 -7.62500048
v 0 9.72356987 -7.625
v 0 9.84856987 -7.625
v 14.8500004 9.84856892 -7.62500095
v 7.42500019 9.72356892 -7.62500048
v 7.42500019 9.84856892 -7.62500048
v 14.8500004 9.72356892 -7.75000095
v 7.42500019 9.59856892 -7.75000048
v 7.42500019 9.72356892 -7.75000048
v 0 9.72356987 -7.75
v -7.42500019 9.59856987 -7.74999952
v -7.42500019 9.72357082 -7.74999952
v 7.42500019 10.0985689 -7.75000048
v 0 9.97356987 -7.75
v 0 10.0985699 -7.75
v 14.8500004 10.0985689 -7.75000095
v 7.42500019 9.97356892 -7.75000048
v 7.42500019 10.0985689 -7.75000048
v -7.42500019 10.0985708 -7.74999952
v -14.8500004 9.97357082 -7.74999905
v -14.8500004 10.0985708 -7.74999905
v 0 10.0985699 -7.75
v -7.42500019 9.97357082 -7.74999952
v -7.42500019 10.0985708 -7.74999952
v -7.42500019 9.72357082 -7.74999952
v -14.8500004 9.59857082 -7.74999905
v -14.8500004 9.72357082 -7.74999905
v 7.42500019 9.72356892 -7.75000048
v 0 9.59856987 -7.75
v 0 9.72356987 -7.75
v -7.42500019 10.0985708 -7.62499952
v -14.8500004 10.0985708 -7.74999905
v -14.8500004 10.0985708 -7.62499905
v -14.8500004 10.0985708 -7.62499905
v -14.8500004 9.97357082 -7.74999905
v -14.8500004 9.97357082 -7.62499905
v 0 9.59856987 -7.625
v 7.42500019 9.59856892 -7.75000048
v 7.42500019 9.59856892 -7.62500048
v 14.8500004 9.59856892 -7.62500095
v 14.8500004 9.72356892 -7.75000095
v 14.8500004 9.72356892 -7.62500095
v -7.42500019 9.59856987 -7.62499952
v 0 9.59856987 -7.75
v 0 9.59856987 -7.625
v -14.8500004 9.97357082 -7.62499905
v -7.42500019 9.97357082 -7.74999952
v -7.42500019 9.97357082 -7.62499952
v 7.42500019 9.72356892 -7.62500048
v 0 9.72356987 -7.75
v 0 9.72356987 -7.625
v -14.8500004 9.59857082 -7.62499905
v -7.42500019 9.59856987 -7.74999952
v -7.42500019 9.59856987 -7.62499952
v 14.8500004 10.0985689 -7.62500095
v 7.42500019 10.0985689 -7.75000048
v 7.42500019 10.0985689 -7.62500048
v -7.42500019 9.97357082 -7.62499952
v 0 9.97356987 -7.75
v 0 9.97356987 -7.625
v 14.8500004 9.72356892 -7.62500095
v 7.42500019 9.72356892 -7.75000048
v 7.42500019 9.72356892 -7.62500048
v -14.8500004 9.72357082 -7.62499905
v -14.8500004 9.59857082 -7.74999905
v -14.8500004 9.59857082 -7.62499905
v 14.8500004 9.59856892 -7.37500095
v 7.42500019 9.59856892 -7.25000048
v 7.42500019 9.59856892 -7.37500048
v 0 9.72356987 -7.375
v -7.42500019 9.84857082 -7.37499952
v -7.42500019 9.72357082 -7.37499952
v 14.8500004 9.72356892 -7.37500095
v 7.42500019 9.84856892 -7.37500048
v 7.42500019 9.72356892 -7.37500048
v 7.42500019 9.72356892 -7.37500048
v 0 9.84856987 -7.375
v 0 9.72356987 -7.375
v -7.42500019 9.59856987 -7.37499952
v -14.8500004 9.59857082 -7.24999905
v -14.8500004 9.59857082 -7.37499905
v 14.8500004 9.97356892 -7.37500095
v 7.42500019 9.97356892 -7.25000048
v 7.42500019 9.97356892 -7.37500048
v -7.42500019 9.72357082 -7.37499952
v -14.8500004 9.84857082 -7.37499905
v -14.8500004 9.72357082 -7.37499905
v -14.8500004 9.59857082 -7.37499905
v -14.8500004 9.72357082 -7.24999905
v -14.8500004 9.72357082 -7.37499905
v -7.42500019 9.72357082 -7.37499952
v 0 9.72356987 -7.25
v 0 9.72356987 -7.375
v -14.8500004 9.97357082 -7.37499905
v -14.8500004 10.0985708 -7.24999905
v -14.8500004 10.0985708 -7.37499905
v -7.42500019 9.84857082 -7.37499952
v -14.8500004 9.97357082 -7.37499905
v -14.8500004 9.84857082 -7.37499905
v 0 9.84856987 -7.375
v -7.42500019 9.97357082 -7.37499952
v -7.42500019 9.84857082 -7.37499952
v 7.42500019 9.97356892 -7.37500048
v 0 9.97356987 -7.25
v 0 9.97356987 -7.375
v 7.42500019 9.84856892 -7.37500048
v 0 9.97356987 -7.375
v 0 9.84856987 -7.375
v 14.8500004 9.84856892 -7.37500095
v 7.42500019 9.97356892 -7.37500048
v 7.42500019 9.84856892 -7.37500048
v 14.8500004 9.97356892 -7.25000095
v 7.42500019 10.0985689 -7.25000048
v 7.42500019 9.97356892 -7.25000048
v 0 9.97356987 -7.25
v -7.42500019 10.0985708 -7.24999952
v -7.42500019 9.97357082 -7.24999952
v 7.42500019 9.59856892 -7.25000048
v 0 9.72356987 -7.25
v 0 9.59856987 -7.25
v 14.8500004 9.59856892 -7.25000095
v 7.42500019 9.72356892 -7.25000048
v 7.42500019 9.59856892 -7.25000048
v -7.42500019 9.59856987 -7.24999952
v -14.8500004 9.72357082 -7.24999905
v -14.8500004 9.59857082 -7.24999905
v 0 9.59856987 -7.25
v -7.42500019 9.72357082 -7.24999952
v -7.42500019 9.59856987 -7.24999952
v -7.42500019 9.97357082 -7.24999952
v -14.8500004 10.0985708 -7.24999905
v -14.8500004 9.97357082 -7.24999905
v 7.42500019 9.97356892 -7.25000048
v 0 10.0985699 -7.25
v 0 9.97356987 -7.25
v 0 9.72356987 -7.375
v 7.42500019 9.72356892 -7.25000048
v 7.42500019 9.72356892 -7.37500048
v 14.8500004 10.0985689 -7.37500095
v 14.8500004 9.97356892 -7.25000095
v 14.8500004 9.97356892 -7.37500095
v 7.42500019 10.0985689 -7.37500048
v 14.8500004 10.0985689 -7.25000095
v 14.8500004 10.0985689 -7.37500095
v -7.42500019 9.97357082 -7.37499952
v -14.8500004 9.97357082 -7.24999905
v -14.8500004 9.97357082 -7.37499905
v 7.42500019 9.72356892 -7.37500048
v 14.8500004 9.72356892 -7.25000095
v 14.8500004 9.72356892 -7.37500095
v -14.8500004 10.0985708 -7.37499905
v -7.42500019 10.0985708 -7.24999952
v -7.42500019 10.0985708 -7.37499952
v 0 9.59856987 -7.375
v -7.42500019 9.59856987 -7.24999952
v -7.42500019 9.59856987 -7.37499952
v 0 9.97356987 -7.375
v -7.42500019 9.97357082 -7.24999952
v -7.42500019 9.97357082 -7.37499952
v 7.42500019 9.59856892 -7.37500048
v 0 9.59856987 -7.25
v 0 9.59856987 -7.375
v 0 10.0985699 -7.375
v 7.42500019 10.0985689 -7.25000048
v 7.42500019 10.0985689 -7.37500048
v -7.42500019 10.0985708 -7.37499952
v 0 10.0985699 -7.25
v 0 10.0985699 -7.375
v -14.8500004 9.72357082 -7.37499905
v -7.42500019 9.72357082 -7.24999952
v -7.42500019 9.72357082 -7.37499952
v -7.54874992 9.59856987 -7.37499952
v -7.67250061 9.59856987 -7.24999952
v -7.54874992 9.59856987 -7.24999952
v -7.54874992 9.59856987 -7.74999952
v -7.30124903 9.59856987 -7.74999952
v -7.30124903 7.22356892 -7.74999952
v -7.30124903 4.84856892 -7.37499952
v -7.17749977 2.47356892 -7.37499952
v -7.30124903 2.47356892 -7.37499952
v -7.54874992 7.22356892 -7.24999952
v -7.54874992 4.84856892 -7.24999952
v -7.30124903 7.22356892 -7.24999952
v -7.30124903 0.0985689163 -7.37499952
v -7.30124903 0.0985689163 -7.24999952
v -7.54874992 0.0985689163 -7.24999952
v -7.54874992 9.59856987 -7.37499952
v -7.54874992 9.59856987 -7.24999952
v -7.30124903 9.59856987 -7.24999952
v -7.30124903 7.22356892 -7.62499952
v -7.17749977 9.59856987 -7.62499952
v -7.30124903 9.59856987 -7.62499952
v -7.30124903 4.84856892 -7.62499952
v -7.30124903 2.47356892 -7.49999952
v -7.30124903 2.47356892 -7.62499952
v -7.30124903 9.59856987 -7.62499952
v -7.30124903 7.22356892 -7.49999952
v -7.30124903 7.22356892 -7.62499952
v -7.30124903 7.22356892 -7.62499952
v -7.30124903 4.84856892 -7.49999952
v -7.30124903 4.84856892 -7.62499952
v -7.30124903 4.84856892 -7.74999952
v -7.17749977 2.47356892 -7.74999952
v -7.30124903 2.47356892 -7.74999952
v -7.30124903 2.47356892 -7.37499952
v -7.17749977 0.0985689163 -7.37499952
v -7.30124903 0.0985689163 -7.37499952
v -7.30124903 2.47356892 -7.62499952
v -7.30124903 0.0985689163 -7.49999952
v -7.30124903 0.0985689163 -7.62499952
v -7.30124903 7.22356892 -7.24999952
v -7.17749977 9.59856987 -7.24999952
v -7.30124903 9.59856987 -7.24999952
v -7.30124903 7.22356892 -7.74999952
v -7.17749977 4.84856892 -7.74999952
v -7.30124903 4.84856892 -7.74999952
v -7.30124903 4.84856892 -7.62499952
v -7.17749977 7.22356892 -7.62499952
v -7.30124903 7.22356892 -7.62499952
v -7.30124903 2.47356892 -7.49999952
v -7.30124903 0.0985689163 -7.37499952
v -7.30124903 0.0985689163 -7.49999952
v -7.30124903 4.84856892 -7.49999952
v -7.30124903 2.47356892 -7.37499952
v -7.30124903 2.47356892 -7.49999952
v -7.30124903 9.59856987 -7.62499952
v -7.17749977 9.59856987 -7.74999952
v -7.30124903 9.59856987 -7.74999952
v -7.30124903 7.22356892 -7.49999952
v -7.30124903 4.84856892 -7.37499952
v -7.30124903 4.84856892 -7.49999952
v -7.30124903 9.59856987 -7.49999952
v -7.30124903 7.22356892 -7.37499952
v -7.30124903 7.22356892 -7.49999952
v -7.17749977 9.59856987 -7.37499952
v -7.17749977 7.22356892 -7.24999952
v -7.17749977 7.22356892 -7.37499952
v -7.17749977 4.84856892 -7.37499952
v -7.17749977 2.47356892 -7.24999952
v -7.17749977 2.47356892 -7.37499952
v -7.17749977 7.22356892 -7.74999952
v -7.17749977 4.84856892 -7.62499952
v -7.17749977 4.84856892 -7.74999952
v -7.17749977 9.59856987 -7.74999952
v -7.17749977 7.22356892 -7.62499952
v -7.17749977 7.22356892 -7.74999952
v -7.17749977 2.47356892 -7.74999952
v -7.17749977 0.0985689163 -7.62499952
v -7.17749977 0.0985689163 -7.74999952
v -7.17749977 4.84856892 -7.74999952
v -7.17749977 2.47356892 -7.62499952
v -7.17749977 2.47356892 -7.74999952
v -7.17749977 2.47356892 -7.37499952
v -7.17749977 0.0985689163 -7.24999952
v -7.17749977 0.0985689163 -7.37499952
v -7.17749977 7.22356892 -7.37499952
v -7.17749977 4.84856892 -7.24999952
v -7.17749977 4.84856892 -7.37499952
v -7.30124903 2.47356892 -7.74999952
v -7.17749977 0.0985689163 -7.74999952
v -7.30124903 0.0985689163 -7.74999952
v -7.30124903 0.0985689163 -7.74999952
v -7.17749977 0.0985689163 -7.62499952
v -7.30124903 0.0985689163 -7.62499952
v -7.30124903 4.84856892 -7.24999952
v -7.17749977 7.22356892 -7.24999952
v -7.30124903 7.22356892 -7.24999952
v -7.30124903 9.59856987 -7.24999952
v -7.17749977 9.59856987 -7.37499952
v -7.30124903 9.59856987 -7.37499952
v -7.30124903 2.47356892 -7.24999952
v -7.17749977 4.84856892 -7.24999952
v -7.30124903 4.84856892 -7.24999952
v -7.30124903 0.0985689163 -7.62499952
v -7.17749977 2.47356892 -7.62499952
v -7.30124903 2.47356892 -7.62499952
v -7.30124903 7.22356892 -7.37499952
v -7.17749977 4.84856892 -7.37499952
v -7.30124903 4.84856892 -7.37499952
v -7.30124903 0.0985689163 -7.24999952
v -7.17749977 2.47356892 -7.24999952
v -7.30124903 2.47356892 -7.24999952
v -7.30124903 9.59856987 -7.74999952
v -7.17749977 7.22356892 -7.74999952
v -7.30124903 7.22356892 -7.74999952
v -7.30124903 2.47356892 -7.62499952
v -7.17749977 4.84856892 -7.62499952
v -7.30124903 4.84856892 -7.62499952
v -7.30124903 9.59856987 -7.37499952
v -7.17749977 7.22356892 -7.37499952
v -7.30124903 7.22356892 -7.37499952
v -7.30124903 0.0985689163 -7.37499952
v -7.17749977 0.0985689163 -7.24999952
v -7.30124903 0.0985689163 -7.24999952
v -7.54874992 9.59856987 -7.24999952
v -7.67250061 7.22356892 -7.24999952
v -7.54874992 7.22356892 -7.24999952
v -7.54874992 4.84856892 -7.37499952
v -7.54874992 2.47356892 -7.49999952
v -7.54874992 2.47356892 -7.37499952
v -7.54874992 9.59856987 -7.37499952
v -7.54874992 7.22356892 -7.49999952
v -7.54874992 7.22356892 -7.37499952
v -7.54874992 7.22356892 -7.37499952
v -7.54874992 4.84856892 -7.49999952
v -7.54874992 4.84856892 -7.37499952
v -7.54874992 2.47356892 -7.24999952
v -7.67250061 0.0985689163 -7.24999952
v -7.54874992 0.0985689163 -7.24999952
v -7.54874992 9.59856987 -7.62499952
v -7.67250061 7.22356892 -7.62499952
v -7.54874992 7.22356892 -7.62499952
v -7.54874992 2.47356892 -7.37499952
v -7.54874992 0.0985689163 -7.49999952
v -7.54874992 0.0985689163 -7.37499952
v -7.54874992 0.0985689163 -7.24999952
v -7.67250061 0.0985689163 -7.37499952
v -7.54874992 0.0985689163 -7.37499952
v -7.54874992 2.47356892 -7.37499952
v -7.67250061 4.84856892 -7.37499952
v -7.54874992 4.84856892 -7.37499952
v -7.54874992 0.0985689163 -7.62499952
v -7.67250061 0.0985689163 -7.74999952
v -7.54874992 0.0985689163 -7.74999952
v -7.54874992 2.47356892 -7.49999952
v -7.54874992 0.0985689163 -7.62499952
v -7.54874992 0.0985689163 -7.49999952
v -7.54874992 4.84856892 -7.49999952
v -7.54874992 2.47356892 -7.62499952
v -7.54874992 2.47356892 -7.49999952
v -7.54874992 7.22356892 -7.62499952
v -7.67250061 4.84856892 -7.62499952
v -7.54874992 4.84856892 -7.62499952
v -7.54874992 7.22356892 -7.49999952
v -7.54874992 4.84856892 -7.62499952
v -7.54874992 4.84856892 -7.49999952
v -7.54874992 9.59856987 -7.49999952
v -7.54874992 7.22356892 -7.62499952
v -7.54874992 7.22356892 -7.49999952
v -7.67250061 9.59856987 -7.62499952
v -7.67250061 7.22356892 -7.74999952
v -7.67250061 7.22356892 -7.62499952
v -7.67250061 4.84856892 -7.62499952
v -7.67250061 2.47356892 -7.74999952
v -7.67250061 2.47356892 -7.62499952
v -7.67250061 7.22356892 -7.24999952
v -7.67250061 4.84856892 -7.37499952
v -7.67250061 4.84856892 -7.24999952
v -7.67250061 9.59856987 -7.24999952
v -7.67250061 7.22356892 -7.37499952
v -7.67250061 7.22356892 -7.24999952
v -7.67250061 2.47356892 -7.24999952
v -7.67250061 0.0985689163 -7.37499952
v -7.67250061 0.0985689163 -7.24999952
v -7.67250061 4.84856892 -7.24999952
v -7.67250061 2.47356892 -7.37499952
v -7.67250061 2.47356892 -7.24999952
v -7.67250061 2.47356892 -7.62499952
v -7.67250061 0.0985689163 -7.74999952
v -7.67250061 0.0985689163 -7.62499952
v -7.67250061 7.22356892 -7.62499952
v -7.67250061 4.84856892 -7.74999952
v -7.67250061 4.84856892 -7.62499952
v -7.54874992 4.84856892 -7.37499952
v -7.67250061 7.22356892 -7.37499952
v -7.54874992 7.22356892 -7.37499952
v -7.54874992 9.59856987 -7.74999952
v -7.67250061 9.59856987 -7.62499952
v -7.54874992 9.59856987 -7.62499952
v -7.54874992 7.22356892 -7.74999952
v -7.67250061 9.59856987 -7.74999952
v -7.54874992 9.59856987 -7.74999952
v -7.54874992 2.47356892 -7.62499952
v -7.67250061 0.0985689163 -7.62499952
v -7.54874992 0.0985689163 -7.62499952
v -7.54874992 7.22356892 -7.37499952
v -7.67250061 9.59856987 -7.37499952
v -7.54874992 9.59856987 -7.37499952
v -7.54874992 0.0985689163 -7.74999952
v -7.67250061 2.47356892 -7.74999952
v -7.54874992 2.47356892 -7.74999952
v -7.54874992 4.84856892 -7.24999952
v -7.67250061 2.47356892 -7.24999952
v -7.54874992 2.47356892 -7.24999952
v -7.54874992 4.84856892 -7.62499952
v -7.67250061 2.47356892 -7.62499952
v -7.54874992 2.47356892 -7.62499952
v -7.54874992 7.22356892 -7.24999952
v -7.67250061 4.84856892 -7.24999952
v -7.54874992 4.84856892 -7.24999952
v -7.54874992 4.84856892 -7.74999952
v -7.67250061 7.22356892 -7.74999952
v -7.54874992 7.22356892 -7.74999952
v -7.54874992 2.47356892 -7.74999952
v -7.67250061 4.84856892 -7.74999952
v -7.54874992 4.84856892 -7.74999952
v -7.54874992 0.0985689163 -7.37499952
v -7.67250061 2.47356892 -7.37499952
v -7.54874992 2.47356892 -7.37499952
v 7.30125093 9.59856987 -14.875001
v 7.1775012 9.59856987 -14.750001
v 7.30125093 9.59856987 -14.750001
v 7.30125093 7.22357035 -15.250001
v 7.30125093 9.59856987 -15.250001
v 7.54875088 9.59856987 -15.250001
v 7.54875088 4.84857035 -14.875001
v 7.67250061 2.47357035 -14.875001
v 7.54875088 2.47357035 -14.875001
v 7.54875088 9.59856987 -14.750001
v 7.30125093 9.59856987 -14.750001
v 7.30125093 7.22357035 -14.750001
v 7.54875088 0.09856987 -14.875001
v 7.54875088 0.09856987 -14.750001
v 7.30125093 0.09856987 -14.750001
v 7.30125093 9.59856987 -14.875001
v 7.30125093 9.59856987 -14.750001
v 7.54875088 9.59856987 -14.750001
v 7.54875088 7.22357035 -15.125001
v 7.67250061 9.59856987 -15.125001
v 7.54875088 9.59856987 -15.125001
v 7.54875088 4.84857035 -15.125001
v 7.54875088 2.47357035 -15.000001
v 7.54875088 2.47357035 -15.125001
v 7.54875088 9.59856987 -15.125001
v 7.54875088 7.22357035 -15.000001
v 7.54875088 7.22357035 -15.125001
v 7.54875088 7.22357035 -15.125001
v 7.54875088 4.84857035 -15.000001
v 7.54875088 4.84857035 -15.125001
v 7.54875088 4.84857035 -15.250001
v 7.67250061 2.47357035 -15.250001
v 7.54875088 2.47357035 -15.250001
v 7.54875088 2.47357035 -14.875001
v 7.67250252 0.09856987 -14.875001
v 7.54875088 0.09856987 -14.875001
v 7.54875088 2.47357035 -15.125001
v 7.54875088 0.09856987 -15.000001
v 7.54875088 0.09856987 -15.125001
v 7.54875088 7.22357035 -14.750001
v 7.67250061 9.59856987 -14.750001
v 7.54875088 9.59856987 -14.750001
v 7.54875088 7.22357035 -15.250001
v 7.67250061 4.84857035 -15.250001
v 7.54875088 4.84857035 -15.250001
v 7.54875088 4.84857035 -15.125001
v 7.67250061 7.22357035 -15.125001
v 7.54875088 7.22357035 -15.125001
v 7.54875088 2.47357035 -15.000001
v 7.54875088 0.09856987 -14.875001
v 7.54875088 0.09856987 -15.000001
v 7.54875088 4.84857035 -15.000001
v 7.54875088 2.47357035 -14.875001
v 7.54875088 2.47357035 -15.000001
v 7.54875088 9.59856987 -15.125001
v 7.67250061 9.59856987 -15.250001
v 7.54875088 9.59856987 -15.250001
v 7.54875088 7.22357035 -15.000001
v 7.54875088 4.84857035 -14.875001
v 7.54875088 4.84857035 -15.000001
v 7.54875088 9.59856987 -15.000001
v 7.54875088 7.22357035 -14.875001
v 7.54875088 7.22357035 -15.000001
v 7.67250061 9.59856987 -14.875001
v 7.67250061 7.22357035 -14.750001
v 7.67250061 7.22357035 -14.875001
v 7.67250061 4.84857035 -14.875001
v 7.67250061 2.47357035 -14.750001
v 7.67250061 2.47357035 -14.875001
v 7.67250061 7.22357035 -15.250001
v 7.67250061 4.84857035 -15.125001
v 7.67250061 4.84857035 -15.250001
v 7.67250061 9.59856987 -15.250001
v 7.67250061 7.22357035 -15.125001
v 7.67250061 7.22357035 -15.250001
v 7.67250061 2.47357035 -15.250001
v 7.67250252 0.09856987 -15.125001
v 7.67250252 0.09856987 -15.250001
v 7.67250061 4.84857035 -15.250001
v 7.67250061 2.47357035 -15.125001
v 7.67250061 2.47357035 -15.250001
v 7.67250061 2.47357035 -14.875001
v 7.67250252 0.09856987 -14.750001
v 7.67250252 0.09856987 -14.875001
v 7.67250061 7.22357035 -14.875001
v 7.67250061 4.84857035 -14.750001
v 7.67250061 4.84857035 -14.875001
v 7.54875088 2.47357035 -15.250001
v 7.67250252 0.09856987 -15.250001
v 7.54875088 0.09856987 -15.250001
v 7.54875088 0.09856987 -15.250001
v 7.67250252 0.09856987 -15.125001
v 7.54875088 0.09856987 -15.125001
v 7.54875088 4.84857035 -14.750001
v 7.67250061 7.22357035 -14.750001
v 7.54875088 7.22357035 -14.750001
v 7.54875088 9.59856987 -14.750001
v 7.67250061 9.59856987 -14.875001
v 7.54875088 9.59856987 -14.875001
v 7.54875088 2.47357035 -14.750001
v 7.67250061 4.84857035 -14.750001
v 7.54875088 4.84857035 -14.750001
v 7.54875088 0.09856987 -15.125001
v 7.67250061 2.47357035 -15.125001
v 7.54875088 2.47357035 -15.125001
v 7.54875088 7.22357035 -14.875001
v 7.67250061 4.84857035 -14.875001
v 7.54875088 4.84857035 -14.875001
v 7.54875088 0.09856987 -14.750001
v 7.67250061 2.47357035 -14.750001
v 7.54875088 2.47357035 -14.750001
v 7.54875088 9.59856987 -15.250001
v 7.67250061 7.22357035 -15.250001
v 7.54875088 7.22357035 -15.250001
v 7.54875088 2.47357035 -15.125001
v 7.67250061 4.84857035 -15.125001
v 7.54875088 4.84857035 -15.125001
v 7.54875088 9.59856987 -14.875001
v 7.67250061 7.22357035 -14.875001
v 7.54875088 7.22357035 -14.875001
v 7.54875088 0.09856987 -14.875001
v 7.67250252 0.09856987 -14.750001
v 7.54875088 0.09856987 -14.750001
v 7.30125093 9.59856987 -14.750001
v 7.1775012 7.22357035 -14.750001
v 7.30125093 7.22357035 -14.750001
v 7.30125093 4.84857035 -14.875001
v 7.30125093 2.47357035 -15.000001
v 7.30125093 2.47357035 -14.875001
v 7.30125093 9.59856987 -14.875001
v 7.30125093 7.22357035 -15.000001
v 7.30125093 7.22357035 -14.875001
v 7.30125093 7.22357035 -14.875001
v 7.30125093 4.84857035 -15.000001
v 7.30125093 4.84857035 -14.875001
v 7.30125093 2.47357035 -14.750001
v 7.1775012 0.09856987 -14.750001
v 7.30125093 0.09856987 -14.750001
v 7.30125093 9.59856987 -15.125001
v 7.1775012 7.22357035 -15.125001
v 7.30125093 7.22357035 -15.125001
v 7.30125093 2.47357035 -14.875001
v 7.30125093 0.09856987 -15.000001
v 7.30125093 0.09856987 -14.875001
v 7.30125093 0.09856987 -14.750001
v 7.1775012 0.09856987 -14.875001
v 7.30125093 0.09856987 -14.875001
v 7.30125093 2.47357035 -14.875001
v 7.1775012 4.84857035 -14.875001
v 7.30125093 4.84857035 -14.875001
v 7.30125093 0.09856987 -15.125001
v 7.1775012 0.09856987 -15.250001
v 7.30125093 0.09856987 -15.250001
v 7.30125093 2.47357035 -15.000001
v 7.30125093 0.09856987 -15.125001
v 7.30125093 0.09856987 -15.000001
v 7.30125093 4.84857035 -15.000001
v 7.30125093 2.47357035 -15.125001
v 7.30125093 2.47357035 -15.000001
v 7.30125093 7.22357035 -15.125001
v 7.1775012 4.84857035 -15.125001
v 7.30125093 4.84857035 -15.125001
v 7.30125093 7.22357035 -15.000001
v 7.30125093 4.84857035 -15.125001
v 7.30125093 4.84857035 -15.000001
v 7.30125093 9.59856987 -15.000001
v 7.30125093 7.22357035 -15.125001
v 7.30125093 7.22357035 -15.000001
v 7.1775012 9.59856987 -15.125001
v 7.1775012 7.22357035 -15.250001
v 7.1775012 7.22357035 -15.125001
v 7.1775012 4.84857035 -15.125001
v 7.1775012 2.47357035 -15.250001
v 7.1775012 2.47357035 -15.125001
v 7.1775012 7.22357035 -14.750001
v 7.1775012 4.84857035 -14.875001
v 7.1775012 4.84857035 -14.750001
v 7.1775012 9.59856987 -14.750001
v 7.1775012 7.22357035 -14.875001
v 7.1775012 7.22357035 -14.750001
v 7.1775012 2.47357035 -14.750001
v 7.1775012 0.09856987 -14.875001
v 7.1775012 0.09856987 -14.750001
v 7.1775012 4.84857035 -14.750001
v 7.1775012 2.47357035 -14.875001
v 7.1775012 2.47357035 -14.750001
v 7.1775012 2.47357035 -15.125001
v 7.1775012 0.09856987 -15.250001
v 7.1775012 0.09856987 -15.125001
v 7.1775012 7.22357035 -15.125001
v 7.1775012 4.84857035 -15.250001
v 7.1775012 4.84857035 -15.125001
v 7.30125093 4.84857035 -14.875001
v 7.1775012 7.22357035 -14.875001
v 7.30125093 7.22357035 -14.875001
v 7.30125093 9.59856987 -15.250001
v 7.1775012 9.59856987 -15.125001
v 7.30125093 9.59856987 -15.125001
v 7.30125093 7.22357035 -15.250001
v 7.1775012 9.59856987 -15.250001
v 7.30125093 9.59856987 -15.250001
v 7.30125093 2.47357035 -15.125001
v 7.1775012 0.09856987 -15.125001
v 7.30125093 0.09856987 -15.125001
v 7.30125093 7.22357035 -14.875001
v 7.1775012 9.59856987 -14.875001
v 7.30125093 9.59856987 -14.875001
v 7.30125093 0.09856987 -15.250001
v 7.1775012 2.47357035 -15.250001
v 7.30125093 2.47357035 -15.250001
v 7.30125093 4.84857035 -14.750001
v 7.1775012 2.47357035 -14.750001
v 7.30125093 2.47357035 -14.750001
v 7.30125093 4.84857035 -15.125001
v 7.1775012 2.47357035 -15.125001
v 7.30125093 2.47357035 -15.125001
v 7.30125093 7.22357035 -14.750001
v 7.1775012 4.84857035 -14.750001
v 7.30125093 4.84857035 -14.750001
v 7.30125093 4.84857035 -15.250001
v 7.1775012 7.22357035 -15.250001
v 7.30125093 7.22357035 -15.250001
v 7.30125093 2.47357035 -15.250001
v 7.1775012 4.84857035 -15.250001
v 7.30125093 4.84857035 -15.250001
v 7.30125093 0.09856987 -14.875001
v 7.1775012 2.47357035 -14.875001
v 7.30125093 2.47357035 -14.875001
v 14.8500004 9.72356892 -14.875001
v 14.8500004 9.59856892 -14.750001
v 14.8500004 9.59856892 -14.875001
v 7.4250021 10.0985689 -14.875001
v 14.8500004 10.0985689 -15.125001
v 7.4250021 10.0985689 -15.125001
v 0 9.72356987 -15.125
v -7.42500019 9.72357082 -15.249999
v -7.42500019 9.72357082 -15.124999
v 7.4250021 9.59856892 -15.125001
v 14.8500004 9.59856892 -14.875001
v 7.4250021 9.59856892 -14.875001
v -14.8500004 9.72357082 -15.124999
v -14.8500004 9.59857082 -15.124999
v -14.8500004 9.59857082 -14.874999
v 14.8500004 9.72356892 -14.875001
v 14.8500004 9.59856892 -14.875001
v 14.8500004 9.59856892 -15.125001
v 7.4250021 9.97356892 -15.125001
v 14.8500004 9.97356892 -15.250001
v 14.8500004 9.97356892 -15.125001
v 0 9.97356987 -15.125
v -7.42500019 9.84857082 -15.124999
v -7.42500019 9.97357082 -15.124999
v 14.8500004 9.97356892 -15.125001
v 7.4250021 9.84856892 -15.125001
v 7.4250021 9.97356892 -15.125001
v 7.4250021 9.97356892 -15.125001
v 0 9.84856987 -15.125
v 0 9.97356987 -15.125
v 0 10.0985699 -15.125
v -7.42500019 10.0985708 -15.249999
v -7.42500019 10.0985708 -15.124999
v -7.42500019 9.72357082 -15.124999
v -14.8500004 9.72357082 -15.249999
v -14.8500004 9.72357082 -15.124999
v -7.42500019 9.97357082 -15.124999
v -14.8500004 9.84857082 -15.124999
v -14.8500004 9.97357082 -15.124999
v 7.4250021 9.59856892 -15.125001
v 14.8500004 9.59856892 -15.250001
v 14.8500004 9.59856892 -15.125001
v 7.4250021 10.0985689 -15.125001
v 0 10.0985699 -15.25
v 0 10.0985699 -15.125
v 0 9.97356987 -15.125
v 7.4250021 9.97356892 -15.250001
v 7.4250021 9.97356892 -15.125001
v -7.42500019 9.84857082 -15.124999
v -14.8500004 9.72357082 -15.124999
v -14.8500004 9.84857082 -15.124999
v 0 9.84856987 -15.125
v -7.42500019 9.72357082 -15.124999
v -7.42500019 9.84857082 -15.124999
v 14.8500004 9.97356892 -15.125001
v 14.8500004 10.0985689 -15.250001
v 14.8500004 10.0985689 -15.125001
v 7.4250021 9.84856892 -15.125001
v 0 9.72356987 -15.125
v 0 9.84856987 -15.125
v 14.8500004 9.84856892 -15.125001
v 7.4250021 9.72356892 -15.125001
v 7.4250021 9.84856892 -15.125001
v 14.8500004 9.72356892 -15.250001
v 7.4250021 9.59856892 -15.250001
v 7.4250021 9.72356892 -15.250001
v 0 9.72356987 -15.25
v -7.42500019 9.59856987 -15.249999
v -7.42500019 9.72357082 -15.249999
v 7.4250021 10.0985689 -15.250001
v 0 9.97356987 -15.25
v 0 10.0985699 -15.25
v 14.8500004 10.0985689 -15.250001
v 7.4250021 9.97356892 -15.250001
v 7.4250021 10.0985689 -15.250001
v -7.42500019 10.0985708 -15.249999
v -14.8500004 9.97357082 -15.249999
v -14.8500004 10.0985708 -15.249999
v 0 10.0985699 -15.25
v -7.42500019 9.97357082 -15.249999
v -7.42500019 10.0985708 -15.249999
v -7.42500019 9.72357082 -15.249999
v -14.8500004 9.59857082 -15.249999
v -14.8500004 9.72357082 -15.249999
v 7.4250021 9.72356892 -15.250001
v 0 9.59856987 -15.25
v 0 9.72356987 -15.25
v -7.42500019 10.0985708 -15.124999
v -14.8500004 10.0985708 -15.249999
v -14.8500004 10.0985708 -15.124999
v -14.8500004 10.0985708 -15.124999
v -14.8500004 9.97357082 -15.249999
v -14.8500004 9.97357082 -15.124999
v 0 9.59856987 -15.125
v 7.4250021 9.59856892 -15.250001
v 7.4250021 9.59856892 -15.125001
v 14.8500004 9.59856892 -15.125001
v 14.8500004 9.72356892 -15.250001
v 14.8500004 9.72356892 -15.125001
v -7.42500019 9.59856987 -15.124999
v 0 9.59856987 -15.25
v 0 9.59856987 -15.125
v -14.8500004 9.97357082 -15.124999
v -7.42500019 9.97357082 -15.249999
v -7.42500019 9.97357082 -15.124999
v 7.4250021 9.72356892 -15.125001
v 0 9.72356987 -15.25
v 0 9.72356987 -15.125
v -14.8500004 9.59857082 -15.124999
v -7.42500019 9.59856987 -15.249999
v -7.42500019 9.59856987 -15.124999
v 14.8500004 10.0985689 -15.125001
v 7.4250021 10.0985689 -15.250001
v 7.4250021 10.0985689 -15.125001
v -7.42500019 9.97357082 -15.124999
v 0 9.97356987 -15.25
v 0 9.97356987 -15.125
v 14.8500004 9.72356892 -15.125001
v 7.4250021 9.72356892 -15.250001
v 7.4250021 9.72356892 -15.125001
v -14.8500004 9.72357082 -15.124999
v -14.8500004 9.59857082 -15.249999
v -14.8500004 9.59857082 -15.124999
v 14.8500004 9.59856892 -14.875001
v 7.4250021 9.59856892 -14.750001
v 7.4250021 9.59856892 -14.875001
v 0 9.72356987 -14.875
v -7.42500019 9.84857082 -14.874999
v -7.42500019 9.72357082 -14.874999
v 14.8500004 9.72356892 -14.875001
v 7.4250021 9.84856892 -14.875001
v 7.4250021 9.72356892 -14.875001
v 7.4250021 9.72356892 -14.875001
v 0 9.84856987 -14.875
v 0 9.72356987 -14.875
v -7.42500019 9.59856987 -14.874999
v -14.8500004 9.59857082 -14.749999
v -14.8500004 9.59857082 -14.874999
v 14.8500004 9.97356892 -14.875001
v 7.4250021 9.97356892 -14.750001
v 7.4250021 9.97356892 -14.875001
v -7.42500019 9.72357082 -14.874999
v -14.8500004 9.84857082 -14.874999
v -14.8500004 9.72357082 -14.874999
v -14.8500004 9.59857082 -14.874999
v -14.8500004 9.72357082 -14.749999
v -14.8500004 9.72357082 -14.874999
v -7.42500019 9.72357082 -14.874999
v 0 9.72356987 -14.75
v 0 9.72356987 -14.875
v -14.8500004 9.97357082 -14.874999
v -14.8500004 10.0985708 -14.749999
v -14.8500004 10.0985708 -14.874999
v -7.42500019 9.84857082 -14.874999
v -14.8500004 9.97357082 -14.874999
v -14.8500004 9.84857082 -14.874999
v 0 9.84856987 -14.875
v -7.42500019 9.97357082 -14.874999
v -7.42500019 9.84857082 -14.874999
v 7.4250021 9.97356892 -14.875001
v 0 9.97356987 -14.75
v 0 9.97356987 -14.875
v 7.4250021 9.84856892 -14.875001
v 0 9.97356987 -14.875
v 0 9.84856987 -14.875
v 14.8500004 9.84856892 -14.875001
v 7.4250021 9.97356892 -14.875001
v 7.4250021 9.84856892 -14.875001
v 14.8500004 9.97356892 -14.750001
v 7.4250021 10.0985689 -14.750001
v 7.4250021 9.97356892 -14.750001
v 0 9.97356987 -14.75
v -7.42500019 10.0985708 -14.749999
v -7.42500019 9.97357082 -14.749999
v 7.4250021 9.59856892 -14.750001
v 0 9.72356987 -14.75
v 0 9.59856987 -14.75
v 14.8500004 9.59856892 -14.750001
v 7.4250021 9.72356892 -14.750001
v 7.4250021 9.59856892 -14.750001
v -7.42500019 9.59856987 -14.749999
v -14.8500004 9.72357082 -14.749999
v -14.8500004 9.59857082 -14.749999
v 0 9.59856987 -14.75
v -7.42500019 9.72357082 -14.749999
v -7.42500019 9.59856987 -14.749999
v -7.42500019 9.97357082 -14.749999
v -14.8500004 10.0985708 -14.749999
v -14.8500004 9.97357082 -14.749999
v 7.4250021 9.97356892 -14.750001
v 0 10.0985699 -14.75
v 0 9.97356987 -14.75
v 0 9.72356987 -14.875
v 7.4250021 9.72356892 -14.750001
v 7.4250021 9.72356892 -14.875001
v 14.8500004 10.0985689 -14.875001
v 14.8500004 9.97356892 -14.750001
v 14.8500004 9.97356892 -14.875001
v 7.4250021 10.0985689 -14.875001
v 14.8500004 10.0985689 -14.750001
v 14.8500004 10.0985689 -14.875001
v -7.42500019 9.97357082 -14.874999
v -14.8500004 9.97357082 -14.749999
v -14.8500004 9.97357082 -14.874999
v 7.4250021 9.72356892 -14.875001
v 14.8500004 9.72356892 -14.750001
v 14.8500004 9.72356892 -14.875001
v -14.8500004 10.0985708 -14.874999
v -7.42500019 10.0985708 -14.749999
v -7.42500019 10.0985708 -14.874999
v 0 9.59856987 -14.875
v -7.42500019 9.59856987 -14.749999
v -7.42500019 9.59856987 -14.874999
v 0 9.97356987 -14.875
v -7.42500019 9.97357082 -14.749999
v -7.42500019 9.97357082 -14.874999
v 7.4250021 9.59856892 -14.875001
v 0 9.59856987 -14.75
v 0 9.59856987 -14.875
v 0 10.0985699 -14.875
v 7.4250021 10.0985689 -14.750001
v 7.4250021 10.0985689 -14.875001
v -7.42500019 10.0985708 -14.874999
v 0 10.0985699 -14.75
v 0 10.0985699 -14.875
v -14.8500004 9.72357082 -14.874999
v -7.42500019 9.72357082 -14.749999
v -7.42500019 9.72357082 -14.874999
v -7.54874992 9.59856987 -14.874999
v -7.67250061 9.59856987 -14.749999
v -7.54874992 9.59856987 -14.749999
v -7.54874992 9.59856987 -15.249999
v -7.30124903 9.59856987 -15.249999
v -7.30124903 7.22356892 -15.249999
v -7.30124903 4.84856892 -14.874999
v -7.17749977 2.47356892 -14.874999
v -7.30124903 2.47356892 -14.874999
v -7.30124903 9.59856987 -14.749999
v -7.54874992 9.59856987 -14.749999
v -7.54874992 7.22356892 -14.749999
v -7.30124903 0.0985689163 -14.874999
v -7.30124903 0.0985689163 -14.749999
v -7.54874992 0.0985689163 -14.749999
v -7.54874992 9.59856987 -14.874999
v -7.54874992 9.59856987 -14.749999
v -7.30124903 9.59856987 -14.749999
v -7.30124903 7.22356892 -15.124999
v -7.17749977 9.59856987 -15.124999
v -7.30124903 9.59856987 -15.124999
v -7.30124903 4.84856892 -15.124999
v -7.30124903 2.47356892 -14.999999
v -7.30124903 2.47356892 -15.124999
v -7.30124903 9.59856987 -15.124999
v -7.30124903 7.22356892 -14.999999
v -7.30124903 7.22356892 -15.124999
v -7.30124903 7.22356892 -15.124999
v -7.30124903 4.84856892 -14.999999
v -7.30124903 4.84856892 -15.124999
v -7.30124903 4.84856892 -15.249999
v -7.17749977 2.47356892 -15.249999
v -7.30124903 2.47356892 -15.249999
v -7.30124903 2.47356892 -14.874999
v -7.17749977 0.0985689163 -14.874999
v -7.30124903 0.0985689163 -14.874999
v -7.30124903 2.47356892 -15.124999
v -7.30124903 0.0985689163 -14.999999
v -7.30124903 0.0985689163 -15.124999
v -7.30124903 7.22356892 -14.749999
v -7.17749977 9.59856987 -14.749999
v -7.30124903 9.59856987 -14.749999
v -7.30124903 7.22356892 -15.249999
v -7.17749977 4.84856892 -15.249999
v -7.30124903 4.84856892 -15.249999
v -7.30124903 4.84856892 -15.124999
v -7.17749977 7.22356892 -15.124999
v -7.30124903 7.22356892 -15.124999
v -7.30124903 2.47356892 -14.999999
v -7.30124903 0.0985689163 -14.874999
v -7.30124903 0.0985689163 -14.999999
v -7.30124903 4.84856892 -14.999999
v -7.30124903 2.47356892 -14.874999
v -7.30124903 2.47356892 -14.999999
v -7.30124903 9.59856987 -15.124999
v -7.17749977 9.59856987 -15.249999
v -7.30124903 9.59856987 -15.249999
v -7.30124903 7.22356892 -14.999999
v -7.30124903 4.84856892 -14.874999
v -7.30124903 4.84856892 -14.999999
v -7.30124903 9.59856987 -14.999999
v -7.30124903 7.22356892 -14.874999
v -7.30124903 7.22356892 -14.999999
v -7.17749977 9.59856987 -14.874999
v -7.17749977 7.22356892 -14.749999
v -7.17749977 7.22356892 -14.874999
v -7.17749977 4.84856892 -14.874999
v -7.17749977 2.47356892 -14.749999
v -7.17749977 2.47356892 -14.874999
v -7.17749977 7.22356892 -15.249999
v -7.17749977 4.84856892 -15.124999
v -7.17749977 4.84856892 -15.249999
v -7.17749977 9.59856987 -15.249999
v -7.17749977 7.22356892 -15.124999
v -7.17749977 7.22356892 -15.249999
v -7.17749977 2.47356892 -15.249999
v -7.17749977 0.0985689163 -15.124999
v -7.17749977 0.0985689163 -15.249999
v -7.17749977 4.84856892 -15.249999
v -7.17749977 2.47356892 -15.124999
v -7.17749977 2.47356892 -15.249999
v -7.17749977 2.47356892 -14.874999
v -7.17749977 0.0985689163 -14.749999
v -7.17749977 0.0985689163 -14.874999
v -7.17749977 7.22356892 -14.874999
v -7.17749977 4.84856892 -14.749999
v -7.17749977 4.84856892 -14.874999
v -7.30124903 2.47356892 -15.249999
v -7.17749977 0.0985689163 -15.249999
v -7.30124903 0.0985689163 -15.249999
v -7.30124903 0.0985689163 -15.249999
v -7.17749977 0.0985689163 -15.124999
v -7.30124903 0.0985689163 -15.124999
v -7.30124903 4.84856892 -14.749999
v -7.17749977 7.22356892 -14.749999
v -7.30124903 7.22356892 -14.749999
v -7.30124903 9.59856987 -14.749999
v -7.17749977 9.59856987 -14.874999
v -7.30124903 9.59856987 -14.874999
v -7.30124903 2.47356892 -14.749999
v -7.17749977 4.84856892 -14.749999
v -7.30124903 4.84856892 -14.749999
v -7.30124903 0.0985689163 -15.124999
v -7.17749977 2.47356892 -15.124999
v -7.30124903 2.47356892 -15.124999
v -7.30124903 7.22356892 -14.874999
v -7.17749977 4.84856892 -14.874999
v -7.30124903 4.84856892 -14.874999
v -7.30124903 0.0985689163 -14.749999
v -7.17749977 2.47356892 -14.749999
v -7.30124903 2.47356892 -14.749999
v -7.30124903 9.59856987 -15.249999
v -7.17749977 7.22356892 -15.249999
v -7.30124903 7.22356892 -15.249999
v -7.30124903 2.47356892 -15.124999
v -7.17749977 4.84856892 -15.124999
v -7.30124903 4.84856892 -15.124999
v -7.30124903 9.59856987 -14.874999
v -7.17749977 7.22356892 -14.874999
v -7.30124903 7.22356892 -14.874999
v -7.30124903 0.0985689163 -14.874999
v -7.17749977 0.0985689163 -14.749999
v -7.30124903 0.0985689163 -14.749999
v -7.54874992 9.59856987 -14.749999
v -7.67250061 7.22356892 -14.749999
v -7.54874992 7.22356892 -14.749999
v -7.54874992 4.84856892 -14.874999
v -7.54874992 2.47356892 -14.999999
v -7.54874992 2.47356892 -14.874999
v -7.54874992 9.59856987 -14.874999
v -7.54874992 7.22356892 -14.999999
v -7.54874992 7.22356892 -14.874999
v -7.54874992 7.22356892 -14.874999
v -7.54874992 4.84856892 -14.999999
v -7.54874992 4.84856892 -14.874999
v -7.54874992 2.47356892 -14.749999
v -7.67250061 0.0985689163 -14.749999
v -7.54874992 0.0985689163 -14.749999
v -7.54874992 9.59856987 -15.124999
v -7.67250061 7.22356892 -15.124999
v -7.54874992 7.22356892 -15.124999
v -7.54874992 2.47356892 -14.874999
v -7.54874992 0.0985689163 -14.999999
v -7.54874992 0.0985689163 -14.874999
v -7.54874992 0.0985689163 -14.749999
v -7.67250061 0.0985689163 -14.874999
v -7.54874992 0.0985689163 -14.874999
v -7.54874992 2.47356892 -14.874999
v -7.67250061 4.84856892 -14.874999
v -7.54874992 4.84856892 -14.874999
v -7.54874992 0.0985689163 -15.124999
v -7.67250061 0.0985689163 -15.249999
v -7.54874992 0.0985689163 -15.249999
v -7.54874992 2.47356892 -14.999999
v -7.54874992 0.0985689163 -15.124999
v -7.54874992 0.0985689163 -14.999999
v -7.54874992 4.84856892 -14.999999
v -7.54874992 2.47356892 -15.124999
v -7.54874992 2.47356892 -14.999999
v -7.54874992 7.22356892 -15.124999
v -7.67250061 4.84856892 -15.124999
v -7.54874992 4.84856892 -15.124999
v -7.54874992 7.22356892 -14.999999
v -7.54874992 4.84856892 -15.124999
v -7.54874992 4.84856892 -14.999999
v -7.54874992 9.59856987 -14.999999
v -7.54874992 7.22356892 -15.124999
v -7.54874992 7.22356892 -14.999999
v -7.67250061 9.59856987 -15.124999
v -7.67250061 7.22356892 -15.249999
v -7.67250061 7.22356892 -15.124999
v -7.67250061 4.84856892 -15.124999
v -7.67250061 2.47356892 -15.249999
v -7.67250061 2.47356892 -15.124999
v -7.67250061 7.22356892 -14.749999
v -7.67250061 4.84856892 -14.874999
v -7.67250061 4.84856892 -14.749999
v -7.67250061 9.59856987 -14.749999
v -7.67250061 7.22356892 -14.874999
v -7.67250061 7.22356892 -14.749999
v -7.67250061 2.47356892 -14.749999
v -7.67250061 0.0985689163 -14.874999
v -7.67250061 0.0985689163 -14.749999
v -7.67250061 4.84856892 -14.749999
v -7.67250061 2.47356892 -14.874999
v -7.67250061 2.47356892 -14.749999
v -7.67250061 2.47356892 -15.124999
v -7.67250061 0.0985689163 -15.249999
v -7.67250061 0.0985689163 -15.124999
v -7.67250061 7.22356892 -15.124999
v -7.67250061 4.84856892 -15.249999
v -7.67250061 4.84856892 -15.124999
v -7.54874992 4.84856892 -14.874999
v -7.67250061 7.22356892 -14.874999
v -7.54874992 7.22356892 -14.874999
v -7.54874992 9.59856987 -15.249999
v -7.67250061 9.59856987 -15.124999
v -7.54874992 9.59856987 -15.124999
v -7.54874992 7.22356892 -15.249999
v -7.67250061 9.59856987 -15.249999
v -7.54874992 9.59856987 -15.249999
v -7.54874992 2.47356892 -15.124999
v -7.67250061 0.0985689163 -15.124999
v -7.54874992 0.0985689163 -15.124999
v -7.54874992 7.22356892 -14.874999
v -7.67250061 9.59856987 -14.874999
v -7.54874992 9.59856987 -14.874999
v -7.54874992 0.0985689163 -15.249999
v -7.67250061 2.47356892 -15.249999
v -7.54874992 2.47356892 -15.249999
v -7.54874992 4.84856892 -14.749999
v -7.67250061 2.47356892 -14.749999
v -7.54874992 2.47356892 -14.749999
v -7.54874992 4.84856892 -15.124999
v -7.67250061 2.47356892 -15.124999
v -7.54874992 2.47356892 -15.124999
v -7.54874992 7.22356892 -14.749999
v -7.67250061 4.84856892 -14.749999
v -7.54874992 4.84856892 -14.749999
v -7.54874992 4.84856892 -15.249999
v -7.67250061 7.22356892 -15.249999
v -7.54874992 7.22356892 -15.249999
v -7.54874992 2.47356892 -15.249999
v -7.67250061 4.84856892 -15.249999
v -7.54874992 4.84856892 -15.249999
v -7.54874992 0.0985689163 -14.874999
v -7.67250061 2.47356892 -14.874999
v -7.54874992 2.47356892 -14.874999
v 7.30124903 9.59856987 7.62499952
v 7.17749977 9.59856987 7.74999952
v 7.30124903 9.59856987 7.74999952
v 7.30124903 7.22357035 7.24999952
v 7.30124903 9.59856987 7.24999952
v 7.54874992 9.59856987 7.24999952
v 7.54874992 4.84857035 7.62499952
v 7.67250061 2.47357035 7.62499952
v 7.54874992 2.47357035 7.62499952
v 7.54874992 9.59856987 7.74999952
v 7.30124903 9.59856987 7.74999952
v 7.30124903 7.22357035 7.74999952
v 7.54874992 0.09856987 7.62499952
v 7.54874992 0.09856987 7.74999952
v 7.30124903 0.09856987 7.74999952
v 7.30124903 9.59856987 7.62499952
v 7.30124903 9.59856987 7.74999952
v 7.54874992 9.59856987 7.74999952
v 7.54874992 7.22357035 7.37499952
v 7.67250061 9.59856987 7.37499952
v 7.54874992 9.59856987 7.37499952
v 7.54874992 4.84857035 7.37499952
v 7.54874992 2.47357035 7.49999952
v 7.54874992 2.47357035 7.37499952
v 7.54874992 9.59856987 7.37499952
v 7.54874992 7.22357035 7.49999952
v 7.54874992 7.22357035 7.37499952
v 7.54874992 7.22357035 7.37499952
v 7.54874992 4.84857035 7.49999952
v 7.54874992 4.84857035 7.37499952
v 7.54874992 4.84857035 7.24999952
v 7.67250061 2.47357035 7.24999952
v 7.54874992 2.47357035 7.24999952
v 7.54874992 2.47357035 7.62499952
v 7.67250061 0.09856987 7.62499952
v 7.54874992 0.09856987 7.62499952
v 7.54874992 2.47357035 7.37499952
v 7.54874992 0.09856987 7.49999952
v 7.54874992 0.09856987 7.37499952
v 7.54874992 7.22357035 7.74999952
v 7.67250061 9.59856987 7.74999952
v 7.54874992 9.59856987 7.74999952
v 7.54874992 7.22357035 7.24999952
v 7.67250061 4.84857035 7.24999952
v 7.54874992 4.84857035 7.24999952
v 7.54874992 4.84857035 7.37499952
v 7.67250061 7.22357035 7.37499952
v 7.54874992 7.22357035 7.37499952
v 7.54874992 2.47357035 7.49999952
v 7.54874992 0.09856987 7.62499952
v 7.54874992 0.09856987 7.49999952
v 7.54874992 4.84857035 7.49999952
v 7.54874992 2.47357035 7.62499952
v 7.54874992 2.47357035 7.49999952
v 7.54874992 9.59856987 7.37499952
v 7.67250061 9.59856987 7.24999952
v 7.54874992 9.59856987 7.24999952
v 7.54874992 7.22357035 7.49999952
v 7.54874992 4.84857035 7.62499952
v 7.54874992 4.84857035 7.49999952
v 7.54874992 9.59856987 7.49999952
v 7.54874992 7.22357035 7.62499952
v 7.54874992 7.22357035 7.49999952
v 7.67250061 9.59856987 7.62499952
v 7.67250061 7.22357035 7.74999952
v 7.67250061 7.22357035 7.62499952
v 7.67250061 4.84857035 7.62499952
v 7.67250061 2.47357035 7.74999952
v 7.67250061 2.47357035 7.62499952
v 7.67250061 7.22357035 7.24999952
v 7.67250061 4.84857035 7.37499952
v 7.67250061 4.84857035 7.24999952
v 7.67250061 9.59856987 7.24999952
v 7.67250061 7.22357035 7.37499952
v 7.67250061 7.22357035 7.24999952
v 7.67250061 2.47357035 7.24999952
v 7.67250061 0.09856987 7.37499952
v 7.67250061 0.09856987 7.24999952
v 7.67250061 4.84857035 7.24999952
v 7.67250061 2.47357035 7.37499952
v 7.67250061 2.47357035 7.24999952
v 7.67250061 2.47357035 7.62499952
v 7.67250061 0.09856987 7.74999952
v 7.67250061 0.09856987 7.62499952
v 7.67250061 7.22357035 7.62499952
v 7.67250061 4.84857035 7.74999952
v 7.67250061 4.84857035 7.62499952
v 7.54874992 2.47357035 7.24999952
v 7.67250061 0.09856987 7.24999952
v 7.54874992 0.09856987 7.24999952
v 7.54874992 0.09856987 7.24999952
v 7.67250061 0.09856987 7.37499952
v 7.54874992 0.09856987 7.37499952
v 7.54874992 4.84857035 7.74999952
v 7.67250061 7.22357035 7.74999952
v 7.54874992 7.22357035 7.74999952
v 7.54874992 9.59856987 7.74999952
v 7.67250061 9.59856987 7.62499952
v 7.54874992 9.59856987 7.62499952
v 7.54874992 2.47357035 7.74999952
v 7.67250061 4.84857035 7.74999952
v 7.54874992 4.84857035 7.74999952
v 7.54874992 0.09856987 7.37499952
v 7.67250061 2.47357035 7.37499952
v 7.54874992 2.47357035 7.37499952
v 7.54874992 7.22357035 7.62499952
v 7.67250061 4.84857035 7.62499952
v 7.54874992 4.84857035 7.62499952
v 7.54874992 0.09856987 7.74999952
v 7.67250061 2.47357035 7.74999952
v 7.54874992 2.47357035 7.74999952
v 7.54874992 9.59856987 7.24999952
v 7.67250061 7.22357035 7.24999952
v 7.54874992 7.22357035 7.24999952
v 7.54874992 2.47357035 7.37499952
v 7.67250061 4.84857035 7.37499952
v 7.54874992 4.84857035 7.37499952
v 7.54874992 9.59856987 7.62499952
v 7.67250061 7.22357035 7.62499952
v 7.54874992 7.22357035 7.62499952
v 7.54874992 0.09856987 7.62499952
v 7.67250061 0.09856987 7.74999952
v 7.54874992 0.09856987 7.74999952
v 7.30124903 9.59856987 7.74999952
v 7.17749977 7.22357035 7.74999952
v 7.30124903 7.22357035 7.74999952
v 7.30124903 4.84857035 7.62499952
v 7.30124903 2.47357035 7.49999952
v 7.30124903 2.47357035 7.62499952
v 7.30124903 9.59856987 7.62499952
v 7.30124903 7.22357035 7.49999952
v 7.30124903 7.22357035 7.62499952
v 7.30124903 7.22357035 7.62499952
v 7.30124903 4.84857035 7.49999952
v 7.30124903 4.84857035 7.62499952
v 7.30124903 2.47357035 7.74999952
v 7.17749977 0.09856987 7.74999952
v 7.30124903 0.09856987 7.74999952
v 7.30124903 9.59856987 7.37499952
v 7.17749977 7.22357035 7.37499952
v 7.30124903 7.22357035 7.37499952
v 7.30124903 2.47357035 7.62499952
v 7.30124903 0.09856987 7.49999952
v 7.30124903 0.09856987 7.62499952
v 7.30124903 0.09856987 7.74999952
v 7.17749977 0.09856987 7.62499952
v 7.30124903 0.09856987 7.62499952
v 7.30124903 2.47357035 7.62499952
v 7.17749977 4.84857035 7.62499952
v 7.30124903 4.84857035 7.62499952
v 7.30124903 0.09856987 7.37499952
v 7.17749977 0.09856987 7.24999952
v 7.30124903 0.09856987 7.24999952
v 7.30124903 2.47357035 7.49999952
v 7.30124903 0.09856987 7.37499952
v 7.30124903 0.09856987 7.49999952
v 7.30124903 4.84857035 7.49999952
v 7.30124903 2.47357035 7.37499952
v 7.30124903 2.47357035 7.49999952
v 7.30124903 7.22357035 7.37499952
v 7.17749977 4.84857035 7.37499952
v 7.30124903 4.84857035 7.37499952
v 7.30124903 7.22357035 7.49999952
v 7.30124903 4.84857035 7.37499952
v 7.30124903 4.84857035 7.49999952
v 7.30124903 9.59856987 7.49999952
v 7.30124903 7.22357035 7.37499952
v 7.30124903 7.22357035 7.49999952
v 7.17749977 9.59856987 7.37499952
v 7.17749977 7.22357035 7.24999952
v 7.17749977 7.22357035 7.37499952
v 7.17749977 4.84857035 7.37499952
v 7.17749977 2.47357035 7.24999952
v 7.17749977 2.47357035 7.37499952
v 7.17749977 7.22357035 7.74999952
v 7.17749977 4.84857035 7.62499952
v 7.17749977 4.84857035 7.74999952
v 7.17749977 9.59856987 7.74999952
v 7.17749977 7.22357035 7.62499952
v 7.17749977 7.22357035 7.74999952
v 7.17749977 2.47357035 7.74999952
v 7.17749977 0.09856987 7.62499952
v 7.17749977 0.09856987 7.74999952
v 7.17749977 4.84857035 7.74999952
v 7.17749977 2.47357035 7.62499952
v 7.17749977 2.47357035 7.74999952
v 7.17749977 2.47357035 7.37499952
v 7.17749977 0.09856987 7.24999952
v 7.17749977 0.09856987 7.37499952
v 7.17749977 7.22357035 7.37499952
v 7.17749977 4.84857035 7.24999952
v 7.17749977 4.84857035 7.37499952
v 7.30124903 4.84857035 7.62499952
v 7.17749977 7.22357035 7.62499952
v 7.30124903 7.22357035 7.62499952
v 7.30124903 9.59856987 7.24999952
v 7.17749977 9.59856987 7.37499952
v 7.30124903 9.59856987 7.37499952
v 7.30124903 7.22357035 7.24999952
v 7.17749977 9.59856987 7.24999952
v 7.30124903 9.59856987 7.24999952
v 7.30124903 2.47357035 7.37499952
v 7.17749977 0.09856987 7.37499952
v 7.30124903 0.09856987 7.37499952
v 7.30124903 7.22357035 7.62499952
v 7.17749977 9.59856987 7.62499952
v 7.30124903 9.59856987 7.62499952
v 7.30124903 0.09856987 7.24999952
v 7.17749977 2.47357035 7.24999952
v 7.30124903 2.47357035 7.24999952
v 7.30124903 4.84857035 7.74999952
v 7.17749977 2.47357035 7.74999952
v 7.30124903 2.47357035 7.74999952
v 7.30124903 4.84857035 7.37499952
v 7.17749977 2.47357035 7.37499952
v 7.30124903 2.47357035 7.37499952
v 7.30124903 7.22357035 7.74999952
v 7.17749977 4.84857035 7.74999952
v 7.30124903 4.84857035 7.74999952
v 7.30124903 4.84857035 7.24999952
v 7.17749977 7.22357035 7.24999952
v 7.30124903 7.22357035 7.24999952
v 7.30124903 2.47357035 7.24999952
v 7.17749977 4.84857035 7.24999952
v 7.30124903 4.84857035 7.24999952
v 7.30124903 0.09856987 7.62499952
v 7.17749977 2.47357035 7.62499952
v 7.30124903 2.47357035 7.62499952
v 14.8500004 9.72356892 7.62499905
v 14.8500004 9.59856892 7.74999905
v 14.8500004 9.59856892 7.62499905
v 7.42500019 10.0985689 7.62499952
v 14.8500004 10.0985689 7.37499905
v 7.42500019 10.0985689 7.37499952
v 0 9.72356987 7.375
v -7.42500019 9.72357082 7.25000048
v -7.42500019 9.72357082 7.37500048
v 7.42500019 9.59856892 7.37499952
v 14.8500004 9.59856892 7.62499905
v 7.42500019 9.59856892 7.62499952
v -14.8500004 9.72357082 7.37500095
v -14.8500004 9.59857082 7.37500095
v -14.8500004 9.59857082 7.62500095
v 14.8500004 9.72356892 7.62499905
v 14.8500004 9.59856892 7.62499905
v 14.8500004 9.59856892 7.37499905
v 7.42500019 9.97356892 7.37499952
v 14.8500004 9.97356892 7.24999905
v 14.8500004 9.97356892 7.37499905
v 0 9.97356987 7.375
v -7.42500019 9.84857082 7.37500048
v -7.42500019 9.97357082 7.37500048
v 14.8500004 9.97356892 7.37499905
v 7.42500019 9.84856892 7.37499952
v 7.42500019 9.97356892 7.37499952
v 7.42500019 9.97356892 7.37499952
v 0 9.84856987 7.375
v 0 9.97356987 7.375
v 0 10.0985699 7.375
v -7.42500019 10.0985708 7.25000048
v -7.42500019 10.0985708 7.37500048
v -7.42500019 9.72357082 7.37500048
v -14.8500004 9.72357082 7.25000095
v -14.8500004 9.72357082 7.37500095
v -7.42500019 9.97357082 7.37500048
v -14.8500004 9.84857082 7.37500095
v -14.8500004 9.97357082 7.37500095
v 7.42500019 9.59856892 7.37499952
v 14.8500004 9.59856892 7.24999905
v 14.8500004 9.59856892 7.37499905
v 7.42500019 10.0985689 7.37499952
v 0 10.0985699 7.25
v 0 10.0985699 7.375
v 0 9.97356987 7.375
v 7.42500019 9.97356892 7.24999952
v 7.42500019 9.97356892 7.37499952
v -7.42500019 9.84857082 7.37500048
v -14.8500004 9.72357082 7.37500095
v -14.8500004 9.84857082 7.37500095
v 0 9.84856987 7.375
v -7.42500019 9.72357082 7.37500048
v -7.42500019 9.84857082 7.37500048
v 14.8500004 9.97356892 7.37499905
v 14.8500004 10.0985689 7.24999905
v 14.8500004 10.0985689 7.37499905
v 7.42500019 9.84856892 7.37499952
v 0 9.72356987 7.375
v 0 9.84856987 7.375
v 14.8500004 9.84856892 7.37499905
v 7.42500019 9.72356892 7.37499952
v 7.42500019 9.84856892 7.37499952
v 14.8500004 9.72356892 7.24999905
v 7.42500019 9.59856892 7.24999952
v 7.42500019 9.72356892 7.24999952
v 0 9.72356987 7.25
v -7.42500019 9.59856987 7.25000048
v -7.42500019 9.72357082 7.25000048
v 7.42500019 10.0985689 7.24999952
v 0 9.97356987 7.25
v 0 10.0985699 7.25
v 14.8500004 10.0985689 7.24999905
v 7.42500019 9.97356892 7.24999952
v 7.42500019 10.0985689 7.24999952
v -7.42500019 10.0985708 7.25000048
v -14.8500004 9.97357082 7.25000095
v -14.8500004 10.0985708 7.25000095
v 0 10.0985699 7.25
v -7.42500019 9.97357082 7.25000048
v -7.42500019 10.0985708 7.25000048
v -7.42500019 9.72357082 7.25000048
v -14.8500004 9.59857082 7.25000095
v -14.8500004 9.72357082 7.25000095
v 7.42500019 9.72356892 7.24999952
v 0 9.59856987 7.25
v 0 9.72356987 7.25
v -7.42500019 10.0985708 7.37500048
v -14.8500004 10.0985708 7.25000095
v -14.8500004 10.0985708 7.37500095
v -14.8500004 10.0985708 7.37500095
v -14.8500004 9.97357082 7.25000095
v -14.8500004 9.97357082 7.37500095
v 0 9.59856987 7.375
v 7.42500019 9.59856892 7.24999952
v 7.42500019 9.59856892 7.37499952
v 14.8500004 9.59856892 7.37499905
v 14.8500004 9.72356892 7.24999905
v 14.8500004 9.72356892 7.37499905
v -7.42500019 9.59856987 7.37500048
v 0 9.59856987 7.25
v 0 9.59856987 7.375
v -14.8500004 9.97357082 7.37500095
v -7.42500019 9.97357082 7.25000048
v -7.42500019 9.97357082 7.37500048
v 7.42500019 9.72356892 7.37499952
v 0 9.72356987 7.25
v 0 9.72356987 7.375
v -14.8500004 9.59857082 7.37500095
v -7.42500019 9.59856987 7.25000048
v -7.42500019 9.59856987 7.37500048
v 14.8500004 10.0985689 7.37499905
v 7.42500019 10.0985689 7.24999952
v 7.42500019 10.0985689 7.37499952
v -7.42500019 9.97357082 7.37500048
v 0 9.97356987 7.25
v 0 9.97356987 7.375
v 14.8500004 9.72356892 7.37499905
v 7.42500019 9.72356892 7.24999952
v 7.42500019 9.72356892 7.37499952
v -14.8500004 9.72357082 7.37500095
v -14.8500004 9.59857082 7.25000095
v -14.8500004 9.59857082 7.37500095
v 14.8500004 9.59856892 7.62499905
v 7.42500019 9.59856892 7.74999952
v 7.42500019 9.59856892 7.62499952
v 0 9.72356987 7.625
v -7.42500019 9.84857082 7.62500048
v -7.42500019 9.72357082 7.62500048
v 14.8500004 9.72356892 7.62499905
v 7.42500019 9.84856892 7.62499952
v 7.42500019 9.72356892 7.62499952
v 7.42500019 9.72356892 7.62499952
v 0 9.84856987 7.625
v 0 9.72356987 7.625
v -7.42500019 9.59856987 7.62500048
v -14.8500004 9.59857082 7.75000095
v -14.8500004 9.59857082 7.62500095
v 14.8500004 9.97356892 7.62499905
v 7.42500019 9.97356892 7.74999952
v 7.42500019 9.97356892 7.62499952
v -7.42500019 9.72357082 7.62500048
v -14.8500004 9.84857082 7.62500095
v -14.8500004 9.72357082 7.62500095
v -14.8500004 9.59857082 7.62500095
v -14.8500004 9.72357082 7.75000095
v -14.8500004 9.72357082 7.62500095
v -7.42500019 9.72357082 7.62500048
v 0 9.72356987 7.75
v 0 9.72356987 7.625
v -14.8500004 9.97357082 7.62500095
v -14.8500004 10.0985708 7.75000095
v -14.8500004 10.0985708 7.62500095
v -7.42500019 9.84857082 7.62500048
v -14.8500004 9.97357082 7.62500095
v -14.8500004 9.84857082 7.62500095
v 0 9.84856987 7.625
v -7.42500019 9.97357082 7.62500048
v -7.42500019 9.84857082 7.62500048
v 7.42500019 9.97356892 7.62499952
v 0 9.97356987 7.75
v 0 9.97356987 7.625
v 7.42500019 9.84856892 7.62499952
v 0 9.97356987 7.625
v 0 9.84856987 7.625
v 14.8500004 9.84856892 7.62499905
v 7.42500019 9.97356892 7.62499952
v 7.42500019 9.84856892 7.62499952
v 14.8500004 9.97356892 7.74999905
v 7.42500019 10.0985689 7.74999952
v 7.42500019 9.97356892 7.74999952
v 0 9.97356987 7.75
v -7.42500019 10.0985708 7.75000048
v -7.42500019 9.97357082 7.75000048
v 7.42500019 9.59856892 7.74999952
v 0 9.72356987 7.75
v 0 9.59856987 7.75
v 14.8500004 9.59856892 7.74999905
v 7.42500019 9.72356892 7.74999952
v 7.42500019 9.59856892 7.74999952
v -7.42500019 9.59856987 7.75000048
v -14.8500004 9.72357082 7.75000095
v -14.8500004 9.59857082 7.75000095
v 0 9.59856987 7.75
v -7.42500019 9.72357082 7.75000048
v -7.42500019 9.59856987 7.75000048
v -7.42500019 9.97357082 7.75000048
v -14.8500004 10.0985708 7.75000095
v -14.8500004 9.97357082 7.75000095
v 7.42500019 9.97356892 7.74999952
v 0 10.0985699 7.75
v 0 9.97356987 7.75
v 0 9.72356987 7.625
v 7.42500019 9.72356892 7.74999952
v 7.42500019 9.72356892 7.62499952
v 14.8500004 10.0985689 7.62499905
v 14.8500004 9.97356892 7.74999905
v 14.8500004 9.97356892 7.62499905
v 7.42500019 10.0985689 7.62499952
v 14.8500004 10.0985689 7.74999905
v 14.8500004 10.0985689 7.62499905
v -7.42500019 9.97357082 7.62500048
v -14.8500004 9.97357082 7.75000095
v -14.8500004 9.97357082 7.62500095
v 7.42500019 9.72356892 7.62499952
v 14.8500004 9.72356892 7.74999905
v 14.8500004 9.72356892 7.62499905
v -14.8500004 10.0985708 7.62500095
v -7.42500019 10.0985708 7.75000048
v -7.42500019 10.0985708 7.62500048
v 0 9.59856987 7.625
v -7.42500019 9.59856987 7.75000048
v -7.42500019 9.59856987 7.62500048
v 0 9.97356987 7.625
v -7.42500019 9.97357082 7.75000048
v -7.42500019 9.97357082 7.62500048
v 7.42500019 9.59856892 7.62499952
v 0 9.59856987 7.75
v 0 9.59856987 7.625
v 0 10.0985699 7.625
v 7.42500019 10.0985689 7.74999952
v 7.42500019 10.0985689 7.62499952
v -7.42500019 10.0985708 7.62500048
v 0 10.0985699 7.75
v 0 10.0985699 7.625
v -14.8500004 9.72357082 7.62500095
v -7.42500019 9.72357082 7.75000048
v -7.42500019 9.72357082 7.62500048
v -7.54874992 9.59856987 7.62500048
v -7.67250061 9.59856987 7.75000048
v -7.54874992 9.59856987 7.75000048
v -7.54874992 9.59856987 7.25000048
v -7.30125093 9.59856987 7.25000048
v -7.30125093 7.22356892 7.25000048
v -7.30125093 4.84856892 7.62500048
v -7.17749977 2.47356892 7.62500048
v -7.30125093 2.47356892 7.62500048
v -7.30125093 7.22356892 7.75000048
v -7.54874992 9.59856987 7.75000048
v -7.54874992 7.22356892 7.75000048
v -7.30124903 0.0985689163 7.62500048
v -7.30124903 0.0985689163 7.75000048
v -7.54874992 0.0985689163 7.75000048
v -7.54874992 9.59856987 7.62500048
v -7.54874992 9.59856987 7.75000048
v -7.30125093 9.59856987 7.75000048
v -7.30125093 7.22356892 7.37500048
v -7.1775012 9.59856987 7.37500048
v -7.30125093 9.59856987 7.37500048
v -7.30125093 4.84856892 7.37500048
v -7.30125093 2.47356892 7.50000048
v -7.30125093 2.47356892 7.37500048
v -7.30125093 9.59856987 7.37500048
v -7.30125093 7.22356892 7.50000048
v -7.30125093 7.22356892 7.37500048
v -7.30125093 7.22356892 7.37500048
v -7.30125093 4.84856892 7.50000048
v -7.30125093 4.84856892 7.37500048
v -7.30125093 4.84856892 7.25000048
v -7.17749977 2.47356892 7.25000048
v -7.30124903 2.47356892 7.25000048
v -7.30125093 2.47356892 7.62500048
v -7.17749977 0.0985689163 7.62500048
v -7.30124903 0.0985689163 7.62500048
v -7.30125093 2.47356892 7.37500048
v -7.30124903 0.0985689163 7.50000048
v -7.30124903 0.0985689163 7.37500048
v -7.30125093 7.22356892 7.75000048
v -7.1775012 9.59856987 7.75000048
v -7.30125093 9.59856987 7.75000048
v -7.30125093 7.22356892 7.25000048
v -7.17749977 4.84856892 7.25000048
v -7.30125093 4.84856892 7.25000048
v -7.30125093 4.84856892 7.37500048
v -7.1775012 7.22356892 7.37500048
v -7.30125093 7.22356892 7.37500048
v -7.30125093 2.47356892 7.50000048
v -7.30124903 0.0985689163 7.62500048
v -7.30124903 0.0985689163 7.50000048
v -7.30125093 4.84856892 7.50000048
v -7.30125093 2.47356892 7.62500048
v -7.30125093 2.47356892 7.50000048
v -7.30125093 9.59856987 7.37500048
v -7.1775012 9.59856987 7.25000048
v -7.30125093 9.59856987 7.25000048
v -7.30125093 7.22356892 7.50000048
v -7.30125093 4.84856892 7.62500048
v -7.30125093 4.84856892 7.50000048
v -7.30125093 9.59856987 7.50000048
v -7.30125093 7.22356892 7.62500048
v -7.30125093 7.22356892 7.50000048
v -7.1775012 9.59856987 7.62500048
v -7.1775012 7.22356892 7.75000048
v -7.1775012 7.22356892 7.62500048
v -7.17749977 4.84856892 7.62500048
v -7.17749977 2.47356892 7.75000048
v -7.17749977 2.47356892 7.62500048
v -7.1775012 7.22356892 7.25000048
v -7.17749977 4.84856892 7.37500048
v -7.17749977 4.84856892 7.25000048
v -7.1775012 9.59856987 7.25000048
v -7.1775012 7.22356892 7.37500048
v -7.1775012 7.22356892 7.25000048
v -7.17749977 2.47356892 7.25000048
v -7.17749977 0.0985689163 7.37500048
v -7.17749977 0.0985689163 7.25000048
v -7.17749977 4.84856892 7.25000048
v -7.17749977 2.47356892 7.37500048
v -7.17749977 2.47356892 7.25000048
v -7.17749977 2.47356892 7.62500048
v -7.17749977 0.0985689163 7.75000048
v -7.17749977 0.0985689163 7.62500048
v -7.1775012 7.22356892 7.62500048
v -7.17749977 4.84856892 7.75000048
v -7.17749977 4.84856892 7.62500048
v -7.30124903 2.47356892 7.25000048
v -7.17749977 0.0985689163 7.25000048
v -7.30124903 0.0985689163 7.25000048
v -7.30124903 0.0985689163 7.25000048
v -7.17749977 0.0985689163 7.37500048
v -7.30124903 0.0985689163 7.37500048
v -7.30125093 4.84856892 7.75000048
v -7.1775012 7.22356892 7.75000048
v -7.30125093 7.22356892 7.75000048
v -7.30125093 9.59856987 7.75000048
v -7.1775012 9.59856987 7.62500048
v -7.30125093 9.59856987 7.62500048
v -7.30125093 2.47356892 7.75000048
v -7.17749977 4.84856892 7.75000048
v -7.30125093 4.84856892 7.75000048
v -7.30124903 0.0985689163 7.37500048
v -7.17749977 2.47356892 7.37500048
v -7.30125093 2.47356892 7.37500048
v -7.30125093 7.22356892 7.62500048
v -7.17749977 4.84856892 7.62500048
v -7.30125093 4.84856892 7.62500048
v -7.30124903 0.0985689163 7.75000048
v -7.17749977 2.47356892 7.75000048
v -7.30125093 2.47356892 7.75000048
v -7.30125093 9.59856987 7.25000048
v -7.1775012 7.22356892 7.25000048
v -7.30125093 7.22356892 7.25000048
v -7.30125093 2.47356892 7.37500048
v -7.17749977 4.84856892 7.37500048
v -7.30125093 4.84856892 7.37500048
v -7.30125093 9.59856987 7.62500048
v -7.1775012 7.22356892 7.62500048
v -7.30125093 7.22356892 7.62500048
v -7.30124903 0.0985689163 7.62500048
v -7.17749977 0.0985689163 7.75000048
v -7.30124903 0.0985689163 7.75000048
v -7.54874992 9.59856987 7.75000048
v -7.67250061 7.22356892 7.75000048
v -7.54874992 7.22356892 7.75000048
v -7.54874992 4.84856892 7.62500048
v -7.54874992 2.47356892 7.50000048
v -7.54874992 2.47356892 7.62500048
v -7.54874992 9.59856987 7.62500048
v -7.54874992 7.22356892 7.50000048
v -7.54874992 7.22356892 7.62500048
v -7.54874992 7.22356892 7.62500048
v -7.54874992 4.84856892 7.50000048
v -7.54874992 4.84856892 7.62500048
v -7.54874992 2.47356892 7.75000048
v -7.67250061 0.0985689163 7.75000048
v -7.54874992 0.0985689163 7.75000048
v -7.54874992 9.59856987 7.37500048
v -7.67250061 7.22356892 7.37500048
v -7.54874992 7.22356892 7.37500048
v -7.54874992 2.47356892 7.62500048
v -7.54874992 0.0985689163 7.50000048
v -7.54874992 0.0985689163 7.62500048
v -7.54874992 0.0985689163 7.75000048
v -7.67250061 0.0985689163 7.62500048
v -7.54874992 0.0985689163 7.62500048
v -7.54874992 2.47356892 7.62500048
v -7.67250061 4.84856892 7.62500048
v -7.54874992 4.84856892 7.62500048
v -7.54874992 0.0985689163 7.37500048
v -7.67250061 0.0985689163 7.25000048
v -7.54874992 0.0985689163 7.25000048
v -7.54874992 2.47356892 7.50000048
v -7.54874992 0.0985689163 7.37500048
v -7.54874992 0.0985689163 7.50000048
v -7.54874992 4.84856892 7.50000048
v -7.54874992 2.47356892 7.37500048
v -7.54874992 2.47356892 7.50000048
v -7.54874992 7.22356892 7.37500048
v -7.67250061 4.84856892 7.37500048
v -7.54874992 4.84856892 7.37500048
v -7.54874992 7.22356892 7.50000048
v -7.54874992 4.84856892 7.37500048
v -7.54874992 4.84856892 7.50000048
v -7.54874992 9.59856987 7.50000048
v -7.54874992 7.22356892 7.37500048
v -7.54874992 7.22356892 7.50000048
v -7.67250061 9.59856987 7.37500048
v -7.67250061 7.22356892 7.25000048
v -7.67250061 7.22356892 7.37500048
v -7.67250061 4.84856892 7.37500048
v -7.67250061 2.47356892 7.25000048
v -7.67250061 2.47356892 7.37500048
v -7.67250061 7.22356892 7.75000048
v -7.67250061 4.84856892 7.62500048
v -7.67250061 4.84856892 7.75000048
v -7.67250061 9.59856987 7.75000048
v -7.67250061 7.22356892 7.62500048
v -7.67250061 7.22356892 7.75000048
v -7.67250061 2.47356892 7.75000048
v -7.67250061 0.0985689163 7.62500048
v -7.67250061 0.0985689163 7.75000048
v -7.67250061 4.84856892 7.75000048
v -7.67250061 2.47356892 7.62500048
v -7.67250061 2.47356892 7.75000048
v -7.67250061 2.47356892 7.37500048
v -7.67250061 0.0985689163 7.25000048
v -7.67250061 0.0985689163 7.37500048
v -7.67250061 7.22356892 7.37500048
v -7.67250061 4.84856892 7.25000048
v -7.67250061 4.84856892 7.37500048
v -7.54874992 4.84856892 7.62500048
v -7.67250061 7.22356892 7.62500048
v -7.54874992 7.22356892 7.62500048
v -7.54874992 9.59856987 7.25000048
v -7.67250061 9.59856987 7.37500048
v -7.54874992 9.59856987 7.37500048
v -7.54874992 7.22356892 7.25000048
v -7.67250061 9.59856987 7.25000048
v -7.54874992 9.59856987 7.25000048
v -7.54874992 2.47356892 7.37500048
v -7.67250061 0.0985689163 7.37500048
v -7.54874992 0.0985689163 7.37500048
v -7.54874992 7.22356892 7.62500048
v -7.67250061 9.59856987 7.62500048
v -7.54874992 9.59856987 7.62500048
v -7.54874992 0.0985689163 7.25000048
v -7.67250061 2.47356892 7.25000048
v -7.54874992 2.47356892 7.25000048
v -7.54874992 4.84856892 7.75000048
v -7.67250061 2.47356892 7.75000048
v -7.54874992 2.47356892 7.75000048
v -7.54874992 4.84856892 7.37500048
v -7.67250061 2.47356892 7.37500048
v -7.54874992 2.47356892 7.37500048
v -7.54874992 7.22356892 7.75000048
v -7.67250061 4.84856892 7.75000048
v -7.54874992 4.84856892 7.75000048
v -7.54874992 4.84856892 7.25000048
v -7.67250061 7.22356892 7.25000048
v -7.54874992 7.22356892 7.25000048
v -7.54874992 2.47356892 7.25000048
v -7.67250061 4.84856892 7.25000048
v -7.54874992 4.84856892 7.25000048
v -7.54874992 0.0985689163 7.62500048
v -7.67250061 2.47356892 7.62500048
v -7.54874992 2.47356892 7.62500048
v 7.30124903 9.59856987 15.124999
v 7.17749977 9.59856987 15.249999
v 7.30124903 9.59856987 15.249999
v 7.30124903 7.22357035 14.749999
v 7.30124903 9.59856987 14.749999
v 7.54874992 9.59856987 14.749999
v 7.54874992 4.84857035 15.124999
v 7.67250061 2.47357035 15.124999
v 7.54874992 2.47357035 15.124999
v 7.54874992 9.59856987 15.249999
v 7.30124903 9.59856987 15.249999
v 7.30124903 7.22357035 15.249999
v 7.54874992 0.09856987 15.124999
v 7.54874992 0.09856987 15.249999
v 7.30124903 0.09856987 15.249999
v 7.30124903 9.59856987 15.124999
v 7.30124903 9.59856987 15.249999
v 7.54874992 9.59856987 15.249999
v 7.54874992 7.22357035 14.874999
v 7.67250061 9.59856987 14.874999
v 7.54874992 9.59856987 14.874999
v 7.54874992 4.84857035 14.874999
v 7.54874992 2.47357035 14.999999
v 7.54874992 2.47357035 14.874999
v 7.54874992 9.59856987 14.874999
v 7.54874992 7.22357035 14.999999
v 7.54874992 7.22357035 14.874999
v 7.54874992 7.22357035 14.874999
v 7.54874992 4.84857035 14.999999
v 7.54874992 4.84857035 14.874999
v 7.54874992 4.84857035 14.749999
v 7.67250061 2.47357035 14.749999
v 7.54874992 2.47357035 14.749999
v 7.54874992 2.47357035 15.124999
v 7.67250061 0.09856987 15.124999
v 7.54874992 0.09856987 15.124999
v 7.54874992 2.47357035 14.874999
v 7.54874992 0.09856987 14.999999
v 7.54874992 0.09856987 14.874999
v 7.54874992 7.22357035 15.249999
v 7.67250061 9.59856987 15.249999
v 7.54874992 9.59856987 15.249999
v 7.54874992 7.22357035 14.749999
v 7.67250061 4.84857035 14.749999
v 7.54874992 4.84857035 14.749999
v 7.54874992 4.84857035 14.874999
v 7.67250061 7.22357035 14.874999
v 7.54874992 7.22357035 14.874999
v 7.54874992 2.47357035 14.999999
v 7.54874992 0.09856987 15.124999
v 7.54874992 0.09856987 14.999999
v 7.54874992 4.84857035 14.999999
v 7.54874992 2.47357035 15.124999
v 7.54874992 2.47357035 14.999999
v 7.54874992 9.59856987 14.874999
v 7.67250061 9.59856987 14.749999
v 7.54874992 9.59856987 14.749999
v 7.54874992 7.22357035 14.999999
v 7.54874992 4.84857035 15.124999
v 7.54874992 4.84857035 14.999999
v 7.54874992 9.59856987 14.999999
v 7.54874992 7.22357035 15.124999
v 7.54874992 7.22357035 14.999999
v 7.67250061 9.59856987 15.124999
v 7.67250061 7.22357035 15.249999
v 7.67250061 7.22357035 15.124999
v 7.67250061 4.84857035 15.124999
v 7.67250061 2.47357035 15.249999
v 7.67250061 2.47357035 15.124999
v 7.67250061 7.22357035 14.749999
v 7.67250061 4.84857035 14.874999
v 7.67250061 4.84857035 14.749999
v 7.67250061 9.59856987 14.749999
v 7.67250061 7.22357035 14.874999
v 7.67250061 7.22357035 14.749999
v 7.67250061 2.47357035 14.749999
v 7.67250061 0.09856987 14.874999
v 7.67250061 0.09856987 14.749999
v 7.67250061 4.84857035 14.749999
v 7.67250061 2.47357035 14.874999
v 7.67250061 2.47357035 14.749999
v 7.67250061 2.47357035 15.124999
v 7.67250061 0.09856987 15.249999
v 7.67250061 0.09856987 15.124999
v 7.67250061 7.22357035 15.124999
v 7.67250061 4.84857035 15.249999
v 7.67250061 4.84857035 15.124999
v 7.54874992 2.47357035 14.749999
v 7.67250061 0.09856987 14.749999
v 7.54874992 0.09856987 14.749999
v 7.54874992 0.09856987 14.749999
v 7.67250061 0.09856987 14.874999
v 7.54874992 0.09856987 14.874999
v 7.54874992 4.84857035 15.249999
v 7.67250061 7.22357035 15.249999
v 7.54874992 7.22357035 15.249999
v 7.54874992 9.59856987 15.249999
v 7.67250061 9.59856987 15.124999
v 7.54874992 9.59856987 15.124999
v 7.54874992 2.47357035 15.249999
v 7.67250061 4.84857035 15.249999
v 7.54874992 4.84857035 15.249999
v 7.54874992 0.09856987 14.874999
v 7.67250061 2.47357035 14.874999
v 7.54874992 2.47357035 14.874999
v 7.54874992 7.22357035 15.124999
v 7.67250061 4.84857035 15.124999
v 7.54874992 4.84857035 15.124999
v 7.54874992 0.09856987 15.249999
v 7.67250061 2.47357035 15.249999
v 7.54874992 2.47357035 15.249999
v 7.54874992 9.59856987 14.749999
v 7.67250061 7.22357035 14.749999
v 7.54874992 7.22357035 14.749999
v 7.54874992 2.47357035 14.874999
v 7.67250061 4.84857035 14.874999
v 7.54874992 4.84857035 14.874999
v 7.54874992 9.59856987 15.124999
v 7.67250061 7.22357035 15.124999
v 7.54874992 7.22357035 15.124999
v 7.54874992 0.09856987 15.124999
v 7.67250061 0.09856987 15.249999
v 7.54874992 0.09856987 15.249999
v 7.30124903 9.59856987 15.249999
v 7.17749977 7.22357035 15.249999
v 7.30124903 7.22357035 15.249999
v 7.30124903 4.84857035 15.124999
v 7.30124903 2.47357035 14.999999
v 7.30124903 2.47357035 15.124999
v 7.30124903 9.59856987 15.124999
v 7.30124903 7.22357035 14.999999
v 7.30124903 7.22357035 15.124999
v 7.30124903 7.22357035 15.124999
v 7.30124903 4.84857035 14.999999
v 7.30124903 4.84857035 15.124999
v 7.30124903 2.47357035 15.249999
v 7.17749977 0.09856987 15.249999
v 7.30124903 0.09856987 15.249999
v 7.30124903 9.59856987 14.874999
v 7.17749977 7.22357035 14.874999
v 7.30124903 7.22357035 14.874999
v 7.30124903 2.47357035 15.124999
v 7.30124903 0.09856987 14.999999
v 7.30124903 0.09856987 15.124999
v 7.30124903 0.09856987 15.249999
v 7.17749977 0.09856987 15.124999
v 7.30124903 0.09856987 15.124999
v 7.30124903 2.47357035 15.124999
v 7.17749977 4.84857035 15.124999
v 7.30124903 4.84857035 15.124999
v 7.30124903 0.09856987 14.874999
v 7.17749977 0.09856987 14.749999
v 7.30124903 0.09856987 14.749999
v 7.30124903 2.47357035 14.999999
v 7.30124903 0.09856987 14.874999
v 7.30124903 0.09856987 14.999999
v 7.30124903 4.84857035 14.999999
v 7.30124903 2.47357035 14.874999
v 7.30124903 2.47357035 14.999999
v 7.30124903 7.22357035 14.874999
v 7.17749977 4.84857035 14.874999
v 7.30124903 4.84857035 14.874999
v 7.30124903 7.22357035 14.999999
v 7.30124903 4.84857035 14.874999
v 7.30124903 4.84857035 14.999999
v 7.30124903 9.59856987 14.999999
v 7.30124903 7.22357035 14.874999
v 7.30124903 7.22357035 14.999999
v 7.17749977 9.59856987 14.874999
v 7.17749977 7.22357035 14.749999
v 7.17749977 7.22357035 14.874999
v 7.17749977 4.84857035 14.874999
v 7.17749977 2.47357035 14.749999
v 7.17749977 2.47357035 14.874999
v 7.17749977 7.22357035 15.249999
v 7.17749977 4.84857035 15.124999
v 7.17749977 4.84857035 15.249999
v 7.17749977 9.59856987 15.249999
v 7.17749977 7.22357035 15.124999
v 7.17749977 7.22357035 15.249999
v 7.17749977 2.47357035 15.249999
v 7.17749977 0.09856987 15.124999
v 7.17749977 0.09856987 15.249999
v 7.17749977 4.84857035 15.249999
v 7.17749977 2.47357035 15.124999
v 7.17749977 2.47357035 15.249999
v 7.17749977 2.47357035 14.874999
v 7.17749977 0.09856987 14.749999
v 7.17749977 0.09856987 14.874999
v 7.17749977 7.22357035 14.874999
v 7.17749977 4.84857035 14.749999
v 7.17749977 4.84857035 14.874999
v 7.30124903 4.84857035 15.124999
v 7.17749977 7.22357035 15.124999
v 7.30124903 7.22357035 15.124999
v 7.30124903 9.59856987 14.749999
v 7.17749977 9.59856987 14.874999
v 7.30124903 9.59856987 14.874999
v 7.30124903 7.22357035 14.749999
v 7.17749977 9.59856987 14.749999
v 7.30124903 9.59856987 14.749999
v 7.30124903 2.47357035 14.874999
v 7.17749977 0.09856987 14.874999
v 7.30124903 0.09856987 14.874999
v 7.30124903 7.22357035 15.124999
v 7.17749977 9.59856987 15.124999
v 7.30124903 9.59856987 15.124999
v 7.30124903 0.09856987 14.749999
v 7.17749977 2.47357035 14.749999
v 7.30124903 2.47357035 14.749999
v 7.30124903 4.84857035 15.249999
v 7.17749977 2.47357035 15.249999
v 7.30124903 2.47357035 15.249999
v 7.30124903 4.84857035 14.874999
v 7.17749977 2.47357035 14.874999
v 7.30124903 2.47357035 14.874999
v 7.30124903 7.22357035 15.249999
v 7.17749977 4.84857035 15.249999
v 7.30124903 4.84857035 15.249999
v 7.30124903 4.84857035 14.749999
v 7.17749977 7.22357035 14.749999
v 7.30124903 7.22357035 14.749999
v 7.30124903 2.47357035 14.749999
v 7.17749977 4.84857035 14.749999
v 7.30124903 4.84857035 14.749999
v 7.30124903 0.09856987 15.124999
v 7.17749977 2.47357035 15.124999
v 7.30124903 2.47357035 15.124999
v 14.8500004 9.72356892 15.124999
v 14.8500004 9.59856892 15.249999
v 14.8500004 9.59856892 15.124999
v 7.42500019 10.0985689 15.124999
v 14.8500004 10.0985689 14.874999
v 7.42500019 10.0985689 14.874999
v 0 9.72356987 14.875
v -7.4250021 9.72357082 14.750001
v -7.4250021 9.72357082 14.875001
v 7.42500019 9.59856892 14.874999
v 14.8500004 9.59856892 15.124999
v 7.42500019 9.59856892 15.124999
v -14.8500004 9.72357082 14.875001
v -14.8500004 9.59857082 14.875001
v -14.8500004 9.59857082 15.125001
v 14.8500004 9.72356892 15.124999
v 14.8500004 9.59856892 15.124999
v 14.8500004 9.59856892 14.874999
v 7.42500019 9.97356892 14.874999
v 14.8500004 9.97356892 14.749999
v 14.8500004 9.97356892 14.874999
v 0 9.97356987 14.875
v -7.4250021 9.84857082 14.875001
v -7.4250021 9.97357082 14.875001
v 14.8500004 9.97356892 14.874999
v 7.42500019 9.84856892 14.874999
v 7.42500019 9.97356892 14.874999
v 7.42500019 9.97356892 14.874999
v 0 9.84856987 14.875
v 0 9.97356987 14.875
v 0 10.0985699 14.875
v -7.4250021 10.0985708 14.750001
v -7.4250021 10.0985708 14.875001
v -7.4250021 9.72357082 14.875001
v -14.8500004 9.72357082 14.750001
v -14.8500004 9.72357082 14.875001
v -7.4250021 9.97357082 14.875001
v -14.8500004 9.84857082 14.875001
v -14.8500004 9.97357082 14.875001
v 7.42500019 9.59856892 14.874999
v 14.8500004 9.59856892 14.749999
v 14.8500004 9.59856892 14.874999
v 7.42500019 10.0985689 14.874999
v 0 10.0985699 14.75
v 0 10.0985699 14.875
v 0 9.97356987 14.875
v 7.42500019 9.97356892 14.749999
v 7.42500019 9.97356892 14.874999
v -7.4250021 9.84857082 14.875001
v -14.8500004 9.72357082 14.875001
v -14.8500004 9.84857082 14.875001
v 0 9.84856987 14.875
v -7.4250021 9.72357082 14.875001
v -7.4250021 9.84857082 14.875001
v 14.8500004 9.97356892 14.874999
v 14.8500004 10.0985689 14.749999
v 14.8500004 10.0985689 14.874999
v 7.42500019 9.84856892 14.874999
v 0 9.72356987 14.875
v 0 9.84856987 14.875
v 14.8500004 9.84856892 14.874999
v 7.42500019 9.72356892 14.874999
v 7.42500019 9.84856892 14.874999
v 14.8500004 9.72356892 14.749999
v 7.42500019 9.59856892 14.749999
v 7.42500019 9.72356892 14.749999
v 0 9.72356987 14.75
v -7.4250021 9.59856987 14.750001
v -7.4250021 9.72357082 14.750001
v 7.42500019 10.0985689 14.749999
v 0 9.97356987 14.75
v 0 10.0985699 14.75
v 14.8500004 10.0985689 14.749999
v 7.42500019 9.97356892 14.749999
v 7.42500019 10.0985689 14.749999
v -7.4250021 10.0985708 14.750001
v -14.8500004 9.97357082 14.750001
v -14.8500004 10.0985708 14.750001
v 0 10.0985699 14.75
v -7.4250021 9.97357082 14.750001
v -7.4250021 10.0985708 14.750001
v -7.4250021 9.72357082 14.750001
v -14.8500004 9.59857082 14.750001
v -14.8500004 9.72357082 14.750001
v 7.42500019 9.72356892 14.749999
v 0 9.59856987 14.75
v 0 9.72356987 14.75
v -7.4250021 10.0985708 14.875001
v -14.8500004 10.0985708 14.750001
v -14.8500004 10.0985708 14.875001
v -14.8500004 10.0985708 14.875001
v -14.8500004 9.97357082 14.750001
v -14.8500004 9.97357082 14.875001
v 0 9.59856987 14.875
v 7.42500019 9.59856892 14.749999
v 7.42500019 9.59856892 14.874999
v 14.8500004 9.59856892 14.874999
v 14.8500004 9.72356892 14.749999
v 14.8500004 9.72356892 14.874999
v -7.4250021 9.59856987 14.875001
v 0 9.59856987 14.75
v 0 9.59856987 14.875
v -14.8500004 9.97357082 14.875001
v -7.4250021 9.97357082 14.750001
v -7.4250021 9.97357082 14.875001
v 7.42500019 9.72356892 14.874999
v 0 9.72356987 14.75
v 0 9.72356987 14.875
v -14.8500004 9.59857082 14.875001
v -7.4250021 9.59856987 14.750001
v -7.4250021 9.59856987 14.875001
v 14.8500004 10.0985689 14.874999
v 7.42500019 10.0985689 14.749999
v 7.42500019 10.0985689 14.874999
v -7.4250021 9.97357082 14.875001
v 0 9.97356987 14.75
v 0 9.97356987 14.875
v 14.8500004 9.72356892 14.874999
v 7.42500019 9.72356892 14.749999
v 7.42500019 9.72356892 14.874999
v -14.8500004 9.72357082 14.875001
v -14.8500004 9.59857082 14.750001
v -14.8500004 9.59857082 14.875001
v 14.8500004 9.59856892 15.124999
v 7.42500019 9.59856892 15.249999
v 7.42500019 9.59856892 15.124999
v 0 9.72356987 15.125
v -7.4250021 9.84857082 15.125001
v -7.4250021 9.72357082 15.125001
v 14.8500004 9.72356892 15.124999
v 7.42500019 9.84856892 15.124999
v 7.42500019 9.72356892 15.124999
v 7.42500019 9.72356892 15.124999
v 0 9.84856987 15.125
v 0 9.72356987 15.125
v -7.4250021 9.59856987 15.125001
v -14.8500004 9.59857082 15.250001
v -14.8500004 9.59857082 15.125001
v 14.8500004 9.97356892 15.124999
v 7.42500019 9.97356892 15.249999
v 7.42500019 9.97356892 15.124999
v -7.4250021 9.72357082 15.125001
v -14.8500004 9.84857082 15.125001
v -14.8500004 9.72357082 15.125001
v -14.8500004 9.59857082 15.125001
v -14.8500004 9.72357082 15.250001
v -14.8500004 9.72357082 15.125001
v -7.4250021 9.72357082 15.125001
v 0 9.72356987 15.25
v 0 9.72356987 15.125
v -14.8500004 9.97357082 15.125001
v -14.8500004 10.0985708 15.250001
v -14.8500004 10.0985708 15.125001
v -7.4250021 9.84857082 15.125001
v -14.8500004 9.97357082 15.125001
v -14.8500004 9.84857082 15.125001
v 0 9.84856987 15.125
v -7.4250021 9.97357082 15.125001
v -7.4250021 9.84857082 15.125001
v 7.42500019 9.97356892 15.124999
v 0 9.97356987 15.25
v 0 9.97356987 15.125
v 7.42500019 9.84856892 15.124999
v 0 9.97356987 15.125
v 0 9.84856987 15.125
v 14.8500004 9.84856892 15.124999
v 7.42500019 9.97356892 15.124999
v 7.42500019 9.84856892 15.124999
v 14.8500004 9.97356892 15.249999
v 7.42500019 10.0985689 15.249999
v 7.42500019 9.97356892 15.249999
v 0 9.97356987 15.25
v -7.4250021 10.0985708 15.250001
v -7.4250021 9.97357082 15.250001
v 7.42500019 9.59856892 15.249999
v 0 9.72356987 15.25
v 0 9.59856987 15.25
v 14.8500004 9.59856892 15.249999
v 7.42500019 9.72356892 15.249999
v 7.42500019 9.59856892 15.249999
v -7.4250021 9.59856987 15.250001
v -14.8500004 9.72357082 15.250001
v -14.8500004 9.59857082 15.250001
v 0 9.59856987 15.25
v -7.4250021 9.72357082 15.250001
v -7.4250021 9.59856987 15.250001
v -7.4250021 9.97357082 15.250001
v -14.8500004 10.0985708 15.250001
v -14.8500004 9.97357082 15.250001
v 7.42500019 9.97356892 15.249999
v 0 10.0985699 15.25
v 0 9.97356987 15.25
v 0 9.72356987 15.125
v 7.42500019 9.72356892 15.249999
v 7.42500019 9.72356892 15.124999
v 14.8500004 10.0985689 15.124999
v 14.8500004 9.97356892 15.249999
v 14.8500004 9.97356892 15.124999
v 7.42500019 10.0985689 15.124999
v 14.8500004 10.0985689 15.249999
v 14.8500004 10.0985689 15.124999
v -7.4250021 9.97357082 15.125001
v -14.8500004 9.97357082 15.250001
v -14.8500004 9.97357082 15.125001
v 7.42500019 9.72356892 15.124999
v 14.8500004 9.72356892 15.249999
v 14.8500004 9.72356892 15.124999
v -14.8500004 10.0985708 15.125001
v -7.4250021 10.0985708 15.250001
v -7.4250021 10.0985708 15.125001
v 0 9.59856987 15.125
v -7.4250021 9.59856987 15.250001
v -7.4250021 9.59856987 15.125001
v 0 9.97356987 15.125
v -7.4250021 9.97357082 15.250001
v -7.4250021 9.97357082 15.125001
v 7.42500019 9.59856892 15.124999
v 0 9.59856987 15.25
v 0 9.59856987 15.125
v 0 10.0985699 15.125
v 7.42500019 10.0985689 15.249999
v 7.42500019 10.0985689 15.124999
v -7.4250021 10.0985708 15.125001
v 0 10.0985699 15.25
v 0 10.0985699 15.125
v -14.8500004 9.72357082 15.125001
v -7.4250021 9.72357082 15.250001
v -7.4250021 9.72357082 15.125001
v -7.54875088 9.59856987 15.125001
v -7.67250252 9.59856987 15.250001
v -7.54875088 9.59856987 15.250001
v -7.54875088 9.59856987 14.750001
v -7.30125093 9.59856987 14.750001
v -7.30125093 7.22356892 14.750001
v -7.30125093 4.84856892 15.125001
v -7.1775012 2.47356892 15.125001
v -7.30125093 2.47356892 15.125001
v -7.30125093 7.22356892 15.250001
v -7.54875088 9.59856987 15.250001
v -7.54875088 7.22356892 15.250001
v -7.30125093 0.0985689163 15.125001
v -7.30125093 0.0985689163 15.250001
v -7.54875088 0.0985689163 15.250001
v -7.54875088 9.59856987 15.125001
v -7.54875088 9.59856987 15.250001
v -7.30125093 9.59856987 15.250001
v -7.30125093 7.22356892 14.875001
v -7.1775012 9.59856987 14.875001
v -7.30125093 9.59856987 14.875001
v -7.30125093 4.84856892 14.875001
v -7.30125093 2.47356892 15.000001
v -7.30125093 2.47356892 14.875001
v -7.30125093 9.59856987 14.875001
v -7.30125093 7.22356892 15.000001
v -7.30125093 7.22356892 14.875001
v -7.30125093 7.22356892 14.875001
v -7.30125093 4.84856892 15.000001
v -7.30125093 4.84856892 14.875001
v -7.30125093 4.84856892 14.750001
v -7.1775012 2.47356892 14.750001
v -7.30125093 2.47356892 14.750001
v -7.30125093 2.47356892 15.125001
v -7.1775012 0.0985689163 15.125001
v -7.30125093 0.0985689163 15.125001
v -7.30125093 2.47356892 14.875001
v -7.30125093 0.0985689163 15.000001
v -7.30125093 0.0985689163 14.875001
v -7.30125093 7.22356892 15.250001
v -7.1775012 9.59856987 15.250001
v -7.30125093 9.59856987 15.250001
v -7.30125093 7.22356892 14.750001
v -7.1775012 4.84856892 14.750001
v -7.30125093 4.84856892 14.750001
v -7.30125093 4.84856892 14.875001
v -7.1775012 7.22356892 14.875001
v -7.30125093 7.22356892 14.875001
v -7.30125093 2.47356892 15.000001
v -7.30125093 0.0985689163 15.125001
v -7.30125093 0.0985689163 15.000001
v -7.30125093 4.84856892 15.000001
v -7.30125093 2.47356892 15.125001
v -7.30125093 2.47356892 15.000001
v -7.30125093 9.59856987 14.875001
v -7.1775012 9.59856987 14.750001
v -7.30125093 9.59856987 14.750001
v -7.30125093 7.22356892 15.000001
v -7.30125093 4.84856892 15.125001
v -7.30125093 4.84856892 15.000001
v -7.30125093 9.59856987 15.000001
v -7.30125093 7.22356892 15.125001
v -7.30125093 7.22356892 15.000001
v -7.1775012 9.59856987 15.125001
v -7.1775012 7.22356892 15.250001
v -7.1775012 7.22356892 15.125001
v -7.1775012 4.84856892 15.125001
v -7.1775012 2.47356892 15.250001
v -7.1775012 2.47356892 15.125001
v -7.1775012 7.22356892 14.750001
v -7.1775012 4.84856892 14.875001
v -7.1775012 4.84856892 14.750001
v -7.1775012 9.59856987 14.750001
v -7.1775012 7.22356892 14.875001
v -7.1775012 7.22356892 14.750001
v -7.1775012 2.47356892 14.750001
v -7.1775012 0.0985689163 14.875001
v -7.1775012 0.0985689163 14.750001
v -7.1775012 4.84856892 14.750001
v -7.1775012 2.47356892 14.875001
v -7.1775012 2.47356892 14.750001
v -7.1775012 2.47356892 15.125001
v -7.1775012 0.0985689163 15.250001
v -7.1775012 0.0985689163 15.125001
v -7.1775012 7.22356892 15.125001
v -7.1775012 4.84856892 15.250001
v -7.1775012 4.84856892 15.125001
v -7.30125093 2.47356892 14.750001
v -7.1775012 0.0985689163 14.750001
v -7.30125093 0.0985689163 14.750001
v -7.30125093 0.0985689163 14.750001
v -7.1775012 0.0985689163 14.875001
v -7.30125093 0.0985689163 14.875001
v -7.30125093 4.84856892 15.250001
v -7.1775012 7.22356892 15.250001
v -7.30125093 7.22356892 15.250001
v -7.30125093 9.59856987 15.250001
v -7.1775012 9.59856987 15.125001
v -7.30125093 9.59856987 15.125001
v -7.30125093 2.47356892 15.250001
v -7.1775012 4.84856892 15.250001
v -7.30125093 4.84856892 15.250001
v -7.30125093 0.0985689163 14.875001
v -7.1775012 2.47356892 14.875001
v -7.30125093 2.47356892 14.875001
v -7.30125093 7.22356892 15.125001
v -7.1775012 4.84856892 15.125001
v -7.30125093 4.84856892 15.125001
v -7.30125093 0.0985689163 15.250001
v -7.1775012 2.47356892 15.250001
v -7.30125093 2.47356892 15.250001
v -7.30125093 9.59856987 14.750001
v -7.1775012 7.22356892 14.750001
v -7.30125093 7.22356892 14.750001
v -7.30125093 2.47356892 14.875001
v -7.1775012 4.84856892 14.875001
v -7.30125093 4.84856892 14.875001
v -7.30125093 9.59856987 15.125001
v -7.1775012 7.22356892 15.125001
v -7.30125093 7.22356892 15.125001
v -7.30125093 0.0985689163 15.125001
v -7.1775012 0.0985689163 15.250001
v -7.30125093 0.0985689163 15.250001
v -7.54875088 9.59856987 15.250001
v -7.67250061 7.22356892 15.250001
v -7.54875088 7.22356892 15.250001
v -7.54875088 4.84856892 15.125001
v -7.54875088 2.47356892 15.000001
v -7.54875088 2.47356892 15.125001
v -7.54875088 9.59856987 15.125001
v -7.54875088 7.22356892 15.000001
v -7.54875088 7.22356892 15.125001
v -7.54875088 7.22356892 15.125001
v -7.54875088 4.84856892 15.000001
v -7.54875088 4.84856892 15.125001
v -7.54875088 2.47356892 15.250001
v -7.67250061 0.0985689163 15.250001
v -7.54875088 0.0985689163 15.250001
v -7.54875088 9.59856987 14.875001
v -7.67250061 7.22356892 14.875001
v -7.54875088 7.22356892 14.875001
v -7.54875088 2.47356892 15.125001
v -7.54875088 0.0985689163 15.000001
v -7.54875088 0.0985689163 15.125001
v -7.54875088 0.0985689163 15.250001
v -7.67250061 0.0985689163 15.125001
v -7.54875088 0.0985689163 15.125001
v -7.54875088 2.47356892 15.125001
v -7.67250061 4.84856892 15.125001
v -7.54875088 4.84856892 15.125001
v -7.54875088 0.0985689163 14.875001
v -7.67250061 0.0985689163 14.750001
v -7.54875088 0.0985689163 14.750001
v -7.54875088 2.47356892 15.000001
v -7.54875088 0.0985689163 14.875001
v -7.54875088 0.0985689163 15.000001
v -7.54875088 4.84856892 15.000001
v -7.54875088 2.47356892 14.875001
v -7.54875088 2.47356892 15.000001
v -7.54875088 7.22356892 14.875001
v -7.67250061 4.84856892 14.875001
v -7.54875088 4.84856892 14.875001
v -7.54875088 7.22356892 15.000001
v -7.54875088 4.84856892 14.875001
v -7.54875088 4.84856892 15.000001
v -7.54875088 9.59856987 15.000001
v -7.54875088 7.22356892 14.875001
v -7.54875088 7.22356892 15.000001
v -7.67250252 9.59856987 14.875001
v -7.67250061 7.22356892 14.750001
v -7.67250061 7.22356892 14.875001
v -7.67250061 4.84856892 14.875001
v -7.67250061 2.47356892 14.750001
v -7.67250061 2.47356892 14.875001
v -7.67250061 7.22356892 15.250001
v -7.67250061 4.84856892 15.125001
v -7.67250061 4.84856892 15.250001
v -7.67250252 9.59856987 15.250001
v -7.67250061 7.22356892 15.125001
v -7.67250061 7.22356892 15.250001
v -7.67250061 2.47356892 15.250001
v -7.67250061 0.0985689163 15.125001
v -7.67250061 0.0985689163 15.250001
v -7.67250061 4.84856892 15.250001
v -7.67250061 2.47356892 15.125001
v -7.67250061 2.47356892 15.250001
v -7.67250061 2.47356892 14.875001
v -7.67250061 0.0985689163 14.750001
v -7.67250061 0.0985689163 14.875001
v -7.67250061 7.22356892 14.875001
v -7.67250061 4.84856892 14.750001
v -7.67250061 4.84856892 14.875001
v -7.54875088 4.84856892 15.125001
v -7.67250061 7.22356892 15.125001
v -7.54875088 7.22356892 15.125001
v -7.54875088 9.59856987 14.750001
v -7.67250252 9.59856987 14.875001
v -7.54875088 9.59856987 14.875001
v -7.54875088 7.22356892 14.750001
v -7.67250252 9.59856987 14.750001
v -7.54875088 9.59856987 14.750001
v -7.54875088 2.47356892 14.875001
v -7.67250061 0.0985689163 14.875001
v -7.54875088 0.0985689163 14.875001
v -7.54875088 7.22356892 15.125001
v -7.67250252 9.59856987 15.125001
v -7.54875088 9.59856987 15.125001
v -7.54875088 0.0985689163 14.750001
v -7.67250061 2.47356892 14.750001
v -7.54875088 2.47356892 14.750001
v -7.54875088 4.84856892 15.250001
v -7.67250061 2.47356892 15.250001
v -7.54875088 2.47356892 15.250001
v -7.54875088 4.84856892 14.875001
v -7.67250061 2.47356892 14.875001
v -7.54875088 2.47356892 14.875001
v -7.54875088 7.22356892 15.250001
v -7.67250061 4.84856892 15.250001
v -7.54875088 4.84856892 15.250001
v -7.54875088 4.84856892 14.750001
v -7.67250061 7.22356892 14.750001
v -7.54875088 7.22356892 14.750001
v -7.54875088 2.47356892 14.750001
v -7.67250061 4.84856892 14.750001
v -7.54875088 4.84856892 14.750001
v -7.54875088 0.0985689163 15.125001
v -7.67250061 2.47356892 15.125001
v -7.54875088 2.47356892 15.125001
v 14.8500004 9.72356987 0.124999002
v 14.8500004 9.72356987 0.249999002
v 14.8500004 9.59856987 0.249999002
v -14.8500004 10.0985718 -0.124999002
v -14.8500004 10.0985718 0.125000998
v -7.42500019 10.0985718 0.125000507
v 0 10.0985708 0.125
v 7.42500019 10.0985699 0.124999501
v 7.42500019 10.0985699 -0.125000507
v 7.42500019 10.0985699 0.124999501
v 14.8500004 10.0985699 0.124999002
v 14.8500004 10.0985699 -0.125000998
v -14.8500004 10.0985718 -0.124999002
v -7.42500019 10.0985718 0.125000507
v -7.42500019 10.0985718 -0.124999501
v -7.42500019 10.0985718 0.125000507
v 0 10.0985708 0.125
v -7.42500019 10.0985718 -0.124999501
v 7.42500019 10.0985699 -0.125000507
v 0 10.0985708 -0.125
v 0 10.0985708 0.125
v 0 10.0985708 -0.125
v -7.42500019 10.0985718 -0.124999501
v 0 10.0985708 0.125
v 0 9.72357082 -0.125
v 0 9.72357082 -0.25
v -7.42500019 9.72357178 -0.249999493
v -14.8500004 9.59857178 0.125000998
v -14.8500004 9.59857178 -0.124999002
v -7.42500019 9.59857178 -0.124999501
v 0 9.59857082 -0.125
v 7.42500019 9.59856987 -0.125000507
v 7.42500019 9.59856987 0.124999501
v 7.42500019 9.59856987 -0.125000507
v 14.8500004 9.59856987 -0.125000998
v 14.8500004 9.59856987 0.124999002
v -14.8500004 9.59857178 0.125000998
v -7.42500019 9.59857178 -0.124999501
v -7.42500019 9.59857178 0.125000507
v -7.42500019 9.59857178 -0.124999501
v 0 9.59857082 -0.125
v -7.42500019 9.59857178 0.125000507
v 7.42500019 9.59856987 0.124999501
v 0 9.59857082 0.125
v 0 9.59857082 -0.125
v 0 9.59857082 0.125
v -7.42500019 9.59857178 0.125000507
v 0 9.59857082 -0.125
v -14.8500004 9.97357178 0.125000998
v -14.8500004 10.0985718 0.125000998
v -14.8500004 10.0985718 -0.124999002
v -14.8500004 9.97357178 -0.124999002
v -14.8500004 9.84857178 -0.124999002
v -14.8500004 9.84857178 0.125000998
v -14.8500004 9.84857178 -0.124999002
v -14.8500004 9.72357178 -0.124999002
v -14.8500004 9.84857178 0.125000998
v -14.8500004 9.97357178 0.125000998
v -14.8500004 10.0985718 -0.124999002
v -14.8500004 9.97357178 -0.124999002
v -14.8500004 9.59857178 0.125000998
v -14.8500004 9.72357178 0.125000998
v -14.8500004 9.72357178 -0.124999002
v -14.8500004 9.72357178 0.125000998
v -14.8500004 9.84857178 0.125000998
v -14.8500004 9.72357178 -0.124999002
v -14.8500004 9.84857178 0.125000998
v -14.8500004 9.97357178 0.125000998
v -14.8500004 9.97357178 -0.124999002
v 14.8500004 9.97356987 -0.125000998
v 14.8500004 10.0985699 -0.125000998
v 14.8500004 10.0985699 0.124999002
v 14.8500004 9.97356987 0.124999002
v 14.8500004 9.84856987 0.124999002
v 14.8500004 9.84856987 -0.125000998
v 14.8500004 9.84856987 0.124999002
v 14.8500004 9.72356987 0.124999002
v 14.8500004 9.84856987 -0.125000998
v 14.8500004 9.97356987 -0.125000998
v 14.8500004 10.0985699 0.124999002
v 14.8500004 9.97356987 0.124999002
v 14.8500004 9.59856987 -0.125000998
v 14.8500004 9.72356987 -0.125000998
v 14.8500004 9.72356987 0.124999002
v 14.8500004 9.72356987 -0.125000998
v 14.8500004 9.84856987 -0.125000998
v 14.8500004 9.72356987 0.124999002
v 14.8500004 9.84856987 -0.125000998
v 14.8500004 9.97356987 -0.125000998
v 14.8500004 9.97356987 0.124999002
v 7.42500019 9.97356987 -0.125000507
v 7.42500019 9.97356987 -0.250000507
v 14.8500004 9.97356987 -0.250001013
v 0 9.97357082 -0.125
v 0 9.84857082 -0.125
v -7.42500019 9.84857178 -0.124999501
v 14.8500004 9.97356987 -0.125000998
v 14.8500004 9.84856987 -0.125000998
v 7.42500019 9.84856987 -0.125000507
v 7.42500019 9.97356987 -0.125000507
v 7.42500019 9.84856987 -0.125000507
v 0 9.84857082 -0.125
v 0 10.0985708 -0.125
v 0 10.0985708 -0.25
v -7.42500019 10.0985718 -0.249999493
v -7.42500019 9.72357178 -0.124999501
v -7.42500019 9.72357178 -0.249999493
v -14.8500004 9.72357178 -0.249999002
v -7.42500019 9.97357178 -0.124999501
v -7.42500019 9.84857178 -0.124999501
v -14.8500004 9.84857178 -0.124999002
v 7.42500019 9.59856987 -0.125000507
v 7.42500019 9.59856987 -0.250000507
v 14.8500004 9.59856987 -0.250001013
v 7.42500019 10.0985699 -0.125000507
v 7.42500019 10.0985699 -0.250000507
v 0 10.0985708 -0.25
v 0 9.97357082 -0.125
v 0 9.97357082 -0.25
v 7.42500019 9.97356987 -0.250000507
v -7.42500019 9.84857178 -0.124999501
v -7.42500019 9.72357178 -0.124999501
v -14.8500004 9.72357178 -0.124999002
v 0 9.84857082 -0.125
v 0 9.72357082 -0.125
v -7.42500019 9.72357178 -0.124999501
v 14.8500004 9.97356987 -0.125000998
v 14.8500004 9.97356987 -0.250001013
v 14.8500004 10.0985699 -0.250001013
v 7.42500019 9.84856987 -0.125000507
v 7.42500019 9.72356987 -0.125000507
v 0 9.72357082 -0.125
v 14.8500004 9.84856987 -0.125000998
v 14.8500004 9.72356987 -0.125000998
v 7.42500019 9.72356987 -0.125000507
v 14.8500004 9.72356987 -0.250001013
v 14.8500004 9.59856987 -0.250001013
v 7.42500019 9.59856987 -0.250000507
v 0 9.72357082 -0.25
v 0 9.59857082 -0.25
v -7.42500019 9.59857178 -0.249999493
v 7.42500019 10.0985699 -0.250000507
v 7.42500019 9.97356987 -0.250000507
v 0 9.97357082 -0.25
v 14.8500004 10.0985699 -0.250001013
v 14.8500004 9.97356987 -0.250001013
v 7.42500019 9.97356987 -0.250000507
v -7.42500019 10.0985718 -0.249999493
v -7.42500019 9.97357178 -0.249999493
v -14.8500004 9.97357178 -0.249999002
v 0 10.0985708 -0.25
v 0 9.97357082 -0.25
v -7.42500019 9.97357178 -0.249999493
v -7.42500019 9.72357178 -0.249999493
v -7.42500019 9.59857178 -0.249999493
v -14.8500004 9.59857178 -0.249999002
v 7.42500019 9.72356987 -0.250000507
v 7.42500019 9.59856987 -0.250000507
v 0 9.59857082 -0.25
v -7.42500019 10.0985718 -0.124999501
v -7.42500019 10.0985718 -0.249999493
v -14.8500004 10.0985718 -0.249999002
v -14.8500004 10.0985718 -0.124999002
v -14.8500004 10.0985718 -0.249999002
v -14.8500004 9.97357178 -0.249999002
v 0 9.59857082 -0.125
v 0 9.59857082 -0.25
v 7.42500019 9.59856987 -0.250000507
v 14.8500004 9.59856987 -0.125000998
v 14.8500004 9.59856987 -0.250001013
v 14.8500004 9.72356987 -0.250001013
v -7.42500019 9.59857178 -0.124999501
v -7.42500019 9.59857178 -0.249999493
v 0 9.59857082 -0.25
v -14.8500004 9.97357178 -0.124999002
v -14.8500004 9.97357178 -0.249999002
v -7.42500019 9.97357178 -0.249999493
v 7.42500019 9.72356987 -0.125000507
v 7.42500019 9.72356987 -0.250000507
v 0 9.72357082 -0.25
v -14.8500004 9.59857178 -0.124999002
v -14.8500004 9.59857178 -0.249999002
v -7.42500019 9.59857178 -0.249999493
v 14.8500004 10.0985699 -0.125000998
v 14.8500004 10.0985699 -0.250001013
v 7.42500019 10.0985699 -0.250000507
v -7.42500019 9.97357178 -0.124999501
v -7.42500019 9.97357178 -0.249999493
v 0 9.97357082 -0.25
v 14.8500004 9.72356987 -0.125000998
v 14.8500004 9.72356987 -0.250001013
v 7.42500019 9.72356987 -0.250000507
v -14.8500004 9.72357178 -0.124999002
v -14.8500004 9.72357178 -0.249999002
v -14.8500004 9.59857178 -0.249999002
v 14.8500004 9.59856987 0.124999002
v 14.8500004 9.59856987 0.249999002
v 7.42500019 9.59856987 0.249999493
v 0 9.72357082 0.125
v 0 9.84857082 0.125
v -7.42500019 9.84857178 0.125000507
v 14.8500004 9.72356987 0.124999002
v 14.8500004 9.84856987 0.124999002
v 7.42500019 9.84856987 0.124999501
v 7.42500019 9.72356987 0.124999501
v 7.42500019 9.84856987 0.124999501
v 0 9.84857082 0.125
v -7.42500019 9.59857178 0.125000507
v -7.42500019 9.59857178 0.250000507
v -14.8500004 9.59857178 0.250001013
v 14.8500004 9.97356987 0.124999002
v 14.8500004 9.97356987 0.249999002
v 7.42500019 9.97356987 0.249999493
v -7.42500019 9.72357178 0.125000507
v -7.42500019 9.84857178 0.125000507
v -14.8500004 9.84857178 0.125000998
v -14.8500004 9.59857178 0.125000998
v -14.8500004 9.59857178 0.250001013
v -14.8500004 9.72357178 0.250001013
v -7.42500019 9.72357178 0.125000507
v -7.42500019 9.72357178 0.250000507
v 0 9.72357082 0.25
v -14.8500004 9.97357178 0.125000998
v -14.8500004 9.97357178 0.250001013
v -14.8500004 10.0985718 0.250001013
v -7.42500019 9.84857178 0.125000507
v -7.42500019 9.97357178 0.125000507
v -14.8500004 9.97357178 0.125000998
v 0 9.84857082 0.125
v 0 9.97357082 0.125
v -7.42500019 9.97357178 0.125000507
v 7.42500019 9.97356987 0.124999501
v 7.42500019 9.97356987 0.249999493
v 0 9.97357082 0.25
v 7.42500019 9.84856987 0.124999501
v 7.42500019 9.97356987 0.124999501
v 0 9.97357082 0.125
v 14.8500004 9.84856987 0.124999002
v 14.8500004 9.97356987 0.124999002
v 7.42500019 9.97356987 0.124999501
v 14.8500004 9.97356987 0.249999002
v 14.8500004 10.0985699 0.249999002
v 7.42500019 10.0985699 0.249999493
v 0 9.97357082 0.25
v 0 10.0985708 0.25
v -7.42500019 10.0985718 0.250000507
v 7.42500019 9.59856987 0.249999493
v 7.42500019 9.72356987 0.249999493
v 0 9.72357082 0.25
v 14.8500004 9.59856987 0.249999002
v 14.8500004 9.72356987 0.249999002
v 7.42500019 9.72356987 0.249999493
v -7.42500019 9.59857178 0.250000507
v -7.42500019 9.72357178 0.250000507
v -14.8500004 9.72357178 0.250001013
v 0 9.59857082 0.25
v 0 9.72357082 0.25
v -7.42500019 9.72357178 0.250000507
v -7.42500019 9.97357178 0.250000507
v -7.42500019 10.0985718 0.250000507
v -14.8500004 10.0985718 0.250001013
v 7.42500019 9.97356987 0.249999493
v 7.42500019 10.0985699 0.249999493
v 0 10.0985708 0.25
v 0 9.72357082 0.125
v 0 9.72357082 0.25
v 7.42500019 9.72356987 0.249999493
v 14.8500004 10.0985699 0.124999002
v 14.8500004 10.0985699 0.249999002
v 14.8500004 9.97356987 0.249999002
v 7.42500019 10.0985699 0.124999501
v 7.42500019 10.0985699 0.249999493
v 14.8500004 10.0985699 0.249999002
v -7.42500019 9.97357178 0.125000507
v -7.42500019 9.97357178 0.250000507
v -14.8500004 9.97357178 0.250001013
v 7.42500019 9.72356987 0.124999501
v 7.42500019 9.72356987 0.249999493
v 14.8500004 9.72356987 0.249999002
v -14.8500004 10.0985718 0.125000998
v -14.8500004 10.0985718 0.250001013
v -7.42500019 10.0985718 0.250000507
v 0 9.59857082 0.125
v 0 9.59857082 0.25
v -7.42500019 9.59857178 0.250000507
v 0 9.97357082 0.125
v 0 9.97357082 0.25
v -7.42500019 9.97357178 0.250000507
v 7.42500019 9.59856987 0.124999501
v 7.42500019 9.59856987 0.249999493
v 0 9.59857082 0.25
v 0 10.0985708 0.125
v 0 10.0985708 0.25
v 7.42500019 10.0985699 0.249999493
v -7.42500019 10.0985718 0.125000507
v -7.42500019 10.0985718 0.250000507
v 0 10.0985708 0.25
v -14.8500004 9.72357178 0.125000998
v -14.8500004 9.72357178 0.250001013
v -7.42500019 9.72357178 0.250000507
v 7.30124903 9.59856987 0.124999881
v 7.17749977 9.59856987 0.124999888
v 7.17749977 9.59856987 0.249999911
v 7.54874992 0.09856987 -0.250000149
v 7.30125093 0.09856987 -0.250000119
v 7.30125093 2.47357035 -0.250000119
v 7.30125093 2.47357035 -0.250000119
v 7.30125093 4.84857035 -0.250000119
v 7.54874992 4.84857035 -0.250000149
v 7.30125093 4.84857035 -0.250000119
v 7.30125093 7.22357035 -0.250000119
v 7.54874992 4.84857035 -0.250000149
v 7.54874992 2.47357035 -0.250000149
v 7.54874992 0.09856987 -0.250000149
v 7.30125093 2.47357035 -0.250000119
v 7.54874992 9.59856987 -0.250000149
v 7.54874992 7.22357035 -0.250000149
v 7.30125093 7.22357035 -0.250000119
v 7.54874992 7.22357035 -0.250000149
v 7.54874992 4.84857035 -0.250000149
v 7.30125093 7.22357035 -0.250000119
v 7.54874992 4.84857035 -0.250000149
v 7.54874992 2.47357035 -0.250000149
v 7.30125093 2.47357035 -0.250000119
v 7.54874992 4.84857035 0.124999866
v 7.67250061 4.84857035 0.124999858
v 7.67250061 2.47357035 0.124999858
v 7.30125093 0.09856987 0.249999896
v 7.54874992 0.09856987 0.249999881
v 7.54874992 2.47357035 0.249999881
v 7.54874992 4.84857035 0.249999881
v 7.54874992 7.22357035 0.249999881
v 7.30125093 4.84857035 0.249999896
v 7.54874992 7.22357035 0.249999881
v 7.54874992 9.59856987 0.249999881
v 7.30124903 7.22357035 0.249999896
v 7.54874992 4.84857035 0.249999881
v 7.30125093 2.47357035 0.249999896
v 7.54874992 2.47357035 0.249999881
v 7.30125093 0.09856987 0.249999896
v 7.54874992 2.47357035 0.249999881
v 7.30125093 2.47357035 0.249999896
v 7.30125093 4.84857035 0.249999896
v 7.30125093 2.47357035 0.249999896
v 7.54874992 4.84857035 0.249999881
v 7.30125093 4.84857035 0.249999896
v 7.54874992 7.22357035 0.249999881
v 7.30124903 7.22357035 0.249999896
v 7.30125093 0.09856987 -0.125000164
v 7.30125093 0.09856987 -0.250000119
v 7.54874992 0.09856987 -0.250000149
v 7.54874992 0.09856987 -0.125000179
v 7.54874992 0.09856987 -1.75034586e-07
v 7.30125093 0.09856987 -1.69295447e-07
v 7.54874992 0.09856987 -1.75034586e-07
v 7.54874992 0.09856987 0.124999866
v 7.30125093 0.09856987 -1.69295447e-07
v 7.30125093 0.09856987 -0.125000164
v 7.54874992 0.09856987 -0.250000149
v 7.54874992 0.09856987 -0.125000179
v 7.30125093 0.09856987 0.249999896
v 7.30125093 0.09856987 0.124999881
v 7.54874992 0.09856987 0.124999866
v 7.30125093 0.09856987 0.124999881
v 7.30125093 0.09856987 -1.69295447e-07
v 7.54874992 0.09856987 0.124999866
v 7.30125093 0.09856987 -1.69295447e-07
v 7.30125093 0.09856987 -0.125000164
v 7.54874992 0.09856987 -0.125000179
v 7.54874992 9.59856987 -0.125000179
v 7.54874992 9.59856987 -0.250000149
v 7.30124903 9.59856987 -0.250000119
v 7.30124903 9.59856987 -0.125000164
v 7.30124903 9.59856987 -1.69295333e-07
v 7.54874992 9.59856987 -1.75034586e-07
v 7.30124903 9.59856987 -1.69295333e-07
v 7.30124903 9.59856987 0.124999881
v 7.54874992 9.59856987 -1.75034586e-07
v 7.54874992 9.59856987 -0.125000179
v 7.30124903 9.59856987 -0.250000119
v 7.30124903 9.59856987 -0.125000164
v 7.54874992 9.59856987 0.249999881
v 7.54874992 9.59856987 0.124999866
v 7.30124903 9.59856987 0.124999881
v 7.54874992 9.59856987 0.124999866
v 7.54874992 9.59856987 -1.75034586e-07
v 7.30124903 9.59856987 0.124999881
v 7.54874992 9.59856987 -1.75034586e-07
v 7.54874992 9.59856987 -0.125000179
v 7.30124903 9.59856987 -0.125000164
v 7.54874992 7.22357035 -0.125000179
v 7.67250061 7.22357035 -0.125000179
v 7.67250061 9.59856987 -0.125000179
v 7.54874992 4.84857035 -0.125000179
v 7.54874992 4.84857035 -1.75034586e-07
v 7.54874992 2.47357035 -1.75034586e-07
v 7.54874992 9.59856987 -0.125000179
v 7.54874992 9.59856987 -1.75034586e-07
v 7.54874992 7.22357035 -1.75034586e-07
v 7.54874992 7.22357035 -0.125000179
v 7.54874992 7.22357035 -1.75034586e-07
v 7.54874992 4.84857035 -1.75034586e-07
v 7.54874992 4.84857035 -0.250000149
v 7.67250061 4.84857035 -0.250000149
v 7.67250061 2.47357035 -0.250000149
v 7.54874992 2.47357035 0.124999866
v 7.67250061 2.47357035 0.124999858
v 7.67250061 0.09856987 0.124999858
v 7.54874992 2.47357035 -0.125000179
v 7.54874992 2.47357035 -1.75034586e-07
v 7.54874992 0.09856987 -1.75034586e-07
v 7.54874992 7.22357035 0.249999881
v 7.67250061 7.22357035 0.249999866
v 7.67250061 9.59856987 0.249999866
v 7.54874992 7.22357035 -0.250000149
v 7.67250061 7.22357035 -0.250000149
v 7.67250061 4.84857035 -0.250000149
v 7.54874992 4.84857035 -0.125000179
v 7.67250061 4.84857035 -0.125000179
v 7.67250061 7.22357035 -0.125000179
v 7.54874992 2.47357035 -1.75034586e-07
v 7.54874992 2.47357035 0.124999866
v 7.54874992 0.09856987 0.124999866
v 7.54874992 4.84857035 -1.75034586e-07
v 7.54874992 4.84857035 0.124999866
v 7.54874992 2.47357035 0.124999866
v 7.54874992 9.59856987 -0.125000179
v 7.67250061 9.59856987 -0.125000179
v 7.67250061 9.59856987 -0.250000149
v 7.54874992 7.22357035 -1.75034586e-07
v 7.54874992 7.22357035 0.124999866
v 7.54874992 4.84857035 0.124999866
v 7.54874992 9.59856987 -1.75034586e-07
v 7.54874992 9.59856987 0.124999866
v 7.54874992 7.22357035 0.124999866
v 7.67250061 9.59856987 0.124999858
v 7.67250061 9.59856987 0.249999866
v 7.67250061 7.22357035 0.249999866
v 7.67250061 4.84857035 0.124999858
v 7.67250061 4.84857035 0.249999866
v 7.67250061 2.47357035 0.249999866
v 7.67250061 7.22357035 -0.250000149
v 7.67250061 7.22357035 -0.125000179
v 7.67250061 4.84857035 -0.125000179
v 7.67250061 9.59856987 -0.250000149
v 7.67250061 9.59856987 -0.125000179
v 7.67250061 7.22357035 -0.125000179
v 7.67250061 2.47357035 -0.250000149
v 7.67250061 2.47357035 -0.125000179
v 7.67250061 0.09856987 -0.125000179
v 7.67250061 4.84857035 -0.250000149
v 7.67250061 4.84857035 -0.125000179
v 7.67250061 2.47357035 -0.125000179
v 7.67250061 2.47357035 0.124999858
v 7.67250061 2.47357035 0.249999866
v 7.67250061 0.09856987 0.249999866
v 7.67250061 7.22357035 0.124999858
v 7.67250061 7.22357035 0.249999866
v 7.67250061 4.84857035 0.249999866
v 7.54874992 2.47357035 -0.250000149
v 7.67250061 2.47357035 -0.250000149
v 7.67250061 0.09856987 -0.250000149
v 7.54874992 0.09856987 -0.125000179
v 7.54874992 0.09856987 -0.250000149
v 7.67250061 0.09856987 -0.250000149
v 7.54874992 4.84857035 0.249999881
v 7.67250061 4.84857035 0.249999866
v 7.67250061 7.22357035 0.249999866
v 7.54874992 9.59856987 0.249999881
v 7.67250061 9.59856987 0.249999866
v 7.67250061 9.59856987 0.124999858
v 7.54874992 2.47357035 0.249999881
v 7.67250061 2.47357035 0.249999866
v 7.67250061 4.84857035 0.249999866
v 7.54874992 0.09856987 -0.125000179
v 7.67250061 0.09856987 -0.125000179
v 7.67250061 2.47357035 -0.125000179
v 7.54874992 7.22357035 0.124999866
v 7.67250061 7.22357035 0.124999858
v 7.67250061 4.84857035 0.124999858
v 7.54874992 0.09856987 0.249999881
v 7.67250061 0.09856987 0.249999866
v 7.67250061 2.47357035 0.249999866
v 7.54874992 9.59856987 -0.250000149
v 7.67250061 9.59856987 -0.250000149
v 7.67250061 7.22357035 -0.250000149
v 7.54874992 2.47357035 -0.125000179
v 7.67250061 2.47357035 -0.125000179
v 7.67250061 4.84857035 -0.125000179
v 7.54874992 9.59856987 0.124999866
v 7.67250061 9.59856987 0.124999858
v 7.67250061 7.22357035 0.124999858
v 7.54874992 0.09856987 0.249999881
v 7.54874992 0.09856987 0.124999866
v 7.67250061 0.09856987 0.124999858
v 7.30124903 9.59856987 0.249999896
v 7.17749977 9.59856987 0.249999911
v 7.17749977 7.22357035 0.249999911
v 7.30125093 4.84857035 0.124999881
v 7.30125093 4.84857035 -1.69295447e-07
v 7.30125093 2.47357035 -1.69295447e-07
v 7.30124903 9.59856987 0.124999881
v 7.30124903 9.59856987 -1.69295333e-07
v 7.30125093 7.22357035 -1.69295447e-07
v 7.30125093 7.22357035 0.124999881
v 7.30125093 7.22357035 -1.69295447e-07
v 7.30125093 4.84857035 -1.69295447e-07
v 7.30125093 2.47357035 0.249999896
v 7.1775012 2.47357035 0.249999911
v 7.1775012 0.09856987 0.249999911
v 7.30124903 9.59856987 -0.125000164
v 7.17749977 9.59856987 -0.125000164
v 7.17749977 7.22357035 -0.125000164
v 7.30125093 2.47357035 0.124999881
v 7.30125093 2.47357035 -1.69295447e-07
v 7.30125093 0.09856987 -1.69295447e-07
v 7.30125093 0.09856987 0.249999896
v 7.1775012 0.09856987 0.249999911
v 7.1775012 0.09856987 0.124999888
v 7.30125093 2.47357035 0.124999881
v 7.1775012 2.47357035 0.124999888
v 7.17749977 4.84857035 0.124999888
v 7.30125093 0.09856987 -0.250000119
v 7.30125093 0.09856987 -0.125000164
v 7.1775012 0.09856987 -0.125000164
v 7.30125093 2.47357035 -1.69295447e-07
v 7.30125093 2.47357035 -0.125000164
v 7.30125093 0.09856987 -0.125000164
v 7.30125093 4.84857035 -1.69295447e-07
v 7.30125093 4.84857035 -0.125000164
v 7.30125093 2.47357035 -0.125000164
v 7.30125093 7.22357035 -0.125000164
v 7.17749977 7.22357035 -0.125000164
v 7.17749977 4.84857035 -0.125000164
v 7.30125093 7.22357035 -1.69295447e-07
v 7.30125093 7.22357035 -0.125000164
v 7.30125093 4.84857035 -0.125000164
v 7.30124903 9.59856987 -1.69295333e-07
v 7.30124903 9.59856987 -0.125000164
v 7.30125093 7.22357035 -0.125000164
v 7.17749977 9.59856987 -0.125000164
v 7.17749977 9.59856987 -0.250000119
v 7.17749977 7.22357035 -0.250000119
v 7.17749977 4.84857035 -0.125000164
v 7.17749977 4.84857035 -0.250000119
v 7.1775012 2.47357035 -0.250000119
v 7.17749977 7.22357035 0.249999911
v 7.17749977 7.22357035 0.124999888
v 7.17749977 4.84857035 0.124999888
v 7.17749977 9.59856987 0.249999911
v 7.17749977 9.59856987 0.124999888
v 7.17749977 7.22357035 0.124999888
v 7.1775012 2.47357035 0.249999911
v 7.1775012 2.47357035 0.124999888
v 7.1775012 0.09856987 0.124999888
v 7.17749977 4.84857035 0.249999911
v 7.17749977 4.84857035 0.124999888
v 7.1775012 2.47357035 0.124999888
v 7.1775012 2.47357035 -0.125000164
v 7.1775012 2.47357035 -0.250000119
v 7.1775012 0.09856987 -0.250000119
v 7.17749977 7.22357035 -0.125000164
v 7.17749977 7.22357035 -0.250000119
v 7.17749977 4.84857035 -0.250000119
v 7.30125093 4.84857035 0.124999881
v 7.17749977 4.84857035 0.124999888
v 7.17749977 7.22357035 0.124999888
v 7.30124903 9.59856987 -0.250000119
v 7.17749977 9.59856987 -0.250000119
v 7.17749977 9.59856987 -0.125000164
v 7.30125093 7.22357035 -0.250000119
v 7.17749977 7.22357035 -0.250000119
v 7.17749977 9.59856987 -0.250000119
v 7.30125093 2.47357035 -0.125000164
v 7.1775012 2.47357035 -0.125000164
v 7.1775012 0.09856987 -0.125000164
v 7.30125093 7.22357035 0.124999881
v 7.17749977 7.22357035 0.124999888
v 7.17749977 9.59856987 0.124999888
v 7.30125093 0.09856987 -0.250000119
v 7.1775012 0.09856987 -0.250000119
v 7.1775012 2.47357035 -0.250000119
v 7.30125093 4.84857035 0.249999896
v 7.17749977 4.84857035 0.249999911
v 7.1775012 2.47357035 0.249999911
v 7.30125093 4.84857035 -0.125000164
v 7.17749977 4.84857035 -0.125000164
v 7.1775012 2.47357035 -0.125000164
v 7.30124903 7.22357035 0.249999896
v 7.17749977 7.22357035 0.249999911
v 7.17749977 4.84857035 0.249999911
v 7.30125093 4.84857035 -0.250000119
v 7.17749977 4.84857035 -0.250000119
v 7.17749977 7.22357035 -0.250000119
v 7.30125093 2.47357035 -0.250000119
v 7.1775012 2.47357035 -0.250000119
v 7.17749977 4.84857035 -0.250000119
v 7.30125093 0.09856987 0.124999881
v 7.1775012 0.09856987 0.124999888
v 7.1775012 2.47357035 0.124999888
v -7.54874992 9.59856987 0.125000179
v -7.67250061 9.59856987 0.125000179
v -7.67250061 9.59856987 0.250000149
v -7.30124903 0.0985689163 -0.249999896
v -7.54874992 0.0985689163 -0.249999881
v -7.54874992 2.47356892 -0.249999881
v -7.54874992 4.84856892 -0.249999881
v -7.54874992 7.22356892 -0.249999881
v -7.30125093 4.84856892 -0.249999896
v -7.54874992 7.22356892 -0.249999881
v -7.54874992 9.59856987 -0.249999881
v -7.30125093 7.22356892 -0.249999896
v -7.30125093 4.84856892 -0.249999896
v -7.54874992 7.22356892 -0.249999881
v -7.30125093 7.22356892 -0.249999896
v -7.30124903 0.0985689163 -0.249999896
v -7.54874992 2.47356892 -0.249999881
v -7.30124903 2.47356892 -0.249999896
v -7.54874992 2.47356892 -0.249999881
v -7.54874992 4.84856892 -0.249999881
v -7.30124903 2.47356892 -0.249999896
v -7.30125093 4.84856892 -0.249999896
v -7.30124903 2.47356892 -0.249999896
v -7.54874992 4.84856892 -0.249999881
v -7.30125093 4.84856892 0.125000164
v -7.17749977 4.84856892 0.125000164
v -7.17749977 2.47356892 0.125000164
v -7.54874992 0.0985689163 0.250000149
v -7.30124903 0.0985689163 0.250000119
v -7.30125093 2.47356892 0.250000119
v -7.30125093 4.84856892 0.250000119
v -7.30125093 7.22356892 0.250000119
v -7.54874992 7.22356892 0.250000149
v -7.30125093 7.22356892 0.250000119
v -7.30125093 9.59856987 0.250000119
v -7.54874992 9.59856987 0.250000149
v -7.54874992 0.0985689163 0.250000149
v -7.30125093 2.47356892 0.250000119
v -7.54874992 2.47356892 0.250000149
v -7.30125093 2.47356892 0.250000119
v -7.30125093 4.84856892 0.250000119
v -7.54874992 2.47356892 0.250000149
v -7.54874992 7.22356892 0.250000149
v -7.54874992 4.84856892 0.250000149
v -7.30125093 4.84856892 0.250000119
v -7.54874992 4.84856892 0.250000149
v -7.54874992 2.47356892 0.250000149
v -7.30125093 4.84856892 0.250000119
v -7.54874992 0.0985689163 -0.124999866
v -7.54874992 0.0985689163 -0.249999881
v -7.30124903 0.0985689163 -0.249999896
v -7.30124903 0.0985689163 -0.124999881
v -7.30124903 0.0985689163 1.69295333e-07
v -7.54874992 0.0985689163 1.75034586e-07
v -7.30124903 0.0985689163 1.69295333e-07
v -7.30124903 0.0985689163 0.125000164
v -7.54874992 0.0985689163 1.75034586e-07
v -7.54874992 0.0985689163 -0.124999866
v -7.30124903 0.0985689163 -0.249999896
v -7.30124903 0.0985689163 -0.124999881
v -7.54874992 0.0985689163 0.250000149
v -7.54874992 0.0985689163 0.125000179
v -7.30124903 0.0985689163 0.125000164
v -7.54874992 0.0985689163 0.125000179
v -7.54874992 0.0985689163 1.75034586e-07
v -7.30124903 0.0985689163 0.125000164
v -7.54874992 0.0985689163 1.75034586e-07
v -7.54874992 0.0985689163 -0.124999866
v -7.30124903 0.0985689163 -0.124999881
v -7.30125093 9.59856987 -0.124999881
v -7.30125093 9.59856987 -0.249999896
v -7.54874992 9.59856987 -0.249999881
v -7.54874992 9.59856987 -0.124999866
v -7.54874992 9.59856987 1.75034586e-07
v -7.30125093 9.59856987 1.69295447e-07
v -7.54874992 9.59856987 1.75034586e-07
v -7.54874992 9.59856987 0.125000179
v -7.30125093 9.59856987 1.69295447e-07
v -7.30125093 9.59856987 -0.124999881
v -7.54874992 9.59856987 -0.249999881
v -7.54874992 9.59856987 -0.124999866
v -7.30125093 9.59856987 0.250000119
v -7.30125093 9.59856987 0.125000164
v -7.54874992 9.59856987 0.125000179
v -7.30125093 9.59856987 0.125000164
v -7.30125093 9.59856987 1.69295447e-07
v -7.54874992 9.59856987 0.125000179
v -7.30125093 9.59856987 1.69295447e-07
v -7.30125093 9.59856987 -0.124999881
v -7.54874992 9.59856987 -0.124999866
v -7.30125093 7.22356892 -0.124999881
v -7.1775012 7.22356892 -0.124999888
v -7.1775012 9.59856987 -0.124999888
v -7.30125093 4.84856892 -0.124999881
v -7.30125093 4.84856892 1.69295447e-07
v -7.30125093 2.47356892 1.69295447e-07
v -7.30125093 9.59856987 -0.124999881
v -7.30125093 9.59856987 1.69295447e-07
v -7.30125093 7.22356892 1.69295447e-07
v -7.30125093 7.22356892 -0.124999881
v -7.30125093 7.22356892 1.69295447e-07
v -7.30125093 4.84856892 1.69295447e-07
v -7.30125093 4.84856892 -0.249999896
v -7.17749977 4.84856892 -0.249999911
v -7.17749977 2.47356892 -0.249999911
v -7.30125093 2.47356892 0.125000164
v -7.17749977 2.47356892 0.125000164
v -7.17749977 0.0985689163 0.125000164
v -7.30125093 2.47356892 -0.124999881
v -7.30125093 2.47356892 1.69295447e-07
v -7.30124903 0.0985689163 1.69295333e-07
v -7.30125093 7.22356892 0.250000119
v -7.1775012 7.22356892 0.250000119
v -7.1775012 9.59856987 0.250000119
v -7.30125093 7.22356892 -0.249999896
v -7.1775012 7.22356892 -0.249999911
v -7.17749977 4.84856892 -0.249999911
v -7.30125093 4.84856892 -0.124999881
v -7.17749977 4.84856892 -0.124999888
v -7.1775012 7.22356892 -0.124999888
v -7.30125093 2.47356892 1.69295447e-07
v -7.30125093 2.47356892 0.125000164
v -7.30124903 0.0985689163 0.125000164
v -7.30125093 4.84856892 1.69295447e-07
v -7.30125093 4.84856892 0.125000164
v -7.30125093 2.47356892 0.125000164
v -7.30125093 9.59856987 -0.124999881
v -7.1775012 9.59856987 -0.124999888
v -7.1775012 9.59856987 -0.249999911
v -7.30125093 7.22356892 1.69295447e-07
v -7.30125093 7.22356892 0.125000164
v -7.30125093 4.84856892 0.125000164
v -7.30125093 9.59856987 1.69295447e-07
v -7.30125093 9.59856987 0.125000164
v -7.30125093 7.22356892 0.125000164
v -7.1775012 9.59856987 0.125000164
v -7.1775012 9.59856987 0.250000119
v -7.1775012 7.22356892 0.250000119
v -7.17749977 4.84856892 0.125000164
v -7.17749977 4.84856892 0.250000119
v -7.17749977 2.47356892 0.250000119
v -7.1775012 7.22356892 -0.249999911
v -7.1775012 7.22356892 -0.124999888
v -7.17749977 4.84856892 -0.124999888
v -7.1775012 9.59856987 -0.249999911
v -7.1775012 9.59856987 -0.124999888
v -7.1775012 7.22356892 -0.124999888
v -7.17749977 2.47356892 -0.249999911
v -7.17749977 2.47356892 -0.124999888
v -7.17749977 0.0985689163 -0.124999888
v -7.17749977 4.84856892 -0.249999911
v -7.17749977 4.84856892 -0.124999888
v -7.17749977 2.47356892 -0.124999888
v -7.17749977 2.47356892 0.125000164
v -7.17749977 2.47356892 0.250000119
v -7.17749977 0.0985689163 0.250000119
v -7.1775012 7.22356892 0.125000164
v -7.1775012 7.22356892 0.250000119
v -7.17749977 4.84856892 0.250000119
v -7.30124903 2.47356892 -0.249999896
v -7.17749977 2.47356892 -0.249999911
v -7.17749977 0.0985689163 -0.249999911
v -7.30124903 0.0985689163 -0.249999896
v -7.17749977 0.0985689163 -0.249999911
v -7.17749977 0.0985689163 -0.124999888
v -7.30125093 4.84856892 0.250000119
v -7.17749977 4.84856892 0.250000119
v -7.1775012 7.22356892 0.250000119
v -7.30125093 9.59856987 0.250000119
v -7.1775012 9.59856987 0.250000119
v -7.1775012 9.59856987 0.125000164
v -7.30125093 2.47356892 0.250000119
v -7.17749977 2.47356892 0.250000119
v -7.17749977 4.84856892 0.250000119
v -7.30124903 0.0985689163 -0.124999881
v -7.17749977 0.0985689163 -0.124999888
v -7.17749977 2.47356892 -0.124999888
v -7.30125093 7.22356892 0.125000164
v -7.1775012 7.22356892 0.125000164
v -7.17749977 4.84856892 0.125000164
v -7.30124903 0.0985689163 0.250000119
v -7.17749977 0.0985689163 0.250000119
v -7.17749977 2.47356892 0.250000119
v -7.30125093 9.59856987 -0.249999896
v -7.1775012 9.59856987 -0.249999911
v -7.1775012 7.22356892 -0.249999911
v -7.30125093 2.47356892 -0.124999881
v -7.17749977 2.47356892 -0.124999888
v -7.17749977 4.84856892 -0.124999888
v -7.30125093 9.59856987 0.125000164
v -7.1775012 9.59856987 0.125000164
v -7.1775012 7.22356892 0.125000164
v -7.30124903 0.0985689163 0.250000119
v -7.30124903 0.0985689163 0.125000164
v -7.17749977 0.0985689163 0.125000164
v -7.54874992 9.59856987 0.250000149
v -7.67250061 9.59856987 0.250000149
v -7.67250061 7.22356892 0.250000149
v -7.54874992 4.84856892 0.125000179
v -7.54874992 4.84856892 1.75034586e-07
v -7.54874992 2.47356892 1.75034586e-07
v -7.54874992 9.59856987 0.125000179
v -7.54874992 9.59856987 1.75034586e-07
v -7.54874992 7.22356892 1.75034586e-07
v -7.54874992 7.22356892 0.125000179
v -7.54874992 7.22356892 1.75034586e-07
v -7.54874992 4.84856892 1.75034586e-07
v -7.54874992 2.47356892 0.250000149
v -7.67250061 2.47356892 0.250000149
v -7.67250061 0.0985689163 0.250000149
v -7.54874992 9.59856987 -0.124999866
v -7.67250061 9.59856987 -0.124999858
v -7.67250061 7.22356892 -0.124999858
v -7.54874992 2.47356892 0.125000179
v -7.54874992 2.47356892 1.75034586e-07
v -7.54874992 0.0985689163 1.75034586e-07
v -7.54874992 0.0985689163 0.125000179
v -7.54874992 0.0985689163 0.250000149
v -7.67250061 0.0985689163 0.250000149
v -7.54874992 2.47356892 0.125000179
v -7.67250061 2.47356892 0.125000179
v -7.67250061 4.84856892 0.125000179
v -7.54874992 0.0985689163 -0.249999881
v -7.54874992 0.0985689163 -0.124999866
v -7.67250061 0.0985689163 -0.124999858
v -7.54874992 2.47356892 1.75034586e-07
v -7.54874992 2.47356892 -0.124999866
v -7.54874992 0.0985689163 -0.124999866
v -7.54874992 4.84856892 1.75034586e-07
v -7.54874992 4.84856892 -0.124999866
v -7.54874992 2.47356892 -0.124999866
v -7.54874992 7.22356892 -0.124999866
v -7.67250061 7.22356892 -0.124999858
v -7.67250061 4.84856892 -0.124999858
v -7.54874992 7.22356892 1.75034586e-07
v -7.54874992 7.22356892 -0.124999866
v -7.54874992 4.84856892 -0.124999866
v -7.54874992 9.59856987 1.75034586e-07
v -7.54874992 9.59856987 -0.124999866
v -7.54874992 7.22356892 -0.124999866
v -7.67250061 9.59856987 -0.124999858
v -7.67250061 9.59856987 -0.249999866
v -7.67250061 7.22356892 -0.249999866
v -7.67250061 4.84856892 -0.124999858
v -7.67250061 4.84856892 -0.249999866
v -7.67250061 2.47356892 -0.249999866
v -7.67250061 7.22356892 0.250000149
v -7.67250061 7.22356892 0.125000179
v -7.67250061 4.84856892 0.125000179
v -7.67250061 9.59856987 0.250000149
v -7.67250061 9.59856987 0.125000179
v -7.67250061 7.22356892 0.125000179
v -7.67250061 2.47356892 0.250000149
v -7.67250061 2.47356892 0.125000179
v -7.67250061 0.0985689163 0.125000179
v -7.67250061 4.84856892 0.250000149
v -7.67250061 4.84856892 0.125000179
v -7.67250061 2.47356892 0.125000179
v -7.67250061 2.47356892 -0.124999858
v -7.67250061 2.47356892 -0.249999866
v -7.67250061 0.0985689163 -0.249999866
v -7.67250061 7.22356892 -0.124999858
v -7.67250061 7.22356892 -0.249999866
v -7.67250061 4.84856892 -0.249999866
v -7.54874992 4.84856892 0.125000179
v -7.67250061 4.84856892 0.125000179
v -7.67250061 7.22356892 0.125000179
v -7.54874992 9.59856987 -0.249999881
v -7.67250061 9.59856987 -0.249999866
v -7.67250061 9.59856987 -0.124999858
v -7.54874992 7.22356892 -0.249999881
v -7.67250061 7.22356892 -0.249999866
v -7.67250061 9.59856987 -0.249999866
v -7.54874992 2.47356892 -0.124999866
v -7.67250061 2.47356892 -0.124999858
v -7.67250061 0.0985689163 -0.124999858
v -7.54874992 7.22356892 0.125000179
v -7.67250061 7.22356892 0.125000179
v -7.67250061 9.59856987 0.125000179
v -7.54874992 0.0985689163 -0.249999881
v -7.67250061 0.0985689163 -0.249999866
v -7.67250061 2.47356892 -0.249999866
v -7.54874992 4.84856892 0.250000149
v -7.67250061 4.84856892 0.250000149
v -7.67250061 2.47356892 0.250000149
v -7.54874992 4.84856892 -0.124999866
v -7.67250061 4.84856892 -0.124999858
v -7.67250061 2.47356892 -0.124999858
v -7.54874992 7.22356892 0.250000149
v -7.67250061 7.22356892 0.250000149
v -7.67250061 4.84856892 0.250000149
v -7.54874992 4.84856892 -0.249999881
v -7.67250061 4.84856892 -0.249999866
v -7.67250061 7.22356892 -0.249999866
v -7.54874992 2.47356892 -0.249999881
v -7.67250061 2.47356892 -0.249999866
v -7.67250061 4.84856892 -0.249999866
v -7.54874992 0.0985689163 0.125000179
v -7.67250061 0.0985689163 0.125000179
v -7.67250061 2.47356892 0.125000179
v 7.30124903 9.59856987 -7.37500048
v 7.17749977 9.59856987 -7.37500048
v 7.17749977 9.59856987 -7.25000048
v 7.54874992 0.09856987 -7.75000048
v 7.30125093 0.09856987 -7.75000048
v 7.30125093 2.47357035 -7.75000048
v 7.30125093 2.47357035 -7.75000048
v 7.30125093 4.84857035 -7.75000048
v 7.54874992 4.84857035 -7.75000048
v 7.30125093 4.84857035 -7.75000048
v 7.30125093 7.22357035 -7.75000048
v 7.54874992 4.84857035 -7.75000048
v 7.54874992 2.47357035 -7.75000048
v 7.54874992 0.09856987 -7.75000048
v 7.30125093 2.47357035 -7.75000048
v 7.54874992 9.59856987 -7.75000048
v 7.54874992 7.22357035 -7.75000048
v 7.30125093 7.22357035 -7.75000048
v 7.54874992 7.22357035 -7.75000048
v 7.54874992 4.84857035 -7.75000048
v 7.30125093 7.22357035 -7.75000048
v 7.54874992 4.84857035 -7.75000048
v 7.54874992 2.47357035 -7.75000048
v 7.30125093 2.47357035 -7.75000048
v 7.54874992 4.84857035 -7.37500048
v 7.67250061 4.84857035 -7.37500048
v 7.67250061 2.47357035 -7.37500048
v 7.30125093 0.09856987 -7.25000048
v 7.54874992 0.09856987 -7.25000048
v 7.54874992 2.47357035 -7.25000048
v 7.54874992 4.84857035 -7.25000048
v 7.54874992 7.22357035 -7.25000048
v 7.30125093 4.84857035 -7.25000048
v 7.54874992 7.22357035 -7.25000048
v 7.54874992 9.59856987 -7.25000048
v 7.30124903 7.22357035 -7.25000048
v 7.54874992 4.84857035 -7.25000048
v 7.30125093 2.47357035 -7.25000048
v 7.54874992 2.47357035 -7.25000048
v 7.30125093 0.09856987 -7.25000048
v 7.54874992 2.47357035 -7.25000048
v 7.30125093 2.47357035 -7.25000048
v 7.30125093 4.84857035 -7.25000048
v 7.30125093 2.47357035 -7.25000048
v 7.54874992 4.84857035 -7.25000048
v 7.30125093 4.84857035 -7.25000048
v 7.54874992 7.22357035 -7.25000048
v 7.30124903 7.22357035 -7.25000048
v 7.30125093 0.09856987 -7.62500048
v 7.30125093 0.09856987 -7.75000048
v 7.54874992 0.09856987 -7.75000048
v 7.54874992 0.09856987 -7.62500048
v 7.54874992 0.09856987 -7.50000048
v 7.30125093 0.09856987 -7.50000048
v 7.54874992 0.09856987 -7.50000048
v 7.54874992 0.09856987 -7.37500048
v 7.30125093 0.09856987 -7.50000048
v 7.30125093 0.09856987 -7.62500048
v 7.54874992 0.09856987 -7.75000048
v 7.54874992 0.09856987 -7.62500048
v 7.30125093 0.09856987 -7.25000048
v 7.30125093 0.09856987 -7.37500048
v 7.54874992 0.09856987 -7.37500048
v 7.30125093 0.09856987 -7.37500048
v 7.30125093 0.09856987 -7.50000048
v 7.54874992 0.09856987 -7.37500048
v 7.30125093 0.09856987 -7.50000048
v 7.30125093 0.09856987 -7.62500048
v 7.54874992 0.09856987 -7.62500048
v 7.54874992 9.59856987 -7.62500048
v 7.54874992 9.59856987 -7.75000048
v 7.30124903 9.59856987 -7.75000048
v 7.30124903 9.59856987 -7.62500048
v 7.30124903 9.59856987 -7.50000048
v 7.54874992 9.59856987 -7.50000048
v 7.30124903 9.59856987 -7.50000048
v 7.30124903 9.59856987 -7.37500048
v 7.54874992 9.59856987 -7.50000048
v 7.54874992 9.59856987 -7.62500048
v 7.30124903 9.59856987 -7.75000048
v 7.30124903 9.59856987 -7.62500048
v 7.54874992 9.59856987 -7.25000048
v 7.54874992 9.59856987 -7.37500048
v 7.30124903 9.59856987 -7.37500048
v 7.54874992 9.59856987 -7.37500048
v 7.54874992 9.59856987 -7.50000048
v 7.30124903 9.59856987 -7.37500048
v 7.54874992 9.59856987 -7.50000048
v 7.54874992 9.59856987 -7.62500048
v 7.30124903 9.59856987 -7.62500048
v 7.54874992 7.22357035 -7.62500048
v 7.67250061 7.22357035 -7.62500048
v 7.67250061 9.59856987 -7.62500048
v 7.54874992 4.84857035 -7.62500048
v 7.54874992 4.84857035 -7.50000048
v 7.54874992 2.47357035 -7.50000048
v 7.54874992 9.59856987 -7.62500048
v 7.54874992 9.59856987 -7.50000048
v 7.54874992 7.22357035 -7.50000048
v 7.54874992 7.22357035 -7.62500048
v 7.54874992 7.22357035 -7.50000048
v 7.54874992 4.84857035 -7.50000048
v 7.54874992 4.84857035 -7.75000048
v 7.67250061 4.84857035 -7.75000048
v 7.67250061 2.47357035 -7.75000048
v 7.54874992 2.47357035 -7.37500048
v 7.67250061 2.47357035 -7.37500048
v 7.67250061 0.09856987 -7.37500048
v 7.54874992 2.47357035 -7.62500048
v 7.54874992 2.47357035 -7.50000048
v 7.54874992 0.09856987 -7.50000048
v 7.54874992 7.22357035 -7.25000048
v 7.67250061 7.22357035 -7.25000048
v 7.67250061 9.59856987 -7.25000048
v 7.54874992 7.22357035 -7.75000048
v 7.67250061 7.22357035 -7.75000048
v 7.67250061 4.84857035 -7.75000048
v 7.54874992 4.84857035 -7.62500048
v 7.67250061 4.84857035 -7.62500048
v 7.67250061 7.22357035 -7.62500048
v 7.54874992 2.47357035 -7.50000048
v 7.54874992 2.47357035 -7.37500048
v 7.54874992 0.09856987 -7.37500048
v 7.54874992 4.84857035 -7.50000048
v 7.54874992 4.84857035 -7.37500048
v 7.54874992 2.47357035 -7.37500048
v 7.54874992 9.59856987 -7.62500048
v 7.67250061 9.59856987 -7.62500048
v 7.67250061 9.59856987 -7.75000048
v 7.54874992 7.22357035 -7.50000048
v 7.54874992 7.22357035 -7.37500048
v 7.54874992 4.84857035 -7.37500048
v 7.54874992 9.59856987 -7.50000048
v 7.54874992 9.59856987 -7.37500048
v 7.54874992 7.22357035 -7.37500048
v 7.67250061 9.59856987 -7.37500048
v 7.67250061 9.59856987 -7.25000048
v 7.67250061 7.22357035 -7.25000048
v 7.67250061 4.84857035 -7.37500048
v 7.67250061 4.84857035 -7.25000048
v 7.67250061 2.47357035 -7.25000048
v 7.67250061 7.22357035 -7.75000048
v 7.67250061 7.22357035 -7.62500048
v 7.67250061 4.84857035 -7.62500048
v 7.67250061 9.59856987 -7.75000048
v 7.67250061 9.59856987 -7.62500048
v 7.67250061 7.22357035 -7.62500048
v 7.67250061 2.47357035 -7.75000048
v 7.67250061 2.47357035 -7.62500048
v 7.67250061 0.09856987 -7.62500048
v 7.67250061 4.84857035 -7.75000048
v 7.67250061 4.84857035 -7.62500048
v 7.67250061 2.47357035 -7.62500048
v 7.67250061 2.47357035 -7.37500048
v 7.67250061 2.47357035 -7.25000048
v 7.67250061 0.09856987 -7.25000048
v 7.67250061 7.22357035 -7.37500048
v 7.67250061 7.22357035 -7.25000048
v 7.67250061 4.84857035 -7.25000048
v 7.54874992 2.47357035 -7.75000048
v 7.67250061 2.47357035 -7.75000048
v 7.67250061 0.09856987 -7.75000048
v 7.54874992 0.09856987 -7.75000048
v 7.67250061 0.09856987 -7.75000048
v 7.67250061 0.09856987 -7.62500048
v 7.54874992 4.84857035 -7.25000048
v 7.67250061 4.84857035 -7.25000048
v 7.67250061 7.22357035 -7.25000048
v 7.54874992 9.59856987 -7.25000048
v 7.67250061 9.59856987 -7.25000048
v 7.67250061 9.59856987 -7.37500048
v 7.54874992 2.47357035 -7.25000048
v 7.67250061 2.47357035 -7.25000048
v 7.67250061 4.84857035 -7.25000048
v 7.54874992 0.09856987 -7.62500048
v 7.67250061 0.09856987 -7.62500048
v 7.67250061 2.47357035 -7.62500048
v 7.54874992 7.22357035 -7.37500048
v 7.67250061 7.22357035 -7.37500048
v 7.67250061 4.84857035 -7.37500048
v 7.54874992 0.09856987 -7.25000048
v 7.67250061 0.09856987 -7.25000048
v 7.67250061 2.47357035 -7.25000048
v 7.54874992 9.59856987 -7.75000048
v 7.67250061 9.59856987 -7.75000048
v 7.67250061 7.22357035 -7.75000048
v 7.54874992 2.47357035 -7.62500048
v 7.67250061 2.47357035 -7.62500048
v 7.67250061 4.84857035 -7.62500048
v 7.54874992 9.59856987 -7.37500048
v 7.67250061 9.59856987 -7.37500048
v 7.67250061 7.22357035 -7.37500048
v 7.54874992 0.09856987 -7.37500048
v 7.67250061 0.09856987 -7.37500048
v 7.67250061 0.09856987 -7.25000048
v 7.30124903 9.59856987 -7.25000048
v 7.17749977 9.59856987 -7.25000048
v 7.17749977 7.22357035 -7.25000048
v 7.30125093 4.84857035 -7.37500048
v 7.30125093 4.84857035 -7.50000048
v 7.30125093 2.47357035 -7.50000048
v 7.30124903 9.59856987 -7.37500048
v 7.30124903 9.59856987 -7.50000048
v 7.30125093 7.22357035 -7.50000048
v 7.30125093 7.22357035 -7.37500048
v 7.30125093 7.22357035 -7.50000048
v 7.30125093 4.84857035 -7.50000048
v 7.30125093 2.47357035 -7.25000048
v 7.1775012 2.47357035 -7.25000048
v 7.1775012 0.09856987 -7.25000048
v 7.30124903 9.59856987 -7.62500048
v 7.17749977 9.59856987 -7.62500048
v 7.17749977 7.22357035 -7.62500048
v 7.30125093 2.47357035 -7.37500048
v 7.30125093 2.47357035 -7.50000048
v 7.30125093 0.09856987 -7.50000048
v 7.30125093 0.09856987 -7.25000048
v 7.1775012 0.09856987 -7.25000048
v 7.1775012 0.09856987 -7.37500048
v 7.30125093 2.47357035 -7.37500048
v 7.1775012 2.47357035 -7.37500048
v 7.17749977 4.84857035 -7.37500048
v 7.30125093 0.09856987 -7.62500048
v 7.1775012 0.09856987 -7.62500048
v 7.1775012 0.09856987 -7.75000048
v 7.30125093 2.47357035 -7.50000048
v 7.30125093 2.47357035 -7.62500048
v 7.30125093 0.09856987 -7.62500048
v 7.30125093 4.84857035 -7.50000048
v 7.30125093 4.84857035 -7.62500048
v 7.30125093 2.47357035 -7.62500048
v 7.30125093 7.22357035 -7.62500048
v 7.17749977 7.22357035 -7.62500048
v 7.17749977 4.84857035 -7.62500048
v 7.30125093 7.22357035 -7.50000048
v 7.30125093 7.22357035 -7.62500048
v 7.30125093 4.84857035 -7.62500048
v 7.30124903 9.59856987 -7.50000048
v 7.30124903 9.59856987 -7.62500048
v 7.30125093 7.22357035 -7.62500048
v 7.17749977 9.59856987 -7.62500048
v 7.17749977 9.59856987 -7.75000048
v 7.17749977 7.22357035 -7.75000048
v 7.17749977 4.84857035 -7.62500048
v 7.17749977 4.84857035 -7.75000048
v 7.1775012 2.47357035 -7.75000048
v 7.17749977 7.22357035 -7.25000048
v 7.17749977 7.22357035 -7.37500048
v 7.17749977 4.84857035 -7.37500048
v 7.17749977 9.59856987 -7.25000048
v 7.17749977 9.59856987 -7.37500048
v 7.17749977 7.22357035 -7.37500048
v 7.1775012 2.47357035 -7.25000048
v 7.1775012 2.47357035 -7.37500048
v 7.1775012 0.09856987 -7.37500048
v 7.17749977 4.84857035 -7.25000048
v 7.17749977 4.84857035 -7.37500048
v 7.1775012 2.47357035 -7.37500048
v 7.1775012 2.47357035 -7.62500048
v 7.1775012 2.47357035 -7.75000048
v 7.1775012 0.09856987 -7.75000048
v 7.17749977 7.22357035 -7.62500048
v 7.17749977 7.22357035 -7.75000048
v 7.17749977 4.84857035 -7.75000048
v 7.30125093 4.84857035 -7.37500048
v 7.17749977 4.84857035 -7.37500048
v 7.17749977 7.22357035 -7.37500048
v 7.30124903 9.59856987 -7.75000048
v 7.17749977 9.59856987 -7.75000048
v 7.17749977 9.59856987 -7.62500048
v 7.30125093 7.22357035 -7.75000048
v 7.17749977 7.22357035 -7.75000048
v 7.17749977 9.59856987 -7.75000048
v 7.30125093 2.47357035 -7.62500048
v 7.1775012 2.47357035 -7.62500048
v 7.1775012 0.09856987 -7.62500048
v 7.30125093 7.22357035 -7.37500048
v 7.17749977 7.22357035 -7.37500048
v 7.17749977 9.59856987 -7.37500048
v 7.30125093 0.09856987 -7.75000048
v 7.1775012 0.09856987 -7.75000048
v 7.1775012 2.47357035 -7.75000048
v 7.30125093 4.84857035 -7.25000048
v 7.17749977 4.84857035 -7.25000048
v 7.1775012 2.47357035 -7.25000048
v 7.30125093 4.84857035 -7.62500048
v 7.17749977 4.84857035 -7.62500048
v 7.1775012 2.47357035 -7.62500048
v 7.30124903 7.22357035 -7.25000048
v 7.17749977 7.22357035 -7.25000048
v 7.17749977 4.84857035 -7.25000048
v 7.30125093 4.84857035 -7.75000048
v 7.17749977 4.84857035 -7.75000048
v 7.17749977 7.22357035 -7.75000048
v 7.30125093 2.47357035 -7.75000048
v 7.1775012 2.47357035 -7.75000048
v 7.17749977 4.84857035 -7.75000048
v 7.30125093 0.09856987 -7.37500048
v 7.1775012 0.09856987 -7.37500048
v 7.1775012 2.47357035 -7.37500048
v 14.8500004 9.72356892 -7.37500095
v 14.8500004 9.72356892 -7.25000095
v 14.8500004 9.59856892 -7.25000095
v -14.8500004 10.0985708 -7.62499905
v -14.8500004 10.0985708 -7.37499905
v -7.42500019 10.0985708 -7.37499952
v 0 10.0985699 -7.375
v 7.42500019 10.0985689 -7.37500048
v 7.42500019 10.0985689 -7.62500048
v 7.42500019 10.0985689 -7.37500048
v 14.8500004 10.0985689 -7.37500095
v 14.8500004 10.0985689 -7.62500095
v -14.8500004 10.0985708 -7.62499905
v -7.42500019 10.0985708 -7.37499952
v -7.42500019 10.0985708 -7.62499952
v -7.42500019 10.0985708 -7.37499952
v 0 10.0985699 -7.375
v -7.42500019 10.0985708 -7.62499952
v 7.42500019 10.0985689 -7.62500048
v 0 10.0985699 -7.625
v 0 10.0985699 -7.375
v 0 10.0985699 -7.625
v -7.42500019 10.0985708 -7.62499952
v 0 10.0985699 -7.375
v 0 9.72356987 -7.625
v 0 9.72356987 -7.75
v -7.42500019 9.72357082 -7.74999952
v -14.8500004 9.59857082 -7.37499905
v -14.8500004 9.59857082 -7.62499905
v -7.42500019 9.59856987 -7.62499952
v 0 9.59856987 -7.625
v 7.42500019 9.59856892 -7.62500048
v 7.42500019 9.59856892 -7.37500048
v 7.42500019 9.59856892 -7.62500048
v 14.8500004 9.59856892 -7.62500095
v 14.8500004 9.59856892 -7.37500095
v -14.8500004 9.59857082 -7.37499905
v -7.42500019 9.59856987 -7.62499952
v -7.42500019 9.59856987 -7.37499952
v -7.42500019 9.59856987 -7.62499952
v 0 9.59856987 -7.625
v -7.42500019 9.59856987 -7.37499952
v 7.42500019 9.59856892 -7.37500048
v 0 9.59856987 -7.375
v 0 9.59856987 -7.625
v 0 9.59856987 -7.375
v -7.42500019 9.59856987 -7.37499952
v 0 9.59856987 -7.625
v -14.8500004 9.97357082 -7.37499905
v -14.8500004 10.0985708 -7.37499905
v -14.8500004 10.0985708 -7.62499905
v -14.8500004 9.97357082 -7.62499905
v -14.8500004 9.84857082 -7.62499905
v -14.8500004 9.84857082 -7.37499905
v -14.8500004 9.84857082 -7.62499905
v -14.8500004 9.72357082 -7.62499905
v -14.8500004 9.84857082 -7.37499905
v -14.8500004 9.97357082 -7.37499905
v -14.8500004 10.0985708 -7.62499905
v -14.8500004 9.97357082 -7.62499905
v -14.8500004 9.59857082 -7.37499905
v -14.8500004 9.72357082 -7.37499905
v -14.8500004 9.72357082 -7.62499905
v -14.8500004 9.72357082 -7.37499905
v -14.8500004 9.84857082 -7.37499905
v -14.8500004 9.72357082 -7.62499905
v -14.8500004 9.84857082 -7.37499905
v -14.8500004 9.97357082 -7.37499905
v -14.8500004 9.97357082 -7.62499905
v 14.8500004 9.97356892 -7.62500095
v 14.8500004 10.0985689 -7.62500095
v 14.8500004 10.0985689 -7.37500095
v 14.8500004 9.97356892 -7.37500095
v 14.8500004 9.84856892 -7.37500095
v 14.8500004 9.84856892 -7.62500095
v 14.8500004 9.84856892 -7.37500095
v 14.8500004 9.72356892 -7.37500095
v 14.8500004 9.84856892 -7.62500095
v 14.8500004 9.97356892 -7.62500095
v 14.8500004 10.0985689 -7.37500095
v 14.8500004 9.97356892 -7.37500095
v 14.8500004 9.59856892 -7.62500095
v 14.8500004 9.72356892 -7.62500095
v 14.8500004 9.72356892 -7.37500095
v 14.8500004 9.72356892 -7.62500095
v 14.8500004 9.84856892 -7.62500095
v 14.8500004 9.72356892 -7.37500095
v 14.8500004 9.84856892 -7.62500095
v 14.8500004 9.97356892 -7.62500095
v 14.8500004 9.97356892 -7.37500095
v 7.42500019 9.97356892 -7.62500048
v 7.42500019 9.97356892 -7.75000048
v 14.8500004 9.97356892 -7.75000095
v 0 9.97356987 -7.625
v 0 9.84856987 -7.625
v -7.42500019 9.84857082 -7.62499952
v 14.8500004 9.97356892 -7.62500095
v 14.8500004 9.84856892 -7.62500095
v 7.42500019 9.84856892 -7.62500048
v 7.42500019 9.97356892 -7.62500048
v 7.42500019 9.84856892 -7.62500048
v 0 9.84856987 -7.625
v 0 10.0985699 -7.625
v 0 10.0985699 -7.75
v -7.42500019 10.0985708 -7.74999952
v -7.42500019 9.72357082 -7.62499952
v -7.42500019 9.72357082 -7.74999952
v -14.8500004 9.72357082 -7.74999905
v -7.42500019 9.97357082 -7.62499952
v -7.42500019 9.84857082 -7.62499952
v -14.8500004 9.84857082 -7.62499905
v 7.42500019 9.59856892 -7.62500048
v 7.42500019 9.59856892 -7.75000048
v 14.8500004 9.59856892 -7.75000095
v 7.42500019 10.0985689 -7.62500048
v 7.42500019 10.0985689 -7.75000048
v 0 10.0985699 -7.75
v 0 9.97356987 -7.625
v 0 9.97356987 -7.75
v 7.42500019 9.97356892 -7.75000048
v -7.42500019 9.84857082 -7.62499952
v -7.42500019 9.72357082 -7.62499952
v -14.8500004 9.72357082 -7.62499905
v 0 9.84856987 -7.625
v 0 9.72356987 -7.625
v -7.42500019 9.72357082 -7.62499952
v 14.8500004 9.97356892 -7.62500095
v 14.8500004 9.97356892 -7.75000095
v 14.8500004 10.0985689 -7.75000095
v 7.42500019 9.84856892 -7.62500048
v 7.42500019 9.72356892 -7.62500048
v 0 9.72356987 -7.625
v 14.8500004 9.84856892 -7.62500095
v 14.8500004 9.72356892 -7.62500095
v 7.42500019 9.72356892 -7.62500048
v 14.8500004 9.72356892 -7.75000095
v 14.8500004 9.59856892 -7.75000095
v 7.42500019 9.59856892 -7.75000048
v 0 9.72356987 -7.75
v 0 9.59856987 -7.75
v -7.42500019 9.59856987 -7.74999952
v 7.42500019 10.0985689 -7.75000048
v 7.42500019 9.97356892 -7.75000048
v 0 9.97356987 -7.75
v 14.8500004 10.0985689 -7.75000095
v 14.8500004 9.97356892 -7.75000095
v 7.42500019 9.97356892 -7.75000048
v -7.42500019 10.0985708 -7.74999952
v -7.42500019 9.97357082 -7.74999952
v -14.8500004 9.97357082 -7.74999905
v 0 10.0985699 -7.75
v 0 9.97356987 -7.75
v -7.42500019 9.97357082 -7.74999952
v -7.42500019 9.72357082 -7.74999952
v -7.42500019 9.59856987 -7.74999952
v -14.8500004 9.59857082 -7.74999905
v 7.42500019 9.72356892 -7.75000048
v 7.42500019 9.59856892 -7.75000048
v 0 9.59856987 -7.75
v -7.42500019 10.0985708 -7.62499952
v -7.42500019 10.0985708 -7.74999952
v -14.8500004 10.0985708 -7.74999905
v -14.8500004 10.0985708 -7.62499905
v -14.8500004 10.0985708 -7.74999905
v -14.8500004 9.97357082 -7.74999905
v 0 9.59856987 -7.625
v 0 9.59856987 -7.75
v 7.42500019 9.59856892 -7.75000048
v 14.8500004 9.59856892 -7.62500095
v 14.8500004 9.59856892 -7.75000095
v 14.8500004 9.72356892 -7.75000095
v -7.42500019 9.59856987 -7.62499952
v -7.42500019 9.59856987 -7.74999952
v 0 9.59856987 -7.75
v -14.8500004 9.97357082 -7.62499905
v -14.8500004 9.97357082 -7.74999905
v -7.42500019 9.97357082 -7.74999952
v 7.42500019 9.72356892 -7.62500048
v 7.42500019 9.72356892 -7.75000048
v 0 9.72356987 -7.75
v -14.8500004 9.59857082 -7.62499905
v -14.8500004 9.59857082 -7.74999905
v -7.42500019 9.59856987 -7.74999952
v 14.8500004 10.0985689 -7.62500095
v 14.8500004 10.0985689 -7.75000095
v 7.42500019 10.0985689 -7.75000048
v -7.42500019 9.97357082 -7.62499952
v -7.42500019 9.97357082 -7.74999952
v 0 9.97356987 -7.75
v 14.8500004 9.72356892 -7.62500095
v 14.8500004 9.72356892 -7.75000095
v 7.42500019 9.72356892 -7.75000048
v -14.8500004 9.72357082 -7.62499905
v -14.8500004 9.72357082 -7.74999905
v -14.8500004 9.59857082 -7.74999905
v 14.8500004 9.59856892 -7.37500095
v 14.8500004 9.59856892 -7.25000095
v 7.42500019 9.59856892 -7.25000048
v 0 9.72356987 -7.375
v 0 9.84856987 -7.375
v -7.42500019 9.84857082 -7.37499952
v 14.8500004 9.72356892 -7.37500095
v 14.8500004 9.84856892 -7.37500095
v 7.42500019 9.84856892 -7.37500048
v 7.42500019 9.72356892 -7.37500048
v 7.42500019 9.84856892 -7.37500048
v 0 9.84856987 -7.375
v -7.42500019 9.59856987 -7.37499952
v -7.42500019 9.59856987 -7.24999952
v -14.8500004 9.59857082 -7.24999905
v 14.8500004 9.97356892 -7.37500095
v 14.8500004 9.97356892 -7.25000095
v 7.42500019 9.97356892 -7.25000048
v -7.42500019 9.72357082 -7.37499952
v -7.42500019 9.84857082 -7.37499952
v -14.8500004 9.84857082 -7.37499905
v -14.8500004 9.59857082 -7.37499905
v -14.8500004 9.59857082 -7.24999905
v -14.8500004 9.72357082 -7.24999905
v -7.42500019 9.72357082 -7.37499952
v -7.42500019 9.72357082 -7.24999952
v 0 9.72356987 -7.25
v -14.8500004 9.97357082 -7.37499905
v -14.8500004 9.97357082 -7.24999905
v -14.8500004 10.0985708 -7.24999905
v -7.42500019 9.84857082 -7.37499952
v -7.42500019 9.97357082 -7.37499952
v -14.8500004 9.97357082 -7.37499905
v 0 9.84856987 -7.375
v 0 9.97356987 -7.375
v -7.42500019 9.97357082 -7.37499952
v 7.42500019 9.97356892 -7.37500048
v 7.42500019 9.97356892 -7.25000048
v 0 9.97356987 -7.25
v 7.42500019 9.84856892 -7.37500048
v 7.42500019 9.97356892 -7.37500048
v 0 9.97356987 -7.375
v 14.8500004 9.84856892 -7.37500095
v 14.8500004 9.97356892 -7.37500095
v 7.42500019 9.97356892 -7.37500048
v 14.8500004 9.97356892 -7.25000095
v 14.8500004 10.0985689 -7.25000095
v 7.42500019 10.0985689 -7.25000048
v 0 9.97356987 -7.25
v 0 10.0985699 -7.25
v -7.42500019 10.0985708 -7.24999952
v 7.42500019 9.59856892 -7.25000048
v 7.42500019 9.72356892 -7.25000048
v 0 9.72356987 -7.25
v 14.8500004 9.59856892 -7.25000095
v 14.8500004 9.72356892 -7.25000095
v 7.42500019 9.72356892 -7.25000048
v -7.42500019 9.59856987 -7.24999952
v -7.42500019 9.72357082 -7.24999952
v -14.8500004 9.72357082 -7.24999905
v 0 9.59856987 -7.25
v 0 9.72356987 -7.25
v -7.42500019 9.72357082 -7.24999952
v -7.42500019 9.97357082 -7.24999952
v -7.42500019 10.0985708 -7.24999952
v -14.8500004 10.0985708 -7.24999905
v 7.42500019 9.97356892 -7.25000048
v 7.42500019 10.0985689 -7.25000048
v 0 10.0985699 -7.25
v 0 9.72356987 -7.375
v 0 9.72356987 -7.25
v 7.42500019 9.72356892 -7.25000048
v 14.8500004 10.0985689 -7.37500095
v 14.8500004 10.0985689 -7.25000095
v 14.8500004 9.97356892 -7.25000095
v 7.42500019 10.0985689 -7.37500048
v 7.42500019 10.0985689 -7.25000048
v 14.8500004 10.0985689 -7.25000095
v -7.42500019 9.97357082 -7.37499952
v -7.42500019 9.97357082 -7.24999952
v -14.8500004 9.97357082 -7.24999905
v 7.42500019 9.72356892 -7.37500048
v 7.42500019 9.72356892 -7.25000048
v 14.8500004 9.72356892 -7.25000095
v -14.8500004 10.0985708 -7.37499905
v -14.8500004 10.0985708 -7.24999905
v -7.42500019 10.0985708 -7.24999952
v 0 9.59856987 -7.375
v 0 9.59856987 -7.25
v -7.42500019 9.59856987 -7.24999952
v 0 9.97356987 -7.375
v 0 9.97356987 -7.25
v -7.42500019 9.97357082 -7.24999952
v 7.42500019 9.59856892 -7.37500048
v 7.42500019 9.59856892 -7.25000048
v 0 9.59856987 -7.25
v 0 10.0985699 -7.375
v 0 10.0985699 -7.25
v 7.42500019 10.0985689 -7.25000048
v -7.42500019 10.0985708 -7.37499952
v -7.42500019 10.0985708 -7.24999952
v 0 10.0985699 -7.25
v -14.8500004 9.72357082 -7.37499905
v -14.8500004 9.72357082 -7.24999905
v -7.42500019 9.72357082 -7.24999952
v -7.54874992 9.59856987 -7.37499952
v -7.67250061 9.59856987 -7.37499952
v -7.67250061 9.59856987 -7.24999952
v -7.30124903 0.0985689163 -7.74999952
v -7.54874992 0.0985689163 -7.74999952
v -7.54874992 2.47356892 -7.74999952
v -7.54874992 4.84856892 -7.74999952
v -7.54874992 7.22356892 -7.74999952
v -7.30124903 4.84856892 -7.74999952
v -7.54874992 7.22356892 -7.74999952
v -7.54874992 9.59856987 -7.74999952
v -7.30124903 7.22356892 -7.74999952
v -7.30124903 4.84856892 -7.74999952
v -7.54874992 7.22356892 -7.74999952
v -7.30124903 7.22356892 -7.74999952
v -7.30124903 0.0985689163 -7.74999952
v -7.54874992 2.47356892 -7.74999952
v -7.30124903 2.47356892 -7.74999952
v -7.54874992 2.47356892 -7.74999952
v -7.54874992 4.84856892 -7.74999952
v -7.30124903 2.47356892 -7.74999952
v -7.30124903 4.84856892 -7.74999952
v -7.30124903 2.47356892 -7.74999952
v -7.54874992 4.84856892 -7.74999952
v -7.30124903 4.84856892 -7.37499952
v -7.17749977 4.84856892 -7.37499952
v -7.17749977 2.47356892 -7.37499952
v -7.54874992 0.0985689163 -7.24999952
v -7.30124903 0.0985689163 -7.24999952
v -7.30124903 2.47356892 -7.24999952
v -7.30124903 4.84856892 -7.24999952
v -7.30124903 7.22356892 -7.24999952
v -7.54874992 4.84856892 -7.24999952
v -7.30124903 7.22356892 -7.24999952
v -7.30124903 9.59856987 -7.24999952
v -7.54874992 7.22356892 -7.24999952
v -7.30124903 4.84856892 -7.24999952
v -7.54874992 4.84856892 -7.24999952
v -7.54874992 2.47356892 -7.24999952
v -7.54874992 0.0985689163 -7.24999952
v -7.30124903 2.47356892 -7.24999952
v -7.54874992 2.47356892 -7.24999952
v -7.30124903 2.47356892 -7.24999952
v -7.30124903 4.84856892 -7.24999952
v -7.54874992 2.47356892 -7.24999952
v -7.30124903 9.59856987 -7.24999952
v -7.54874992 9.59856987 -7.24999952
v -7.54874992 7.22356892 -7.24999952
v -7.54874992 0.0985689163 -7.62499952
v -7.54874992 0.0985689163 -7.74999952
v -7.30124903 0.0985689163 -7.74999952
v -7.30124903 0.0985689163 -7.62499952
v -7.30124903 0.0985689163 -7.49999952
v -7.54874992 0.0985689163 -7.49999952
v -7.30124903 0.0985689163 -7.49999952
v -7.30124903 0.0985689163 -7.37499952
v -7.54874992 0.0985689163 -7.49999952
v -7.54874992 0.0985689163 -7.62499952
v -7.30124903 0.0985689163 -7.74999952
v -7.30124903 0.0985689163 -7.62499952
v -7.54874992 0.0985689163 -7.24999952
v -7.54874992 0.0985689163 -7.37499952
v -7.30124903 0.0985689163 -7.37499952
v -7.54874992 0.0985689163 -7.37499952
v -7.54874992 0.0985689163 -7.49999952
v -7.30124903 0.0985689163 -7.37499952
v -7.54874992 0.0985689163 -7.49999952
v -7.54874992 0.0985689163 -7.62499952
v -7.30124903 0.0985689163 -7.62499952
v -7.30124903 9.59856987 -7.62499952
v -7.30124903 9.59856987 -7.74999952
v -7.54874992 9.59856987 -7.74999952
v -7.54874992 9.59856987 -7.62499952
v -7.54874992 9.59856987 -7.49999952
v -7.30124903 9.59856987 -7.49999952
v -7.54874992 9.59856987 -7.49999952
v -7.54874992 9.59856987 -7.37499952
v -7.30124903 9.59856987 -7.49999952
v -7.30124903 9.59856987 -7.62499952
v -7.54874992 9.59856987 -7.74999952
v -7.54874992 9.59856987 -7.62499952
v -7.30124903 9.59856987 -7.24999952
v -7.30124903 9.59856987 -7.37499952
v -7.54874992 9.59856987 -7.37499952
v -7.30124903 9.59856987 -7.37499952
v -7.30124903 9.59856987 -7.49999952
v -7.54874992 9.59856987 -7.37499952
v -7.30124903 9.59856987 -7.49999952
v -7.30124903 9.59856987 -7.62499952
v -7.54874992 9.59856987 -7.62499952
v -7.30124903 7.22356892 -7.62499952
v -7.17749977 7.22356892 -7.62499952
v -7.17749977 9.59856987 -7.62499952
v -7.30124903 4.84856892 -7.62499952
v -7.30124903 4.84856892 -7.49999952
v -7.30124903 2.47356892 -7.49999952
v -7.30124903 9.59856987 -7.62499952
v -7.30124903 9.59856987 -7.49999952
v -7.30124903 7.22356892 -7.49999952
v -7.30124903 7.22356892 -7.62499952
v -7.30124903 7.22356892 -7.49999952
v -7.30124903 4.84856892 -7.49999952
v -7.30124903 4.84856892 -7.74999952
v -7.17749977 4.84856892 -7.74999952
v -7.17749977 2.47356892 -7.74999952
v -7.30124903 2.47356892 -7.37499952
v -7.17749977 2.47356892 -7.37499952
v -7.17749977 0.0985689163 -7.37499952
v -7.30124903 2.47356892 -7.62499952
v -7.30124903 2.47356892 -7.49999952
v -7.30124903 0.0985689163 -7.49999952
v -7.30124903 7.22356892 -7.24999952
v -7.17749977 7.22356892 -7.24999952
v -7.17749977 9.59856987 -7.24999952
v -7.30124903 7.22356892 -7.74999952
v -7.17749977 7.22356892 -7.74999952
v -7.17749977 4.84856892 -7.74999952
v -7.30124903 4.84856892 -7.62499952
v -7.17749977 4.84856892 -7.62499952
v -7.17749977 7.22356892 -7.62499952
v -7.30124903 2.47356892 -7.49999952
v -7.30124903 2.47356892 -7.37499952
v -7.30124903 0.0985689163 -7.37499952
v -7.30124903 4.84856892 -7.49999952
v -7.30124903 4.84856892 -7.37499952
v -7.30124903 2.47356892 -7.37499952
v -7.30124903 9.59856987 -7.62499952
v -7.17749977 9.59856987 -7.62499952
v -7.17749977 9.59856987 -7.74999952
v -7.30124903 7.22356892 -7.49999952
v -7.30124903 7.22356892 -7.37499952
v -7.30124903 4.84856892 -7.37499952
v -7.30124903 9.59856987 -7.49999952
v -7.30124903 9.59856987 -7.37499952
v -7.30124903 7.22356892 -7.37499952
v -7.17749977 9.59856987 -7.37499952
v -7.17749977 9.59856987 -7.24999952
v -7.17749977 7.22356892 -7.24999952
v -7.17749977 4.84856892 -7.37499952
v -7.17749977 4.84856892 -7.24999952
v -7.17749977 2.47356892 -7.24999952
v -7.17749977 7.22356892 -7.74999952
v -7.17749977 7.22356892 -7.62499952
v -7.17749977 4.84856892 -7.62499952
v -7.17749977 9.59856987 -7.74999952
v -7.17749977 9.59856987 -7.62499952
v -7.17749977 7.22356892 -7.62499952
v -7.17749977 2.47356892 -7.74999952
v -7.17749977 2.47356892 -7.62499952
v -7.17749977 0.0985689163 -7.62499952
v -7.17749977 4.84856892 -7.74999952
v -7.17749977 4.84856892 -7.62499952
v -7.17749977 2.47356892 -7.62499952
v -7.17749977 2.47356892 -7.37499952
v -7.17749977 2.47356892 -7.24999952
v -7.17749977 0.0985689163 -7.24999952
v -7.17749977 7.22356892 -7.37499952
v -7.17749977 7.22356892 -7.24999952
v -7.17749977 4.84856892 -7.24999952
v -7.30124903 2.47356892 -7.74999952
v -7.17749977 2.47356892 -7.74999952
v -7.17749977 0.0985689163 -7.74999952
v -7.30124903 0.0985689163 -7.74999952
v -7.17749977 0.0985689163 -7.74999952
v -7.17749977 0.0985689163 -7.62499952
v -7.30124903 4.84856892 -7.24999952
v -7.17749977 4.84856892 -7.24999952
v -7.17749977 7.22356892 -7.24999952
v -7.30124903 9.59856987 -7.24999952
v -7.17749977 9.59856987 -7.24999952
v -7.17749977 9.59856987 -7.37499952
v -7.30124903 2.47356892 -7.24999952
v -7.17749977 2.47356892 -7.24999952
v -7.17749977 4.84856892 -7.24999952
v -7.30124903 0.0985689163 -7.62499952
v -7.17749977 0.0985689163 -7.62499952
v -7.17749977 2.47356892 -7.62499952
v -7.30124903 7.22356892 -7.37499952
v -7.17749977 7.22356892 -7.37499952
v -7.17749977 4.84856892 -7.37499952
v -7.30124903 0.0985689163 -7.24999952
v -7.17749977 0.0985689163 -7.24999952
v -7.17749977 2.47356892 -7.24999952
v -7.30124903 9.59856987 -7.74999952
v -7.17749977 9.59856987 -7.74999952
v -7.17749977 7.22356892 -7.74999952
v -7.30124903 2.47356892 -7.62499952
v -7.17749977 2.47356892 -7.62499952
v -7.17749977 4.84856892 -7.62499952
v -7.30124903 9.59856987 -7.37499952
v -7.17749977 9.59856987 -7.37499952
v -7.17749977 7.22356892 -7.37499952
v -7.30124903 0.0985689163 -7.37499952
v -7.17749977 0.0985689163 -7.37499952
v -7.17749977 0.0985689163 -7.24999952
v -7.54874992 9.59856987 -7.24999952
v -7.67250061 9.59856987 -7.24999952
v -7.67250061 7.22356892 -7.24999952
v -7.54874992 4.84856892 -7.37499952
v -7.54874992 4.84856892 -7.49999952
v -7.54874992 2.47356892 -7.49999952
v -7.54874992 9.59856987 -7.37499952
v -7.54874992 9.59856987 -7.49999952
v -7.54874992 7.22356892 -7.49999952
v -7.54874992 7.22356892 -7.37499952
v -7.54874992 7.22356892 -7.49999952
v -7.54874992 4.84856892 -7.49999952
v -7.54874992 2.47356892 -7.24999952
v -7.67250061 2.47356892 -7.24999952
v -7.67250061 0.0985689163 -7.24999952
v -7.54874992 9.59856987 -7.62499952
v -7.67250061 9.59856987 -7.62499952
v -7.67250061 7.22356892 -7.62499952
v -7.54874992 2.47356892 -7.37499952
v -7.54874992 2.47356892 -7.49999952
v -7.54874992 0.0985689163 -7.49999952
v -7.54874992 0.0985689163 -7.24999952
v -7.67250061 0.0985689163 -7.24999952
v -7.67250061 0.0985689163 -7.37499952
v -7.54874992 2.47356892 -7.37499952
v -7.67250061 2.47356892 -7.37499952
v -7.67250061 4.84856892 -7.37499952
v -7.54874992 0.0985689163 -7.62499952
v -7.67250061 0.0985689163 -7.62499952
v -7.67250061 0.0985689163 -7.74999952
v -7.54874992 2.47356892 -7.49999952
v -7.54874992 2.47356892 -7.62499952
v -7.54874992 0.0985689163 -7.62499952
v -7.54874992 4.84856892 -7.49999952
v -7.54874992 4.84856892 -7.62499952
v -7.54874992 2.47356892 -7.62499952
v -7.54874992 7.22356892 -7.62499952
v -7.67250061 7.22356892 -7.62499952
v -7.67250061 4.84856892 -7.62499952
v -7.54874992 7.22356892 -7.49999952
v -7.54874992 7.22356892 -7.62499952
v -7.54874992 4.84856892 -7.62499952
v -7.54874992 9.59856987 -7.49999952
v -7.54874992 9.59856987 -7.62499952
v -7.54874992 7.22356892 -7.62499952
v -7.67250061 9.59856987 -7.62499952
v -7.67250061 9.59856987 -7.74999952
v -7.67250061 7.22356892 -7.74999952
v -7.67250061 4.84856892 -7.62499952
v -7.67250061 4.84856892 -7.74999952
v -7.67250061 2.47356892 -7.74999952
v -7.67250061 7.22356892 -7.24999952
v -7.67250061 7.22356892 -7.37499952
v -7.67250061 4.84856892 -7.37499952
v -7.67250061 9.59856987 -7.24999952
v -7.67250061 9.59856987 -7.37499952
v -7.67250061 7.22356892 -7.37499952
v -7.67250061 2.47356892 -7.24999952
v -7.67250061 2.47356892 -7.37499952
v -7.67250061 0.0985689163 -7.37499952
v -7.67250061 4.84856892 -7.24999952
v -7.67250061 4.84856892 -7.37499952
v -7.67250061 2.47356892 -7.37499952
v -7.67250061 2.47356892 -7.62499952
v -7.67250061 2.47356892 -7.74999952
v -7.67250061 0.0985689163 -7.74999952
v -7.67250061 7.22356892 -7.62499952
v -7.67250061 7.22356892 -7.74999952
v -7.67250061 4.84856892 -7.74999952
v -7.54874992 4.84856892 -7.37499952
v -7.67250061 4.84856892 -7.37499952
v -7.67250061 7.22356892 -7.37499952
v -7.54874992 9.59856987 -7.74999952
v -7.67250061 9.59856987 -7.74999952
v -7.67250061 9.59856987 -7.62499952
v -7.54874992 7.22356892 -7.74999952
v -7.67250061 7.22356892 -7.74999952
v -7.67250061 9.59856987 -7.74999952
v -7.54874992 2.47356892 -7.62499952
v -7.67250061 2.47356892 -7.62499952
v -7.67250061 0.0985689163 -7.62499952
v -7.54874992 7.22356892 -7.37499952
v -7.67250061 7.22356892 -7.37499952
v -7.67250061 9.59856987 -7.37499952
v -7.54874992 0.0985689163 -7.74999952
v -7.67250061 0.0985689163 -7.74999952
v -7.67250061 2.47356892 -7.74999952
v -7.54874992 4.84856892 -7.24999952
v -7.67250061 4.84856892 -7.24999952
v -7.67250061 2.47356892 -7.24999952
v -7.54874992 4.84856892 -7.62499952
v -7.67250061 4.84856892 -7.62499952
v -7.67250061 2.47356892 -7.62499952
v -7.54874992 7.22356892 -7.24999952
v -7.67250061 7.22356892 -7.24999952
v -7.67250061 4.84856892 -7.24999952
v -7.54874992 4.84856892 -7.74999952
v -7.67250061 4.84856892 -7.74999952
v -7.67250061 7.22356892 -7.74999952
v -7.54874992 2.47356892 -7.74999952
v -7.67250061 2.47356892 -7.74999952
v -7.67250061 4.84856892 -7.74999952
v -7.54874992 0.0985689163 -7.37499952
v -7.67250061 0.0985689163 -7.37499952
v -7.67250061 2.47356892 -7.37499952
v 7.30125093 9.59856987 -14.875001
v 7.1775012 9.59856987 -14.875001
v 7.1775012 9.59856987 -14.750001
v 7.54875088 0.09856987 -15.250001
v 7.30125093 0.09856987 -15.250001
v 7.30125093 2.47357035 -15.250001
v 7.30125093 2.47357035 -15.250001
v 7.30125093 4.84857035 -15.250001
v 7.54875088 4.84857035 -15.250001
v 7.30125093 4.84857035 -15.250001
v 7.30125093 7.22357035 -15.250001
v 7.54875088 4.84857035 -15.250001
v 7.54875088 2.47357035 -15.250001
v 7.54875088 0.09856987 -15.250001
v 7.30125093 2.47357035 -15.250001
v 7.54875088 9.59856987 -15.250001
v 7.54875088 7.22357035 -15.250001
v 7.30125093 7.22357035 -15.250001
v 7.54875088 7.22357035 -15.250001
v 7.54875088 4.84857035 -15.250001
v 7.30125093 7.22357035 -15.250001
v 7.54875088 4.84857035 -15.250001
v 7.54875088 2.47357035 -15.250001
v 7.30125093 2.47357035 -15.250001
v 7.54875088 4.84857035 -14.875001
v 7.67250061 4.84857035 -14.875001
v 7.67250061 2.47357035 -14.875001
v 7.30125093 0.09856987 -14.750001
v 7.54875088 0.09856987 -14.750001
v 7.54875088 2.47357035 -14.750001
v 7.54875088 4.84857035 -14.750001
v 7.54875088 7.22357035 -14.750001
v 7.30125093 4.84857035 -14.750001
v 7.54875088 7.22357035 -14.750001
v 7.54875088 9.59856987 -14.750001
v 7.30125093 7.22357035 -14.750001
v 7.54875088 4.84857035 -14.750001
v 7.30125093 2.47357035 -14.750001
v 7.54875088 2.47357035 -14.750001
v 7.30125093 0.09856987 -14.750001
v 7.54875088 2.47357035 -14.750001
v 7.30125093 2.47357035 -14.750001
v 7.30125093 4.84857035 -14.750001
v 7.30125093 2.47357035 -14.750001
v 7.54875088 4.84857035 -14.750001
v 7.30125093 4.84857035 -14.750001
v 7.54875088 7.22357035 -14.750001
v 7.30125093 7.22357035 -14.750001
v 7.30125093 0.09856987 -15.125001
v 7.30125093 0.09856987 -15.250001
v 7.54875088 0.09856987 -15.250001
v 7.54875088 0.09856987 -15.125001
v 7.54875088 0.09856987 -15.000001
v 7.30125093 0.09856987 -15.000001
v 7.54875088 0.09856987 -15.000001
v 7.54875088 0.09856987 -14.875001
v 7.30125093 0.09856987 -15.000001
v 7.30125093 0.09856987 -15.125001
v 7.54875088 0.09856987 -15.250001
v 7.54875088 0.09856987 -15.125001
v 7.30125093 0.09856987 -14.750001
v 7.30125093 0.09856987 -14.875001
v 7.54875088 0.09856987 -14.875001
v 7.30125093 0.09856987 -14.875001
v 7.30125093 0.09856987 -15.000001
v 7.54875088 0.09856987 -14.875001
v 7.30125093 0.09856987 -15.000001
v 7.30125093 0.09856987 -15.125001
v 7.54875088 0.09856987 -15.125001
v 7.54875088 9.59856987 -15.125001
v 7.54875088 9.59856987 -15.250001
v 7.30125093 9.59856987 -15.250001
v 7.30125093 9.59856987 -15.125001
v 7.30125093 9.59856987 -15.000001
v 7.54875088 9.59856987 -15.000001
v 7.30125093 9.59856987 -15.000001
v 7.30125093 9.59856987 -14.875001
v 7.54875088 9.59856987 -15.000001
v 7.54875088 9.59856987 -15.125001
v 7.30125093 9.59856987 -15.250001
v 7.30125093 9.59856987 -15.125001
v 7.54875088 9.59856987 -14.750001
v 7.54875088 9.59856987 -14.875001
v 7.30125093 9.59856987 -14.875001
v 7.54875088 9.59856987 -14.875001
v 7.54875088 9.59856987 -15.000001
v 7.30125093 9.59856987 -14.875001
v 7.54875088 9.59856987 -15.000001
v 7.54875088 9.59856987 -15.125001
v 7.30125093 9.59856987 -15.125001
v 7.54875088 7.22357035 -15.125001
v 7.67250061 7.22357035 -15.125001
v 7.67250061 9.59856987 -15.125001
v 7.54875088 4.84857035 -15.125001
v 7.54875088 4.84857035 -15.000001
v 7.54875088 2.47357035 -15.000001
v 7.54875088 9.59856987 -15.125001
v 7.54875088 9.59856987 -15.000001
v 7.54875088 7.22357035 -15.000001
v 7.54875088 7.22357035 -15.125001
v 7.54875088 7.22357035 -15.000001
v 7.54875088 4.84857035 -15.000001
v 7.54875088 4.84857035 -15.250001
v 7.67250061 4.84857035 -15.250001
v 7.67250061 2.47357035 -15.250001
v 7.54875088 2.47357035 -14.875001
v 7.67250061 2.47357035 -14.875001
v 7.67250252 0.09856987 -14.875001
v 7.54875088 2.47357035 -15.125001
v 7.54875088 2.47357035 -15.000001
v 7.54875088 0.09856987 -15.000001
v 7.54875088 7.22357035 -14.750001
v 7.67250061 7.22357035 -14.750001
v 7.67250061 9.59856987 -14.750001
v 7.54875088 7.22357035 -15.250001
v 7.67250061 7.22357035 -15.250001
v 7.67250061 4.84857035 -15.250001
v 7.54875088 4.84857035 -15.125001
v 7.67250061 4.84857035 -15.125001
v 7.67250061 7.22357035 -15.125001
v 7.54875088 2.47357035 -15.000001
v 7.54875088 2.47357035 -14.875001
v 7.54875088 0.09856987 -14.875001
v 7.54875088 4.84857035 -15.000001
v 7.54875088 4.84857035 -14.875001
v 7.54875088 2.47357035 -14.875001
v 7.54875088 9.59856987 -15.125001
v 7.67250061 9.59856987 -15.125001
v 7.67250061 9.59856987 -15.250001
v 7.54875088 7.22357035 -15.000001
v 7.54875088 7.22357035 -14.875001
v 7.54875088 4.84857035 -14.875001
v 7.54875088 9.59856987 -15.000001
v 7.54875088 9.59856987 -14.875001
v 7.54875088 7.22357035 -14.875001
v 7.67250061 9.59856987 -14.875001
v 7.67250061 9.59856987 -14.750001
v 7.67250061 7.22357035 -14.750001
v 7.67250061 4.84857035 -14.875001
v 7.67250061 4.84857035 -14.750001
v 7.67250061 2.47357035 -14.750001
v 7.67250061 7.22357035 -15.250001
v 7.67250061 7.22357035 -15.125001
v 7.67250061 4.84857035 -15.125001
v 7.67250061 9.59856987 -15.250001
v 7.67250061 9.59856987 -15.125001
v 7.67250061 7.22357035 -15.125001
v 7.67250061 2.47357035 -15.250001
v 7.67250061 2.47357035 -15.125001
v 7.67250252 0.09856987 -15.125001
v 7.67250061 4.84857035 -15.250001
v 7.67250061 4.84857035 -15.125001
v 7.67250061 2.47357035 -15.125001
v 7.67250061 2.47357035 -14.875001
v 7.67250061 2.47357035 -14.750001
v 7.67250252 0.09856987 -14.750001
v 7.67250061 7.22357035 -14.875001
v 7.67250061 7.22357035 -14.750001
v 7.67250061 4.84857035 -14.750001
v 7.54875088 2.47357035 -15.250001
v 7.67250061 2.47357035 -15.250001
v 7.67250252 0.09856987 -15.250001
v 7.54875088 0.09856987 -15.250001
v 7.67250252 0.09856987 -15.250001
v 7.67250252 0.09856987 -15.125001
v 7.54875088 4.84857035 -14.750001
v 7.67250061 4.84857035 -14.750001
v 7.67250061 7.22357035 -14.750001
v 7.54875088 9.59856987 -14.750001
v 7.67250061 9.59856987 -14.750001
v 7.67250061 9.59856987 -14.875001
v 7.54875088 2.47357035 -14.750001
v 7.67250061 2.47357035 -14.750001
v 7.67250061 4.84857035 -14.750001
v 7.54875088 0.09856987 -15.125001
v 7.67250252 0.09856987 -15.125001
v 7.67250061 2.47357035 -15.125001
v 7.54875088 7.22357035 -14.875001
v 7.67250061 7.22357035 -14.875001
v 7.67250061 4.84857035 -14.875001
v 7.54875088 0.09856987 -14.750001
v 7.67250252 0.09856987 -14.750001
v 7.67250061 2.47357035 -14.750001
v 7.54875088 9.59856987 -15.250001
v 7.67250061 9.59856987 -15.250001
v 7.67250061 7.22357035 -15.250001
v 7.54875088 2.47357035 -15.125001
v 7.67250061 2.47357035 -15.125001
v 7.67250061 4.84857035 -15.125001
v 7.54875088 9.59856987 -14.875001
v 7.67250061 9.59856987 -14.875001
v 7.67250061 7.22357035 -14.875001
v 7.54875088 0.09856987 -14.875001
v 7.67250252 0.09856987 -14.875001
v 7.67250252 0.09856987 -14.750001
v 7.30125093 9.59856987 -14.750001
v 7.1775012 9.59856987 -14.750001
v 7.1775012 7.22357035 -14.750001
v 7.30125093 4.84857035 -14.875001
v 7.30125093 4.84857035 -15.000001
v 7.30125093 2.47357035 -15.000001
v 7.30125093 9.59856987 -14.875001
v 7.30125093 9.59856987 -15.000001
v 7.30125093 7.22357035 -15.000001
v 7.30125093 7.22357035 -14.875001
v 7.30125093 7.22357035 -15.000001
v 7.30125093 4.84857035 -15.000001
v 7.30125093 2.47357035 -14.750001
v 7.1775012 2.47357035 -14.750001
v 7.1775012 0.09856987 -14.750001
v 7.30125093 9.59856987 -15.125001
v 7.1775012 9.59856987 -15.125001
v 7.1775012 7.22357035 -15.125001
v 7.30125093 2.47357035 -14.875001
v 7.30125093 2.47357035 -15.000001
v 7.30125093 0.09856987 -15.000001
v 7.30125093 0.09856987 -14.750001
v 7.1775012 0.09856987 -14.750001
v 7.1775012 0.09856987 -14.875001
v 7.30125093 2.47357035 -14.875001
v 7.1775012 2.47357035 -14.875001
v 7.1775012 4.84857035 -14.875001
v 7.30125093 0.09856987 -15.125001
v 7.1775012 0.09856987 -15.125001
v 7.1775012 0.09856987 -15.250001
v 7.30125093 2.47357035 -15.000001
v 7.30125093 2.47357035 -15.125001
v 7.30125093 0.09856987 -15.125001
v 7.30125093 4.84857035 -15.000001
v 7.30125093 4.84857035 -15.125001
v 7.30125093 2.47357035 -15.125001
v 7.30125093 7.22357035 -15.125001
v 7.1775012 7.22357035 -15.125001
v 7.1775012 4.84857035 -15.125001
v 7.30125093 7.22357035 -15.000001
v 7.30125093 7.22357035 -15.125001
v 7.30125093 4.84857035 -15.125001
v 7.30125093 9.59856987 -15.000001
v 7.30125093 9.59856987 -15.125001
v 7.30125093 7.22357035 -15.125001
v 7.1775012 9.59856987 -15.125001
v 7.1775012 9.59856987 -15.250001
v 7.1775012 7.22357035 -15.250001
v 7.1775012 4.84857035 -15.125001
v 7.1775012 4.84857035 -15.250001
v 7.1775012 2.47357035 -15.250001
v 7.1775012 7.22357035 -14.750001
v 7.1775012 7.22357035 -14.875001
v 7.1775012 4.84857035 -14.875001
v 7.1775012 9.59856987 -14.750001
v 7.1775012 9.59856987 -14.875001
v 7.1775012 7.22357035 -14.875001
v 7.1775012 2.47357035 -14.750001
v 7.1775012 2.47357035 -14.875001
v 7.1775012 0.09856987 -14.875001
v 7.1775012 4.84857035 -14.750001
v 7.1775012 4.84857035 -14.875001
v 7.1775012 2.47357035 -14.875001
v 7.1775012 2.47357035 -15.125001
v 7.1775012 2.47357035 -15.250001
v 7.1775012 0.09856987 -15.250001
v 7.1775012 7.22357035 -15.125001
v 7.1775012 7.22357035 -15.250001
v 7.1775012 4.84857035 -15.250001
v 7.30125093 4.84857035 -14.875001
v 7.1775012 4.84857035 -14.875001
v 7.1775012 7.22357035 -14.875001
v 7.30125093 9.59856987 -15.250001
v 7.1775012 9.59856987 -15.250001
v 7.1775012 9.59856987 -15.125001
v 7.30125093 7.22357035 -15.250001
v 7.1775012 7.22357035 -15.250001
v 7.1775012 9.59856987 -15.250001
v 7.30125093 2.47357035 -15.125001
v 7.1775012 2.47357035 -15.125001
v 7.1775012 0.09856987 -15.125001
v 7.30125093 7.22357035 -14.875001
v 7.1775012 7.22357035 -14.875001
v 7.1775012 9.59856987 -14.875001
v 7.30125093 0.09856987 -15.250001
v 7.1775012 0.09856987 -15.250001
v 7.1775012 2.47357035 -15.250001
v 7.30125093 4.84857035 -14.750001
v 7.1775012 4.84857035 -14.750001
v 7.1775012 2.47357035 -14.750001
v 7.30125093 4.84857035 -15.125001
v 7.1775012 4.84857035 -15.125001
v 7.1775012 2.47357035 -15.125001
v 7.30125093 7.22357035 -14.750001
v 7.1775012 7.22357035 -14.750001
v 7.1775012 4.84857035 -14.750001
v 7.30125093 4.84857035 -15.250001
v 7.1775012 4.84857035 -15.250001
v 7.1775012 7.22357035 -15.250001
v 7.30125093 2.47357035 -15.250001
v 7.1775012 2.47357035 -15.250001
v 7.1775012 4.84857035 -15.250001
v 7.30125093 0.09856987 -14.875001
v 7.1775012 0.09856987 -14.875001
v 7.1775012 2.47357035 -14.875001
v 14.8500004 9.72356892 -14.875001
v 14.8500004 9.72356892 -14.750001
v 14.8500004 9.59856892 -14.750001
v -14.8500004 10.0985708 -15.124999
v -14.8500004 10.0985708 -14.874999
v -7.42500019 10.0985708 -14.874999
v 0 10.0985699 -14.875
v 7.4250021 10.0985689 -14.875001
v 7.4250021 10.0985689 -15.125001
v 7.4250021 10.0985689 -14.875001
v 14.8500004 10.0985689 -14.875001
v 14.8500004 10.0985689 -15.125001
v -14.8500004 10.0985708 -15.124999
v -7.42500019 10.0985708 -14.874999
v -7.42500019 10.0985708 -15.124999
v -7.42500019 10.0985708 -14.874999
v 0 10.0985699 -14.875
v -7.42500019 10.0985708 -15.124999
v 7.4250021 10.0985689 -15.125001
v 0 10.0985699 -15.125
v 0 10.0985699 -14.875
v 0 10.0985699 -15.125
v -7.42500019 10.0985708 -15.124999
v 0 10.0985699 -14.875
v 0 9.72356987 -15.125
v 0 9.72356987 -15.25
v -7.42500019 9.72357082 -15.249999
v -14.8500004 9.59857082 -14.874999
v -14.8500004 9.59857082 -15.124999
v -7.42500019 9.59856987 -15.124999
v 0 9.59856987 -15.125
v 7.4250021 9.59856892 -15.125001
v 7.4250021 9.59856892 -14.875001
v 7.4250021 9.59856892 -15.125001
v 14.8500004 9.59856892 -15.125001
v 14.8500004 9.59856892 -14.875001
v -14.8500004 9.59857082 -14.874999
v -7.42500019 9.59856987 -15.124999
v -7.42500019 9.59856987 -14.874999
v -7.42500019 9.59856987 -15.124999
v 0 9.59856987 -15.125
v -7.42500019 9.59856987 -14.874999
v 7.4250021 9.59856892 -14.875001
v 0 9.59856987 -14.875
v 0 9.59856987 -15.125
v 0 9.59856987 -14.875
v -7.42500019 9.59856987 -14.874999
v 0 9.59856987 -15.125
v -14.8500004 9.97357082 -14.874999
v -14.8500004 10.0985708 -14.874999
v -14.8500004 10.0985708 -15.124999
v -14.8500004 9.97357082 -15.124999
v -14.8500004 9.84857082 -15.124999
v -14.8500004 9.84857082 -14.874999
v -14.8500004 9.84857082 -15.124999
v -14.8500004 9.72357082 -15.124999
v -14.8500004 9.84857082 -14.874999
v -14.8500004 9.97357082 -14.874999
v -14.8500004 10.0985708 -15.124999
v -14.8500004 9.97357082 -15.124999
v -14.8500004 9.59857082 -14.874999
v -14.8500004 9.72357082 -14.874999
v -14.8500004 9.72357082 -15.124999
v -14.8500004 9.72357082 -14.874999
v -14.8500004 9.84857082 -14.874999
v -14.8500004 9.72357082 -15.124999
v -14.8500004 9.84857082 -14.874999
v -14.8500004 9.97357082 -14.874999
v -14.8500004 9.97357082 -15.124999
v 14.8500004 9.97356892 -15.125001
v 14.8500004 10.0985689 -15.125001
v 14.8500004 10.0985689 -14.875001
v 14.8500004 9.97356892 -14.875001
v 14.8500004 9.84856892 -14.875001
v 14.8500004 9.84856892 -15.125001
v 14.8500004 9.84856892 -14.875001
v 14.8500004 9.72356892 -14.875001
v 14.8500004 9.84856892 -15.125001
v 14.8500004 9.97356892 -15.125001
v 14.8500004 10.0985689 -14.875001
v 14.8500004 9.97356892 -14.875001
v 14.8500004 9.59856892 -15.125001
v 14.8500004 9.72356892 -15.125001
v 14.8500004 9.72356892 -14.875001
v 14.8500004 9.72356892 -15.125001
v 14.8500004 9.84856892 -15.125001
v 14.8500004 9.72356892 -14.875001
v 14.8500004 9.84856892 -15.125001
v 14.8500004 9.97356892 -15.125001
v 14.8500004 9.97356892 -14.875001
v 7.4250021 9.97356892 -15.125001
v 7.4250021 9.97356892 -15.250001
v 14.8500004 9.97356892 -15.250001
v 0 9.97356987 -15.125
v 0 9.84856987 -15.125
v -7.42500019 9.84857082 -15.124999
v 14.8500004 9.97356892 -15.125001
v 14.8500004 9.84856892 -15.125001
v 7.4250021 9.84856892 -15.125001
v 7.4250021 9.97356892 -15.125001
v 7.4250021 9.84856892 -15.125001
v 0 9.84856987 -15.125
v 0 10.0985699 -15.125
v 0 10.0985699 -15.25
v -7.42500019 10.0985708 -15.249999
v -7.42500019 9.72357082 -15.124999
v -7.42500019 9.72357082 -15.249999
v -14.8500004 9.72357082 -15.249999
v -7.42500019 9.97357082 -15.124999
v -7.42500019 9.84857082 -15.124999
v -14.8500004 9.84857082 -15.124999
v 7.4250021 9.59856892 -15.125001
v 7.4250021 9.59856892 -15.250001
v 14.8500004 9.59856892 -15.250001
v 7.4250021 10.0985689 -15.125001
v 7.4250021 10.0985689 -15.250001
v 0 10.0985699 -15.25
v 0 9.97356987 -15.125
v 0 9.97356987 -15.25
v 7.4250021 9.97356892 -15.250001
v -7.42500019 9.84857082 -15.124999
v -7.42500019 9.72357082 -15.124999
v -14.8500004 9.72357082 -15.124999
v 0 9.84856987 -15.125
v 0 9.72356987 -15.125
v -7.42500019 9.72357082 -15.124999
v 14.8500004 9.97356892 -15.125001
v 14.8500004 9.97356892 -15.250001
v 14.8500004 10.0985689 -15.250001
v 7.4250021 9.84856892 -15.125001
v 7.4250021 9.72356892 -15.125001
v 0 9.72356987 -15.125
v 14.8500004 9.84856892 -15.125001
v 14.8500004 9.72356892 -15.125001
v 7.4250021 9.72356892 -15.125001
v 14.8500004 9.72356892 -15.250001
v 14.8500004 9.59856892 -15.250001
v 7.4250021 9.59856892 -15.250001
v 0 9.72356987 -15.25
v 0 9.59856987 -15.25
v -7.42500019 9.59856987 -15.249999
v 7.4250021 10.0985689 -15.250001
v 7.4250021 9.97356892 -15.250001
v 0 9.97356987 -15.25
v 14.8500004 10.0985689 -15.250001
v 14.8500004 9.97356892 -15.250001
v 7.4250021 9.97356892 -15.250001
v -7.42500019 10.0985708 -15.249999
v -7.42500019 9.97357082 -15.249999
v -14.8500004 9.97357082 -15.249999
v 0 10.0985699 -15.25
v 0 9.97356987 -15.25
v -7.42500019 9.97357082 -15.249999
v -7.42500019 9.72357082 -15.249999
v -7.42500019 9.59856987 -15.249999
v -14.8500004 9.59857082 -15.249999
v 7.4250021 9.72356892 -15.250001
v 7.4250021 9.59856892 -15.250001
v 0 9.59856987 -15.25
v -7.42500019 10.0985708 -15.124999
v -7.42500019 10.0985708 -15.249999
v -14.8500004 10.0985708 -15.249999
v -14.8500004 10.0985708 -15.124999
v -14.8500004 10.0985708 -15.249999
v -14.8500004 9.97357082 -15.249999
v 0 9.59856987 -15.125
v 0 9.59856987 -15.25
v 7.4250021 9.59856892 -15.250001
v 14.8500004 9.59856892 -15.125001
v 14.8500004 9.59856892 -15.250001
v 14.8500004 9.72356892 -15.250001
v -7.42500019 9.59856987 -15.124999
v -7.42500019 9.59856987 -15.249999
v 0 9.59856987 -15.25
v -14.8500004 9.97357082 -15.124999
v -14.8500004 9.97357082 -15.249999
v -7.42500019 9.97357082 -15.249999
v 7.4250021 9.72356892 -15.125001
v 7.4250021 9.72356892 -15.250001
v 0 9.72356987 -15.25
v -14.8500004 9.59857082 -15.124999
v -14.8500004 9.59857082 -15.249999
v -7.42500019 9.59856987 -15.249999
v 14.8500004 10.0985689 -15.125001
v 14.8500004 10.0985689 -15.250001
v 7.4250021 10.0985689 -15.250001
v -7.42500019 9.97357082 -15.124999
v -7.42500019 9.97357082 -15.249999
v 0 9.97356987 -15.25
v 14.8500004 9.72356892 -15.125001
v 14.8500004 9.72356892 -15.250001
v 7.4250021 9.72356892 -15.250001
v -14.8500004 9.72357082 -15.124999
v -14.8500004 9.72357082 -15.249999
v -14.8500004 9.59857082 -15.249999
v 14.8500004 9.59856892 -14.875001
v 14.8500004 9.59856892 -14.750001
v 7.4250021 9.59856892 -14.750001
v 0 9.72356987 -14.875
v 0 9.84856987 -14.875
v -7.42500019 9.84857082 -14.874999
v 14.8500004 9.72356892 -14.875001
v 14.8500004 9.84856892 -14.875001
v 7.4250021 9.84856892 -14.875001
v 7.4250021 9.72356892 -14.875001
v 7.4250021 9.84856892 -14.875001
v 0 9.84856987 -14.875
v -7.42500019 9.59856987 -14.874999
v -7.42500019 9.59856987 -14.749999
v -14.8500004 9.59857082 -14.749999
v 14.8500004 9.97356892 -14.875001
v 14.8500004 9.97356892 -14.750001
v 7.4250021 9.97356892 -14.750001
v -7.42500019 9.72357082 -14.874999
v -7.42500019 9.84857082 -14.874999
v -14.8500004 9.84857082 -14.874999
v -14.8500004 9.59857082 -14.874999
v -14.8500004 9.59857082 -14.749999
v -14.8500004 9.72357082 -14.749999
v -7.42500019 9.72357082 -14.874999
v -7.42500019 9.72357082 -14.749999
v 0 9.72356987 -14.75
v -14.8500004 9.97357082 -14.874999
v -14.8500004 9.97357082 -14.749999
v -14.8500004 10.0985708 -14.749999
v -7.42500019 9.84857082 -14.874999
v -7.42500019 9.97357082 -14.874999
v -14.8500004 9.97357082 -14.874999
v 0 9.84856987 -14.875
v 0 9.97356987 -14.875
v -7.42500019 9.97357082 -14.874999
v 7.4250021 9.97356892 -14.875001
v 7.4250021 9.97356892 -14.750001
v 0 9.97356987 -14.75
v 7.4250021 9.84856892 -14.875001
v 7.4250021 9.97356892 -14.875001
v 0 9.97356987 -14.875
v 14.8500004 9.84856892 -14.875001
v 14.8500004 9.97356892 -14.875001
v 7.4250021 9.97356892 -14.875001
v 14.8500004 9.97356892 -14.750001
v 14.8500004 10.0985689 -14.750001
v 7.4250021 10.0985689 -14.750001
v 0 9.97356987 -14.75
v 0 10.0985699 -14.75
v -7.42500019 10.0985708 -14.749999
v 7.4250021 9.59856892 -14.750001
v 7.4250021 9.72356892 -14.750001
v 0 9.72356987 -14.75
v 14.8500004 9.59856892 -14.750001
v 14.8500004 9.72356892 -14.750001
v 7.4250021 9.72356892 -14.750001
v -7.42500019 9.59856987 -14.749999
v -7.42500019 9.72357082 -14.749999
v -14.8500004 9.72357082 -14.749999
v 0 9.59856987 -14.75
v 0 9.72356987 -14.75
v -7.42500019 9.72357082 -14.749999
v -7.42500019 9.97357082 -14.749999
v -7.42500019 10.0985708 -14.749999
v -14.8500004 10.0985708 -14.749999
v 7.4250021 9.97356892 -14.750001
v 7.4250021 10.0985689 -14.750001
v 0 10.0985699 -14.75
v 0 9.72356987 -14.875
v 0 9.72356987 -14.75
v 7.4250021 9.72356892 -14.750001
v 14.8500004 10.0985689 -14.875001
v 14.8500004 10.0985689 -14.750001
v 14.8500004 9.97356892 -14.750001
v 7.4250021 10.0985689 -14.875001
v 7.4250021 10.0985689 -14.750001
v 14.8500004 10.0985689 -14.750001
v -7.42500019 9.97357082 -14.874999
v -7.42500019 9.97357082 -14.749999
v -14.8500004 9.97357082 -14.749999
v 7.4250021 9.72356892 -14.875001
v 7.4250021 9.72356892 -14.750001
v 14.8500004 9.72356892 -14.750001
v -14.8500004 10.0985708 -14.874999
v -14.8500004 10.0985708 -14.749999
v -7.42500019 10.0985708 -14.749999
v 0 9.59856987 -14.875
v 0 9.59856987 -14.75
v -7.42500019 9.59856987 -14.749999
v 0 9.97356987 -14.875
v 0 9.97356987 -14.75
v -7.42500019 9.97357082 -14.749999
v 7.4250021 9.59856892 -14.875001
v 7.4250021 9.59856892 -14.750001
v 0 9.59856987 -14.75
v 0 10.0985699 -14.875
v 0 10.0985699 -14.75
v 7.4250021 10.0985689 -14.750001
v -7.42500019 10.0985708 -14.874999
v -7.42500019 10.0985708 -14.749999
v 0 10.0985699 -14.75
v -14.8500004 9.72357082 -14.874999
v -14.8500004 9.72357082 -14.749999
v -7.42500019 9.72357082 -14.749999
v -7.54874992 9.59856987 -14.874999
v -7.67250061 9.59856987 -14.874999
v -7.67250061 9.59856987 -14.749999
v -7.30124903 0.0985689163 -15.249999
v -7.54874992 0.0985689163 -15.249999
v -7.54874992 2.47356892 -15.249999
v -7.54874992 4.84856892 -15.249999
v -7.54874992 7.22356892 -15.249999
v -7.30124903 4.84856892 -15.249999
v -7.54874992 7.22356892 -15.249999
v -7.54874992 9.59856987 -15.249999
v -7.30124903 7.22356892 -15.249999
v -7.30124903 4.84856892 -15.249999
v -7.54874992 7.22356892 -15.249999
v -7.30124903 7.22356892 -15.249999
v -7.30124903 0.0985689163 -15.249999
v -7.54874992 2.47356892 -15.249999
v -7.30124903 2.47356892 -15.249999
v -7.54874992 2.47356892 -15.249999
v -7.54874992 4.84856892 -15.249999
v -7.30124903 2.47356892 -15.249999
v -7.30124903 4.84856892 -15.249999
v -7.30124903 2.47356892 -15.249999
v -7.54874992 4.84856892 -15.249999
v -7.30124903 4.84856892 -14.874999
v -7.17749977 4.84856892 -14.874999
v -7.17749977 2.47356892 -14.874999
v -7.54874992 0.0985689163 -14.749999
v -7.30124903 0.0985689163 -14.749999
v -7.30124903 2.47356892 -14.749999
v -7.30124903 4.84856892 -14.749999
v -7.30124903 7.22356892 -14.749999
v -7.54874992 7.22356892 -14.749999
v -7.30124903 7.22356892 -14.749999
v -7.30124903 9.59856987 -14.749999
v -7.54874992 7.22356892 -14.749999
v -7.30124903 4.84856892 -14.749999
v -7.54874992 7.22356892 -14.749999
v -7.54874992 4.84856892 -14.749999
v -7.54874992 0.0985689163 -14.749999
v -7.30124903 2.47356892 -14.749999
v -7.54874992 2.47356892 -14.749999
v -7.30124903 2.47356892 -14.749999
v -7.30124903 4.84856892 -14.749999
v -7.54874992 2.47356892 -14.749999
v -7.54874992 4.84856892 -14.749999
v -7.54874992 2.47356892 -14.749999
v -7.30124903 4.84856892 -14.749999
v -7.54874992 0.0985689163 -15.124999
v -7.54874992 0.0985689163 -15.249999
v -7.30124903 0.0985689163 -15.249999
v -7.30124903 0.0985689163 -15.124999
v -7.30124903 0.0985689163 -14.999999
v -7.54874992 0.0985689163 -14.999999
v -7.30124903 0.0985689163 -14.999999
v -7.30124903 0.0985689163 -14.874999
v -7.54874992 0.0985689163 -14.999999
v -7.54874992 0.0985689163 -15.124999
v -7.30124903 0.0985689163 -15.249999
v -7.30124903 0.0985689163 -15.124999
v -7.54874992 0.0985689163 -14.749999
v -7.54874992 0.0985689163 -14.874999
v -7.30124903 0.0985689163 -14.874999
v -7.54874992 0.0985689163 -14.874999
v -7.54874992 0.0985689163 -14.999999
v -7.30124903 0.0985689163 -14.874999
v -7.54874992 0.0985689163 -14.999999
v -7.54874992 0.0985689163 -15.124999
v -7.30124903 0.0985689163 -15.124999
v -7.30124903 9.59856987 -15.124999
v -7.30124903 9.59856987 -15.249999
v -7.54874992 9.59856987 -15.249999
v -7.54874992 9.59856987 -15.124999
v -7.54874992 9.59856987 -14.999999
v -7.30124903 9.59856987 -14.999999
v -7.54874992 9.59856987 -14.999999
v -7.54874992 9.59856987 -14.874999
v -7.30124903 9.59856987 -14.999999
v -7.30124903 9.59856987 -15.124999
v -7.54874992 9.59856987 -15.249999
v -7.54874992 9.59856987 -15.124999
v -7.30124903 9.59856987 -14.749999
v -7.30124903 9.59856987 -14.874999
v -7.54874992 9.59856987 -14.874999
v -7.30124903 9.59856987 -14.874999
v -7.30124903 9.59856987 -14.999999
v -7.54874992 9.59856987 -14.874999
v -7.30124903 9.59856987 -14.999999
v -7.30124903 9.59856987 -15.124999
v -7.54874992 9.59856987 -15.124999
v -7.30124903 7.22356892 -15.124999
v -7.17749977 7.22356892 -15.124999
v -7.17749977 9.59856987 -15.124999
v -7.30124903 4.84856892 -15.124999
v -7.30124903 4.84856892 -14.999999
v -7.30124903 2.47356892 -14.999999
v -7.30124903 9.59856987 -15.124999
v -7.30124903 9.59856987 -14.999999
v -7.30124903 7.22356892 -14.999999
v -7.30124903 7.22356892 -15.124999
v -7.30124903 7.22356892 -14.999999
v -7.30124903 4.84856892 -14.999999
v -7.30124903 4.84856892 -15.249999
v -7.17749977 4.84856892 -15.249999
v -7.17749977 2.47356892 -15.249999
v -7.30124903 2.47356892 -14.874999
v -7.17749977 2.47356892 -14.874999
v -7.17749977 0.0985689163 -14.874999
v -7.30124903 2.47356892 -15.124999
v -7.30124903 2.47356892 -14.999999
v -7.30124903 0.0985689163 -14.999999
v -7.30124903 7.22356892 -14.749999
v -7.17749977 7.22356892 -14.749999
v -7.17749977 9.59856987 -14.749999
v -7.30124903 7.22356892 -15.249999
v -7.17749977 7.22356892 -15.249999
v -7.17749977 4.84856892 -15.249999
v -7.30124903 4.84856892 -15.124999
v -7.17749977 4.84856892 -15.124999
v -7.17749977 7.22356892 -15.124999
v -7.30124903 2.47356892 -14.999999
v -7.30124903 2.47356892 -14.874999
v -7.30124903 0.0985689163 -14.874999
v -7.30124903 4.84856892 -14.999999
v -7.30124903 4.84856892 -14.874999
v -7.30124903 2.47356892 -14.874999
v -7.30124903 9.59856987 -15.124999
v -7.17749977 9.59856987 -15.124999
v -7.17749977 9.59856987 -15.249999
v -7.30124903 7.22356892 -14.999999
v -7.30124903 7.22356892 -14.874999
v -7.30124903 4.84856892 -14.874999
v -7.30124903 9.59856987 -14.999999
v -7.30124903 9.59856987 -14.874999
v -7.30124903 7.22356892 -14.874999
v -7.17749977 9.59856987 -14.874999
v -7.17749977 9.59856987 -14.749999
v -7.17749977 7.22356892 -14.749999
v -7.17749977 4.84856892 -14.874999
v -7.17749977 4.84856892 -14.749999
v -7.17749977 2.47356892 -14.749999
v -7.17749977 7.22356892 -15.249999
v -7.17749977 7.22356892 -15.124999
v -7.17749977 4.84856892 -15.124999
v -7.17749977 9.59856987 -15.249999
v -7.17749977 9.59856987 -15.124999
v -7.17749977 7.22356892 -15.124999
v -7.17749977 2.47356892 -15.249999
v -7.17749977 2.47356892 -15.124999
v -7.17749977 0.0985689163 -15.124999
v -7.17749977 4.84856892 -15.249999
v -7.17749977 4.84856892 -15.124999
v -7.17749977 2.47356892 -15.124999
v -7.17749977 2.47356892 -14.874999
v -7.17749977 2.47356892 -14.749999
v -7.17749977 0.0985689163 -14.749999
v -7.17749977 7.22356892 -14.874999
v -7.17749977 7.22356892 -14.749999
v -7.17749977 4.84856892 -14.749999
v -7.30124903 2.47356892 -15.249999
v -7.17749977 2.47356892 -15.249999
v -7.17749977 0.0985689163 -15.249999
v -7.30124903 0.0985689163 -15.249999
v -7.17749977 0.0985689163 -15.249999
v -7.17749977 0.0985689163 -15.124999
v -7.30124903 4.84856892 -14.749999
v -7.17749977 4.84856892 -14.749999
v -7.17749977 7.22356892 -14.749999
v -7.30124903 9.59856987 -14.749999
v -7.17749977 9.59856987 -14.749999
v -7.17749977 9.59856987 -14.874999
v -7.30124903 2.47356892 -14.749999
v -7.17749977 2.47356892 -14.749999
v -7.17749977 4.84856892 -14.749999
v -7.30124903 0.0985689163 -15.124999
v -7.17749977 0.0985689163 -15.124999
v -7.17749977 2.47356892 -15.124999
v -7.30124903 7.22356892 -14.874999
v -7.17749977 7.22356892 -14.874999
v -7.17749977 4.84856892 -14.874999
v -7.30124903 0.0985689163 -14.749999
v -7.17749977 0.0985689163 -14.749999
v -7.17749977 2.47356892 -14.749999
v -7.30124903 9.59856987 -15.249999
v -7.17749977 9.59856987 -15.249999
v -7.17749977 7.22356892 -15.249999
v -7.30124903 2.47356892 -15.124999
v -7.17749977 2.47356892 -15.124999
v -7.17749977 4.84856892 -15.124999
v -7.30124903 9.59856987 -14.874999
v -7.17749977 9.59856987 -14.874999
v -7.17749977 7.22356892 -14.874999
v -7.30124903 0.0985689163 -14.874999
v -7.17749977 0.0985689163 -14.874999
v -7.17749977 0.0985689163 -14.749999
v -7.54874992 9.59856987 -14.749999
v -7.67250061 9.59856987 -14.749999
v -7.67250061 7.22356892 -14.749999
v -7.54874992 4.84856892 -14.874999
v -7.54874992 4.84856892 -14.999999
v -7.54874992 2.47356892 -14.999999
v -7.54874992 9.59856987 -14.874999
v -7.54874992 9.59856987 -14.999999
v -7.54874992 7.22356892 -14.999999
v -7.54874992 7.22356892 -14.874999
v -7.54874992 7.22356892 -14.999999
v -7.54874992 4.84856892 -14.999999
v -7.54874992 2.47356892 -14.749999
v -7.67250061 2.47356892 -14.749999
v -7.67250061 0.0985689163 -14.749999
v -7.54874992 9.59856987 -15.124999
v -7.67250061 9.59856987 -15.124999
v -7.67250061 7.22356892 -15.124999
v -7.54874992 2.47356892 -14.874999
v -7.54874992 2.47356892 -14.999999
v -7.54874992 0.0985689163 -14.999999
v -7.54874992 0.0985689163 -14.749999
v -7.67250061 0.0985689163 -14.749999
v -7.67250061 0.0985689163 -14.874999
v -7.54874992 2.47356892 -14.874999
v -7.67250061 2.47356892 -14.874999
v -7.67250061 4.84856892 -14.874999
v -7.54874992 0.0985689163 -15.124999
v -7.67250061 0.0985689163 -15.124999
v -7.67250061 0.0985689163 -15.249999
v -7.54874992 2.47356892 -14.999999
v -7.54874992 2.47356892 -15.124999
v -7.54874992 0.0985689163 -15.124999
v -7.54874992 4.84856892 -14.999999
v -7.54874992 4.84856892 -15.124999
v -7.54874992 2.47356892 -15.124999
v -7.54874992 7.22356892 -15.124999
v -7.67250061 7.22356892 -15.124999
v -7.67250061 4.84856892 -15.124999
v -7.54874992 7.22356892 -14.999999
v -7.54874992 7.22356892 -15.124999
v -7.54874992 4.84856892 -15.124999
v -7.54874992 9.59856987 -14.999999
v -7.54874992 9.59856987 -15.124999
v -7.54874992 7.22356892 -15.124999
v -7.67250061 9.59856987 -15.124999
v -7.67250061 9.59856987 -15.249999
v -7.67250061 7.22356892 -15.249999
v -7.67250061 4.84856892 -15.124999
v -7.67250061 4.84856892 -15.249999
v -7.67250061 2.47356892 -15.249999
v -7.67250061 7.22356892 -14.749999
v -7.67250061 7.22356892 -14.874999
v -7.67250061 4.84856892 -14.874999
v -7.67250061 9.59856987 -14.749999
v -7.67250061 9.59856987 -14.874999
v -7.67250061 7.22356892 -14.874999
v -7.67250061 2.47356892 -14.749999
v -7.67250061 2.47356892 -14.874999
v -7.67250061 0.0985689163 -14.874999
v -7.67250061 4.84856892 -14.749999
v -7.67250061 4.84856892 -14.874999
v -7.67250061 2.47356892 -14.874999
v -7.67250061 2.47356892 -15.124999
v -7.67250061 2.47356892 -15.249999
v -7.67250061 0.0985689163 -15.249999
v -7.67250061 7.22356892 -15.124999
v -7.67250061 7.22356892 -15.249999
v -7.67250061 4.84856892 -15.249999
v -7.54874992 4.84856892 -14.874999
v -7.67250061 4.84856892 -14.874999
v -7.67250061 7.22356892 -14.874999
v -7.54874992 9.59856987 -15.249999
v -7.67250061 9.59856987 -15.249999
v -7.67250061 9.59856987 -15.124999
v -7.54874992 7.22356892 -15.249999
v -7.67250061 7.22356892 -15.249999
v -7.67250061 9.59856987 -15.249999
v -7.54874992 2.47356892 -15.124999
v -7.67250061 2.47356892 -15.124999
v -7.67250061 0.0985689163 -15.124999
v -7.54874992 7.22356892 -14.874999
v -7.67250061 7.22356892 -14.874999
v -7.67250061 9.59856987 -14.874999
v -7.54874992 0.0985689163 -15.249999
v -7.67250061 0.0985689163 -15.249999
v -7.67250061 2.47356892 -15.249999
v -7.54874992 4.84856892 -14.749999
v -7.67250061 4.84856892 -14.749999
v -7.67250061 2.47356892 -14.749999
v -7.54874992 4.84856892 -15.124999
v -7.67250061 4.84856892 -15.124999
v -7.67250061 2.47356892 -15.124999
v -7.54874992 7.22356892 -14.749999
v -7.67250061 7.22356892 -14.749999
v -7.67250061 4.84856892 -14.749999
v -7.54874992 4.84856892 -15.249999
v -7.67250061 4.84856892 -15.249999
v -7.67250061 7.22356892 -15.249999
v -7.54874992 2.47356892 -15.249999
v -7.67250061 2.47356892 -15.249999
v -7.67250061 4.84856892 -15.249999
v -7.54874992 0.0985689163 -14.874999
v -7.67250061 0.0985689163 -14.874999
v -7.67250061 2.47356892 -14.874999
v 7.30124903 9.59856987 7.62499952
v 7.17749977 9.59856987 7.62499952
v 7.17749977 9.59856987 7.74999952
v 7.54874992 0.09856987 7.24999952
v 7.30124903 0.09856987 7.24999952
v 7.30124903 2.47357035 7.24999952
v 7.30124903 2.47357035 7.24999952
v 7.30124903 4.84857035 7.24999952
v 7.54874992 4.84857035 7.24999952
v 7.30124903 4.84857035 7.24999952
v 7.30124903 7.22357035 7.24999952
v 7.54874992 4.84857035 7.24999952
v 7.54874992 2.47357035 7.24999952
v 7.54874992 0.09856987 7.24999952
v 7.30124903 2.47357035 7.24999952
v 7.54874992 9.59856987 7.24999952
v 7.54874992 7.22357035 7.24999952
v 7.30124903 7.22357035 7.24999952
v 7.54874992 7.22357035 7.24999952
v 7.54874992 4.84857035 7.24999952
v 7.30124903 7.22357035 7.24999952
v 7.54874992 4.84857035 7.24999952
v 7.54874992 2.47357035 7.24999952
v 7.30124903 2.47357035 7.24999952
v 7.54874992 4.84857035 7.62499952
v 7.67250061 4.84857035 7.62499952
v 7.67250061 2.47357035 7.62499952
v 7.30124903 0.09856987 7.74999952
v 7.54874992 0.09856987 7.74999952
v 7.54874992 2.47357035 7.74999952
v 7.54874992 4.84857035 7.74999952
v 7.54874992 7.22357035 7.74999952
v 7.30124903 4.84857035 7.74999952
v 7.54874992 7.22357035 7.74999952
v 7.54874992 9.59856987 7.74999952
v 7.30124903 7.22357035 7.74999952
v 7.30124903 4.84857035 7.74999952
v 7.54874992 7.22357035 7.74999952
v 7.30124903 7.22357035 7.74999952
v 7.30124903 0.09856987 7.74999952
v 7.54874992 2.47357035 7.74999952
v 7.30124903 2.47357035 7.74999952
v 7.54874992 2.47357035 7.74999952
v 7.54874992 4.84857035 7.74999952
v 7.30124903 2.47357035 7.74999952
v 7.30124903 4.84857035 7.74999952
v 7.30124903 2.47357035 7.74999952
v 7.54874992 4.84857035 7.74999952
v 7.30124903 0.09856987 7.37499952
v 7.30124903 0.09856987 7.24999952
v 7.54874992 0.09856987 7.24999952
v 7.54874992 0.09856987 7.37499952
v 7.54874992 0.09856987 7.49999952
v 7.30124903 0.09856987 7.49999952
v 7.54874992 0.09856987 7.49999952
v 7.54874992 0.09856987 7.62499952
v 7.30124903 0.09856987 7.49999952
v 7.30124903 0.09856987 7.37499952
v 7.54874992 0.09856987 7.24999952
v 7.54874992 0.09856987 7.37499952
v 7.30124903 0.09856987 7.74999952
v 7.30124903 0.09856987 7.62499952
v 7.54874992 0.09856987 7.62499952
v 7.30124903 0.09856987 7.62499952
v 7.30124903 0.09856987 7.49999952
v 7.54874992 0.09856987 7.62499952
v 7.30124903 0.09856987 7.49999952
v 7.30124903 0.09856987 7.37499952
v 7.54874992 0.09856987 7.37499952
v 7.54874992 9.59856987 7.37499952
v 7.54874992 9.59856987 7.24999952
v 7.30124903 9.59856987 7.24999952
v 7.30124903 9.59856987 7.37499952
v 7.30124903 9.59856987 7.49999952
v 7.54874992 9.59856987 7.49999952
v 7.30124903 9.59856987 7.49999952
v 7.30124903 9.59856987 7.62499952
v 7.54874992 9.59856987 7.49999952
v 7.54874992 9.59856987 7.37499952
v 7.30124903 9.59856987 7.24999952
v 7.30124903 9.59856987 7.37499952
v 7.54874992 9.59856987 7.74999952
v 7.54874992 9.59856987 7.62499952
v 7.30124903 9.59856987 7.62499952
v 7.54874992 9.59856987 7.62499952
v 7.54874992 9.59856987 7.49999952
v 7.30124903 9.59856987 7.62499952
v 7.54874992 9.59856987 7.49999952
v 7.54874992 9.59856987 7.37499952
v 7.30124903 9.59856987 7.37499952
v 7.54874992 7.22357035 7.37499952
v 7.67250061 7.22357035 7.37499952
v 7.67250061 9.59856987 7.37499952
v 7.54874992 4.84857035 7.37499952
v 7.54874992 4.84857035 7.49999952
v 7.54874992 2.47357035 7.49999952
v 7.54874992 9.59856987 7.37499952
v 7.54874992 9.59856987 7.49999952
v 7.54874992 7.22357035 7.49999952
v 7.54874992 7.22357035 7.37499952
v 7.54874992 7.22357035 7.49999952
v 7.54874992 4.84857035 7.49999952
v 7.54874992 4.84857035 7.24999952
v 7.67250061 4.84857035 7.24999952
v 7.67250061 2.47357035 7.24999952
v 7.54874992 2.47357035 7.62499952
v 7.67250061 2.47357035 7.62499952
v 7.67250061 0.09856987 7.62499952
v 7.54874992 2.47357035 7.37499952
v 7.54874992 2.47357035 7.49999952
v 7.54874992 0.09856987 7.49999952
v 7.54874992 7.22357035 7.74999952
v 7.67250061 7.22357035 7.74999952
v 7.67250061 9.59856987 7.74999952
v 7.54874992 7.22357035 7.24999952
v 7.67250061 7.22357035 7.24999952
v 7.67250061 4.84857035 7.24999952
v 7.54874992 4.84857035 7.37499952
v 7.67250061 4.84857035 7.37499952
v 7.67250061 7.22357035 7.37499952
v 7.54874992 2.47357035 7.49999952
v 7.54874992 2.47357035 7.62499952
v 7.54874992 0.09856987 7.62499952
v 7.54874992 4.84857035 7.49999952
v 7.54874992 4.84857035 7.62499952
v 7.54874992 2.47357035 7.62499952
v 7.54874992 9.59856987 7.37499952
v 7.67250061 9.59856987 7.37499952
v 7.67250061 9.59856987 7.24999952
v 7.54874992 7.22357035 7.49999952
v 7.54874992 7.22357035 7.62499952
v 7.54874992 4.84857035 7.62499952
v 7.54874992 9.59856987 7.49999952
v 7.54874992 9.59856987 7.62499952
v 7.54874992 7.22357035 7.62499952
v 7.67250061 9.59856987 7.62499952
v 7.67250061 9.59856987 7.74999952
v 7.67250061 7.22357035 7.74999952
v 7.67250061 4.84857035 7.62499952
v 7.67250061 4.84857035 7.74999952
v 7.67250061 2.47357035 7.74999952
v 7.67250061 7.22357035 7.24999952
v 7.67250061 7.22357035 7.37499952
v 7.67250061 4.84857035 7.37499952
v 7.67250061 9.59856987 7.24999952
v 7.67250061 9.59856987 7.37499952
v 7.67250061 7.22357035 7.37499952
v 7.67250061 2.47357035 7.24999952
v 7.67250061 2.47357035 7.37499952
v 7.67250061 0.09856987 7.37499952
v 7.67250061 4.84857035 7.24999952
v 7.67250061 4.84857035 7.37499952
v 7.67250061 2.47357035 7.37499952
v 7.67250061 2.47357035 7.62499952
v 7.67250061 2.47357035 7.74999952
v 7.67250061 0.09856987 7.74999952
v 7.67250061 7.22357035 7.62499952
v 7.67250061 7.22357035 7.74999952
v 7.67250061 4.84857035 7.74999952
v 7.54874992 2.47357035 7.24999952
v 7.67250061 2.47357035 7.24999952
v 7.67250061 0.09856987 7.24999952
v 7.54874992 0.09856987 7.24999952
v 7.67250061 0.09856987 7.24999952
v 7.67250061 0.09856987 7.37499952
v 7.54874992 4.84857035 7.74999952
v 7.67250061 4.84857035 7.74999952
v 7.67250061 7.22357035 7.74999952
v 7.54874992 9.59856987 7.74999952
v 7.67250061 9.59856987 7.74999952
v 7.67250061 9.59856987 7.62499952
v 7.54874992 2.47357035 7.74999952
v 7.67250061 2.47357035 7.74999952
v 7.67250061 4.84857035 7.74999952
v 7.54874992 0.09856987 7.37499952
v 7.67250061 0.09856987 7.37499952
v 7.67250061 2.47357035 7.37499952
v 7.54874992 7.22357035 7.62499952
v 7.67250061 7.22357035 7.62499952
v 7.67250061 4.84857035 7.62499952
v 7.54874992 0.09856987 7.74999952
v 7.67250061 0.09856987 7.74999952
v 7.67250061 2.47357035 7.74999952
v 7.54874992 9.59856987 7.24999952
v 7.67250061 9.59856987 7.24999952
v 7.67250061 7.22357035 7.24999952
v 7.54874992 2.47357035 7.37499952
v 7.67250061 2.47357035 7.37499952
v 7.67250061 4.84857035 7.37499952
v 7.54874992 9.59856987 7.62499952
v 7.67250061 9.59856987 7.62499952
v 7.67250061 7.22357035 7.62499952
v 7.54874992 0.09856987 7.62499952
v 7.67250061 0.09856987 7.62499952
v 7.67250061 0.09856987 7.74999952
v 7.30124903 9.59856987 7.74999952
v 7.17749977 9.59856987 7.74999952
v 7.17749977 7.22357035 7.74999952
v 7.30124903 4.84857035 7.62499952
v 7.30124903 4.84857035 7.49999952
v 7.30124903 2.47357035 7.49999952
v 7.30124903 9.59856987 7.62499952
v 7.30124903 9.59856987 7.49999952
v 7.30124903 7.22357035 7.49999952
v 7.30124903 7.22357035 7.62499952
v 7.30124903 7.22357035 7.49999952
v 7.30124903 4.84857035 7.49999952
v 7.30124903 2.47357035 7.74999952
v 7.17749977 2.47357035 7.74999952
v 7.17749977 0.09856987 7.74999952
v 7.30124903 9.59856987 7.37499952
v 7.17749977 9.59856987 7.37499952
v 7.17749977 7.22357035 7.37499952
v 7.30124903 2.47357035 7.62499952
v 7.30124903 2.47357035 7.49999952
v 7.30124903 0.09856987 7.49999952
v 7.30124903 0.09856987 7.74999952
v 7.17749977 0.09856987 7.74999952
v 7.17749977 0.09856987 7.62499952
v 7.30124903 2.47357035 7.62499952
v 7.17749977 2.47357035 7.62499952
v 7.17749977 4.84857035 7.62499952
v 7.30124903 0.09856987 7.37499952
v 7.17749977 0.09856987 7.37499952
v 7.17749977 0.09856987 7.24999952
v 7.30124903 2.47357035 7.49999952
v 7.30124903 2.47357035 7.37499952
v 7.30124903 0.09856987 7.37499952
v 7.30124903 4.84857035 7.49999952
v 7.30124903 4.84857035 7.37499952
v 7.30124903 2.47357035 7.37499952
v 7.30124903 7.22357035 7.37499952
v 7.17749977 7.22357035 7.37499952
v 7.17749977 4.84857035 7.37499952
v 7.30124903 7.22357035 7.49999952
v 7.30124903 7.22357035 7.37499952
v 7.30124903 4.84857035 7.37499952
v 7.30124903 9.59856987 7.49999952
v 7.30124903 9.59856987 7.37499952
v 7.30124903 7.22357035 7.37499952
v 7.17749977 9.59856987 7.37499952
v 7.17749977 9.59856987 7.24999952
v 7.17749977 7.22357035 7.24999952
v 7.17749977 4.84857035 7.37499952
v 7.17749977 4.84857035 7.24999952
v 7.17749977 2.47357035 7.24999952
v 7.17749977 7.22357035 7.74999952
v 7.17749977 7.22357035 7.62499952
v 7.17749977 4.84857035 7.62499952
v 7.17749977 9.59856987 7.74999952
v 7.17749977 9.59856987 7.62499952
v 7.17749977 7.22357035 7.62499952
v 7.17749977 2.47357035 7.74999952
v 7.17749977 2.47357035 7.62499952
v 7.17749977 0.09856987 7.62499952
v 7.17749977 4.84857035 7.74999952
v 7.17749977 4.84857035 7.62499952
v 7.17749977 2.47357035 7.62499952
v 7.17749977 2.47357035 7.37499952
v 7.17749977 2.47357035 7.24999952
v 7.17749977 0.09856987 7.24999952
v 7.17749977 7.22357035 7.37499952
v 7.17749977 7.22357035 7.24999952
v 7.17749977 4.84857035 7.24999952
v 7.30124903 4.84857035 7.62499952
v 7.17749977 4.84857035 7.62499952
v 7.17749977 7.22357035 7.62499952
v 7.30124903 9.59856987 7.24999952
v 7.17749977 9.59856987 7.24999952
v 7.17749977 9.59856987 7.37499952
v 7.30124903 7.22357035 7.24999952
v 7.17749977 7.22357035 7.24999952
v 7.17749977 9.59856987 7.24999952
v 7.30124903 2.47357035 7.37499952
v 7.17749977 2.47357035 7.37499952
v 7.17749977 0.09856987 7.37499952
v 7.30124903 7.22357035 7.62499952
v 7.17749977 7.22357035 7.62499952
v 7.17749977 9.59856987 7.62499952
v 7.30124903 0.09856987 7.24999952
v 7.17749977 0.09856987 7.24999952
v 7.17749977 2.47357035 7.24999952
v 7.30124903 4.84857035 7.74999952
v 7.17749977 4.84857035 7.74999952
v 7.17749977 2.47357035 7.74999952
v 7.30124903 4.84857035 7.37499952
v 7.17749977 4.84857035 7.37499952
v 7.17749977 2.47357035 7.37499952
v 7.30124903 7.22357035 7.74999952
v 7.17749977 7.22357035 7.74999952
v 7.17749977 4.84857035 7.74999952
v 7.30124903 4.84857035 7.24999952
v 7.17749977 4.84857035 7.24999952
v 7.17749977 7.22357035 7.24999952
v 7.30124903 2.47357035 7.24999952
v 7.17749977 2.47357035 7.24999952
v 7.17749977 4.84857035 7.24999952
v 7.30124903 0.09856987 7.62499952
v 7.17749977 0.09856987 7.62499952
v 7.17749977 2.47357035 7.62499952
v 14.8500004 9.72356892 7.62499905
v 14.8500004 9.72356892 7.74999905
v 14.8500004 9.59856892 7.74999905
v -14.8500004 10.0985708 7.37500095
v -14.8500004 10.0985708 7.62500095
v -7.42500019 10.0985708 7.62500048
v 0 10.0985699 7.625
v 7.42500019 10.0985689 7.62499952
v 7.42500019 10.0985689 7.37499952
v 7.42500019 10.0985689 7.62499952
v 14.8500004 10.0985689 7.62499905
v 14.8500004 10.0985689 7.37499905
v -14.8500004 10.0985708 7.37500095
v -7.42500019 10.0985708 7.62500048
v -7.42500019 10.0985708 7.37500048
v -7.42500019 10.0985708 7.62500048
v 0 10.0985699 7.625
v -7.42500019 10.0985708 7.37500048
v 7.42500019 10.0985689 7.37499952
v 0 10.0985699 7.375
v 0 10.0985699 7.625
v 0 10.0985699 7.375
v -7.42500019 10.0985708 7.37500048
v 0 10.0985699 7.625
v 0 9.72356987 7.375
v 0 9.72356987 7.25
v -7.42500019 9.72357082 7.25000048
v -14.8500004 9.59857082 7.62500095
v -14.8500004 9.59857082 7.37500095
v -7.42500019 9.59856987 7.37500048
v 0 9.59856987 7.375
v 7.42500019 9.59856892 7.37499952
v 7.42500019 9.59856892 7.62499952
v 7.42500019 9.59856892 7.37499952
v 14.8500004 9.59856892 7.37499905
v 14.8500004 9.59856892 7.62499905
v -14.8500004 9.59857082 7.62500095
v -7.42500019 9.59856987 7.37500048
v -7.42500019 9.59856987 7.62500048
v -7.42500019 9.59856987 7.37500048
v 0 9.59856987 7.375
v -7.42500019 9.59856987 7.62500048
v 7.42500019 9.59856892 7.62499952
v 0 9.59856987 7.625
v 0 9.59856987 7.375
v 0 9.59856987 7.625
v -7.42500019 9.59856987 7.62500048
v 0 9.59856987 7.375
v -14.8500004 9.97357082 7.62500095
v -14.8500004 10.0985708 7.62500095
v -14.8500004 10.0985708 7.37500095
v -14.8500004 9.97357082 7.37500095
v -14.8500004 9.84857082 7.37500095
v -14.8500004 9.84857082 7.62500095
v -14.8500004 9.84857082 7.37500095
v -14.8500004 9.72357082 7.37500095
v -14.8500004 9.84857082 7.62500095
v -14.8500004 9.97357082 7.62500095
v -14.8500004 10.0985708 7.37500095
v -14.8500004 9.97357082 7.37500095
v -14.8500004 9.59857082 7.62500095
v -14.8500004 9.72357082 7.62500095
v -14.8500004 9.72357082 7.37500095
v -14.8500004 9.72357082 7.62500095
v -14.8500004 9.84857082 7.62500095
v -14.8500004 9.72357082 7.37500095
v -14.8500004 9.84857082 7.62500095
v -14.8500004 9.97357082 7.62500095
v -14.8500004 9.97357082 7.37500095
v 14.8500004 9.97356892 7.37499905
v 14.8500004 10.0985689 7.37499905
v 14.8500004 10.0985689 7.62499905
v 14.8500004 9.97356892 7.62499905
v 14.8500004 9.84856892 7.62499905
v 14.8500004 9.84856892 7.37499905
v 14.8500004 9.84856892 7.62499905
v 14.8500004 9.72356892 7.62499905
v 14.8500004 9.84856892 7.37499905
v 14.8500004 9.97356892 7.37499905
v 14.8500004 10.0985689 7.62499905
v 14.8500004 9.97356892 7.62499905
v 14.8500004 9.59856892 7.37499905
v 14.8500004 9.72356892 7.37499905
v 14.8500004 9.72356892 7.62499905
v 14.8500004 9.72356892 7.37499905
v 14.8500004 9.84856892 7.37499905
v 14.8500004 9.72356892 7.62499905
v 14.8500004 9.84856892 7.37499905
v 14.8500004 9.97356892 7.37499905
v 14.8500004 9.97356892 7.62499905
v 7.42500019 9.97356892 7.37499952
v 7.42500019 9.97356892 7.24999952
v 14.8500004 9.97356892 7.24999905
v 0 9.97356987 7.375
v 0 9.84856987 7.375
v -7.42500019 9.84857082 7.37500048
v 14.8500004 9.97356892 7.37499905
v 14.8500004 9.84856892 7.37499905
v 7.42500019 9.84856892 7.37499952
v 7.42500019 9.97356892 7.37499952
v 7.42500019 9.84856892 7.37499952
v 0 9.84856987 7.375
v 0 10.0985699 7.375
v 0 10.0985699 7.25
v -7.42500019 10.0985708 7.25000048
v -7.42500019 9.72357082 7.37500048
v -7.42500019 9.72357082 7.25000048
v -14.8500004 9.72357082 7.25000095
v -7.42500019 9.97357082 7.37500048
v -7.42500019 9.84857082 7.37500048
v -14.8500004 9.84857082 7.37500095
v 7.42500019 9.59856892 7.37499952
v 7.42500019 9.59856892 7.24999952
v 14.8500004 9.59856892 7.24999905
v 7.42500019 10.0985689 7.37499952
v 7.42500019 10.0985689 7.24999952
v 0 10.0985699 7.25
v 0 9.97356987 7.375
v 0 9.97356987 7.25
v 7.42500019 9.97356892 7.24999952
v -7.42500019 9.84857082 7.37500048
v -7.42500019 9.72357082 7.37500048
v -14.8500004 9.72357082 7.37500095
v 0 9.84856987 7.375
v 0 9.72356987 7.375
v -7.42500019 9.72357082 7.37500048
v 14.8500004 9.97356892 7.37499905
v 14.8500004 9.97356892 7.24999905
v 14.8500004 10.0985689 7.24999905
v 7.42500019 9.84856892 7.37499952
v 7.42500019 9.72356892 7.37499952
v 0 9.72356987 7.375
v 14.8500004 9.84856892 7.37499905
v 14.8500004 9.72356892 7.37499905
v 7.42500019 9.72356892 7.37499952
v 14.8500004 9.72356892 7.24999905
v 14.8500004 9.59856892 7.24999905
v 7.42500019 9.59856892 7.24999952
v 0 9.72356987 7.25
v 0 9.59856987 7.25
v -7.42500019 9.59856987 7.25000048
v 7.42500019 10.0985689 7.24999952
v 7.42500019 9.97356892 7.24999952
v 0 9.97356987 7.25
v 14.8500004 10.0985689 7.24999905
v 14.8500004 9.97356892 7.24999905
v 7.42500019 9.97356892 7.24999952
v -7.42500019 10.0985708 7.25000048
v -7.42500019 9.97357082 7.25000048
v -14.8500004 9.97357082 7.25000095
v 0 10.0985699 7.25
v 0 9.97356987 7.25
v -7.42500019 9.97357082 7.25000048
v -7.42500019 9.72357082 7.25000048
v -7.42500019 9.59856987 7.25000048
v -14.8500004 9.59857082 7.25000095
v 7.42500019 9.72356892 7.24999952
v 7.42500019 9.59856892 7.24999952
v 0 9.59856987 7.25
v -7.42500019 10.0985708 7.37500048
v -7.42500019 10.0985708 7.25000048
v -14.8500004 10.0985708 7.25000095
v -14.8500004 10.0985708 7.37500095
v -14.8500004 10.0985708 7.25000095
v -14.8500004 9.97357082 7.25000095
v 0 9.59856987 7.375
v 0 9.59856987 7.25
v 7.42500019 9.59856892 7.24999952
v 14.8500004 9.59856892 7.37499905
v 14.8500004 9.59856892 7.24999905
v 14.8500004 9.72356892 7.24999905
v -7.42500019 9.59856987 7.37500048
v -7.42500019 9.59856987 7.25000048
v 0 9.59856987 7.25
v -14.8500004 9.97357082 7.37500095
v -14.8500004 9.97357082 7.25000095
v -7.42500019 9.97357082 7.25000048
v 7.42500019 9.72356892 7.37499952
v 7.42500019 9.72356892 7.24999952
v 0 9.72356987 7.25
v -14.8500004 9.59857082 7.37500095
v -14.8500004 9.59857082 7.25000095
v -7.42500019 9.59856987 7.25000048
v 14.8500004 10.0985689 7.37499905
v 14.8500004 10.0985689 7.24999905
v 7.42500019 10.0985689 7.24999952
v -7.42500019 9.97357082 7.37500048
v -7.42500019 9.97357082 7.25000048
v 0 9.97356987 7.25
v 14.8500004 9.72356892 7.37499905
v 14.8500004 9.72356892 7.24999905
v 7.42500019 9.72356892 7.24999952
v -14.8500004 9.72357082 7.37500095
v -14.8500004 9.72357082 7.25000095
v -14.8500004 9.59857082 7.25000095
v 14.8500004 9.59856892 7.62499905
v 14.8500004 9.59856892 7.74999905
v 7.42500019 9.59856892 7.74999952
v 0 9.72356987 7.625
v 0 9.84856987 7.625
v -7.42500019 9.84857082 7.62500048
v 14.8500004 9.72356892 7.62499905
v 14.8500004 9.84856892 7.62499905
v 7.42500019 9.84856892 7.62499952
v 7.42500019 9.72356892 7.62499952
v 7.42500019 9.84856892 7.62499952
v 0 9.84856987 7.625
v -7.42500019 9.59856987 7.62500048
v -7.42500019 9.59856987 7.75000048
v -14.8500004 9.59857082 7.75000095
v 14.8500004 9.97356892 7.62499905
v 14.8500004 9.97356892 7.74999905
v 7.42500019 9.97356892 7.74999952
v -7.42500019 9.72357082 7.62500048
v -7.42500019 9.84857082 7.62500048
v -14.8500004 9.84857082 7.62500095
v -14.8500004 9.59857082 7.62500095
v -14.8500004 9.59857082 7.75000095
v -14.8500004 9.72357082 7.75000095
v -7.42500019 9.72357082 7.62500048
v -7.42500019 9.72357082 7.75000048
v 0 9.72356987 7.75
v -14.8500004 9.97357082 7.62500095
v -14.8500004 9.97357082 7.75000095
v -14.8500004 10.0985708 7.75000095
v -7.42500019 9.84857082 7.62500048
v -7.42500019 9.97357082 7.62500048
v -14.8500004 9.97357082 7.62500095
v 0 9.84856987 7.625
v 0 9.97356987 7.625
v -7.42500019 9.97357082 7.62500048
v 7.42500019 9.97356892 7.62499952
v 7.42500019 9.97356892 7.74999952
v 0 9.97356987 7.75
v 7.42500019 9.84856892 7.62499952
v 7.42500019 9.97356892 7.62499952
v 0 9.97356987 7.625
v 14.8500004 9.84856892 7.62499905
v 14.8500004 9.97356892 7.62499905
v 7.42500019 9.97356892 7.62499952
v 14.8500004 9.97356892 7.74999905
v 14.8500004 10.0985689 7.74999905
v 7.42500019 10.0985689 7.74999952
v 0 9.97356987 7.75
v 0 10.0985699 7.75
v -7.42500019 10.0985708 7.75000048
v 7.42500019 9.59856892 7.74999952
v 7.42500019 9.72356892 7.74999952
v 0 9.72356987 7.75
v 14.8500004 9.59856892 7.74999905
v 14.8500004 9.72356892 7.74999905
v 7.42500019 9.72356892 7.74999952
v -7.42500019 9.59856987 7.75000048
v -7.42500019 9.72357082 7.75000048
v -14.8500004 9.72357082 7.75000095
v 0 9.59856987 7.75
v 0 9.72356987 7.75
v -7.42500019 9.72357082 7.75000048
v -7.42500019 9.97357082 7.75000048
v -7.42500019 10.0985708 7.75000048
v -14.8500004 10.0985708 7.75000095
v 7.42500019 9.97356892 7.74999952
v 7.42500019 10.0985689 7.74999952
v 0 10.0985699 7.75
v 0 9.72356987 7.625
v 0 9.72356987 7.75
v 7.42500019 9.72356892 7.74999952
v 14.8500004 10.0985689 7.62499905
v 14.8500004 10.0985689 7.74999905
v 14.8500004 9.97356892 7.74999905
v 7.42500019 10.0985689 7.62499952
v 7.42500019 10.0985689 7.74999952
v 14.8500004 10.0985689 7.74999905
v -7.42500019 9.97357082 7.62500048
v -7.42500019 9.97357082 7.75000048
v -14.8500004 9.97357082 7.75000095
v 7.42500019 9.72356892 7.62499952
v 7.42500019 9.72356892 7.74999952
v 14.8500004 9.72356892 7.74999905
v -14.8500004 10.0985708 7.62500095
v -14.8500004 10.0985708 7.75000095
v -7.42500019 10.0985708 7.75000048
v 0 9.59856987 7.625
v 0 9.59856987 7.75
v -7.42500019 9.59856987 7.75000048
v 0 9.97356987 7.625
v 0 9.97356987 7.75
v -7.42500019 9.97357082 7.75000048
v 7.42500019 9.59856892 7.62499952
v 7.42500019 9.59856892 7.74999952
v 0 9.59856987 7.75
v 0 10.0985699 7.625
v 0 10.0985699 7.75
v 7.42500019 10.0985689 7.74999952
v -7.42500019 10.0985708 7.62500048
v -7.42500019 10.0985708 7.75000048
v 0 10.0985699 7.75
v -14.8500004 9.72357082 7.62500095
v -14.8500004 9.72357082 7.75000095
v -7.42500019 9.72357082 7.75000048
v -7.54874992 9.59856987 7.62500048
v -7.67250061 9.59856987 7.62500048
v -7.67250061 9.59856987 7.75000048
v -7.30124903 0.0985689163 7.25000048
v -7.54874992 0.0985689163 7.25000048
v -7.54874992 2.47356892 7.25000048
v -7.54874992 4.84856892 7.25000048
v -7.54874992 7.22356892 7.25000048
v -7.30125093 4.84856892 7.25000048
v -7.54874992 7.22356892 7.25000048
v -7.54874992 9.59856987 7.25000048
v -7.30125093 7.22356892 7.25000048
v -7.30125093 4.84856892 7.25000048
v -7.54874992 7.22356892 7.25000048
v -7.30125093 7.22356892 7.25000048
v -7.30124903 0.0985689163 7.25000048
v -7.54874992 2.47356892 7.25000048
v -7.30124903 2.47356892 7.25000048
v -7.54874992 2.47356892 7.25000048
v -7.54874992 4.84856892 7.25000048
v -7.30124903 2.47356892 7.25000048
v -7.30125093 4.84856892 7.25000048
v -7.30124903 2.47356892 7.25000048
v -7.54874992 4.84856892 7.25000048
v -7.30125093 4.84856892 7.62500048
v -7.17749977 4.84856892 7.62500048
v -7.17749977 2.47356892 7.62500048
v -7.54874992 0.0985689163 7.75000048
v -7.30124903 0.0985689163 7.75000048
v -7.30125093 2.47356892 7.75000048
v -7.30125093 4.84856892 7.75000048
v -7.30125093 7.22356892 7.75000048
v -7.54874992 7.22356892 7.75000048
v -7.30125093 7.22356892 7.75000048
v -7.30125093 9.59856987 7.75000048
v -7.54874992 9.59856987 7.75000048
v -7.54874992 0.0985689163 7.75000048
v -7.30125093 2.47356892 7.75000048
v -7.54874992 2.47356892 7.75000048
v -7.30125093 2.47356892 7.75000048
v -7.30125093 4.84856892 7.75000048
v -7.54874992 2.47356892 7.75000048
v -7.54874992 7.22356892 7.75000048
v -7.54874992 4.84856892 7.75000048
v -7.30125093 4.84856892 7.75000048
v -7.54874992 4.84856892 7.75000048
v -7.54874992 2.47356892 7.75000048
v -7.30125093 4.84856892 7.75000048
v -7.54874992 0.0985689163 7.37500048
v -7.54874992 0.0985689163 7.25000048
v -7.30124903 0.0985689163 7.25000048
v -7.30124903 0.0985689163 7.37500048
v -7.30124903 0.0985689163 7.50000048
v -7.54874992 0.0985689163 7.50000048
v -7.30124903 0.0985689163 7.50000048
v -7.30124903 0.0985689163 7.62500048
v -7.54874992 0.0985689163 7.50000048
v -7.54874992 0.0985689163 7.37500048
v -7.30124903 0.0985689163 7.25000048
v -7.30124903 0.0985689163 7.37500048
v -7.54874992 0.0985689163 7.75000048
v -7.54874992 0.0985689163 7.62500048
v -7.30124903 0.0985689163 7.62500048
v -7.54874992 0.0985689163 7.62500048
v -7.54874992 0.0985689163 7.50000048
v -7.30124903 0.0985689163 7.62500048
v -7.54874992 0.0985689163 7.50000048
v -7.54874992 0.0985689163 7.37500048
v -7.30124903 0.0985689163 7.37500048
v -7.30125093 9.59856987 7.37500048
v -7.30125093 9.59856987 7.25000048
v -7.54874992 9.59856987 7.25000048
v -7.54874992 9.59856987 7.37500048
v -7.54874992 9.59856987 7.50000048
v -7.30125093 9.59856987 7.50000048
v -7.54874992 9.59856987 7.50000048
v -7.54874992 9.59856987 7.62500048
v -7.30125093 9.59856987 7.50000048
v -7.30125093 9.59856987 7.37500048
v -7.54874992 9.59856987 7.25000048
v -7.54874992 9.59856987 7.37500048
v -7.30125093 9.59856987 7.75000048
v -7.30125093 9.59856987 7.62500048
v -7.54874992 9.59856987 7.62500048
v -7.30125093 9.59856987 7.62500048
v -7.30125093 9.59856987 7.50000048
v -7.54874992 9.59856987 7.62500048
v -7.30125093 9.59856987 7.50000048
v -7.30125093 9.59856987 7.37500048
v -7.54874992 9.59856987 7.37500048
v -7.30125093 7.22356892 7.37500048
v -7.1775012 7.22356892 7.37500048
v -7.1775012 9.59856987 7.37500048
v -7.30125093 4.84856892 7.37500048
v -7.30125093 4.84856892 7.50000048
v -7.30125093 2.47356892 7.50000048
v -7.30125093 9.59856987 7.37500048
v -7.30125093 9.59856987 7.50000048
v -7.30125093 7.22356892 7.50000048
v -7.30125093 7.22356892 7.37500048
v -7.30125093 7.22356892 7.50000048
v -7.30125093 4.84856892 7.50000048
v -7.30125093 4.84856892 7.25000048
v -7.17749977 4.84856892 7.25000048
v -7.17749977 2.47356892 7.25000048
v -7.30125093 2.47356892 7.62500048
v -7.17749977 2.47356892 7.62500048
v -7.17749977 0.0985689163 7.62500048
v -7.30125093 2.47356892 7.37500048
v -7.30125093 2.47356892 7.50000048
v -7.30124903 0.0985689163 7.50000048
v -7.30125093 7.22356892 7.75000048
v -7.1775012 7.22356892 7.75000048
v -7.1775012 9.59856987 7.75000048
v -7.30125093 7.22356892 7.25000048
v -7.1775012 7.22356892 7.25000048
v -7.17749977 4.84856892 7.25000048
v -7.30125093 4.84856892 7.37500048
v -7.17749977 4.84856892 7.37500048
v -7.1775012 7.22356892 7.37500048
v -7.30125093 2.47356892 7.50000048
v -7.30125093 2.47356892 7.62500048
v -7.30124903 0.0985689163 7.62500048
v -7.30125093 4.84856892 7.50000048
v -7.30125093 4.84856892 7.62500048
v -7.30125093 2.47356892 7.62500048
v -7.30125093 9.59856987 7.37500048
v -7.1775012 9.59856987 7.37500048
v -7.1775012 9.59856987 7.25000048
v -7.30125093 7.22356892 7.50000048
v -7.30125093 7.22356892 7.62500048
v -7.30125093 4.84856892 7.62500048
v -7.30125093 9.59856987 7.50000048
v -7.30125093 9.59856987 7.62500048
v -7.30125093 7.22356892 7.62500048
v -7.1775012 9.59856987 7.62500048
v -7.1775012 9.59856987 7.75000048
v -7.1775012 7.22356892 7.75000048
v -7.17749977 4.84856892 7.62500048
v -7.17749977 4.84856892 7.75000048
v -7.17749977 2.47356892 7.75000048
v -7.1775012 7.22356892 7.25000048
v -7.1775012 7.22356892 7.37500048
v -7.17749977 4.84856892 7.37500048
v -7.1775012 9.59856987 7.25000048
v -7.1775012 9.59856987 7.37500048
v -7.1775012 7.22356892 7.37500048
v -7.17749977 2.47356892 7.25000048
v -7.17749977 2.47356892 7.37500048
v -7.17749977 0.0985689163 7.37500048
v -7.17749977 4.84856892 7.25000048
v -7.17749977 4.84856892 7.37500048
v -7.17749977 2.47356892 7.37500048
v -7.17749977 2.47356892 7.62500048
v -7.17749977 2.47356892 7.75000048
v -7.17749977 0.0985689163 7.75000048
v -7.1775012 7.22356892 7.62500048
v -7.1775012 7.22356892 7.75000048
v -7.17749977 4.84856892 7.75000048
v -7.30124903 2.47356892 7.25000048
v -7.17749977 2.47356892 7.25000048
v -7.17749977 0.0985689163 7.25000048
v -7.30124903 0.0985689163 7.25000048
v -7.17749977 0.0985689163 7.25000048
v -7.17749977 0.0985689163 7.37500048
v -7.30125093 4.84856892 7.75000048
v -7.17749977 4.84856892 7.75000048
v -7.1775012 7.22356892 7.75000048
v -7.30125093 9.59856987 7.75000048
v -7.1775012 9.59856987 7.75000048
v -7.1775012 9.59856987 7.62500048
v -7.30125093 2.47356892 7.75000048
v -7.17749977 2.47356892 7.75000048
v -7.17749977 4.84856892 7.75000048
v -7.30124903 0.0985689163 7.37500048
v -7.17749977 0.0985689163 7.37500048
v -7.17749977 2.47356892 7.37500048
v -7.30125093 7.22356892 7.62500048
v -7.1775012 7.22356892 7.62500048
v -7.17749977 4.84856892 7.62500048
v -7.30124903 0.0985689163 7.75000048
v -7.17749977 0.0985689163 7.75000048
v -7.17749977 2.47356892 7.75000048
v -7.30125093 9.59856987 7.25000048
v -7.1775012 9.59856987 7.25000048
v -7.1775012 7.22356892 7.25000048
v -7.30125093 2.47356892 7.37500048
v -7.17749977 2.47356892 7.37500048
v -7.17749977 4.84856892 7.37500048
v -7.30125093 9.59856987 7.62500048
v -7.1775012 9.59856987 7.62500048
v -7.1775012 7.22356892 7.62500048
v -7.30124903 0.0985689163 7.62500048
v -7.17749977 0.0985689163 7.62500048
v -7.17749977 0.0985689163 7.75000048
v -7.54874992 9.59856987 7.75000048
v -7.67250061 9.59856987 7.75000048
v -7.67250061 7.22356892 7.75000048
v -7.54874992 4.84856892 7.62500048
v -7.54874992 4.84856892 7.50000048
v -7.54874992 2.47356892 7.50000048
v -7.54874992 9.59856987 7.62500048
v -7.54874992 9.59856987 7.50000048
v -7.54874992 7.22356892 7.50000048
v -7.54874992 7.22356892 7.62500048
v -7.54874992 7.22356892 7.50000048
v -7.54874992 4.84856892 7.50000048
v -7.54874992 2.47356892 7.75000048
v -7.67250061 2.47356892 7.75000048
v -7.67250061 0.0985689163 7.75000048
v -7.54874992 9.59856987 7.37500048
v -7.67250061 9.59856987 7.37500048
v -7.67250061 7.22356892 7.37500048
v -7.54874992 2.47356892 7.62500048
v -7.54874992 2.47356892 7.50000048
v -7.54874992 0.0985689163 7.50000048
v -7.54874992 0.0985689163 7.75000048
v -7.67250061 0.0985689163 7.75000048
v -7.67250061 0.0985689163 7.62500048
v -7.54874992 2.47356892 7.62500048
v -7.67250061 2.47356892 7.62500048
v -7.67250061 4.84856892 7.62500048
v -7.54874992 0.0985689163 7.37500048
v -7.67250061 0.0985689163 7.37500048
v -7.67250061 0.0985689163 7.25000048
v -7.54874992 2.47356892 7.50000048
v -7.54874992 2.47356892 7.37500048
v -7.54874992 0.0985689163 7.37500048
v -7.54874992 4.84856892 7.50000048
v -7.54874992 4.84856892 7.37500048
v -7.54874992 2.47356892 7.37500048
v -7.54874992 7.22356892 7.37500048
v -7.67250061 7.22356892 7.37500048
v -7.67250061 4.84856892 7.37500048
v -7.54874992 7.22356892 7.50000048
v -7.54874992 7.22356892 7.37500048
v -7.54874992 4.84856892 7.37500048
v -7.54874992 9.59856987 7.50000048
v -7.54874992 9.59856987 7.37500048
v -7.54874992 7.22356892 7.37500048
v -7.67250061 9.59856987 7.37500048
v -7.67250061 9.59856987 7.25000048
v -7.67250061 7.22356892 7.25000048
v -7.67250061 4.84856892 7.37500048
v -7.67250061 4.84856892 7.25000048
v -7.67250061 2.47356892 7.25000048
v -7.67250061 7.22356892 7.75000048
v -7.67250061 7.22356892 7.62500048
v -7.67250061 4.84856892 7.62500048
v -7.67250061 9.59856987 7.75000048
v -7.67250061 9.59856987 7.62500048
v -7.67250061 7.22356892 7.62500048
v -7.67250061 2.47356892 7.75000048
v -7.67250061 2.47356892 7.62500048
v -7.67250061 0.0985689163 7.62500048
v -7.67250061 4.84856892 7.75000048
v -7.67250061 4.84856892 7.62500048
v -7.67250061 2.47356892 7.62500048
v -7.67250061 2.47356892 7.37500048
v -7.67250061 2.47356892 7.25000048
v -7.67250061 0.0985689163 7.25000048
v -7.67250061 7.22356892 7.37500048
v -7.67250061 7.22356892 7.25000048
v -7.67250061 4.84856892 7.25000048
v -7.54874992 4.84856892 7.62500048
v -7.67250061 4.84856892 7.62500048
v -7.67250061 7.22356892 7.62500048
v -7.54874992 9.59856987 7.25000048
v -7.67250061 9.59856987 7.25000048
v -7.67250061 9.59856987 7.37500048
v -7.54874992 7.22356892 7.25000048
v -7.67250061 7.22356892 7.25000048
v -7.67250061 9.59856987 7.25000048
v -7.54874992 2.47356892 7.37500048
v -7.67250061 2.47356892 7.37500048
v -7.67250061 0.0985689163 7.37500048
v -7.54874992 7.22356892 7.62500048
v -7.67250061 7.22356892 7.62500048
v -7.67250061 9.59856987 7.62500048
v -7.54874992 0.0985689163 7.25000048
v -7.67250061 0.0985689163 7.25000048
v -7.67250061 2.47356892 7.25000048
v -7.54874992 4.84856892 7.75000048
v -7.67250061 4.84856892 7.75000048
v -7.67250061 2.47356892 7.75000048
v -7.54874992 4.84856892 7.37500048
v -7.67250061 4.84856892 7.37500048
v -7.67250061 2.47356892 7.37500048
v -7.54874992 7.22356892 7.75000048
v -7.67250061 7.22356892 7.75000048
v -7.67250061 4.84856892 7.75000048
v -7.54874992 4.84856892 7.25000048
v -7.67250061 4.84856892 7.25000048
v -7.67250061 7.22356892 7.25000048
v -7.54874992 2.47356892 7.25000048
v -7.67250061 2.47356892 7.25000048
v -7.67250061 4.84856892 7.25000048
v -7.54874992 0.0985689163 7.62500048
v -7.67250061 0.0985689163 7.62500048
v -7.67250061 2.47356892 7.62500048
v 7.30124903 9.59856987 15.124999
v 7.17749977 9.59856987 15.124999
v 7.17749977 9.59856987 15.249999
v 7.54874992 0.09856987 14.749999
v 7.30124903 0.09856987 14.749999
v 7.30124903 2.47357035 14.749999
v 7.30124903 2.47357035 14.749999
v 7.30124903 4.84857035 14.749999
v 7.54874992 4.84857035 14.749999
v 7.30124903 4.84857035 14.749999
v 7.30124903 7.22357035 14.749999
v 7.54874992 4.84857035 14.749999
v 7.54874992 2.47357035 14.749999
v 7.54874992 0.09856987 14.749999
v 7.30124903 2.47357035 14.749999
v 7.54874992 9.59856987 14.749999
v 7.54874992 7.22357035 14.749999
v 7.30124903 7.22357035 14.749999
v 7.54874992 7.22357035 14.749999
v 7.54874992 4.84857035 14.749999
v 7.30124903 7.22357035 14.749999
v 7.54874992 4.84857035 14.749999
v 7.54874992 2.47357035 14.749999
v 7.30124903 2.47357035 14.749999
v 7.54874992 4.84857035 15.124999
v 7.67250061 4.84857035 15.124999
v 7.67250061 2.47357035 15.124999
v 7.30124903 0.09856987 15.249999
v 7.54874992 0.09856987 15.249999
v 7.54874992 2.47357035 15.249999
v 7.54874992 4.84857035 15.249999
v 7.54874992 7.22357035 15.249999
v 7.30124903 4.84857035 15.249999
v 7.54874992 7.22357035 15.249999
v 7.54874992 9.59856987 15.249999
v 7.30124903 7.22357035 15.249999
v 7.30124903 4.84857035 15.249999
v 7.54874992 7.22357035 15.249999
v 7.30124903 7.22357035 15.249999
v 7.30124903 0.09856987 15.249999
v 7.54874992 2.47357035 15.249999
v 7.30124903 2.47357035 15.249999
v 7.54874992 2.47357035 15.249999
v 7.54874992 4.84857035 15.249999
v 7.30124903 2.47357035 15.249999
v 7.30124903 4.84857035 15.249999
v 7.30124903 2.47357035 15.249999
v 7.54874992 4.84857035 15.249999
v 7.30124903 0.09856987 14.874999
v 7.30124903 0.09856987 14.749999
v 7.54874992 0.09856987 14.749999
v 7.54874992 0.09856987 14.874999
v 7.54874992 0.09856987 14.999999
v 7.30124903 0.09856987 14.999999
v 7.54874992 0.09856987 14.999999
v 7.54874992 0.09856987 15.124999
v 7.30124903 0.09856987 14.999999
v 7.30124903 0.09856987 14.874999
v 7.54874992 0.09856987 14.749999
v 7.54874992 0.09856987 14.874999
v 7.30124903 0.09856987 15.249999
v 7.30124903 0.09856987 15.124999
v 7.54874992 0.09856987 15.124999
v 7.30124903 0.09856987 15.124999
v 7.30124903 0.09856987 14.999999
v 7.54874992 0.09856987 15.124999
v 7.30124903 0.09856987 14.999999
v 7.30124903 0.09856987 14.874999
v 7.54874992 0.09856987 14.874999
v 7.54874992 9.59856987 14.874999
v 7.54874992 9.59856987 14.749999
v 7.30124903 9.59856987 14.749999
v 7.30124903 9.59856987 14.874999
v 7.30124903 9.59856987 14.999999
v 7.54874992 9.59856987 14.999999
v 7.30124903 9.59856987 14.999999
v 7.30124903 9.59856987 15.124999
v 7.54874992 9.59856987 14.999999
v 7.54874992 9.59856987 14.874999
v 7.30124903 9.59856987 14.749999
v 7.30124903 9.59856987 14.874999
v 7.54874992 9.59856987 15.249999
v 7.54874992 9.59856987 15.124999
v 7.30124903 9.59856987 15.124999
v 7.54874992 9.59856987 15.124999
v 7.54874992 9.59856987 14.999999
v 7.30124903 9.59856987 15.124999
v 7.54874992 9.59856987 14.999999
v 7.54874992 9.59856987 14.874999
v 7.30124903 9.59856987 14.874999
v 7.54874992 7.22357035 14.874999
v 7.67250061 7.22357035 14.874999
v 7.67250061 9.59856987 14.874999
v 7.54874992 4.84857035 14.874999
v 7.54874992 4.84857035 14.999999
v 7.54874992 2.47357035 14.999999
v 7.54874992 9.59856987 14.874999
v 7.54874992 9.59856987 14.999999
v 7.54874992 7.22357035 14.999999
v 7.54874992 7.22357035 14.874999
v 7.54874992 7.22357035 14.999999
v 7.54874992 4.84857035 14.999999
v 7.54874992 4.84857035 14.749999
v 7.67250061 4.84857035 14.749999
v 7.67250061 2.47357035 14.749999
v 7.54874992 2.47357035 15.124999
v 7.67250061 2.47357035 15.124999
v 7.67250061 0.09856987 15.124999
v 7.54874992 2.47357035 14.874999
v 7.54874992 2.47357035 14.999999
v 7.54874992 0.09856987 14.999999
v 7.54874992 7.22357035 15.249999
v 7.67250061 7.22357035 15.249999
v 7.67250061 9.59856987 15.249999
v 7.54874992 7.22357035 14.749999
v 7.67250061 7.22357035 14.749999
v 7.67250061 4.84857035 14.749999
v 7.54874992 4.84857035 14.874999
v 7.67250061 4.84857035 14.874999
v 7.67250061 7.22357035 14.874999
v 7.54874992 2.47357035 14.999999
v 7.54874992 2.47357035 15.124999
v 7.54874992 0.09856987 15.124999
v 7.54874992 4.84857035 14.999999
v 7.54874992 4.84857035 15.124999
v 7.54874992 2.47357035 15.124999
v 7.54874992 9.59856987 14.874999
v 7.67250061 9.59856987 14.874999
v 7.67250061 9.59856987 14.749999
v 7.54874992 7.22357035 14.999999
v 7.54874992 7.22357035 15.124999
v 7.54874992 4.84857035 15.124999
v 7.54874992 9.59856987 14.999999
v 7.54874992 9.59856987 15.124999
v 7.54874992 7.22357035 15.124999
v 7.67250061 9.59856987 15.124999
v 7.67250061 9.59856987 15.249999
v 7.67250061 7.22357035 15.249999
v 7.67250061 4.84857035 15.124999
v 7.67250061 4.84857035 15.249999
v 7.67250061 2.47357035 15.249999
v 7.67250061 7.22357035 14.749999
v 7.67250061 7.22357035 14.874999
v 7.67250061 4.84857035 14.874999
v 7.67250061 9.59856987 14.749999
v 7.67250061 9.59856987 14.874999
v 7.67250061 7.22357035 14.874999
v 7.67250061 2.47357035 14.749999
v 7.67250061 2.47357035 14.874999
v 7.67250061 0.09856987 14.874999
v 7.67250061 4.84857035 14.749999
v 7.67250061 4.84857035 14.874999
v 7.67250061 2.47357035 14.874999
v 7.67250061 2.47357035 15.124999
v 7.67250061 2.47357035 15.249999
v 7.67250061 0.09856987 15.249999
v 7.67250061 7.22357035 15.124999
v 7.67250061 7.22357035 15.249999
v 7.67250061 4.84857035 15.249999
v 7.54874992 2.47357035 14.749999
v 7.67250061 2.47357035 14.749999
v 7.67250061 0.09856987 14.749999
v 7.54874992 0.09856987 14.749999
v 7.67250061 0.09856987 14.749999
v 7.67250061 0.09856987 14.874999
v 7.54874992 4.84857035 15.249999
v 7.67250061 4.84857035 15.249999
v 7.67250061 7.22357035 15.249999
v 7.54874992 9.59856987 15.249999
v 7.67250061 9.59856987 15.249999
v 7.67250061 9.59856987 15.124999
v 7.54874992 2.47357035 15.249999
v 7.67250061 2.47357035 15.249999
v 7.67250061 4.84857035 15.249999
v 7.54874992 0.09856987 14.874999
v 7.67250061 0.09856987 14.874999
v 7.67250061 2.47357035 14.874999
v 7.54874992 7.22357035 15.124999
v 7.67250061 7.22357035 15.124999
v 7.67250061 4.84857035 15.124999
v 7.54874992 0.09856987 15.249999
v 7.67250061 0.09856987 15.249999
v 7.67250061 2.47357035 15.249999
v 7.54874992 9.59856987 14.749999
v 7.67250061 9.59856987 14.749999
v 7.67250061 7.22357035 14.749999
v 7.54874992 2.47357035 14.874999
v 7.67250061 2.47357035 14.874999
v 7.67250061 4.84857035 14.874999
v 7.54874992 9.59856987 15.124999
v 7.67250061 9.59856987 15.124999
v 7.67250061 7.22357035 15.124999
v 7.54874992 0.09856987 15.124999
v 7.67250061 0.09856987 15.124999
v 7.67250061 0.09856987 15.249999
v 7.30124903 9.59856987 15.249999
v 7.17749977 9.59856987 15.249999
v 7.17749977 7.22357035 15.249999
v 7.30124903 4.84857035 15.124999
v 7.30124903 4.84857035 14.999999
v 7.30124903 2.47357035 14.999999
v 7.30124903 9.59856987 15.124999
v 7.30124903 9.59856987 14.999999
v 7.30124903 7.22357035 14.999999
v 7.30124903 7.22357035 15.124999
v 7.30124903 7.22357035 14.999999
v 7.30124903 4.84857035 14.999999
v 7.30124903 2.47357035 15.249999
v 7.17749977 2.47357035 15.249999
v 7.17749977 0.09856987 15.249999
v 7.30124903 9.59856987 14.874999
v 7.17749977 9.59856987 14.874999
v 7.17749977 7.22357035 14.874999
v 7.30124903 2.47357035 15.124999
v 7.30124903 2.47357035 14.999999
v 7.30124903 0.09856987 14.999999
v 7.30124903 0.09856987 15.249999
v 7.17749977 0.09856987 15.249999
v 7.17749977 0.09856987 15.124999
v 7.30124903 2.47357035 15.124999
v 7.17749977 2.47357035 15.124999
v 7.17749977 4.84857035 15.124999
v 7.30124903 0.09856987 14.874999
v 7.17749977 0.09856987 14.874999
v 7.17749977 0.09856987 14.749999
v 7.30124903 2.47357035 14.999999
v 7.30124903 2.47357035 14.874999
v 7.30124903 0.09856987 14.874999
v 7.30124903 4.84857035 14.999999
v 7.30124903 4.84857035 14.874999
v 7.30124903 2.47357035 14.874999
v 7.30124903 7.22357035 14.874999
v 7.17749977 7.22357035 14.874999
v 7.17749977 4.84857035 14.874999
v 7.30124903 7.22357035 14.999999
v 7.30124903 7.22357035 14.874999
v 7.30124903 4.84857035 14.874999
v 7.30124903 9.59856987 14.999999
v 7.30124903 9.59856987 14.874999
v 7.30124903 7.22357035 14.874999
v 7.17749977 9.59856987 14.874999
v 7.17749977 9.59856987 14.749999
v 7.17749977 7.22357035 14.749999
v 7.17749977 4.84857035 14.874999
v 7.17749977 4.84857035 14.749999
v 7.17749977 2.47357035 14.749999
v 7.17749977 7.22357035 15.249999
v 7.17749977 7.22357035 15.124999
v 7.17749977 4.84857035 15.124999
v 7.17749977 9.59856987 15.249999
v 7.17749977 9.59856987 15.124999
v 7.17749977 7.22357035 15.124999
v 7.17749977 2.47357035 15.249999
v 7.17749977 2.47357035 15.124999
v 7.17749977 0.09856987 15.124999
v 7.17749977 4.84857035 15.249999
v 7.17749977 4.84857035 15.124999
v 7.17749977 2.47357035 15.124999
v 7.17749977 2.47357035 14.874999
v 7.17749977 2.47357035 14.749999
v 7.17749977 0.09856987 14.749999
v 7.17749977 7.22357035 14.874999
v 7.17749977 7.22357035 14.749999
v 7.17749977 4.84857035 14.749999
v 7.30124903 4.84857035 15.124999
v 7.17749977 4.84857035 15.124999
v 7.17749977 7.22357035 15.124999
v 7.30124903 9.59856987 14.749999
v 7.17749977 9.59856987 14.749999
v 7.17749977 9.59856987 14.874999
v 7.30124903 7.22357035 14.749999
v 7.17749977 7.22357035 14.749999
v 7.17749977 9.59856987 14.749999
v 7.30124903 2.47357035 14.874999
v 7.17749977 2.47357035 14.874999
v 7.17749977 0.09856987 14.874999
v 7.30124903 7.22357035 15.124999
v 7.17749977 7.22357035 15.124999
v 7.17749977 9.59856987 15.124999
v 7.30124903 0.09856987 14.749999
v 7.17749977 0.09856987 14.749999
v 7.17749977 2.47357035 14.749999
v 7.30124903 4.84857035 15.249999
v 7.17749977 4.84857035 15.249999
v 7.17749977 2.47357035 15.249999
v 7.30124903 4.84857035 14.874999
v 7.17749977 4.84857035 14.874999
v 7.17749977 2.47357035 14.874999
v 7.30124903 7.22357035 15.249999
v 7.17749977 7.22357035 15.249999
v 7.17749977 4.84857035 15.249999
v 7.30124903 4.84857035 14.749999
v 7.17749977 4.84857035 14.749999
v 7.17749977 7.22357035 14.749999
v 7.30124903 2.47357035 14.749999
v 7.17749977 2.47357035 14.749999
v 7.17749977 4.84857035 14.749999
v 7.30124903 0.09856987 15.124999
v 7.17749977 0.09856987 15.124999
v 7.17749977 2.47357035 15.124999
v 14.8500004 9.72356892 15.124999
v 14.8500004 9.72356892 15.249999
v 14.8500004 9.59856892 15.249999
v -14.8500004 10.0985708 14.875001
v -14.8500004 10.0985708 15.125001
v -7.4250021 10.0985708 15.125001
v 0 10.0985699 15.125
v 7.42500019 10.0985689 15.124999
v 7.42500019 10.0985689 14.874999
v 7.42500019 10.0985689 15.124999
v 14.8500004 10.0985689 15.124999
v 14.8500004 10.0985689 14.874999
v -14.8500004 10.0985708 14.875001
v -7.4250021 10.0985708 15.125001
v -7.4250021 10.0985708 14.875001
v -7.4250021 10.0985708 15.125001
v 0 10.0985699 15.125
v -7.4250021 10.0985708 14.875001
v 7.42500019 10.0985689 14.874999
v 0 10.0985699 14.875
v 0 10.0985699 15.125
v 0 10.0985699 14.875
v -7.4250021 10.0985708 14.875001
v 0 10.0985699 15.125
v 0 9.72356987 14.875
v 0 9.72356987 14.75
v -7.4250021 9.72357082 14.750001
v -14.8500004 9.59857082 15.125001
v -14.8500004 9.59857082 14.875001
v -7.4250021 9.59856987 14.875001
v 0 9.59856987 14.875
v 7.42500019 9.59856892 14.874999
v 7.42500019 9.59856892 15.124999
v 7.42500019 9.59856892 14.874999
v 14.8500004 9.59856892 14.874999
v 14.8500004 9.59856892 15.124999
v -14.8500004 9.59857082 15.125001
v -7.4250021 9.59856987 14.875001
v -7.4250021 9.59856987 15.125001
v -7.4250021 9.59856987 14.875001
v 0 9.59856987 14.875
v -7.4250021 9.59856987 15.125001
v 7.42500019 9.59856892 15.124999
v 0 9.59856987 15.125
v 0 9.59856987 14.875
v 0 9.59856987 15.125
v -7.4250021 9.59856987 15.125001
v 0 9.59856987 14.875
v -14.8500004 9.97357082 15.125001
v -14.8500004 10.0985708 15.125001
v -14.8500004 10.0985708 14.875001
v -14.8500004 9.97357082 14.875001
v -14.8500004 9.84857082 14.875001
v -14.8500004 9.84857082 15.125001
v -14.8500004 9.84857082 14.875001
v -14.8500004 9.72357082 14.875001
v -14.8500004 9.84857082 15.125001
v -14.8500004 9.97357082 15.125001
v -14.8500004 10.0985708 14.875001
v -14.8500004 9.97357082 14.875001
v -14.8500004 9.59857082 15.125001
v -14.8500004 9.72357082 15.125001
v -14.8500004 9.72357082 14.875001
v -14.8500004 9.72357082 15.125001
v -14.8500004 9.84857082 15.125001
v -14.8500004 9.72357082 14.875001
v -14.8500004 9.84857082 15.125001
v -14.8500004 9.97357082 15.125001
v -14.8500004 9.97357082 14.875001
v 14.8500004 9.97356892 14.874999
v 14.8500004 10.0985689 14.874999
v 14.8500004 10.0985689 15.124999
v 14.8500004 9.97356892 15.124999
v 14.8500004 9.84856892 15.124999
v 14.8500004 9.84856892 14.874999
v 14.8500004 9.84856892 15.124999
v 14.8500004 9.72356892 15.124999
v 14.8500004 9.84856892 14.874999
v 14.8500004 9.97356892 14.874999
v 14.8500004 10.0985689 15.124999
v 14.8500004 9.97356892 15.124999
v 14.8500004 9.59856892 14.874999
v 14.8500004 9.72356892 14.874999
v 14.8500004 9.72356892 15.124999
v 14.8500004 9.72356892 14.874999
v 14.8500004 9.84856892 14.874999
v 14.8500004 9.72356892 15.124999
v 14.8500004 9.84856892 14.874999
v 14.8500004 9.97356892 14.874999
v 14.8500004 9.97356892 15.124999
v 7.42500019 9.97356892 14.874999
v 7.42500019 9.97356892 14.749999
v 14.8500004 9.97356892 14.749999
v 0 9.97356987 14.875
v 0 9.84856987 14.875
v -7.4250021 9.84857082 14.875001
v 14.8500004 9.97356892 14.874999
v 14.8500004 9.84856892 14.874999
v 7.42500019 9.84856892 14.874999
v 7.42500019 9.97356892 14.874999
v 7.42500019 9.84856892 14.874999
v 0 9.84856987 14.875
v 0 10.0985699 14.875
v 0 10.0985699 14.75
v -7.4250021 10.0985708 14.750001
v -7.4250021 9.72357082 14.875001
v -7.4250021 9.72357082 14.750001
v -14.8500004 9.72357082 14.750001
v -7.4250021 9.97357082 14.875001
v -7.4250021 9.84857082 14.875001
v -14.8500004 9.84857082 14.875001
v 7.42500019 9.59856892 14.874999
v 7.42500019 9.59856892 14.749999
v 14.8500004 9.59856892 14.749999
v 7.42500019 10.0985689 14.874999
v 7.42500019 10.0985689 14.749999
v 0 10.0985699 14.75
v 0 9.97356987 14.875
v 0 9.97356987 14.75
v 7.42500019 9.97356892 14.749999
v -7.4250021 9.84857082 14.875001
v -7.4250021 9.72357082 14.875001
v -14.8500004 9.72357082 14.875001
v 0 9.84856987 14.875
v 0 9.72356987 14.875
v -7.4250021 9.72357082 14.875001
v 14.8500004 9.97356892 14.874999
v 14.8500004 9.97356892 14.749999
v 14.8500004 10.0985689 14.749999
v 7.42500019 9.84856892 14.874999
v 7.42500019 9.72356892 14.874999
v 0 9.72356987 14.875
v 14.8500004 9.84856892 14.874999
v 14.8500004 9.72356892 14.874999
v 7.42500019 9.72356892 14.874999
v 14.8500004 9.72356892 14.749999
v 14.8500004 9.59856892 14.749999
v 7.42500019 9.59856892 14.749999
v 0 9.72356987 14.75
v 0 9.59856987 14.75
v -7.4250021 9.59856987 14.750001
v 7.42500019 10.0985689 14.749999
v 7.42500019 9.97356892 14.749999
v 0 9.97356987 14.75
v 14.8500004 10.0985689 14.749999
v 14.8500004 9.97356892 14.749999
v 7.42500019 9.97356892 14.749999
v -7.4250021 10.0985708 14.750001
v -7.4250021 9.97357082 14.750001
v -14.8500004 9.97357082 14.750001
v 0 10.0985699 14.75
v 0 9.97356987 14.75
v -7.4250021 9.97357082 14.750001
v -7.4250021 9.72357082 14.750001
v -7.4250021 9.59856987 14.750001
v -14.8500004 9.59857082 14.750001
v 7.42500019 9.72356892 14.749999
v 7.42500019 9.59856892 14.749999
v 0 9.59856987 14.75
v -7.4250021 10.0985708 14.875001
v -7.4250021 10.0985708 14.750001
v -14.8500004 10.0985708 14.750001
v -14.8500004 10.0985708 14.875001
v -14.8500004 10.0985708 14.750001
v -14.8500004 9.97357082 14.750001
v 0 9.59856987 14.875
v 0 9.59856987 14.75
v 7.42500019 9.59856892 14.749999
v 14.8500004 9.59856892 14.874999
v 14.8500004 9.59856892 14.749999
v 14.8500004 9.72356892 14.749999
v -7.4250021 9.59856987 14.875001
v -7.4250021 9.59856987 14.750001
v 0 9.59856987 14.75
v -14.8500004 9.97357082 14.875001
v -14.8500004 9.97357082 14.750001
v -7.4250021 9.97357082 14.750001
v 7.42500019 9.72356892 14.874999
v 7.42500019 9.72356892 14.749999
v 0 9.72356987 14.75
v -14.8500004 9.59857082 14.875001
v -14.8500004 9.59857082 14.750001
v -7.4250021 9.59856987 14.750001
v 14.8500004 10.0985689 14.874999
v 14.8500004 10.0985689 14.749999
v 7.42500019 10.0985689 14.749999
v -7.4250021 9.97357082 14.875001
v -7.4250021 9.97357082 14.750001
v 0 9.97356987 14.75
v 14.8500004 9.72356892 14.874999
v 14.8500004 9.72356892 14.749999
v 7.42500019 9.72356892 14.749999
v -14.8500004 9.72357082 14.875001
v -14.8500004 9.72357082 14.750001
v -14.8500004 9.59857082 14.750001
v 14.8500004 9.59856892 15.124999
v 14.8500004 9.59856892 15.249999
v 7.42500019 9.59856892 15.249999
v 0 9.72356987 15.125
v 0 9.84856987 15.125
v -7.4250021 9.84857082 15.125001
v 14.8500004 9.72356892 15.124999
v 14.8500004 9.84856892 15.124999
v 7.42500019 9.84856892 15.124999
v 7.42500019 9.72356892 15.124999
v 7.42500019 9.84856892 15.124999
v 0 9.84856987 15.125
v -7.4250021 9.59856987 15.125001
v -7.4250021 9.59856987 15.250001
v -14.8500004 9.59857082 15.250001
v 14.8500004 9.97356892 15.124999
v 14.8500004 9.97356892 15.249999
v 7.42500019 9.97356892 15.249999
v -7.4250021 9.72357082 15.125001
v -7.4250021 9.84857082 15.125001
v -14.8500004 9.84857082 15.125001
v -14.8500004 9.59857082 15.125001
v -14.8500004 9.59857082 15.250001
v -14.8500004 9.72357082 15.250001
v -7.4250021 9.72357082 15.125001
v -7.4250021 9.72357082 15.250001
v 0 9.72356987 15.25
v -14.8500004 9.97357082 15.125001
v -14.8500004 9.97357082 15.250001
v -14.8500004 10.0985708 15.250001
v -7.4250021 9.84857082 15.125001
v -7.4250021 9.97357082 15.125001
v -14.8500004 9.97357082 15.125001
v 0 9.84856987 15.125
v 0 9.97356987 15.125
v -7.4250021 9.97357082 15.125001
v 7.42500019 9.97356892 15.124999
v 7.42500019 9.97356892 15.249999
v 0 9.97356987 15.25
v 7.42500019 9.84856892 15.124999
v 7.42500019 9.97356892 15.124999
v 0 9.97356987 15.125
v 14.8500004 9.84856892 15.124999
v 14.8500004 9.97356892 15.124999
v 7.42500019 9.97356892 15.124999
v 14.8500004 9.97356892 15.249999
v 14.8500004 10.0985689 15.249999
v 7.42500019 10.0985689 15.249999
v 0 9.97356987 15.25
v 0 10.0985699 15.25
v -7.4250021 10.0985708 15.250001
v 7.42500019 9.59856892 15.249999
v 7.42500019 9.72356892 15.249999
v 0 9.72356987 15.25
v 14.8500004 9.59856892 15.249999
v 14.8500004 9.72356892 15.249999
v 7.42500019 9.72356892 15.249999
v -7.4250021 9.59856987 15.250001
v -7.4250021 9.72357082 15.250001
v -14.8500004 9.72357082 15.250001
v 0 9.59856987 15.25
v 0 9.72356987 15.25
v -7.4250021 9.72357082 15.250001
v -7.4250021 9.97357082 15.250001
v -7.4250021 10.0985708 15.250001
v -14.8500004 10.0985708 15.250001
v 7.42500019 9.97356892 15.249999
v 7.42500019 10.0985689 15.249999
v 0 10.0985699 15.25
v 0 9.72356987 15.125
v 0 9.72356987 15.25
v 7.42500019 9.72356892 15.249999
v 14.8500004 10.0985689 15.124999
v 14.8500004 10.0985689 15.249999
v 14.8500004 9.97356892 15.249999
v 7.42500019 10.0985689 15.124999
v 7.42500019 10.0985689 15.249999
v 14.8500004 10.0985689 15.249999
v -7.4250021 9.97357082 15.125001
v -7.4250021 9.97357082 15.250001
v -14.8500004 9.97357082 15.250001
v 7.42500019 9.72356892 15.124999
v 7.42500019 9.72356892 15.249999
v 14.8500004 9.72356892 15.249999
v -14.8500004 10.0985708 15.125001
v -14.8500004 10.0985708 15.250001
v -7.4250021 10.0985708 15.250001
v 0 9.59856987 15.125
v 0 9.59856987 15.25
v -7.4250021 9.59856987 15.250001
v 0 9.97356987 15.125
v 0 9.97356987 15.25
v -7.4250021 9.97357082 15.250001
v 7.42500019 9.59856892 15.124999
v 7.42500019 9.59856892 15.249999
v 0 9.59856987 15.25
v 0 10.0985699 15.125
v 0 10.0985699 15.25
v 7.42500019 10.0985689 15.249999
v -7.4250021 10.0985708 15.125001
v -7.4250021 10.0985708 15.250001
v 0 10.0985699 15.25
v -14.8500004 9.72357082 15.125001
v -14.8500004 9.72357082 15.250001
v -7.4250021 9.72357082 15.250001
v -7.54875088 9.59856987 15.125001
v -7.67250252 9.59856987 15.125001
v -7.67250252 9.59856987 15.250001
v -7.30125093 0.0985689163 14.750001
v -7.54875088 0.0985689163 14.750001
v -7.54875088 2.47356892 14.750001
v -7.54875088 4.84856892 14.750001
v -7.54875088 7.22356892 14.750001
v -7.30125093 4.84856892 14.750001
v -7.54875088 7.22356892 14.750001
v -7.54875088 9.59856987 14.750001
v -7.30125093 7.22356892 14.750001
v -7.30125093 4.84856892 14.750001
v -7.54875088 7.22356892 14.750001
v -7.30125093 7.22356892 14.750001
v -7.30125093 0.0985689163 14.750001
v -7.54875088 2.47356892 14.750001
v -7.30125093 2.47356892 14.750001
v -7.54875088 2.47356892 14.750001
v -7.54875088 4.84856892 14.750001
v -7.30125093 2.47356892 14.750001
v -7.30125093 4.84856892 14.750001
v -7.30125093 2.47356892 14.750001
v -7.54875088 4.84856892 14.750001
v -7.30125093 4.84856892 15.125001
v -7.1775012 4.84856892 15.125001
v -7.1775012 2.47356892 15.125001
v -7.54875088 0.0985689163 15.250001
v -7.30125093 0.0985689163 15.250001
v -7.30125093 2.47356892 15.250001
v -7.30125093 4.84856892 15.250001
v -7.30125093 7.22356892 15.250001
v -7.54875088 7.22356892 15.250001
v -7.30125093 7.22356892 15.250001
v -7.30125093 9.59856987 15.250001
v -7.54875088 9.59856987 15.250001
v -7.54875088 0.0985689163 15.250001
v -7.30125093 2.47356892 15.250001
v -7.54875088 2.47356892 15.250001
v -7.30125093 2.47356892 15.250001
v -7.30125093 4.84856892 15.250001
v -7.54875088 2.47356892 15.250001
v -7.54875088 7.22356892 15.250001
v -7.54875088 4.84856892 15.250001
v -7.30125093 4.84856892 15.250001
v -7.54875088 4.84856892 15.250001
v -7.54875088 2.47356892 15.250001
v -7.30125093 4.84856892 15.250001
v -7.54875088 0.0985689163 14.875001
v -7.54875088 0.0985689163 14.750001
v -7.30125093 0.0985689163 14.750001
v -7.30125093 0.0985689163 14.875001
v -7.30125093 0.0985689163 15.000001
v -7.54875088 0.0985689163 15.000001
v -7.30125093 0.0985689163 15.000001
v -7.30125093 0.0985689163 15.125001
v -7.54875088 0.0985689163 15.000001
v -7.54875088 0.0985689163 14.875001
v -7.30125093 0.0985689163 14.750001
v -7.30125093 0.0985689163 14.875001
v -7.54875088 0.0985689163 15.250001
v -7.54875088 0.0985689163 15.125001
v -7.30125093 0.0985689163 15.125001
v -7.54875088 0.0985689163 15.125001
v -7.54875088 0.0985689163 15.000001
v -7.30125093 0.0985689163 15.125001
v -7.54875088 0.0985689163 15.000001
v -7.54875088 0.0985689163 14.875001
v -7.30125093 0.0985689163 14.875001
v -7.30125093 9.59856987 14.875001
v -7.30125093 9.59856987 14.750001
v -7.54875088 9.59856987 14.750001
v -7.54875088 9.59856987 14.875001
v -7.54875088 9.59856987 15.000001
v -7.30125093 9.59856987 15.000001
v -7.54875088 9.59856987 15.000001
v -7.54875088 9.59856987 15.125001
v -7.30125093 9.59856987 15.000001
v -7.30125093 9.59856987 14.875001
v -7.54875088 9.59856987 14.750001
v -7.54875088 9.59856987 14.875001
v -7.30125093 9.59856987 15.250001
v -7.30125093 9.59856987 15.125001
v -7.54875088 9.59856987 15.125001
v -7.30125093 9.59856987 15.125001
v -7.30125093 9.59856987 15.000001
v -7.54875088 9.59856987 15.125001
v -7.30125093 9.59856987 15.000001
v -7.30125093 9.59856987 14.875001
v -7.54875088 9.59856987 14.875001
v -7.30125093 7.22356892 14.875001
v -7.1775012 7.22356892 14.875001
v -7.1775012 9.59856987 14.875001
v -7.30125093 4.84856892 14.875001
v -7.30125093 4.84856892 15.000001
v -7.30125093 2.47356892 15.000001
v -7.30125093 9.59856987 14.875001
v -7.30125093 9.59856987 15.000001
v -7.30125093 7.22356892 15.000001
v -7.30125093 7.22356892 14.875001
v -7.30125093 7.22356892 15.000001
v -7.30125093 4.84856892 15.000001
v -7.30125093 4.84856892 14.750001
v -7.1775012 4.84856892 14.750001
v -7.1775012 2.47356892 14.750001
v -7.30125093 2.47356892 15.125001
v -7.1775012 2.47356892 15.125001
v -7.1775012 0.0985689163 15.125001
v -7.30125093 2.47356892 14.875001
v -7.30125093 2.47356892 15.000001
v -7.30125093 0.0985689163 15.000001
v -7.30125093 7.22356892 15.250001
v -7.1775012 7.22356892 15.250001
v -7.1775012 9.59856987 15.250001
v -7.30125093 7.22356892 14.750001
v -7.1775012 7.22356892 14.750001
v -7.1775012 4.84856892 14.750001
v -7.30125093 4.84856892 14.875001
v -7.1775012 4.84856892 14.875001
v -7.1775012 7.22356892 14.875001
v -7.30125093 2.47356892 15.000001
v -7.30125093 2.47356892 15.125001
v -7.30125093 0.0985689163 15.125001
v -7.30125093 4.84856892 15.000001
v -7.30125093 4.84856892 15.125001
v -7.30125093 2.47356892 15.125001
v -7.30125093 9.59856987 14.875001
v -7.1775012 9.59856987 14.875001
v -7.1775012 9.59856987 14.750001
v -7.30125093 7.22356892 15.000001
v -7.30125093 7.22356892 15.125001
v -7.30125093 4.84856892 15.125001
v -7.30125093 9.59856987 15.000001
v -7.30125093 9.59856987 15.125001
v -7.30125093 7.22356892 15.125001
v -7.1775012 9.59856987 15.125001
v -7.1775012 9.59856987 15.250001
v -7.1775012 7.22356892 15.250001
v -7.1775012 4.84856892 15.125001
v -7.1775012 4.84856892 15.250001
v -7.1775012 2.47356892 15.250001
v -7.1775012 7.22356892 14.750001
v -7.1775012 7.22356892 14.875001
v -7.1775012 4.84856892 14.875001
v -7.1775012 9.59856987 14.750001
v -7.1775012 9.59856987 14.875001
v -7.1775012 7.22356892 14.875001
v -7.1775012 2.47356892 14.750001
v -7.1775012 2.47356892 14.875001
v -7.1775012 0.0985689163 14.875001
v -7.1775012 4.84856892 14.750001
v -7.1775012 4.84856892 14.875001
v -7.1775012 2.47356892 14.875001
v -7.1775012 2.47356892 15.125001
v -7.1775012 2.47356892 15.250001
v -7.1775012 0.0985689163 15.250001
v -7.1775012 7.22356892 15.125001
v -7.1775012 7.22356892 15.250001
v -7.1775012 4.84856892 15.250001
v -7.30125093 2.47356892 14.750001
v -7.1775012 2.47356892 14.750001
v -7.1775012 0.0985689163 14.750001
v -7.30125093 0.0985689163 14.750001
v -7.1775012 0.0985689163 14.750001
v -7.1775012 0.0985689163 14.875001
v -7.30125093 4.84856892 15.250001
v -7.1775012 4.84856892 15.250001
v -7.1775012 7.22356892 15.250001
v -7.30125093 9.59856987 15.250001
v -7.1775012 9.59856987 15.250001
v -7.1775012 9.59856987 15.125001
v -7.30125093 2.47356892 15.250001
v -7.1775012 2.47356892 15.250001
v -7.1775012 4.84856892 15.250001
v -7.30125093 0.0985689163 14.875001
v -7.1775012 0.0985689163 14.875001
v -7.1775012 2.47356892 14.875001
v -7.30125093 7.22356892 15.125001
v -7.1775012 7.22356892 15.125001
v -7.1775012 4.84856892 15.125001
v -7.30125093 0.0985689163 15.250001
v -7.1775012 0.0985689163 15.250001
v -7.1775012 2.47356892 15.250001
v -7.30125093 9.59856987 14.750001
v -7.1775012 9.59856987 14.750001
v -7.1775012 7.22356892 14.750001
v -7.30125093 2.47356892 14.875001
v -7.1775012 2.47356892 14.875001
v -7.1775012 4.84856892 14.875001
v -7.30125093 9.59856987 15.125001
v -7.1775012 9.59856987 15.125001
v -7.1775012 7.22356892 15.125001
v -7.30125093 0.0985689163 15.125001
v -7.1775012 0.0985689163 15.125001
v -7.1775012 0.0985689163 15.250001
v -7.54875088 9.59856987 15.250001
v -7.67250252 9.59856987 15.250001
v -7.67250061 7.22356892 15.250001
v -7.54875088 4.84856892 15.125001
v -7.54875088 4.84856892 15.000001
v -7.54875088 2.47356892 15.000001
v -7.54875088 9.59856987 15.125001
v -7.54875088 9.59856987 15.000001
v -7.54875088 7.22356892 15.000001
v -7.54875088 7.22356892 15.125001
v -7.54875088 7.22356892 15.000001
v -7.54875088 4.84856892 15.000001
v -7.54875088 2.47356892 15.250001
v -7.67250061 2.47356892 15.250001
v -7.67250061 0.0985689163 15.250001
v -7.54875088 9.59856987 14.875001
v -7.67250252 9.59856987 14.875001
v -7.67250061 7.22356892 14.875001
v -7.54875088 2.47356892 15.125001
v -7.54875088 2.47356892 15.000001
v -7.54875088 0.0985689163 15.000001
v -7.54875088 0.0985689163 15.250001
v -7.67250061 0.0985689163 15.250001
v -7.67250061 0.0985689163 15.125001
v -7.54875088 2.47356892 15.125001
v -7.67250061 2.47356892 15.125001
v -7.67250061 4.84856892 15.125001
v -7.54875088 0.0985689163 14.875001
v -7.67250061 0.0985689163 14.875001
v -7.67250061 0.0985689163 14.750001
v -7.54875088 2.47356892 15.000001
v -7.54875088 2.47356892 14.875001
v -7.54875088 0.0985689163 14.875001
v -7.54875088 4.84856892 15.000001
v -7.54875088 4.84856892 14.875001
v -7.54875088 2.47356892 14.875001
v -7.54875088 7.22356892 14.875001
v -7.67250061 7.22356892 14.875001
v -7.67250061 4.84856892 14.875001
v -7.54875088 7.22356892 15.000001
v -7.54875088 7.22356892 14.875001
v -7.54875088 4.84856892 14.875001
v -7.54875088 9.59856987 15.000001
v -7.54875088 9.59856987 14.875001
v -7.54875088 7.22356892 14.875001
v -7.67250252 9.59856987 14.875001
v -7.67250252 9.59856987 14.750001
v -7.67250061 7.22356892 14.750001
v -7.67250061 4.84856892 14.875001
v -7.67250061 4.84856892 14.750001
v -7.67250061 2.47356892 14.750001
v -7.67250061 7.22356892 15.250001
v -7.67250061 7.22356892 15.125001
v -7.67250061 4.84856892 15.125001
v -7.67250252 9.59856987 15.250001
v -7.67250252 9.59856987 15.125001
v -7.67250061 7.22356892 15.125001
v -7.67250061 2.47356892 15.250001
v -7.67250061 2.47356892 15.125001
v -7.67250061 0.0985689163 15.125001
v -7.67250061 4.84856892 15.250001
v -7.67250061 4.84856892 15.125001
v -7.67250061 2.47356892 15.125001
v -7.67250061 2.47356892 14.875001
v -7.67250061 2.47356892 14.750001
v -7.67250061 0.0985689163 14.750001
v -7.67250061 7.22356892 14.875001
v -7.67250061 7.22356892 14.750001
v -7.67250061 4.84856892 14.750001
v -7.54875088 4.84856892 15.125001
v -7.67250061 4.84856892 15.125001
v -7.67250061 7.22356892 15.125001
v -7.54875088 9.59856987 14.750001
v -7.67250252 9.59856987 14.750001
v -7.67250252 9.59856987 14.875001
v -7.54875088 7.22356892 14.750001
v -7.67250061 7.22356892 14.750001
v -7.67250252 9.59856987 14.750001
v -7.54875088 2.47356892 14.875001
v -7.67250061 2.47356892 14.875001
v -7.67250061 0.0985689163 14.875001
v -7.54875088 7.22356892 15.125001
v -7.67250061 7.22356892 15.125001
v -7.67250252 9.59856987 15.125001
v -7.54875088 0.0985689163 14.750001
v -7.67250061 0.0985689163 14.750001
v -7.67250061 2.47356892 14.750001
v -7.54875088 4.84856892 15.250001
v -7.67250061 4.84856892 15.250001
v -7.67250061 2.47356892 15.250001
v -7.54875088 4.84856892 14.875001
v -7.67250061 4.84856892 14.875001
v -7.67250061 2.47356892 14.875001
v -7.54875088 7.22356892 15.250001
v -7.67250061 7.22356892 15.250001
v -7.67250061 4.84856892 15.250001
v -7.54875088 4.84856892 14.750001
v -7.67250061 4.84856892 14.750001
v -7.67250061 7.22356892 14.750001
v -7.54875088 2.47356892 14.750001
v -7.67250061 2.47356892 14.750001
v -7.67250061 4.84856892 14.750001
v -7.54875088 0.0985689163 15.125001
v -7.67250061 0.0985689163 15.125001
v -7.67250061 2.47356892 15.125001
vt 0.875 0.6875 0
vt 0.875 0.75 0
vt 0.5625 0.25 0
vt 0.625 0.5 0
vt 0.5625 0.5 0
vt 0.5 0.6875 0
vt 0.4375 0.6875 0
vt 0.5625 0.75 0
vt 0.625 1 0
vt 0.5625 1 0
vt 0.375 0.6875 0
vt 0.375 0.75 0
vt 0.125 0.75 0
vt 0.625 0.75 0
vt 0.5625 0.5625 0
vt 0.625 0.5625 0
vt 0.5 0.5625 0
vt 0.4375 0.625 0
vt 0.4375 0.5625 0
vt 0.5625 0.625 0
vt 0.5 0.625 0
vt 0.5 0.5 0
vt 0.4375 0.5 0
vt 0.375 0.625 0
vt 0.375 0.5625 0
vt 0.625 0.625 0
vt 0.5625 0.6875 0
vt 0.625 0.6875 0
vt 0.4375 0.75 0
vt 0.375 0.5 0
vt 0.5 0.75 0
vt 0.5 0.0625 0
vt 0.4375 0.125 0
vt 0.4375 0.0625 0
vt 0.625 0.0625 0
vt 0.5625 0.125 0
vt 0.5625 0.0625 0
vt 0.5 0.125 0
vt 0.4375 1 0
vt 0.375 1 0
vt 0.625 0.1875 0
vt 0.5625 0.1875 0
vt 0.375 0.125 0
vt 0.375 0.0625 0
vt 0.125 0.6875 0
vt 0.125 0.5625 0
vt 0.125 0.5 0
vt 0.375 0.1875 0
vt 0.4375 0.1875 0
vt 0.5 0.1875 0
vt 0.625 0.125 0
vt 0.4375 0.25 0
vt 0.5625 0 0
vt 0.5 0 0
vt 0.625 0 0
vt 0.4375 0 0
vt 0.375 0 0
vt 0.375 0.25 0
vt 0.5 0.25 0
vt 0.875 0.5 0
vt 0.875 0.5625 0
vt 0.625 0.25 0
vt 0.5 1 0
vt 0.125 0.625 0
vt 0.875 0.625 0
vn 14.8500004 -9.99999997e-07 -9.99999997e-07
vn 0 0.25 0
vn 0 -0.25 -0
vn -14.8500004 9.99999997e-07 9.99999997e-07
vn 0 0 -0.125
vn 0 0 0.125
vn 0.000212429251 -1.43049999e-11 -0.125
vn -0.000212429251 1.43049999e-11 0.125
vn 0 -3.76452505e-07 -0.125
vn 0 -3.76447503e-07 0.125
vn 0 -3.76452505e-07 0.125
vn 0 3.76452505e-07 -0.125
vn 0 3.76447503e-07 -0.125
vn 0 7.52912513e-07 -0.125
vn 0.000212432235 -1.43052003e-11 -0.125
vn -0.000722073833 -0.25 4.86245003e-11
vn 0.00679779565 -0.24999997 -4.57763993e-10
vn -0.00414240779 -0.25 2.78950002e-10
vn 5.66429517e-05 0.25 -3.8143399e-12
vn -0.00021243075 0.25 1.43051005e-11
vn 0.000106215521 0.25 -7.15256023e-12
vn -0.00297403941 -0.25 2.00272007e-10
vn -0.000212432235 1.43052003e-11 0.125
vn 0.00297403941 -0.25 -2.00272007e-10
vn -0.00072207232 -0.25 4.86243996e-11
vn 0.00679778075 -0.24999997 -4.57762994e-10
vn 5.66425042e-05 0.25 -3.81430998e-12
vn 0.00010621611 0.25 -7.15259969e-12
vn 0 1.88226494e-07 0.125
vn 0 1.88224249e-07 0.125
vn 0 -1.8822351e-07 -0.125
vn 0 -1.8822351e-07 0.125
vn 0 3.76450004e-07 -0.125
vn 0 -1.88224746e-07 0.125
vn 0 3.76450004e-07 0.125
vn 0 1.8822351e-07 0.125
vn 0 1.88225755e-07 -0.125
vn 0 -1.88226494e-07 -0.125
vn 0 1.88226252e-07 0.125
vn 0 -3.76450004e-07 -0.125
vn 0 -1.88225755e-07 -0.125
vn 0 3.76447503e-07 0.125
vn 0 -1.88225755e-07 0.125
vn 0 1.8822351e-07 -0.125
f 1/1/1 2/2/1 3/2/1
f 4/3/2 5/4/2 6/5/2
f 7/6/2 8/7/2 9/7/2
f 10/8/3 11/9/3 12/10/3
f 13/11/4 14/12/4 15/13/4
f 16/1/1 17/2/1 18/14/1
f 19/15/3 20/16/3 21/16/3
f 22/17/5 23/18/5 24/19/5
f 25/16/5 26/20/5 27/15/5
f 28/15/5 29/21/5 30/17/5
f 31/22/2 32/23/2 33/23/2
f 34/7/2 35/11/2 36/11/2
f 37/19/5 38/24/5 39/25/5
f 40/8/3 41/14/3 42/14/3
f 43/5/2 44/22/2 45/22/2
f 46/17/3 47/15/3 48/15/3
f 49/18/5 50/11/5 51/24/5
f 52/21/5 53/7/5 54/18/5
f 55/16/1 56/4/1 57/4/1
f 58/20/5 59/6/5 60/21/5
f 61/26/5 62/27/5 63/20/5
f 64/28/5 65/8/5 66/27/5
f 67/6/5 68/29/5 69/7/5
f 70/5/5 71/17/5 72/22/5
f 73/4/5 74/15/5 75/5/5
f 76/23/5 77/25/5 78/30/5
f 79/22/5 80/19/5 81/23/5
f 82/7/5 83/12/5 84/11/5
f 85/27/5 86/31/5 87/6/5
f 88/23/2 89/30/2 90/30/2
f 91/30/4 92/25/4 93/25/4
f 94/31/3 95/8/3 96/8/3
f 97/14/1 98/28/1 99/28/1
f 100/29/3 101/31/3 102/31/3
f 103/25/3 104/19/3 105/19/3
f 106/27/2 107/6/2 108/6/2
f 109/12/3 110/29/3 111/29/3
f 112/4/2 113/5/2 114/5/2
f 115/19/3 116/17/3 117/17/3
f 118/28/2 119/27/2 120/27/2
f 121/11/4 122/12/4 123/12/4
f 124/9/3 125/10/3 126/10/3
f 127/32/6 128/33/6 129/34/6
f 130/35/6 131/36/6 132/37/6
f 133/37/6 134/38/6 135/32/6
f 136/39/3 137/40/3 138/40/3
f 139/41/3 140/42/3 141/42/3
f 142/34/6 143/43/6 144/44/6
f 145/13/4 146/45/4 147/45/4
f 148/34/2 149/32/2 150/32/2
f 151/46/4 152/47/4 153/47/4
f 154/33/6 155/48/6 156/43/6
f 157/38/6 158/49/6 159/33/6
f 160/42/3 161/50/3 162/50/3
f 163/36/6 164/50/6 165/38/6
f 166/51/6 167/42/6 168/36/6
f 169/41/6 170/3/6 171/42/6
f 172/50/6 173/52/6 174/49/6
f 175/53/6 176/32/6 177/54/6
f 178/55/6 179/37/6 180/53/6
f 181/56/6 182/44/6 183/57/6
f 184/54/6 185/34/6 186/56/6
f 187/49/6 188/58/6 189/48/6
f 190/42/6 191/59/6 192/50/6
f 193/32/2 194/37/2 195/37/2
f 196/60/1 197/61/1 198/61/1
f 199/3/2 200/62/2 201/62/2
f 202/49/3 203/48/3 204/48/3
f 205/37/2 206/35/2 207/35/2
f 208/58/2 209/52/2 210/52/2
f 211/63/3 212/39/3 213/39/3
f 214/50/3 215/49/3 216/49/3
f 217/10/3 218/63/3 219/63/3
f 220/59/2 221/3/2 222/3/2
f 223/52/2 224/59/2 225/59/2
f 226/44/2 227/34/2 228/34/2
f 229/1/2 230/2/2 231/2/2
f 232/3/5 233/62/5 234/4/5
f 235/6/7 236/7/7 237/7/7
f 238/14/6 239/9/6 240/10/6
f 241/11/3 242/12/3 243/13/3
f 244/1/2 245/2/2 246/14/2
f 247/15/6 248/16/6 249/16/6
f 250/17/1 251/18/1 252/19/1
f 253/16/1 254/20/1 255/15/1
f 256/15/1 257/21/1 258/17/1
f 259/22/7 260/23/7 261/23/7
f 262/7/7 263/11/7 264/11/7
f 265/19/1 266/24/1 267/25/1
f 268/8/6 269/14/6 270/14/6
f 271/5/7 272/22/7 273/22/7
f 274/17/6 275/15/6 276/15/6
f 277/18/1 278/11/1 279/24/1
f 280/21/1 281/7/1 282/18/1
f 283/16/2 284/4/2 285/4/2
f 286/20/1 287/6/1 288/21/1
f 289/26/1 290/27/1 291/20/1
f 292/28/1 293/8/1 294/27/1
f 295/6/1 296/29/1 297/7/1
f 298/5/1 299/17/1 300/22/1
f 301/4/1 302/15/1 303/5/1
f 304/23/1 305/25/1 306/30/1
f 307/22/1 308/19/1 309/23/1
f 310/7/1 311/12/1 312/11/1
f 313/27/1 314/31/1 315/6/1
f 316/23/7 317/30/7 318/30/7
f 319/25/3 320/30/3 321/25/3
f 322/31/6 323/8/6 324/8/6
f 325/14/2 326/28/2 327/28/2
f 328/29/6 329/31/6 330/31/6
f 331/25/6 332/19/6 333/19/6
f 334/27/7 335/6/7 336/6/7
f 337/12/6 338/29/6 339/29/6
f 340/4/7 341/5/7 342/5/7
f 343/19/6 344/17/6 345/17/6
f 346/28/7 347/27/7 348/27/7
f 349/12/3 350/11/3 351/12/3
f 352/9/6 353/10/6 354/10/6
f 355/32/4 356/33/4 357/34/4
f 358/35/4 359/36/4 360/37/4
f 361/37/4 362/38/4 363/32/4
f 364/39/6 365/40/6 366/40/6
f 367/41/8 368/42/8 369/42/8
f 370/34/4 371/43/4 372/44/4
f 373/13/3 374/45/3 375/45/3
f 376/34/5 377/32/5 378/32/5
f 379/47/3 380/46/3 381/47/3
f 382/33/4 383/48/4 384/43/4
f 385/38/4 386/49/4 387/33/4
f 388/42/8 389/50/8 390/50/8
f 391/36/4 392/50/4 393/38/4
f 394/51/4 395/42/4 396/36/4
f 397/41/4 398/3/4 399/42/4
f 400/50/4 401/52/4 402/49/4
f 403/53/4 404/32/4 405/54/4
f 406/55/4 407/37/4 408/53/4
f 409/56/4 410/44/4 411/57/4
f 412/54/4 413/34/4 414/56/4
f 415/49/4 416/58/4 417/48/4
f 418/42/4 419/59/4 420/50/4
f 421/32/5 422/37/5 423/37/5
f 424/60/2 425/61/2 426/61/2
f 427/3/5 428/62/5 429/62/5
f 430/49/8 431/48/8 432/48/8
f 433/37/5 434/35/5 435/35/5
f 436/58/5 437/52/5 438/52/5
f 439/63/6 440/39/6 441/39/6
f 442/50/8 443/49/8 444/49/8
f 445/10/6 446/63/6 447/63/6
f 448/59/5 449/3/5 450/3/5
f 451/52/5 452/59/5 453/59/5
f 454/44/5 455/34/5 456/34/5
f 457/1/2 458/2/2 459/2/2
f 460/62/5 461/4/5 462/5/5
f 463/6/7 464/7/7 465/7/7
f 466/8/6 467/9/6 468/10/6
f 469/11/3 470/12/3 471/13/3
f 472/1/2 473/2/2 474/14/2
f 475/15/6 476/16/6 477/16/6
f 478/17/1 479/18/1 480/19/1
f 481/16/1 482/20/1 483/15/1
f 484/15/1 485/21/1 486/17/1
f 487/22/5 488/23/5 489/23/5
f 490/7/7 491/11/7 492/11/7
f 493/19/1 494/24/1 495/25/1
f 496/8/6 497/14/6 498/14/6
f 499/5/5 500/22/5 501/22/5
f 502/17/6 503/15/6 504/15/6
f 505/18/1 506/11/1 507/24/1
f 508/21/1 509/7/1 510/18/1
f 511/16/2 512/4/2 513/4/2
f 514/20/1 515/6/1 516/21/1
f 517/26/1 518/27/1 519/20/1
f 520/28/1 521/8/1 522/27/1
f 523/6/1 524/29/1 525/7/1
f 526/5/1 527/17/1 528/22/1
f 529/4/1 530/15/1 531/5/1
f 532/23/1 533/25/1 534/30/1
f 535/22/1 536/19/1 537/23/1
f 538/7/1 539/12/1 540/11/1
f 541/27/1 542/31/1 543/6/1
f 544/23/5 545/30/5 546/30/5
f 547/30/3 548/25/3 549/25/3
f 550/31/6 551/8/6 552/8/6
f 553/14/2 554/28/2 555/28/2
f 556/29/6 557/31/6 558/31/6
f 559/25/6 560/19/6 561/19/6
f 562/27/7 563/6/7 564/6/7
f 565/12/6 566/29/6 567/29/6
f 568/4/5 569/5/5 570/5/5
f 571/19/6 572/17/6 573/17/6
f 574/28/7 575/27/7 576/27/7
f 577/12/3 578/11/3 579/12/3
f 580/9/8 581/10/8 582/10/8
f 583/32/4 584/33/4 585/34/4
f 586/35/4 587/36/4 588/37/4
f 589/37/4 590/38/4 591/32/4
f 592/39/8 593/40/8 594/40/8
f 595/41/8 596/42/8 597/42/8
f 598/34/4 599/43/4 600/44/4
f 601/45/3 602/13/3 603/45/3
f 604/34/5 605/32/5 606/32/5
f 607/47/3 608/46/3 609/47/3
f 610/33/4 611/48/4 612/43/4
f 613/38/4 614/49/4 615/33/4
f 616/42/8 617/50/8 618/50/8
f 619/36/4 620/50/4 621/38/4
f 622/51/4 623/42/4 624/36/4
f 625/41/4 626/3/4 627/42/4
f 628/50/4 629/52/4 630/49/4
f 631/53/4 632/32/4 633/54/4
f 634/55/4 635/37/4 636/53/4
f 637/56/4 638/44/4 639/57/4
f 640/54/4 641/34/4 642/56/4
f 643/49/4 644/58/4 645/48/4
f 646/42/4 647/59/4 648/50/4
f 649/32/5 650/37/5 651/37/5
f 652/60/2 653/61/2 654/61/2
f 655/3/5 656/62/5 657/62/5
f 658/49/8 659/48/8 660/48/8
f 661/37/5 662/35/5 663/35/5
f 664/58/5 665/52/5 666/52/5
f 667/63/8 668/39/8 669/39/8
f 670/50/8 671/49/8 672/49/8
f 673/10/8 674/63/8 675/63/8
f 676/59/5 677/3/5 678/3/5
f 679/52/5 680/59/5 681/59/5
f 682/44/5 683/34/5 684/34/5
f 685/1/2 686/2/2 687/2/2
f 688/3/9 689/62/9 690/4/9
f 691/6/5 692/7/5 693/7/5
f 694/14/6 695/9/6 696/10/6
f 697/11/3 698/12/3 699/13/3
f 700/1/2 701/2/2 702/14/2
f 703/15/6 704/16/6 705/16/6
f 706/17/1 707/18/1 708/19/1
f 709/16/1 710/20/1 711/15/1
f 712/15/1 713/21/1 714/17/1
f 715/22/5 716/23/5 717/23/5
f 718/7/5 719/11/5 720/11/5
f 721/19/1 722/24/1 723/25/1
f 724/8/6 725/14/6 726/14/6
f 727/5/5 728/22/5 729/22/5
f 730/17/6 731/15/6 732/15/6
f 733/18/1 734/11/1 735/24/1
f 736/21/1 737/7/1 738/18/1
f 739/16/2 740/4/2 741/4/2
f 742/20/1 743/6/1 744/21/1
f 745/26/1 746/27/1 747/20/1
f 748/28/1 749/8/1 750/27/1
f 751/6/1 752/29/1 753/7/1
f 754/5/1 755/17/1 756/22/1
f 757/4/1 758/15/1 759/5/1
f 760/23/1 761/25/1 762/30/1
f 763/22/1 764/19/1 765/23/1
f 766/7/1 767/12/1 768/11/1
f 769/27/1 770/31/1 771/6/1
f 772/23/5 773/30/5 774/30/5
f 775/30/3 776/25/3 777/25/3
f 778/31/6 779/8/6 780/8/6
f 781/14/2 782/28/2 783/28/2
f 784/29/6 785/31/6 786/31/6
f 787/25/6 788/19/6 789/19/6
f 790/27/5 791/6/5 792/6/5
f 793/12/6 794/29/6 795/29/6
f 796/4/5 797/5/5 798/5/5
f 799/19/6 800/17/6 801/17/6
f 802/28/5 803/27/5 804/27/5
f 805/11/3 806/12/3 807/12/3
f 808/9/6 809/10/6 810/10/6
f 811/32/4 812/33/4 813/34/4
f 814/35/4 815/36/4 816/37/4
f 817/37/4 818/38/4 819/32/4
f 820/39/6 821/40/6 822/40/6
f 823/41/10 824/42/10 825/42/10
f 826/34/4 827/43/4 828/44/4
f 829/13/3 830/45/3 831/45/3
f 832/34/5 833/32/5 834/32/5
f 835/46/3 836/47/3 837/47/3
f 838/33/4 839/48/4 840/43/4
f 841/38/4 842/49/4 843/33/4
f 844/42/6 845/50/6 846/50/6
f 847/36/4 848/50/4 849/38/4
f 850/51/4 851/42/4 852/36/4
f 853/41/4 854/3/4 855/42/4
f 856/50/4 857/52/4 858/49/4
f 859/53/4 860/32/4 861/54/4
f 862/55/4 863/37/4 864/53/4
f 865/56/4 866/44/4 867/57/4
f 868/54/4 869/34/4 870/56/4
f 871/49/4 872/58/4 873/48/4
f 874/42/4 875/59/4 876/50/4
f 877/32/5 878/37/5 879/37/5
f 880/60/2 881/61/2 882/61/2
f 883/3/5 884/62/5 885/62/5
f 886/49/6 887/48/6 888/48/6
f 889/37/5 890/35/5 891/35/5
f 892/58/5 893/52/5 894/52/5
f 895/63/6 896/39/6 897/39/6
f 898/50/6 899/49/6 900/49/6
f 901/10/6 902/63/6 903/63/6
f 904/59/5 905/3/5 906/3/5
f 907/52/5 908/59/5 909/59/5
f 910/44/5 911/34/5 912/34/5
f 913/1/1 914/2/1 915/2/1
f 916/3/2 917/4/2 918/5/2
f 919/6/2 920/7/2 921/7/2
f 922/8/3 923/9/3 924/10/3
f 925/11/4 926/12/4 927/13/4
f 928/1/1 929/2/1 930/14/1
f 931/15/3 932/16/3 933/16/3
f 934/17/5 935/18/5 936/19/5
f 937/16/5 938/20/5 939/15/5
f 940/15/5 941/21/5 942/17/5
f 943/22/2 944/23/2 945/23/2
f 946/7/2 947/11/2 948/11/2
f 949/19/5 950/24/5 951/25/5
f 952/8/3 953/14/3 954/14/3
f 955/5/2 956/22/2 957/22/2
f 958/17/3 959/15/3 960/15/3
f 961/18/5 962/11/5 963/24/5
f 964/21/5 965/7/5 966/18/5
f 967/16/1 968/4/1 969/4/1
f 970/20/5 971/6/5 972/21/5
f 973/26/5 974/27/5 975/20/5
f 976/28/5 977/8/5 978/27/5
f 979/6/5 980/29/5 981/7/5
f 982/5/5 983/17/5 984/22/5
f 985/4/5 986/15/5 987/5/5
f 988/23/5 989/25/5 990/30/5
f 991/22/5 992/19/5 993/23/5
f 994/7/5 995/12/5 996/11/5
f 997/27/5 998/31/5 999/6/5
f 1000/23/2 1001/30/2 1002/30/2
f 1003/30/4 1004/25/4 1005/25/4
f 1006/31/3 1007/8/3 1008/8/3
f 1009/14/1 1010/28/1 1011/28/1
f 1012/29/3 1013/31/3 1014/31/3
f 1015/25/3 1016/19/3 1017/19/3
f 1018/27/2 1019/6/2 1020/6/2
f 1021/12/3 1022/29/3 1023/29/3
f 1024/4/2 1025/5/2 1026/5/2
f 1027/19/3 1028/17/3 1029/17/3
f 1030/28/2 1031/27/2 1032/27/2
f 1033/11/4 1034/12/4 1035/12/4
f 1036/9/3 1037/10/3 1038/10/3
f 1039/32/6 1040/33/6 1041/34/6
f 1042/35/6 1043/36/6 1044/37/6
f 1045/37/6 1046/38/6 1047/32/6
f 1048/39/3 1049/40/3 1050/40/3
f 1051/41/3 1052/42/3 1053/42/3
f 1054/34/6 1055/43/6 1056/44/6
f 1057/13/4 1058/45/4 1059/45/4
f 1060/34/2 1061/32/2 1062/32/2
f 1063/46/4 1064/47/4 1065/47/4
f 1066/33/6 1067/48/6 1068/43/6
f 1069/38/6 1070/49/6 1071/33/6
f 1072/42/3 1073/50/3 1074/50/3
f 1075/36/6 1076/50/6 1077/38/6
f 1078/51/6 1079/42/6 1080/36/6
f 1081/41/6 1082/3/6 1083/42/6
f 1084/50/6 1085/52/6 1086/49/6
f 1087/53/6 1088/32/6 1089/54/6
f 1090/55/6 1091/37/6 1092/53/6
f 1093/56/6 1094/44/6 1095/57/6
f 1096/54/6 1097/34/6 1098/56/6
f 1099/49/6 1100/58/6 1101/48/6
f 1102/42/6 1103/59/6 1104/50/6
f 1105/32/2 1106/37/2 1107/37/2
f 1108/60/1 1109/61/1 1110/61/1
f 1111/3/2 1112/62/2 1113/62/2
f 1114/49/3 1115/48/3 1116/48/3
f 1117/37/2 1118/35/2 1119/35/2
f 1120/58/2 1121/52/2 1122/52/2
f 1123/63/3 1124/39/3 1125/39/3
f 1126/50/3 1127/49/3 1128/49/3
f 1129/10/3 1130/63/3 1131/63/3
f 1132/59/2 1133/3/2 1134/3/2
f 1135/52/2 1136/59/2 1137/59/2
f 1138/44/2 1139/34/2 1140/34/2
f 1141/1/2 1142/2/2 1143/2/2
f 1144/62/5 1145/4/5 1146/5/5
f 1147/6/5 1148/7/5 1149/7/5
f 1150/10/6 1151/63/6 1152/8/6
f 1153/11/3 1154/12/3 1155/13/3
f 1156/1/2 1157/2/2 1158/14/2
f 1159/15/6 1160/16/6 1161/16/6
f 1162/17/1 1163/18/1 1164/19/1
f 1165/16/1 1166/20/1 1167/15/1
f 1168/15/1 1169/21/1 1170/17/1
f 1171/22/5 1172/23/5 1173/23/5
f 1174/7/5 1175/11/5 1176/11/5
f 1177/19/1 1178/24/1 1179/25/1
f 1180/8/6 1181/14/6 1182/14/6
f 1183/5/5 1184/22/5 1185/22/5
f 1186/17/6 1187/15/6 1188/15/6
f 1189/18/1 1190/11/1 1191/24/1
f 1192/21/1 1193/7/1 1194/18/1
f 1195/16/2 1196/4/2 1197/4/2
f 1198/20/1 1199/6/1 1200/21/1
f 1201/26/1 1202/27/1 1203/20/1
f 1204/28/1 1205/8/1 1206/27/1
f 1207/6/1 1208/29/1 1209/7/1
f 1210/5/1 1211/17/1 1212/22/1
f 1213/4/1 1214/15/1 1215/5/1
f 1216/23/1 1217/25/1 1218/30/1
f 1219/22/1 1220/19/1 1221/23/1
f 1222/7/1 1223/12/1 1224/11/1
f 1225/27/1 1226/31/1 1227/6/1
f 1228/23/5 1229/30/5 1230/30/5
f 1231/30/3 1232/25/3 1233/25/3
f 1234/31/6 1235/8/6 1236/8/6
f 1237/14/2 1238/28/2 1239/28/2
f 1240/29/6 1241/31/6 1242/31/6
f 1243/25/6 1244/19/6 1245/19/6
f 1246/27/5 1247/6/5 1248/6/5
f 1249/12/6 1250/29/6 1251/29/6
f 1252/4/5 1253/5/5 1254/5/5
f 1255/19/11 1256/17/11 1257/17/11
f 1258/28/5 1259/27/5 1260/27/5
f 1261/11/3 1262/12/3 1263/12/3
f 1264/9/6 1265/10/6 1266/10/6
f 1267/32/4 1268/33/4 1269/34/4
f 1270/35/4 1271/36/4 1272/37/4
f 1273/37/4 1274/38/4 1275/32/4
f 1276/39/6 1277/40/6 1278/40/6
f 1279/41/6 1280/42/6 1281/42/6
f 1282/34/4 1283/43/4 1284/44/4
f 1285/13/3 1286/45/3 1287/45/3
f 1288/34/5 1289/32/5 1290/32/5
f 1291/46/3 1292/47/3 1293/47/3
f 1294/33/4 1295/48/4 1296/43/4
f 1297/38/4 1298/49/4 1299/33/4
f 1300/42/6 1301/50/6 1302/50/6
f 1303/36/4 1304/50/4 1305/38/4
f 1306/51/4 1307/42/4 1308/36/4
f 1309/41/4 1310/3/4 1311/42/4
f 1312/50/4 1313/52/4 1314/49/4
f 1315/53/4 1316/32/4 1317/54/4
f 1318/55/4 1319/37/4 1320/53/4
f 1321/56/4 1322/44/4 1323/57/4
f 1324/54/4 1325/34/4 1326/56/4
f 1327/49/4 1328/58/4 1329/48/4
f 1330/42/4 1331/59/4 1332/50/4
f 1333/32/5 1334/37/5 1335/37/5
f 1336/60/2 1337/61/2 1338/61/2
f 1339/3/5 1340/62/5 1341/62/5
f 1342/49/6 1343/48/6 1344/48/6
f 1345/37/5 1346/35/5 1347/35/5
f 1348/58/5 1349/52/5 1350/52/5
f 1351/63/6 1352/39/6 1353/39/6
f 1354/50/6 1355/49/6 1356/49/6
f 1357/10/6 1358/63/6 1359/63/6
f 1360/59/5 1361/3/5 1362/3/5
f 1363/52/5 1364/59/5 1365/59/5
f 1366/44/5 1367/34/5 1368/34/5
f 1369/1/2 1370/2/2 1371/2/2
f 1372/3/5 1373/62/5 1374/4/5
f 1375/6/5 1376/7/5 1377/7/5
f 1378/14/6 1379/9/6 1380/10/6
f 1381/11/3 1382/12/3 1383/13/3
f 1384/1/2 1385/2/2 1386/14/2
f 1387/15/6 1388/16/6 1389/16/6
f 1390/17/1 1391/18/1 1392/19/1
f 1393/16/1 1394/20/1 1395/15/1
f 1396/15/1 1397/21/1 1398/17/1
f 1399/22/5 1400/23/5 1401/23/5
f 1402/7/5 1403/11/5 1404/11/5
f 1405/19/1 1406/24/1 1407/25/1
f 1408/8/6 1409/14/6 1410/14/6
f 1411/5/5 1412/22/5 1413/22/5
f 1414/17/6 1415/15/6 1416/15/6
f 1417/18/1 1418/11/1 1419/24/1
f 1420/21/1 1421/7/1 1422/18/1
f 1423/16/2 1424/4/2 1425/4/2
f 1426/20/1 1427/6/1 1428/21/1
f 1429/26/1 1430/27/1 1431/20/1
f 1432/28/1 1433/8/1 1434/27/1
f 1435/6/1 1436/29/1 1437/7/1
f 1438/5/1 1439/17/1 1440/22/1
f 1441/4/1 1442/15/1 1443/5/1
f 1444/23/1 1445/25/1 1446/30/1
f 1447/22/1 1448/19/1 1449/23/1
f 1450/7/1 1451/12/1 1452/11/1
f 1453/27/1 1454/31/1 1455/6/1
f 1456/23/5 1457/30/5 1458/30/5
f 1459/30/3 1460/25/3 1461/25/3
f 1462/31/6 1463/8/6 1464/8/6
f 1465/14/2 1466/28/2 1467/28/2
f 1468/29/6 1469/31/6 1470/31/6
f 1471/25/6 1472/19/6 1473/19/6
f 1474/27/5 1475/6/5 1476/6/5
f 1477/12/6 1478/29/6 1479/29/6
f 1480/4/5 1481/5/5 1482/5/5
f 1483/19/6 1484/17/6 1485/17/6
f 1486/28/5 1487/27/5 1488/27/5
f 1489/11/3 1490/12/3 1491/12/3
f 1492/9/6 1493/10/6 1494/10/6
f 1495/32/4 1496/33/4 1497/34/4
f 1498/35/4 1499/36/4 1500/37/4
f 1501/37/4 1502/38/4 1503/32/4
f 1504/39/6 1505/40/6 1506/40/6
f 1507/41/6 1508/42/6 1509/42/6
f 1510/34/4 1511/43/4 1512/44/4
f 1513/13/3 1514/45/3 1515/45/3
f 1516/34/5 1517/32/5 1518/32/5
f 1519/46/3 1520/47/3 1521/47/3
f 1522/33/4 1523/48/4 1524/43/4
f 1525/38/4 1526/49/4 1527/33/4
f 1528/42/6 1529/50/6 1530/50/6
f 1531/36/4 1532/50/4 1533/38/4
f 1534/51/4 1535/42/4 1536/36/4
f 1537/41/4 1538/3/4 1539/42/4
f 1540/50/4 1541/52/4 1542/49/4
f 1543/53/4 1544/32/4 1545/54/4
f 1546/55/4 1547/37/4 1548/53/4
f 1549/56/4 1550/44/4 1551/57/4
f 1552/54/4 1553/34/4 1554/56/4
f 1555/49/4 1556/58/4 1557/48/4
f 1558/42/4 1559/59/4 1560/50/4
f 1561/32/5 1562/37/5 1563/37/5
f 1564/60/2 1565/61/2 1566/61/2
f 1567/3/5 1568/62/5 1569/62/5
f 1570/49/6 1571/48/6 1572/48/6
f 1573/37/5 1574/35/5 1575/35/5
f 1576/58/5 1577/52/5 1578/52/5
f 1579/63/6 1580/39/6 1581/39/6
f 1582/50/6 1583/49/6 1584/49/6
f 1585/10/6 1586/63/6 1587/63/6
f 1588/59/5 1589/3/5 1590/3/5
f 1591/52/5 1592/59/5 1593/59/5
f 1594/44/5 1595/34/5 1596/34/5
f 1597/1/1 1598/2/1 1599/2/1
f 1600/3/2 1601/4/2 1602/5/2
f 1603/6/2 1604/7/2 1605/7/2
f 1606/8/3 1607/9/3 1608/10/3
f 1609/11/4 1610/12/4 1611/13/4
f 1612/1/1 1613/2/1 1614/14/1
f 1615/15/3 1616/16/3 1617/16/3
f 1618/17/5 1619/18/5 1620/19/5
f 1621/16/5 1622/20/5 1623/15/5
f 1624/15/5 1625/21/5 1626/17/5
f 1627/22/2 1628/23/2 1629/23/2
f 1630/7/2 1631/11/2 1632/11/2
f 1633/19/5 1634/24/5 1635/25/5
f 1636/8/3 1637/14/3 1638/14/3
f 1639/5/2 1640/22/2 1641/22/2
f 1642/17/3 1643/15/3 1644/15/3
f 1645/18/5 1646/11/5 1647/24/5
f 1648/21/5 1649/7/5 1650/18/5
f 1651/16/1 1652/4/1 1653/4/1
f 1654/20/5 1655/6/5 1656/21/5
f 1657/26/5 1658/27/5 1659/20/5
f 1660/28/5 1661/8/5 1662/27/5
f 1663/6/5 1664/29/5 1665/7/5
f 1666/5/5 1667/17/5 1668/22/5
f 1669/4/5 1670/15/5 1671/5/5
f 1672/23/5 1673/25/5 1674/30/5
f 1675/22/5 1676/19/5 1677/23/5
f 1678/7/5 1679/12/5 1680/11/5
f 1681/27/5 1682/31/5 1683/6/5
f 1684/23/2 1685/30/2 1686/30/2
f 1687/30/4 1688/25/4 1689/25/4
f 1690/31/3 1691/8/3 1692/8/3
f 1693/14/1 1694/28/1 1695/28/1
f 1696/29/3 1697/31/3 1698/31/3
f 1699/25/3 1700/19/3 1701/19/3
f 1702/27/2 1703/6/2 1704/6/2
f 1705/12/3 1706/29/3 1707/29/3
f 1708/4/2 1709/5/2 1710/5/2
f 1711/19/3 1712/17/3 1713/17/3
f 1714/28/2 1715/27/2 1716/27/2
f 1717/11/4 1718/12/4 1719/12/4
f 1720/9/3 1721/10/3 1722/10/3
f 1723/32/6 1724/33/6 1725/34/6
f 1726/35/6 1727/36/6 1728/37/6
f 1729/37/6 1730/38/6 1731/32/6
f 1732/39/3 1733/40/3 1734/40/3
f 1735/41/3 1736/42/3 1737/42/3
f 1738/34/6 1739/43/6 1740/44/6
f 1741/13/4 1742/45/4 1743/45/4
f 1744/34/2 1745/32/2 1746/32/2
f 1747/46/4 1748/47/4 1749/47/4
f 1750/33/6 1751/48/6 1752/43/6
f 1753/38/6 1754/49/6 1755/33/6
f 1756/42/3 1757/50/3 1758/50/3
f 1759/36/6 1760/50/6 1761/38/6
f 1762/51/6 1763/42/6 1764/36/6
f 1765/41/6 1766/3/6 1767/42/6
f 1768/50/6 1769/52/6 1770/49/6
f 1771/53/6 1772/32/6 1773/54/6
f 1774/55/6 1775/37/6 1776/53/6
f 1777/56/6 1778/44/6 1779/57/6
f 1780/54/6 1781/34/6 1782/56/6
f 1783/49/6 1784/58/6 1785/48/6
f 1786/42/6 1787/59/6 1788/50/6
f 1789/32/2 1790/37/2 1791/37/2
f 1792/60/1 1793/61/1 1794/61/1
f 1795/3/2 1796/62/2 1797/62/2
f 1798/49/3 1799/48/3 1800/48/3
f 1801/37/2 1802/35/2 1803/35/2
f 1804/58/2 1805/52/2 1806/52/2
f 1807/63/3 1808/39/3 1809/39/3
f 1810/50/3 1811/49/3 1812/49/3
f 1813/10/3 1814/63/3 1815/63/3
f 1816/59/2 1817/3/2 1818/3/2
f 1819/52/2 1820/59/2 1821/59/2
f 1822/44/2 1823/34/2 1824/34/2
f 1825/1/2 1826/2/2 1827/2/2
f 1828/62/5 1829/4/5 1830/5/5
f 1831/6/5 1832/7/5 1833/7/5
f 1834/14/6 1835/9/6 1836/10/6
f 1837/11/3 1838/12/3 1839/13/3
f 1840/1/2 1841/2/2 1842/14/2
f 1843/15/6 1844/16/6 1845/16/6
f 1846/17/1 1847/18/1 1848/19/1
f 1849/16/1 1850/20/1 1851/15/1
f 1852/15/1 1853/21/1 1854/17/1
f 1855/22/5 1856/23/5 1857/23/5
f 1858/7/5 1859/11/5 1860/11/5
f 1861/19/1 1862/24/1 1863/25/1
f 1864/8/6 1865/14/6 1866/14/6
f 1867/5/5 1868/22/5 1869/22/5
f 1870/17/6 1871/15/6 1872/15/6
f 1873/18/1 1874/11/1 1875/24/1
f 1876/21/1 1877/7/1 1878/18/1
f 1879/16/2 1880/4/2 1881/4/2
f 1882/20/1 1883/6/1 1884/21/1
f 1885/26/1 1886/27/1 1887/20/1
f 1888/28/1 1889/8/1 1890/27/1
f 1891/6/1 1892/29/1 1893/7/1
f 1894/5/1 1895/17/1 1896/22/1
f 1897/4/1 1898/15/1 1899/5/1
f 1900/23/1 1901/25/1 1902/30/1
f 1903/22/1 1904/19/1 1905/23/1
f 1906/7/1 1907/12/1 1908/11/1
f 1909/27/1 1910/31/1 1911/6/1
f 1912/23/5 1913/30/5 1914/30/5
f 1915/30/3 1916/25/3 1917/25/3
f 1918/31/6 1919/8/6 1920/8/6
f 1921/14/2 1922/28/2 1923/28/2
f 1924/29/6 1925/31/6 1926/31/6
f 1927/25/6 1928/19/6 1929/19/6
f 1930/27/5 1931/6/5 1932/6/5
f 1933/12/6 1934/29/6 1935/29/6
f 1936/4/5 1937/5/5 1938/5/5
f 1939/19/6 1940/17/6 1941/17/6
f 1942/28/5 1943/27/5 1944/27/5
f 1945/11/3 1946/12/3 1947/12/3
f 1948/9/6 1949/10/6 1950/10/6
f 1951/32/4 1952/33/4 1953/34/4
f 1954/35/4 1955/36/4 1956/37/4
f 1957/37/4 1958/38/4 1959/32/4
f 1960/39/6 1961/40/6 1962/40/6
f 1963/41/6 1964/42/6 1965/42/6
f 1966/34/4 1967/43/4 1968/44/4
f 1969/13/3 1970/45/3 1971/45/3
f 1972/34/5 1973/32/5 1974/32/5
f 1975/46/3 1976/47/3 1977/47/3
f 1978/33/4 1979/48/4 1980/43/4
f 1981/38/4 1982/49/4 1983/33/4
f 1984/42/6 1985/50/6 1986/50/6
f 1987/36/4 1988/50/4 1989/38/4
f 1990/51/4 1991/42/4 1992/36/4
f 1993/41/4 1994/3/4 1995/42/4
f 1996/50/4 1997/52/4 1998/49/4
f 1999/53/4 2000/32/4 2001/54/4
f 2002/55/4 2003/37/4 2004/53/4
f 2005/56/4 2006/44/4 2007/57/4
f 2008/54/4 2009/34/4 2010/56/4
f 2011/49/4 2012/58/4 2013/48/4
f 2014/42/4 2015/59/4 2016/50/4
f 2017/32/5 2018/37/5 2019/37/5
f 2020/60/2 2021/61/2 2022/61/2
f 2023/3/5 2024/62/5 2025/62/5
f 2026/49/6 2027/48/6 2028/48/6
f 2029/37/5 2030/35/5 2031/35/5
f 2032/58/5 2033/52/5 2034/52/5
f 2035/63/6 2036/39/6 2037/39/6
f 2038/50/6 2039/49/6 2040/49/6
f 2041/10/6 2042/63/6 2043/63/6
f 2044/59/5 2045/3/5 2046/3/5
f 2047/52/5 2048/59/5 2049/59/5
f 2050/44/5 2051/34/5 2052/34/5
f 2053/1/2 2054/2/2 2055/2/2
f 2056/3/5 2057/62/5 2058/4/5
f 2059/6/5 2060/7/5 2061/7/5
f 2062/14/6 2063/9/6 2064/10/6
f 2065/11/3 2066/12/3 2067/13/3
f 2068/1/2 2069/2/2 2070/14/2
f 2071/15/6 2072/16/6 2073/16/6
f 2074/17/1 2075/18/1 2076/19/1
f 2077/16/1 2078/20/1 2079/15/1
f 2080/15/1 2081/21/1 2082/17/1
f 2083/22/5 2084/23/5 2085/23/5
f 2086/7/5 2087/11/5 2088/11/5
f 2089/19/1 2090/24/1 2091/25/1
f 2092/8/6 2093/14/6 2094/14/6
f 2095/5/5 2096/22/5 2097/22/5
f 2098/17/6 2099/15/6 2100/15/6
f 2101/18/1 2102/11/1 2103/24/1
f 2104/21/1 2105/7/1 2106/18/1
f 2107/16/2 2108/4/2 2109/4/2
f 2110/20/1 2111/6/1 2112/21/1
f 2113/26/1 2114/27/1 2115/20/1
f 2116/28/1 2117/8/1 2118/27/1
f 2119/6/1 2120/29/1 2121/7/1
f 2122/5/1 2123/17/1 2124/22/1
f 2125/4/1 2126/15/1 2127/5/1
f 2128/23/1 2129/25/1 2130/30/1
f 2131/22/1 2132/19/1 2133/23/1
f 2134/7/1 2135/12/1 2136/11/1
f 2137/27/1 2138/31/1 2139/6/1
f 2140/23/5 2141/30/5 2142/30/5
f 2143/30/3 2144/25/3 2145/25/3
f 2146/31/6 2147/8/6 2148/8/6
f 2149/14/2 2150/28/2 2151/28/2
f 2152/29/6 2153/31/6 2154/31/6
f 2155/25/6 2156/19/6 2157/19/6
f 2158/27/5 2159/6/5 2160/6/5
f 2161/12/6 2162/29/6 2163/29/6
f 2164/4/5 2165/5/5 2166/5/5
f 2167/19/6 2168/17/6 2169/17/6
f 2170/28/5 2171/27/5 2172/27/5
f 2173/11/3 2174/12/3 2175/12/3
f 2176/9/6 2177/10/6 2178/10/6
f 2179/32/4 2180/33/4 2181/34/4
f 2182/35/4 2183/36/4 2184/37/4
f 2185/37/4 2186/38/4 2187/32/4
f 2188/39/6 2189/40/6 2190/40/6
f 2191/41/6 2192/42/6 2193/42/6
f 2194/34/4 2195/43/4 2196/44/4
f 2197/13/3 2198/45/3 2199/45/3
f 2200/34/5 2201/32/5 2202/32/5
f 2203/46/3 2204/47/3 2205/47/3
f 2206/33/4 2207/48/4 2208/43/4
f 2209/38/4 2210/49/4 2211/33/4
f 2212/42/6 2213/50/6 2214/50/6
f 2215/36/4 2216/50/4 2217/38/4
f 2218/51/4 2219/42/4 2220/36/4
f 2221/41/4 2222/3/4 2223/42/4
f 2224/50/4 2225/52/4 2226/49/4
f 2227/53/4 2228/32/4 2229/54/4
f 2230/55/4 2231/37/4 2232/53/4
f 2233/56/4 2234/44/4 2235/57/4
f 2236/54/4 2237/34/4 2238/56/4
f 2239/49/4 2240/58/4 2241/48/4
f 2242/42/4 2243/59/4 2244/50/4
f 2245/32/12 2246/37/12 2247/37/12
f 2248/60/2 2249/61/2 2250/61/2
f 2251/3/5 2252/62/5 2253/62/5
f 2254/49/6 2255/48/6 2256/48/6
f 2257/37/5 2258/35/5 2259/35/5
f 2260/58/5 2261/52/5 2262/52/5
f 2263/63/6 2264/39/6 2265/39/6
f 2266/50/6 2267/49/6 2268/49/6
f 2269/10/6 2270/63/6 2271/63/6
f 2272/59/5 2273/3/5 2274/3/5
f 2275/52/5 2276/59/5 2277/59/5
f 2278/44/5 2279/34/5 2280/34/5
f 2281/1/1 2282/2/1 2283/2/1
f 2284/3/2 2285/4/2 2286/5/2
f 2287/6/2 2288/7/2 2289/7/2
f 2290/8/3 2291/9/3 2292/10/3
f 2293/11/4 2294/12/4 2295/13/4
f 2296/1/1 2297/2/1 2298/14/1
f 2299/15/3 2300/16/3 2301/16/3
f 2302/17/5 2303/18/5 2304/19/5
f 2305/16/5 2306/20/5 2307/15/5
f 2308/15/5 2309/21/5 2310/17/5
f 2311/22/2 2312/23/2 2313/23/2
f 2314/7/2 2315/11/2 2316/11/2
f 2317/19/5 2318/24/5 2319/25/5
f 2320/8/3 2321/14/3 2322/14/3
f 2323/5/2 2324/22/2 2325/22/2
f 2326/17/3 2327/15/3 2328/15/3
f 2329/18/5 2330/11/5 2331/24/5
f 2332/21/5 2333/7/5 2334/18/5
f 2335/16/1 2336/4/1 2337/4/1
f 2338/20/5 2339/6/5 2340/21/5
f 2341/26/5 2342/27/5 2343/20/5
f 2344/28/5 2345/8/5 2346/27/5
f 2347/6/5 2348/29/5 2349/7/5
f 2350/5/5 2351/17/5 2352/22/5
f 2353/4/5 2354/15/5 2355/5/5
f 2356/23/5 2357/25/5 2358/30/5
f 2359/22/5 2360/19/5 2361/23/5
f 2362/7/5 2363/12/5 2364/11/5
f 2365/27/5 2366/31/5 2367/6/5
f 2368/23/2 2369/30/2 2370/30/2
f 2371/30/4 2372/25/4 2373/25/4
f 2374/31/3 2375/8/3 2376/8/3
f 2377/14/1 2378/28/1 2379/28/1
f 2380/29/3 2381/31/3 2382/31/3
f 2383/25/3 2384/19/3 2385/19/3
f 2386/27/2 2387/6/2 2388/6/2
f 2389/12/3 2390/29/3 2391/29/3
f 2392/4/2 2393/5/2 2394/5/2
f 2395/19/3 2396/17/3 2397/17/3
f 2398/28/2 2399/27/2 2400/27/2
f 2401/11/4 2402/12/4 2403/12/4
f 2404/9/3 2405/10/3 2406/10/3
f 2407/32/6 2408/33/6 2409/34/6
f 2410/35/6 2411/36/6 2412/37/6
f 2413/37/6 2414/38/6 2415/32/6
f 2416/39/3 2417/40/3 2418/40/3
f 2419/41/3 2420/42/3 2421/42/3
f 2422/34/6 2423/43/6 2424/44/6
f 2425/13/4 2426/45/4 2427/45/4
f 2428/34/2 2429/32/2 2430/32/2
f 2431/46/4 2432/47/4 2433/47/4
f 2434/33/6 2435/48/6 2436/43/6
f 2437/38/6 2438/49/6 2439/33/6
f 2440/42/3 2441/50/3 2442/50/3
f 2443/36/6 2444/50/6 2445/38/6
f 2446/51/6 2447/42/6 2448/36/6
f 2449/41/6 2450/3/6 2451/42/6
f 2452/50/6 2453/52/6 2454/49/6
f 2455/53/6 2456/32/6 2457/54/6
f 2458/55/6 2459/37/6 2460/53/6
f 2461/56/6 2462/44/6 2463/57/6
f 2464/54/6 2465/34/6 2466/56/6
f 2467/49/6 2468/58/6 2469/48/6
f 2470/42/6 2471/59/6 2472/50/6
f 2473/32/2 2474/37/2 2475/37/2
f 2476/60/1 2477/61/1 2478/61/1
f 2479/3/2 2480/62/2 2481/62/2
f 2482/49/3 2483/48/3 2484/48/3
f 2485/37/2 2486/35/2 2487/35/2
f 2488/58/2 2489/52/2 2490/52/2
f 2491/63/3 2492/39/3 2493/39/3
f 2494/50/3 2495/49/3 2496/49/3
f 2497/10/3 2498/63/3 2499/63/3
f 2500/59/2 2501/3/2 2502/3/2
f 2503/52/2 2504/59/2 2505/59/2
f 2506/44/2 2507/34/2 2508/34/2
f 2509/1/2 2510/2/2 2511/2/2
f 2512/62/5 2513/4/5 2514/5/5
f 2515/6/5 2516/7/5 2517/7/5
f 2518/8/6 2519/9/6 2520/10/6
f 2521/11/3 2522/12/3 2523/13/3
f 2524/1/2 2525/2/2 2526/14/2
f 2527/15/6 2528/16/6 2529/16/6
f 2530/17/1 2531/18/1 2532/19/1
f 2533/16/1 2534/20/1 2535/15/1
f 2536/15/1 2537/21/1 2538/17/1
f 2539/22/5 2540/23/5 2541/23/5
f 2542/7/13 2543/11/13 2544/11/13
f 2545/19/1 2546/24/1 2547/25/1
f 2548/8/6 2549/14/6 2550/14/6
f 2551/5/5 2552/22/5 2553/22/5
f 2554/17/6 2555/15/6 2556/15/6
f 2557/18/1 2558/11/1 2559/24/1
f 2560/21/1 2561/7/1 2562/18/1
f 2563/16/2 2564/4/2 2565/4/2
f 2566/20/1 2567/6/1 2568/21/1
f 2569/26/1 2570/27/1 2571/20/1
f 2572/28/1 2573/8/1 2574/27/1
f 2575/6/1 2576/29/1 2577/7/1
f 2578/5/1 2579/17/1 2580/22/1
f 2581/4/1 2582/15/1 2583/5/1
f 2584/23/1 2585/25/1 2586/30/1
f 2587/22/1 2588/19/1 2589/23/1
f 2590/7/1 2591/12/1 2592/11/1
f 2593/27/1 2594/31/1 2595/6/1
f 2596/23/5 2597/30/5 2598/30/5
f 2599/30/3 2600/25/3 2601/25/3
f 2602/31/6 2603/8/6 2604/8/6
f 2605/14/2 2606/28/2 2607/28/2
f 2608/29/6 2609/31/6 2610/31/6
f 2611/25/6 2612/19/6 2613/19/6
f 2614/27/5 2615/6/5 2616/6/5
f 2617/12/6 2618/29/6 2619/29/6
f 2620/4/5 2621/5/5 2622/5/5
f 2623/19/6 2624/17/6 2625/17/6
f 2626/28/5 2627/27/5 2628/27/5
f 2629/11/3 2630/12/3 2631/12/3
f 2632/9/6 2633/10/6 2634/10/6
f 2635/32/4 2636/33/4 2637/34/4
f 2638/35/4 2639/36/4 2640/37/4
f 2641/37/4 2642/38/4 2643/32/4
f 2644/39/6 2645/40/6 2646/40/6
f 2647/41/6 2648/42/6 2649/42/6
f 2650/34/4 2651/43/4 2652/44/4
f 2653/13/3 2654/45/3 2655/45/3
f 2656/34/5 2657/32/5 2658/32/5
f 2659/46/3 2660/47/3 2661/47/3
f 2662/33/4 2663/48/4 2664/43/4
f 2665/38/4 2666/49/4 2667/33/4
f 2668/42/6 2669/50/6 2670/50/6
f 2671/36/4 2672/50/4 2673/38/4
f 2674/51/4 2675/42/4 2676/36/4
f 2677/41/4 2678/3/4 2679/42/4
f 2680/50/4 2681/52/4 2682/49/4
f 2683/53/4 2684/32/4 2685/54/4
f 2686/55/4 2687/37/4 2688/53/4
f 2689/56/4 2690/44/4 2691/57/4
f 2692/54/4 2693/34/4 2694/56/4
f 2695/49/4 2696/58/4 2697/48/4
f 2698/42/4 2699/59/4 2700/50/4
f 2701/32/5 2702/37/5 2703/37/5
f 2704/60/2 2705/61/2 2706/61/2
f 2707/3/5 2708/62/5 2709/62/5
f 2710/49/6 2711/48/6 2712/48/6
f 2713/37/5 2714/35/5 2715/35/5
f 2716/58/5 2717/52/5 2718/52/5
f 2719/63/6 2720/39/6 2721/39/6
f 2722/50/6 2723/49/6 2724/49/6
f 2725/10/6 2726/63/6 2727/63/6
f 2728/59/5 2729/3/5 2730/3/5
f 2731/52/5 2732/59/5 2733/59/5
f 2734/44/5 2735/34/5 2736/34/5
f 2737/1/2 2738/2/2 2739/2/2
f 2740/3/5 2741/62/5 2742/4/5
f 2743/6/5 2744/7/5 2745/7/5
f 2746/14/6 2747/9/6 2748/10/6
f 2749/11/3 2750/12/3 2751/13/3
f 2752/1/2 2753/2/2 2754/14/2
f 2755/15/6 2756/16/6 2757/16/6
f 2758/17/1 2759/18/1 2760/19/1
f 2761/16/1 2762/20/1 2763/15/1
f 2764/15/1 2765/21/1 2766/17/1
f 2767/22/5 2768/23/5 2769/23/5
f 2770/7/5 2771/11/5 2772/11/5
f 2773/19/1 2774/24/1 2775/25/1
f 2776/8/6 2777/14/6 2778/14/6
f 2779/5/5 2780/22/5 2781/22/5
f 2782/17/6 2783/15/6 2784/15/6
f 2785/18/1 2786/11/1 2787/24/1
f 2788/21/1 2789/7/1 2790/18/1
f 2791/16/2 2792/4/2 2793/4/2
f 2794/20/1 2795/6/1 2796/21/1
f 2797/26/1 2798/27/1 2799/20/1
f 2800/28/1 2801/8/1 2802/27/1
f 2803/6/1 2804/29/1 2805/7/1
f 2806/5/1 2807/17/1 2808/22/1
f 2809/4/1 2810/15/1 2811/5/1
f 2812/23/1 2813/25/1 2814/30/1
f 2815/22/1 2816/19/1 2817/23/1
f 2818/7/1 2819/12/1 2820/11/1
f 2821/27/1 2822/31/1 2823/6/1
f 2824/23/5 2825/30/5 2826/30/5
f 2827/30/3 2828/25/3 2829/25/3
f 2830/31/6 2831/8/6 2832/8/6
f 2833/14/2 2834/28/2 2835/28/2
f 2836/29/6 2837/31/6 2838/31/6
f 2839/25/6 2840/19/6 2841/19/6
f 2842/27/5 2843/6/5 2844/6/5
f 2845/12/6 2846/29/6 2847/29/6
f 2848/4/5 2849/5/5 2850/5/5
f 2851/19/6 2852/17/6 2853/17/6
f 2854/28/14 2855/27/14 2856/27/14
f 2857/11/3 2858/12/3 2859/12/3
f 2860/9/6 2861/10/6 2862/10/6
f 2863/32/4 2864/33/4 2865/34/4
f 2866/35/4 2867/36/4 2868/37/4
f 2869/37/4 2870/38/4 2871/32/4
f 2872/39/6 2873/40/6 2874/40/6
f 2875/41/6 2876/42/6 2877/42/6
f 2878/34/4 2879/43/4 2880/44/4
f 2881/13/3 2882/45/3 2883/45/3
f 2884/34/5 2885/32/5 2886/32/5
f 2887/46/3 2888/47/3 2889/47/3
f 2890/33/4 2891/48/4 2892/43/4
f 2893/38/4 2894/49/4 2895/33/4
f 2896/42/6 2897/50/6 2898/50/6
f 2899/36/4 2900/50/4 2901/38/4
f 2902/51/4 2903/42/4 2904/36/4
f 2905/41/4 2906/3/4 2907/42/4
f 2908/50/4 2909/52/4 2910/49/4
f 2911/53/4 2912/32/4 2913/54/4
f 2914/55/4 2915/37/4 2916/53/4
f 2917/56/4 2918/44/4 2919/57/4
f 2920/54/4 2921/34/4 2922/56/4
f 2923/49/4 2924/58/4 2925/48/4
f 2926/42/4 2927/59/4 2928/50/4
f 2929/32/5 2930/37/5 2931/37/5
f 2932/60/2 2933/61/2 2934/61/2
f 2935/3/5 2936/62/5 2937/62/5
f 2938/49/6 2939/48/6 2940/48/6
f 2941/37/5 2942/35/5 2943/35/5
f 2944/58/5 2945/52/5 2946/52/5
f 2947/63/6 2948/39/6 2949/39/6
f 2950/50/6 2951/49/6 2952/49/6
f 2953/10/6 2954/63/6 2955/63/6
f 2956/59/5 2957/3/5 2958/3/5
f 2959/52/5 2960/59/5 2961/59/5
f 2962/44/5 2963/34/5 2964/34/5
f 2965/1/1 2966/2/1 2967/2/1
f 2968/3/2 2969/4/2 2970/5/2
f 2971/6/2 2972/7/2 2973/7/2
f 2974/8/3 2975/9/3 2976/10/3
f 2977/11/4 2978/12/4 2979/13/4
f 2980/1/1 2981/2/1 2982/14/1
f 2983/15/3 2984/16/3 2985/16/3
f 2986/17/5 2987/18/5 2988/19/5
f 2989/16/5 2990/20/5 2991/15/5
f 2992/15/5 2993/21/5 2994/17/5
f 2995/22/2 2996/23/2 2997/23/2
f 2998/7/2 2999/11/2 3000/11/2
f 3001/19/5 3002/24/5 3003/25/5
f 3004/8/3 3005/14/3 3006/14/3
f 3007/5/2 3008/22/2 3009/22/2
f 3010/17/3 3011/15/3 3012/15/3
f 3013/18/5 3014/11/5 3015/24/5
f 3016/21/5 3017/7/5 3018/18/5
f 3019/16/1 3020/4/1 3021/4/1
f 3022/20/5 3023/6/5 3024/21/5
f 3025/26/5 3026/27/5 3027/20/5
f 3028/28/5 3029/8/5 3030/27/5
f 3031/6/5 3032/29/5 3033/7/5
f 3034/5/5 3035/17/5 3036/22/5
f 3037/4/5 3038/15/5 3039/5/5
f 3040/23/5 3041/25/5 3042/30/5
f 3043/22/5 3044/19/5 3045/23/5
f 3046/7/5 3047/12/5 3048/11/5
f 3049/27/5 3050/31/5 3051/6/5
f 3052/23/2 3053/30/2 3054/30/2
f 3055/30/4 3056/25/4 3057/25/4
f 3058/31/3 3059/8/3 3060/8/3
f 3061/14/1 3062/28/1 3063/28/1
f 3064/29/3 3065/31/3 3066/31/3
f 3067/25/3 3068/19/3 3069/19/3
f 3070/27/2 3071/6/2 3072/6/2
f 3073/12/3 3074/29/3 3075/29/3
f 3076/4/2 3077/5/2 3078/5/2
f 3079/19/3 3080/17/3 3081/17/3
f 3082/28/2 3083/27/2 3084/27/2
f 3085/11/4 3086/12/4 3087/12/4
f 3088/9/3 3089/10/3 3090/10/3
f 3091/32/6 3092/33/6 3093/34/6
f 3094/35/6 3095/36/6 3096/37/6
f 3097/37/6 3098/38/6 3099/32/6
f 3100/39/3 3101/40/3 3102/40/3
f 3103/41/3 3104/42/3 3105/42/3
f 3106/34/6 3107/43/6 3108/44/6
f 3109/13/4 3110/45/4 3111/45/4
f 3112/34/2 3113/32/2 3114/32/2
f 3115/46/4 3116/47/4 3117/47/4
f 3118/33/6 3119/48/6 3120/43/6
f 3121/38/6 3122/49/6 3123/33/6
f 3124/42/3 3125/50/3 3126/50/3
f 3127/36/6 3128/50/6 3129/38/6
f 3130/51/6 3131/42/6 3132/36/6
f 3133/41/6 3134/3/6 3135/42/6
f 3136/50/6 3137/52/6 3138/49/6
f 3139/53/6 3140/32/6 3141/54/6
f 3142/55/6 3143/37/6 3144/53/6
f 3145/56/6 3146/44/6 3147/57/6
f 3148/54/6 3149/34/6 3150/56/6
f 3151/49/6 3152/58/6 3153/48/6
f 3154/42/6 3155/59/6 3156/50/6
f 3157/32/2 3158/37/2 3159/37/2
f 3160/60/1 3161/61/1 3162/61/1
f 3163/3/2 3164/62/2 3165/62/2
f 3166/49/3 3167/48/3 3168/48/3
f 3169/37/2 3170/35/2 3171/35/2
f 3172/58/2 3173/52/2 3174/52/2
f 3175/63/3 3176/39/3 3177/39/3
f 3178/50/3 3179/49/3 3180/49/3
f 3181/10/3 3182/63/3 3183/63/3
f 3184/59/2 3185/3/2 3186/3/2
f 3187/52/2 3188/59/2 3189/59/2
f 3190/44/2 3191/34/2 3192/34/2
f 3193/1/2 3194/2/2 3195/2/2
f 3196/62/5 3197/4/5 3198/5/5
f 3199/6/5 3200/7/5 3201/7/5
f 3202/8/6 3203/9/6 3204/10/6
f 3205/11/3 3206/12/3 3207/13/3
f 3208/1/2 3209/2/2 3210/14/2
f 3211/15/6 3212/16/6 3213/16/6
f 3214/17/1 3215/18/1 3216/19/1
f 3217/16/1 3218/20/1 3219/15/1
f 3220/15/1 3221/21/1 3222/17/1
f 3223/22/5 3224/23/5 3225/23/5
f 3226/7/5 3227/11/5 3228/11/5
f 3229/19/1 3230/24/1 3231/25/1
f 3232/8/6 3233/14/6 3234/14/6
f 3235/5/5 3236/22/5 3237/22/5
f 3238/17/6 3239/15/6 3240/15/6
f 3241/18/1 3242/11/1 3243/24/1
f 3244/21/1 3245/7/1 3246/18/1
f 3247/16/2 3248/4/2 3249/4/2
f 3250/20/1 3251/6/1 3252/21/1
f 3253/26/1 3254/27/1 3255/20/1
f 3256/28/1 3257/8/1 3258/27/1
f 3259/6/1 3260/29/1 3261/7/1
f 3262/5/1 3263/17/1 3264/22/1
f 3265/4/1 3266/15/1 3267/5/1
f 3268/23/1 3269/25/1 3270/30/1
f 3271/22/1 3272/19/1 3273/23/1
f 3274/7/1 3275/12/1 3276/11/1
f 3277/27/1 3278/31/1 3279/6/1
f 3280/23/5 3281/30/5 3282/30/5
f 3283/30/3 3284/25/3 3285/25/3
f 3286/31/6 3287/8/6 3288/8/6
f 3289/14/2 3290/28/2 3291/28/2
f 3292/29/6 3293/31/6 3294/31/6
f 3295/25/6 3296/19/6 3297/19/6
f 3298/27/5 3299/6/5 3300/6/5
f 3301/12/6 3302/29/6 3303/29/6
f 3304/4/5 3305/5/5 3306/5/5
f 3307/19/6 3308/17/6 3309/17/6
f 3310/28/5 3311/27/5 3312/27/5
f 3313/11/3 3314/12/3 3315/12/3
f 3316/9/6 3317/10/6 3318/10/6
f 3319/32/4 3320/33/4 3321/34/4
f 3322/35/4 3323/36/4 3324/37/4
f 3325/37/4 3326/38/4 3327/32/4
f 3328/39/6 3329/40/6 3330/40/6
f 3331/41/6 3332/42/6 3333/42/6
f 3334/34/4 3335/43/4 3336/44/4
f 3337/13/3 3338/45/3 3339/45/3
f 3340/34/5 3341/32/5 3342/32/5
f 3343/46/3 3344/47/3 3345/47/3
f 3346/33/4 3347/48/4 3348/43/4
f 3349/38/4 3350/49/4 3351/33/4
f 3352/42/6 3353/50/6 3354/50/6
f 3355/36/4 3356/50/4 3357/38/4
f 3358/51/4 3359/42/4 3360/36/4
f 3361/41/4 3362/3/4 3363/42/4
f 3364/50/4 3365/52/4 3366/49/4
f 3367/53/4 3368/32/4 3369/54/4
f 3370/55/4 3371/37/4 3372/53/4
f 3373/56/4 3374/44/4 3375/57/4
f 3376/54/4 3377/34/4 3378/56/4
f 3379/49/4 3380/58/4 3381/48/4
f 3382/42/4 3383/59/4 3384/50/4
f 3385/32/5 3386/37/5 3387/37/5
f 3388/60/2 3389/61/2 3390/61/2
f 3391/3/5 3392/62/5 3393/62/5
f 3394/49/6 3395/48/6 3396/48/6
f 3397/37/5 3398/35/5 3399/35/5
f 3400/58/5 3401/52/5 3402/52/5
f 3403/63/6 3404/39/6 3405/39/6
f 3406/50/6 3407/49/6 3408/49/6
f 3409/10/6 3410/63/6 3411/63/6
f 3412/59/5 3413/3/5 3414/3/5
f 3415/52/5 3416/59/5 3417/59/5
f 3418/44/5 3419/34/5 3420/34/5
f 3421/1/1 3422/1/1 3423/2/1
f 3424/30/2 3425/58/2 3426/52/2
f 3427/59/2 3428/3/2 3429/5/2
f 3430/3/2 3431/62/2 3432/4/2
f 3433/30/2 3434/52/2 3435/23/2
f 3436/52/2 3437/59/2 3438/23/2
f 3439/5/2 3440/22/2 3441/59/2
f 3442/22/2 3443/23/2 3444/59/2
f 3445/6/2 3446/6/2 3447/7/2
f 3448/40/3 3449/12/3 3450/29/3
f 3451/31/3 3452/8/3 3453/10/3
f 3454/8/3 3455/14/3 3456/9/3
f 3457/40/3 3458/29/3 3459/39/3
f 3460/29/3 3461/31/3 3462/39/3
f 3463/10/3 3464/63/3 3465/31/3
f 3466/63/3 3467/39/3 3468/31/3
f 3469/46/4 3470/47/4 3471/30/4
f 3472/25/4 3473/24/4 3474/64/4
f 3475/24/4 3476/11/4 3477/64/4
f 3478/46/4 3479/30/4 3480/25/4
f 3481/13/4 3482/45/4 3483/11/4
f 3484/45/4 3485/64/4 3486/11/4
f 3487/64/4 3488/46/4 3489/25/4
f 3490/16/1 3491/4/1 3492/60/1
f 3493/61/1 3494/65/1 3495/26/1
f 3496/65/1 3497/1/1 3498/26/1
f 3499/16/1 3500/60/1 3501/61/1
f 3502/14/1 3503/28/1 3504/1/1
f 3505/28/1 3506/26/1 3507/1/1
f 3508/26/1 3509/16/1 3510/61/1
f 3511/15/3 3512/15/3 3513/16/3
f 3514/17/5 3515/21/5 3516/18/5
f 3517/16/5 3518/26/5 3519/20/5
f 3520/15/5 3521/20/5 3522/21/5
f 3523/22/2 3524/22/2 3525/23/2
f 3526/7/2 3527/7/2 3528/11/2
f 3529/19/5 3530/18/5 3531/24/5
f 3532/8/3 3533/8/3 3534/14/3
f 3535/5/2 3536/5/2 3537/22/2
f 3538/17/3 3539/17/3 3540/15/3
f 3541/18/5 3542/7/5 3543/11/5
f 3544/21/5 3545/6/5 3546/7/5
f 3547/16/1 3548/16/1 3549/4/1
f 3550/20/5 3551/27/5 3552/6/5
f 3553/26/5 3554/28/5 3555/27/5
f 3556/28/5 3557/14/5 3558/8/5
f 3559/6/5 3560/31/5 3561/29/5
f 3562/5/5 3563/15/5 3564/17/5
f 3565/4/5 3566/16/5 3567/15/5
f 3568/23/5 3569/19/5 3570/25/5
f 3571/22/5 3572/17/5 3573/19/5
f 3574/7/5 3575/29/5 3576/12/5
f 3577/27/5 3578/8/5 3579/31/5
f 3580/23/2 3581/23/2 3582/30/2
f 3583/30/4 3584/30/4 3585/25/4
f 3586/31/3 3587/31/3 3588/8/3
f 3589/14/1 3590/14/1 3591/28/1
f 3592/29/3 3593/29/3 3594/31/3
f 3595/25/3 3596/25/3 3597/19/3
f 3598/27/2 3599/27/2 3600/6/2
f 3601/12/3 3602/12/3 3603/29/3
f 3604/4/2 3605/4/2 3606/5/2
f 3607/19/3 3608/19/3 3609/17/3
f 3610/28/2 3611/28/2 3612/27/2
f 3613/11/4 3614/11/4 3615/12/4
f 3616/9/3 3617/9/3 3618/10/3
f 3619/32/6 3620/38/6 3621/33/6
f 3622/35/6 3623/51/6 3624/36/6
f 3625/37/6 3626/36/6 3627/38/6
f 3628/39/3 3629/39/3 3630/40/3
f 3631/41/3 3632/41/3 3633/42/3
f 3634/34/6 3635/33/6 3636/43/6
f 3637/13/4 3638/13/4 3639/45/4
f 3640/34/2 3641/34/2 3642/32/2
f 3643/46/4 3644/46/4 3645/47/4
f 3646/33/6 3647/49/6 3648/48/6
f 3649/38/6 3650/50/6 3651/49/6
f 3652/42/3 3653/42/3 3654/50/3
f 3655/36/6 3656/42/6 3657/50/6
f 3658/51/6 3659/41/6 3660/42/6
f 3661/41/6 3662/62/6 3663/3/6
f 3664/50/6 3665/59/6 3666/52/6
f 3667/53/6 3668/37/6 3669/32/6
f 3670/55/6 3671/35/6 3672/37/6
f 3673/56/6 3674/34/6 3675/44/6
f 3676/54/6 3677/32/6 3678/34/6
f 3679/49/6 3680/52/6 3681/58/6
f 3682/42/6 3683/3/6 3684/59/6
f 3685/32/2 3686/32/2 3687/37/2
f 3688/60/1 3689/60/1 3690/61/1
f 3691/3/2 3692/3/2 3693/62/2
f 3694/49/3 3695/49/3 3696/48/3
f 3697/37/2 3698/37/2 3699/35/2
f 3700/58/2 3701/58/2 3702/52/2
f 3703/63/3 3704/63/3 3705/39/3
f 3706/50/3 3707/50/3 3708/49/3
f 3709/10/3 3710/10/3 3711/63/3
f 3712/59/2 3713/59/2 3714/3/2
f 3715/52/2 3716/52/2 3717/59/2
f 3718/44/2 3719/44/2 3720/34/2
f 3721/1/2 3722/1/2 3723/2/2
f 3724/30/5 3725/58/5 3726/52/5
f 3727/52/5 3728/59/5 3729/22/5
f 3730/59/5 3731/3/5 3732/22/5
f 3733/23/5 3734/30/5 3735/52/5
f 3736/4/5 3737/5/5 3738/3/5
f 3739/5/5 3740/22/5 3741/3/5
f 3742/22/5 3743/23/5 3744/52/5
f 3745/6/15 3746/6/15 3747/7/15
f 3748/40/6 3749/12/6 3750/29/6
f 3751/31/6 3752/8/6 3753/63/6
f 3754/8/6 3755/14/6 3756/10/6
f 3757/31/6 3758/39/6 3759/29/6
f 3760/40/6 3761/29/6 3762/39/6
f 3763/63/6 3764/39/6 3765/31/6
f 3766/63/6 3767/8/6 3768/10/6
f 3769/46/3 3770/47/3 3771/30/3
f 3772/25/16 3773/24/16 3774/64/16
f 3775/24/3 3776/11/3 3777/64/3
f 3778/46/17 3779/30/17 3780/25/17
f 3781/13/3 3782/45/3 3783/11/3
f 3784/45/3 3785/64/3 3786/11/3
f 3787/64/18 3788/46/18 3789/25/18
f 3790/16/2 3791/4/2 3792/60/2
f 3793/61/19 3794/65/19 3795/26/19
f 3796/65/2 3797/1/2 3798/26/2
f 3799/16/20 3800/60/20 3801/61/20
f 3802/14/2 3803/28/2 3804/1/2
f 3805/28/2 3806/26/2 3807/1/2
f 3808/26/21 3809/16/21 3810/61/21
f 3811/15/6 3812/15/6 3813/16/6
f 3814/17/1 3815/21/1 3816/18/1
f 3817/16/1 3818/26/1 3819/20/1
f 3820/15/1 3821/20/1 3822/21/1
f 3823/22/15 3824/22/15 3825/23/15
f 3826/7/15 3827/7/15 3828/11/15
f 3829/19/1 3830/18/1 3831/24/1
f 3832/8/6 3833/8/6 3834/14/6
f 3835/5/15 3836/5/15 3837/22/15
f 3838/17/6 3839/17/6 3840/15/6
f 3841/18/1 3842/7/1 3843/11/1
f 3844/21/1 3845/6/1 3846/7/1
f 3847/16/2 3848/16/2 3849/4/2
f 3850/20/1 3851/27/1 3852/6/1
f 3853/26/1 3854/28/1 3855/27/1
f 3856/28/1 3857/14/1 3858/8/1
f 3859/6/1 3860/31/1 3861/29/1
f 3862/5/1 3863/15/1 3864/17/1
f 3865/4/1 3866/16/1 3867/15/1
f 3868/23/1 3869/19/1 3870/25/1
f 3871/22/1 3872/17/1 3873/19/1
f 3874/7/1 3875/29/1 3876/12/1
f 3877/27/1 3878/8/1 3879/31/1
f 3880/23/15 3881/23/15 3882/30/15
f 3883/25/22 3884/30/22 3885/30/22
f 3886/31/6 3887/31/6 3888/8/6
f 3889/14/2 3890/14/2 3891/28/2
f 3892/29/6 3893/29/6 3894/31/6
f 3895/25/6 3896/25/6 3897/19/6
f 3898/27/15 3899/27/15 3900/6/15
f 3901/12/6 3902/12/6 3903/29/6
f 3904/4/15 3905/4/15 3906/5/15
f 3907/19/6 3908/19/6 3909/17/6
f 3910/28/15 3911/28/15 3912/27/15
f 3913/12/22 3914/11/22 3915/11/22
f 3916/9/6 3917/9/6 3918/10/6
f 3919/32/4 3920/38/4 3921/33/4
f 3922/35/4 3923/51/4 3924/36/4
f 3925/37/4 3926/36/4 3927/38/4
f 3928/39/6 3929/39/6 3930/40/6
f 3931/41/23 3932/41/23 3933/42/23
f 3934/34/4 3935/33/4 3936/43/4
f 3937/13/3 3938/13/3 3939/45/3
f 3940/34/5 3941/34/5 3942/32/5
f 3943/47/24 3944/46/24 3945/46/24
f 3946/33/4 3947/49/4 3948/48/4
f 3949/38/4 3950/50/4 3951/49/4
f 3952/42/23 3953/42/23 3954/50/23
f 3955/36/4 3956/42/4 3957/50/4
f 3958/51/4 3959/41/4 3960/42/4
f 3961/41/4 3962/62/4 3963/3/4
f 3964/50/4 3965/59/4 3966/52/4
f 3967/53/4 3968/37/4 3969/32/4
f 3970/55/4 3971/35/4 3972/37/4
f 3973/56/4 3974/34/4 3975/44/4
f 3976/54/4 3977/32/4 3978/34/4
f 3979/49/4 3980/52/4 3981/58/4
f 3982/42/4 3983/3/4 3984/59/4
f 3985/32/5 3986/32/5 3987/37/5
f 3988/60/2 3989/60/2 3990/61/2
f 3991/3/5 3992/3/5 3993/62/5
f 3994/49/23 3995/49/23 3996/48/23
f 3997/37/5 3998/37/5 3999/35/5
f 4000/58/5 4001/58/5 4002/52/5
f 4003/63/6 4004/63/6 4005/39/6
f 4006/50/23 4007/50/23 4008/49/23
f 4009/10/6 4010/10/6 4011/63/6
f 4012/59/5 4013/59/5 4014/3/5
f 4015/52/5 4016/52/5 4017/59/5
f 4018/44/5 4019/44/5 4020/34/5
f 4021/1/2 4022/1/2 4023/2/2
f 4024/30/5 4025/58/5 4026/52/5
f 4027/59/5 4028/3/5 4029/22/5
f 4030/3/5 4031/62/5 4032/5/5
f 4033/22/5 4034/3/5 4035/5/5
f 4036/30/5 4037/52/5 4038/23/5
f 4039/52/5 4040/59/5 4041/23/5
f 4042/22/5 4043/23/5 4044/59/5
f 4045/6/15 4046/6/15 4047/7/15
f 4048/40/6 4049/12/6 4050/29/6
f 4051/31/6 4052/8/6 4053/10/6
f 4054/8/6 4055/14/6 4056/9/6
f 4057/40/6 4058/29/6 4059/39/6
f 4060/29/6 4061/31/6 4062/39/6
f 4063/10/6 4064/63/6 4065/31/6
f 4066/63/6 4067/39/6 4068/31/6
f 4069/46/3 4070/47/3 4071/30/3
f 4072/25/25 4073/24/25 4074/64/25
f 4075/24/3 4076/11/3 4077/64/3
f 4078/46/3 4079/30/3 4080/25/3
f 4081/13/18 4082/45/18 4083/11/18
f 4084/45/26 4085/64/26 4086/11/26
f 4087/64/3 4088/46/3 4089/25/3
f 4090/16/2 4091/4/2 4092/60/2
f 4093/61/27 4094/65/27 4095/26/27
f 4096/65/2 4097/1/2 4098/26/2
f 4099/16/2 4100/60/2 4101/61/2
f 4102/14/28 4103/28/28 4104/1/28
f 4105/28/20 4106/26/20 4107/1/20
f 4108/26/2 4109/16/2 4110/61/2
f 4111/15/6 4112/15/6 4113/16/6
f 4114/17/1 4115/21/1 4116/18/1
f 4117/16/1 4118/26/1 4119/20/1
f 4120/15/1 4121/20/1 4122/21/1
f 4123/22/5 4124/22/5 4125/23/5
f 4126/7/15 4127/7/15 4128/11/15
f 4129/19/1 4130/18/1 4131/24/1
f 4132/8/6 4133/8/6 4134/14/6
f 4135/5/5 4136/5/5 4137/22/5
f 4138/17/6 4139/17/6 4140/15/6
f 4141/18/1 4142/7/1 4143/11/1
f 4144/21/1 4145/6/1 4146/7/1
f 4147/16/2 4148/16/2 4149/4/2
f 4150/20/1 4151/27/1 4152/6/1
f 4153/26/1 4154/28/1 4155/27/1
f 4156/28/1 4157/14/1 4158/8/1
f 4159/6/1 4160/31/1 4161/29/1
f 4162/5/1 4163/15/1 4164/17/1
f 4165/4/1 4166/16/1 4167/15/1
f 4168/23/1 4169/19/1 4170/25/1
f 4171/22/1 4172/17/1 4173/19/1
f 4174/7/1 4175/29/1 4176/12/1
f 4177/27/1 4178/8/1 4179/31/1
f 4180/23/5 4181/23/5 4182/30/5
f 4183/30/3 4184/30/3 4185/25/3
f 4186/31/6 4187/31/6 4188/8/6
f 4189/14/2 4190/14/2 4191/28/2
f 4192/29/6 4193/29/6 4194/31/6
f 4195/25/6 4196/25/6 4197/19/6
f 4198/27/15 4199/27/15 4200/6/15
f 4201/12/6 4202/12/6 4203/29/6
f 4204/4/5 4205/4/5 4206/5/5
f 4207/19/6 4208/19/6 4209/17/6
f 4210/28/15 4211/28/15 4212/27/15
f 4213/12/22 4214/11/22 4215/11/22
f 4216/9/23 4217/9/23 4218/10/23
f 4219/32/4 4220/38/4 4221/33/4
f 4222/35/4 4223/51/4 4224/36/4
f 4225/37/4 4226/36/4 4227/38/4
f 4228/39/23 4229/39/23 4230/40/23
f 4231/41/23 4232/41/23 4233/42/23
f 4234/34/4 4235/33/4 4236/43/4
f 4237/45/24 4238/13/24 4239/13/24
f 4240/34/5 4241/34/5 4242/32/5
f 4243/47/24 4244/46/24 4245/46/24
f 4246/33/4 4247/49/4 4248/48/4
f 4249/38/4 4250/50/4 4251/49/4
f 4252/42/23 4253/42/23 4254/50/23
f 4255/36/4 4256/42/4 4257/50/4
f 4258/51/4 4259/41/4 4260/42/4
f 4261/41/4 4262/62/4 4263/3/4
f 4264/50/4 4265/59/4 4266/52/4
f 4267/53/4 4268/37/4 4269/32/4
f 4270/55/4 4271/35/4 4272/37/4
f 4273/56/4 4274/34/4 4275/44/4
f 4276/54/4 4277/32/4 4278/34/4
f 4279/49/4 4280/52/4 4281/58/4
f 4282/42/4 4283/3/4 4284/59/4
f 4285/32/5 4286/32/5 4287/37/5
f 4288/60/2 4289/60/2 4290/61/2
f 4291/3/5 4292/3/5 4293/62/5
f 4294/49/23 4295/49/23 4296/48/23
f 4297/37/5 4298/37/5 4299/35/5
f 4300/58/5 4301/58/5 4302/52/5
f 4303/63/23 4304/63/23 4305/39/23
f 4306/50/23 4307/50/23 4308/49/23
f 4309/10/23 4310/10/23 4311/63/23
f 4312/59/5 4313/59/5 4314/3/5
f 4315/52/5 4316/52/5 4317/59/5
f 4318/44/5 4319/44/5 4320/34/5
f 4321/1/2 4322/1/2 4323/2/2
f 4324/30/5 4325/58/5 4326/52/5
f 4327/52/5 4328/59/5 4329/22/5
f 4330/59/5 4331/3/5 4332/22/5
f 4333/23/5 4334/30/5 4335/52/5
f 4336/4/5 4337/5/5 4338/3/5
f 4339/5/5 4340/22/5 4341/3/5
f 4342/22/5 4343/23/5 4344/52/5
f 4345/6/5 4346/6/5 4347/7/5
f 4348/40/6 4349/12/6 4350/29/6
f 4351/31/6 4352/8/6 4353/63/6
f 4354/8/6 4355/14/6 4356/10/6
f 4357/31/6 4358/39/6 4359/29/6
f 4360/40/6 4361/29/6 4362/39/6
f 4363/63/6 4364/39/6 4365/31/6
f 4366/63/6 4367/8/6 4368/10/6
f 4369/46/3 4370/47/3 4371/30/3
f 4372/25/3 4373/24/3 4374/64/3
f 4375/24/3 4376/11/3 4377/64/3
f 4378/46/3 4379/30/3 4380/25/3
f 4381/13/3 4382/45/3 4383/11/3
f 4384/45/3 4385/64/3 4386/11/3
f 4387/64/3 4388/46/3 4389/25/3
f 4390/16/2 4391/4/2 4392/60/2
f 4393/61/2 4394/65/2 4395/26/2
f 4396/65/2 4397/1/2 4398/26/2
f 4399/16/2 4400/60/2 4401/61/2
f 4402/14/2 4403/28/2 4404/1/2
f 4405/28/2 4406/26/2 4407/1/2
f 4408/26/2 4409/16/2 4410/61/2
f 4411/15/6 4412/15/6 4413/16/6
f 4414/17/1 4415/21/1 4416/18/1
f 4417/16/1 4418/26/1 4419/20/1
f 4420/15/1 4421/20/1 4422/21/1
f 4423/22/5 4424/22/5 4425/23/5
f 4426/7/5 4427/7/5 4428/11/5
f 4429/19/1 4430/18/1 4431/24/1
f 4432/8/6 4433/8/6 4434/14/6
f 4435/5/5 4436/5/5 4437/22/5
f 4438/17/6 4439/17/6 4440/15/6
f 4441/18/1 4442/7/1 4443/11/1
f 4444/21/1 4445/6/1 4446/7/1
f 4447/16/2 4448/16/2 4449/4/2
f 4450/20/1 4451/27/1 4452/6/1
f 4453/26/1 4454/28/1 4455/27/1
f 4456/28/1 4457/14/1 4458/8/1
f 4459/6/1 4460/31/1 4461/29/1
f 4462/5/1 4463/15/1 4464/17/1
f 4465/4/1 4466/16/1 4467/15/1
f 4468/23/1 4469/19/1 4470/25/1
f 4471/22/1 4472/17/1 4473/19/1
f 4474/7/1 4475/29/1 4476/12/1
f 4477/27/1 4478/8/1 4479/31/1
f 4480/23/5 4481/23/5 4482/30/5
f 4483/30/3 4484/30/3 4485/25/3
f 4486/31/6 4487/31/6 4488/8/6
f 4489/14/2 4490/14/2 4491/28/2
f 4492/29/6 4493/29/6 4494/31/6
f 4495/25/6 4496/25/6 4497/19/6
f 4498/27/5 4499/27/5 4500/6/5
f 4501/12/6 4502/12/6 4503/29/6
f 4504/4/5 4505/4/5 4506/5/5
f 4507/19/6 4508/19/6 4509/17/6
f 4510/28/5 4511/28/5 4512/27/5
f 4513/11/3 4514/11/3 4515/12/3
f 4516/9/6 4517/9/6 4518/10/6
f 4519/32/4 4520/38/4 4521/33/4
f 4522/35/4 4523/51/4 4524/36/4
f 4525/37/4 4526/36/4 4527/38/4
f 4528/39/6 4529/39/6 4530/40/6
f 4531/41/6 4532/41/6 4533/42/6
f 4534/34/4 4535/33/4 4536/43/4
f 4537/13/3 4538/13/3 4539/45/3
f 4540/34/5 4541/34/5 4542/32/5
f 4543/46/3 4544/46/3 4545/47/3
f 4546/33/4 4547/49/4 4548/48/4
f 4549/38/4 4550/50/4 4551/49/4
f 4552/42/6 4553/42/6 4554/50/6
f 4555/36/4 4556/42/4 4557/50/4
f 4558/51/4 4559/41/4 4560/42/4
f 4561/41/4 4562/62/4 4563/3/4
f 4564/50/4 4565/59/4 4566/52/4
f 4567/53/4 4568/37/4 4569/32/4
f 4570/55/4 4571/35/4 4572/37/4
f 4573/56/4 4574/34/4 4575/44/4
f 4576/54/4 4577/32/4 4578/34/4
f 4579/49/4 4580/52/4 4581/58/4
f 4582/42/4 4583/3/4 4584/59/4
f 4585/32/5 4586/32/5 4587/37/5
f 4588/60/2 4589/60/2 4590/61/2
f 4591/3/5 4592/3/5 4593/62/5
f 4594/49/6 4595/49/6 4596/48/6
f 4597/37/5 4598/37/5 4599/35/5
f 4600/58/5 4601/58/5 4602/52/5
f 4603/63/6 4604/63/6 4605/39/6
f 4606/50/29 4607/50/29 4608/49/29
f 4609/10/6 4610/10/6 4611/63/6
f 4612/59/5 4613/59/5 4614/3/5
f 4615/52/5 4616/52/5 4617/59/5
f 4618/44/5 4619/44/5 4620/34/5
f 4621/1/1 4622/1/1 4623/2/1
f 4624/30/2 4625/58/2 4626/52/2
f 4627/59/2 4628/3/2 4629/5/2
f 4630/3/2 4631/62/2 4632/4/2
f 4633/30/2 4634/52/2 4635/23/2
f 4636/52/2 4637/59/2 4638/23/2
f 4639/5/2 4640/22/2 4641/59/2
f 4642/22/2 4643/23/2 4644/59/2
f 4645/6/2 4646/6/2 4647/7/2
f 4648/40/3 4649/12/3 4650/29/3
f 4651/31/3 4652/8/3 4653/10/3
f 4654/8/3 4655/14/3 4656/9/3
f 4657/40/3 4658/29/3 4659/39/3
f 4660/29/3 4661/31/3 4662/39/3
f 4663/10/3 4664/63/3 4665/31/3
f 4666/63/3 4667/39/3 4668/31/3
f 4669/46/4 4670/47/4 4671/30/4
f 4672/25/4 4673/24/4 4674/64/4
f 4675/24/4 4676/11/4 4677/64/4
f 4678/46/4 4679/30/4 4680/25/4
f 4681/13/4 4682/45/4 4683/11/4
f 4684/45/4 4685/64/4 4686/11/4
f 4687/64/4 4688/46/4 4689/25/4
f 4690/16/1 4691/4/1 4692/60/1
f 4693/61/1 4694/65/1 4695/26/1
f 4696/65/1 4697/1/1 4698/26/1
f 4699/16/1 4700/60/1 4701/61/1
f 4702/14/1 4703/28/1 4704/1/1
f 4705/28/1 4706/26/1 4707/1/1
f 4708/26/1 4709/16/1 4710/61/1
f 4711/15/3 4712/15/3 4713/16/3
f 4714/17/5 4715/21/5 4716/18/5
f 4717/16/5 4718/26/5 4719/20/5
f 4720/15/5 4721/20/5 4722/21/5
f 4723/22/2 4724/22/2 4725/23/2
f 4726/7/2 4727/7/2 4728/11/2
f 4729/19/5 4730/18/5 4731/24/5
f 4732/8/3 4733/8/3 4734/14/3
f 4735/5/2 4736/5/2 4737/22/2
f 4738/17/3 4739/17/3 4740/15/3
f 4741/18/5 4742/7/5 4743/11/5
f 4744/21/5 4745/6/5 4746/7/5
f 4747/16/1 4748/16/1 4749/4/1
f 4750/20/5 4751/27/5 4752/6/5
f 4753/26/5 4754/28/5 4755/27/5
f 4756/28/5 4757/14/5 4758/8/5
f 4759/6/5 4760/31/5 4761/29/5
f 4762/5/5 4763/15/5 4764/17/5
f 4765/4/5 4766/16/5 4767/15/5
f 4768/23/5 4769/19/5 4770/25/5
f 4771/22/5 4772/17/5 4773/19/5
f 4774/7/5 4775/29/5 4776/12/5
f 4777/27/5 4778/8/5 4779/31/5
f 4780/23/2 4781/23/2 4782/30/2
f 4783/30/4 4784/30/4 4785/25/4
f 4786/31/3 4787/31/3 4788/8/3
f 4789/14/1 4790/14/1 4791/28/1
f 4792/29/3 4793/29/3 4794/31/3
f 4795/25/3 4796/25/3 4797/19/3
f 4798/27/2 4799/27/2 4800/6/2
f 4801/12/3 4802/12/3 4803/29/3
f 4804/4/2 4805/4/2 4806/5/2
f 4807/19/3 4808/19/3 4809/17/3
f 4810/28/2 4811/28/2 4812/27/2
f 4813/11/4 4814/11/4 4815/12/4
f 4816/9/3 4817/9/3 4818/10/3
f 4819/32/6 4820/38/6 4821/33/6
f 4822/35/6 4823/51/6 4824/36/6
f 4825/37/6 4826/36/6 4827/38/6
f 4828/39/3 4829/39/3 4830/40/3
f 4831/41/3 4832/41/3 4833/42/3
f 4834/34/6 4835/33/6 4836/43/6
f 4837/13/4 4838/13/4 4839/45/4
f 4840/34/2 4841/34/2 4842/32/2
f 4843/46/4 4844/46/4 4845/47/4
f 4846/33/6 4847/49/6 4848/48/6
f 4849/38/6 4850/50/6 4851/49/6
f 4852/42/3 4853/42/3 4854/50/3
f 4855/36/6 4856/42/6 4857/50/6
f 4858/51/6 4859/41/6 4860/42/6
f 4861/41/6 4862/62/6 4863/3/6
f 4864/50/6 4865/59/6 4866/52/6
f 4867/53/6 4868/37/6 4869/32/6
f 4870/55/6 4871/35/6 4872/37/6
f 4873/56/6 4874/34/6 4875/44/6
f 4876/54/6 4877/32/6 4878/34/6
f 4879/49/6 4880/52/6 4881/58/6
f 4882/42/6 4883/3/6 4884/59/6
f 4885/32/2 4886/32/2 4887/37/2
f 4888/60/1 4889/60/1 4890/61/1
f 4891/3/2 4892/3/2 4893/62/2
f 4894/49/3 4895/49/3 4896/48/3
f 4897/37/2 4898/37/2 4899/35/2
f 4900/58/2 4901/58/2 4902/52/2
f 4903/63/3 4904/63/3 4905/39/3
f 4906/50/3 4907/50/3 4908/49/3
f 4909/10/3 4910/10/3 4911/63/3
f 4912/59/2 4913/59/2 4914/3/2
f 4915/52/2 4916/52/2 4917/59/2
f 4918/44/2 4919/44/2 4920/34/2
f 4921/1/2 4922/1/2 4923/2/2
f 4924/30/5 4925/58/5 4926/52/5
f 4927/59/5 4928/3/5 4929/22/5
f 4930/3/5 4931/62/5 4932/5/5
f 4933/22/5 4934/3/5 4935/5/5
f 4936/30/5 4937/52/5 4938/23/5
f 4939/52/5 4940/59/5 4941/23/5
f 4942/22/5 4943/23/5 4944/59/5
f 4945/6/5 4946/6/5 4947/7/5
f 4948/40/6 4949/12/6 4950/29/6
f 4951/31/6 4952/8/6 4953/63/6
f 4954/8/6 4955/14/6 4956/10/6
f 4957/31/6 4958/63/6 4959/39/6
f 4960/40/6 4961/29/6 4962/39/6
f 4963/29/6 4964/31/6 4965/39/6
f 4966/14/6 4967/9/6 4968/10/6
f 4969/46/3 4970/47/3 4971/30/3
f 4972/25/3 4973/24/3 4974/64/3
f 4975/24/3 4976/11/3 4977/64/3
f 4978/46/3 4979/30/3 4980/25/3
f 4981/13/3 4982/45/3 4983/11/3
f 4984/45/3 4985/64/3 4986/11/3
f 4987/64/3 4988/46/3 4989/25/3
f 4990/16/2 4991/4/2 4992/60/2
f 4993/61/2 4994/65/2 4995/26/2
f 4996/65/2 4997/1/2 4998/26/2
f 4999/16/2 5000/60/2 5001/61/2
f 5002/14/2 5003/28/2 5004/1/2
f 5005/28/2 5006/26/2 5007/1/2
f 5008/26/2 5009/16/2 5010/61/2
f 5011/15/6 5012/15/6 5013/16/6
f 5014/17/1 5015/21/1 5016/18/1
f 5017/16/1 5018/26/1 5019/20/1
f 5020/15/1 5021/20/1 5022/21/1
f 5023/22/5 5024/22/5 5025/23/5
f 5026/7/5 5027/7/5 5028/11/5
f 5029/19/1 5030/18/1 5031/24/1
f 5032/8/6 5033/8/6 5034/14/6
f 5035/5/5 5036/5/5 5037/22/5
f 5038/17/30 5039/17/30 5040/15/30
f 5041/18/1 5042/7/1 5043/11/1
f 5044/21/1 5045/6/1 5046/7/1
f 5047/16/2 5048/16/2 5049/4/2
f 5050/20/1 5051/27/1 5052/6/1
f 5053/26/1 5054/28/1 5055/27/1
f 5056/28/1 5057/14/1 5058/8/1
f 5059/6/1 5060/31/1 5061/29/1
f 5062/5/1 5063/15/1 5064/17/1
f 5065/4/1 5066/16/1 5067/15/1
f 5068/23/1 5069/19/1 5070/25/1
f 5071/22/1 5072/17/1 5073/19/1
f 5074/7/1 5075/29/1 5076/12/1
f 5077/27/1 5078/8/1 5079/31/1
f 5080/23/5 5081/23/5 5082/30/5
f 5083/30/3 5084/30/3 5085/25/3
f 5086/31/6 5087/31/6 5088/8/6
f 5089/14/2 5090/14/2 5091/28/2
f 5092/29/6 5093/29/6 5094/31/6
f 5095/25/6 5096/25/6 5097/19/6
f 5098/27/5 5099/27/5 5100/6/5
f 5101/12/6 5102/12/6 5103/29/6
f 5104/4/5 5105/4/5 5106/5/5
f 5107/19/6 5108/19/6 5109/17/6
f 5110/28/5 5111/28/5 5112/27/5
f 5113/11/3 5114/11/3 5115/12/3
f 5116/9/6 5117/9/6 5118/10/6
f 5119/32/4 5120/38/4 5121/33/4
f 5122/35/4 5123/51/4 5124/36/4
f 5125/37/4 5126/36/4 5127/38/4
f 5128/39/6 5129/39/6 5130/40/6
f 5131/41/6 5132/41/6 5133/42/6
f 5134/34/4 5135/33/4 5136/43/4
f 5137/13/3 5138/13/3 5139/45/3
f 5140/34/5 5141/34/5 5142/32/5
f 5143/46/3 5144/46/3 5145/47/3
f 5146/33/4 5147/49/4 5148/48/4
f 5149/38/4 5150/50/4 5151/49/4
f 5152/42/6 5153/42/6 5154/50/6
f 5155/36/4 5156/42/4 5157/50/4
f 5158/51/4 5159/41/4 5160/42/4
f 5161/41/4 5162/62/4 5163/3/4
f 5164/50/4 5165/59/4 5166/52/4
f 5167/53/4 5168/37/4 5169/32/4
f 5170/55/4 5171/35/4 5172/37/4
f 5173/56/4 5174/34/4 5175/44/4
f 5176/54/4 5177/32/4 5178/34/4
f 5179/49/4 5180/52/4 5181/58/4
f 5182/42/4 5183/3/4 5184/59/4
f 5185/32/5 5186/32/5 5187/37/5
f 5188/60/2 5189/60/2 5190/61/2
f 5191/3/5 5192/3/5 5193/62/5
f 5194/49/6 5195/49/6 5196/48/6
f 5197/37/5 5198/37/5 5199/35/5
f 5200/58/5 5201/58/5 5202/52/5
f 5203/63/6 5204/63/6 5205/39/6
f 5206/50/6 5207/50/6 5208/49/6
f 5209/10/6 5210/10/6 5211/63/6
f 5212/59/5 5213/59/5 5214/3/5
f 5215/52/5 5216/52/5 5217/59/5
f 5218/44/5 5219/44/5 5220/34/5
f 5221/1/2 5222/1/2 5223/2/2
f 5224/30/5 5225/58/5 5226/52/5
f 5227/52/5 5228/59/5 5229/22/5
f 5230/59/5 5231/3/5 5232/22/5
f 5233/23/5 5234/30/5 5235/52/5
f 5236/4/5 5237/5/5 5238/3/5
f 5239/5/5 5240/22/5 5241/3/5
f 5242/22/5 5243/23/5 5244/52/5
f 5245/6/5 5246/6/5 5247/7/5
f 5248/40/6 5249/12/6 5250/29/6
f 5251/31/6 5252/8/6 5253/63/6
f 5254/8/6 5255/14/6 5256/10/6
f 5257/31/6 5258/39/6 5259/29/6
f 5260/40/6 5261/29/6 5262/39/6
f 5263/63/6 5264/39/6 5265/31/6
f 5266/63/6 5267/8/6 5268/10/6
f 5269/46/3 5270/47/3 5271/30/3
f 5272/25/3 5273/24/3 5274/64/3
f 5275/24/3 5276/11/3 5277/64/3
f 5278/46/3 5279/30/3 5280/25/3
f 5281/13/3 5282/45/3 5283/11/3
f 5284/45/3 5285/64/3 5286/11/3
f 5287/64/3 5288/46/3 5289/25/3
f 5290/16/2 5291/4/2 5292/60/2
f 5293/61/2 5294/65/2 5295/26/2
f 5296/65/2 5297/1/2 5298/26/2
f 5299/16/2 5300/60/2 5301/61/2
f 5302/14/2 5303/28/2 5304/1/2
f 5305/28/2 5306/26/2 5307/1/2
f 5308/26/2 5309/16/2 5310/61/2
f 5311/15/6 5312/15/6 5313/16/6
f 5314/17/1 5315/21/1 5316/18/1
f 5317/16/1 5318/26/1 5319/20/1
f 5320/15/1 5321/20/1 5322/21/1
f 5323/22/5 5324/22/5 5325/23/5
f 5326/7/5 5327/7/5 5328/11/5
f 5329/19/1 5330/18/1 5331/24/1
f 5332/8/6 5333/8/6 5334/14/6
f 5335/5/5 5336/5/5 5337/22/5
f 5338/17/6 5339/17/6 5340/15/6
f 5341/18/1 5342/7/1 5343/11/1
f 5344/21/1 5345/6/1 5346/7/1
f 5347/16/2 5348/16/2 5349/4/2
f 5350/20/1 5351/27/1 5352/6/1
f 5353/26/1 5354/28/1 5355/27/1
f 5356/28/1 5357/14/1 5358/8/1
f 5359/6/1 5360/31/1 5361/29/1
f 5362/5/1 5363/15/1 5364/17/1
f 5365/4/1 5366/16/1 5367/15/1
f 5368/23/1 5369/19/1 5370/25/1
f 5371/22/1 5372/17/1 5373/19/1
f 5374/7/1 5375/29/1 5376/12/1
f 5377/27/1 5378/8/1 5379/31/1
f 5380/23/5 5381/23/5 5382/30/5
f 5383/30/3 5384/30/3 5385/25/3
f 5386/31/6 5387/31/6 5388/8/6
f 5389/14/2 5390/14/2 5391/28/2
f 5392/29/6 5393/29/6 5394/31/6
f 5395/25/10 5396/25/10 5397/19/10
f 5398/27/5 5399/27/5 5400/6/5
f 5401/12/6 5402/12/6 5403/29/6
f 5404/4/5 5405/4/5 5406/5/5
f 5407/19/6 5408/19/6 5409/17/6
f 5410/28/5 5411/28/5 5412/27/5
f 5413/11/3 5414/11/3 5415/12/3
f 5416/9/6 5417/9/6 5418/10/6
f 5419/32/4 5420/38/4 5421/33/4
f 5422/35/4 5423/51/4 5424/36/4
f 5425/37/4 5426/36/4 5427/38/4
f 5428/39/6 5429/39/6 5430/40/6
f 5431/41/6 5432/41/6 5433/42/6
f 5434/34/4 5435/33/4 5436/43/4
f 5437/13/3 5438/13/3 5439/45/3
f 5440/34/31 5441/34/31 5442/32/31
f 5443/46/3 5444/46/3 5445/47/3
f 5446/33/4 5447/49/4 5448/48/4
f 5449/38/4 5450/50/4 5451/49/4
f 5452/42/6 5453/42/6 5454/50/6
f 5455/36/4 5456/42/4 5457/50/4
f 5458/51/4 5459/41/4 5460/42/4
f 5461/41/4 5462/62/4 5463/3/4
f 5464/50/4 5465/59/4 5466/52/4
f 5467/53/4 5468/37/4 5469/32/4
f 5470/55/4 5471/35/4 5472/37/4
f 5473/56/4 5474/34/4 5475/44/4
f 5476/54/4 5477/32/4 5478/34/4
f 5479/49/4 5480/52/4 5481/58/4
f 5482/42/4 5483/3/4 5484/59/4
f 5485/32/5 5486/32/5 5487/37/5
f 5488/60/2 5489/60/2 5490/61/2
f 5491/3/5 5492/3/5 5493/62/5
f 5494/49/6 5495/49/6 5496/48/6
f 5497/37/5 5498/37/5 5499/35/5
f 5500/58/5 5501/58/5 5502/52/5
f 5503/63/6 5504/63/6 5505/39/6
f 5506/50/32 5507/50/32 5508/49/32
f 5509/10/6 5510/10/6 5511/63/6
f 5512/59/5 5513/59/5 5514/3/5
f 5515/52/13 5516/52/13 5517/59/13
f 5518/44/5 5519/44/5 5520/34/5
f 5521/1/1 5522/1/1 5523/2/1
f 5524/30/2 5525/58/2 5526/52/2
f 5527/59/2 5528/3/2 5529/5/2
f 5530/3/2 5531/62/2 5532/4/2
f 5533/30/2 5534/52/2 5535/23/2
f 5536/52/2 5537/59/2 5538/23/2
f 5539/5/2 5540/22/2 5541/59/2
f 5542/22/2 5543/23/2 5544/59/2
f 5545/6/2 5546/6/2 5547/7/2
f 5548/40/3 5549/12/3 5550/29/3
f 5551/31/3 5552/8/3 5553/10/3
f 5554/8/3 5555/14/3 5556/9/3
f 5557/40/3 5558/29/3 5559/39/3
f 5560/29/3 5561/31/3 5562/39/3
f 5563/10/3 5564/63/3 5565/31/3
f 5566/63/3 5567/39/3 5568/31/3
f 5569/46/4 5570/47/4 5571/30/4
f 5572/25/4 5573/24/4 5574/64/4
f 5575/24/4 5576/11/4 5577/64/4
f 5578/46/4 5579/30/4 5580/25/4
f 5581/13/4 5582/45/4 5583/11/4
f 5584/45/4 5585/64/4 5586/11/4
f 5587/64/4 5588/46/4 5589/25/4
f 5590/16/1 5591/4/1 5592/60/1
f 5593/61/1 5594/65/1 5595/26/1
f 5596/65/1 5597/1/1 5598/26/1
f 5599/16/1 5600/60/1 5601/61/1
f 5602/14/1 5603/28/1 5604/1/1
f 5605/28/1 5606/26/1 5607/1/1
f 5608/26/1 5609/16/1 5610/61/1
f 5611/15/3 5612/15/3 5613/16/3
f 5614/17/5 5615/21/5 5616/18/5
f 5617/16/5 5618/26/5 5619/20/5
f 5620/15/5 5621/20/5 5622/21/5
f 5623/22/2 5624/22/2 5625/23/2
f 5626/7/2 5627/7/2 5628/11/2
f 5629/19/5 5630/18/5 5631/24/5
f 5632/8/3 5633/8/3 5634/14/3
f 5635/5/2 5636/5/2 5637/22/2
f 5638/17/3 5639/17/3 5640/15/3
f 5641/18/5 5642/7/5 5643/11/5
f 5644/21/5 5645/6/5 5646/7/5
f 5647/16/1 5648/16/1 5649/4/1
f 5650/20/5 5651/27/5 5652/6/5
f 5653/26/5 5654/28/5 5655/27/5
f 5656/28/5 5657/14/5 5658/8/5
f 5659/6/5 5660/31/5 5661/29/5
f 5662/5/5 5663/15/5 5664/17/5
f 5665/4/5 5666/16/5 5667/15/5
f 5668/23/5 5669/19/5 5670/25/5
f 5671/22/5 5672/17/5 5673/19/5
f 5674/7/5 5675/29/5 5676/12/5
f 5677/27/5 5678/8/5 5679/31/5
f 5680/23/2 5681/23/2 5682/30/2
f 5683/30/4 5684/30/4 5685/25/4
f 5686/31/3 5687/31/3 5688/8/3
f 5689/14/1 5690/14/1 5691/28/1
f 5692/29/3 5693/29/3 5694/31/3
f 5695/25/3 5696/25/3 5697/19/3
f 5698/27/2 5699/27/2 5700/6/2
f 5701/12/3 5702/12/3 5703/29/3
f 5704/4/2 5705/4/2 5706/5/2
f 5707/19/3 5708/19/3 5709/17/3
f 5710/28/2 5711/28/2 5712/27/2
f 5713/11/4 5714/11/4 5715/12/4
f 5716/9/3 5717/9/3 5718/10/3
f 5719/32/6 5720/38/6 5721/33/6
f 5722/35/6 5723/51/6 5724/36/6
f 5725/37/6 5726/36/6 5727/38/6
f 5728/39/3 5729/39/3 5730/40/3
f 5731/41/3 5732/41/3 5733/42/3
f 5734/34/6 5735/33/6 5736/43/6
f 5737/13/4 5738/13/4 5739/45/4
f 5740/34/2 5741/34/2 5742/32/2
f 5743/46/4 5744/46/4 5745/47/4
f 5746/33/6 5747/49/6 5748/48/6
f 5749/38/6 5750/50/6 5751/49/6
f 5752/42/3 5753/42/3 5754/50/3
f 5755/36/6 5756/42/6 5757/50/6
f 5758/51/6 5759/41/6 5760/42/6
f 5761/41/6 5762/62/6 5763/3/6
f 5764/50/6 5765/59/6 5766/52/6
f 5767/53/6 5768/37/6 5769/32/6
f 5770/55/6 5771/35/6 5772/37/6
f 5773/56/6 5774/34/6 5775/44/6
f 5776/54/6 5777/32/6 5778/34/6
f 5779/49/6 5780/52/6 5781/58/6
f 5782/42/6 5783/3/6 5784/59/6
f 5785/32/2 5786/32/2 5787/37/2
f 5788/60/1 5789/60/1 5790/61/1
f 5791/3/2 5792/3/2 5793/62/2
f 5794/49/3 5795/49/3 5796/48/3
f 5797/37/2 5798/37/2 5799/35/2
f 5800/58/2 5801/58/2 5802/52/2
f 5803/63/3 5804/63/3 5805/39/3
f 5806/50/3 5807/50/3 5808/49/3
f 5809/10/3 5810/10/3 5811/63/3
f 5812/59/2 5813/59/2 5814/3/2
f 5815/52/2 5816/52/2 5817/59/2
f 5818/44/2 5819/44/2 5820/34/2
f 5821/1/2 5822/1/2 5823/2/2
f 5824/30/33 5825/58/33 5826/52/33
f 5827/59/5 5828/3/5 5829/22/5
f 5830/3/5 5831/62/5 5832/5/5
f 5833/22/5 5834/3/5 5835/5/5
f 5836/30/5 5837/52/5 5838/23/5
f 5839/52/5 5840/59/5 5841/23/5
f 5842/22/5 5843/23/5 5844/59/5
f 5845/6/5 5846/6/5 5847/7/5
f 5848/40/34 5849/12/34 5850/29/34
f 5851/31/6 5852/8/6 5853/10/6
f 5854/8/6 5855/14/6 5856/10/6
f 5857/31/6 5858/10/6 5859/63/6
f 5860/40/35 5861/29/35 5862/39/35
f 5863/29/6 5864/31/6 5865/39/6
f 5866/63/6 5867/39/6 5868/31/6
f 5869/46/3 5870/47/3 5871/30/3
f 5872/25/3 5873/24/3 5874/64/3
f 5875/24/3 5876/11/3 5877/64/3
f 5878/46/3 5879/30/3 5880/25/3
f 5881/13/3 5882/45/3 5883/11/3
f 5884/45/3 5885/64/3 5886/11/3
f 5887/64/3 5888/46/3 5889/25/3
f 5890/16/2 5891/4/2 5892/60/2
f 5893/61/2 5894/65/2 5895/26/2
f 5896/65/2 5897/1/2 5898/26/2
f 5899/16/2 5900/60/2 5901/61/2
f 5902/14/2 5903/28/2 5904/1/2
f 5905/28/2 5906/26/2 5907/1/2
f 5908/26/2 5909/16/2 5910/61/2
f 5911/15/6 5912/15/6 5913/16/6
f 5914/17/1 5915/21/1 5916/18/1
f 5917/16/1 5918/26/1 5919/20/1
f 5920/15/1 5921/20/1 5922/21/1
f 5923/22/5 5924/22/5 5925/23/5
f 5926/7/5 5927/7/5 5928/11/5
f 5929/19/1 5930/18/1 5931/24/1
f 5932/8/6 5933/8/6 5934/14/6
f 5935/5/9 5936/5/9 5937/22/9
f 5938/17/36 5939/17/36 5940/15/36
f 5941/18/1 5942/7/1 5943/11/1
f 5944/21/1 5945/6/1 5946/7/1
f 5947/16/2 5948/16/2 5949/4/2
f 5950/20/1 5951/27/1 5952/6/1
f 5953/26/1 5954/28/1 5955/27/1
f 5956/28/1 5957/14/1 5958/8/1
f 5959/6/1 5960/31/1 5961/29/1
f 5962/5/1 5963/15/1 5964/17/1
f 5965/4/1 5966/16/1 5967/15/1
f 5968/23/1 5969/19/1 5970/25/1
f 5971/22/1 5972/17/1 5973/19/1
f 5974/7/1 5975/29/1 5976/12/1
f 5977/27/1 5978/8/1 5979/31/1
f 5980/23/5 5981/23/5 5982/30/5
f 5983/30/3 5984/30/3 5985/25/3
f 5986/31/6 5987/31/6 5988/8/6
f 5989/14/2 5990/14/2 5991/28/2
f 5992/29/6 5993/29/6 5994/31/6
f 5995/25/6 5996/25/6 5997/19/6
f 5998/27/37 5999/27/37 6000/6/37
f 6001/12/6 6002/12/6 6003/29/6
f 6004/4/5 6005/4/5 6006/5/5
f 6007/19/6 6008/19/6 6009/17/6
f 6010/28/5 6011/28/5 6012/27/5
f 6013/11/3 6014/11/3 6015/12/3
f 6016/9/6 6017/9/6 6018/10/6
f 6019/32/4 6020/38/4 6021/33/4
f 6022/35/4 6023/51/4 6024/36/4
f 6025/37/4 6026/36/4 6027/38/4
f 6028/39/6 6029/39/6 6030/40/6
f 6031/41/6 6032/41/6 6033/42/6
f 6034/34/4 6035/33/4 6036/43/4
f 6037/13/3 6038/13/3 6039/45/3
f 6040/34/5 6041/34/5 6042/32/5
f 6043/46/3 6044/46/3 6045/47/3
f 6046/33/4 6047/49/4 6048/48/4
f 6049/38/4 6050/50/4 6051/49/4
f 6052/42/6 6053/42/6 6054/50/6
f 6055/36/4 6056/42/4 6057/50/4
f 6058/51/4 6059/41/4 6060/42/4
f 6061/41/4 6062/62/4 6063/3/4
f 6064/50/4 6065/59/4 6066/52/4
f 6067/53/4 6068/37/4 6069/32/4
f 6070/55/4 6071/35/4 6072/37/4
f 6073/56/4 6074/34/4 6075/44/4
f 6076/54/4 6077/32/4 6078/34/4
f 6079/49/4 6080/52/4 6081/58/4
f 6082/42/4 6083/3/4 6084/59/4
f 6085/32/5 6086/32/5 6087/37/5
f 6088/60/2 6089/60/2 6090/61/2
f 6091/3/5 6092/3/5 6093/62/5
f 6094/49/6 6095/49/6 6096/48/6
f 6097/37/5 6098/37/5 6099/35/5
f 6100/58/5 6101/58/5 6102/52/5
f 6103/63/6 6104/63/6 6105/39/6
f 6106/50/6 6107/50/6 6108/49/6
f 6109/10/6 6110/10/6 6111/63/6
f 6112/59/5 6113/59/5 6114/3/5
f 6115/52/5 6116/52/5 6117/59/5
f 6118/44/5 6119/44/5 6120/34/5
f 6121/1/2 6122/1/2 6123/2/2
f 6124/30/5 6125/58/5 6126/52/5
f 6127/52/5 6128/59/5 6129/22/5
f 6130/59/5 6131/3/5 6132/22/5
f 6133/23/5 6134/30/5 6135/52/5
f 6136/4/5 6137/5/5 6138/3/5
f 6139/5/5 6140/22/5 6141/3/5
f 6142/22/5 6143/23/5 6144/52/5
f 6145/6/5 6146/6/5 6147/7/5
f 6148/40/6 6149/12/6 6150/29/6
f 6151/31/6 6152/8/6 6153/63/6
f 6154/8/6 6155/14/6 6156/10/6
f 6157/63/6 6158/8/6 6159/10/6
f 6160/40/6 6161/29/6 6162/39/6
f 6163/29/6 6164/31/6 6165/39/6
f 6166/63/6 6167/39/6 6168/31/6
f 6169/46/3 6170/47/3 6171/30/3
f 6172/25/3 6173/24/3 6174/64/3
f 6175/24/3 6176/11/3 6177/64/3
f 6178/46/3 6179/30/3 6180/25/3
f 6181/13/3 6182/45/3 6183/11/3
f 6184/45/3 6185/64/3 6186/11/3
f 6187/64/3 6188/46/3 6189/25/3
f 6190/16/2 6191/4/2 6192/60/2
f 6193/61/2 6194/65/2 6195/26/2
f 6196/65/2 6197/1/2 6198/26/2
f 6199/16/2 6200/60/2 6201/61/2
f 6202/14/2 6203/28/2 6204/1/2
f 6205/28/2 6206/26/2 6207/1/2
f 6208/26/2 6209/16/2 6210/61/2
f 6211/15/6 6212/15/6 6213/16/6
f 6214/17/1 6215/21/1 6216/18/1
f 6217/16/1 6218/26/1 6219/20/1
f 6220/15/1 6221/20/1 6222/21/1
f 6223/22/5 6224/22/5 6225/23/5
f 6226/7/5 6227/7/5 6228/11/5
f 6229/19/1 6230/18/1 6231/24/1
f 6232/8/6 6233/8/6 6234/14/6
f 6235/5/5 6236/5/5 6237/22/5
f 6238/17/6 6239/17/6 6240/15/6
f 6241/18/1 6242/7/1 6243/11/1
f 6244/21/1 6245/6/1 6246/7/1
f 6247/16/2 6248/16/2 6249/4/2
f 6250/20/1 6251/27/1 6252/6/1
f 6253/26/1 6254/28/1 6255/27/1
f 6256/28/1 6257/14/1 6258/8/1
f 6259/6/1 6260/31/1 6261/29/1
f 6262/5/1 6263/15/1 6264/17/1
f 6265/4/1 6266/16/1 6267/15/1
f 6268/23/1 6269/19/1 6270/25/1
f 6271/22/1 6272/17/1 6273/19/1
f 6274/7/1 6275/29/1 6276/12/1
f 6277/27/1 6278/8/1 6279/31/1
f 6280/23/5 6281/23/5 6282/30/5
f 6283/30/3 6284/30/3 6285/25/3
f 6286/31/6 6287/31/6 6288/8/6
f 6289/14/2 6290/14/2 6291/28/2
f 6292/29/6 6293/29/6 6294/31/6
f 6295/25/6 6296/25/6 6297/19/6
f 6298/27/5 6299/27/5 6300/6/5
f 6301/12/6 6302/12/6 6303/29/6
f 6304/4/5 6305/4/5 6306/5/5
f 6307/19/6 6308/19/6 6309/17/6
f 6310/28/5 6311/28/5 6312/27/5
f 6313/11/3 6314/11/3 6315/12/3
f 6316/9/6 6317/9/6 6318/10/6
f 6319/32/4 6320/38/4 6321/33/4
f 6322/35/4 6323/51/4 6324/36/4
f 6325/37/4 6326/36/4 6327/38/4
f 6328/39/6 6329/39/6 6330/40/6
f 6331/41/6 6332/41/6 6333/42/6
f 6334/34/4 6335/33/4 6336/43/4
f 6337/13/3 6338/13/3 6339/45/3
f 6340/34/38 6341/34/38 6342/32/38
f 6343/46/3 6344/46/3 6345/47/3
f 6346/33/4 6347/49/4 6348/48/4
f 6349/38/4 6350/50/4 6351/49/4
f 6352/42/6 6353/42/6 6354/50/6
f 6355/36/4 6356/42/4 6357/50/4
f 6358/51/4 6359/41/4 6360/42/4
f 6361/41/4 6362/62/4 6363/3/4
f 6364/50/4 6365/59/4 6366/52/4
f 6367/53/4 6368/37/4 6369/32/4
f 6370/55/4 6371/35/4 6372/37/4
f 6373/56/4 6374/34/4 6375/44/4
f 6376/54/4 6377/32/4 6378/34/4
f 6379/49/4 6380/52/4 6381/58/4
f 6382/42/4 6383/3/4 6384/59/4
f 6385/32/5 6386/32/5 6387/37/5
f 6388/60/2 6389/60/2 6390/61/2
f 6391/3/5 6392/3/5 6393/62/5
f 6394/49/6 6395/49/6 6396/48/6
f 6397/37/5 6398/37/5 6399/35/5
f 6400/58/5 6401/58/5 6402/52/5
f 6403/63/6 6404/63/6 6405/39/6
f 6406/50/6 6407/50/6 6408/49/6
f 6409/10/6 6410/10/6 6411/63/6
f 6412/59/5 6413/59/5 6414/3/5
f 6415/52/5 6416/52/5 6417/59/5
f 6418/44/5 6419/44/5 6420/34/5
f 6421/1/1 6422/1/1 6423/2/1
f 6424/30/2 6425/58/2 6426/52/2
f 6427/59/2 6428/3/2 6429/5/2
f 6430/3/2 6431/62/2 6432/4/2
f 6433/30/2 6434/52/2 6435/23/2
f 6436/52/2 6437/59/2 6438/23/2
f 6439/5/2 6440/22/2 6441/59/2
f 6442/22/2 6443/23/2 6444/59/2
f 6445/6/2 6446/6/2 6447/7/2
f 6448/40/3 6449/12/3 6450/29/3
f 6451/31/3 6452/8/3 6453/10/3
f 6454/8/3 6455/14/3 6456/9/3
f 6457/40/3 6458/29/3 6459/39/3
f 6460/29/3 6461/31/3 6462/39/3
f 6463/10/3 6464/63/3 6465/31/3
f 6466/63/3 6467/39/3 6468/31/3
f 6469/46/4 6470/47/4 6471/30/4
f 6472/25/4 6473/24/4 6474/64/4
f 6475/24/4 6476/11/4 6477/64/4
f 6478/46/4 6479/30/4 6480/25/4
f 6481/13/4 6482/45/4 6483/11/4
f 6484/45/4 6485/64/4 6486/11/4
f 6487/64/4 6488/46/4 6489/25/4
f 6490/16/1 6491/4/1 6492/60/1
f 6493/61/1 6494/65/1 6495/26/1
f 6496/65/1 6497/1/1 6498/26/1
f 6499/16/1 6500/60/1 6501/61/1
f 6502/14/1 6503/28/1 6504/1/1
f 6505/28/1 6506/26/1 6507/1/1
f 6508/26/1 6509/16/1 6510/61/1
f 6511/15/3 6512/15/3 6513/16/3
f 6514/17/5 6515/21/5 6516/18/5
f 6517/16/5 6518/26/5 6519/20/5
f 6520/15/5 6521/20/5 6522/21/5
f 6523/22/2 6524/22/2 6525/23/2
f 6526/7/2 6527/7/2 6528/11/2
f 6529/19/5 6530/18/5 6531/24/5
f 6532/8/3 6533/8/3 6534/14/3
f 6535/5/2 6536/5/2 6537/22/2
f 6538/17/3 6539/17/3 6540/15/3
f 6541/18/5 6542/7/5 6543/11/5
f 6544/21/5 6545/6/5 6546/7/5
f 6547/16/1 6548/16/1 6549/4/1
f 6550/20/5 6551/27/5 6552/6/5
f 6553/26/5 6554/28/5 6555/27/5
f 6556/28/5 6557/14/5 6558/8/5
f 6559/6/5 6560/31/5 6561/29/5
f 6562/5/5 6563/15/5 6564/17/5
f 6565/4/5 6566/16/5 6567/15/5
f 6568/23/5 6569/19/5 6570/25/5
f 6571/22/5 6572/17/5 6573/19/5
f 6574/7/5 6575/29/5 6576/12/5
f 6577/27/5 6578/8/5 6579/31/5
f 6580/23/2 6581/23/2 6582/30/2
f 6583/30/4 6584/30/4 6585/25/4
f 6586/31/3 6587/31/3 6588/8/3
f 6589/14/1 6590/14/1 6591/28/1
f 6592/29/3 6593/29/3 6594/31/3
f 6595/25/3 6596/25/3 6597/19/3
f 6598/27/2 6599/27/2 6600/6/2
f 6601/12/3 6602/12/3 6603/29/3
f 6604/4/2 6605/4/2 6606/5/2
f 6607/19/3 6608/19/3 6609/17/3
f 6610/28/2 6611/28/2 6612/27/2
f 6613/11/4 6614/11/4 6615/12/4
f 6616/9/3 6617/9/3 6618/10/3
f 6619/32/6 6620/38/6 6621/33/6
f 6622/35/6 6623/51/6 6624/36/6
f 6625/37/6 6626/36/6 6627/38/6
f 6628/39/3 6629/39/3 6630/40/3
f 6631/41/3 6632/41/3 6633/42/3
f 6634/34/6 6635/33/6 6636/43/6
f 6637/13/4 6638/13/4 6639/45/4
f 6640/34/2 6641/34/2 6642/32/2
f 6643/46/4 6644/46/4 6645/47/4
f 6646/33/6 6647/49/6 6648/48/6
f 6649/38/6 6650/50/6 6651/49/6
f 6652/42/3 6653/42/3 6654/50/3
f 6655/36/6 6656/42/6 6657/50/6
f 6658/51/6 6659/41/6 6660/42/6
f 6661/41/6 6662/62/6 6663/3/6
f 6664/50/6 6665/59/6 6666/52/6
f 6667/53/6 6668/37/6 6669/32/6
f 6670/55/6 6671/35/6 6672/37/6
f 6673/56/6 6674/34/6 6675/44/6
f 6676/54/6 6677/32/6 6678/34/6
f 6679/49/6 6680/52/6 6681/58/6
f 6682/42/6 6683/3/6 6684/59/6
f 6685/32/2 6686/32/2 6687/37/2
f 6688/60/1 6689/60/1 6690/61/1
f 6691/3/2 6692/3/2 6693/62/2
f 6694/49/3 6695/49/3 6696/48/3
f 6697/37/2 6698/37/2 6699/35/2
f 6700/58/2 6701/58/2 6702/52/2
f 6703/63/3 6704/63/3 6705/39/3
f 6706/50/3 6707/50/3 6708/49/3
f 6709/10/3 6710/10/3 6711/63/3
f 6712/59/2 6713/59/2 6714/3/2
f 6715/52/2 6716/52/2 6717/59/2
f 6718/44/2 6719/44/2 6720/34/2
f 6721/1/2 6722/1/2 6723/2/2
f 6724/30/5 6725/58/5 6726/52/5
f 6727/59/5 6728/3/5 6729/22/5
f 6730/3/5 6731/62/5 6732/5/5
f 6733/22/5 6734/3/5 6735/5/5
f 6736/30/5 6737/52/5 6738/23/5
f 6739/52/5 6740/59/5 6741/23/5
f 6742/22/5 6743/23/5 6744/59/5
f 6745/6/5 6746/6/5 6747/7/5
f 6748/40/39 6749/12/39 6750/29/39
f 6751/31/6 6752/8/6 6753/10/6
f 6754/8/6 6755/14/6 6756/9/6
f 6757/40/6 6758/29/6 6759/39/6
f 6760/29/6 6761/31/6 6762/39/6
f 6763/10/6 6764/63/6 6765/31/6
f 6766/63/6 6767/39/6 6768/31/6
f 6769/46/3 6770/47/3 6771/30/3
f 6772/25/3 6773/24/3 6774/64/3
f 6775/24/3 6776/11/3 6777/64/3
f 6778/46/3 6779/30/3 6780/25/3
f 6781/13/3 6782/45/3 6783/11/3
f 6784/45/3 6785/64/3 6786/11/3
f 6787/64/3 6788/46/3 6789/25/3
f 6790/16/2 6791/4/2 6792/60/2
f 6793/61/2 6794/65/2 6795/26/2
f 6796/65/2 6797/1/2 6798/26/2
f 6799/16/2 6800/60/2 6801/61/2
f 6802/14/2 6803/28/2 6804/1/2
f 6805/28/2 6806/26/2 6807/1/2
f 6808/26/2 6809/16/2 6810/61/2
f 6811/15/6 6812/15/6 6813/16/6
f 6814/17/1 6815/21/1 6816/18/1
f 6817/16/1 6818/26/1 6819/20/1
f 6820/15/1 6821/20/1 6822/21/1
f 6823/22/5 6824/22/5 6825/23/5
f 6826/7/5 6827/7/5 6828/11/5
f 6829/19/1 6830/18/1 6831/24/1
f 6832/8/6 6833/8/6 6834/14/6
f 6835/5/5 6836/5/5 6837/22/5
f 6838/17/6 6839/17/6 6840/15/6
f 6841/18/1 6842/7/1 6843/11/1
f 6844/21/1 6845/6/1 6846/7/1
f 6847/16/2 6848/16/2 6849/4/2
f 6850/20/1 6851/27/1 6852/6/1
f 6853/26/1 6854/28/1 6855/27/1
f 6856/28/1 6857/14/1 6858/8/1
f 6859/6/1 6860/31/1 6861/29/1
f 6862/5/1 6863/15/1 6864/17/1
f 6865/4/1 6866/16/1 6867/15/1
f 6868/23/1 6869/19/1 6870/25/1
f 6871/22/1 6872/17/1 6873/19/1
f 6874/7/1 6875/29/1 6876/12/1
f 6877/27/1 6878/8/1 6879/31/1
f 6880/23/5 6881/23/5 6882/30/5
f 6883/30/3 6884/30/3 6885/25/3
f 6886/31/6 6887/31/6 6888/8/6
f 6889/14/2 6890/14/2 6891/28/2
f 6892/29/6 6893/29/6 6894/31/6
f 6895/25/6 6896/25/6 6897/19/6
f 6898/27/38 6899/27/38 6900/6/38
f 6901/12/6 6902/12/6 6903/29/6
f 6904/4/5 6905/4/5 6906/5/5
f 6907/19/6 6908/19/6 6909/17/6
f 6910/28/5 6911/28/5 6912/27/5
f 6913/11/3 6914/11/3 6915/12/3
f 6916/9/6 6917/9/6 6918/10/6
f 6919/32/4 6920/38/4 6921/33/4
f 6922/35/4 6923/51/4 6924/36/4
f 6925/37/4 6926/36/4 6927/38/4
f 6928/39/6 6929/39/6 6930/40/6
f 6931/41/6 6932/41/6 6933/42/6
f 6934/34/4 6935/33/4 6936/43/4
f 6937/13/3 6938/13/3 6939/45/3
f 6940/34/5 6941/34/5 6942/32/5
f 6943/46/3 6944/46/3 6945/47/3
f 6946/33/4 6947/49/4 6948/48/4
f 6949/38/4 6950/50/4 6951/49/4
f 6952/42/6 6953/42/6 6954/50/6
f 6955/36/4 6956/42/4 6957/50/4
f 6958/51/4 6959/41/4 6960/42/4
f 6961/41/4 6962/62/4 6963/3/4
f 6964/50/4 6965/59/4 6966/52/4
f 6967/53/4 6968/37/4 6969/32/4
f 6970/55/4 6971/35/4 6972/37/4
f 6973/56/4 6974/34/4 6975/44/4
f 6976/54/4 6977/32/4 6978/34/4
f 6979/49/4 6980/52/4 6981/58/4
f 6982/42/4 6983/3/4 6984/59/4
f 6985/32/5 6986/32/5 6987/37/5
f 6988/60/2 6989/60/2 6990/61/2
f 6991/3/5 6992/3/5 6993/62/5
f 6994/49/6 6995/49/6 6996/48/6
f 6997/37/5 6998/37/5 6999/35/5
f 7000/58/5 7001/58/5 7002/52/5
f 7003/63/6 7004/63/6 7005/39/6
f 7006/50/6 7007/50/6 7008/49/6
f 7009/10/6 7010/10/6 7011/63/6
f 7012/59/5 7013/59/5 7014/3/5
f 7015/52/5 7016/52/5 7017/59/5
f 7018/44/5 7019/44/5 7020/34/5
f 7021/1/2 7022/1/2 7023/2/2
f 7024/30/5 7025/58/5 7026/52/5
f 7027/52/5 7028/59/5 7029/22/5
f 7030/59/5 7031/3/5 7032/22/5
f 7033/23/5 7034/30/5 7035/52/5
f 7036/4/40 7037/5/40 7038/3/40
f 7039/5/5 7040/22/5 7041/3/5
f 7042/22/5 7043/23/5 7044/52/5
f 7045/6/5 7046/6/5 7047/7/5
f 7048/40/6 7049/12/6 7050/29/6
f 7051/31/6 7052/8/6 7053/63/6
f 7054/8/6 7055/14/6 7056/10/6
f 7057/63/6 7058/8/6 7059/10/6
f 7060/40/6 7061/29/6 7062/39/6
f 7063/29/6 7064/31/6 7065/39/6
f 7066/63/6 7067/39/6 7068/31/6
f 7069/46/3 7070/47/3 7071/30/3
f 7072/25/3 7073/24/3 7074/64/3
f 7075/24/3 7076/11/3 7077/64/3
f 7078/46/3 7079/30/3 7080/25/3
f 7081/13/3 7082/45/3 7083/11/3
f 7084/45/3 7085/64/3 7086/11/3
f 7087/64/3 7088/46/3 7089/25/3
f 7090/16/2 7091/4/2 7092/60/2
f 7093/61/2 7094/65/2 7095/26/2
f 7096/65/2 7097/1/2 7098/26/2
f 7099/16/2 7100/60/2 7101/61/2
f 7102/14/2 7103/28/2 7104/1/2
f 7105/28/2 7106/26/2 7107/1/2
f 7108/26/2 7109/16/2 7110/61/2
f 7111/15/6 7112/15/6 7113/16/6
f 7114/17/1 7115/21/1 7116/18/1
f 7117/16/1 7118/26/1 7119/20/1
f 7120/15/1 7121/20/1 7122/21/1
f 7123/22/5 7124/22/5 7125/23/5
f 7126/7/5 7127/7/5 7128/11/5
f 7129/19/1 7130/18/1 7131/24/1
f 7132/8/6 7133/8/6 7134/14/6
f 7135/5/5 7136/5/5 7137/22/5
f 7138/17/6 7139/17/6 7140/15/6
f 7141/18/1 7142/7/1 7143/11/1
f 7144/21/1 7145/6/1 7146/7/1
f 7147/16/2 7148/16/2 7149/4/2
f 7150/20/1 7151/27/1 7152/6/1
f 7153/26/1 7154/28/1 7155/27/1
f 7156/28/1 7157/14/1 7158/8/1
f 7159/6/1 7160/31/1 7161/29/1
f 7162/5/1 7163/15/1 7164/17/1
f 7165/4/1 7166/16/1 7167/15/1
f 7168/23/1 7169/19/1 7170/25/1
f 7171/22/1 7172/17/1 7173/19/1
f 7174/7/1 7175/29/1 7176/12/1
f 7177/27/1 7178/8/1 7179/31/1
f 7180/23/5 7181/23/5 7182/30/5
f 7183/30/3 7184/30/3 7185/25/3
f 7186/31/6 7187/31/6 7188/8/6
f 7189/14/2 7190/14/2 7191/28/2
f 7192/29/6 7193/29/6 7194/31/6
f 7195/25/6 7196/25/6 7197/19/6
f 7198/27/5 7199/27/5 7200/6/5
f 7201/12/6 7202/12/6 7203/29/6
f 7204/4/5 7205/4/5 7206/5/5
f 7207/19/6 7208/19/6 7209/17/6
f 7210/28/5 7211/28/5 7212/27/5
f 7213/11/3 7214/11/3 7215/12/3
f 7216/9/6 7217/9/6 7218/10/6
f 7219/32/4 7220/38/4 7221/33/4
f 7222/35/4 7223/51/4 7224/36/4
f 7225/37/4 7226/36/4 7227/38/4
f 7228/39/6 7229/39/6 7230/40/6
f 7231/41/6 7232/41/6 7233/42/6
f 7234/34/4 7235/33/4 7236/43/4
f 7237/13/3 7238/13/3 7239/45/3
f 7240/34/41 7241/34/41 7242/32/41
f 7243/46/3 7244/46/3 7245/47/3
f 7246/33/4 7247/49/4 7248/48/4
f 7249/38/4 7250/50/4 7251/49/4
f 7252/42/6 7253/42/6 7254/50/6
f 7255/36/4 7256/42/4 7257/50/4
f 7258/51/4 7259/41/4 7260/42/4
f 7261/41/4 7262/62/4 7263/3/4
f 7264/50/4 7265/59/4 7266/52/4
f 7267/53/4 7268/37/4 7269/32/4
f 7270/55/4 7271/35/4 7272/37/4
f 7273/56/4 7274/34/4 7275/44/4
f 7276/54/4 7277/32/4 7278/34/4
f 7279/49/4 7280/52/4 7281/58/4
f 7282/42/4 7283/3/4 7284/59/4
f 7285/32/5 7286/32/5 7287/37/5
f 7288/60/2 7289/60/2 7290/61/2
f 7291/3/5 7292/3/5 7293/62/5
f 7294/49/6 7295/49/6 7296/48/6
f 7297/37/5 7298/37/5 7299/35/5
f 7300/58/5 7301/58/5 7302/52/5
f 7303/63/42 7304/63/42 7305/39/42
f 7306/50/32 7307/50/32 7308/49/32
f 7309/10/6 7310/10/6 7311/63/6
f 7312/59/5 7313/59/5 7314/3/5
f 7315/52/5 7316/52/5 7317/59/5
f 7318/44/5 7319/44/5 7320/34/5
f 7321/1/1 7322/1/1 7323/2/1
f 7324/30/2 7325/58/2 7326/52/2
f 7327/59/2 7328/3/2 7329/5/2
f 7330/3/2 7331/62/2 7332/4/2
f 7333/30/2 7334/52/2 7335/23/2
f 7336/52/2 7337/59/2 7338/23/2
f 7339/5/2 7340/22/2 7341/59/2
f 7342/22/2 7343/23/2 7344/59/2
f 7345/6/2 7346/6/2 7347/7/2
f 7348/40/3 7349/12/3 7350/29/3
f 7351/31/3 7352/8/3 7353/10/3
f 7354/8/3 7355/14/3 7356/9/3
f 7357/40/3 7358/29/3 7359/39/3
f 7360/29/3 7361/31/3 7362/39/3
f 7363/10/3 7364/63/3 7365/31/3
f 7366/63/3 7367/39/3 7368/31/3
f 7369/46/4 7370/47/4 7371/30/4
f 7372/25/4 7373/24/4 7374/64/4
f 7375/24/4 7376/11/4 7377/64/4
f 7378/46/4 7379/30/4 7380/25/4
f 7381/13/4 7382/45/4 7383/11/4
f 7384/45/4 7385/64/4 7386/11/4
f 7387/64/4 7388/46/4 7389/25/4
f 7390/16/1 7391/4/1 7392/60/1
f 7393/61/1 7394/65/1 7395/26/1
f 7396/65/1 7397/1/1 7398/26/1
f 7399/16/1 7400/60/1 7401/61/1
f 7402/14/1 7403/28/1 7404/1/1
f 7405/28/1 7406/26/1 7407/1/1
f 7408/26/1 7409/16/1 7410/61/1
f 7411/15/3 7412/15/3 7413/16/3
f 7414/17/5 7415/21/5 7416/18/5
f 7417/16/5 7418/26/5 7419/20/5
f 7420/15/5 7421/20/5 7422/21/5
f 7423/22/2 7424/22/2 7425/23/2
f 7426/7/2 7427/7/2 7428/11/2
f 7429/19/5 7430/18/5 7431/24/5
f 7432/8/3 7433/8/3 7434/14/3
f 7435/5/2 7436/5/2 7437/22/2
f 7438/17/3 7439/17/3 7440/15/3
f 7441/18/5 7442/7/5 7443/11/5
f 7444/21/5 7445/6/5 7446/7/5
f 7447/16/1 7448/16/1 7449/4/1
f 7450/20/5 7451/27/5 7452/6/5
f 7453/26/5 7454/28/5 7455/27/5
f 7456/28/5 7457/14/5 7458/8/5
f 7459/6/5 7460/31/5 7461/29/5
f 7462/5/5 7463/15/5 7464/17/5
f 7465/4/5 7466/16/5 7467/15/5
f 7468/23/5 7469/19/5 7470/25/5
f 7471/22/5 7472/17/5 7473/19/5
f 7474/7/5 7475/29/5 7476/12/5
f 7477/27/5 7478/8/5 7479/31/5
f 7480/23/2 7481/23/2 7482/30/2
f 7483/30/4 7484/30/4 7485/25/4
f 7486/31/3 7487/31/3 7488/8/3
f 7489/14/1 7490/14/1 7491/28/1
f 7492/29/3 7493/29/3 7494/31/3
f 7495/25/3 7496/25/3 7497/19/3
f 7498/27/2 7499/27/2 7500/6/2
f 7501/12/3 7502/12/3 7503/29/3
f 7504/4/2 7505/4/2 7506/5/2
f 7507/19/3 7508/19/3 7509/17/3
f 7510/28/2 7511/28/2 7512/27/2
f 7513/11/4 7514/11/4 7515/12/4
f 7516/9/3 7517/9/3 7518/10/3
f 7519/32/6 7520/38/6 7521/33/6
f 7522/35/6 7523/51/6 7524/36/6
f 7525/37/6 7526/36/6 7527/38/6
f 7528/39/3 7529/39/3 7530/40/3
f 7531/41/3 7532/41/3 7533/42/3
f 7534/34/6 7535/33/6 7536/43/6
f 7537/13/4 7538/13/4 7539/45/4
f 7540/34/2 7541/34/2 7542/32/2
f 7543/46/4 7544/46/4 7545/47/4
f 7546/33/6 7547/49/6 7548/48/6
f 7549/38/6 7550/50/6 7551/49/6
f 7552/42/3 7553/42/3 7554/50/3
f 7555/36/6 7556/42/6 7557/50/6
f 7558/51/6 7559/41/6 7560/42/6
f 7561/41/6 7562/62/6 7563/3/6
f 7564/50/6 7565/59/6 7566/52/6
f 7567/53/6 7568/37/6 7569/32/6
f 7570/55/6 7571/35/6 7572/37/6
f 7573/56/6 7574/34/6 7575/44/6
f 7576/54/6 7577/32/6 7578/34/6
f 7579/49/6 7580/52/6 7581/58/6
f 7582/42/6 7583/3/6 7584/59/6
f 7585/32/2 7586/32/2 7587/37/2
f 7588/60/1 7589/60/1 7590/61/1
f 7591/3/2 7592/3/2 7593/62/2
f 7594/49/3 7595/49/3 7596/48/3
f 7597/37/2 7598/37/2 7599/35/2
f 7600/58/2 7601/58/2 7602/52/2
f 7603/63/3 7604/63/3 7605/39/3
f 7606/50/3 7607/50/3 7608/49/3
f 7609/10/3 7610/10/3 7611/63/3
f 7612/59/2 7613/59/2 7614/3/2
f 7615/52/2 7616/52/2 7617/59/2
f 7618/44/2 7619/44/2 7620/34/2
f 7621/1/2 7622/1/2 7623/2/2
f 7624/30/5 7625/58/5 7626/52/5
f 7627/59/5 7628/3/5 7629/22/5
f 7630/3/5 7631/62/5 7632/5/5
f 7633/22/5 7634/3/5 7635/5/5
f 7636/30/5 7637/52/5 7638/23/5
f 7639/52/5 7640/59/5 7641/23/5
f 7642/22/5 7643/23/5 7644/59/5
f 7645/6/5 7646/6/5 7647/7/5
f 7648/40/43 7649/12/43 7650/29/43
f 7651/31/6 7652/8/6 7653/10/6
f 7654/8/6 7655/14/6 7656/9/6
f 7657/40/6 7658/29/6 7659/39/6
f 7660/29/6 7661/31/6 7662/39/6
f 7663/10/6 7664/63/6 7665/31/6
f 7666/63/6 7667/39/6 7668/31/6
f 7669/46/3 7670/47/3 7671/30/3
f 7672/25/3 7673/24/3 7674/64/3
f 7675/24/3 7676/11/3 7677/64/3
f 7678/46/3 7679/30/3 7680/25/3
f 7681/13/3 7682/45/3 7683/11/3
f 7684/45/3 7685/64/3 7686/11/3
f 7687/64/3 7688/46/3 7689/25/3
f 7690/16/2 7691/4/2 7692/60/2
f 7693/61/2 7694/65/2 7695/26/2
f 7696/65/2 7697/1/2 7698/26/2
f 7699/16/2 7700/60/2 7701/61/2
f 7702/14/2 7703/28/2 7704/1/2
f 7705/28/2 7706/26/2 7707/1/2
f 7708/26/2 7709/16/2 7710/61/2
f 7711/15/6 7712/15/6 7713/16/6
f 7714/17/1 7715/21/1 7716/18/1
f 7717/16/1 7718/26/1 7719/20/1
f 7720/15/1 7721/20/1 7722/21/1
f 7723/22/5 7724/22/5 7725/23/5
f 7726/7/5 7727/7/5 7728/11/5
f 7729/19/1 7730/18/1 7731/24/1
f 7732/8/6 7733/8/6 7734/14/6
f 7735/5/5 7736/5/5 7737/22/5
f 7738/17/36 7739/17/36 7740/15/36
f 7741/18/1 7742/7/1 7743/11/1
f 7744/21/1 7745/6/1 7746/7/1
f 7747/16/2 7748/16/2 7749/4/2
f 7750/20/1 7751/27/1 7752/6/1
f 7753/26/1 7754/28/1 7755/27/1
f 7756/28/1 7757/14/1 7758/8/1
f 7759/6/1 7760/31/1 7761/29/1
f 7762/5/1 7763/15/1 7764/17/1
f 7765/4/1 7766/16/1 7767/15/1
f 7768/23/1 7769/19/1 7770/25/1
f 7771/22/1 7772/17/1 7773/19/1
f 7774/7/1 7775/29/1 7776/12/1
f 7777/27/1 7778/8/1 7779/31/1
f 7780/23/5 7781/23/5 7782/30/5
f 7783/30/3 7784/30/3 7785/25/3
f 7786/31/10 7787/31/10 7788/8/10
f 7789/14/2 7790/14/2 7791/28/2
f 7792/29/6 7793/29/6 7794/31/6
f 7795/25/6 7796/25/6 7797/19/6
f 7798/27/44 7799/27/44 7800/6/44
f 7801/12/6 7802/12/6 7803/29/6
f 7804/4/5 7805/4/5 7806/5/5
f 7807/19/6 7808/19/6 7809/17/6
f 7810/28/5 7811/28/5 7812/27/5
f 7813/11/3 7814/11/3 7815/12/3
f 7816/9/6 7817/9/6 7818/10/6
f 7819/32/4 7820/38/4 7821/33/4
f 7822/35/4 7823/51/4 7824/36/4
f 7825/37/4 7826/36/4 7827/38/4
f 7828/39/6 7829/39/6 7830/40/6
f 7831/41/6 7832/41/6 7833/42/6
f 7834/34/4 7835/33/4 7836/43/4
f 7837/13/3 7838/13/3 7839/45/3
f 7840/34/5 7841/34/5 7842/32/5
f 7843/46/3 7844/46/3 7845/47/3
f 7846/33/4 7847/49/4 7848/48/4
f 7849/38/4 7850/50/4 7851/49/4
f 7852/42/6 7853/42/6 7854/50/6
f 7855/36/4 7856/42/4 7857/50/4
f 7858/51/4 7859/41/4 7860/42/4
f 7861/41/4 7862/62/4 7863/3/4
f 7864/50/4 7865/59/4 7866/52/4
f 7867/53/4 7868/37/4 7869/32/4
f 7870/55/4 7871/35/4 7872/37/4
f 7873/56/4 7874/34/4 7875/44/4
f 7876/54/4 7877/32/4 7878/34/4
f 7879/49/4 7880/52/4 7881/58/4
f 7882/42/4 7883/3/4 7884/59/4
f 7885/32/5 7886/32/5 7887/37/5
f 7888/60/2 7889/60/2 7890/61/2
f 7891/3/5 7892/3/5 7893/62/5
f 7894/49/6 7895/49/6 7896/48/6
f 7897/37/13 7898/37/13 7899/35/13
f 7900/58/5 7901/58/5 7902/52/5
f 7903/63/6 7904/63/6 7905/39/6
f 7906/50/6 7907/50/6 7908/49/6
f 7909/10/6 7910/10/6 7911/63/6
f 7912/59/5 7913/59/5 7914/3/5
f 7915/52/5 7916/52/5 7917/59/5
f 7918/44/5 7919/44/5 7920/34/5
